# Time-averaged data for fix eint_out
# TimeStep c_eint_total c_eint_water c_eint_pair
5009000 -3008.31 -4599.63 -1200.85
5010000 -2999.61 -4549.84 -1210.3
5011000 -3012.34 -4555.66 -1191.49
5012000 -3012.06 -4511.36 -1185.99
5013000 -2992.24 -4507.79 -1172.65
5014000 -2992.96 -4580.47 -1182.57
5015000 -2951.69 -4675.69 -1173.11
5016000 -2982.83 -4647.23 -1187.25
5017000 -3014.17 -4558.33 -1197.44
5018000 -2997.01 -4532.49 -1194.5
5019000 -2938.44 -4537.69 -1181
5020000 -2939.13 -4601.54 -1169.73
5021000 -2899.25 -4642.2 -1171.78
5022000 -2866.49 -4687.98 -1149.24
5023000 -2888.93 -4694.26 -1135.93
5024000 -2916.43 -4593.28 -1149.26
5025000 -2915.63 -4675.78 -1152.04
5026000 -2881.82 -4703.01 -1136.1
5027000 -2879.86 -4692.6 -1149.62
5028000 -2897.25 -4658.11 -1138
5029000 -2885.15 -4714.17 -1119.72
5030000 -2879.05 -4638.97 -1126.18
5031000 -2943.88 -4613.88 -1133.73
5032000 -2915.93 -4638.22 -1130.6
5033000 -2843.44 -4713.15 -1124.18
5034000 -2876.89 -4639.77 -1117.32
5035000 -2806.53 -4744.18 -1090.12
5036000 -2819.16 -4745.88 -1099.69
5037000 -2858.77 -4712.21 -1096.34
5038000 -2855.56 -4699.57 -1091.91
5039000 -2873.13 -4704.49 -1111.81
5040000 -2806.57 -4752.88 -1112.32
5041000 -2836.31 -4729.36 -1120.41
5042000 -2865.12 -4700.9 -1132.08
5043000 -2877.56 -4676.12 -1132.39
5044000 -2891.07 -4652.57 -1129.26
5045000 -2884.46 -4654.71 -1138.74
5046000 -2900.45 -4630.43 -1149.67
5047000 -2910.1 -4652.88 -1145.88
5048000 -2903.14 -4660.17 -1155
5049000 -2938.38 -4635.57 -1155.13
5050000 -2917.18 -4719.75 -1132.93
5051000 -2943.13 -4702.71 -1135.41
5052000 -2911.26 -4723.49 -1132.47
5053000 -2897.93 -4731.2 -1121.76
5054000 -2939.31 -4713.46 -1128.6
5055000 -2908.71 -4696.67 -1129.03
5056000 -2955.67 -4636.25 -1147.62
5057000 -2904.27 -4711.78 -1116.33
5058000 -2908.19 -4710.39 -1118.17
5059000 -2916.28 -4699.23 -1127.72
5060000 -2911.39 -4659.42 -1136.42
5061000 -2856.4 -4735.47 -1121.63
5062000 -2869.16 -4685.23 -1125.15
5063000 -2882.48 -4683.24 -1127.22
5064000 -2848.17 -4782.39 -1122.91
5065000 -2834.48 -4717.13 -1122.23
5066000 -2860.26 -4744.91 -1128.2
5067000 -2913.86 -4648.99 -1140.4
5068000 -2903.24 -4651.94 -1148.13
5069000 -2922.95 -4607.14 -1163.79
5070000 -2937.9 -4625.09 -1166.32
5071000 -2970.7 -4611.81 -1188.62
5072000 -2936.03 -4650.31 -1164.63
5073000 -2937.3 -4608.72 -1162.33
5074000 -2889.27 -4657.2 -1152
5075000 -2904.2 -4654.99 -1142.35
5076000 -2895.29 -4627.42 -1141.04
5077000 -2891.93 -4610.55 -1140.97
5078000 -2940.56 -4568.29 -1148.47
5079000 -2931.88 -4559.29 -1152.05
5080000 -2883.93 -4607.21 -1137.4
5081000 -2904.24 -4640.16 -1149.05
5082000 -2970.75 -4597.2 -1169.22
5083000 -2915.56 -4615.85 -1146.11
5084000 -2870.68 -4647.5 -1132.03
5085000 -2880.32 -4598.33 -1132.65
5086000 -2890.61 -4584.36 -1141.4
5087000 -2895.47 -4565.6 -1130.3
5088000 -2932.43 -4556.98 -1145.97
5089000 -2931.98 -4545.46 -1154.41
5090000 -2925.25 -4550.34 -1151.8
5091000 -2892.29 -4610.3 -1133.63
5092000 -2934.72 -4565.16 -1126.81
5093000 -2956.33 -4576.18 -1136.65
5094000 -2975.47 -4536.13 -1151.74
5095000 -3002.89 -4512.37 -1170.91
5096000 -3002.47 -4555.47 -1162.85
5097000 -2960.07 -4633.31 -1148.59
5098000 -2928 -4684.9 -1142.46
5099000 -2942.71 -4591.41 -1138.01
5100000 -2943.79 -4602.6 -1146.35
5101000 -2888.33 -4683.58 -1124.84
5102000 -2890.89 -4665.73 -1132.74
5103000 -2899.3 -4580.38 -1142.29
5104000 -2894.87 -4576.07 -1133.04
5105000 -2901.54 -4577.98 -1142.31
5106000 -2929.46 -4586.67 -1145.53
5107000 -2951.92 -4615.94 -1147.05
5108000 -2943.08 -4538.96 -1140.72
5109000 -2897.01 -4587.82 -1128.51
5110000 -2886.73 -4671.84 -1126.78
5111000 -2940.61 -4531.62 -1149.85
5112000 -2948.31 -4594.06 -1150.93
5113000 -2943.89 -4516.06 -1144.3
5114000 -2939.86 -4566.91 -1163.21
5115000 -2921.05 -4559.81 -1148.92
5116000 -2900.48 -4546.16 -1144.28
5117000 -2938.42 -4528.31 -1138.62
5118000 -2999.91 -4542.98 -1141.71
5119000 -3015.76 -4527.26 -1153.29
5120000 -2961.85 -4602.56 -1134.96
5121000 -2991.16 -4561.9 -1160.26
5122000 -3011.3 -4575.91 -1157.9
5123000 -2946.19 -4574.35 -1146.89
5124000 -3007.4 -4545.04 -1158.09
5125000 -2991.81 -4530.65 -1158.24
5126000 -2973.58 -4502.52 -1163.63
5127000 -2948.71 -4488.2 -1145.55
5128000 -2956.31 -4458.4 -1160.83
5129000 -2970.4 -4428.94 -1154.4
5130000 -2894.62 -4573.39 -1128.78
5131000 -2936.59 -4493.35 -1137.05
5132000 -2967.51 -4518.15 -1132.14
5133000 -2956.53 -4508.16 -1131.22
5134000 -2971.38 -4534.98 -1133
5135000 -2926.14 -4545.39 -1126.67
5136000 -2951.07 -4501.07 -1133.9
5137000 -2963.52 -4552.08 -1125.81
5138000 -2946.99 -4519.17 -1132.4
5139000 -2887.6 -4536.4 -1126.21
5140000 -2909.82 -4517.01 -1128.1
5141000 -2913.33 -4512.03 -1129.87
5142000 -2921.03 -4491.49 -1117.07
5143000 -2920.91 -4542.64 -1121.86
5144000 -2953.97 -4544.35 -1129.89
5145000 -2984.08 -4502.54 -1145.5
5146000 -2922.92 -4532.24 -1126.85
5147000 -2929.12 -4515.87 -1136.09
5148000 -2918.74 -4534.22 -1113.95
5149000 -2923.15 -4481.03 -1123.29
5150000 -2950.75 -4485.06 -1126.73
5151000 -2934.19 -4501.4 -1118.3
5152000 -2951.18 -4479.62 -1125.57
5153000 -2943.82 -4473.46 -1118.58
5154000 -2947.18 -4473.86 -1132.94
5155000 -2916.64 -4558.63 -1111.61
5156000 -2931.92 -4492.41 -1121.05
5157000 -2921.43 -4513.37 -1115.42
5158000 -2921.56 -4501 -1106.57
5159000 -2931.6 -4537.2 -1132.02
5160000 -2930.77 -4511.46 -1121.18
5161000 -2913.4 -4571.15 -1109.41
5162000 -2863.46 -4649.09 -1094.11
5163000 -2876.36 -4597.97 -1118.12
5164000 -2893.94 -4611.95 -1125.64
5165000 -2897.19 -4595.83 -1127.86
5166000 -2895.96 -4567.02 -1118.6
5167000 -2841.68 -4547.97 -1108.4
5168000 -2875.87 -4508.41 -1119.34
5169000 -2899.28 -4528.91 -1117.83
5170000 -2916.17 -4549.76 -1117.54
5171000 -2885.01 -4595.6 -1112.25
5172000 -2914.51 -4518.45 -1120.45
5173000 -2873.63 -4502.14 -1113.34
5174000 -2867.75 -4559.91 -1102.51
5175000 -2818.03 -4576.7 -1089.7
5176000 -2811.92 -4502.39 -1096.11
5177000 -2814.67 -4544.34 -1100.6
5178000 -2809.06 -4565.72 -1089.17
5179000 -2910.27 -4476.54 -1124.56
5180000 -2861.63 -4519.38 -1107.89
5181000 -2871.82 -4424.36 -1112.51
5182000 -2920.11 -4413.19 -1124.11
5183000 -2866.37 -4488.39 -1104.16
5184000 -2834.47 -4536.98 -1103.82
5185000 -2833.75 -4549.49 -1107.84
5186000 -2817.65 -4621.52 -1095.94
5187000 -2852.99 -4577.9 -1102.49
5188000 -2851.83 -4540.38 -1108.36
5189000 -2852.75 -4511.67 -1111.3
5190000 -2837.41 -4541.95 -1124.05
5191000 -2878.09 -4531.83 -1122.28
5192000 -2862.81 -4529.67 -1111.83
5193000 -2895.48 -4518.29 -1128.04
5194000 -2848.53 -4547.87 -1125.48
5195000 -2847.9 -4521.45 -1127.96
5196000 -2892.79 -4446.8 -1143.33
5197000 -2856.62 -4516.82 -1123.28
5198000 -2870.93 -4480.97 -1138.55
5199000 -2879.21 -4432.56 -1128.55
5200000 -2920.87 -4421.31 -1143.71
5201000 -2897.97 -4532.21 -1139.06
5202000 -2864 -4605.66 -1116.44
5203000 -2884.33 -4470.25 -1125.72
5204000 -2849.86 -4469.66 -1121.47
5205000 -2868.99 -4448.61 -1123.44
5206000 -2828.17 -4469.26 -1122.82
5207000 -2849 -4465.94 -1133.25
5208000 -2923.09 -4437.94 -1160.7
5209000 -2910.67 -4491.72 -1156.44
5210000 -2885.29 -4462 -1129.65
5211000 -2909.98 -4488.79 -1154.18
5212000 -2838.95 -4533.53 -1122.84
5213000 -2827.23 -4575.93 -1115.04
5214000 -2822.55 -4613.3 -1120.3
5215000 -2830.47 -4533.48 -1128.8
5216000 -2831.87 -4536.11 -1115.5
5217000 -2836.96 -4525.18 -1111.5
5218000 -2875.65 -4473.22 -1132.04
5219000 -2841.39 -4496.72 -1124.6
5220000 -2890.84 -4460.07 -1130.63
5221000 -2889.87 -4491.75 -1125.08
5222000 -2840.05 -4549.35 -1108.96
5223000 -2859.45 -4581.78 -1117.78
5224000 -2817.15 -4610.99 -1106.35
5225000 -2875.04 -4545.72 -1122.78
5226000 -2866.06 -4493.73 -1120.91
5227000 -2891.5 -4481.96 -1134.88
5228000 -2894.92 -4503.15 -1142.65
5229000 -2871.38 -4528.64 -1134.03
5230000 -2857.32 -4516.62 -1122.19
5231000 -2866.92 -4490.69 -1123.12
5232000 -2852.18 -4491.01 -1134.31
5233000 -2887.91 -4460.11 -1142.74
5234000 -2848.48 -4504.14 -1136.1
5235000 -2867.09 -4480.97 -1123.22
5236000 -2859.82 -4539.74 -1117.31
5237000 -2814.36 -4595.54 -1101.39
5238000 -2828.19 -4574.35 -1098.1
5239000 -2853.4 -4541.08 -1125.55
5240000 -2847.23 -4546.43 -1117.15
5241000 -2804.75 -4590.68 -1104.58
5242000 -2798.82 -4594.85 -1108.48
5243000 -2778.42 -4590.69 -1082.02
5244000 -2806.57 -4569.96 -1101.13
5245000 -2838.06 -4538.31 -1121.33
5246000 -2833.66 -4513.93 -1117.81
5247000 -2816.23 -4556.97 -1118.95
5248000 -2787.8 -4573.32 -1103.06
5249000 -2788.67 -4588.63 -1103.42
5250000 -2778.38 -4664.92 -1094.57
5251000 -2789.55 -4657.27 -1102.48
5252000 -2831.29 -4608.15 -1097.19
5253000 -2837.81 -4647.91 -1103.03
5254000 -2787.38 -4675.45 -1091.52
5255000 -2852.01 -4576.61 -1103.25
5256000 -2895.18 -4546.12 -1107.42
5257000 -2854.72 -4575.7 -1095.69
5258000 -2821.73 -4557.65 -1082.63
5259000 -2858.12 -4462.98 -1089.26
5260000 -2820.06 -4553.09 -1086.33
5261000 -2773.68 -4652.79 -1084.49
5262000 -2761.52 -4605.56 -1075.16
5263000 -2807.23 -4562.13 -1076.74
5264000 -2820.14 -4538.08 -1091.12
5265000 -2748.32 -4563.43 -1062.48
5266000 -2739.37 -4625.78 -1076.53
5267000 -2727.29 -4637.94 -1072.36
5268000 -2783.32 -4603.93 -1095.63
5269000 -2774.56 -4612 -1088.84
5270000 -2720.44 -4675.44 -1069.13
5271000 -2764.95 -4604.95 -1080.57
5272000 -2764.51 -4588.52 -1076.26
5273000 -2823.83 -4607.81 -1095.66
5274000 -2787.72 -4620.22 -1088.35
5275000 -2778.28 -4597.72 -1080.65
5276000 -2725.78 -4564.99 -1082.31
5277000 -2707.41 -4590.97 -1060.26
5278000 -2700.39 -4626.06 -1063.3
5279000 -2687.51 -4729.57 -1060.76
5280000 -2739.37 -4670.52 -1083.51
5281000 -2756.92 -4627.43 -1078.64
5282000 -2778.08 -4618.33 -1093.18
5283000 -2774.97 -4662.93 -1093.74
5284000 -2792.31 -4654.45 -1092.28
5285000 -2724.38 -4707.77 -1089.86
5286000 -2717.53 -4690.5 -1084.9
5287000 -2749.31 -4658.55 -1084.45
5288000 -2774.44 -4656.05 -1075.1
5289000 -2754.71 -4595.43 -1083.13
5290000 -2744.31 -4620.98 -1076.06
5291000 -2755.37 -4645.41 -1096.17
5292000 -2732.52 -4559.58 -1081.06
5293000 -2745.98 -4576.72 -1084.66
5294000 -2744.06 -4650.52 -1073.9
5295000 -2820.91 -4561.3 -1092.97
5296000 -2764.21 -4617.2 -1080.03
5297000 -2799.42 -4621.48 -1091.11
5298000 -2795.44 -4658.68 -1104.37
5299000 -2736.14 -4621.3 -1088.39
5300000 -2776.18 -4564.23 -1087.61
5301000 -2759.25 -4579.02 -1070.31
5302000 -2792.21 -4545.2 -1077.05
5303000 -2767.53 -4537.54 -1072.28
5304000 -2729.47 -4560.86 -1068.53
5305000 -2743.29 -4583.16 -1082.44
5306000 -2747.82 -4597.26 -1074.58
5307000 -2778.85 -4518.32 -1083.94
5308000 -2762.93 -4537.11 -1085.08
5309000 -2751.48 -4591.71 -1067.38
5310000 -2718.46 -4640.9 -1070.88
5311000 -2722.59 -4606.03 -1068.96
5312000 -2701.79 -4630.03 -1048.94
5313000 -2709.96 -4621.5 -1051.75
5314000 -2737.7 -4701 -1072
5315000 -2716.97 -4699.39 -1086.13
5316000 -2722.27 -4654.97 -1082.68
5317000 -2705.14 -4696.55 -1066.19
5318000 -2729.6 -4684.78 -1066.17
5319000 -2769.37 -4600.38 -1064.16
5320000 -2777.26 -4684.38 -1076.13
5321000 -2748.41 -4679.88 -1068.27
5322000 -2755.56 -4694.64 -1076.29
5323000 -2785.57 -4608.78 -1093.24
5324000 -2748.43 -4633.93 -1073.24
5325000 -2725.07 -4666.85 -1066.39
5326000 -2707.65 -4710.45 -1063.3
5327000 -2718.97 -4669.46 -1071.19
5328000 -2713.95 -4702.6 -1052.91
5329000 -2761.68 -4711.61 -1070.24
5330000 -2745.06 -4780.69 -1064.95
5331000 -2797.07 -4701.98 -1083.91
5332000 -2769.97 -4662.44 -1089.49
5333000 -2783.84 -4641.79 -1087.16
5334000 -2777.04 -4675.55 -1099.01
5335000 -2790.06 -4660.91 -1104
5336000 -2785.95 -4636.81 -1097.24
5337000 -2776.1 -4626.48 -1096.56
5338000 -2749.29 -4604.4 -1084.56
5339000 -2760.37 -4587.57 -1091.24
5340000 -2783.79 -4522.02 -1093.46
5341000 -2780.84 -4547.5 -1080.35
5342000 -2796.93 -4554.7 -1095.07
5343000 -2837.83 -4525.32 -1101.97
5344000 -2827.97 -4575.16 -1102
5345000 -2787.53 -4586.05 -1078.98
5346000 -2810.36 -4609.94 -1084.78
5347000 -2775 -4623.45 -1078.9
5348000 -2769.22 -4661.81 -1081.39
5349000 -2715.58 -4750.27 -1076.94
5350000 -2732.72 -4681.31 -1079.56
5351000 -2751.09 -4633.84 -1076.77
5352000 -2756.93 -4596.69 -1087.3
5353000 -2779.54 -4518.14 -1090.33
5354000 -2777.48 -4567.77 -1100.62
5355000 -2776.03 -4600.23 -1102.92
5356000 -2755.75 -4588.07 -1092.79
5357000 -2746.29 -4590.93 -1080.82
5358000 -2747.99 -4571.28 -1091.57
5359000 -2767.6 -4471.53 -1103.87
5360000 -2746.79 -4534.72 -1096.46
5361000 -2721.65 -4555.5 -1091.84
5362000 -2823.18 -4491.62 -1101.11
5363000 -2811.09 -4505.03 -1088.39
5364000 -2852.85 -4436.77 -1103.28
5365000 -2885.44 -4420.4 -1129.21
5366000 -2855.71 -4440.39 -1121.05
5367000 -2870.81 -4492.88 -1109
5368000 -2907.22 -4529.21 -1135.04
5369000 -2888.68 -4576.13 -1133.25
5370000 -2835.08 -4637.51 -1111.53
5371000 -2835.6 -4614.94 -1124.39
5372000 -2867.84 -4539.56 -1141.21
5373000 -2848.94 -4624.92 -1149.84
5374000 -2804.49 -4684.51 -1110.32
5375000 -2868.96 -4637.35 -1119.61
5376000 -2807.06 -4686.63 -1107.68
5377000 -2785.48 -4684.63 -1110.17
5378000 -2832.06 -4699.95 -1116.85
5379000 -2837.11 -4671.41 -1130.28
5380000 -2841.46 -4577.55 -1143.46
5381000 -2870.56 -4537.45 -1135.12
5382000 -2851.93 -4503.11 -1132.58
5383000 -2829.97 -4546.78 -1124.65
5384000 -2774.26 -4544.66 -1105.17
5385000 -2793.83 -4550.11 -1100.65
5386000 -2777.48 -4568.05 -1107.57
5387000 -2764.76 -4583.66 -1098.42
5388000 -2814.75 -4604.13 -1113.68
5389000 -2811.59 -4652.9 -1099.77
5390000 -2806.22 -4577.7 -1107.59
5391000 -2790.74 -4603.3 -1111.83
5392000 -2777 -4673.61 -1103.9
5393000 -2747.77 -4649.76 -1077.33
5394000 -2766.06 -4582.14 -1093.88
5395000 -2749.81 -4568.25 -1099.03
5396000 -2749.05 -4583.33 -1102.85
5397000 -2761.3 -4496.66 -1112.05
5398000 -2758.75 -4501.89 -1113.09
5399000 -2768.1 -4528.79 -1088.85
5400000 -2772.99 -4561.7 -1085.45
5401000 -2724.45 -4577.68 -1079.5
5402000 -2828.12 -4553.29 -1105.55
5403000 -2812.19 -4562.85 -1116
5404000 -2799.23 -4602.39 -1122.61
5405000 -2814.92 -4644.36 -1111.55
5406000 -2844.74 -4669.17 -1117.21
5407000 -2833.05 -4642.25 -1105.51
5408000 -2796.84 -4615.89 -1095.78
5409000 -2775.61 -4670.04 -1095.1
5410000 -2775.31 -4665.64 -1096.2
5411000 -2791.02 -4656.31 -1090.18
5412000 -2797.63 -4658.43 -1097.95
5413000 -2815.84 -4653.25 -1107.31
5414000 -2828.45 -4645.57 -1112.27
5415000 -2809.31 -4618.08 -1116.63
5416000 -2817.17 -4678.65 -1114.54
5417000 -2797.67 -4720.09 -1115.62
5418000 -2783.73 -4726.22 -1119.31
5419000 -2804.06 -4701.81 -1123.4
5420000 -2844.38 -4611.82 -1119.12
5421000 -2879.02 -4576.45 -1129.96
5422000 -2869.01 -4564.27 -1132.42
5423000 -2869.72 -4556.35 -1135.45
5424000 -2850.8 -4551.41 -1132.53
5425000 -2861.09 -4589.93 -1142.4
5426000 -2894.2 -4584.75 -1158.89
5427000 -2926.83 -4536.12 -1172.75
5428000 -2904.37 -4537.66 -1147.34
5429000 -2890.59 -4588.59 -1137.42
5430000 -2866.51 -4586.25 -1148.57
5431000 -2845.03 -4636.73 -1131.7
5432000 -2835.53 -4640.73 -1120.1
5433000 -2855.53 -4615.62 -1129.12
5434000 -2883.05 -4587.77 -1143.22
5435000 -2860.69 -4705.75 -1138.13
5436000 -2851.48 -4682.39 -1125.3
5437000 -2873.7 -4603.62 -1131.18
5438000 -2860.68 -4653.73 -1125.44
5439000 -2843.3 -4683.98 -1108.5
5440000 -2889.34 -4704.96 -1124.73
5441000 -2884.42 -4705.98 -1133.23
5442000 -2920.54 -4722.74 -1147.61
5443000 -2906.52 -4711 -1142.99
5444000 -2887.24 -4787.54 -1121.66
5445000 -2920.87 -4740.65 -1135.48
5446000 -2881.39 -4755.18 -1134.49
5447000 -2917.91 -4686.56 -1141.94
5448000 -2924.75 -4722.88 -1144.93
5449000 -2893.61 -4674.26 -1134.6
5450000 -2881.95 -4676.35 -1134.02
5451000 -2886.08 -4662.59 -1144.92
5452000 -2905.92 -4676.96 -1164.16
5453000 -2924.71 -4634.41 -1157.66
5454000 -2912.74 -4654.21 -1133.77
5455000 -2889.19 -4739.05 -1135.52
5456000 -2918.6 -4674.7 -1155.85
5457000 -2927.32 -4642.44 -1164.99
5458000 -2881 -4700.09 -1130.14
5459000 -2863.26 -4623.04 -1126.66
5460000 -2752.41 -4670.03 -1076.66
5461000 -2776.37 -4701.58 -1077.76
5462000 -2776 -4744.28 -1088.84
5463000 -2762.11 -4821.67 -1083.72
5464000 -2771.03 -4846.25 -1090.74
5465000 -2765.93 -4804.42 -1088.74
5466000 -2797.44 -4746.59 -1101.54
5467000 -2797.08 -4758.93 -1098.42
5468000 -2819.94 -4701.28 -1108.26
5469000 -2800.89 -4730.87 -1097.95
5470000 -2756.02 -4737.73 -1083.62
5471000 -2796.39 -4664.78 -1106.65
5472000 -2780.25 -4662.92 -1108.71
5473000 -2760.68 -4738.16 -1094
5474000 -2766.72 -4815.09 -1089.5
5475000 -2807.64 -4710.34 -1112.52
5476000 -2779.87 -4767.88 -1121.34
5477000 -2812.65 -4725.46 -1138.14
5478000 -2832.56 -4655.7 -1144.2
5479000 -2823.29 -4665.72 -1144.25
5480000 -2820.45 -4704.99 -1140.63
5481000 -2861.36 -4692.45 -1134.19
5482000 -2816.9 -4686.95 -1118.83
5483000 -2820.66 -4730.29 -1115.43
5484000 -2815.42 -4761.17 -1102.76
5485000 -2807.81 -4843.67 -1102.12
5486000 -2792.73 -4865.63 -1093.69
5487000 -2816.69 -4880.12 -1090.46
5488000 -2875.41 -4775.07 -1120.87
5489000 -2808.9 -4868.21 -1094.58
5490000 -2828.35 -4804.1 -1100.68
5491000 -2827.36 -4755.55 -1095.07
5492000 -2854.9 -4781.17 -1123.16
5493000 -2843.64 -4755.64 -1101.13
5494000 -2802.52 -4784.17 -1107.62
5495000 -2787.49 -4768.58 -1102.98
5496000 -2773.47 -4749.89 -1091.11
5497000 -2815.87 -4737.26 -1105.87
5498000 -2840.3 -4716.48 -1106.94
5499000 -2803.69 -4746.19 -1106.11
5500000 -2809.79 -4711.11 -1107.52
5501000 -2731.6 -4793.26 -1067.71
5502000 -2710.29 -4806.55 -1069.35
5503000 -2696.26 -4849.75 -1061.85
5504000 -2737.35 -4870.35 -1075.99
5505000 -2769.83 -4818.54 -1097.78
5506000 -2761.14 -4824.71 -1097.07
5507000 -2812.46 -4751.7 -1108.04
5508000 -2762.44 -4803.28 -1111.21
5509000 -2793.59 -4705.63 -1110.85
5510000 -2766.84 -4701.73 -1086.73
5511000 -2804.18 -4724.07 -1101.57
5512000 -2775.79 -4777.09 -1088.94
5513000 -2809.05 -4777.37 -1101.63
5514000 -2803.93 -4784.69 -1116.7
5515000 -2803.49 -4807.61 -1106.37
5516000 -2828.2 -4748.68 -1112.9
5517000 -2851.29 -4765.89 -1120.79
5518000 -2874.22 -4728.91 -1124.3
5519000 -2859.45 -4738.9 -1128.11
5520000 -2890.4 -4709.81 -1136.45
5521000 -2841.61 -4675.97 -1118.44
5522000 -2866.18 -4668.86 -1121.39
5523000 -2848.86 -4694.29 -1114.7
5524000 -2857.84 -4672.87 -1126.22
5525000 -2867.51 -4672.77 -1140.97
5526000 -2867.72 -4659.67 -1121.63
5527000 -2884.67 -4674.21 -1115.94
5528000 -2906.32 -4650.71 -1132.41
5529000 -2879.92 -4658.91 -1120.55
5530000 -2826.34 -4720.4 -1099.6
5531000 -2837.91 -4764.94 -1115.45
5532000 -2852.25 -4710.02 -1115.48
5533000 -2845.51 -4760.11 -1112.34
5534000 -2848.66 -4701.74 -1099.13
5535000 -2850.36 -4698.76 -1109.81
5536000 -2816.73 -4704.12 -1101.98
5537000 -2803.39 -4704.8 -1092.82
5538000 -2837.7 -4697.16 -1107.26
5539000 -2858.69 -4644.19 -1118.43
5540000 -2826.17 -4637.22 -1106.88
5541000 -2806.19 -4641.17 -1093.47
5542000 -2800.44 -4611.5 -1098.39
5543000 -2829.13 -4548.34 -1098.07
5544000 -2869.62 -4455.31 -1106.02
5545000 -2846.26 -4478.3 -1108.01
5546000 -2867.47 -4492.42 -1123.18
5547000 -2845.1 -4532.32 -1114.5
5548000 -2827.48 -4527.29 -1122.37
5549000 -2867.51 -4424.13 -1135.13
5550000 -2871.82 -4469.41 -1136.76
5551000 -2864.77 -4509.56 -1135.49
5552000 -2872.16 -4485.16 -1143.29
5553000 -2885.02 -4432.34 -1143.09
5554000 -2822.54 -4564.66 -1119.39
5555000 -2835.3 -4566.09 -1129.44
5556000 -2840.27 -4560.52 -1125.7
5557000 -2841.08 -4552.85 -1109.63
5558000 -2836.5 -4573.9 -1112.22
5559000 -2834.88 -4550.42 -1106.89
5560000 -2829.66 -4570.75 -1111.68
5561000 -2864.92 -4503.59 -1118.28
5562000 -2828.78 -4517.37 -1109.17
5563000 -2856.5 -4467.61 -1110.49
5564000 -2841.85 -4406.55 -1102.67
5565000 -2914.13 -4419.31 -1122.48
5566000 -2874.01 -4489.3 -1117.96
5567000 -2872.23 -4453.03 -1122.67
5568000 -2882.04 -4539.91 -1112.94
5569000 -2826.63 -4605.14 -1106.32
5570000 -2836.9 -4581.62 -1123.39
5571000 -2837.44 -4547.02 -1108.77
5572000 -2795.81 -4613.21 -1093.06
5573000 -2819.74 -4536.6 -1089.04
5574000 -2820.18 -4546.44 -1085.28
5575000 -2804.52 -4582.57 -1087.37
5576000 -2808.31 -4619.52 -1081.65
5577000 -2854.8 -4526.93 -1102.29
5578000 -2859.61 -4510.37 -1110.8
5579000 -2853.19 -4516.58 -1117.78
5580000 -2849.77 -4541.7 -1106.1
5581000 -2845.96 -4482.78 -1105.98
5582000 -2845.21 -4516.84 -1121.57
5583000 -2822.99 -4581.24 -1124.45
5584000 -2739.16 -4666.72 -1093.33
5585000 -2760.5 -4668.24 -1096.07
5586000 -2825.71 -4602.47 -1111.64
5587000 -2838.56 -4605.87 -1117.57
5588000 -2837.75 -4604.53 -1106.08
5589000 -2838.95 -4507.32 -1131.93
5590000 -2811.68 -4515.84 -1120.8
5591000 -2814.97 -4511.16 -1107.8
5592000 -2861.03 -4448.37 -1126.14
5593000 -2838.33 -4612.41 -1139.15
5594000 -2841.99 -4525.63 -1126.49
5595000 -2836.25 -4624.14 -1114.01
5596000 -2820.06 -4662.48 -1124.29
5597000 -2857.49 -4613.6 -1139.95
5598000 -2881.08 -4586.61 -1128.63
5599000 -2891.64 -4588.12 -1133
5600000 -2801.43 -4656.84 -1107.64
5601000 -2841.34 -4600.66 -1124.93
5602000 -2830.8 -4630.97 -1113.19
5603000 -2840.57 -4574.75 -1110.33
5604000 -2822.25 -4557.96 -1098.33
5605000 -2832.13 -4534.13 -1106.23
5606000 -2869.34 -4586.04 -1119.63
5607000 -2867.71 -4624.61 -1122.85
5608000 -2887.53 -4555 -1127.71
5609000 -2887.85 -4525.66 -1115.9
5610000 -2849.67 -4635.55 -1103.37
5611000 -2863 -4597.38 -1096.2
5612000 -2848.49 -4613.8 -1087.47
5613000 -2832.53 -4663.27 -1095.41
5614000 -2852.67 -4674.51 -1102.21
5615000 -2848.93 -4612.48 -1110.89
5616000 -2857.62 -4597.25 -1129.05
5617000 -2849.08 -4610.16 -1130.91
5618000 -2887.65 -4620.27 -1134.94
5619000 -2879.6 -4641.56 -1121.29
5620000 -2880.63 -4619.56 -1124.49
5621000 -2885.22 -4558.64 -1116.66
5622000 -2847.26 -4599.94 -1111.25
5623000 -2893.75 -4573 -1133.19
5624000 -2882.51 -4546.37 -1133.26
5625000 -2908.44 -4496.05 -1139.25
5626000 -2867.9 -4557.29 -1129.06
5627000 -2853.07 -4644.62 -1122.29
5628000 -2840.72 -4672.77 -1116.28
5629000 -2810.24 -4756.41 -1094.58
5630000 -2825.6 -4763.34 -1106.64
5631000 -2830.36 -4737.15 -1109.97
5632000 -2859.53 -4669.35 -1122.45
5633000 -2835.99 -4649.24 -1117.13
5634000 -2915 -4607.53 -1127.7
5635000 -2937.16 -4573.13 -1133.21
5636000 -2899.28 -4632.79 -1133.19
5637000 -2903.61 -4613.1 -1129.13
5638000 -2932.05 -4531.66 -1139.34
5639000 -2895.12 -4572.19 -1120.27
5640000 -2911.8 -4598.8 -1127.48
5641000 -2925.42 -4576.46 -1131.52
5642000 -2886.66 -4581.62 -1122.68
5643000 -2865.31 -4587.65 -1127.57
5644000 -2833.92 -4574.45 -1121.23
5645000 -2886.79 -4513.88 -1139.3
5646000 -2920.87 -4374.94 -1136.77
5647000 -2936.96 -4407.41 -1133.24
5648000 -2887.29 -4467.19 -1114.62
5649000 -2932.78 -4405.85 -1134.76
5650000 -2931.7 -4439.98 -1145.25
5651000 -2914.28 -4493.5 -1144.8
5652000 -2883.82 -4537.44 -1137.93
5653000 -2928.28 -4436.35 -1144.95
5654000 -2934.61 -4486.03 -1148.51
5655000 -2897.22 -4470.46 -1127.66
5656000 -2901.64 -4500.12 -1137.25
5657000 -2875.96 -4523.5 -1138.52
5658000 -2895.81 -4425.42 -1158.19
5659000 -2918.66 -4457.75 -1154.28
5660000 -2855.09 -4530.16 -1139.69
5661000 -2888.95 -4545.94 -1129.64
5662000 -2890.66 -4457.15 -1139.17
5663000 -2918.95 -4461.31 -1148.21
5664000 -2928.88 -4475.9 -1150.43
5665000 -2897.67 -4511.72 -1145.18
5666000 -2914.57 -4511.3 -1144.58
5667000 -2922.18 -4475.91 -1173.27
5668000 -2869.86 -4580.85 -1152.38
5669000 -2873.72 -4547.49 -1144.18
5670000 -2885.91 -4582.32 -1141.27
5671000 -2891.8 -4560.9 -1140.95
5672000 -2904.73 -4599.36 -1142.7
5673000 -2878.96 -4617.58 -1135.5
5674000 -2938.56 -4513.95 -1148.12
5675000 -2901.79 -4585.35 -1159.14
5676000 -2922.14 -4537.73 -1162.49
5677000 -2925.32 -4521.82 -1167.87
5678000 -2921.25 -4486.28 -1156.92
5679000 -2901.46 -4523.91 -1155.94
5680000 -2870.53 -4559.81 -1136.18
5681000 -2871.6 -4631.06 -1130.44
5682000 -2893.98 -4589.4 -1142.22
5683000 -2932.33 -4543.32 -1146.89
5684000 -2930.09 -4524.82 -1153.11
5685000 -2898.71 -4564.69 -1136.5
5686000 -2881.1 -4579.89 -1128.55
5687000 -2830.71 -4618.51 -1121.5
5688000 -2894.68 -4586.01 -1127.05
5689000 -2863.21 -4613.88 -1115.44
5690000 -2883.4 -4612.57 -1129.11
5691000 -2889.15 -4655.98 -1123.34
5692000 -2902.59 -4602.96 -1127.79
5693000 -2941.67 -4561.24 -1135.76
5694000 -2968.37 -4509.99 -1148.37
5695000 -2957.68 -4555.87 -1162.75
5696000 -2883.2 -4633.96 -1134.69
5697000 -2895.67 -4589.8 -1146.62
5698000 -2908.15 -4493.32 -1145.87
5699000 -2924.98 -4571.73 -1140.51
5700000 -2910.13 -4552.74 -1136
5701000 -2911.62 -4542.08 -1151.72
5702000 -2936.63 -4500.16 -1159.36
5703000 -2888.48 -4523.22 -1145.96
5704000 -2886.41 -4481.54 -1145.85
5705000 -2910.8 -4472.42 -1151.11
5706000 -2857.04 -4558.51 -1144.33
5707000 -2922.76 -4489.66 -1161.1
5708000 -2910.33 -4565.68 -1177.72
5709000 -2887.41 -4542.65 -1165.59
5710000 -2851.44 -4644 -1154.33
5711000 -2896.91 -4572.91 -1150.46
5712000 -2882.76 -4575.34 -1136.52
5713000 -2869.04 -4573.16 -1138.27
5714000 -2837.21 -4629.31 -1135.2
5715000 -2886.93 -4502.77 -1140.62
5716000 -2944.35 -4467.76 -1162.99
5717000 -2913.43 -4486.18 -1140.86
5718000 -2868.81 -4504.48 -1124.84
5719000 -2908.92 -4452.74 -1151.57
5720000 -2920.56 -4463.19 -1148.66
5721000 -2917.86 -4529.08 -1156.17
5722000 -2899.78 -4548.36 -1155.47
5723000 -2860.43 -4647.33 -1155.41
5724000 -2853.27 -4642.76 -1154.05
5725000 -2884.48 -4616.67 -1148.78
5726000 -2897 -4635.64 -1144.91
5727000 -2841.61 -4699.89 -1121
5728000 -2899.41 -4703.66 -1148.59
5729000 -2885.31 -4712.82 -1133.57
5730000 -2828.29 -4785.59 -1118.15
5731000 -2862.98 -4731.88 -1124.84
5732000 -2840.71 -4758.84 -1114.45
5733000 -2829.31 -4758.02 -1122.55
5734000 -2800.81 -4814.88 -1109.75
5735000 -2829.7 -4794.01 -1116.67
5736000 -2868.76 -4711.06 -1129.73
5737000 -2844.38 -4735.17 -1130.45
5738000 -2863.15 -4735.34 -1150.1
5739000 -2867.27 -4693.32 -1128.3
5740000 -2837.1 -4716.16 -1118.68
5741000 -2849.83 -4646.27 -1144.97
5742000 -2905.95 -4598.04 -1162.72
5743000 -2909.55 -4566.89 -1154.17
5744000 -2851.37 -4630.12 -1140.92
5745000 -2833.51 -4623.48 -1125.09
5746000 -2901.19 -4609.86 -1129.71
5747000 -2920.09 -4628.69 -1135.42
5748000 -2879.53 -4663.57 -1141.55
5749000 -2892.13 -4694.17 -1143.55
5750000 -2855.41 -4692.13 -1136.85
5751000 -2878.38 -4638.67 -1148.69
5752000 -2872.17 -4637.84 -1141.7
5753000 -2830.18 -4724.06 -1130.95
5754000 -2877.69 -4666.87 -1150.34
5755000 -2855.69 -4687.77 -1137.43
5756000 -2869.76 -4625.89 -1146.75
5757000 -2892.43 -4617.67 -1142.46
5758000 -2899.72 -4642.22 -1146.15
5759000 -2911.74 -4632.9 -1156.02
5760000 -2869.57 -4639.63 -1151.23
5761000 -2879.52 -4668 -1138.1
5762000 -2906.29 -4682.58 -1140.98
5763000 -2933.52 -4668.82 -1157.07
5764000 -2928.94 -4703.27 -1162.37
5765000 -2934.38 -4705.97 -1148.96
5766000 -2954.24 -4635.64 -1145.8
5767000 -2966.2 -4601.41 -1158.39
5768000 -2923.57 -4670.97 -1141.36
5769000 -2904.56 -4645.01 -1148.87
5770000 -2905.59 -4736.74 -1152.29
5771000 -2937 -4750.7 -1150.72
5772000 -2966.76 -4728.4 -1168.36
5773000 -2993.15 -4704.18 -1172.73
5774000 -2999.78 -4671.37 -1172.83
5775000 -2985.58 -4627.48 -1171.9
5776000 -2921.21 -4711.03 -1145.19
5777000 -2914.88 -4741.37 -1148.52
5778000 -2917.95 -4732.97 -1164.94
5779000 -2933.14 -4682.14 -1150.91
5780000 -2923.73 -4699.57 -1149.14
5781000 -2927.02 -4661.11 -1151.1
5782000 -2923.98 -4609.23 -1149.78
5783000 -2976.99 -4574.81 -1173.36
5784000 -2878.43 -4680.05 -1140.27
5785000 -2934.76 -4664.98 -1146.68
5786000 -2914.07 -4683.5 -1131
5787000 -2916.11 -4727.3 -1139.32
5788000 -2887.35 -4752.38 -1124.96
5789000 -2908.44 -4678.83 -1140.96
5790000 -2876.64 -4703.46 -1135.3
5791000 -2903.61 -4719.06 -1141.25
5792000 -2875.25 -4726.2 -1133.94
5793000 -2896.09 -4662.71 -1147.01
5794000 -2911.97 -4664.01 -1155.7
5795000 -2898.58 -4677.64 -1157.39
5796000 -2913.97 -4674.25 -1151.81
5797000 -2930.38 -4707.17 -1148.72
5798000 -2881.57 -4745.97 -1143.44
5799000 -2880.93 -4702.57 -1139.65
5800000 -2872.95 -4668.88 -1147.65
5801000 -2851.21 -4691.71 -1149.36
5802000 -2869.04 -4645.43 -1144.65
5803000 -2883.45 -4605.88 -1147.43
5804000 -2911.84 -4549.94 -1155.65
5805000 -2886.03 -4577.41 -1156.18
5806000 -2919.6 -4526.19 -1158.07
5807000 -2861.19 -4676.63 -1140.31
5808000 -2879.18 -4631.22 -1139.67
5809000 -2896.71 -4657.67 -1144.99
5810000 -2863.55 -4672.36 -1129.76
5811000 -2818.92 -4677.72 -1123.08
5812000 -2823.01 -4667.95 -1122.75
5813000 -2831.9 -4693.55 -1123.16
5814000 -2815.2 -4661.27 -1134.62
5815000 -2811.68 -4647.13 -1141.38
5816000 -2829.52 -4625.36 -1150.48
5817000 -2828.54 -4573.93 -1141.95
5818000 -2850 -4618.52 -1129.6
5819000 -2858.1 -4625.56 -1127.98
5820000 -2877.11 -4664.4 -1133.07
5821000 -2904.27 -4606.34 -1158.62
5822000 -2880.52 -4611.29 -1151.66
5823000 -2874.18 -4615.26 -1143.85
5824000 -2816.33 -4621.9 -1134.25
5825000 -2803.75 -4596.12 -1128.7
5826000 -2819.77 -4626.49 -1140.47
5827000 -2819.17 -4608.61 -1135.12
5828000 -2882.51 -4582 -1170.16
5829000 -2887.1 -4648.81 -1168.69
5830000 -2918.07 -4576.66 -1180.68
5831000 -2935.76 -4517.85 -1179.58
5832000 -2922.65 -4530.21 -1158.51
5833000 -2902.71 -4502.19 -1156.68
5834000 -2860.73 -4433.42 -1150.89
5835000 -2859.72 -4404.89 -1160.6
5836000 -2934.98 -4339.49 -1198.79
5837000 -2903.78 -4429.82 -1179.81
5838000 -2859.11 -4436.52 -1143.05
5839000 -2830.09 -4387.83 -1128.84
5840000 -2800.38 -4415.68 -1120.79
5841000 -2790.07 -4413.71 -1116.93
5842000 -2773.71 -4429.57 -1121.85
5843000 -2792.91 -4314.07 -1133.19
5844000 -2806.01 -4350.2 -1138.49
5845000 -2809.42 -4342.46 -1137.1
5846000 -2851.68 -4264.29 -1158.77
5847000 -2863.66 -4258.87 -1160.48
5848000 -2858.11 -4253.79 -1163.81
5849000 -2890.25 -4177.19 -1168.65
5850000 -2869.24 -4222.73 -1149.73
5851000 -2898.3 -4242.29 -1165.2
5852000 -2855.77 -4309.37 -1162.49
5853000 -2883.69 -4284.88 -1167.11
5854000 -2893.58 -4221.5 -1162.65
5855000 -2906.38 -4173.24 -1169.67
5856000 -2907.79 -4205.18 -1186.43
5857000 -2919.6 -4255.93 -1173.86
5858000 -2850.99 -4304.7 -1149.78
5859000 -2842.07 -4300.73 -1166.01
5860000 -2858.07 -4341.37 -1171.79
5861000 -2881.9 -4316.26 -1160.43
5862000 -2864.66 -4311.78 -1162.91
5863000 -2863.08 -4381.91 -1155.93
5864000 -2861.83 -4369.45 -1156.27
5865000 -2898.56 -4321.46 -1170.67
5866000 -2899.49 -4318.26 -1159.31
5867000 -2841.38 -4394.67 -1138.49
5868000 -2870.36 -4396.27 -1147.53
5869000 -2869.05 -4350.17 -1135.37
5870000 -2825.55 -4410.52 -1140.07
5871000 -2833.12 -4396.49 -1137.57
5872000 -2857.46 -4366.23 -1136.64
5873000 -2875.98 -4330.18 -1181.03
5874000 -2900.84 -4256.49 -1169.41
5875000 -2873.21 -4296.41 -1144.36
5876000 -2856.8 -4343.25 -1143.13
5877000 -2893.3 -4351.53 -1164.14
5878000 -2889.92 -4344.77 -1147.98
5879000 -2903.61 -4303.67 -1155.72
5880000 -2893.07 -4287.67 -1158.42
5881000 -2877.96 -4321.74 -1137
5882000 -2865.38 -4361.66 -1151.94
5883000 -2816.85 -4406.25 -1133.8
5884000 -2822.68 -4405.6 -1128.81
5885000 -2814.93 -4384.51 -1111.67
5886000 -2848.62 -4315.31 -1142.53
5887000 -2892.45 -4283.48 -1140.05
5888000 -2920.69 -4250 -1171.82
5889000 -2856.61 -4263.43 -1150.2
5890000 -2842.61 -4304.42 -1168.75
5891000 -2877.97 -4306.36 -1170.74
5892000 -2871.25 -4323.47 -1170.85
5893000 -2876.77 -4361.55 -1158.51
5894000 -2919.18 -4240.16 -1169.06
5895000 -2874.09 -4340.17 -1157.84
5896000 -2848.36 -4418.34 -1140.26
5897000 -2885.14 -4363.13 -1157.43
5898000 -2874.97 -4404.03 -1156.99
5899000 -2904.4 -4416.86 -1147.82
5900000 -2846.86 -4464.86 -1115.81
5901000 -2847.98 -4458.85 -1132.87
5902000 -2854.3 -4418.29 -1136.7
5903000 -2807.92 -4439.66 -1130.6
5904000 -2846.21 -4405.71 -1153.22
5905000 -2885.64 -4346.37 -1166.93
5906000 -2879.87 -4356.15 -1165.18
5907000 -2860.2 -4352.05 -1146.5
5908000 -2911.42 -4352.07 -1152.26
5909000 -2885.93 -4409.38 -1139.92
5910000 -2878.05 -4392.01 -1138.55
5911000 -2891.39 -4285.25 -1133.36
5912000 -2884.74 -4297.5 -1132.43
5913000 -2820.61 -4400.98 -1114.86
5914000 -2807.13 -4420.54 -1116.03
5915000 -2814.7 -4486.55 -1109.55
5916000 -2889.25 -4425.06 -1120.43
5917000 -2859.3 -4449.53 -1115
5918000 -2874.45 -4483.32 -1128.47
5919000 -2896.01 -4409.42 -1136.75
5920000 -2889.51 -4436.32 -1155.46
5921000 -2929.85 -4357.51 -1169.05
5922000 -2934.47 -4333.83 -1173.18
5923000 -2935.17 -4349.79 -1156.74
5924000 -2983.48 -4337.33 -1182.31
5925000 -2960.61 -4403.39 -1176.38
5926000 -2956.04 -4369.35 -1174.17
5927000 -2957.38 -4372.17 -1177.17
5928000 -2999.48 -4295.97 -1189.98
5929000 -2962.59 -4303.55 -1165.06
5930000 -2933.26 -4308.6 -1143.97
5931000 -2943.66 -4296.63 -1139.37
5932000 -2937.37 -4345.25 -1136.55
5933000 -2935.86 -4380.58 -1142.81
5934000 -2920.5 -4379.28 -1148.61
5935000 -2892.3 -4336.14 -1145.54
5936000 -2841.89 -4485.58 -1118.33
5937000 -2867.04 -4423.37 -1126.11
5938000 -2914.61 -4408.17 -1147.43
5939000 -2930.59 -4473.99 -1167.54
5940000 -2928.1 -4344.25 -1145.48
5941000 -2897.87 -4353.61 -1137.85
5942000 -2928.66 -4261.74 -1165.56
5943000 -2948.09 -4219.83 -1164.29
5944000 -2919.57 -4223.22 -1159.64
5945000 -2887.81 -4220.95 -1154.63
5946000 -2919.57 -4254.05 -1157.53
5947000 -2912.26 -4199.43 -1168.29
5948000 -2856.43 -4260.09 -1146.88
5949000 -2862.76 -4257.59 -1151.69
5950000 -2880.77 -4199.9 -1162.89
5951000 -2897.45 -4187.05 -1172.23
5952000 -2919.3 -4160.99 -1169.75
5953000 -2869.47 -4216.57 -1154.49
5954000 -2851.92 -4233.51 -1164.52
5955000 -2859.82 -4140.15 -1160.34
5956000 -2841.2 -4294.94 -1145.79
5957000 -2851.69 -4309.26 -1144.89
5958000 -2850.86 -4274.12 -1136.26
5959000 -2907.12 -4323.81 -1152.17
5960000 -2895.45 -4339.19 -1166.55
5961000 -2925.85 -4344.94 -1161.26
5962000 -2935.3 -4369.36 -1160.22
5963000 -2964.84 -4354.29 -1165.05
5964000 -2938.08 -4387.25 -1160.09
5965000 -2935.42 -4331.84 -1177.47
5966000 -2989.21 -4322.45 -1195.49
5967000 -2932.23 -4346.63 -1165.43
5968000 -2949.09 -4308.14 -1160.06
5969000 -2958.47 -4318.47 -1157.4
5970000 -2979 -4407.77 -1165.67
5971000 -2960.7 -4431 -1165.49
5972000 -2963.58 -4396.88 -1141.97
5973000 -2962.67 -4380.03 -1153.04
5974000 -2884.31 -4363.3 -1121.03
5975000 -2831.99 -4374.13 -1129.42
5976000 -2881.04 -4311.66 -1131.3
5977000 -2895.35 -4314.13 -1137.16
5978000 -2952.6 -4297.27 -1148.57
5979000 -2938.2 -4357.04 -1129.55
5980000 -2941.17 -4369.21 -1146.77
5981000 -2872.85 -4362.85 -1136.65
5982000 -2877.91 -4427.55 -1130.16
5983000 -2885.77 -4443.47 -1146.14
5984000 -2916.6 -4347.91 -1165.78
5985000 -2827.39 -4429.47 -1132.59
5986000 -2845.59 -4383.43 -1144.77
5987000 -2867.16 -4365.06 -1150.21
5988000 -2849.09 -4336.25 -1138.35
5989000 -2921.6 -4292.03 -1172.88
5990000 -2863.21 -4375.37 -1156.04
5991000 -2873.41 -4355.86 -1154.99
5992000 -2877.02 -4351.32 -1145.82
5993000 -2871.74 -4360.62 -1152.38
5994000 -2914.92 -4372.87 -1164.3
5995000 -2950.15 -4431.83 -1175.72
5996000 -3007.89 -4354.39 -1182.9
5997000 -2983.44 -4415.99 -1170.8
5998000 -2996.18 -4385.48 -1183.7
5999000 -2943.01 -4428.85 -1179.89
6000000 -2995.86 -4325.59 -1210.29
6001000 -2978.9 -4314.56 -1193.01
6002000 -2937 -4396.83 -1175.56
6003000 -2942.34 -4363.81 -1191.45
6004000 -2946.59 -4346.56 -1178.72
6005000 -2927.46 -4390.13 -1192.26
6006000 -2921.2 -4379.66 -1173.12
6007000 -2880.34 -4444.45 -1160.84
6008000 -2896.48 -4416.13 -1145.78
6009000 -2865.95 -4427.33 -1134.81
6010000 -2859.6 -4420.49 -1139.41
6011000 -2909.04 -4411.18 -1157.4
6012000 -2881.56 -4414.9 -1153.23
6013000 -2899.75 -4382.65 -1182.75
6014000 -2881.77 -4403.63 -1179.27
6015000 -2909.83 -4320.23 -1189.94
6016000 -2875.31 -4298.7 -1162.15
6017000 -2893.53 -4268.43 -1161.69
6018000 -2861.44 -4293.97 -1151.62
6019000 -2869.2 -4354.76 -1136.8
6020000 -2929.75 -4257.26 -1156.65
6021000 -2901.5 -4355.01 -1156.72
6022000 -2890.78 -4313.9 -1160.02
6023000 -2866.61 -4331.08 -1133.8
6024000 -2843.87 -4414 -1147.2
6025000 -2867.88 -4397.94 -1151.74
6026000 -2867.06 -4410.15 -1132.69
6027000 -2904.12 -4283.68 -1154.55
6028000 -2873.04 -4384.08 -1143.84
6029000 -2882.89 -4380.39 -1131.62
6030000 -2921.16 -4330.44 -1144.61
6031000 -2874.1 -4377.05 -1147.12
6032000 -2898.65 -4325.91 -1158.03
6033000 -2879.12 -4294.83 -1148.17
6034000 -2871.85 -4297.39 -1158.01
6035000 -2850.91 -4251.92 -1138.43
6036000 -2835.17 -4278.9 -1120.82
6037000 -2786.31 -4403.35 -1110.15
6038000 -2840.27 -4334.17 -1128.97
6039000 -2844.7 -4358.85 -1114.65
6040000 -2856.82 -4315.19 -1127.24
6041000 -2873.5 -4340.06 -1143.43
6042000 -2884.87 -4324.05 -1150.42
6043000 -2884.21 -4390.27 -1155.18
6044000 -2802.02 -4443.6 -1121.61
6045000 -2824.83 -4427.91 -1118.4
6046000 -2837.43 -4354.95 -1117.95
6047000 -2818.31 -4366.15 -1108.02
6048000 -2887.72 -4345.06 -1142.25
6049000 -2876.66 -4334.02 -1151.11
6050000 -2835.54 -4366.56 -1123.35
6051000 -2813.23 -4389.87 -1116.23
6052000 -2848.13 -4355.41 -1124.33
6053000 -2855.71 -4347.63 -1122.06
6054000 -2868.81 -4292.01 -1152.07
6055000 -2877.41 -4252.37 -1156.39
6056000 -2883.78 -4238.83 -1156.38
6057000 -2875.63 -4254.04 -1168.77
6058000 -2928.53 -4137.83 -1170.1
6059000 -2932.88 -4153.87 -1181.66
6060000 -2902.42 -4216.73 -1154.28
6061000 -2874.13 -4265.97 -1142.58
6062000 -2883.91 -4238.95 -1150.12
6063000 -2887.87 -4175.82 -1150.29
6064000 -2936.95 -4184.43 -1169.09
6065000 -2937.77 -4204.64 -1168.59
6066000 -2869.11 -4286.37 -1153.11
6067000 -2846.44 -4324.76 -1146.44
6068000 -2829.85 -4326.67 -1129.31
6069000 -2803.02 -4271.45 -1136.38
6070000 -2834.28 -4272.1 -1153.74
6071000 -2829.87 -4304.79 -1137.78
6072000 -2860.92 -4222.76 -1179.23
6073000 -2879.59 -4299.77 -1173.5
6074000 -2842.72 -4311.83 -1157.94
6075000 -2890.2 -4223.78 -1153.27
6076000 -2844.2 -4264.47 -1144.73
6077000 -2881.22 -4262.41 -1169.69
6078000 -2865.25 -4265.19 -1148.05
6079000 -2888.2 -4274.41 -1156.62
6080000 -2892.5 -4267.36 -1168.23
6081000 -2887.17 -4260.5 -1152.86
6082000 -2887 -4209.08 -1156.33
6083000 -2829.41 -4316.77 -1153.13
6084000 -2825.9 -4359.58 -1139.65
6085000 -2859.34 -4282.13 -1147.77
6086000 -2870.25 -4290.91 -1159.12
6087000 -2877.54 -4296.44 -1178.97
6088000 -2889.43 -4229.76 -1170.14
6089000 -2930.09 -4246.93 -1169.28
6090000 -2851.12 -4294.01 -1137.64
6091000 -2835.68 -4369.43 -1136.63
6092000 -2833.07 -4316.48 -1132.99
6093000 -2842.72 -4323.02 -1135.01
6094000 -2839.73 -4339.97 -1115.81
6095000 -2847.79 -4300.14 -1130.48
6096000 -2854.9 -4335 -1134.33
6097000 -2837.54 -4354.52 -1143.13
6098000 -2880.68 -4302.81 -1146.58
6099000 -2869.18 -4324.39 -1139.57
6100000 -2869.17 -4264.62 -1149.98
6101000 -2884.19 -4291.95 -1156.92
6102000 -2865.01 -4263.55 -1159.96
6103000 -2834.43 -4309.12 -1142.8
6104000 -2801.26 -4400.5 -1136.51
6105000 -2848.97 -4348.1 -1148.52
6106000 -2822.49 -4327.18 -1144.93
6107000 -2828.45 -4254.27 -1155.77
6108000 -2903.55 -4165.44 -1164.81
6109000 -2949.02 -4153.17 -1192.64
6110000 -2924.68 -4143.12 -1190.41
6111000 -2883.66 -4174.24 -1166.11
6112000 -2877.28 -4193.03 -1164.16
6113000 -2850.62 -4241.66 -1155.97
6114000 -2788.47 -4279.04 -1136.26
6115000 -2783.11 -4281.06 -1143.76
6116000 -2765.21 -4336.68 -1150.08
6117000 -2840.79 -4253.13 -1163.21
6118000 -2844.53 -4246.09 -1158.89
6119000 -2871.2 -4224.31 -1166.11
6120000 -2901.32 -4236.89 -1176.42
6121000 -2867.81 -4209.19 -1166.63
6122000 -2893.52 -4183.79 -1174.55
6123000 -2853.56 -4351.87 -1161.11
6124000 -2856.14 -4281.27 -1145.64
6125000 -2851.84 -4308.59 -1150.85
6126000 -2905.74 -4271.81 -1181.57
6127000 -2924.65 -4243.95 -1178
6128000 -2887.81 -4267.8 -1170.22
6129000 -2845.56 -4309.14 -1168.77
6130000 -2881.08 -4269.67 -1174.91
6131000 -2887.3 -4235.31 -1177.77
6132000 -2880.05 -4215.06 -1171.41
6133000 -2936.19 -4167.14 -1183.96
6134000 -2956.82 -4259.53 -1181.48
6135000 -2948.96 -4212.52 -1192.86
6136000 -2907.61 -4207.91 -1176.98
6137000 -2886.28 -4176.16 -1162.88
6138000 -2832.17 -4231.07 -1152.58
6139000 -2875.16 -4191.27 -1157.12
6140000 -2887.34 -4223.79 -1152.7
6141000 -2892.31 -4175.85 -1160.29
6142000 -2851.49 -4220.2 -1142.39
6143000 -2866.72 -4296.56 -1147.42
6144000 -2824.74 -4293.15 -1140.7
6145000 -2825.23 -4343.35 -1139.65
6146000 -2874.09 -4285.52 -1169.63
6147000 -2922.95 -4212.82 -1159.96
6148000 -2873.7 -4297.79 -1154.83
6149000 -2870.59 -4326.37 -1159.17
6150000 -2907.1 -4279.09 -1169.04
6151000 -2907.98 -4314.66 -1166.38
6152000 -2868.14 -4318.6 -1164.99
6153000 -2814.32 -4364.27 -1163.81
6154000 -2829.54 -4403.7 -1163.45
6155000 -2903.37 -4321.42 -1177.68
6156000 -2934.46 -4308.65 -1193.05
6157000 -2916.54 -4321.58 -1162.89
6158000 -2905.76 -4289.31 -1163.26
6159000 -2866.24 -4285.91 -1138.29
6160000 -2886.5 -4297.07 -1151.42
6161000 -2867.94 -4360.51 -1158.85
6162000 -2875.8 -4396.39 -1163.81
6163000 -2889.88 -4375.84 -1162.57
6164000 -2911.43 -4306.37 -1162.69
6165000 -2830.14 -4375.88 -1142.76
6166000 -2837.45 -4366.69 -1134.35
6167000 -2889.68 -4329.65 -1158.92
6168000 -2892.08 -4334.04 -1154.15
6169000 -2874.92 -4363.74 -1154.7
6170000 -2857.95 -4307.51 -1152.95
6171000 -2851.96 -4321.65 -1157.42
6172000 -2861.8 -4334.95 -1172.7
6173000 -2854.01 -4342.1 -1176.57
6174000 -2840.92 -4320.59 -1167.44
6175000 -2802.98 -4349.46 -1154.49
6176000 -2888.97 -4322.8 -1170.73
6177000 -2878.03 -4306.58 -1178.24
6178000 -2911 -4275.6 -1184.07
6179000 -2919.13 -4212.92 -1176.3
6180000 -2895.14 -4213.59 -1165.44
6181000 -2875.48 -4269.88 -1172.59
6182000 -2888.72 -4209.37 -1185.34
6183000 -2896.04 -4279.64 -1191.74
6184000 -2954.91 -4160.92 -1200.47
6185000 -2863.8 -4218.34 -1173.71
6186000 -2863.74 -4187.43 -1170.55
6187000 -2881.26 -4223.26 -1165.91
6188000 -2906.21 -4231.99 -1178.57
6189000 -2903.61 -4227.68 -1172.83
6190000 -2849.7 -4200.32 -1161.98
6191000 -2823.07 -4193.12 -1146.14
6192000 -2840.15 -4201.37 -1141.33
6193000 -2829.52 -4238.51 -1147.74
6194000 -2854.86 -4161.03 -1160.56
6195000 -2821.63 -4210.67 -1166.55
6196000 -2821.32 -4272.81 -1151.94
6197000 -2852.45 -4267.67 -1155.66
6198000 -2854.82 -4248.5 -1143.29
6199000 -2847.27 -4306.38 -1139.06
6200000 -2925.1 -4191.94 -1163.1
6201000 -2929.7 -4187.92 -1170.76
6202000 -2844.76 -4285.5 -1130.63
6203000 -2816.25 -4312.53 -1125.5
6204000 -2840.61 -4275.68 -1137.91
6205000 -2807.83 -4315.03 -1124.46
6206000 -2783.94 -4357.26 -1118.52
6207000 -2824.52 -4342.47 -1116.01
6208000 -2858.95 -4349.47 -1144.29
6209000 -2826.18 -4284.36 -1126.82
6210000 -2815.96 -4311.46 -1098.78
6211000 -2854.62 -4304.81 -1132.85
6212000 -2807.24 -4387.02 -1139.5
6213000 -2838.27 -4334.13 -1144.28
6214000 -2874.32 -4357.01 -1147.46
6215000 -2891.15 -4321.49 -1173.53
6216000 -2918.26 -4284.79 -1166.58
6217000 -2938.95 -4294.89 -1188.32
6218000 -2939.79 -4221.59 -1177.53
6219000 -2937.8 -4220.05 -1158.98
6220000 -2899.45 -4308.57 -1162.05
6221000 -2890.65 -4285.37 -1147.75
6222000 -2855.4 -4292.41 -1139.59
6223000 -2895.52 -4256.45 -1163.65
6224000 -2895.97 -4255.38 -1149.65
6225000 -2833.46 -4307.54 -1127.04
6226000 -2845.61 -4306.52 -1132.42
6227000 -2822.83 -4347.63 -1120.73
6228000 -2805.26 -4372.47 -1110.41
6229000 -2841.62 -4302.51 -1129.79
6230000 -2844 -4308.34 -1124.36
6231000 -2878.6 -4320.41 -1136.24
6232000 -2903.78 -4302.97 -1145.32
6233000 -2850.68 -4350.09 -1132.02
6234000 -2881.92 -4320.66 -1138.75
6235000 -2861.87 -4290.86 -1133.09
6236000 -2866.37 -4300.26 -1134.02
6237000 -2868.02 -4393.25 -1146.63
6238000 -2826.69 -4345.2 -1123.87
6239000 -2855.9 -4344.96 -1138.31
6240000 -2844.4 -4311.73 -1127.69
6241000 -2894.56 -4261.52 -1132.08
6242000 -2917.07 -4197.33 -1149.1
6243000 -2861.42 -4294.06 -1152.87
6244000 -2917.39 -4319.87 -1164.53
6245000 -2872.87 -4332.94 -1146.05
6246000 -2877.09 -4305.06 -1148.52
6247000 -2876.49 -4306.77 -1137.19
6248000 -2847.15 -4348.08 -1120.32
6249000 -2884.85 -4297.47 -1151.99
6250000 -2865.43 -4316.13 -1135.19
6251000 -2877.65 -4350.31 -1142.24
6252000 -2886.28 -4343 -1126.67
6253000 -2880.36 -4336 -1126.22
6254000 -2830.96 -4332.09 -1105.85
6255000 -2888.77 -4265.06 -1124.13
6256000 -2915.14 -4220.6 -1140.46
6257000 -2866.67 -4300.39 -1122.72
6258000 -2884.65 -4266.39 -1127.09
6259000 -2846.75 -4349.92 -1123.39
6260000 -2820.48 -4358.91 -1138.17
6261000 -2839.64 -4353.33 -1137.96
6262000 -2900.09 -4278.02 -1155.39
6263000 -2846.71 -4378.37 -1133.56
6264000 -2935.13 -4276.78 -1144.86
6265000 -2927.21 -4289.22 -1157.06
6266000 -2906.5 -4313.82 -1146.41
6267000 -2893.39 -4399.73 -1156.18
6268000 -2866.75 -4396.98 -1141.92
6269000 -2840.61 -4392.74 -1120.13
6270000 -2821.83 -4470.61 -1123.84
6271000 -2872.48 -4354.68 -1151.45
6272000 -2836.13 -4423.73 -1135.19
6273000 -2838.39 -4421.39 -1135.47
6274000 -2840.68 -4352.1 -1136.14
6275000 -2850.5 -4358.75 -1137.38
6276000 -2854.84 -4388.59 -1142.27
6277000 -2813.66 -4431.47 -1137.09
6278000 -2876.4 -4410.89 -1144.98
6279000 -2885.17 -4400.98 -1143.3
6280000 -2853.32 -4415.24 -1145.27
6281000 -2840.58 -4422.12 -1137.56
6282000 -2832.84 -4397.34 -1135.12
6283000 -2821.27 -4390.06 -1122.98
6284000 -2840.96 -4394.12 -1134.7
6285000 -2885.91 -4366.48 -1159.79
6286000 -2933.61 -4289.29 -1167.61
6287000 -2916.73 -4357.66 -1174.16
6288000 -2937.65 -4349.74 -1187.69
6289000 -2943.89 -4317.91 -1183.34
6290000 -2915.18 -4324.38 -1164.65
6291000 -2907.84 -4342.64 -1164.32
6292000 -2871.82 -4399.19 -1149.49
6293000 -2851.62 -4377.52 -1142.57
6294000 -2890.54 -4378.26 -1161.42
6295000 -2877.38 -4403.48 -1140.91
6296000 -2857.46 -4462.58 -1133.33
6297000 -2847.31 -4510.9 -1141.69
6298000 -2847.05 -4516.06 -1142.65
6299000 -2817.01 -4474.09 -1117.98
6300000 -2901.26 -4336.9 -1139.83
6301000 -2941.57 -4282.28 -1166.72
6302000 -2913.22 -4342.26 -1153.7
6303000 -2915.55 -4394.69 -1142.77
6304000 -2866.01 -4403.02 -1131.82
6305000 -2857.05 -4412.57 -1126.82
6306000 -2859.34 -4392.19 -1136.1
6307000 -2864.38 -4388 -1149.43
6308000 -2870.86 -4374.58 -1145.04
6309000 -2816.72 -4382.85 -1133.15
6310000 -2825.7 -4337.49 -1141.35
6311000 -2802.96 -4405.62 -1131.69
6312000 -2868.65 -4276.68 -1151.67
6313000 -2870.58 -4294.37 -1151.47
6314000 -2951.7 -4202.09 -1181.78
6315000 -2889.46 -4280.83 -1167.83
6316000 -2852.06 -4336.9 -1152.03
6317000 -2865.29 -4304.03 -1154.17
6318000 -2867.03 -4321.91 -1150.23
6319000 -2843.41 -4350.84 -1138.2
6320000 -2888.69 -4282.99 -1157.6
6321000 -2858.39 -4286.25 -1145.11
6322000 -2886.83 -4229.42 -1144.25
6323000 -2870.54 -4326.6 -1152.51
6324000 -2907.57 -4317.41 -1141.91
6325000 -2825.04 -4410.31 -1126.38
6326000 -2840.65 -4376.46 -1132.32
6327000 -2860.23 -4363.41 -1137.68
6328000 -2834.13 -4349.81 -1140.4
6329000 -2894.15 -4285.75 -1154.75
6330000 -2870.55 -4301.58 -1137.27
6331000 -2843.8 -4309.43 -1136.93
6332000 -2868.54 -4338.32 -1145.35
6333000 -2869.57 -4293.6 -1153.57
6334000 -2865.57 -4323.5 -1141.03
6335000 -2870.58 -4286.85 -1134.65
6336000 -2825.74 -4325.65 -1123.12
6337000 -2923.9 -4271.74 -1161.27
6338000 -2924.19 -4267.11 -1165.31
6339000 -2879.7 -4331.89 -1142.21
6340000 -2891.17 -4285.46 -1144.06
6341000 -2863.76 -4322.21 -1127.11
6342000 -2854.16 -4311.42 -1114.96
6343000 -2870.57 -4334.42 -1143.2
6344000 -2929.11 -4245.03 -1165.73
6345000 -2895.46 -4288.6 -1160.13
6346000 -2859.82 -4311.14 -1154.7
6347000 -2923.02 -4292.71 -1186.76
6348000 -2934.07 -4264.57 -1182.24
6349000 -2958.06 -4208.44 -1190.41
6350000 -2924.75 -4264.65 -1184.1
6351000 -2964.85 -4253.08 -1183.67
6352000 -2972.9 -4222.65 -1179.79
6353000 -2997.17 -4124.28 -1185.07
6354000 -3038.24 -4107.27 -1207.97
6355000 -2990.96 -4196.42 -1205.66
6356000 -2929.05 -4275.08 -1188.88
6357000 -2943.07 -4312.98 -1192.17
6358000 -2933.66 -4216.91 -1176.06
6359000 -2937.92 -4267.74 -1170.02
6360000 -2879.3 -4356.49 -1147.79
6361000 -2907.75 -4351.67 -1151.51
6362000 -2917.05 -4292.55 -1159.68
6363000 -2935.72 -4304.92 -1162.14
6364000 -2896.76 -4359.19 -1145.57
6365000 -2930.01 -4298.51 -1166.4
6366000 -2911.38 -4277.38 -1164.49
6367000 -2913.25 -4248.31 -1161.49
6368000 -2945.97 -4250.17 -1172.37
6369000 -2950.47 -4250.02 -1175.23
6370000 -2935.56 -4280.6 -1178.16
6371000 -2900.82 -4350.96 -1162.95
6372000 -2926.51 -4272.88 -1162.82
6373000 -2820.65 -4333.02 -1126.46
6374000 -2854.94 -4328.37 -1136.2
6375000 -2853.7 -4289.05 -1147.93
6376000 -2890.9 -4269.26 -1154.56
6377000 -2884.44 -4269.24 -1167.34
6378000 -2861.92 -4286.85 -1166.16
6379000 -2873.4 -4273.64 -1165.76
6380000 -2868.43 -4204.9 -1154.75
6381000 -2882.76 -4227.49 -1169.28
6382000 -2881.22 -4262.2 -1167.68
6383000 -2856.99 -4269.51 -1151.18
6384000 -2821.79 -4308.53 -1153.73
6385000 -2859.99 -4255.56 -1158.37
6386000 -2870.15 -4264 -1163.51
6387000 -2838.88 -4318.47 -1147.14
6388000 -2849.49 -4235.01 -1149.07
6389000 -2868.28 -4204.24 -1151.92
6390000 -2846.21 -4261.88 -1149.44
6391000 -2878.71 -4259.3 -1163.02
6392000 -2824.62 -4275.78 -1146.15
6393000 -2894.12 -4264.58 -1176.63
6394000 -2841.41 -4313.35 -1152.63
6395000 -2799.44 -4350.54 -1131.68
6396000 -2763.22 -4385.3 -1136.37
6397000 -2825.8 -4259.76 -1156.8
6398000 -2811.31 -4255.68 -1147.01
6399000 -2805.06 -4295.52 -1136.04
6400000 -2820.75 -4254.95 -1141.24
6401000 -2847.05 -4275.26 -1153.28
6402000 -2896.07 -4192.72 -1173.46
6403000 -2869.61 -4264.08 -1152.46
6404000 -2913.11 -4217.15 -1142.35
6405000 -2914.04 -4302.62 -1163.77
6406000 -2939.65 -4287.09 -1180.21
6407000 -2961.08 -4232.06 -1182.96
6408000 -2936.92 -4253.41 -1171.86
6409000 -2890.6 -4266.23 -1163.38
6410000 -2932.92 -4207.38 -1166.72
6411000 -2887.31 -4267.5 -1151.35
6412000 -2894.49 -4263 -1156.93
6413000 -2900.56 -4214.58 -1161.63
6414000 -2909.24 -4232.54 -1165.25
6415000 -2864.11 -4323 -1142.25
6416000 -2894.87 -4308.93 -1149.96
6417000 -2895.84 -4282.77 -1145.84
6418000 -2901.63 -4259.16 -1153.17
6419000 -2858.28 -4323.62 -1145.74
6420000 -2896.66 -4292.3 -1161.02
6421000 -2942.41 -4229.22 -1148.38
6422000 -2915.31 -4222.9 -1149.92
6423000 -2880.3 -4202.43 -1153.92
6424000 -2850.65 -4251.92 -1159.94
6425000 -2842.2 -4265.57 -1160.1
6426000 -2877.56 -4200.95 -1157.86
6427000 -2890.19 -4170.83 -1147.45
6428000 -2906.79 -4181.14 -1139.28
6429000 -2936.17 -4197.98 -1152.74
6430000 -2940.23 -4175.33 -1169.2
6431000 -2881.96 -4278.36 -1141.93
6432000 -2878.13 -4292 -1148.69
6433000 -2876.77 -4253.14 -1134.56
6434000 -2866.1 -4289.2 -1133.49
6435000 -2843.6 -4306.28 -1130.8
6436000 -2878.21 -4240.15 -1153.56
6437000 -2908.69 -4153.04 -1153.89
6438000 -2919.03 -4123.52 -1169.41
6439000 -2927.81 -4093.77 -1154.28
6440000 -2898.64 -4218.94 -1148.35
6441000 -2948.34 -4179.63 -1160.38
6442000 -2905.37 -4199.72 -1151.35
6443000 -2870.58 -4282.12 -1148.08
6444000 -2888.8 -4243.73 -1147.44
6445000 -2879.6 -4271.42 -1145.25
6446000 -2894.83 -4231.56 -1145.2
6447000 -2865.35 -4307.64 -1141.74
6448000 -2925.35 -4241.87 -1143.7
6449000 -2896.2 -4319.63 -1136.95
6450000 -2903.53 -4344.26 -1145.37
6451000 -2920.29 -4271 -1153.44
6452000 -2920.85 -4266.32 -1155.67
6453000 -2810.29 -4329.78 -1119.62
6454000 -2853.83 -4266.71 -1123.17
6455000 -2881.09 -4268.97 -1137.26
6456000 -2874.39 -4262.11 -1153.28
6457000 -2910.45 -4216.66 -1160.98
6458000 -2886.4 -4232.11 -1157.06
6459000 -2851.38 -4254.78 -1152.56
6460000 -2824.43 -4344.8 -1120.35
6461000 -2860.31 -4301.86 -1133.17
6462000 -2871.2 -4295.34 -1146.5
6463000 -2857.74 -4373.73 -1141.83
6464000 -2849.48 -4353.14 -1138.21
6465000 -2913.76 -4280.38 -1177.02
6466000 -2865.56 -4250.32 -1149.2
6467000 -2907.53 -4271.15 -1170.68
6468000 -2919.39 -4305.87 -1170.52
6469000 -2875.46 -4325.68 -1137.89
6470000 -2902.37 -4318.97 -1154.49
6471000 -2893.08 -4308.55 -1158.53
6472000 -2929.64 -4315.34 -1159.84
6473000 -2891.92 -4288.43 -1148.74
6474000 -2912.49 -4304.93 -1159.09
6475000 -2888.43 -4316.87 -1152.65
6476000 -2875.6 -4222.09 -1166.65
6477000 -2867.28 -4302.57 -1162.97
6478000 -2876.23 -4271.15 -1185.15
6479000 -2897.44 -4201.7 -1176.38
6480000 -2857.73 -4213.9 -1156.93
6481000 -2846.66 -4229.71 -1159.51
6482000 -2850.51 -4267.34 -1163.56
6483000 -2850.89 -4283.02 -1158.77
6484000 -2829.73 -4333.36 -1148.36
6485000 -2851.47 -4355.62 -1149.35
6486000 -2842.69 -4316.29 -1145.1
6487000 -2848.48 -4341.05 -1146.69
6488000 -2852.93 -4359.59 -1135.83
6489000 -2820.45 -4370.21 -1135.9
6490000 -2790.59 -4315.01 -1126.9
6491000 -2795.31 -4268.14 -1126.69
6492000 -2831.11 -4221.77 -1145.52
6493000 -2818.52 -4221.49 -1127.42
6494000 -2780.76 -4332.77 -1120.9
6495000 -2768.91 -4381.29 -1129.97
6496000 -2768.19 -4414.76 -1133.95
6497000 -2789.68 -4396.87 -1132.29
6498000 -2771.57 -4399.7 -1136.31
6499000 -2794.98 -4347.23 -1144.69
6500000 -2763.66 -4413.43 -1134.25
6501000 -2757.46 -4309.86 -1123.12
6502000 -2788.14 -4350.54 -1137.14
6503000 -2847.23 -4243.97 -1156.3
6504000 -2842.81 -4235.52 -1148.3
6505000 -2794.12 -4263.16 -1132.11
6506000 -2769.22 -4316.77 -1129.92
6507000 -2779.27 -4289.07 -1125.92
6508000 -2800.66 -4257.27 -1129.15
6509000 -2774.03 -4365.13 -1110.61
6510000 -2821.28 -4326.25 -1142.08
6511000 -2793.27 -4310.86 -1119.83
6512000 -2833.15 -4318.81 -1121.28
6513000 -2798.64 -4417.88 -1119.3
6514000 -2804.02 -4397.89 -1133.99
6515000 -2833.14 -4425.09 -1143.47
6516000 -2832.26 -4448.82 -1139.93
6517000 -2835.37 -4427.71 -1154.3
6518000 -2879.64 -4377.37 -1140.66
6519000 -2859.42 -4538.83 -1144.31
6520000 -2917.94 -4452.55 -1147.48
6521000 -2876.1 -4477.26 -1137.48
6522000 -2861.84 -4560.9 -1144.98
6523000 -2850.23 -4533.52 -1144.14
6524000 -2855.09 -4503.11 -1138.5
6525000 -2854.03 -4523.12 -1149.49
6526000 -2755.35 -4653.65 -1115.14
6527000 -2798.71 -4642.92 -1119.54
6528000 -2809.66 -4554.94 -1123.76
6529000 -2795.82 -4640.24 -1115.57
6530000 -2800.16 -4560.16 -1123.6
6531000 -2797.61 -4598.19 -1109.65
6532000 -2779.82 -4598.76 -1108.42
6533000 -2733.41 -4665.68 -1091.66
6534000 -2769.25 -4570.89 -1099.04
6535000 -2775.25 -4678.81 -1113.95
6536000 -2788.04 -4630.76 -1113.31
6537000 -2821.83 -4565.47 -1110.56
6538000 -2772.22 -4691.39 -1095.08
6539000 -2795.05 -4650.78 -1107.14
6540000 -2793.96 -4673.41 -1108.92
6541000 -2795.61 -4610.18 -1100.4
6542000 -2836.58 -4560.6 -1118.74
6543000 -2818.89 -4553.48 -1113.08
6544000 -2803.59 -4495.39 -1102.19
6545000 -2808.7 -4459.39 -1102.53
6546000 -2814.36 -4522.19 -1115.5
6547000 -2807.06 -4516.92 -1104.49
6548000 -2823.11 -4456.11 -1112.86
6549000 -2824.15 -4449.14 -1119.71
6550000 -2870.3 -4453.58 -1127.91
6551000 -2843.42 -4454.5 -1128.21
6552000 -2837.73 -4432.03 -1126.35
6553000 -2818.24 -4516.83 -1121.91
6554000 -2809.61 -4567.33 -1121.12
6555000 -2847.51 -4443.61 -1131.88
6556000 -2883.99 -4433.83 -1140.7
6557000 -2823.42 -4493.08 -1123.11
6558000 -2822.1 -4490.28 -1114.54
6559000 -2807.32 -4490.22 -1115.37
6560000 -2823.62 -4518.5 -1141.54
6561000 -2771.41 -4551.88 -1113.6
6562000 -2843.47 -4447.74 -1127.04
6563000 -2866.18 -4413.47 -1140.56
6564000 -2883.72 -4417.22 -1138.27
6565000 -2880.77 -4471.44 -1137.07
6566000 -2872.21 -4410.19 -1128.66
6567000 -2805.26 -4477.78 -1123.1
6568000 -2822.8 -4465.97 -1139.86
6569000 -2861.68 -4383.03 -1143.08
6570000 -2881.82 -4359.28 -1142.85
6571000 -2817.1 -4441.29 -1115.9
6572000 -2834.15 -4456.02 -1112.54
6573000 -2832.18 -4379.44 -1114.43
6574000 -2783.3 -4367.59 -1103.89
6575000 -2816.46 -4408.44 -1128.81
6576000 -2870.07 -4328.45 -1145.11
6577000 -2900.71 -4300.82 -1158.89
6578000 -2889.93 -4367.66 -1151.14
6579000 -2921.34 -4285.99 -1160.42
6580000 -2922.3 -4310.24 -1154.87
6581000 -2859.8 -4372.75 -1142.07
6582000 -2829.81 -4342.56 -1128.48
6583000 -2862.79 -4326.24 -1138.2
6584000 -2862.08 -4324.24 -1143.34
6585000 -2832.37 -4309.81 -1125.05
6586000 -2843.44 -4284.62 -1129.41
6587000 -2832.72 -4341.66 -1138.16
6588000 -2859.02 -4304.68 -1134.75
6589000 -2873.75 -4320.83 -1137.54
6590000 -2825.55 -4298.37 -1118.5
6591000 -2827.88 -4416.87 -1108.54
6592000 -2809.96 -4424.58 -1104.43
6593000 -2787.69 -4486.74 -1105.72
6594000 -2795.04 -4459.34 -1118.65
6595000 -2742.99 -4495.24 -1094.14
6596000 -2744.84 -4563.96 -1105.66
6597000 -2749.31 -4503.72 -1109.81
6598000 -2802.49 -4475.81 -1126.85
6599000 -2768.13 -4546.07 -1114.22
6600000 -2822.66 -4434.88 -1128.76
6601000 -2801.52 -4423.88 -1130.6
6602000 -2790.21 -4502.47 -1118.64
6603000 -2796.1 -4411.65 -1126.48
6604000 -2797.45 -4410.95 -1115.98
6605000 -2795.13 -4473.38 -1108.82
6606000 -2778.11 -4446.23 -1102.19
6607000 -2815.26 -4476.08 -1109.85
6608000 -2843.94 -4468.78 -1126.81
6609000 -2807.98 -4410.05 -1117.25
6610000 -2753.55 -4433.7 -1109.79
6611000 -2738.14 -4465.99 -1100.71
6612000 -2764.13 -4446.33 -1113.39
6613000 -2760.71 -4402.27 -1132.35
6614000 -2822.05 -4321.64 -1130.23
6615000 -2810.54 -4398.5 -1113.13
6616000 -2799.97 -4401.92 -1126.29
6617000 -2795.24 -4425.12 -1122.61
6618000 -2751.46 -4491.41 -1121.62
6619000 -2694.48 -4489.38 -1096.62
6620000 -2731.58 -4538.76 -1110.05
6621000 -2773.99 -4489.22 -1129.62
6622000 -2782.7 -4452.81 -1127.05
6623000 -2754.84 -4509.82 -1108.61
6624000 -2749.39 -4490.67 -1086.78
6625000 -2738.49 -4483.57 -1094.44
6626000 -2732.27 -4520.94 -1082.02
6627000 -2740.77 -4555.83 -1073.39
6628000 -2749.23 -4498.02 -1090.26
6629000 -2756.5 -4465.77 -1092.44
6630000 -2773.12 -4477.19 -1088.42
6631000 -2773.15 -4525.16 -1092.76
6632000 -2766 -4503.64 -1112.36
6633000 -2765.15 -4516.26 -1094.13
6634000 -2786.42 -4484.65 -1116.42
6635000 -2791.5 -4500.01 -1116.06
6636000 -2815.78 -4451 -1122.98
6637000 -2835.19 -4438.29 -1130.23
6638000 -2843.75 -4479.42 -1122.87
6639000 -2778.3 -4502.39 -1107.02
6640000 -2802.59 -4463.53 -1114.97
6641000 -2811.66 -4515 -1120.7
6642000 -2805.02 -4555.49 -1124.95
6643000 -2783.14 -4522.42 -1116.73
6644000 -2797.55 -4458.41 -1137
6645000 -2825.72 -4427.07 -1144.13
6646000 -2839.18 -4432.45 -1136.62
6647000 -2798.41 -4450.87 -1109.44
6648000 -2785.95 -4472.65 -1114.09
6649000 -2782.31 -4415.4 -1112.23
6650000 -2825.01 -4352.4 -1132.15
6651000 -2804.65 -4437.17 -1119.15
6652000 -2808.96 -4360.49 -1122.17
6653000 -2812.51 -4336.7 -1112.12
6654000 -2813.54 -4277.94 -1123.4
6655000 -2819.52 -4292.69 -1134.93
6656000 -2856.25 -4288.65 -1147.61
6657000 -2807.24 -4335.61 -1122.3
6658000 -2783.8 -4359.74 -1126.93
6659000 -2773.6 -4470.95 -1120.23
6660000 -2761.53 -4343.66 -1129.73
6661000 -2772.34 -4346.51 -1123.87
6662000 -2798.79 -4358.97 -1138.58
6663000 -2779.67 -4387.6 -1132.51
6664000 -2758.12 -4356.51 -1117.24
6665000 -2760.79 -4330.09 -1098.48
6666000 -2734.95 -4404.4 -1091.55
6667000 -2723.8 -4406.81 -1089.97
6668000 -2750.38 -4341.31 -1109.64
6669000 -2744.45 -4291.62 -1086.94
6670000 -2755.86 -4370.65 -1110.57
6671000 -2766.92 -4379.68 -1100.23
6672000 -2758.16 -4372.5 -1098.14
6673000 -2794.3 -4360.78 -1121.32
6674000 -2747.45 -4411.83 -1088.42
6675000 -2760.48 -4376.17 -1093.96
6676000 -2790.9 -4418.09 -1106.2
6677000 -2785.98 -4349.27 -1112.16
6678000 -2775.41 -4324.93 -1118.85
6679000 -2760.92 -4347.37 -1107.23
6680000 -2844.77 -4255.4 -1128.69
6681000 -2842.97 -4285.12 -1137.21
6682000 -2791.53 -4344.99 -1120
6683000 -2800.01 -4382.66 -1121.36
6684000 -2844.71 -4380.03 -1142.82
6685000 -2822.18 -4353.51 -1124.02
6686000 -2822.37 -4300.54 -1136.97
6687000 -2819.54 -4295.74 -1132.74
6688000 -2798.04 -4373.17 -1130.51
6689000 -2796.91 -4386.79 -1116.04
6690000 -2849.76 -4325.95 -1143.77
6691000 -2809.69 -4366.34 -1134.74
6692000 -2775.46 -4346.55 -1131.59
6693000 -2784.09 -4388.87 -1125.96
6694000 -2789.48 -4369.21 -1117.41
6695000 -2812.83 -4352.79 -1126.46
6696000 -2784.49 -4383.63 -1116.32
6697000 -2756.3 -4425.63 -1113.46
6698000 -2768.15 -4425.41 -1103.05
6699000 -2785.76 -4396.35 -1115.33
6700000 -2755.21 -4427.04 -1107.38
6701000 -2748.95 -4424.46 -1109.1
6702000 -2790.85 -4401.62 -1110.33
6703000 -2805.96 -4367.84 -1106.95
6704000 -2780.03 -4413.32 -1096.13
6705000 -2739.58 -4402.21 -1081.99
6706000 -2764.56 -4360.54 -1091.18
6707000 -2705.69 -4386.14 -1085.38
6708000 -2731.19 -4378.71 -1094.71
6709000 -2756.61 -4364.84 -1098.87
6710000 -2743.37 -4333.71 -1096.28
6711000 -2752.34 -4379.42 -1100.82
6712000 -2763.66 -4385.62 -1103.11
6713000 -2761.77 -4411.19 -1104.07
6714000 -2805.95 -4323.52 -1108.3
6715000 -2817.86 -4349.79 -1116.17
6716000 -2797.33 -4359.87 -1119
6717000 -2791 -4388.97 -1120.16
6718000 -2813.04 -4344.95 -1132.69
6719000 -2828.29 -4356.32 -1139.97
6720000 -2826.84 -4389.82 -1130.88
6721000 -2851.87 -4313.24 -1133.8
6722000 -2858.43 -4311.93 -1137.62
6723000 -2785.44 -4383.05 -1131.77
6724000 -2788.2 -4383.93 -1132.69
6725000 -2823.85 -4368.35 -1128.79
6726000 -2824.35 -4389.07 -1147.48
6727000 -2803.51 -4408.9 -1123.86
6728000 -2798.84 -4398.6 -1114.73
6729000 -2755.52 -4357.63 -1088.48
6730000 -2760.36 -4403.04 -1085.2
6731000 -2770.76 -4356.8 -1097.75
6732000 -2770.16 -4353.17 -1103.71
6733000 -2759.87 -4358.93 -1104.88
6734000 -2805.84 -4314.4 -1113.47
6735000 -2765.18 -4309.93 -1093.17
6736000 -2763.47 -4368.94 -1092.83
6737000 -2730.02 -4384.77 -1090.05
6738000 -2761.4 -4366.37 -1100.19
6739000 -2760.19 -4397.29 -1103.01
6740000 -2747.79 -4407.27 -1113.56
6741000 -2788.98 -4373.27 -1129.07
6742000 -2779.81 -4377.17 -1131.26
6743000 -2772.64 -4372.61 -1112.52
6744000 -2757.08 -4364.72 -1092.89
6745000 -2758.04 -4412.31 -1094.96
6746000 -2741.43 -4404.43 -1089.51
6747000 -2733.75 -4450.15 -1095.23
6748000 -2766.95 -4384.46 -1092.87
6749000 -2772.97 -4402.4 -1115.57
6750000 -2743.51 -4430.61 -1091.13
6751000 -2759.58 -4443.28 -1105.49
6752000 -2712.2 -4416.2 -1087.36
6753000 -2720.63 -4393.09 -1104.82
6754000 -2755.62 -4355.65 -1111.1
6755000 -2729 -4368.42 -1100.92
6756000 -2751.09 -4414.09 -1106.16
6757000 -2715.07 -4406.4 -1079.11
6758000 -2726.55 -4343.81 -1093.69
6759000 -2720.19 -4414.67 -1102.86
6760000 -2752.98 -4407.55 -1103.2
6761000 -2756.67 -4428.58 -1100.83
6762000 -2794.26 -4393.1 -1118.01
6763000 -2791.3 -4355.54 -1116.35
6764000 -2764.47 -4433.91 -1103.5
6765000 -2759.72 -4402.68 -1101.53
6766000 -2743.11 -4463.07 -1100.06
6767000 -2744.27 -4409.95 -1087.6
6768000 -2743.23 -4380.12 -1088.28
6769000 -2739.6 -4451.25 -1100.4
6770000 -2713.25 -4398.16 -1098.91
6771000 -2784.18 -4362.59 -1123.87
6772000 -2760.15 -4415.04 -1105.82
6773000 -2802.89 -4362.81 -1109.31
6774000 -2798.54 -4370.89 -1120.97
6775000 -2828.89 -4310.48 -1129.05
6776000 -2820 -4332.59 -1128.66
6777000 -2772.74 -4330.47 -1108.92
6778000 -2704.97 -4415.66 -1094.97
6779000 -2702.14 -4471.08 -1095.29
6780000 -2690.71 -4543.04 -1098.25
6781000 -2784.09 -4383.54 -1127.77
6782000 -2843.05 -4454.57 -1143.58
6783000 -2834.7 -4486.13 -1140.34
6784000 -2788.83 -4516.77 -1122.6
6785000 -2774.36 -4447.75 -1110.11
6786000 -2751.35 -4362.41 -1110.86
6787000 -2754.56 -4407.5 -1105.45
6788000 -2746.1 -4437.5 -1110.65
6789000 -2722.36 -4468.83 -1087.07
6790000 -2719.97 -4486.59 -1082.47
6791000 -2775.74 -4453.63 -1096.48
6792000 -2753.14 -4470.46 -1094.96
6793000 -2777.51 -4481.64 -1093.79
6794000 -2744.95 -4508.85 -1103.55
6795000 -2743.96 -4450.99 -1092.46
6796000 -2749.3 -4414.54 -1092.33
6797000 -2783.38 -4394.85 -1110.65
6798000 -2749.96 -4513.79 -1104.75
6799000 -2719.3 -4556.73 -1093.22
6800000 -2738.36 -4554.74 -1080.62
6801000 -2758.11 -4552.29 -1080.49
6802000 -2732.58 -4565.84 -1086.25
6803000 -2720.03 -4513.95 -1086.18
6804000 -2712.59 -4549.61 -1081.4
6805000 -2729.34 -4543.82 -1079.41
6806000 -2787.26 -4442.08 -1108.49
6807000 -2766.59 -4508.86 -1125.43
6808000 -2803.03 -4480.62 -1132.16
6809000 -2805.59 -4412.59 -1119.33
6810000 -2774.11 -4448.73 -1126.67
6811000 -2794.6 -4449.97 -1119.9
6812000 -2770.73 -4494.21 -1112.96
6813000 -2751.43 -4502.74 -1096.48
6814000 -2744.02 -4468.89 -1096
6815000 -2737.08 -4486.08 -1091.91
6816000 -2781.98 -4530.54 -1120.08
6817000 -2802.83 -4439.3 -1131.25
6818000 -2830.84 -4407.22 -1138.25
6819000 -2799.31 -4410.68 -1134.19
6820000 -2803.82 -4391.72 -1134.32
6821000 -2781.76 -4398.17 -1111.84
6822000 -2767.67 -4411.09 -1109.06
6823000 -2775.4 -4448.11 -1118.43
6824000 -2797.29 -4397.13 -1120.57
6825000 -2843.17 -4384.07 -1140.12
6826000 -2864.49 -4364.43 -1145.53
6827000 -2848.72 -4351.22 -1141.52
6828000 -2788.12 -4403.46 -1119.3
6829000 -2779.53 -4432.1 -1120.89
6830000 -2815.24 -4378.13 -1131.6
6831000 -2841.03 -4330.98 -1138.66
6832000 -2846.89 -4364.68 -1131.97
6833000 -2817.56 -4360.14 -1122.2
6834000 -2829.24 -4364.67 -1123.37
6835000 -2807.39 -4304.93 -1123.22
6836000 -2813.6 -4347.47 -1126.24
6837000 -2751.88 -4361.73 -1108.73
6838000 -2765.46 -4391.68 -1112.36
6839000 -2779.15 -4354.75 -1112.91
6840000 -2784.8 -4330.1 -1108.4
6841000 -2709.2 -4437.55 -1084.09
6842000 -2746.6 -4373.53 -1102.03
6843000 -2784.22 -4376.25 -1114.66
6844000 -2764.48 -4439.73 -1101.71
6845000 -2758.67 -4455.46 -1094.34
6846000 -2726.38 -4480.05 -1091.51
6847000 -2760.54 -4406.3 -1103.89
6848000 -2732.6 -4451.42 -1092.41
6849000 -2763.89 -4432.49 -1110.25
6850000 -2753.18 -4459.92 -1094.55
6851000 -2790.04 -4352.22 -1109.6
6852000 -2746.21 -4367.02 -1107.33
6853000 -2732.95 -4388.17 -1091.52
6854000 -2710.58 -4463.26 -1079.06
6855000 -2740.27 -4440.91 -1091.07
6856000 -2751.48 -4444.11 -1083.91
6857000 -2744.2 -4426.43 -1082.07
6858000 -2758.57 -4498.5 -1086.86
6859000 -2764.57 -4485.64 -1114.23
6860000 -2750.15 -4432.84 -1092.82
6861000 -2723.01 -4477.59 -1091.15
6862000 -2672.7 -4531.32 -1071.23
6863000 -2685.06 -4517.7 -1077.84
6864000 -2743.39 -4503.9 -1111.59
6865000 -2724.88 -4531.92 -1100.95
6866000 -2778.87 -4408.71 -1114.7
6867000 -2798.02 -4407.84 -1108.37
6868000 -2769.39 -4429.61 -1096.25
6869000 -2807.57 -4350.59 -1109.42
6870000 -2751.31 -4434.74 -1100.37
6871000 -2752.45 -4438.83 -1115.31
6872000 -2730.63 -4444.42 -1099.39
6873000 -2677.87 -4508.05 -1073.83
6874000 -2725.62 -4452.93 -1088.78
6875000 -2732.75 -4454.52 -1092.85
6876000 -2767.09 -4422.83 -1097.32
6877000 -2749.14 -4417.48 -1099.87
6878000 -2803.56 -4335.13 -1128.2
6879000 -2852.48 -4346.42 -1146.34
6880000 -2839.35 -4396.37 -1132.68
6881000 -2813.19 -4462.48 -1136.42
6882000 -2831.5 -4465.43 -1140.78
6883000 -2826.34 -4479.49 -1133.66
6884000 -2830.43 -4486.4 -1114.85
6885000 -2795.21 -4453.93 -1113.13
6886000 -2793.78 -4387.47 -1108.54
6887000 -2819.92 -4356.85 -1129.08
6888000 -2804.46 -4359.44 -1131.63
6889000 -2720.22 -4440.45 -1087.46
6890000 -2716.47 -4385.25 -1078.73
6891000 -2759.81 -4347.21 -1101.04
6892000 -2749.83 -4342.81 -1087.25
6893000 -2754.5 -4288.43 -1082.09
6894000 -2751.81 -4336.8 -1080.25
6895000 -2721.32 -4387 -1093.02
6896000 -2762.14 -4380.16 -1101.78
6897000 -2742.42 -4439.05 -1096.36
6898000 -2712.96 -4447.69 -1104.63
6899000 -2715.3 -4431.17 -1090.78
6900000 -2707.9 -4440.36 -1097.89
6901000 -2721.5 -4403.48 -1096.27
6902000 -2721 -4421.89 -1089.32
6903000 -2735.7 -4392.36 -1091.82
6904000 -2724.07 -4367.26 -1104.74
6905000 -2713.88 -4414.92 -1098.48
6906000 -2729.55 -4346.99 -1096.75
6907000 -2730.55 -4419.34 -1097.48
6908000 -2733.16 -4357.95 -1106.78
6909000 -2697.8 -4401.74 -1085.34
6910000 -2762.69 -4373.45 -1118.28
6911000 -2759.23 -4399.45 -1104.51
6912000 -2809.84 -4326.53 -1118.06
6913000 -2733.33 -4467.29 -1093.95
6914000 -2779.53 -4356.41 -1122.37
6915000 -2744.98 -4410.14 -1119.48
6916000 -2757.36 -4408.61 -1108.97
6917000 -2798.48 -4381.44 -1121.26
6918000 -2794.36 -4320.7 -1123.15
6919000 -2816.99 -4242.79 -1136.11
6920000 -2801.96 -4249.92 -1132.93
6921000 -2791.74 -4236.75 -1105.82
6922000 -2830.9 -4197.01 -1123.81
6923000 -2812.14 -4252.41 -1109.46
6924000 -2812.08 -4329.73 -1124.47
6925000 -2786.94 -4345.94 -1115.92
6926000 -2751.48 -4341.99 -1082.81
6927000 -2750.96 -4327.95 -1078.17
6928000 -2748.08 -4429.26 -1081.66
6929000 -2738.35 -4407.75 -1094.88
6930000 -2734.49 -4415.76 -1092.21
6931000 -2727.96 -4347.92 -1094.43
6932000 -2718.32 -4346.61 -1090.7
6933000 -2785.29 -4357.02 -1110.2
6934000 -2798.48 -4290.49 -1109.06
6935000 -2854.46 -4206.67 -1131.4
6936000 -2778.67 -4308.51 -1086.43
6937000 -2746.28 -4318.39 -1088.68
6938000 -2708.17 -4395.19 -1098.26
6939000 -2739.35 -4317.6 -1108.81
6940000 -2791.11 -4300.77 -1124.07
6941000 -2818.96 -4235.86 -1124.52
6942000 -2798.9 -4235.68 -1111.8
6943000 -2762.94 -4273.17 -1111.19
6944000 -2781.57 -4309.12 -1120.79
6945000 -2812.37 -4299.46 -1135.07
6946000 -2752.63 -4338.92 -1106.3
6947000 -2742.96 -4408.62 -1101.03
6948000 -2779.53 -4412.21 -1101.56
6949000 -2828.53 -4356.07 -1134.93
6950000 -2757.3 -4418.69 -1116.92
6951000 -2792.2 -4317.74 -1115.9
6952000 -2840.41 -4321.33 -1138.53
6953000 -2827.55 -4271.69 -1138.34
6954000 -2793.45 -4319.69 -1131.59
6955000 -2787.93 -4363.91 -1105.21
6956000 -2841.72 -4330.4 -1115.27
6957000 -2824.26 -4337.28 -1123.5
6958000 -2782.48 -4380.28 -1111.11
6959000 -2759.01 -4364.83 -1110.95
6960000 -2795.82 -4290.14 -1140.41
6961000 -2799.48 -4270.88 -1130.11
6962000 -2815.09 -4258.08 -1138.19
6963000 -2790.24 -4241.55 -1115.21
6964000 -2777.34 -4268.07 -1100.95
6965000 -2806.72 -4289.57 -1124.1
6966000 -2775.87 -4342.84 -1110.9
6967000 -2809.94 -4299.32 -1124.34
6968000 -2797.62 -4286.04 -1116.84
6969000 -2763 -4366.66 -1114.75
6970000 -2785.03 -4464.8 -1119.17
6971000 -2792.83 -4451.29 -1108.53
6972000 -2778.94 -4422.58 -1114.38
6973000 -2775.27 -4474.66 -1104.73
6974000 -2793.38 -4434.58 -1106.78
6975000 -2786.43 -4390.56 -1102.55
6976000 -2814.6 -4460.92 -1103.77
6977000 -2820.57 -4363.79 -1120.66
6978000 -2817.54 -4358.87 -1117.26
6979000 -2786.38 -4419.36 -1105.84
6980000 -2835.8 -4352.12 -1120.55
6981000 -2812.33 -4378.78 -1126.24
6982000 -2807.22 -4390.17 -1126.55
6983000 -2857.32 -4346.09 -1145.91
6984000 -2852.91 -4317.42 -1139.44
6985000 -2839.89 -4356.6 -1131.45
6986000 -2823.7 -4378 -1127.44
6987000 -2835.06 -4351.17 -1139.23
6988000 -2839.92 -4362.1 -1148.8
6989000 -2801.89 -4392.33 -1118.69
6990000 -2793.93 -4389.7 -1107.55
6991000 -2770.85 -4431.5 -1121.5
6992000 -2799.7 -4368.91 -1121.56
6993000 -2766.67 -4386.46 -1131.35
6994000 -2781.28 -4414.03 -1133.18
6995000 -2749.8 -4414.64 -1113.92
6996000 -2761.6 -4416.61 -1111.37
6997000 -2710.29 -4445.53 -1092.45
6998000 -2747.49 -4423.73 -1116.93
6999000 -2807.69 -4410.43 -1142.71
7000000 -2806.14 -4469.78 -1123.65
7001000 -2820.11 -4428.54 -1128.42
7002000 -2854.11 -4427.97 -1139.54
7003000 -2900.49 -4343.08 -1160.72
7004000 -2831.75 -4411.61 -1133.25
7005000 -2850.34 -4361.53 -1149.08
7006000 -2895.13 -4395.27 -1175.04
7007000 -2885.53 -4437.23 -1163.52
7008000 -2866.82 -4406.43 -1130.51
7009000 -2857.96 -4363.46 -1130.97
7010000 -2838.51 -4437.5 -1124.02
7011000 -2836.65 -4427.13 -1132.59
7012000 -2843.45 -4450.68 -1137.77
7013000 -2811.65 -4445.51 -1135.33
7014000 -2785.2 -4428.66 -1122.5
7015000 -2845.91 -4395 -1148.49
7016000 -2794.01 -4444.56 -1122.61
7017000 -2803.22 -4433.73 -1118.3
7018000 -2804.63 -4391.07 -1132.07
7019000 -2755.24 -4422.22 -1126
7020000 -2788.89 -4432.04 -1118.99
7021000 -2774.12 -4433.67 -1124.6
7022000 -2756.69 -4530.68 -1116.61
7023000 -2732.8 -4532.47 -1109.95
7024000 -2778.4 -4483.2 -1135.55
7025000 -2799.43 -4465.28 -1126.79
7026000 -2817.22 -4511.69 -1130.6
7027000 -2857.33 -4452.75 -1140.27
7028000 -2802.95 -4523.78 -1113.26
7029000 -2843.29 -4458.72 -1146.44
7030000 -2878.06 -4445.29 -1159.42
7031000 -2876.77 -4466.49 -1169.22
7032000 -2927.19 -4390.19 -1171.16
7033000 -2864.06 -4478.18 -1159.8
7034000 -2850.82 -4536.17 -1152.42
7035000 -2850.81 -4563.24 -1144.52
7036000 -2825.94 -4506.9 -1125.72
7037000 -2850.43 -4424.14 -1121.32
7038000 -2840.88 -4507.23 -1117.26
7039000 -2812.89 -4567.95 -1116.89
7040000 -2811.2 -4520.75 -1123.71
7041000 -2806.04 -4542.54 -1123.75
7042000 -2819.03 -4566.76 -1110.62
7043000 -2774.1 -4582.85 -1104.93
7044000 -2808 -4591.18 -1128.23
7045000 -2814.31 -4598.12 -1118.64
7046000 -2808.72 -4568.35 -1127.71
7047000 -2788.65 -4544.3 -1104.33
7048000 -2780.21 -4614.63 -1096.66
7049000 -2778.39 -4534.41 -1112
7050000 -2801.95 -4405.64 -1106.58
7051000 -2819.01 -4409.56 -1101.85
7052000 -2779.02 -4480.83 -1108.65
7053000 -2789.92 -4457.95 -1108.68
7054000 -2817.15 -4501.96 -1122.1
7055000 -2846.94 -4436.2 -1118.58
7056000 -2779.71 -4549.38 -1122.74
7057000 -2720.5 -4553.96 -1122.98
7058000 -2755.62 -4490.13 -1117.9
7059000 -2775.54 -4533.2 -1119.45
7060000 -2769.66 -4505.96 -1118.72
7061000 -2791.05 -4470.7 -1114.23
7062000 -2755.97 -4502.89 -1099.89
7063000 -2789.3 -4523.77 -1124.57
7064000 -2767.33 -4515.51 -1114.25
7065000 -2743.8 -4599.81 -1109.59
7066000 -2765.79 -4542.2 -1116.29
7067000 -2760.7 -4457.95 -1114.22
7068000 -2746.41 -4470.72 -1130.93
7069000 -2708.11 -4519.64 -1108.47
7070000 -2767.02 -4522.04 -1122
7071000 -2762.04 -4528.72 -1109.17
7072000 -2778.94 -4546.31 -1116.1
7073000 -2743.3 -4539.1 -1096.76
7074000 -2754.79 -4494.62 -1113
7075000 -2720.96 -4490.82 -1118.95
7076000 -2764.61 -4436.15 -1136.56
7077000 -2780 -4452.01 -1133.33
7078000 -2739.44 -4486.83 -1128.8
7079000 -2721.52 -4523.47 -1130.98
7080000 -2759.84 -4428.54 -1123.68
7081000 -2738.11 -4507.49 -1105.36
7082000 -2790.75 -4476.91 -1121.61
7083000 -2787.18 -4448.65 -1114.05
7084000 -2751.81 -4510.08 -1115.42
7085000 -2772.13 -4446.12 -1134.51
7086000 -2741.21 -4522.03 -1136.01
7087000 -2734.11 -4554.91 -1125.52
7088000 -2783.4 -4467.43 -1134.33
7089000 -2778.86 -4475.12 -1115.83
7090000 -2758.03 -4510.45 -1103.5
7091000 -2761.59 -4542.39 -1115.39
7092000 -2835.65 -4446.03 -1152.51
7093000 -2803.6 -4529.86 -1139.69
7094000 -2823.71 -4553.65 -1137.19
7095000 -2776.11 -4633.23 -1126.74
7096000 -2815.47 -4566.26 -1132.84
7097000 -2770.12 -4580.6 -1113.17
7098000 -2767.92 -4517.31 -1124.88
7099000 -2800.59 -4526.05 -1134.64
7100000 -2786.7 -4422.11 -1136.7
7101000 -2790.25 -4412.91 -1126.78
7102000 -2772.26 -4474.46 -1137.24
7103000 -2746.16 -4500.53 -1123.48
7104000 -2726.97 -4483.95 -1109.43
7105000 -2721.75 -4484.25 -1097.99
7106000 -2731.83 -4460.94 -1113.91
7107000 -2797.16 -4431.17 -1138.68
7108000 -2810.32 -4435.81 -1154.95
7109000 -2829.19 -4420.35 -1161.63
7110000 -2815.55 -4460.05 -1146.15
7111000 -2817 -4473.45 -1134.49
7112000 -2850.25 -4507 -1142.83
7113000 -2837.7 -4520.21 -1140.66
7114000 -2841.33 -4422.36 -1145.12
7115000 -2857.4 -4392.27 -1152.27
7116000 -2863.02 -4310.81 -1147.21
7117000 -2865.93 -4348.39 -1145.47
7118000 -2850.25 -4383.47 -1141.68
7119000 -2790.12 -4474.04 -1130.05
7120000 -2765.4 -4466.99 -1130.39
7121000 -2773.77 -4407.03 -1136.02
7122000 -2755.43 -4416.71 -1124.67
7123000 -2824.65 -4373.02 -1135.75
7124000 -2817.38 -4342.36 -1132.37
7125000 -2794.28 -4383.48 -1135.42
7126000 -2782.4 -4461.72 -1128.63
7127000 -2753.01 -4488.5 -1102.2
7128000 -2725.34 -4554.03 -1095.97
7129000 -2740.78 -4560.69 -1090.51
7130000 -2740.56 -4613.92 -1093.44
7131000 -2738.3 -4670.52 -1100.31
7132000 -2731.18 -4561.2 -1107.78
7133000 -2740.64 -4575.15 -1129.88
7134000 -2809.07 -4509.7 -1145.95
7135000 -2799.24 -4475.78 -1132.74
7136000 -2771.67 -4511.34 -1136.28
7137000 -2782.02 -4422.13 -1126.64
7138000 -2789.96 -4447.76 -1117.4
7139000 -2796.67 -4469.56 -1120.33
7140000 -2778.56 -4476.31 -1134.75
7141000 -2765.14 -4467.34 -1130.56
7142000 -2738.99 -4459.99 -1113.73
7143000 -2770.32 -4517.4 -1108.07
7144000 -2798.4 -4462.07 -1117.79
7145000 -2801.11 -4479.08 -1135.37
7146000 -2775.84 -4487.82 -1114.05
7147000 -2744.45 -4509.27 -1112.06
7148000 -2769.48 -4501 -1126.71
7149000 -2758.46 -4504.27 -1129.27
7150000 -2790.84 -4467.27 -1142.03
7151000 -2788.74 -4515.94 -1139.14
7152000 -2822.47 -4450.62 -1154.25
7153000 -2833.43 -4450.58 -1156.31
7154000 -2799.09 -4481.91 -1146.27
7155000 -2714.7 -4514.99 -1106.63
7156000 -2714.78 -4473.66 -1097.47
7157000 -2695.32 -4396.34 -1091.73
7158000 -2694.84 -4365.51 -1089.33
7159000 -2755.77 -4289.63 -1106.81
7160000 -2760.2 -4305.5 -1106.31
7161000 -2754.34 -4291.49 -1099.12
7162000 -2739.89 -4334.96 -1094.77
7163000 -2761.05 -4317.27 -1099.32
7164000 -2777.53 -4329.03 -1112.42
7165000 -2719.88 -4472.31 -1100.03
7166000 -2714.04 -4439.34 -1101.04
7167000 -2747.99 -4366.92 -1109.02
7168000 -2735.4 -4382.17 -1106.64
7169000 -2706.1 -4465.65 -1103.47
7170000 -2784.35 -4361.87 -1113.41
7171000 -2755.93 -4367.63 -1126.3
7172000 -2727.64 -4413.04 -1092.41
7173000 -2697.14 -4469.33 -1102.82
7174000 -2703.92 -4437.87 -1089.31
7175000 -2708.6 -4405.76 -1085.15
7176000 -2683.02 -4464.6 -1083.29
7177000 -2725.88 -4411.86 -1090.61
7178000 -2710.15 -4432.82 -1096.38
7179000 -2750.72 -4366.71 -1095.97
7180000 -2759.94 -4347.34 -1109.35
7181000 -2734.66 -4298.22 -1111.33
7182000 -2748.09 -4252.07 -1114.94
7183000 -2718.22 -4299.4 -1112.2
7184000 -2717.59 -4367.41 -1100.34
7185000 -2717.5 -4332.79 -1091.47
7186000 -2723.63 -4380.62 -1108.75
7187000 -2780.77 -4291.68 -1132.73
7188000 -2738.36 -4308.84 -1118.88
7189000 -2706.36 -4383.6 -1114.6
7190000 -2742.15 -4288.05 -1102.19
7191000 -2735.45 -4348.79 -1121.55
7192000 -2713.04 -4361.13 -1107.63
7193000 -2745.47 -4351.56 -1096.56
7194000 -2768.55 -4311.14 -1107.86
7195000 -2807.61 -4302.02 -1123.11
7196000 -2796.1 -4295.23 -1114.6
7197000 -2807.56 -4316.55 -1117.9
7198000 -2793.29 -4353.18 -1107.63
7199000 -2812.15 -4340.43 -1115.79
7200000 -2825.29 -4262.79 -1123.06
7201000 -2823.92 -4300.7 -1132.11
7202000 -2810.4 -4314.39 -1131
7203000 -2844.72 -4278.64 -1139.51
7204000 -2846.33 -4332.5 -1158.97
7205000 -2812.21 -4367.67 -1145.26
7206000 -2810.33 -4281.34 -1149.6
7207000 -2844.05 -4282.54 -1154.58
7208000 -2838.34 -4252.86 -1138.13
7209000 -2831.1 -4262.56 -1131.68
7210000 -2820.93 -4276.3 -1123.92
7211000 -2814.03 -4268.88 -1119.33
7212000 -2829.76 -4237.01 -1110.8
7213000 -2845.62 -4226.35 -1121.96
7214000 -2831.32 -4285.13 -1114.99
7215000 -2800.1 -4274.85 -1120.88
7216000 -2825.34 -4306.47 -1119.63
7217000 -2795.89 -4291.83 -1111.54
7218000 -2789.39 -4274 -1098.88
7219000 -2773.79 -4305.35 -1102.2
7220000 -2755.58 -4403.16 -1099.26
7221000 -2772.72 -4384.53 -1101.19
7222000 -2755.35 -4387.46 -1106.21
7223000 -2748.89 -4389.62 -1099.86
7224000 -2757.86 -4334.63 -1107.55
7225000 -2702.88 -4356.74 -1087.38
7226000 -2691.55 -4364.07 -1071.58
7227000 -2743.33 -4397.22 -1090.32
7228000 -2735 -4408.35 -1083.94
7229000 -2723.91 -4431.52 -1091.08
7230000 -2760.21 -4384.04 -1121.68
7231000 -2775.2 -4334.85 -1116.62
7232000 -2754.19 -4392.87 -1107.84
7233000 -2781.83 -4327.28 -1112.82
7234000 -2757.11 -4347.26 -1101.23
7235000 -2755.82 -4315.82 -1105.16
7236000 -2763.83 -4261.53 -1100.68
7237000 -2761.23 -4297.18 -1096.2
7238000 -2781.36 -4281.04 -1102.17
7239000 -2767.8 -4340.76 -1090.93
7240000 -2724.94 -4375.84 -1096.16
7241000 -2723.68 -4405.51 -1096.89
7242000 -2768.43 -4385.09 -1112.51
7243000 -2745.61 -4378.16 -1093.27
7244000 -2780.11 -4328.41 -1118.79
7245000 -2751.91 -4371.81 -1098.3
7246000 -2710.05 -4528.61 -1102.7
7247000 -2732.5 -4515.63 -1109.94
7248000 -2745.98 -4451.27 -1093.41
7249000 -2789.1 -4409.98 -1106.61
7250000 -2712.02 -4490.7 -1077.1
7251000 -2716.83 -4438.63 -1076.9
7252000 -2718.47 -4469.45 -1087.29
7253000 -2723.94 -4508.77 -1100.23
7254000 -2728.38 -4495.07 -1095.89
7255000 -2663.29 -4553.66 -1058.35
7256000 -2721.54 -4456.82 -1092.27
7257000 -2746.51 -4449.29 -1093.03
7258000 -2755.85 -4400.92 -1113.6
7259000 -2797.51 -4313.72 -1120.68
7260000 -2752.66 -4312.68 -1104.68
7261000 -2765.02 -4300.95 -1110.63
7262000 -2794.06 -4280.37 -1109.32
7263000 -2776.11 -4350.94 -1100.87
7264000 -2805.81 -4317.88 -1125.51
7265000 -2794.24 -4320.64 -1112.56
7266000 -2758.92 -4356.68 -1106.72
7267000 -2768.53 -4310.27 -1110.62
7268000 -2761.46 -4355.38 -1103.8
7269000 -2815.61 -4221.35 -1130.87
7270000 -2773.46 -4195.09 -1120.52
7271000 -2762 -4238.57 -1123.47
7272000 -2779.78 -4209.57 -1118.89
7273000 -2799.13 -4216.11 -1115.71
7274000 -2754.57 -4255.12 -1109.16
7275000 -2810.04 -4136.98 -1132.2
7276000 -2759.56 -4219.83 -1102.57
7277000 -2742.45 -4222.18 -1112.17
7278000 -2767.05 -4197.78 -1114.53
7279000 -2807.88 -4170.5 -1121.62
7280000 -2758.17 -4237.31 -1112.7
7281000 -2802.11 -4244.21 -1133.51
7282000 -2775.13 -4211.97 -1121.32
7283000 -2779.57 -4273.9 -1111.98
7284000 -2850.54 -4214.58 -1142.28
7285000 -2777.73 -4280.57 -1126.44
7286000 -2773.18 -4250.61 -1119.48
7287000 -2769.1 -4217.02 -1095.44
7288000 -2758.76 -4252.02 -1096.68
7289000 -2737.09 -4295.08 -1088.12
7290000 -2744.23 -4264.55 -1105.3
7291000 -2805.15 -4161.37 -1130.19
7292000 -2792.38 -4184.64 -1116.41
7293000 -2778.5 -4234.64 -1118.81
7294000 -2779.04 -4265.94 -1107.69
7295000 -2817.23 -4238.26 -1148.57
7296000 -2786.42 -4232.79 -1130.3
7297000 -2763.36 -4182.32 -1117.76
7298000 -2688.26 -4283.38 -1072.44
7299000 -2679.76 -4308.88 -1088.06
7300000 -2711.95 -4306.81 -1082.77
7301000 -2705.03 -4303.96 -1063.62
7302000 -2711.95 -4284.61 -1076.08
7303000 -2744.42 -4271.08 -1096.83
7304000 -2698.69 -4324.2 -1090.7
7305000 -2681.5 -4366.59 -1082.19
7306000 -2654.33 -4405.57 -1095.22
7307000 -2670.7 -4373.58 -1095.25
7308000 -2731.59 -4317.92 -1117.28
7309000 -2793.97 -4209.35 -1135.67
7310000 -2801.7 -4266.31 -1138.58
7311000 -2738.6 -4315.56 -1096.09
7312000 -2776.77 -4300.49 -1110.28
7313000 -2777.34 -4302.41 -1122.03
7314000 -2747.21 -4339.13 -1107.18
7315000 -2770.61 -4317.42 -1112.86
7316000 -2800.98 -4270.71 -1120.56
7317000 -2839.74 -4255.2 -1137.79
7318000 -2797.45 -4316.73 -1132.63
7319000 -2762.58 -4339.04 -1131.85
7320000 -2756.88 -4368.6 -1129.93
7321000 -2756.14 -4362.27 -1121.96
7322000 -2755.34 -4337.87 -1106.14
7323000 -2794.22 -4315.22 -1128.17
7324000 -2746.56 -4346.3 -1105.98
7325000 -2751.87 -4408.9 -1113.99
7326000 -2718.62 -4435.65 -1106.41
7327000 -2698.87 -4399.42 -1117.85
7328000 -2747.06 -4347.34 -1105.51
7329000 -2773.38 -4336.38 -1145.7
7330000 -2788.6 -4307.27 -1143.37
7331000 -2732.47 -4334.33 -1122.81
7332000 -2753.41 -4325.02 -1119.2
7333000 -2738.72 -4373.48 -1101.61
7334000 -2753.56 -4354.35 -1109.37
7335000 -2770.79 -4319.17 -1090.61
7336000 -2733.02 -4350.44 -1088.05
7337000 -2741.62 -4335.06 -1101
7338000 -2767.28 -4313.32 -1108.35
7339000 -2772.21 -4287.93 -1110.76
7340000 -2785.92 -4248.76 -1114.11
7341000 -2757.09 -4302.26 -1102.64
7342000 -2739.27 -4270.73 -1089.02
7343000 -2683.6 -4339.9 -1076.62
7344000 -2724.34 -4335.11 -1099.29
7345000 -2697.8 -4311.54 -1076.11
7346000 -2685.94 -4330.82 -1070.83
7347000 -2735.26 -4338.06 -1086.2
7348000 -2780.26 -4312.53 -1104.46
7349000 -2808.79 -4275.69 -1118.59
7350000 -2834.39 -4319.36 -1113.35
7351000 -2877.84 -4215.51 -1146.9
7352000 -2837.93 -4257.24 -1157.23
7353000 -2816.63 -4244.05 -1137.56
7354000 -2815.88 -4255.76 -1128.16
7355000 -2775.14 -4278.61 -1125.8
7356000 -2794.5 -4206.72 -1124.24
7357000 -2819.66 -4119.2 -1130.39
7358000 -2779.36 -4192.26 -1124.35
7359000 -2826.08 -4165.44 -1116.3
7360000 -2780.98 -4217.72 -1101.32
7361000 -2809.91 -4162.42 -1129.68
7362000 -2827.99 -4212.05 -1137.28
7363000 -2867.99 -4209.98 -1143.67
7364000 -2826.95 -4284.21 -1135.75
7365000 -2762.91 -4295.07 -1121.94
7366000 -2840.28 -4255.61 -1147
7367000 -2804.01 -4271.82 -1130.02
7368000 -2790.58 -4286.48 -1116.16
7369000 -2772.39 -4338.25 -1113.31
7370000 -2762.21 -4349.77 -1109.02
7371000 -2756.08 -4357.87 -1119.47
7372000 -2791.2 -4306.76 -1129.68
7373000 -2757.51 -4338.36 -1099.24
7374000 -2787 -4336.09 -1107.45
7375000 -2832.68 -4270.49 -1125.45
7376000 -2847.27 -4236.43 -1143.49
7377000 -2816.73 -4270.24 -1139.05
7378000 -2777.27 -4347.94 -1125.01
7379000 -2800.71 -4297.74 -1134.77
7380000 -2774.35 -4314.91 -1110.08
7381000 -2778.44 -4337 -1116.35
7382000 -2801.38 -4305.59 -1128.12
7383000 -2752 -4350.46 -1116.95
7384000 -2772.5 -4333.84 -1124.58
7385000 -2744.68 -4303.7 -1111
7386000 -2726.56 -4328.32 -1098.77
7387000 -2723.8 -4329.08 -1095.24
7388000 -2735.82 -4326.06 -1099.15
7389000 -2701.05 -4407.52 -1086.97
7390000 -2730.26 -4368.55 -1095.38
7391000 -2693.39 -4434.99 -1101.37
7392000 -2679.71 -4400.87 -1107.39
7393000 -2699.79 -4374.33 -1125.56
7394000 -2706.6 -4320.44 -1127.12
7395000 -2703.58 -4313.38 -1093.68
7396000 -2713.83 -4294.84 -1088.82
7397000 -2729.08 -4230.89 -1105.13
7398000 -2654.44 -4348.44 -1093.23
7399000 -2668.66 -4331.96 -1092.62
7400000 -2681.24 -4293.86 -1098.74
7401000 -2671.58 -4272.16 -1090.54
7402000 -2724.57 -4252.81 -1104.96
7403000 -2736.17 -4275.69 -1107.41
7404000 -2657.76 -4368.12 -1091.25
7405000 -2661.67 -4421.48 -1085.86
7406000 -2675.31 -4347.3 -1082.38
7407000 -2675.08 -4266.65 -1079.02
7408000 -2689.4 -4277.89 -1072.96
7409000 -2694 -4346.09 -1078.18
7410000 -2712.05 -4284.21 -1079.72
7411000 -2712.9 -4297.72 -1077.8
7412000 -2692.11 -4330.18 -1084.14
7413000 -2729.53 -4266.16 -1103.12
7414000 -2741.24 -4269.37 -1104.88
7415000 -2800.37 -4148.17 -1130.58
7416000 -2758 -4166.91 -1120.04
7417000 -2816 -4191.58 -1125.32
7418000 -2799.36 -4218.89 -1131.49
7419000 -2785.75 -4209.96 -1121.12
7420000 -2811.67 -4209.7 -1135.96
7421000 -2835.51 -4160.11 -1138.77
7422000 -2771.55 -4216.09 -1108.54
7423000 -2753.49 -4271.26 -1095.2
7424000 -2771.2 -4282.79 -1109.85
7425000 -2820.42 -4191.18 -1127.46
7426000 -2731.56 -4231.66 -1096.68
7427000 -2705.11 -4319.01 -1095.7
7428000 -2691.98 -4387.8 -1099.31
7429000 -2673.53 -4378.78 -1074.93
7430000 -2715.29 -4316.6 -1093.15
7431000 -2731.3 -4247.02 -1100.12
7432000 -2722.57 -4298.61 -1103.39
7433000 -2682.19 -4352.51 -1103.23
7434000 -2641.8 -4353.32 -1072.86
7435000 -2651.34 -4338.72 -1080.98
7436000 -2695.29 -4283.04 -1095.74
7437000 -2669.05 -4263.8 -1099.99
7438000 -2694.09 -4230.99 -1093.52
7439000 -2691.66 -4230.12 -1089.72
7440000 -2706.82 -4221.19 -1098.2
7441000 -2752.47 -4218.12 -1114.68
7442000 -2742.26 -4263.56 -1107.86
7443000 -2747.07 -4256.26 -1110.95
7444000 -2696.54 -4304.26 -1088.54
7445000 -2727.48 -4244.49 -1111.29
7446000 -2759.76 -4277.55 -1115.71
7447000 -2707.27 -4278.82 -1121.04
7448000 -2675.11 -4295.59 -1119.64
7449000 -2667.7 -4326 -1108.76
7450000 -2716.36 -4306.24 -1103.8
7451000 -2696.3 -4317.13 -1094.29
7452000 -2702.65 -4358.59 -1101.14
7453000 -2705.42 -4273 -1113.25
7454000 -2713.07 -4250.55 -1109.31
7455000 -2678.94 -4290.52 -1100.35
7456000 -2671.68 -4294.34 -1085.29
7457000 -2652.87 -4373.55 -1086.38
7458000 -2693.74 -4427.84 -1107.74
7459000 -2710.14 -4377.56 -1117.13
7460000 -2753.29 -4287.78 -1129.82
7461000 -2764.21 -4248.15 -1125.18
7462000 -2686.89 -4307.58 -1101.05
7463000 -2679.62 -4369.66 -1097.5
7464000 -2676.88 -4385.58 -1103.28
7465000 -2676.66 -4374.4 -1094.74
7466000 -2693.27 -4236.46 -1092.39
7467000 -2677.19 -4224.88 -1078.27
7468000 -2724.32 -4219.37 -1091.76
7469000 -2710.55 -4285.14 -1100.38
7470000 -2753.16 -4137.02 -1093.74
7471000 -2772.83 -4154.01 -1099.76
7472000 -2742.78 -4159.31 -1092.32
7473000 -2756.84 -4173 -1110.36
7474000 -2727.74 -4272.27 -1103.26
7475000 -2765.78 -4200.5 -1110.17
7476000 -2759.56 -4218.44 -1113.6
7477000 -2734.93 -4232.69 -1100.6
7478000 -2770.85 -4197.12 -1098.36
7479000 -2754.75 -4244.85 -1089.76
7480000 -2715.01 -4305.57 -1080.43
7481000 -2744.75 -4311.8 -1104.25
7482000 -2724.99 -4391.37 -1102.79
7483000 -2704.18 -4311.32 -1091.76
7484000 -2732.58 -4242.87 -1102.8
7485000 -2741.24 -4268.28 -1089.71
7486000 -2752.58 -4217.41 -1108.73
7487000 -2750.96 -4229.98 -1127.41
7488000 -2803.69 -4179.73 -1133.08
7489000 -2777.62 -4211.25 -1130.5
7490000 -2737.51 -4207.99 -1126.81
7491000 -2734.23 -4230.33 -1132.13
7492000 -2702.49 -4284.16 -1112.53
7493000 -2741.49 -4253.15 -1112.4
7494000 -2766.1 -4251.83 -1120.24
7495000 -2740.33 -4258.74 -1110.81
7496000 -2750.51 -4249.3 -1123.42
7497000 -2760.86 -4251.31 -1122.35
7498000 -2746.86 -4292.05 -1118.38
7499000 -2722.89 -4254.95 -1119.49
7500000 -2760.22 -4251.54 -1119.46
7501000 -2820.49 -4202.42 -1141.92
7502000 -2819.47 -4187.35 -1151.8
7503000 -2724.04 -4244.57 -1117.13
7504000 -2689.34 -4347.45 -1095.19
7505000 -2693.21 -4346.48 -1098.55
7506000 -2715.09 -4279.17 -1098.39
7507000 -2713.46 -4280.72 -1109.8
7508000 -2746.77 -4249.64 -1124.31
7509000 -2699.36 -4283.48 -1108.63
7510000 -2689.24 -4252.13 -1113.27
7511000 -2677.98 -4303.8 -1114.52
7512000 -2725.95 -4222.17 -1121.6
7513000 -2730.9 -4242.69 -1131.69
7514000 -2761.42 -4206.82 -1126.05
7515000 -2781.72 -4191.98 -1126.97
7516000 -2768.43 -4238.59 -1124.78
7517000 -2836.33 -4124.1 -1149.11
7518000 -2819.57 -4166.25 -1139.88
7519000 -2837.84 -4105.38 -1140.34
7520000 -2793.97 -4205.91 -1126.49
7521000 -2723.09 -4249.87 -1118.68
7522000 -2701.95 -4308.58 -1108.62
7523000 -2699.14 -4295.48 -1113.77
7524000 -2710.96 -4260.35 -1115.33
7525000 -2751.23 -4215.79 -1124.22
7526000 -2748.48 -4238.82 -1126.74
7527000 -2745.37 -4258.42 -1144.64
7528000 -2723.38 -4266.59 -1116.6
7529000 -2761.74 -4216.45 -1132.5
7530000 -2771.91 -4248.49 -1152.75
7531000 -2746.9 -4271.98 -1152.16
7532000 -2757.86 -4290.49 -1144.75
7533000 -2763.83 -4231.94 -1142.11
7534000 -2740.57 -4214.07 -1126.5
7535000 -2712.74 -4338.25 -1121.76
7536000 -2685.3 -4305.93 -1124.3
7537000 -2714.01 -4263.42 -1121.52
7538000 -2739.26 -4270.62 -1135.89
7539000 -2724.75 -4258.08 -1120.96
7540000 -2710.61 -4290.25 -1119.11
7541000 -2738.71 -4280.16 -1123.57
7542000 -2752.64 -4283.32 -1137.47
7543000 -2747.46 -4294.03 -1117.99
7544000 -2717.39 -4312.23 -1103.46
7545000 -2692.35 -4377.3 -1102.9
7546000 -2760.05 -4250.83 -1129.21
7547000 -2716.38 -4354.63 -1113.12
7548000 -2711.87 -4291.81 -1102.61
7549000 -2747.47 -4274.01 -1131.95
7550000 -2682.98 -4317.38 -1119.68
7551000 -2702.36 -4315.53 -1119.48
7552000 -2685.41 -4321.15 -1120.32
7553000 -2663.45 -4324.5 -1107.53
7554000 -2722.46 -4241.12 -1126.84
7555000 -2720.15 -4235.25 -1132.86
7556000 -2758.49 -4204.14 -1142.59
7557000 -2754.07 -4221.96 -1134.96
7558000 -2749.99 -4182.18 -1135.97
7559000 -2723.37 -4210.49 -1112.05
7560000 -2734.66 -4242.35 -1099.55
7561000 -2776.42 -4170.8 -1101.88
7562000 -2726.51 -4197.39 -1106.31
7563000 -2699.72 -4172.41 -1098.25
7564000 -2758.21 -4171.54 -1120.72
7565000 -2727.11 -4194.52 -1123.51
7566000 -2713.98 -4229.61 -1122.35
7567000 -2734.65 -4194.92 -1118.84
7568000 -2745.02 -4187.27 -1115.18
7569000 -2772.11 -4198.4 -1131.59
7570000 -2788.21 -4117.64 -1130.4
7571000 -2740.75 -4166.56 -1107.49
7572000 -2749.46 -4178.03 -1115.01
7573000 -2762.27 -4222.4 -1114.95
7574000 -2742.89 -4251.27 -1108.72
7575000 -2738.81 -4161.18 -1120.65
7576000 -2696.23 -4222.34 -1105.02
7577000 -2697.12 -4205.75 -1105.36
7578000 -2625.49 -4221.63 -1078.44
7579000 -2609.25 -4192.33 -1071.01
7580000 -2675.97 -4169.38 -1095.93
7581000 -2708.55 -4167.65 -1112.89
7582000 -2665.39 -4233.32 -1094.39
7583000 -2685.1 -4166.34 -1103.07
7584000 -2650.3 -4236 -1097.75
7585000 -2669.46 -4254.5 -1110.32
7586000 -2628.41 -4271.2 -1095.65
7587000 -2654.77 -4216.06 -1099.74
7588000 -2673.53 -4230.94 -1091.5
7589000 -2751.62 -4177.19 -1106.98
7590000 -2677.39 -4242.05 -1079.81
7591000 -2740.62 -4202.39 -1106.09
7592000 -2763.28 -4169 -1109.54
7593000 -2746.65 -4199.81 -1116.1
7594000 -2778.16 -4117.3 -1122.66
7595000 -2806.76 -4182.52 -1138.41
7596000 -2782.19 -4158.3 -1113.39
7597000 -2811.1 -4135.57 -1127.23
7598000 -2779.49 -4111 -1116.97
7599000 -2782.12 -4141.76 -1124.66
7600000 -2799.46 -4204.93 -1146.2
7601000 -2733.69 -4243.88 -1120.73
7602000 -2749.93 -4185.88 -1125.48
7603000 -2727.3 -4232.89 -1120.36
7604000 -2731.81 -4218.78 -1126.62
7605000 -2751.36 -4168.66 -1125.54
7606000 -2790.88 -4129.82 -1136.89
7607000 -2819.42 -4140.69 -1138.47
7608000 -2804.64 -4183.1 -1131.8
7609000 -2770.32 -4245.02 -1122.13
7610000 -2725.89 -4285.85 -1108.69
7611000 -2704.23 -4326.86 -1108.6
7612000 -2739.38 -4314.76 -1115.89
7613000 -2689.92 -4411 -1096.08
7614000 -2680.32 -4382.13 -1094.47
7615000 -2679.66 -4394.88 -1085.64
7616000 -2707.42 -4336.21 -1095.32
7617000 -2720.33 -4291.08 -1097.35
7618000 -2714.39 -4269.36 -1087.91
7619000 -2689.92 -4286.93 -1098
7620000 -2719.93 -4270.26 -1099.06
7621000 -2758.69 -4238.37 -1094.72
7622000 -2756.57 -4243.71 -1100.75
7623000 -2789.05 -4178.58 -1102.09
7624000 -2796.57 -4151.26 -1100.21
7625000 -2772.35 -4207.55 -1111.6
7626000 -2779.6 -4191.88 -1098.74
7627000 -2746.08 -4284.69 -1091.41
7628000 -2742.1 -4325.64 -1102.38
7629000 -2699.75 -4345 -1090.26
7630000 -2675.92 -4307.03 -1089.82
7631000 -2703.91 -4296.21 -1103.71
7632000 -2725.39 -4268.55 -1120.27
7633000 -2695.67 -4320.91 -1106.84
7634000 -2743.85 -4264.03 -1124.07
7635000 -2741.08 -4278.54 -1124.7
7636000 -2714.66 -4359.77 -1115.04
7637000 -2721.2 -4323.37 -1107.87
7638000 -2674.12 -4352.43 -1086.32
7639000 -2648.67 -4378.61 -1072.48
7640000 -2648.74 -4363.78 -1086.94
7641000 -2663.55 -4323.81 -1087.46
7642000 -2642.85 -4324 -1092.91
7643000 -2655.17 -4343.86 -1093.56
7644000 -2664.1 -4335.55 -1093.98
7645000 -2668.58 -4396.51 -1081.91
7646000 -2644.3 -4457.01 -1072.42
7647000 -2679.76 -4414.65 -1096.96
7648000 -2695.75 -4370 -1093.68
7649000 -2701.67 -4427.21 -1113.49
7650000 -2727.29 -4275.76 -1117.65
7651000 -2705.1 -4338.13 -1105.95
7652000 -2682.25 -4353.04 -1097.2
7653000 -2669.19 -4362.47 -1085.85
7654000 -2715.79 -4334.88 -1107.6
7655000 -2713.07 -4329.09 -1117.2
7656000 -2698.9 -4382.11 -1101.59
7657000 -2728.92 -4354.43 -1102.37
7658000 -2693.81 -4459.28 -1104.09
7659000 -2699.97 -4434.04 -1099.49
7660000 -2745.93 -4356.04 -1122.2
7661000 -2717.79 -4316.31 -1091.68
7662000 -2715.13 -4379.63 -1103.99
7663000 -2730.77 -4358.96 -1115.97
7664000 -2731.04 -4329.72 -1122.29
7665000 -2756.85 -4214.73 -1119.32
7666000 -2786.17 -4218.27 -1126.62
7667000 -2711.29 -4244 -1101.83
7668000 -2733.5 -4282.26 -1113.14
7669000 -2752.58 -4271.27 -1126.32
7670000 -2681.08 -4349.06 -1092.7
7671000 -2696.59 -4361.25 -1103.24
7672000 -2702.4 -4406.92 -1100.24
7673000 -2735.71 -4279.79 -1112.27
7674000 -2727.64 -4271.82 -1099.11
7675000 -2668.41 -4336.55 -1081.15
7676000 -2681.24 -4327.4 -1100.92
7677000 -2691.47 -4292.69 -1104.65
7678000 -2662.55 -4309.61 -1096.31
7679000 -2677.84 -4345.12 -1105.01
7680000 -2695.32 -4338.63 -1101.86
7681000 -2703.05 -4284.93 -1105.41
7682000 -2643.97 -4413.24 -1090.01
7683000 -2639.73 -4362.17 -1098.55
7684000 -2673.38 -4386.58 -1100.44
7685000 -2650.22 -4438.34 -1095.97
7686000 -2674.77 -4366.19 -1119.13
7687000 -2702.32 -4313.04 -1114.65
7688000 -2694.48 -4356.94 -1123.28
7689000 -2690.95 -4358.23 -1116.39
7690000 -2727.28 -4350.67 -1111.48
7691000 -2699.22 -4351.21 -1101.4
7692000 -2659.99 -4370.14 -1097.83
7693000 -2659.15 -4431.57 -1093.4
7694000 -2720.88 -4387.81 -1104.05
7695000 -2703.94 -4403.09 -1086.34
7696000 -2702.97 -4373.83 -1103.37
7697000 -2722.58 -4367.3 -1104.6
7698000 -2716.39 -4392.53 -1104.99
7699000 -2699.11 -4400.28 -1107.01
7700000 -2754.91 -4336.69 -1130.24
7701000 -2710.76 -4345.1 -1101.79
7702000 -2706.15 -4359.12 -1098
7703000 -2695.75 -4336.1 -1093.81
7704000 -2682.71 -4366.18 -1090.8
7705000 -2653.13 -4385.43 -1083.92
7706000 -2676.32 -4403.31 -1093.55
7707000 -2702.29 -4375.65 -1088.21
7708000 -2708.77 -4367.76 -1098.78
7709000 -2661.01 -4425.09 -1085.58
7710000 -2706.68 -4342.25 -1098.66
7711000 -2702.38 -4358.21 -1109.48
7712000 -2682.68 -4366.83 -1095.85
7713000 -2755.71 -4288.95 -1120.65
7714000 -2760.06 -4322.02 -1112.92
7715000 -2756.67 -4311.61 -1097.88
7716000 -2704.27 -4406.2 -1086.19
7717000 -2688.19 -4378.07 -1089.61
7718000 -2679.51 -4339.19 -1085.57
7719000 -2652.52 -4351.04 -1084.9
7720000 -2692.94 -4350.88 -1099.46
7721000 -2728.84 -4340.31 -1103.71
7722000 -2671.1 -4420.68 -1080.33
7723000 -2683.76 -4601.97 -1086.23
7724000 -2716.07 -4591.08 -1093.79
7725000 -2699.6 -4624.2 -1086.99
7726000 -2681.8 -4713.25 -1075.32
7727000 -2672.48 -4689.97 -1071.17
7728000 -2676.78 -4648.78 -1078.08
7729000 -2688.44 -4661.55 -1078.11
7730000 -2733.01 -4641.24 -1096.94
7731000 -2716.21 -4676.48 -1081.79
7732000 -2711.6 -4697.24 -1077.02
7733000 -2780.54 -4666.8 -1104.34
7734000 -2702.33 -4724.82 -1090.16
7735000 -2741.87 -4658.07 -1086.72
7736000 -2744.93 -4619.77 -1106.57
7737000 -2706 -4654.9 -1085.6
7738000 -2716.37 -4635.33 -1095.61
7739000 -2738.73 -4648.31 -1116.44
7740000 -2747.82 -4661.68 -1138.27
7741000 -2745.08 -4642.12 -1129.64
7742000 -2799.73 -4614.46 -1151.18
7743000 -2762.6 -4558.37 -1133.13
7744000 -2722.51 -4625.02 -1105.36
7745000 -2745.14 -4614.87 -1114.68
7746000 -2750.39 -4526.4 -1111.93
7747000 -2748.29 -4626.75 -1105.21
7748000 -2780.54 -4675.36 -1112.95
7749000 -2792.98 -4651.97 -1122.44
7750000 -2797.34 -4751.14 -1124.77
7751000 -2785.88 -4648.46 -1129.08
7752000 -2801.69 -4650.51 -1141.25
7753000 -2812.06 -4660.38 -1138.46
7754000 -2769 -4735.18 -1118.74
7755000 -2770.42 -4695.82 -1129.6
7756000 -2777.62 -4677.91 -1133.35
7757000 -2766.17 -4676.6 -1121.22
7758000 -2739.29 -4716.05 -1115.96
7759000 -2795.33 -4711.35 -1123.03
7760000 -2836.97 -4715 -1132.1
7761000 -2844.14 -4704.01 -1119.22
7762000 -2827.64 -4696.67 -1129.41
7763000 -2833.15 -4641.25 -1131.11
7764000 -2813.49 -4637.79 -1136.23
7765000 -2764.69 -4702.34 -1117.21
7766000 -2776.48 -4685.69 -1125.37
7767000 -2790.81 -4611.89 -1135.34
7768000 -2785.23 -4525.33 -1133.99
7769000 -2778.79 -4632.36 -1149.31
7770000 -2807.11 -4575.89 -1148.37
7771000 -2783.61 -4533.88 -1140.89
7772000 -2797.88 -4541.7 -1141.67
7773000 -2751.59 -4594.81 -1122.22
7774000 -2752.38 -4527.9 -1130.51
7775000 -2762.94 -4608.86 -1122.73
7776000 -2758.44 -4622.01 -1114.78
7777000 -2754.19 -4589 -1120.58
7778000 -2794.63 -4556.67 -1128.99
7779000 -2804.97 -4540.2 -1136.46
7780000 -2780.28 -4507.71 -1119.61
7781000 -2787.14 -4588.51 -1120.43
7782000 -2794.52 -4576.77 -1118.96
7783000 -2795.59 -4558.73 -1120.85
7784000 -2716.25 -4703.3 -1104.02
7785000 -2759.12 -4731.83 -1097.62
7786000 -2729.5 -4775.05 -1092.92
7787000 -2737.01 -4701.14 -1098.31
7788000 -2781.54 -4688.43 -1107.22
7789000 -2811.76 -4675.58 -1110.11
7790000 -2782.18 -4701.07 -1100.14
7791000 -2786.63 -4737.22 -1115.82
7792000 -2801.18 -4747.27 -1103.05
7793000 -2812.12 -4722.36 -1101.58
7794000 -2786.26 -4705.6 -1103.4
7795000 -2806.08 -4694.3 -1122.73
7796000 -2771.87 -4705.3 -1108.4
7797000 -2814.18 -4734.11 -1121.52
7798000 -2826.32 -4781.37 -1124.97
7799000 -2802.36 -4747.13 -1107.81
7800000 -2822.78 -4759.83 -1101.86
7801000 -2800.46 -4814.67 -1102.94
7802000 -2780.8 -4788.21 -1118.45
7803000 -2767.34 -4776.35 -1105.5
7804000 -2767.05 -4813.2 -1090.65
7805000 -2734.85 -4850.49 -1090.85
7806000 -2815.01 -4782.71 -1110.85
7807000 -2794.16 -4758.48 -1088.86
7808000 -2781.3 -4728.62 -1089.75
7809000 -2756.54 -4762.35 -1092.95
7810000 -2760.16 -4772.7 -1100.12
7811000 -2779 -4710.88 -1107.01
7812000 -2826.54 -4677.93 -1106.93
7813000 -2812.26 -4681.78 -1093.98
7814000 -2800.23 -4738.38 -1084.51
7815000 -2780.78 -4794.39 -1080.78
7816000 -2810.93 -4749.32 -1090.24
7817000 -2823.98 -4748.29 -1088.7
7818000 -2805.75 -4735.69 -1091.28
7819000 -2785.6 -4728.11 -1104.97
7820000 -2753.76 -4735.18 -1096.89
7821000 -2735.43 -4781.27 -1095.17
7822000 -2737.43 -4805.47 -1100.2
7823000 -2745.11 -4822.18 -1085.72
7824000 -2741.02 -4842.94 -1085.07
7825000 -2731 -4796.89 -1084.59
7826000 -2701.12 -4841.41 -1075.48
7827000 -2742.24 -4808.97 -1101.41
7828000 -2788.88 -4713.62 -1114.86
7829000 -2777.64 -4739.64 -1113.04
7830000 -2770.5 -4779.52 -1102.78
7831000 -2723.11 -4790.53 -1084.57
7832000 -2751.32 -4784.23 -1095.54
7833000 -2797.2 -4740.28 -1101.93
7834000 -2795.68 -4760.23 -1112.59
7835000 -2777.3 -4754.76 -1097.53
7836000 -2760.99 -4810.28 -1093.08
7837000 -2741.82 -4797.58 -1087.36
7838000 -2737.53 -4828.49 -1096.05
7839000 -2729.31 -4796.06 -1097.21
7840000 -2749.07 -4834.06 -1101.53
7841000 -2783.49 -4828.48 -1099.71
7842000 -2778.14 -4718.48 -1099.87
7843000 -2725.42 -4743.42 -1096.82
7844000 -2742.82 -4745.89 -1106.43
7845000 -2802.89 -4669.79 -1118.11
7846000 -2765.37 -4726.73 -1103.23
7847000 -2741.82 -4819.79 -1092.24
7848000 -2766.19 -4752.65 -1099.51
7849000 -2766.81 -4756.93 -1096.33
7850000 -2764.78 -4657.33 -1107.28
7851000 -2712.42 -4720.02 -1077.05
7852000 -2767.44 -4682.36 -1085.4
7853000 -2776.04 -4732.4 -1093.46
7854000 -2786.76 -4693.71 -1107.34
7855000 -2722.81 -4833 -1097.37
7856000 -2791.88 -4770.64 -1122.89
7857000 -2775.51 -4779.38 -1117.66
7858000 -2743.4 -4790 -1104.09
7859000 -2725.67 -4734.29 -1102.54
7860000 -2765.58 -4737.55 -1118.62
7861000 -2807.59 -4710.41 -1117.63
7862000 -2763.06 -4726.88 -1113.36
7863000 -2763.31 -4778.29 -1112.87
7864000 -2787.28 -4774.34 -1126.52
7865000 -2794.14 -4741.92 -1119.73
7866000 -2770.21 -4732 -1109.73
7867000 -2729.69 -4759.06 -1088.84
7868000 -2760 -4780.92 -1106.13
7869000 -2794.64 -4665.13 -1102.43
7870000 -2816.36 -4700.06 -1123.87
7871000 -2825.93 -4651.82 -1134.68
7872000 -2768.09 -4713.09 -1130.37
7873000 -2748.04 -4762.42 -1115.27
7874000 -2745.66 -4745.84 -1119.88
7875000 -2771.46 -4779.57 -1129.42
7876000 -2759.31 -4747.75 -1113.99
7877000 -2714.92 -4754.31 -1115.33
7878000 -2760.25 -4676 -1122.51
7879000 -2749.13 -4753.4 -1122.4
7880000 -2745.22 -4765 -1119.01
7881000 -2793.9 -4770.59 -1103.96
7882000 -2794.69 -4743.48 -1125.88
7883000 -2758.8 -4703.29 -1118.86
7884000 -2794.79 -4693.96 -1106.07
7885000 -2793.05 -4694.22 -1121.02
7886000 -2818.24 -4698.61 -1123.38
7887000 -2767.84 -4756.46 -1086.94
7888000 -2749.54 -4717.12 -1084.85
7889000 -2728.09 -4706.67 -1077.79
7890000 -2721.46 -4747.66 -1093.9
7891000 -2767.89 -4787.03 -1127.09
7892000 -2779.7 -4816.75 -1106.3
7893000 -2761.14 -4805.34 -1097.2
7894000 -2820.05 -4775.59 -1124.75
7895000 -2804.31 -4773.26 -1119.21
7896000 -2765.08 -4869.15 -1098.02
7897000 -2751.28 -4762.89 -1097.32
7898000 -2770.55 -4831.65 -1102.66
7899000 -2774.19 -4844.8 -1113.62
7900000 -2807.53 -4762.52 -1127.58
7901000 -2802.17 -4786.74 -1121.21
7902000 -2848.43 -4707.41 -1144.53
7903000 -2843.19 -4639.16 -1152.3
7904000 -2828.54 -4606.43 -1146.11
7905000 -2782.49 -4705.89 -1128.27
7906000 -2783.2 -4733.48 -1122.51
7907000 -2766.25 -4705.33 -1129.75
7908000 -2760.96 -4699.08 -1117.55
7909000 -2760.39 -4700.31 -1113.4
7910000 -2787.99 -4679.1 -1120.49
7911000 -2780.86 -4661.2 -1130.26
7912000 -2784.31 -4647.13 -1122.92
7913000 -2760.67 -4655.49 -1115.25
7914000 -2783.75 -4613.42 -1104.91
7915000 -2786.19 -4598.27 -1108.42
7916000 -2740.24 -4692.47 -1102.71
7917000 -2753.38 -4683.55 -1115.99
7918000 -2790.28 -4631.49 -1113.51
7919000 -2792.82 -4674.42 -1118.83
7920000 -2834.74 -4639.7 -1131.02
7921000 -2818.67 -4680.88 -1128.57
7922000 -2825.99 -4620.1 -1138.59
7923000 -2817.51 -4628.57 -1125.18
7924000 -2816.98 -4630.05 -1134.64
7925000 -2788.41 -4581.26 -1123.37
7926000 -2773.93 -4632.24 -1100.69
7927000 -2765.07 -4627.6 -1103.73
7928000 -2814.29 -4552.76 -1119.31
7929000 -2762.96 -4566.67 -1104.16
7930000 -2739.23 -4589.59 -1109.22
7931000 -2722.33 -4598.97 -1115.01
7932000 -2744.17 -4588.66 -1107.9
7933000 -2712.74 -4613.8 -1099.44
7934000 -2719.94 -4592.24 -1109
7935000 -2731.59 -4515.73 -1106.85
7936000 -2749.36 -4581.17 -1101.3
7937000 -2785.15 -4528.47 -1099.35
7938000 -2760.35 -4689.06 -1088.3
7939000 -2745.28 -4612.15 -1089.34
7940000 -2777.81 -4568.44 -1096.13
7941000 -2726.3 -4611.3 -1080
7942000 -2701.98 -4642.13 -1065.63
7943000 -2772.5 -4586.58 -1093.39
7944000 -2739.13 -4608.28 -1094.32
7945000 -2716.43 -4627.74 -1085.36
7946000 -2759.89 -4618.49 -1108.83
7947000 -2722.36 -4679.43 -1089.51
7948000 -2706.85 -4671.2 -1070.22
7949000 -2731.13 -4646.17 -1087.24
7950000 -2719.88 -4701.79 -1096.79
7951000 -2778.8 -4645.25 -1112.42
7952000 -2803.07 -4577.51 -1106.81
7953000 -2850.56 -4562.99 -1121.44
7954000 -2823.05 -4584.69 -1134.41
7955000 -2793.53 -4569.89 -1124.22
7956000 -2763.7 -4662.08 -1112.53
7957000 -2776.7 -4674.49 -1115.93
7958000 -2794.34 -4697.52 -1108.34
7959000 -2814.76 -4654.78 -1133.07
7960000 -2803.02 -4615.27 -1135.3
7961000 -2770.74 -4616.24 -1120.7
7962000 -2736.83 -4691.74 -1103.47
7963000 -2785.27 -4654.4 -1118.24
7964000 -2802.3 -4654.01 -1122.52
7965000 -2766.34 -4641.51 -1099.88
7966000 -2806.13 -4564.91 -1120.1
7967000 -2828.34 -4558.75 -1124.44
7968000 -2807.22 -4579.98 -1118.1
7969000 -2776.38 -4651.66 -1116.07
7970000 -2794.64 -4581.85 -1121.34
7971000 -2720.88 -4644.39 -1094.28
7972000 -2739.59 -4612.43 -1100.49
7973000 -2781.12 -4597.36 -1114.53
7974000 -2757.24 -4620.95 -1096.6
7975000 -2727.99 -4661.85 -1097.73
7976000 -2792.12 -4488.95 -1112.1
7977000 -2748.58 -4572.51 -1105.49
7978000 -2782.25 -4448.71 -1123.59
7979000 -2759.72 -4468.39 -1111
7980000 -2756.17 -4538.4 -1115.64
7981000 -2769.83 -4569.03 -1117.35
7982000 -2754.88 -4550.11 -1113.46
7983000 -2766.59 -4582.8 -1116.15
7984000 -2777.23 -4538 -1125.16
7985000 -2757.77 -4544.76 -1124.75
7986000 -2746.97 -4544.1 -1105.22
7987000 -2722.24 -4581.14 -1097.8
7988000 -2681.73 -4522.98 -1081.39
7989000 -2689.1 -4601.36 -1080.3
7990000 -2707.1 -4594.21 -1082.6
7991000 -2696.58 -4634.35 -1088.58
7992000 -2707.88 -4584.33 -1102.82
7993000 -2706.69 -4508.88 -1093.54
7994000 -2703.83 -4540.66 -1100.51
7995000 -2698.61 -4504.83 -1074.44
7996000 -2724.84 -4506.07 -1083.2
7997000 -2730.87 -4511.62 -1099.55
7998000 -2696.15 -4572.25 -1097.92
7999000 -2766.67 -4443.81 -1112.58
8000000 -2810.05 -4452.78 -1118.8
8001000 -2794.23 -4395.49 -1117.95
8002000 -2786.56 -4420.81 -1114.26
8003000 -2784.69 -4378.78 -1107.92
8004000 -2767.71 -4456.04 -1111.26
8005000 -2785.27 -4441.44 -1121.33
8006000 -2776.21 -4443.99 -1112.03
8007000 -2752.88 -4550.63 -1113.55
8008000 -2738.2 -4508.4 -1099.86
8009000 -2750.38 -4505.24 -1099.22
8010000 -2825.77 -4487.21 -1129.74
8011000 -2812.72 -4482.28 -1118.4
8012000 -2801.11 -4560.52 -1112.9
8013000 -2756.42 -4637.61 -1112.12
8014000 -2785.05 -4578.46 -1110.67
8015000 -2781.25 -4612.67 -1120.33
8016000 -2817.39 -4626.91 -1138.63
8017000 -2782.24 -4654.51 -1135.84
8018000 -2797.07 -4635.71 -1137.02
8019000 -2796.2 -4641.64 -1123.4
8020000 -2802.6 -4657.75 -1137.2
8021000 -2764.75 -4709.3 -1124.01
8022000 -2747.07 -4693.4 -1098.9
8023000 -2735.64 -4677.95 -1106.9
8024000 -2779.64 -4641.06 -1123.23
8025000 -2786.48 -4582.23 -1125.36
8026000 -2772.07 -4582.98 -1123.84
8027000 -2707.93 -4631.37 -1100.07
8028000 -2718.85 -4576.25 -1101.44
8029000 -2769.71 -4581.58 -1124.45
8030000 -2781.43 -4630.38 -1116.43
8031000 -2737.64 -4719.9 -1104.67
8032000 -2732.94 -4669.23 -1101.64
8033000 -2782.86 -4668.09 -1104.12
8034000 -2728.17 -4681.42 -1090.2
8035000 -2781.19 -4668.44 -1102.22
8036000 -2752.44 -4657.08 -1085.65
8037000 -2764.93 -4646.38 -1091.94
8038000 -2797.65 -4527.31 -1104.79
8039000 -2818.47 -4508.02 -1112.47
8040000 -2797.76 -4550.27 -1104.22
8041000 -2755.27 -4577.35 -1107.28
8042000 -2847.41 -4554.69 -1121.16
8043000 -2904.95 -4518.99 -1129.27
8044000 -2866.14 -4569.72 -1129.2
8045000 -2803.35 -4563.12 -1107.56
8046000 -2865.99 -4545.85 -1134.88
8047000 -2858.79 -4565.11 -1130.15
8048000 -2879.01 -4530.61 -1149.27
8049000 -2848.05 -4556.05 -1151.57
8050000 -2845.78 -4548.84 -1142.57
8051000 -2841.43 -4627.25 -1138.99
8052000 -2830.16 -4609.3 -1136.84
8053000 -2881.13 -4593.48 -1151.11
8054000 -2916.48 -4561.41 -1161.97
8055000 -2843.66 -4632.1 -1142.65
8056000 -2841.8 -4720.6 -1130.56
8057000 -2864.88 -4672.72 -1114.55
8058000 -2847.08 -4590.69 -1119.43
8059000 -2845.51 -4611.57 -1129.39
8060000 -2885.58 -4601.45 -1147.07
8061000 -2900.22 -4604.54 -1152.91
8062000 -2837.31 -4690.52 -1124.75
8063000 -2881.89 -4641.7 -1116.31
8064000 -2868.67 -4651.73 -1111.98
8065000 -2864.48 -4651.27 -1118.08
8066000 -2872.58 -4595.21 -1112.5
8067000 -2879.71 -4616.19 -1123.85
8068000 -2848.96 -4710.09 -1130.39
8069000 -2876.12 -4667.04 -1123.95
8070000 -2876.77 -4654.01 -1115.79
8071000 -2866.5 -4605.76 -1115.68
8072000 -2824.03 -4656.01 -1110.03
8073000 -2851.4 -4626.05 -1111.82
8074000 -2866.64 -4569.05 -1112.69
8075000 -2878.29 -4578.58 -1121.91
8076000 -2867.6 -4603.88 -1112.03
8077000 -2877.87 -4585.35 -1111.37
8078000 -2857.96 -4655.2 -1115.75
8079000 -2836.95 -4674.28 -1104.02
8080000 -2877.62 -4612.74 -1108.54
8081000 -2876.08 -4600.81 -1116.5
8082000 -2865.1 -4596.6 -1123.22
8083000 -2833.99 -4632.9 -1105.55
8084000 -2826.93 -4634.72 -1109.15
8085000 -2837.67 -4609.68 -1099.55
8086000 -2836.09 -4624.98 -1098.57
8087000 -2845.62 -4574.56 -1098.86
8088000 -2809.57 -4632.18 -1088.78
8089000 -2824.73 -4676.23 -1099.86
8090000 -2784.07 -4690.36 -1080.04
8091000 -2793.88 -4655.84 -1090.67
8092000 -2834.66 -4724.28 -1117.56
8093000 -2862.3 -4725.1 -1119.48
8094000 -2862.57 -4659.86 -1098.07
8095000 -2838.71 -4678.2 -1097.73
8096000 -2818.96 -4698.31 -1108.55
8097000 -2858.18 -4702.43 -1110.46
8098000 -2826.57 -4711.12 -1105.89
8099000 -2853.53 -4624.1 -1106.96
8100000 -2833.05 -4636.68 -1108.52
8101000 -2798.46 -4709.29 -1095.6
8102000 -2847.71 -4696.92 -1098.79
8103000 -2847.21 -4714.19 -1097.12
8104000 -2827.63 -4680.85 -1099.48
8105000 -2853.2 -4630.67 -1101.73
8106000 -2863.27 -4647.84 -1123.69
8107000 -2882.22 -4563.85 -1138.03
8108000 -2856.78 -4608.57 -1113.24
8109000 -2910.37 -4588.21 -1147.76
8110000 -2936.79 -4565.95 -1153.99
8111000 -2918.34 -4550.37 -1136.9
8112000 -2919.52 -4544.83 -1140.31
8113000 -2881.17 -4564.65 -1123.84
8114000 -2882.71 -4577.82 -1126.52
8115000 -2906.87 -4568.06 -1124.89
8116000 -2920.12 -4638.78 -1131.08
8117000 -2950.96 -4577.55 -1148.66
8118000 -2945.4 -4489.94 -1143.65
8119000 -2938.39 -4503.25 -1138.58
8120000 -2961.55 -4544.66 -1155.54
8121000 -2891.78 -4533.3 -1116.88
8122000 -2857.21 -4590.95 -1117.86
8123000 -2871.14 -4580.94 -1109.53
8124000 -2909.8 -4502.42 -1140.91
8125000 -2856.18 -4515.57 -1124.75
8126000 -2814.09 -4534.79 -1097.32
8127000 -2824.89 -4513.55 -1111.49
8128000 -2854.08 -4508.74 -1134.5
8129000 -2847.92 -4510.77 -1135.45
8130000 -2844.04 -4567.14 -1122.58
8131000 -2804.12 -4564.5 -1104.34
8132000 -2801.8 -4572.23 -1098.31
8133000 -2826.96 -4587.21 -1105.86
8134000 -2850.47 -4619.29 -1112.78
8135000 -2880.51 -4642.78 -1133.28
8136000 -2853.26 -4643.96 -1136.45
8137000 -2884.66 -4515.41 -1147.58
8138000 -2916.45 -4533.85 -1153.86
8139000 -2859.47 -4596.96 -1150.21
8140000 -2885.46 -4558.9 -1162.2
8141000 -2909.45 -4502.01 -1161.02
8142000 -2878.73 -4541.51 -1134.25
8143000 -2892.15 -4532.79 -1141.43
8144000 -2880.86 -4617.21 -1136.56
8145000 -2862.6 -4642.4 -1121.39
8146000 -2819.03 -4678.05 -1119.32
8147000 -2839.23 -4593.22 -1142.36
8148000 -2837.94 -4735.68 -1137.49
8149000 -2872.15 -4619.71 -1131.33
8150000 -2854.67 -4644.55 -1137.72
8151000 -2872.91 -4614.11 -1145.97
8152000 -2845.44 -4602.99 -1142.45
8153000 -2839.92 -4631.09 -1125.9
8154000 -2791.37 -4720.23 -1128.31
8155000 -2825.28 -4642.32 -1134.19
8156000 -2809.84 -4672.95 -1145.62
8157000 -2802.48 -4735.95 -1144.53
8158000 -2799.96 -4699.13 -1149.24
8159000 -2793.23 -4664.22 -1138.82
8160000 -2798.88 -4688.83 -1131.59
8161000 -2853.2 -4644.92 -1139.85
8162000 -2783.95 -4692.88 -1129.3
8163000 -2783.01 -4684.93 -1134.87
8164000 -2799.72 -4680.66 -1141.03
8165000 -2816.69 -4640.14 -1130.95
8166000 -2797.06 -4660.48 -1122.38
8167000 -2716.99 -4745.7 -1109.18
8168000 -2781.81 -4720.91 -1121.55
8169000 -2816.68 -4684.12 -1138.45
8170000 -2807.22 -4628.56 -1138.91
8171000 -2758.27 -4693.45 -1134.56
8172000 -2771.08 -4678.07 -1142.13
8173000 -2733.71 -4697.66 -1117.17
8174000 -2735.38 -4729.31 -1103.54
8175000 -2717.83 -4726.6 -1104.81
8176000 -2761.62 -4699.23 -1121.17
8177000 -2734.63 -4677.79 -1106.84
8178000 -2777.34 -4618.5 -1129.09
8179000 -2789.92 -4668.15 -1130.82
8180000 -2757.36 -4725.73 -1127.87
8181000 -2755.27 -4723.72 -1120.54
8182000 -2798.93 -4663.96 -1140.51
8183000 -2788.79 -4587.71 -1132.98
8184000 -2803 -4601.73 -1130.06
8185000 -2841.49 -4546.7 -1137.72
8186000 -2848.49 -4574.84 -1160.07
8187000 -2867.48 -4551.26 -1162.04
8188000 -2848.78 -4561.2 -1180.45
8189000 -2860.54 -4551.27 -1170.42
8190000 -2835.27 -4494.57 -1155.82
8191000 -2816.87 -4511.9 -1156.4
8192000 -2820.12 -4503.04 -1155.18
8193000 -2785.41 -4534.61 -1140.47
8194000 -2785.77 -4523.99 -1140.02
8195000 -2749.39 -4586.99 -1116.8
8196000 -2791.56 -4554.03 -1125.59
8197000 -2832.43 -4557.87 -1143.27
8198000 -2785.66 -4547.11 -1135.48
8199000 -2754.88 -4564.39 -1122.88
8200000 -2737.53 -4604.8 -1111.89
8201000 -2748.36 -4628.22 -1119.69
8202000 -2732.59 -4628.74 -1127.06
8203000 -2731.44 -4651 -1125.78
8204000 -2696.54 -4698.61 -1120.51
8205000 -2703.57 -4728.04 -1113.32
8206000 -2742.98 -4650.33 -1136.34
8207000 -2803.39 -4572.59 -1156.7
8208000 -2822.31 -4589.03 -1152.35
8209000 -2773.94 -4643.32 -1147.49
8210000 -2811.53 -4605.7 -1158.47
8211000 -2804.15 -4615.73 -1147.63
8212000 -2808.26 -4616.29 -1143.74
8213000 -2817.91 -4604.77 -1148.35
8214000 -2856.42 -4543.13 -1171.97
8215000 -2799.47 -4608.84 -1126.77
8216000 -2756.36 -4648.78 -1118.51
8217000 -2767.45 -4680.82 -1112.4
8218000 -2771.76 -4622.99 -1127.52
8219000 -2754.94 -4616.05 -1129.44
8220000 -2728.64 -4720.89 -1112.77
8221000 -2757.02 -4676.93 -1108.87
8222000 -2747.14 -4616.07 -1103.32
8223000 -2752.59 -4646.45 -1107.7
8224000 -2784.66 -4624.52 -1132.7
8225000 -2795.32 -4591.96 -1129.82
8226000 -2817.4 -4605.76 -1130.32
8227000 -2772.99 -4613.42 -1127.67
8228000 -2788.09 -4569.07 -1132.55
8229000 -2832.71 -4481.93 -1141.07
8230000 -2788.82 -4568.16 -1132.61
8231000 -2797.75 -4577.41 -1130.91
8232000 -2811.13 -4588.34 -1118.34
8233000 -2833.47 -4542.79 -1129.79
8234000 -2813.68 -4600.09 -1136.96
8235000 -2810.86 -4624.99 -1135.73
8236000 -2792.87 -4669.16 -1117.19
8237000 -2766.34 -4635.64 -1115.6
8238000 -2796.89 -4557.25 -1115.89
8239000 -2742.24 -4638.17 -1102.71
8240000 -2755.63 -4614.87 -1107.78
8241000 -2808.78 -4536.34 -1119.32
8242000 -2810.86 -4558.95 -1114.51
8243000 -2853.35 -4552.54 -1134.39
8244000 -2867.65 -4492.1 -1125.43
8245000 -2876.43 -4497.04 -1138.74
8246000 -2826.87 -4540.89 -1125.71
8247000 -2816.32 -4602.36 -1112.16
8248000 -2858.25 -4521.8 -1116.14
8249000 -2860.99 -4477.14 -1113.7
8250000 -2886.55 -4534.14 -1120.09
8251000 -2858.52 -4536.85 -1116.74
8252000 -2838.75 -4498.21 -1111.14
8253000 -2817.22 -4526.12 -1104.45
8254000 -2879.85 -4512.43 -1106.45
8255000 -2885.99 -4437.81 -1130.32
8256000 -2852.84 -4552.68 -1119.29
8257000 -2882.14 -4495.25 -1129.77
8258000 -2914.31 -4451.08 -1139.81
8259000 -2919.42 -4440.94 -1146.77
8260000 -2873.01 -4485.02 -1135.8
8261000 -2876.26 -4523.72 -1140.9
8262000 -2865.01 -4497.81 -1147.57
8263000 -2849.31 -4561.74 -1140.62
8264000 -2872.54 -4541.97 -1128.67
8265000 -2861.16 -4542.4 -1120.78
8266000 -2802.47 -4591.13 -1105.23
8267000 -2768.2 -4698.84 -1104.7
8268000 -2723.84 -4720.17 -1103.23
8269000 -2752.76 -4714.45 -1102.1
8270000 -2806.36 -4632.02 -1106.05
8271000 -2860.98 -4556.44 -1134.8
8272000 -2849.58 -4517.7 -1122.83
8273000 -2843.78 -4529.1 -1124.64
8274000 -2873.1 -4537.9 -1127.79
8275000 -2840.7 -4562.35 -1116.05
8276000 -2831.13 -4618.29 -1112.71
8277000 -2890.53 -4599.1 -1127.08
8278000 -2891.55 -4551.61 -1137.88
8279000 -2915.98 -4497.3 -1138.07
8280000 -2895.16 -4604.97 -1135.06
8281000 -2845.94 -4579.28 -1125.47
8282000 -2857.82 -4622.53 -1122.58
8283000 -2856.47 -4609.53 -1115.99
8284000 -2845.79 -4609.91 -1124.53
8285000 -2843.23 -4632.16 -1124.9
8286000 -2827.63 -4601.31 -1122.61
8287000 -2804.91 -4640.33 -1110.8
8288000 -2812.7 -4673.28 -1099.77
8289000 -2845.69 -4655.09 -1121.5
8290000 -2819.62 -4666.64 -1107.02
8291000 -2809.4 -4676.8 -1126.55
8292000 -2765.67 -4681.84 -1104.57
8293000 -2823.37 -4640.08 -1123.13
8294000 -2867.76 -4540.46 -1128.92
8295000 -2825.46 -4646.97 -1115.24
8296000 -2870.65 -4607.39 -1129.48
8297000 -2846.05 -4620.65 -1136.14
8298000 -2837.25 -4618.5 -1114.22
8299000 -2863.38 -4617.63 -1140.53
8300000 -2817.95 -4680.49 -1128.92
8301000 -2827.32 -4703.59 -1119.25
8302000 -2825.94 -4660.06 -1125
8303000 -2807.57 -4729.55 -1116.59
8304000 -2813.58 -4733.15 -1117.26
8305000 -2810.29 -4727.92 -1114.57
8306000 -2813.18 -4682.92 -1120.24
8307000 -2806.31 -4624.97 -1106.72
8308000 -2809.56 -4653.04 -1127.82
8309000 -2797.55 -4683.43 -1120.32
8310000 -2773.53 -4640.95 -1105.08
8311000 -2836.62 -4621.95 -1119.36
8312000 -2809.97 -4662.82 -1117.79
8313000 -2794.49 -4641.92 -1128.16
8314000 -2814.31 -4595.97 -1121.01
8315000 -2805.57 -4607.29 -1117.43
8316000 -2810.86 -4638.99 -1111.34
8317000 -2865.47 -4520.97 -1134.79
8318000 -2826.64 -4555.97 -1113.81
8319000 -2842.97 -4681.28 -1117.05
8320000 -2837.48 -4663.89 -1111.54
8321000 -2805.39 -4646.71 -1114.62
8322000 -2763.24 -4678.96 -1104.72
8323000 -2795.45 -4703.81 -1117.39
8324000 -2800.89 -4721.87 -1103.24
8325000 -2838.59 -4665.82 -1140.1
8326000 -2830.81 -4689.45 -1122.09
8327000 -2803.38 -4707.65 -1113.47
8328000 -2807.04 -4670.52 -1097.45
8329000 -2819.05 -4678.07 -1094.82
8330000 -2792.33 -4725.73 -1097.68
8331000 -2839.76 -4651.61 -1107.61
8332000 -2795.86 -4715.5 -1100.11
8333000 -2790.7 -4727.74 -1105.45
8334000 -2780.85 -4720 -1088.79
8335000 -2771.32 -4674.67 -1094.29
8336000 -2817.33 -4546.14 -1123.35
8337000 -2821.17 -4601.58 -1119.94
8338000 -2860.67 -4620.49 -1140
8339000 -2829.53 -4638.42 -1129.56
8340000 -2859.06 -4597.02 -1134.73
8341000 -2839.35 -4596.06 -1136.66
8342000 -2848.8 -4581.75 -1143.19
8343000 -2828.11 -4636.08 -1151.88
8344000 -2810.03 -4706.34 -1131.15
8345000 -2783.32 -4719.85 -1107.42
8346000 -2792.48 -4696.7 -1119.94
8347000 -2780.59 -4695.65 -1123.05
8348000 -2751.76 -4668.34 -1106.96
8349000 -2796.39 -4631.53 -1125.08
8350000 -2759.53 -4641.34 -1098.97
8351000 -2752.32 -4732.89 -1108.82
8352000 -2763.44 -4712.25 -1106.51
8353000 -2720.93 -4753.11 -1089.98
8354000 -2783.42 -4584.34 -1109.31
8355000 -2837.38 -4537.83 -1117.85
8356000 -2828.96 -4590.59 -1115.95
8357000 -2886.42 -4541.68 -1128.77
8358000 -2824.14 -4578.96 -1117.52
8359000 -2782.17 -4616.32 -1103.68
8360000 -2757.99 -4620.34 -1092.45
8361000 -2802.25 -4569.57 -1112.13
8362000 -2856.63 -4555.32 -1135.28
8363000 -2816.13 -4618.59 -1114.25
8364000 -2815.13 -4562.6 -1110.34
8365000 -2852.07 -4575.28 -1123.42
8366000 -2835.1 -4612.48 -1115
8367000 -2836.23 -4555.87 -1108.26
8368000 -2851.16 -4572.99 -1126.52
8369000 -2811.93 -4591.06 -1112.79
8370000 -2765.31 -4667.81 -1099.86
8371000 -2784.96 -4640.9 -1103.77
8372000 -2761.28 -4643.87 -1095.45
8373000 -2733.3 -4674.55 -1087.81
8374000 -2767.7 -4655.21 -1107.47
8375000 -2834.24 -4582.76 -1119.72
8376000 -2867.98 -4515.91 -1125.8
8377000 -2833.58 -4526.06 -1117.33
8378000 -2866.59 -4548.81 -1134.46
8379000 -2831.24 -4652.09 -1135.76
8380000 -2865 -4589.07 -1126.41
8381000 -2804.9 -4716.2 -1115.68
8382000 -2804.25 -4699.14 -1131.52
8383000 -2806.72 -4686.13 -1128.48
8384000 -2820.74 -4679.03 -1136.48
8385000 -2862.56 -4677.17 -1133.19
8386000 -2849.08 -4697.41 -1134.78
8387000 -2832.29 -4671.29 -1129.6
8388000 -2830.24 -4737.44 -1140.47
8389000 -2835.97 -4724.98 -1135.49
8390000 -2912.21 -4628.93 -1143.02
8391000 -2879.07 -4617.6 -1135.02
8392000 -2782.26 -4753.61 -1113.51
8393000 -2764.47 -4822.08 -1105.21
8394000 -2822.51 -4782.87 -1119.11
8395000 -2825.47 -4804.97 -1109.05
8396000 -2774.61 -4830.94 -1110.27
8397000 -2747.63 -4892.17 -1105.6
8398000 -2785.34 -4817.27 -1102.13
8399000 -2789.57 -4779.65 -1103.4
8400000 -2800.39 -4804.99 -1117.31
8401000 -2831.39 -4745.99 -1134.78
8402000 -2829.1 -4730.74 -1106.22
8403000 -2861.55 -4699.18 -1109.55
8404000 -2832.2 -4737.41 -1125.12
8405000 -2828.52 -4785.45 -1120.55
8406000 -2827.15 -4755.07 -1113.44
8407000 -2827.47 -4729.77 -1111.66
8408000 -2818.86 -4679.3 -1092.23
8409000 -2805.04 -4709.37 -1102.78
8410000 -2784.31 -4799.61 -1102.45
8411000 -2787.48 -4722.87 -1102.05
8412000 -2769.62 -4743.28 -1105.87
8413000 -2800.52 -4763.82 -1110.25
8414000 -2815.67 -4626.18 -1112.97
8415000 -2780.67 -4699.08 -1108.57
8416000 -2771.78 -4665.17 -1106.79
8417000 -2739.64 -4740.8 -1101.53
8418000 -2738.83 -4724.26 -1112.21
8419000 -2762.83 -4770.85 -1116.48
8420000 -2739.35 -4773 -1109.06
8421000 -2745.28 -4785.66 -1110.68
8422000 -2750.13 -4742.65 -1107.58
8423000 -2757.03 -4681.25 -1107.04
8424000 -2761.94 -4711.45 -1107.18
8425000 -2738.46 -4742.43 -1091.89
8426000 -2688.78 -4826.77 -1081.24
8427000 -2722.13 -4813.76 -1088.9
8428000 -2702.55 -4764.83 -1078.96
8429000 -2732.16 -4804.72 -1075.42
8430000 -2786.38 -4758.46 -1105.07
8431000 -2785.08 -4746.61 -1108.02
8432000 -2783.65 -4781.49 -1111.71
8433000 -2762.67 -4824.83 -1110.9
8434000 -2739.19 -4806.98 -1094.81
8435000 -2704.08 -4829.46 -1077.58
8436000 -2747.84 -4842.45 -1090.65
8437000 -2736.37 -4807.81 -1088.03
8438000 -2719.84 -4827.43 -1085.74
8439000 -2729.84 -4875.4 -1099.82
8440000 -2763.95 -4811.18 -1104.95
8441000 -2753.58 -4850.27 -1095.02
8442000 -2777.93 -4856.63 -1099.47
8443000 -2758.67 -4920.72 -1094.74
8444000 -2773.07 -4957.7 -1098.29
8445000 -2749.95 -5053.95 -1106.01
8446000 -2747.1 -5027.45 -1108.29
8447000 -2807.34 -4922.23 -1120.06
8448000 -2769.69 -4923.46 -1107.46
8449000 -2770.11 -4900.21 -1100.76
8450000 -2767.37 -4912.36 -1110.67
8451000 -2812.81 -4838.19 -1128.09
8452000 -2790.41 -4867.44 -1104.01
8453000 -2794.11 -4805.94 -1118.35
8454000 -2803.74 -4828.65 -1124.46
8455000 -2821.71 -4839.88 -1133.36
8456000 -2771.27 -4845.47 -1117.97
8457000 -2762.99 -4873.52 -1113.84
8458000 -2793.12 -4912.44 -1134.68
8459000 -2827.8 -4855.13 -1152.3
8460000 -2861.91 -4869.48 -1154.83
8461000 -2813.34 -4891.55 -1159.79
8462000 -2773.91 -4853.52 -1137.41
8463000 -2784.53 -4891.14 -1135.23
8464000 -2812.95 -4836.53 -1140.81
8465000 -2825.14 -4790.76 -1147.82
8466000 -2821.68 -4823.37 -1139.77
8467000 -2797.75 -4862.7 -1133.51
8468000 -2849.48 -4779.06 -1154.35
8469000 -2822.06 -4798.26 -1140.15
8470000 -2857.62 -4804.59 -1151.37
8471000 -2814.05 -4848.95 -1148.37
8472000 -2798.2 -4925.03 -1145.04
8473000 -2791.18 -4929.01 -1136.45
8474000 -2788.64 -4930.96 -1137.83
8475000 -2798.44 -4916.74 -1144.88
8476000 -2834.86 -4871.44 -1153.64
8477000 -2866.24 -4841.04 -1165.25
8478000 -2843.73 -4866.94 -1156.45
8479000 -2821.87 -4887.79 -1136.98
8480000 -2892.2 -4760.56 -1180.38
8481000 -2875.46 -4847.18 -1188.06
8482000 -2874.55 -4827.67 -1167.33
8483000 -2808.38 -4839.42 -1153.88
8484000 -2853.36 -4860.63 -1153.44
8485000 -2835.74 -4857.25 -1153.91
8486000 -2821.11 -4908.77 -1154.99
8487000 -2886.46 -4891.07 -1160.27
8488000 -2896.88 -4827.19 -1177.37
8489000 -2882.08 -4813.65 -1181.12
8490000 -2882.25 -4844.8 -1182.93
8491000 -2831.34 -4898.17 -1165.77
8492000 -2850.65 -4850.45 -1158.21
8493000 -2852.11 -4889.18 -1163.86
8494000 -2892.17 -4746.89 -1176.3
8495000 -2849.1 -4823.25 -1159.58
8496000 -2834.54 -4752.26 -1156.65
8497000 -2860.76 -4787.48 -1149.91
8498000 -2868.79 -4778.98 -1164.43
8499000 -2886.92 -4726.97 -1157.91
8500000 -2862.46 -4760.71 -1142.72
8501000 -2904.53 -4749.48 -1179.89
8502000 -2911.9 -4749.91 -1179.47
8503000 -2923.69 -4741.78 -1172.73
8504000 -2876.21 -4759.48 -1169.36
8505000 -2872.2 -4791.32 -1171.18
8506000 -2897.61 -4765.6 -1195.89
8507000 -2885.46 -4745.13 -1191.08
8508000 -2900.96 -4698.71 -1187.28
8509000 -2877.63 -4727.84 -1183.37
8510000 -2835.88 -4735.12 -1166.57
8511000 -2907.06 -4693.93 -1197.03
8512000 -2895.22 -4692.74 -1177.82
8513000 -2903.2 -4647.04 -1187.2
8514000 -2844.81 -4751.48 -1166.79
8515000 -2838.86 -4733.46 -1166.43
8516000 -2841.61 -4724.39 -1162.94
8517000 -2858.5 -4729.4 -1155.29
8518000 -2902.02 -4739.6 -1165.53
8519000 -2915.92 -4763.51 -1168.27
8520000 -2898.5 -4756.71 -1164.81
8521000 -2843.17 -4769.22 -1159.09
8522000 -2840.8 -4758.3 -1151.37
8523000 -2880.62 -4727.19 -1163.43
8524000 -2837.29 -4750.35 -1153.46
8525000 -2869.6 -4736.65 -1159.16
8526000 -2885.18 -4714.47 -1159.34
8527000 -2883.06 -4655.11 -1141.09
8528000 -2891.63 -4718.5 -1133.99
8529000 -2892.91 -4798.69 -1144.12
8530000 -2879.22 -4811.53 -1154.05
8531000 -2861.93 -4851 -1162.71
8532000 -2859.01 -4855.64 -1148.17
8533000 -2900.75 -4857.96 -1159.2
8534000 -2884.64 -4832.74 -1152.62
8535000 -2913.98 -4737.89 -1170.42
8536000 -2894.99 -4780.21 -1159.29
8537000 -2911.63 -4757.32 -1157.84
8538000 -2906.54 -4770.14 -1168.53
8539000 -2862.45 -4807.69 -1158.03
8540000 -2832.71 -4790.82 -1158.16
8541000 -2845.58 -4887.44 -1161.22
8542000 -2901.05 -4784.06 -1177.29
8543000 -2888.6 -4756.3 -1181.41
8544000 -2861.81 -4788.3 -1164.14
8545000 -2853.14 -4832.72 -1148.21
8546000 -2870.72 -4835.39 -1165.97
8547000 -2841.9 -4892.69 -1153.98
8548000 -2838.75 -4858.48 -1150.62
8549000 -2863.54 -4766.18 -1161.97
8550000 -2835.31 -4754.68 -1151.68
8551000 -2843.29 -4763.74 -1151.98
8552000 -2855.23 -4806.25 -1149.55
8553000 -2850.54 -4748.44 -1149.57
8554000 -2875.78 -4757.01 -1166.17
8555000 -2894.66 -4711.04 -1178.02
8556000 -2899.51 -4705.85 -1195.12
8557000 -2865.2 -4776.37 -1198.25
8558000 -2892.57 -4730.34 -1207.28
8559000 -2869.56 -4715.7 -1199.05
8560000 -2878.72 -4746.1 -1182.4
8561000 -2854.98 -4768.71 -1172.85
8562000 -2856.4 -4754.09 -1165.21
8563000 -2842.58 -4793.33 -1152.61
8564000 -2892.67 -4803.8 -1169.74
8565000 -2902.28 -4714.09 -1181.64
8566000 -2789.52 -4859.64 -1161.63
8567000 -2838.13 -4846.55 -1178.84
8568000 -2883.15 -4764.27 -1182.96
8569000 -2891.33 -4725.56 -1171.75
8570000 -2885.3 -4698.27 -1170.96
8571000 -2908.44 -4751.63 -1193.4
8572000 -2890.68 -4692.18 -1196.2
8573000 -2870.42 -4711.33 -1187.91
8574000 -2917.43 -4640.49 -1197.74
8575000 -2952.43 -4573.73 -1212.43
8576000 -2948.01 -4672.81 -1202.55
8577000 -2921.08 -4738.41 -1181.27
8578000 -2932.55 -4704.25 -1191.42
8579000 -2844.88 -4733.63 -1156.42
8580000 -2867.98 -4703.93 -1154.4
8581000 -2853.38 -4705.56 -1164.97
8582000 -2927.26 -4658.74 -1185.55
8583000 -2937.28 -4594.82 -1178.44
8584000 -2907.09 -4588.26 -1166.81
8585000 -2900.28 -4631.41 -1174.19
8586000 -2933.6 -4617.57 -1171.93
8587000 -2926.28 -4662.94 -1179.45
8588000 -2890.2 -4659.86 -1164.39
8589000 -2947.53 -4638.15 -1193.88
8590000 -2940.12 -4610.52 -1188.59
8591000 -2930.37 -4538.12 -1194.63
8592000 -2969.83 -4565.25 -1195.48
8593000 -2902.47 -4682.4 -1179.26
8594000 -2928.63 -4663.16 -1192.71
8595000 -2890.89 -4625.79 -1187.07
8596000 -2884.29 -4662.82 -1186.13
8597000 -2945.93 -4621.82 -1194.68
8598000 -2899.35 -4729.93 -1175.78
8599000 -2940.99 -4703.83 -1203.8
8600000 -2885.03 -4757.05 -1177.52
8601000 -2891 -4737.76 -1186.92
8602000 -2912.01 -4732.87 -1188.4
8603000 -2848.35 -4793.82 -1178.58
8604000 -2865.06 -4785.71 -1200.12
8605000 -2893.01 -4734.3 -1206.17
8606000 -2888.48 -4709.96 -1174.74
8607000 -2907.57 -4649.2 -1176.71
8608000 -2921.62 -4663.69 -1199.63
8609000 -2938.94 -4673.98 -1193.82
8610000 -2894.7 -4733.37 -1188.51
8611000 -2875.34 -4740.46 -1178.82
8612000 -2884.09 -4735.89 -1187.47
8613000 -2897.61 -4749.07 -1200.77
8614000 -2857.74 -4760.82 -1176.41
8615000 -2882.18 -4690.42 -1181.72
8616000 -2913.02 -4676.73 -1187.77
8617000 -2957.68 -4625.88 -1183.55
8618000 -2951.09 -4588.94 -1196.94
8619000 -2938.57 -4620.71 -1187.32
8620000 -2933.64 -4616.24 -1207.73
8621000 -2913.81 -4640.87 -1199.61
8622000 -2880.85 -4633.54 -1174.74
8623000 -2904.97 -4576.87 -1175.91
8624000 -2901.08 -4608.5 -1174.42
8625000 -2876.49 -4669.82 -1164.79
8626000 -2896.85 -4661.5 -1179.39
8627000 -2942.35 -4652.55 -1191.46
8628000 -2933.52 -4674.12 -1180.49
8629000 -2895.19 -4617.71 -1190.21
8630000 -2857.07 -4667.53 -1169.45
8631000 -2855.36 -4675.38 -1189.46
8632000 -2884.16 -4616.3 -1186.04
8633000 -2878.27 -4636.68 -1188.89
8634000 -2891.52 -4677.89 -1187.96
8635000 -2937.72 -4667.94 -1184.03
8636000 -2923.51 -4724.69 -1183.98
8637000 -2947.68 -4688.14 -1190.17
8638000 -2909.78 -4714.98 -1180.3
8639000 -2894.09 -4733.72 -1179.97
8640000 -2909.04 -4699.25 -1172.81
8641000 -2917.92 -4675.14 -1173.36
8642000 -2943.61 -4609.48 -1162.99
8643000 -2883.08 -4660.06 -1158.51
8644000 -2893.27 -4695.3 -1175.84
8645000 -2928.89 -4655.48 -1185.53
8646000 -2946.1 -4682.12 -1201.74
8647000 -2915.36 -4653.96 -1184.44
8648000 -2897.42 -4668.7 -1182.57
8649000 -2931.39 -4619.83 -1200.61
8650000 -2973.61 -4550.1 -1200.55
8651000 -2941.5 -4653.15 -1194.11
8652000 -2943.12 -4580.95 -1185.87
8653000 -2963.24 -4531.36 -1183.02
8654000 -2985.13 -4474.82 -1177.6
8655000 -2984.93 -4483.55 -1190.22
8656000 -3002.17 -4521.72 -1195.77
8657000 -2994.61 -4508.24 -1195.4
8658000 -3010.99 -4423.39 -1207.95
8659000 -2984.57 -4492.36 -1190.37
8660000 -3001.39 -4458.63 -1199.07
8661000 -3009.85 -4456.66 -1199.09
8662000 -3054.43 -4408.84 -1200.82
8663000 -3044.4 -4388 -1196.31
8664000 -2994.14 -4479.92 -1171.14
8665000 -3004.45 -4486.98 -1183.45
8666000 -2995.06 -4507.03 -1184.76
8667000 -3002.36 -4511.27 -1190.88
8668000 -2956.15 -4605.71 -1182.14
8669000 -2985.42 -4537.07 -1187.2
8670000 -2996.48 -4554.89 -1197.19
8671000 -3030.62 -4449.54 -1196.23
8672000 -2981.16 -4536.54 -1201.39
8673000 -2998.02 -4562.89 -1205.5
8674000 -2996.5 -4585.89 -1206.89
8675000 -2968.56 -4599.9 -1193.18
8676000 -2980.66 -4594.12 -1185.17
8677000 -2983.71 -4532.17 -1189.66
8678000 -3011.34 -4524.99 -1208.81
8679000 -2978.74 -4564.55 -1201.82
8680000 -3009.81 -4532.97 -1201.24
8681000 -2967.43 -4619.77 -1199.96
8682000 -2999.13 -4539.22 -1184.79
8683000 -2975.33 -4610.55 -1187.03
8684000 -2957.92 -4627.01 -1170.64
8685000 -2971.27 -4674.92 -1183.06
8686000 -3003.71 -4604.65 -1195.67
8687000 -3031.25 -4552.32 -1208.51
8688000 -2997.9 -4555.99 -1197.58
8689000 -3004.73 -4592.67 -1200.49
8690000 -3040.38 -4507.25 -1220.49
8691000 -3006.73 -4560.75 -1194.63
8692000 -3042.4 -4498.7 -1211
8693000 -3014.55 -4592.27 -1194.76
8694000 -3026.72 -4538.57 -1212.11
8695000 -3004.19 -4555.31 -1193.8
8696000 -2962.55 -4560.88 -1178.97
8697000 -2972.44 -4552.94 -1185.16
8698000 -2991.32 -4538.17 -1210.1
8699000 -2979.3 -4549.02 -1188.07
8700000 -2945.88 -4541.99 -1167.12
8701000 -2962.65 -4534.38 -1184.83
8702000 -2993.47 -4501.75 -1187.35
8703000 -2950.63 -4514.18 -1182.3
8704000 -2940.74 -4579.3 -1184.47
8705000 -2986.1 -4519.7 -1194.29
8706000 -2956.73 -4526.73 -1198.03
8707000 -2951.88 -4573.25 -1201.72
8708000 -2963.83 -4579.8 -1201.51
8709000 -3004.27 -4460.17 -1219.59
8710000 -3034.57 -4394.92 -1211.19
8711000 -3028.67 -4405.3 -1208.92
8712000 -2965.31 -4419.8 -1181.05
8713000 -2987.16 -4386.72 -1199.11
8714000 -2960.02 -4434.49 -1193.09
8715000 -2975.1 -4427.37 -1170.86
8716000 -2969.98 -4445.47 -1172.76
8717000 -2962.53 -4486.79 -1170.76
8718000 -2968.62 -4484.65 -1162.06
8719000 -2896.74 -4536.89 -1151.69
8720000 -2926.67 -4451.32 -1163.78
8721000 -2932 -4476.91 -1183.39
8722000 -2879.44 -4511.72 -1161.45
8723000 -2894.19 -4471.89 -1161.76
8724000 -2938.88 -4409.15 -1173.98
8725000 -2920.07 -4384.12 -1174.12
8726000 -2923.49 -4446.26 -1198.1
8727000 -2899.17 -4471.2 -1184.83
8728000 -2984.81 -4392.35 -1206.84
8729000 -2942.16 -4436.97 -1188.97
8730000 -2946 -4451.57 -1203.99
8731000 -2907.23 -4491.22 -1185.94
8732000 -2872.87 -4532.37 -1160.17
8733000 -2867.59 -4492.24 -1151.41
8734000 -2840.62 -4516.15 -1157.35
8735000 -2884.87 -4452.81 -1179.66
8736000 -2899.42 -4477.02 -1183.55
8737000 -2877.5 -4496.41 -1172.63
8738000 -2926.06 -4481.76 -1178.22
8739000 -2928.09 -4487.62 -1184.85
8740000 -2868.34 -4571.17 -1166.41
8741000 -2910.96 -4542.48 -1197.07
8742000 -2913.69 -4557.41 -1184.32
8743000 -2912.05 -4540.8 -1203.1
8744000 -2916.48 -4538.3 -1208.13
8745000 -2881.75 -4566.58 -1197.43
8746000 -2831.27 -4575.67 -1183.29
8747000 -2844.64 -4526.16 -1175.42
8748000 -2878.76 -4433.2 -1184.33
8749000 -2916.68 -4421.14 -1189.53
8750000 -2908.69 -4514.56 -1197.17
8751000 -2881.63 -4512.92 -1173.46
8752000 -2933.57 -4445.11 -1190.14
8753000 -2915.57 -4449.91 -1183.27
8754000 -2935.28 -4390.46 -1205.06
8755000 -2908.72 -4491.65 -1200.08
8756000 -2883.14 -4546.97 -1195.1
8757000 -2916.66 -4476.89 -1218.4
8758000 -2918.91 -4521.09 -1208.12
8759000 -2902.7 -4543.76 -1194.49
8760000 -2901.62 -4497.5 -1191.41
8761000 -2896.77 -4507.62 -1175.34
8762000 -2927.8 -4464.06 -1195.72
8763000 -2946.45 -4475.35 -1204.23
8764000 -2934.71 -4499.34 -1179.36
8765000 -2928.9 -4528.59 -1194.93
8766000 -2859.95 -4606.29 -1180.98
8767000 -2919.37 -4536.21 -1191.93
8768000 -2932.66 -4557.79 -1193.26
8769000 -2908.13 -4598.37 -1201.62
8770000 -2940.55 -4584.88 -1193.63
8771000 -2969.19 -4543.56 -1215.93
8772000 -2935.84 -4562.39 -1198.73
8773000 -2979.35 -4491.77 -1195.8
8774000 -2949.9 -4480 -1196.12
8775000 -2947.8 -4557.03 -1211.58
8776000 -2980.55 -4513.67 -1214.46
8777000 -2982.78 -4557.45 -1213.15
8778000 -2952.09 -4590.93 -1200.55
8779000 -2951.24 -4572.48 -1200
8780000 -2939.87 -4590.91 -1200.4
8781000 -2955.6 -4564.35 -1192.13
8782000 -2935.75 -4552.91 -1190.42
8783000 -2923.81 -4530.73 -1196.39
8784000 -2918.75 -4540.41 -1180.79
8785000 -2933.21 -4581.35 -1189.54
8786000 -3017.94 -4435.97 -1207.74
8787000 -2984.24 -4484.92 -1196.63
8788000 -2995.21 -4429.62 -1201.69
8789000 -2988.17 -4435.71 -1202.89
8790000 -2901.41 -4508.96 -1191.38
8791000 -2891.53 -4540.96 -1188.19
8792000 -2954.32 -4456.6 -1205.26
8793000 -2952.93 -4495.43 -1192.85
8794000 -2887.76 -4547.84 -1189.61
8795000 -2848.11 -4582.89 -1181.69
8796000 -2860.37 -4557.3 -1186.28
8797000 -2859.81 -4559.55 -1199.77
8798000 -2908.42 -4534.28 -1204.9
8799000 -2871.9 -4621.58 -1192.4
8800000 -2838.26 -4655.64 -1158.14
8801000 -2811.33 -4721.36 -1169.32
8802000 -2847.48 -4655.51 -1179.1
8803000 -2800.19 -4739.39 -1159.54
8804000 -2850.16 -4659.37 -1174.84
8805000 -2853.96 -4700.12 -1173.2
8806000 -2875.13 -4666.15 -1187.28
8807000 -2887.06 -4642.41 -1187.62
8808000 -2948.37 -4549.92 -1188.33
8809000 -2910.21 -4585.99 -1173.42
8810000 -2936.19 -4635.34 -1182.83
8811000 -2870.23 -4642.64 -1172.39
8812000 -2864.22 -4638.05 -1184.77
8813000 -2826.05 -4661.96 -1160.8
8814000 -2828.38 -4660.75 -1165.22
8815000 -2855.91 -4646.31 -1177.69
8816000 -2836.94 -4668.92 -1171.92
8817000 -2827.23 -4695.84 -1174.87
8818000 -2808.99 -4732.36 -1166.01
8819000 -2870.08 -4664.39 -1188.91
8820000 -2908.66 -4625.39 -1204.57
8821000 -2839.85 -4693.79 -1191.67
8822000 -2857.74 -4691.09 -1194.67
8823000 -2868.51 -4653.67 -1192.29
8824000 -2844.46 -4587.07 -1192.09
8825000 -2828.18 -4664.9 -1183.35
8826000 -2856.35 -4578.51 -1189.4
8827000 -2840.72 -4615.64 -1179.33
8828000 -2861.34 -4689.53 -1188.42
8829000 -2816.89 -4739.85 -1162.51
8830000 -2829.52 -4707.17 -1169.73
8831000 -2847.58 -4687.23 -1169.77
8832000 -2749.61 -4781.45 -1130.15
8833000 -2839.53 -4675.62 -1154.6
8834000 -2873.09 -4658.48 -1180.47
8835000 -2875.79 -4699.23 -1183.53
8836000 -2839.09 -4768.84 -1174.87
8837000 -2893.15 -4652.85 -1206.95
8838000 -2926.2 -4608.15 -1208.11
8839000 -2891.2 -4632.75 -1184.46
8840000 -2860.65 -4651.94 -1169.39
8841000 -2854.73 -4720.72 -1167.17
8842000 -2843.98 -4697.97 -1165.74
8843000 -2876.42 -4714.18 -1178.48
8844000 -2893.05 -4686.36 -1195.29
8845000 -2852.05 -4686.72 -1176.57
8846000 -2890.3 -4632.22 -1188.77
8847000 -2916.94 -4694.07 -1199.43
8848000 -2926.45 -4688.54 -1198.48
8849000 -2891.48 -4692.03 -1190.57
8850000 -2925.18 -4608.52 -1188.01
8851000 -2921.17 -4604.05 -1192.56
8852000 -2888.92 -4635.72 -1175.47
8853000 -2877.36 -4656.52 -1167.72
8854000 -2881.14 -4672.11 -1181.7
8855000 -2858.89 -4705.38 -1194.5
8856000 -2836.43 -4704.29 -1173.11
8857000 -2801.28 -4701.03 -1174.22
8858000 -2843.64 -4637.67 -1177.15
8859000 -2853.41 -4657.63 -1180.35
8860000 -2862.52 -4616.44 -1189.21
8861000 -2837.45 -4615.56 -1175.39
8862000 -2825.48 -4684.95 -1172.27
8863000 -2850.03 -4645.54 -1182.94
8864000 -2818.98 -4706.63 -1171.31
8865000 -2803.28 -4671.43 -1162.61
8866000 -2812.63 -4635.38 -1158.53
8867000 -2851.82 -4679.36 -1165.7
8868000 -2870.88 -4688.6 -1164.35
8869000 -2838.7 -4702.71 -1160.92
8870000 -2856.36 -4660.73 -1176.95
8871000 -2834.38 -4681.07 -1151.76
8872000 -2827.95 -4648.34 -1156.75
8873000 -2805.47 -4706.49 -1175.69
8874000 -2787.15 -4739.04 -1166.34
8875000 -2811.03 -4673.07 -1181.91
8876000 -2854.44 -4604.51 -1183.72
8877000 -2843.34 -4655.54 -1182.9
8878000 -2816.65 -4675.4 -1166.32
8879000 -2803.17 -4630.33 -1162.03
8880000 -2803.12 -4639.14 -1155.77
8881000 -2806.15 -4682.48 -1159.56
8882000 -2822.6 -4682.01 -1163.4
8883000 -2851.79 -4601.23 -1172.54
8884000 -2826.19 -4662.75 -1165.93
8885000 -2818.66 -4678.99 -1177.64
8886000 -2814.14 -4668.4 -1165.22
8887000 -2835.5 -4643.83 -1184.3
8888000 -2819.28 -4650.6 -1163.41
8889000 -2867.24 -4591.23 -1181.46
8890000 -2858.11 -4619.88 -1186.47
8891000 -2847 -4662.54 -1182.89
8892000 -2908.85 -4601.76 -1197.62
8893000 -2956.42 -4561.63 -1201.66
8894000 -2931.68 -4562.79 -1187.98
8895000 -2891.32 -4581.81 -1183.85
8896000 -2911.79 -4543.15 -1186.13
8897000 -2876.53 -4661.8 -1175.68
8898000 -2861.49 -4692.81 -1169.02
8899000 -2923.62 -4653.64 -1193.08
8900000 -2879.19 -4655.58 -1173.05
8901000 -2896.74 -4698.22 -1179.6
8902000 -2906.81 -4632.17 -1188.98
8903000 -2885.39 -4671.17 -1170.58
8904000 -2880.71 -4607.66 -1168.48
8905000 -2838.34 -4679.85 -1169.61
8906000 -2815.44 -4696.52 -1165.92
8907000 -2853.65 -4682.07 -1171.89
8908000 -2857.45 -4718.9 -1169.44
8909000 -2871.08 -4672.66 -1174.61
8910000 -2872.81 -4652.44 -1166.4
8911000 -2901.3 -4629.5 -1177.96
8912000 -2859.52 -4723.05 -1166.03
8913000 -2853.45 -4754.12 -1174.18
8914000 -2853.7 -4684.81 -1180.35
8915000 -2843.14 -4695.93 -1180.68
8916000 -2850.62 -4720.46 -1183.23
8917000 -2867.36 -4724.43 -1184.47
8918000 -2850.02 -4786.3 -1189.44
8919000 -2893.81 -4762.24 -1193.86
8920000 -2917.3 -4724.28 -1207.17
8921000 -2917.61 -4721.05 -1199.32
8922000 -2921.09 -4680.82 -1201.99
8923000 -2898.06 -4666.37 -1189.56
8924000 -2939.48 -4626.28 -1195.8
8925000 -2905.44 -4720.07 -1193.65
8926000 -2854.62 -4758.34 -1184.3
8927000 -2881.62 -4713.34 -1197.81
8928000 -2928.62 -4671.16 -1213.05
8929000 -2944.62 -4651.76 -1218.42
8930000 -2888.83 -4754.95 -1205.56
8931000 -2895.14 -4750.97 -1200.13
8932000 -2907.15 -4721.76 -1206.56
8933000 -2913.46 -4784.66 -1209.08
8934000 -2938.08 -4740.66 -1210.85
8935000 -2938.65 -4729.82 -1211.45
8936000 -2880.31 -4768.7 -1183.33
8937000 -2888.23 -4799.33 -1192.69
8938000 -2934.79 -4775.78 -1221.51
8939000 -2871.9 -4791.51 -1211.39
8940000 -2835.79 -4842.29 -1200.26
8941000 -2831.26 -4748.23 -1184.69
8942000 -2854.06 -4750.33 -1184.7
8943000 -2836.96 -4845.47 -1182.98
8944000 -2839.8 -4842.06 -1189.5
8945000 -2838.66 -4818.04 -1192.06
8946000 -2831.88 -4840.26 -1181.6
8947000 -2839.7 -4843.39 -1191.27
8948000 -2839.54 -4845.53 -1191.47
8949000 -2846.28 -4849.18 -1175.82
8950000 -2827.63 -4837.99 -1166.56
8951000 -2823.94 -4800.43 -1173.49
8952000 -2814.92 -4855.21 -1184.19
8953000 -2824.06 -4803.92 -1164.76
8954000 -2836.36 -4809.5 -1193.02
8955000 -2808.04 -4906.72 -1197.42
8956000 -2849.55 -4813.93 -1200.82
8957000 -2844.76 -4832.72 -1211.56
8958000 -2894.4 -4759.92 -1219.4
8959000 -2890.58 -4742.29 -1217.9
8960000 -2894.27 -4753.28 -1220.55
8961000 -2933.34 -4668.25 -1223.59
8962000 -2911.78 -4686.95 -1217.85
8963000 -2829.29 -4765.41 -1198.35
8964000 -2847.81 -4783.95 -1193.16
8965000 -2872.06 -4804.18 -1204.1
8966000 -2869.84 -4780.71 -1202.71
8967000 -2843.2 -4766.4 -1200.71
8968000 -2889.51 -4661.35 -1190.32
8969000 -2887.82 -4710.87 -1200.41
8970000 -2879.57 -4734.46 -1182.3
8971000 -2861.59 -4725.84 -1166.98
8972000 -2898.19 -4635.5 -1176.89
8973000 -2850.86 -4724.73 -1170.79
8974000 -2841.34 -4783.17 -1177.54
8975000 -2854.15 -4770.03 -1190.71
8976000 -2895.13 -4699.35 -1195.06
8977000 -2880.3 -4692.94 -1186.34
8978000 -2876.78 -4726.18 -1208.66
8979000 -2851.45 -4766.62 -1190.8
8980000 -2878.75 -4776.54 -1211.75
8981000 -2890.83 -4778.02 -1220.12
8982000 -2871.95 -4750.01 -1205.16
8983000 -2880.25 -4772.88 -1197.3
8984000 -2880.49 -4765.06 -1199.12
8985000 -2892.9 -4729.94 -1214.21
8986000 -2848.56 -4743.06 -1190.31
8987000 -2869.34 -4726.66 -1189.54
8988000 -2883.01 -4700.68 -1190.64
8989000 -2871.72 -4731.07 -1190.59
8990000 -2848.28 -4752.67 -1190.22
8991000 -2901.64 -4694.11 -1206.9
8992000 -2946.56 -4634.36 -1208.77
8993000 -2859.76 -4670.32 -1169.65
8994000 -2877.86 -4689.51 -1173.94
8995000 -2865.23 -4757.85 -1176.09
8996000 -2854.33 -4739.64 -1179.84
8997000 -2869.12 -4615.8 -1180.2
8998000 -2821.14 -4630.58 -1164.83
8999000 -2872.47 -4653.15 -1175.67
9000000 -2899.88 -4577.54 -1182.06
9001000 -2889.16 -4585.49 -1186.11
9002000 -2866.5 -4711.34 -1182.99
9003000 -2845.29 -4711.95 -1171.11
9004000 -2853.53 -4703.54 -1178.23
9005000 -2898.85 -4649 -1181.46
9006000 -2864.4 -4765.44 -1180.9
9007000 -2880.69 -4766.08 -1186.59
9008000 -2872.47 -4747.34 -1182.31
9009000 -2866.27 -4763.71 -1171.26
9010000 -2836.34 -4777.04 -1156.41
9011000 -2817.97 -4832.87 -1150.51
9012000 -2880.54 -4683.98 -1173.26
9013000 -2856.55 -4737.97 -1175.63
9014000 -2875.8 -4662.86 -1190
9015000 -2899.04 -4694.05 -1200.32
9016000 -2918.39 -4642.96 -1209.82
9017000 -2850.81 -4715.07 -1183.84
9018000 -2776 -4814.06 -1157.14
9019000 -2793.88 -4779.4 -1177.34
9020000 -2906.41 -4664.15 -1203.75
9021000 -2866.34 -4713.55 -1173
9022000 -2832.44 -4747.15 -1178.18
9023000 -2869.55 -4717.18 -1176.81
9024000 -2947.31 -4733.17 -1204.05
9025000 -2925.04 -4772.04 -1191.97
9026000 -2893.55 -4721.18 -1186.84
9027000 -2885.69 -4676.84 -1201.74
9028000 -2886.39 -4755.97 -1200.77
9029000 -2902.71 -4698.61 -1197.8
9030000 -2895.38 -4712.16 -1193.39
9031000 -2894.85 -4692.52 -1195.02
9032000 -2910.79 -4738.6 -1196.17
9033000 -2901.19 -4754.1 -1187.22
9034000 -2920.45 -4713.77 -1200.9
9035000 -2896.61 -4728.45 -1200.71
9036000 -2873.11 -4743.82 -1181.82
9037000 -2902.18 -4749.24 -1174.51
9038000 -2894.29 -4774.31 -1183.47
9039000 -2845.82 -4802.97 -1172.01
9040000 -2874.9 -4800.95 -1190.3
9041000 -2886.2 -4834.1 -1191.28
9042000 -2899.48 -4776.25 -1183.02
9043000 -2894.17 -4783.33 -1188.22
9044000 -2851.74 -4808.76 -1174.03
9045000 -2830.86 -4795.51 -1170.75
9046000 -2850.36 -4777.96 -1187.17
9047000 -2870.56 -4702.5 -1187.55
9048000 -2852.27 -4752.46 -1180.83
9049000 -2814.87 -4734.71 -1167.68
9050000 -2835.44 -4744.93 -1157.76
9051000 -2821.15 -4775.29 -1162.74
9052000 -2818.58 -4712.58 -1165.29
9053000 -2822.37 -4721.35 -1162.65
9054000 -2790.21 -4793.58 -1156.64
9055000 -2816.8 -4725.87 -1151.92
9056000 -2832.46 -4738.12 -1158.13
9057000 -2865.51 -4737.67 -1173.66
9058000 -2849.74 -4782 -1172.46
9059000 -2845.49 -4778.47 -1170.33
9060000 -2844.17 -4734.66 -1169.9
9061000 -2857.37 -4676.8 -1167.02
9062000 -2847.72 -4669.22 -1173.87
9063000 -2811.96 -4661.65 -1149.11
9064000 -2836.95 -4606.74 -1175.16
9065000 -2799.13 -4655.6 -1159.85
9066000 -2784.77 -4645 -1160.54
9067000 -2819.89 -4650.65 -1175.26
9068000 -2827.83 -4594.69 -1172.62
9069000 -2815.28 -4629.95 -1183.17
9070000 -2845.71 -4634.59 -1191.65
9071000 -2880.01 -4602.75 -1184.81
9072000 -2867.57 -4652.29 -1172.18
9073000 -2868.61 -4656.38 -1162.92
9074000 -2896.79 -4602.1 -1172.71
9075000 -2825.05 -4632.48 -1148.05
9076000 -2829.03 -4757.53 -1158.62
9077000 -2873.01 -4684.96 -1166.62
9078000 -2838.29 -4748.21 -1171.4
9079000 -2871.18 -4710.79 -1183.6
9080000 -2901.75 -4727.55 -1186.9
9081000 -2867.41 -4727.33 -1162.8
9082000 -2898.06 -4668.63 -1166.7
9083000 -2930.86 -4714.37 -1177.66
9084000 -2907.05 -4728.46 -1176.16
9085000 -2897.68 -4691.67 -1172.95
9086000 -2908.58 -4764.48 -1191.91
9087000 -2942.33 -4704.56 -1201.27
9088000 -2995.86 -4612.35 -1190.55
9089000 -2974.79 -4673.89 -1198.66
9090000 -2932.82 -4688.01 -1182.64
9091000 -2927.86 -4648.84 -1188.55
9092000 -2843.59 -4736.09 -1163.68
9093000 -2866.24 -4692.7 -1171.91
9094000 -2879.42 -4701.66 -1163.91
9095000 -2873.87 -4693.83 -1156.94
9096000 -2876.48 -4678.67 -1152.95
9097000 -2885.47 -4674.12 -1158.81
9098000 -2932.91 -4641.31 -1170.53
9099000 -2896.65 -4707.61 -1162.81
9100000 -2932.55 -4645.23 -1185.76
9101000 -2963.77 -4648.7 -1191
9102000 -2985.94 -4581.38 -1195.97
9103000 -2983.03 -4652.36 -1206.98
9104000 -2996.14 -4558.6 -1205.41
9105000 -2956.36 -4580.27 -1177.86
9106000 -2912.17 -4682.76 -1179.73
9107000 -2906.4 -4612.27 -1182.82
9108000 -2897.83 -4610.47 -1185.21
9109000 -2940.57 -4576.6 -1184.7
9110000 -2943.87 -4649.16 -1190.71
9111000 -2920.05 -4664.94 -1184.36
9112000 -2955.1 -4635.14 -1201.03
9113000 -2938.48 -4707.63 -1190.84
9114000 -2994.23 -4626.56 -1217.44
9115000 -2977.44 -4631.49 -1216.19
9116000 -2943.39 -4692.62 -1206.75
9117000 -2965.29 -4615.01 -1223.9
9118000 -2916.15 -4595.38 -1187.26
9119000 -2915.4 -4649.35 -1183.2
9120000 -2946.37 -4626.4 -1185.51
9121000 -2909.7 -4648.47 -1192.85
9122000 -2899.47 -4636.6 -1182.95
9123000 -2925.08 -4644.1 -1188.07
9124000 -2957.5 -4611.07 -1187.99
9125000 -2953.39 -4652.51 -1190.48
9126000 -2913.13 -4685.86 -1184.82
9127000 -2958.19 -4618.88 -1204.42
9128000 -2916.04 -4670.37 -1192.45
9129000 -2937.39 -4658.47 -1193.91
9130000 -2897.98 -4706.82 -1180.49
9131000 -2911.98 -4759.72 -1195.56
9132000 -2890.42 -4736.2 -1182.48
9133000 -2905.66 -4698.17 -1200.24
9134000 -2866.41 -4693.66 -1182.23
9135000 -2858.63 -4769.77 -1185.48
9136000 -2890.86 -4723.76 -1195.96
9137000 -2902.92 -4626.04 -1190.96
9138000 -2884.41 -4656.91 -1177.7
9139000 -2861.87 -4717.47 -1166.04
9140000 -2837.28 -4777.2 -1163.04
9141000 -2868.67 -4747.7 -1164.97
9142000 -2889.63 -4749.42 -1183.54
9143000 -2933.63 -4770.02 -1196.82
9144000 -2907.36 -4729.45 -1189.93
9145000 -2910.95 -4727.35 -1198.87
9146000 -2932.14 -4636.22 -1199.15
9147000 -2918.92 -4691.74 -1186.84
9148000 -2912.31 -4670.4 -1188.86
9149000 -2923.8 -4676.67 -1195.96
9150000 -2934.88 -4614.62 -1197.6
9151000 -2852.32 -4722.22 -1183.54
9152000 -2816.15 -4772.08 -1179.88
9153000 -2875.47 -4782.43 -1183.64
9154000 -2883.52 -4724.39 -1185.13
9155000 -2891.62 -4673.23 -1193.41
9156000 -2886.24 -4740.34 -1187.05
9157000 -2899.15 -4707.79 -1178.85
9158000 -2865.29 -4711.65 -1156.71
9159000 -2866.55 -4738.93 -1161.8
9160000 -2899.3 -4694.19 -1174.42
9161000 -2880.71 -4637.5 -1177.71
9162000 -2892.21 -4664.68 -1179.44
9163000 -2952.29 -4597.5 -1192.14
9164000 -2928.79 -4662.91 -1193.95
9165000 -2892.31 -4713.17 -1175.58
9166000 -2888.27 -4697.66 -1169.06
9167000 -2938.62 -4662.05 -1188.6
9168000 -2931.02 -4611.91 -1206.51
9169000 -2839.1 -4705.42 -1180.64
9170000 -2897.13 -4653.48 -1203.07
9171000 -2862.07 -4717.71 -1189.8
9172000 -2832.35 -4710.75 -1190.7
9173000 -2824.11 -4587.81 -1168.4
9174000 -2894.43 -4627.64 -1182.18
9175000 -2870.47 -4666.85 -1173.82
9176000 -2865.43 -4748.85 -1184.45
9177000 -2906.5 -4679.13 -1191.54
9178000 -2874.28 -4652.37 -1179.89
9179000 -2870.48 -4646.6 -1176.97
9180000 -2854.66 -4687.79 -1188.02
9181000 -2901.59 -4621.14 -1189.08
9182000 -2908.69 -4585.71 -1187.54
9183000 -2897.4 -4605.15 -1194.67
9184000 -2923.94 -4576.2 -1208.71
9185000 -2907.04 -4640.79 -1197.76
9186000 -2893.46 -4639 -1179
9187000 -2886.51 -4655.36 -1190.59
9188000 -2927.23 -4641.65 -1194.33
9189000 -2883.27 -4699.72 -1173.52
9190000 -2884.15 -4710.17 -1189.29
9191000 -2888.05 -4675.34 -1201.31
9192000 -2927.75 -4675 -1210.97
9193000 -2903.61 -4688.55 -1182.39
9194000 -2892.32 -4680.65 -1188.27
9195000 -2897.45 -4711.27 -1183.39
9196000 -2902.24 -4705.38 -1177.62
9197000 -2879.19 -4690.79 -1182.7
9198000 -2895.31 -4668.4 -1186.19
9199000 -2897.5 -4624.07 -1200.74
9200000 -2876.37 -4674.95 -1177.8
9201000 -2881.81 -4665.89 -1182.9
9202000 -2902.45 -4579.89 -1202.72
9203000 -2860.09 -4623.62 -1179.52
9204000 -2863.48 -4604.45 -1182.27
9205000 -2855.73 -4681.46 -1173.95
9206000 -2809.51 -4727.28 -1167.9
9207000 -2803.75 -4729.56 -1167.78
9208000 -2770.03 -4788.94 -1158.8
9209000 -2803.59 -4758.12 -1175.16
9210000 -2893.61 -4666.57 -1202.39
9211000 -2880.08 -4651.82 -1191.58
9212000 -2873.38 -4628.15 -1191.95
9213000 -2861.91 -4642.77 -1183.95
9214000 -2879.74 -4581.13 -1181.97
9215000 -2801.33 -4741.36 -1160.97
9216000 -2852.15 -4688.57 -1174.75
9217000 -2897.31 -4516.21 -1187.04
9218000 -2871.68 -4565.98 -1183.45
9219000 -2852.09 -4659.82 -1175.58
9220000 -2829.25 -4738.89 -1166.73
9221000 -2847.34 -4684.76 -1164.65
9222000 -2854.96 -4642.68 -1163.43
9223000 -2854.73 -4589.22 -1171.32
9224000 -2865.21 -4649.81 -1180.72
9225000 -2845.02 -4703.15 -1170.74
9226000 -2846.44 -4684.61 -1178.06
9227000 -2848.37 -4676.7 -1174.45
9228000 -2837.51 -4664.82 -1179.64
9229000 -2864.89 -4702.78 -1181.59
9230000 -2831.72 -4705.5 -1168.79
9231000 -2851.53 -4681.09 -1183.96
9232000 -2901.58 -4645.03 -1197.23
9233000 -2927.58 -4702.31 -1211.23
9234000 -2897.73 -4682.05 -1199.35
9235000 -2915.06 -4622.84 -1187.58
9236000 -2914.71 -4622.1 -1198.77
9237000 -2888.02 -4706.43 -1190.87
9238000 -2876.19 -4695.92 -1179.6
9239000 -2916.87 -4668.06 -1188.28
9240000 -2884 -4622.14 -1171.82
9241000 -2931.06 -4623.46 -1180.76
9242000 -2945.84 -4625.52 -1198.31
9243000 -2899.64 -4624.04 -1182.24
9244000 -2876.95 -4656.26 -1177.01
9245000 -2873.18 -4725.49 -1182.09
9246000 -2859.54 -4737.25 -1169.51
9247000 -2816.77 -4799.26 -1155.65
9248000 -2849.15 -4736 -1163.33
9249000 -2853 -4722.04 -1166.65
9250000 -2835.42 -4733.67 -1154.8
9251000 -2797.21 -4696.47 -1164.06
9252000 -2778.75 -4778.49 -1148.85
9253000 -2806.25 -4685.68 -1159.42
9254000 -2795.54 -4748.77 -1154.97
9255000 -2818.78 -4700.5 -1162.96
9256000 -2841.58 -4685.29 -1175.42
9257000 -2846.77 -4633.67 -1179.99
9258000 -2844.27 -4665.29 -1181.1
9259000 -2831.82 -4709.17 -1187.72
9260000 -2859.08 -4637.26 -1181.22
9261000 -2802.19 -4702.84 -1165.22
9262000 -2804.62 -4716.96 -1172.04
9263000 -2773.54 -4745.59 -1164
9264000 -2850.09 -4641.1 -1185.91
9265000 -2823.61 -4650.31 -1184.21
9266000 -2779.06 -4668.51 -1162.69
9267000 -2764.73 -4648.34 -1157.24
9268000 -2809.6 -4596.88 -1157.03
9269000 -2767.03 -4742.91 -1159.76
9270000 -2775.89 -4677.3 -1161.48
9271000 -2783.94 -4719.32 -1155.6
9272000 -2807.62 -4689.09 -1147.46
9273000 -2842.72 -4654.68 -1160.6
9274000 -2848.9 -4648.28 -1173.51
9275000 -2854.08 -4684.69 -1172.88
9276000 -2873.45 -4653.56 -1176.23
9277000 -2826.44 -4665.42 -1175.05
9278000 -2817.88 -4617.04 -1158.91
9279000 -2844.05 -4644.65 -1178.02
9280000 -2774.94 -4712.36 -1146.48
9281000 -2826.1 -4670.3 -1177.6
9282000 -2775.25 -4752.87 -1173.83
9283000 -2782.71 -4706.86 -1195.45
9284000 -2788.8 -4692.63 -1187.24
9285000 -2781.56 -4692.97 -1162.25
9286000 -2742.74 -4793.84 -1156.18
9287000 -2744.89 -4806.02 -1163.36
9288000 -2761.81 -4740.71 -1180.63
9289000 -2804.76 -4728.45 -1172.47
9290000 -2823.91 -4758.06 -1180.51
9291000 -2779.95 -4843.58 -1180.03
9292000 -2798.69 -4809.62 -1186.62
9293000 -2818.41 -4824.21 -1197.89
9294000 -2793.28 -4831.99 -1190.21
9295000 -2801.77 -4770.06 -1176.28
9296000 -2768.96 -4848.81 -1171.44
9297000 -2770.21 -4857.87 -1172.56
9298000 -2808.83 -4808.49 -1169.4
9299000 -2819.98 -4763.28 -1180.1
9300000 -2816 -4795.91 -1193.32
9301000 -2850.67 -4723.13 -1185.19
9302000 -2836.47 -4703.2 -1191.9
9303000 -2806.38 -4798.19 -1182.72
9304000 -2766.57 -4785.94 -1174.7
9305000 -2779.33 -4790.44 -1197.25
9306000 -2833.98 -4761.19 -1206.69
9307000 -2860 -4678.14 -1213.32
9308000 -2870.67 -4666.11 -1216.79
9309000 -2851.72 -4728.71 -1204.25
9310000 -2866.59 -4740.99 -1216.1
9311000 -2866.6 -4708.89 -1218.97
9312000 -2846.7 -4669.65 -1192.4
9313000 -2858.52 -4678.46 -1202.3
9314000 -2815.8 -4689.52 -1177.18
9315000 -2868.52 -4612.51 -1213.83
9316000 -2904.14 -4627 -1212.58
9317000 -2868.71 -4686.19 -1207.44
9318000 -2885.59 -4661.63 -1213.71
9319000 -2839.31 -4664.77 -1188.72
9320000 -2860.89 -4682.93 -1198.41
9321000 -2845.73 -4756.37 -1179.45
9322000 -2828.87 -4746.05 -1172.08
9323000 -2840.23 -4743.98 -1190.69
9324000 -2878.91 -4668.8 -1199.04
9325000 -2857.6 -4715.38 -1178.99
9326000 -2792.8 -4756.75 -1153.95
9327000 -2774.2 -4770.75 -1163.42
9328000 -2814.36 -4698.79 -1190.73
9329000 -2834.63 -4701.59 -1195.54
9330000 -2814.71 -4731.04 -1183.66
9331000 -2758.67 -4740.9 -1166.3
9332000 -2788.95 -4732.32 -1177.14
9333000 -2819.36 -4725.96 -1185.93
9334000 -2822.72 -4703.08 -1184.5
9335000 -2840.07 -4685.5 -1194.86
9336000 -2809.59 -4707.01 -1183.44
9337000 -2789.7 -4714.03 -1176.18
9338000 -2767.35 -4740.48 -1163.96
9339000 -2779.28 -4702.55 -1171.17
9340000 -2818.44 -4638.06 -1157.35
9341000 -2830.89 -4606.8 -1172.86
9342000 -2836.02 -4527.14 -1181.74
9343000 -2792.3 -4615.02 -1182.77
9344000 -2812.39 -4645.25 -1180.77
9345000 -2782.34 -4735.84 -1176.32
9346000 -2749.71 -4719.07 -1161.04
9347000 -2799.63 -4636.79 -1171.06
9348000 -2757.15 -4681.5 -1159.08
9349000 -2776.3 -4682.68 -1177.87
9350000 -2761.42 -4709.23 -1176.32
9351000 -2748.35 -4734.39 -1183.26
9352000 -2782.29 -4717.57 -1176.11
9353000 -2795.23 -4693.26 -1184.7
9354000 -2781.47 -4746 -1171.44
9355000 -2832.36 -4658.33 -1173
9356000 -2802.65 -4758.6 -1165.49
9357000 -2740.26 -4839.08 -1158.37
9358000 -2800.92 -4677.93 -1180.47
9359000 -2811.69 -4633.28 -1177.99
9360000 -2795.45 -4700.04 -1166.71
9361000 -2856.85 -4625.22 -1193.19
9362000 -2885.68 -4567.24 -1210.45
9363000 -2839.02 -4630.45 -1192.68
9364000 -2793.98 -4694.18 -1182.83
9365000 -2811.17 -4678.44 -1175.76
9366000 -2831.57 -4596.29 -1172.21
9367000 -2827.83 -4625.24 -1174.46
9368000 -2830.83 -4634.44 -1184.53
9369000 -2870.62 -4597.11 -1186.02
9370000 -2901.77 -4597.85 -1221.11
9371000 -2920.46 -4544.35 -1202.45
9372000 -2913.04 -4519.64 -1214
9373000 -2898.13 -4607.4 -1216.66
9374000 -2819.56 -4664.97 -1195.61
9375000 -2876.94 -4641.68 -1210.03
9376000 -2852.41 -4642.1 -1198.16
9377000 -2845.66 -4682.38 -1176.71
9378000 -2821.89 -4737.62 -1173.34
9379000 -2865.65 -4662.51 -1177.57
9380000 -2809.83 -4693.97 -1165.86
9381000 -2835.52 -4664.28 -1174.78
9382000 -2830.17 -4673.65 -1157.91
9383000 -2853.45 -4730.91 -1165.86
9384000 -2791.61 -4718.95 -1131.16
9385000 -2784.65 -4704.88 -1125.31
9386000 -2816.8 -4650.58 -1136.47
9387000 -2856.78 -4604.67 -1157.85
9388000 -2875.24 -4558.8 -1168.18
9389000 -2847.42 -4686.98 -1160.02
9390000 -2803.77 -4659.23 -1143.46
9391000 -2857.29 -4627.37 -1167.22
9392000 -2854.2 -4633.5 -1193.23
9393000 -2859.42 -4587.6 -1193.45
9394000 -2775.52 -4724.73 -1161.55
9395000 -2834.03 -4687.04 -1169.23
9396000 -2829.31 -4630.22 -1164.47
9397000 -2875.16 -4601.13 -1162.37
9398000 -2943.65 -4555.41 -1208.95
9399000 -2947.51 -4545 -1207.05
9400000 -2918.27 -4548.75 -1189.73
9401000 -2869.27 -4618.79 -1185.99
9402000 -2891.22 -4568.88 -1178.06
9403000 -2919.05 -4531.65 -1181.77
9404000 -2916.36 -4559.04 -1179.74
9405000 -2983.48 -4549.57 -1198.67
9406000 -2972.52 -4578.3 -1201.61
9407000 -2910.07 -4646.67 -1187.66
9408000 -2865.09 -4699.85 -1171.1
9409000 -2919.6 -4597.79 -1196.78
9410000 -2937.77 -4554.61 -1189.56
9411000 -2928.73 -4525.52 -1192.31
9412000 -2952.31 -4570.11 -1198.77
9413000 -2957.36 -4638.06 -1196.9
9414000 -2891.92 -4693.01 -1163.1
9415000 -2886.7 -4708.61 -1160.56
9416000 -2870.92 -4790.13 -1158.45
9417000 -2885.65 -4745.83 -1161.43
9418000 -2902.82 -4591.22 -1178.97
9419000 -2875.17 -4669.36 -1181.16
9420000 -2899.34 -4712.99 -1181.3
9421000 -2926.57 -4626.96 -1183.31
9422000 -2897.51 -4611.94 -1166.29
9423000 -2850.75 -4716.64 -1174.98
9424000 -2813.28 -4766.96 -1156.55
9425000 -2842.74 -4686.84 -1168.93
9426000 -2859.29 -4684.57 -1156.13
9427000 -2869.1 -4681.2 -1168.99
9428000 -2908.28 -4673.94 -1189.06
9429000 -2877.73 -4669.88 -1194.29
9430000 -2820.94 -4796.92 -1170.12
9431000 -2859.43 -4692.47 -1180.29
9432000 -2878.72 -4645.16 -1179.5
9433000 -2915.69 -4578.22 -1181.95
9434000 -2894.36 -4653.01 -1185.71
9435000 -2879.28 -4683.82 -1182.76
9436000 -2875.63 -4638.55 -1190.54
9437000 -2901.38 -4615.55 -1203.39
9438000 -2891.96 -4654.46 -1198.59
9439000 -2885.28 -4670.53 -1182.5
9440000 -2961.53 -4574.06 -1198.64
9441000 -2913.77 -4663.64 -1184.48
9442000 -2894.88 -4668.36 -1179.09
9443000 -2873.88 -4713.5 -1162.38
9444000 -2911.26 -4685.92 -1182.05
9445000 -2892.44 -4652.79 -1182.32
9446000 -2905.99 -4677.88 -1183.68
9447000 -2896.94 -4666.73 -1171.7
9448000 -2941.68 -4604.24 -1180.14
9449000 -2919.24 -4665.88 -1167.96
9450000 -2976.08 -4604.3 -1201.46
9451000 -3011.88 -4585.15 -1219.3
9452000 -2951.6 -4641.58 -1190.27
9453000 -2973 -4632.02 -1197.93
9454000 -2963.67 -4639.91 -1185.46
9455000 -2985.21 -4636.27 -1196.41
9456000 -2943.11 -4707.09 -1185.07
9457000 -3011.7 -4617.87 -1205.85
9458000 -2937.4 -4649.79 -1186.44
9459000 -2918.25 -4628.39 -1183.69
9460000 -2991.31 -4540.71 -1206.36
9461000 -2953.23 -4585.83 -1186.08
9462000 -2938.29 -4623.49 -1190.4
9463000 -2976.16 -4604.33 -1193.94
9464000 -2972.2 -4616.22 -1187.02
9465000 -2975.62 -4554.81 -1176.32
9466000 -2996.87 -4503.46 -1205.49
9467000 -2975.88 -4570.52 -1192.58
9468000 -2945.4 -4518.55 -1184.36
9469000 -2943.4 -4551.29 -1207.86
9470000 -2926.45 -4621.13 -1195.05
9471000 -2917.97 -4635.79 -1203.92
9472000 -2921.31 -4605.44 -1192.79
9473000 -2919.99 -4582.78 -1190.41
9474000 -2981.83 -4589.09 -1213.15
9475000 -2988.94 -4554.25 -1199.01
9476000 -2976.44 -4526.34 -1203.59
9477000 -2932.59 -4611.68 -1216.94
9478000 -2924.6 -4562.56 -1191.29
9479000 -2989.66 -4528.58 -1220.25
9480000 -3009.99 -4548.75 -1225.51
9481000 -2975.87 -4601.18 -1211.68
9482000 -2982.31 -4590.85 -1196.47
9483000 -2972.85 -4604.4 -1201.41
9484000 -2972.07 -4514.85 -1199.79
9485000 -2955.68 -4608.01 -1203.06
9486000 -2978.44 -4553.63 -1225.46
9487000 -2903.1 -4609.2 -1195.29
9488000 -2931.25 -4570.43 -1182.03
9489000 -2923.16 -4603.17 -1185.41
9490000 -2904.36 -4582.94 -1183.04
9491000 -2949.42 -4608.88 -1212.88
9492000 -2898.68 -4654.44 -1198.22
9493000 -2908.55 -4689.79 -1177.64
9494000 -2930.8 -4630.3 -1191.86
9495000 -2951.73 -4588.97 -1191.63
9496000 -2917.77 -4605.58 -1184.21
9497000 -2903.37 -4714.73 -1204.17
9498000 -2908.81 -4686.22 -1197.97
9499000 -2945.56 -4587.39 -1194.52
9500000 -2946.41 -4625.45 -1203.26
9501000 -2934.04 -4656.89 -1194.43
9502000 -2947.62 -4645.85 -1186.37
9503000 -2984.27 -4581.63 -1214.18
9504000 -2964.78 -4523.09 -1201.25
9505000 -2971.5 -4554.72 -1205.67
9506000 -2992.13 -4593.73 -1192.2
9507000 -2938.8 -4650.68 -1190.78
9508000 -3013.07 -4562.66 -1210.86
9509000 -2973.77 -4631.63 -1198.04
9510000 -2979.57 -4633.71 -1195.42
9511000 -2906.52 -4669.56 -1167.36
9512000 -2956.11 -4654.79 -1188.48
9513000 -2972.33 -4612.31 -1182.82
9514000 -2971.88 -4591.44 -1188.65
9515000 -2952.17 -4595.96 -1193.73
9516000 -2970.41 -4615.84 -1187
9517000 -2950.17 -4616.11 -1175.91
9518000 -2933.91 -4639.28 -1169.7
9519000 -2921.24 -4688.1 -1162.1
9520000 -2951.14 -4597.99 -1176.71
9521000 -2949.4 -4581.7 -1175.25
9522000 -2958.99 -4546.14 -1191.71
9523000 -2927.25 -4518.34 -1184.92
9524000 -2915.54 -4597.96 -1176.21
9525000 -2874.13 -4689.44 -1155.36
9526000 -2887.89 -4618.45 -1160.78
9527000 -2892.7 -4584.84 -1174.76
9528000 -2880.34 -4626.84 -1168.04
9529000 -2920.37 -4586.26 -1193.72
9530000 -2952.66 -4571.91 -1196.66
9531000 -2919.52 -4603.75 -1179.64
9532000 -2874.95 -4615.11 -1156.6
9533000 -2846.96 -4678.71 -1153.97
9534000 -2832.91 -4645.45 -1149.91
9535000 -2855.35 -4693.36 -1143.21
9536000 -2871.18 -4644.44 -1167.53
9537000 -2850.83 -4696.43 -1148.69
9538000 -2880.36 -4635.08 -1161.48
9539000 -2898.19 -4641.07 -1182.29
9540000 -2914.28 -4670.07 -1182.77
9541000 -2897.09 -4697.16 -1170.77
9542000 -2897.13 -4651.25 -1184.79
9543000 -2901.86 -4619.25 -1177.19
9544000 -2914.77 -4595.61 -1170.84
9545000 -2886.49 -4576.09 -1171.6
9546000 -2911.2 -4606.94 -1171.06
9547000 -2880.39 -4622.8 -1171.17
9548000 -2914.69 -4610.87 -1186.58
9549000 -2901.02 -4603.89 -1184.62
9550000 -2913.16 -4590.82 -1180
9551000 -2871.94 -4643.63 -1181.3
9552000 -2904.32 -4626.7 -1177.35
9553000 -2927.83 -4625.91 -1195.28
9554000 -2865.2 -4672.17 -1186.22
9555000 -2860.09 -4627.38 -1171.35
9556000 -2838.47 -4640.22 -1163.54
9557000 -2807.69 -4781.46 -1146.4
9558000 -2827.48 -4760.8 -1157.11
9559000 -2829.8 -4749.02 -1164.33
9560000 -2806.45 -4810.13 -1160.68
9561000 -2805.81 -4841.02 -1161.56
9562000 -2803.09 -4793.39 -1156.7
9563000 -2801.1 -4822.73 -1147.51
9564000 -2864.17 -4799.12 -1190.22
9565000 -2841.23 -4817.28 -1189.16
9566000 -2834.46 -4719.93 -1183.24
9567000 -2855.88 -4677.99 -1192.53
9568000 -2866.48 -4714.21 -1182.36
9569000 -2863.14 -4766.11 -1177.39
9570000 -2853.2 -4766.44 -1166.74
9571000 -2899.78 -4703.33 -1183.04
9572000 -2864.26 -4750.45 -1185.41
9573000 -2876.6 -4729.31 -1182.02
9574000 -2885.62 -4723.37 -1189.31
9575000 -2910.82 -4749.61 -1170.93
9576000 -2966.01 -4701.2 -1197.62
9577000 -2974.58 -4683.95 -1198.55
9578000 -2973.43 -4740.39 -1218.63
9579000 -2966.69 -4662.96 -1225.68
9580000 -2909.97 -4756.6 -1203.72
9581000 -2915.7 -4777.93 -1199.92
9582000 -2873.15 -4851.73 -1175.22
9583000 -2919.48 -4763.11 -1198.16
9584000 -2983.35 -4676.9 -1203.07
9585000 -2930.21 -4670.07 -1178.94
9586000 -2864.96 -4752.81 -1163.92
9587000 -2913.28 -4693.69 -1174.76
9588000 -2903.91 -4763.51 -1178.37
9589000 -2896.88 -4835.09 -1190.62
9590000 -2805.96 -4914.53 -1153.94
9591000 -2796.46 -4929.74 -1149.01
9592000 -2834.57 -4875.96 -1159.72
9593000 -2865.58 -4814.18 -1165.82
9594000 -2882.77 -4841.85 -1179.02
9595000 -2873.73 -4753.3 -1163.01
9596000 -2856.1 -4824.12 -1158.29
9597000 -2835.5 -4855.14 -1159.31
9598000 -2799.57 -4865.1 -1128.33
9599000 -2853.42 -4813.76 -1157.13
9600000 -2878.23 -4817 -1182.53
9601000 -2857.51 -4810.6 -1169.69
9602000 -2883.62 -4751.07 -1182.05
9603000 -2858.45 -4880.41 -1158.78
9604000 -2815 -4852.6 -1135.88
9605000 -2845.43 -4843.46 -1150.57
9606000 -2838.17 -4860.73 -1151.62
9607000 -2852.99 -4838.2 -1154.98
9608000 -2842.79 -4846.42 -1139.5
9609000 -2880.21 -4817.48 -1164.54
9610000 -2890.45 -4698.72 -1163.2
9611000 -2869.07 -4777.6 -1160.52
9612000 -2872.46 -4709.21 -1168.22
9613000 -2898.08 -4713.66 -1185.68
9614000 -2854.95 -4759.69 -1183.11
9615000 -2907.93 -4694.07 -1199.87
9616000 -2879.98 -4680.72 -1188.34
9617000 -2904.72 -4646.67 -1196.39
9618000 -2870.06 -4716.52 -1196.77
9619000 -2866.36 -4782.57 -1200.01
9620000 -2899.57 -4738.29 -1217.93
9621000 -2844.4 -4752.62 -1204.85
9622000 -2856.89 -4781.03 -1192.79
9623000 -2909.28 -4730.68 -1201.04
9624000 -2860.36 -4812.02 -1171.47
9625000 -2916.87 -4678.25 -1184.23
9626000 -2934.56 -4596.43 -1199.33
9627000 -2940.34 -4563.81 -1195.61
9628000 -2954.12 -4576.76 -1210.61
9629000 -2902.78 -4681.07 -1195.58
9630000 -2923.09 -4629.9 -1189.06
9631000 -2896.23 -4670.14 -1189.71
9632000 -2914.52 -4657.31 -1194.3
9633000 -2883.44 -4663.35 -1178.73
9634000 -2869.59 -4676.81 -1186.7
9635000 -2901.75 -4636.53 -1182.48
9636000 -2864.01 -4680.79 -1178.91
9637000 -2831.33 -4736.35 -1163.62
9638000 -2889.66 -4701.52 -1169.02
9639000 -2861.74 -4647.28 -1181.81
9640000 -2922.39 -4611.52 -1209.61
9641000 -2920.95 -4655.53 -1208.28
9642000 -2890.02 -4682.87 -1189.65
9643000 -2871.39 -4720.37 -1180.5
9644000 -2856.75 -4742.5 -1191.93
9645000 -2826.76 -4761.26 -1193.53
9646000 -2829.62 -4752.86 -1181.8
9647000 -2870.58 -4727.16 -1186.77
9648000 -2849.77 -4830.4 -1186.16
9649000 -2813.26 -4866.85 -1181.3
9650000 -2873.21 -4798.73 -1187.25
9651000 -2804.63 -4824.94 -1174.94
9652000 -2860.3 -4767.43 -1198.87
9653000 -2857.51 -4709.23 -1189.35
9654000 -2856.59 -4693.89 -1185.37
9655000 -2812.23 -4772.54 -1165.63
9656000 -2811.7 -4809.3 -1162.28
9657000 -2808.35 -4787.33 -1162.47
9658000 -2813.84 -4780.07 -1179
9659000 -2866.59 -4729.85 -1190.07
9660000 -2876.8 -4810.24 -1194.57
9661000 -2851.03 -4782.54 -1180.12
9662000 -2912.58 -4690.29 -1183.09
9663000 -2982.56 -4581.34 -1219.94
9664000 -2931.42 -4659.57 -1211.11
9665000 -2877.57 -4618.2 -1194.89
9666000 -2887.97 -4720.17 -1195.31
9667000 -2895.27 -4642.26 -1199.34
9668000 -2851.55 -4662.55 -1185.88
9669000 -2865.17 -4664.96 -1199.34
9670000 -2806.66 -4690.35 -1158.21
9671000 -2858.68 -4662.37 -1178.28
9672000 -2866.32 -4666.62 -1182.55
9673000 -2895.5 -4672.06 -1190.97
9674000 -2851.7 -4710.36 -1190.89
9675000 -2859.79 -4671.68 -1206.42
9676000 -2846.65 -4711.47 -1182.92
9677000 -2830.85 -4768.36 -1188.14
9678000 -2829.35 -4753.33 -1187.98
9679000 -2883.25 -4692.61 -1195.55
9680000 -2922.66 -4739.04 -1198.73
9681000 -2864.9 -4750.85 -1188.84
9682000 -2885.68 -4719.52 -1190.55
9683000 -2861.51 -4734.4 -1183.17
9684000 -2842.77 -4689.1 -1177.96
9685000 -2872.26 -4726.66 -1187.9
9686000 -2836.86 -4750 -1173.11
9687000 -2909.58 -4691.07 -1185.98
9688000 -2922.36 -4613.29 -1191.85
9689000 -2851.22 -4779.02 -1171.12
9690000 -2823.63 -4820.95 -1159.97
9691000 -2794.17 -4858.39 -1157.8
9692000 -2818.78 -4817.22 -1160.14
9693000 -2828.24 -4813.88 -1153.05
9694000 -2760.23 -4876.87 -1140.83
9695000 -2786.95 -4815.24 -1156
9696000 -2806.18 -4791.38 -1174.72
9697000 -2811.17 -4811.6 -1178.35
9698000 -2855.76 -4794.05 -1194.53
9699000 -2848.35 -4811.96 -1191.49
9700000 -2812.14 -4781.98 -1166.54
9701000 -2837.43 -4768.21 -1183.44
9702000 -2809.61 -4770.58 -1164.3
9703000 -2886.41 -4664.22 -1190.45
9704000 -2903.13 -4719.39 -1196.81
9705000 -2895.55 -4695.04 -1186.25
9706000 -2829.48 -4759.79 -1169.65
9707000 -2803.18 -4798.85 -1165.27
9708000 -2824.47 -4748.08 -1155.67
9709000 -2804.28 -4771.46 -1150.38
9710000 -2843.17 -4733.85 -1167.66
9711000 -2782.98 -4719.06 -1147.25
9712000 -2791.87 -4737.12 -1143.92
9713000 -2781.28 -4858.72 -1134.45
9714000 -2801.85 -4830.69 -1149.51
9715000 -2846.44 -4770.44 -1170.83
9716000 -2777.14 -4840.49 -1130.22
9717000 -2827.09 -4763.18 -1144.11
9718000 -2823.5 -4801.57 -1169.71
9719000 -2804.57 -4877.93 -1167.08
9720000 -2807.07 -4858.98 -1153.57
9721000 -2749.3 -4869.27 -1123.08
9722000 -2793.02 -4823.47 -1149.86
9723000 -2808.6 -4805.04 -1186.07
9724000 -2799.09 -4863.76 -1179.43
9725000 -2834.63 -4809.09 -1187.72
9726000 -2814.01 -4855.72 -1170.14
9727000 -2841.6 -4850.52 -1174.51
9728000 -2852.56 -4782.83 -1164.82
9729000 -2845.4 -4757.26 -1166.44
9730000 -2807.89 -4747.64 -1180.96
9731000 -2822.39 -4742.96 -1157.29
9732000 -2741.85 -4838.61 -1133.61
9733000 -2782 -4712.97 -1160.33
9734000 -2802.25 -4767.97 -1165.85
9735000 -2831.19 -4769.77 -1174.8
9736000 -2872.99 -4738.32 -1191.94
9737000 -2860.98 -4790.9 -1189.47
9738000 -2895.65 -4716.03 -1199.95
9739000 -2865.53 -4837.2 -1186.82
9740000 -2814.76 -4879.48 -1181.57
9741000 -2831.06 -4802.42 -1171.26
9742000 -2921.19 -4717.84 -1219.06
9743000 -2851.72 -4685.74 -1182.69
9744000 -2859.24 -4759.9 -1177.2
9745000 -2871.28 -4760.89 -1169.7
9746000 -2891.23 -4694.81 -1187.91
9747000 -2883.08 -4729.56 -1197.35
9748000 -2840.18 -4740.72 -1185.88
9749000 -2915.46 -4608.59 -1219.93
9750000 -2887.39 -4673.18 -1207.56
9751000 -2845.74 -4746.88 -1206.69
9752000 -2813.06 -4800.6 -1186.51
9753000 -2852.32 -4848.51 -1185.08
9754000 -2801.65 -4925.05 -1166.05
9755000 -2836.41 -4871.64 -1183.22
9756000 -2834.79 -4880.15 -1181.13
9757000 -2848.09 -4813.65 -1186.46
9758000 -2812.19 -4846.41 -1180.27
9759000 -2775.46 -4857.08 -1146.43
9760000 -2779.59 -4841.52 -1150.26
9761000 -2801.5 -4792.64 -1150.1
9762000 -2768.62 -4909.23 -1142.84
9763000 -2806.94 -4914.3 -1165.55
9764000 -2818.19 -4842.14 -1183.15
9765000 -2800.03 -4886.69 -1179.71
9766000 -2752.31 -4917.07 -1152.12
9767000 -2727.4 -4974.59 -1154.22
9768000 -2717.03 -5010.03 -1138.03
9769000 -2698.51 -4945.86 -1145.58
9770000 -2744.43 -4962.08 -1171.42
9771000 -2783.06 -4944.22 -1172.69
9772000 -2718.47 -4979.11 -1156.55
9773000 -2708.43 -4981.49 -1161.49
9774000 -2770.07 -4907.82 -1173.26
9775000 -2717.13 -4901.27 -1154.11
9776000 -2705.01 -4940.73 -1152.25
9777000 -2708.44 -4916.8 -1158.45
9778000 -2751.19 -4885.58 -1162.03
9779000 -2742.21 -4908.6 -1147.72
9780000 -2721.66 -4954.84 -1117.97
9781000 -2784.11 -4893.63 -1169.27
9782000 -2783.11 -4894.55 -1164.74
9783000 -2790.37 -4838.34 -1156.45
9784000 -2809.55 -4816.96 -1170.57
9785000 -2809.85 -4815.5 -1182.23
9786000 -2818.56 -4847.96 -1175.59
9787000 -2818.89 -4888.29 -1183.44
9788000 -2794.89 -4861.9 -1173.97
9789000 -2755.13 -4870.8 -1151.24
9790000 -2787.23 -4849.42 -1159.97
9791000 -2801.68 -4845.35 -1162.9
9792000 -2853.45 -4745.75 -1180.33
9793000 -2764.14 -4890.99 -1148.17
9794000 -2776.87 -4842.82 -1149.69
9795000 -2726.56 -4888.19 -1146.24
9796000 -2698.7 -4858.59 -1136.33
9797000 -2745.97 -4823.7 -1158.51
9798000 -2743.52 -4829.06 -1163.06
9799000 -2745.05 -4784.13 -1153.96
9800000 -2767.4 -4838.77 -1157.86
9801000 -2755.27 -4825.93 -1154.72
9802000 -2752.09 -4854.55 -1162.06
9803000 -2710.62 -4811.66 -1143.92
9804000 -2723.25 -4786.17 -1138.43
9805000 -2743.21 -4737.64 -1135.36
9806000 -2755.45 -4715.65 -1155.86
9807000 -2749.55 -4715.82 -1156
9808000 -2781.55 -4734.01 -1178.45
9809000 -2841.02 -4666.06 -1205.92
9810000 -2775.56 -4715.69 -1182.96
9811000 -2766.52 -4714.31 -1163.63
9812000 -2702.99 -4780.56 -1148.59
9813000 -2760.35 -4808.69 -1166.42
9814000 -2775.61 -4694.81 -1158.93
9815000 -2811.34 -4663.78 -1172.31
9816000 -2856.3 -4684.87 -1188.36
9817000 -2835.07 -4731.4 -1183.8
9818000 -2753.35 -4791.07 -1158.25
9819000 -2744.93 -4785.88 -1145.49
9820000 -2706.68 -4799.7 -1123.8
9821000 -2723 -4817.26 -1144.45
9822000 -2745.05 -4775.97 -1141.73
9823000 -2726.52 -4705.06 -1141.69
9824000 -2756.32 -4713.75 -1155.76
9825000 -2734.9 -4706.26 -1155.52
9826000 -2764.16 -4804.15 -1169.18
9827000 -2788.2 -4726.01 -1155.45
9828000 -2791.06 -4732.57 -1156.39
9829000 -2820.3 -4701.09 -1169.97
9830000 -2872.46 -4665.59 -1178.04
9831000 -2825 -4799.59 -1157.6
9832000 -2818.76 -4714.39 -1161.74
9833000 -2811.05 -4757.71 -1156.46
9834000 -2813.02 -4712.06 -1167.33
9835000 -2806.54 -4722.81 -1152.76
9836000 -2803.26 -4683.31 -1149.19
9837000 -2806.72 -4660.8 -1160.04
9838000 -2791.7 -4694.14 -1158.87
9839000 -2804.12 -4711.94 -1162.09
9840000 -2785.28 -4736.22 -1152.25
9841000 -2815.1 -4673.66 -1165.5
9842000 -2816.81 -4709.96 -1168.6
9843000 -2851.73 -4697.12 -1176.92
9844000 -2881.39 -4721.46 -1174.17
9845000 -2865.25 -4737.93 -1169.18
9846000 -2838.39 -4806.02 -1160.49
9847000 -2871.26 -4757.72 -1185.3
9848000 -2848.1 -4757.87 -1171.95
9849000 -2817.36 -4766.48 -1164.17
9850000 -2780.59 -4772.31 -1147.13
9851000 -2761.46 -4845.74 -1154.45
9852000 -2749.5 -4851.76 -1148.9
9853000 -2772.99 -4859.5 -1142.76
9854000 -2773.6 -4845.8 -1177.16
9855000 -2804.36 -4803.69 -1173.61
9856000 -2794.41 -4808.08 -1168.06
9857000 -2806.65 -4821.53 -1173.95
9858000 -2837.4 -4820.37 -1179.05
9859000 -2793.75 -4773.81 -1162.21
9860000 -2781.18 -4789.1 -1159.59
9861000 -2773.2 -4841.17 -1174.34
9862000 -2789.2 -4830.49 -1176.87
9863000 -2797.44 -4866.96 -1190.1
9864000 -2779.49 -4887 -1184.26
9865000 -2795.57 -4921.96 -1173.89
9866000 -2829.07 -4838.73 -1172.66
9867000 -2818.7 -4811.47 -1163.16
9868000 -2829.29 -4793.19 -1177.37
9869000 -2789.35 -4840.06 -1165.66
9870000 -2825.95 -4801.29 -1183
9871000 -2777.2 -4927.34 -1173.39
9872000 -2745.19 -5036.8 -1155.34
9873000 -2780.95 -4916.59 -1158.86
9874000 -2798.44 -4926.33 -1161.55
9875000 -2771.82 -4940.94 -1155.24
9876000 -2751.84 -4985.16 -1122.7
9877000 -2770.07 -4986.9 -1161.24
9878000 -2799.69 -5020.94 -1152.76
9879000 -2790.4 -4995.73 -1137.38
9880000 -2756.96 -5005.68 -1123.74
9881000 -2787.16 -4949.82 -1152.89
9882000 -2730.01 -4944.7 -1127.28
9883000 -2694.27 -5078.73 -1117.63
9884000 -2683.74 -5057.01 -1110.89
9885000 -2714.67 -5013.29 -1130.24
9886000 -2736.46 -4953.18 -1127.47
9887000 -2725.59 -4995.58 -1126.86
9888000 -2745.33 -4920.92 -1127.55
9889000 -2769.35 -4915.05 -1127.09
9890000 -2784.65 -4876.43 -1125.69
9891000 -2758.82 -4917.7 -1126.71
9892000 -2704.55 -5038.42 -1107.76
9893000 -2691.41 -5008.31 -1104.7
9894000 -2725.63 -4955.49 -1122.25
9895000 -2793.7 -4903.35 -1128.02
9896000 -2787.97 -4882.65 -1137.19
9897000 -2771.5 -4961.85 -1136.29
9898000 -2772.66 -4902.65 -1144.49
9899000 -2789.13 -4877.94 -1150.92
9900000 -2764.22 -4873.67 -1126.23
9901000 -2775.25 -4864.88 -1135.35
9902000 -2786.69 -4784.63 -1142.77
9903000 -2730.47 -4897.93 -1125.75
9904000 -2756.92 -4845.63 -1131.11
9905000 -2756.72 -4871.04 -1142.26
9906000 -2780.94 -4817.67 -1154.68
9907000 -2799.54 -4817.56 -1145.86
9908000 -2823.38 -4810.5 -1150.78
9909000 -2727.09 -4897.99 -1127.77
9910000 -2724.79 -4922.65 -1143.68
9911000 -2751.8 -4908.02 -1139.84
9912000 -2762.85 -4831.89 -1144.4
9913000 -2722.48 -4859.61 -1134.04
9914000 -2701.91 -4928.94 -1135.89
9915000 -2742.08 -4863.15 -1146.03
9916000 -2724.99 -4836.31 -1153.79
9917000 -2688.25 -4950.75 -1138.07
9918000 -2717.79 -4954.28 -1129.04
9919000 -2725.12 -4937.92 -1131.64
9920000 -2715.45 -4925.22 -1127.07
9921000 -2695.53 -4930.32 -1124.82
9922000 -2808.03 -4831.45 -1152.41
9923000 -2818.77 -4826.39 -1171.83
9924000 -2761.26 -4872.98 -1150.11
9925000 -2718.52 -4846.94 -1135.44
9926000 -2748.27 -4783.45 -1142.78
9927000 -2724.91 -4828.13 -1140.9
9928000 -2791.3 -4742.65 -1152.12
9929000 -2835.74 -4687.12 -1172.41
9930000 -2835.5 -4725.26 -1167.5
9931000 -2837.11 -4687.33 -1170.77
9932000 -2794.62 -4620.11 -1154.53
9933000 -2773.95 -4671.76 -1142.59
9934000 -2773.48 -4745.16 -1127.56
9935000 -2759.53 -4703.58 -1146.68
9936000 -2838.27 -4648.91 -1164.55
9937000 -2787.61 -4656.17 -1145.09
9938000 -2732.45 -4710.42 -1126.13
9939000 -2805.5 -4638.37 -1162.1
9940000 -2816.17 -4710.38 -1156.15
9941000 -2792.71 -4728.84 -1150.22
9942000 -2785.75 -4754.53 -1135.79
9943000 -2754.71 -4792.41 -1128.05
9944000 -2727.29 -4804.59 -1131.88
9945000 -2723.39 -4813.39 -1121.52
9946000 -2706.27 -4813.07 -1127.95
9947000 -2710.67 -4844.93 -1130.22
9948000 -2728.96 -4801.71 -1140.13
9949000 -2734.95 -4764.14 -1146.76
9950000 -2752.23 -4729.97 -1145.95
9951000 -2758.68 -4729.36 -1149.66
9952000 -2741.7 -4781.36 -1151.44
9953000 -2773.97 -4715.62 -1148.45
9954000 -2739.93 -4774.95 -1145.03
9955000 -2761.31 -4824.18 -1147.56
9956000 -2767.15 -4798.35 -1159.37
9957000 -2805.21 -4679.47 -1163.04
9958000 -2815.61 -4747.42 -1158.3
9959000 -2794.32 -4786.91 -1157.58
9960000 -2747.5 -4767.31 -1134.21
9961000 -2775.92 -4766.37 -1136.09
9962000 -2762.55 -4823.78 -1144.88
9963000 -2778.36 -4752.35 -1150.22
9964000 -2774.55 -4802.87 -1161.31
9965000 -2788.27 -4732.47 -1172.67
9966000 -2780.01 -4805.83 -1176.79
9967000 -2748.09 -4821.15 -1170.45
9968000 -2799.03 -4764.66 -1203.2
9969000 -2753.56 -4743.56 -1175.33
9970000 -2739.27 -4772.28 -1172.22
9971000 -2817.93 -4699.48 -1175.09
9972000 -2793.56 -4746.88 -1165.89
9973000 -2776.73 -4803.23 -1154.86
9974000 -2786.42 -4778.63 -1169.98
9975000 -2751.61 -4779.58 -1163.81
9976000 -2676.45 -4906.9 -1145.36
9977000 -2692.33 -4854.6 -1147.37
9978000 -2674.84 -4904.32 -1140.88
9979000 -2717.32 -4856.31 -1149.13
9980000 -2729.74 -4763.44 -1138.69
9981000 -2765.11 -4754.11 -1159.11
9982000 -2747.48 -4819.96 -1140.18
9983000 -2719.66 -4786.79 -1141.13
9984000 -2682.89 -4800.81 -1128.79
9985000 -2717.4 -4789.64 -1138.54
9986000 -2733.04 -4789.87 -1136.81
9987000 -2757.42 -4825.72 -1165.08
9988000 -2784.59 -4805.22 -1172.03
9989000 -2749.92 -4831.94 -1148.37
9990000 -2789.05 -4888.8 -1150.23
9991000 -2774.58 -4834.46 -1128.89
9992000 -2784.64 -4816.47 -1134.03
9993000 -2762.26 -4795.43 -1121.51
9994000 -2749.99 -4845.16 -1128.64
9995000 -2756.79 -4822.31 -1148.26
9996000 -2767.44 -4846.4 -1150.45
9997000 -2798.79 -4706.36 -1166.96
9998000 -2758.72 -4796.45 -1146.26
9999000 -2752.47 -4859.17 -1149.34
10000000 -2746.9 -4792.63 -1149.09
10001000 -2758.96 -4837.45 -1142.45
10002000 -2768.09 -4820.68 -1152.45
10003000 -2784.68 -4821.6 -1147.83
10004000 -2836.4 -4832.73 -1173.77
10005000 -2816.33 -4783.04 -1149.79
10006000 -2794.09 -4733.28 -1141
10007000 -2797.77 -4758.51 -1147.01
10008000 -2747.37 -4863.43 -1132.87
10009000 -2750.17 -4881.05 -1150.02
10010000 -2781.08 -4862.95 -1134.83
10011000 -2802.04 -4780.55 -1145.3
10012000 -2785.91 -4836.73 -1154.73
10013000 -2769.42 -4847.07 -1140.28
10014000 -2825.66 -4739.19 -1141.6
10015000 -2776.16 -4839.16 -1139.35
10016000 -2791.15 -4777.42 -1148.19
10017000 -2794.82 -4808.22 -1157.46
10018000 -2785.6 -4855.45 -1146.97
10019000 -2803.08 -4881.77 -1155.01
10020000 -2797.57 -4889.79 -1141.69
10021000 -2790.87 -4859.06 -1141.22
10022000 -2740.81 -4855.83 -1128.38
10023000 -2781.61 -4811.53 -1143.09
10024000 -2805.06 -4823.62 -1141.97
10025000 -2774.57 -4920.78 -1132.59
10026000 -2804.4 -4900.37 -1137.35
10027000 -2812.83 -4859.93 -1151.96
10028000 -2794.31 -4819.76 -1160.24
10029000 -2818.25 -4797.18 -1150.01
10030000 -2766.18 -4895.85 -1129.67
10031000 -2708.29 -4935.8 -1100.78
10032000 -2727.1 -4774.44 -1108.83
10033000 -2697.06 -4857.22 -1111.96
10034000 -2735.91 -4858.43 -1127.8
10035000 -2726 -4796.96 -1113.03
10036000 -2718.69 -4772.7 -1115.75
10037000 -2713.57 -4850.6 -1125.57
10038000 -2751.85 -4835 -1133.78
10039000 -2758.54 -4815.44 -1134.27
10040000 -2735.56 -4868.93 -1128.79
10041000 -2762.09 -4865.16 -1140.55
10042000 -2751.9 -4884.58 -1129.44
10043000 -2753.94 -4871.57 -1132.89
10044000 -2730.31 -4878.58 -1132.55
10045000 -2715.65 -4859.74 -1119.19
10046000 -2742.89 -4901.16 -1147.53
10047000 -2707.92 -4918.94 -1128.82
10048000 -2731.12 -4959.45 -1127.74
10049000 -2739.96 -4937.15 -1133.01
10050000 -2732.15 -4917.82 -1136.63
10051000 -2729.85 -4910.11 -1130.45
10052000 -2754.94 -4913.42 -1139.68
10053000 -2799.18 -4869 -1168.37
10054000 -2810.26 -4920.14 -1172.21
10055000 -2773.17 -4958.03 -1161.29
10056000 -2765.44 -4869.33 -1149.73
10057000 -2745.49 -4863.43 -1138.31
10058000 -2684.58 -4929.1 -1127.2
10059000 -2728.94 -4907.35 -1135.14
10060000 -2709.9 -4940.49 -1131.25
10061000 -2726.25 -4917.85 -1148.77
10062000 -2768.39 -4839.04 -1144.32
10063000 -2682.49 -4887.81 -1097.69
10064000 -2681.77 -4950.73 -1102.07
10065000 -2704.65 -4949.58 -1114.26
10066000 -2722.49 -4899.11 -1126.19
10067000 -2734.63 -4920.99 -1141.92
10068000 -2702.38 -4936.83 -1117.01
10069000 -2732.7 -4878.18 -1120.74
10070000 -2756.48 -4903.12 -1118.35
10071000 -2736.77 -4929.75 -1135.49
10072000 -2740.18 -4916.97 -1144.58
10073000 -2727.81 -4955.79 -1120.91
10074000 -2712.55 -4942.27 -1118.1
10075000 -2704.27 -4978.34 -1117.73
10076000 -2654.96 -5054.08 -1096.49
10077000 -2690.31 -5010.06 -1114.88
10078000 -2687.44 -4995.8 -1121.64
10079000 -2705.75 -4974.54 -1127.63
10080000 -2708.41 -4919.3 -1115.6
10081000 -2691.9 -4939.78 -1118.9
10082000 -2720.09 -4926.33 -1128.05
10083000 -2768.97 -4855.32 -1151.75
10084000 -2739.31 -4932.47 -1131.05
10085000 -2684.5 -4949.38 -1106.38
10086000 -2717.91 -4951.21 -1130.53
10087000 -2704.17 -5005.28 -1124.92
10088000 -2733.88 -4961.32 -1112.03
10089000 -2751.66 -4928.41 -1113.57
10090000 -2722.14 -4985.69 -1128.87
10091000 -2735.69 -4999.95 -1135.71
10092000 -2757.38 -4927.31 -1144.05
10093000 -2782 -4921.98 -1151.2
10094000 -2771.59 -4999.86 -1143.66
10095000 -2751.57 -5062.55 -1141.88
10096000 -2768.21 -5026.45 -1163
10097000 -2775.64 -4940.13 -1159.86
10098000 -2723.45 -5031.34 -1137.99
10099000 -2703.07 -4970.08 -1109.28
10100000 -2720.84 -4930.69 -1125.08
10101000 -2700.3 -4955.64 -1113.69
10102000 -2770.65 -4885.15 -1138.68
10103000 -2771.07 -4906.95 -1137.79
10104000 -2732.88 -4896.52 -1122.4
10105000 -2787.52 -4926.58 -1139.82
10106000 -2770.29 -4896.34 -1139.2
10107000 -2787.46 -4919.22 -1137.44
10108000 -2688.98 -5048.25 -1112.73
10109000 -2680.95 -4985.15 -1107.37
10110000 -2640.26 -5114.54 -1096.51
10111000 -2693.19 -5005.32 -1112.41
10112000 -2716.65 -5012.5 -1113.43
10113000 -2727.92 -4968.93 -1118.81
10114000 -2724.51 -4947.2 -1116.73
10115000 -2696.05 -4989.25 -1102.4
10116000 -2676.96 -5070.72 -1101.91
10117000 -2704.79 -5041.64 -1109.19
10118000 -2689.26 -5135.2 -1109.99
10119000 -2671.76 -5126.95 -1094.93
10120000 -2672.6 -5117.5 -1095.1
10121000 -2659.34 -5098.29 -1094.16
10122000 -2687.46 -5107.69 -1112.87
10123000 -2702.87 -5115.49 -1110.84
10124000 -2668.58 -5092.86 -1077.54
10125000 -2671.67 -5116.98 -1081.08
10126000 -2685.2 -5116.69 -1086.69
10127000 -2745.97 -5048.82 -1107.69
10128000 -2750.96 -5022.18 -1115.83
10129000 -2770.47 -5048.39 -1114.81
10130000 -2742.89 -5061.45 -1111.03
10131000 -2692.43 -5142.88 -1104.85
10132000 -2706.15 -5082.4 -1114.31
10133000 -2727.8 -5130 -1120.12
10134000 -2727.69 -5214.89 -1113.82
10135000 -2711.41 -5190.14 -1114.29
10136000 -2723.76 -5097.86 -1119.24
10137000 -2740.04 -5156.5 -1126.42
10138000 -2746.1 -5073.05 -1120.21
10139000 -2752.95 -5104.78 -1134.99
10140000 -2741.18 -5103.19 -1108.73
10141000 -2728.31 -5120.52 -1126.36
10142000 -2779 -5024.74 -1147.88
10143000 -2789.21 -5002.7 -1171.12
10144000 -2761.14 -5008.83 -1161.08
10145000 -2753.04 -5077.09 -1155.13
10146000 -2728.77 -5049.6 -1151.76
10147000 -2746.11 -5010.79 -1149.57
10148000 -2719.34 -5084.92 -1134.03
10149000 -2697 -5097.33 -1112.87
10150000 -2667.52 -5149.47 -1108.56
10151000 -2727.46 -5035.31 -1136.28
10152000 -2684.46 -5090.17 -1130.33
10153000 -2716.76 -4994.43 -1129.07
10154000 -2742.69 -5001.71 -1129.63
10155000 -2748.8 -5072.77 -1141.5
10156000 -2726.55 -5100.94 -1137.96
10157000 -2744.06 -4991.72 -1152.25
10158000 -2773.63 -4998.59 -1160.8
10159000 -2760.17 -5023.65 -1145.69
10160000 -2784.1 -4985.65 -1163.18
10161000 -2785.17 -4938.26 -1161.02
10162000 -2766.28 -4963.98 -1163.2
10163000 -2692.82 -5054.19 -1134.74
10164000 -2680.61 -5049.23 -1126.43
10165000 -2695.41 -5055.87 -1146.28
10166000 -2757.52 -4962.77 -1150.68
10167000 -2744.01 -4973.43 -1150.17
10168000 -2753.64 -4991.26 -1155.14
10169000 -2793.68 -4931.84 -1162.04
10170000 -2773.4 -4934.96 -1157.95
10171000 -2748.72 -4933.47 -1143.92
10172000 -2738.05 -5002.02 -1140.72
10173000 -2707.86 -5025.94 -1140.15
10174000 -2668.7 -5047.64 -1134.64
10175000 -2674 -5059.76 -1148.25
10176000 -2678.79 -5114.4 -1148.79
10177000 -2699.64 -5045.12 -1157.81
10178000 -2699.75 -5042.84 -1152.88
10179000 -2727.71 -5082.6 -1130.71
10180000 -2758.47 -5058.56 -1154.62
10181000 -2762.26 -4977 -1161.66
10182000 -2724.84 -5053.86 -1139.37
10183000 -2739.11 -5016.98 -1132.94
10184000 -2711.79 -5061.49 -1141.32
10185000 -2676.77 -5100.89 -1128.68
10186000 -2682.49 -5125.64 -1123.96
10187000 -2708.61 -5076.83 -1124.86
10188000 -2746.94 -5012.3 -1131.1
10189000 -2780.56 -5014.61 -1153.63
10190000 -2729.91 -5052.56 -1133.3
10191000 -2740.55 -5009.78 -1152.56
10192000 -2703.4 -5071.8 -1145.85
10193000 -2752.23 -5028.06 -1157.19
10194000 -2759.3 -5014.61 -1153.35
10195000 -2748.18 -5037.92 -1146.8
10196000 -2717.55 -5083.27 -1139.3
10197000 -2690.13 -5110.56 -1123.21
10198000 -2709.43 -5063.75 -1132.2
10199000 -2707.35 -5080.77 -1147.01
10200000 -2680.14 -5090.78 -1118.23
10201000 -2694.74 -5067.36 -1137.09
10202000 -2677.45 -5167.22 -1111.37
10203000 -2647.27 -5208.86 -1099.65
10204000 -2671.42 -5204.76 -1115.39
10205000 -2723.21 -5100.9 -1116.14
10206000 -2685.86 -5135.42 -1110.71
10207000 -2704.64 -5188.84 -1101.09
10208000 -2635.73 -5229.9 -1081.34
10209000 -2620.71 -5247.62 -1080.41
10210000 -2623.39 -5270.16 -1084.52
10211000 -2592.54 -5229.46 -1080.98
10212000 -2624.73 -5191.66 -1087.93
10213000 -2645.33 -5116.58 -1096.28
10214000 -2667.38 -5134.82 -1113.09
10215000 -2655.37 -5156.72 -1094.27
10216000 -2685.38 -5191.38 -1091.61
10217000 -2666.4 -5206.21 -1070.51
10218000 -2678.54 -5161.35 -1073.26
10219000 -2685.13 -5172.17 -1083.3
10220000 -2669.08 -5184.02 -1091.24
10221000 -2706.34 -5149.03 -1118.27
10222000 -2673.89 -5160.51 -1099.62
10223000 -2664.26 -5103.04 -1102.78
10224000 -2692.14 -5053.83 -1117.7
10225000 -2740.25 -5092.45 -1119.6
10226000 -2703.77 -5075.51 -1125.25
10227000 -2690.5 -5173.76 -1115.09
10228000 -2667.49 -5175.92 -1099.09
10229000 -2677.07 -5168.61 -1111.82
10230000 -2708.07 -5140.73 -1127.9
10231000 -2725.34 -5080.27 -1130.47
10232000 -2703.8 -5141.5 -1126.24
10233000 -2726 -5188.65 -1131.49
10234000 -2687.53 -5126.94 -1120.87
10235000 -2728.56 -5136.91 -1117.55
10236000 -2693.57 -5224.45 -1124.82
10237000 -2713.21 -5185.98 -1120.91
10238000 -2718.37 -5196.19 -1112.46
10239000 -2707.84 -5163.02 -1135.8
10240000 -2741.05 -5088.4 -1140.5
10241000 -2667.29 -5137.05 -1102.67
10242000 -2745.91 -5107.15 -1119.64
10243000 -2759.95 -5008.96 -1120.65
10244000 -2766.75 -4964.74 -1127.77
10245000 -2711.76 -5063.96 -1110.8
10246000 -2656.28 -5074.98 -1089.54
10247000 -2694.75 -5097.45 -1110.9
10248000 -2670.36 -5174.4 -1098.37
10249000 -2669.57 -5160.21 -1100.76
10250000 -2672.46 -5153.11 -1112.25
10251000 -2681.97 -5124.6 -1125.89
10252000 -2688.41 -5020.13 -1125.87
10253000 -2634.27 -5112.56 -1116.17
10254000 -2636.78 -5152.02 -1120.51
10255000 -2646.37 -5112.9 -1112.36
10256000 -2635.07 -5123.14 -1115.17
10257000 -2607.36 -5166.26 -1111.81
10258000 -2616.52 -5200.24 -1118.39
10259000 -2616.84 -5278.42 -1120.42
10260000 -2654.53 -5245.72 -1133.94
10261000 -2634.04 -5299.34 -1109.42
10262000 -2661.82 -5202.64 -1107.35
10263000 -2652.92 -5221.58 -1103.73
10264000 -2623.7 -5204.99 -1088.52
10265000 -2648.28 -5184.54 -1090.41
10266000 -2644.08 -5152.71 -1092.56
10267000 -2639.06 -5167.57 -1096.21
10268000 -2677.34 -5098.48 -1116.21
10269000 -2696.04 -5144.91 -1137.28
10270000 -2689.19 -5160.39 -1144.07
10271000 -2709.71 -5134.03 -1145.41
10272000 -2752.63 -5127.79 -1149.11
10273000 -2768.22 -5051.92 -1159.6
10274000 -2737.18 -5041.57 -1136.82
10275000 -2694.39 -5146.96 -1114.08
10276000 -2697.01 -5191.33 -1122.47
10277000 -2742.2 -5100.53 -1141.29
10278000 -2731.75 -5088.83 -1151.82
10279000 -2689.75 -5130.08 -1134.19
10280000 -2679.79 -5058.01 -1117.29
10281000 -2676.7 -5060.54 -1115.23
10282000 -2704.64 -5139.42 -1125.47
10283000 -2700.52 -5122.54 -1122.11
10284000 -2694.27 -5126.3 -1117.64
10285000 -2741.75 -5041.15 -1116.23
10286000 -2731.83 -5136.77 -1121.83
10287000 -2690.62 -5079.03 -1115.18
10288000 -2695.65 -5079.25 -1113.89
10289000 -2731.64 -5031.74 -1133.06
10290000 -2733.95 -5016.88 -1129.5
10291000 -2695.53 -5060.34 -1129.93
10292000 -2732.81 -5079.36 -1140.72
10293000 -2706.05 -5080 -1125.35
10294000 -2684.97 -5089.29 -1126.57
10295000 -2686.39 -5198.83 -1121.65
10296000 -2717.27 -5081.2 -1121.75
10297000 -2700.11 -5064.37 -1127.33
10298000 -2740.6 -5059.54 -1135.93
10299000 -2738.96 -5055.82 -1144.16
10300000 -2731.91 -5025.08 -1153.89
10301000 -2775.51 -4959.03 -1149.84
10302000 -2745.56 -5009.86 -1134.05
10303000 -2763.75 -4903.33 -1140.01
10304000 -2774.53 -4931.81 -1152.88
10305000 -2788.38 -4935.14 -1156.04
10306000 -2766.95 -4960.57 -1145.83
10307000 -2718.19 -4982.93 -1133.1
10308000 -2678.27 -5050.01 -1129.83
10309000 -2799.82 -4976.33 -1165.51
10310000 -2752.35 -4934.62 -1136.19
10311000 -2720.01 -4994.24 -1133.26
10312000 -2682.26 -5023.01 -1128.29
10313000 -2718.53 -5007.01 -1126.87
10314000 -2691.25 -5068.09 -1126.76
10315000 -2755.13 -4933.49 -1137.71
10316000 -2784.59 -4928.29 -1136.78
10317000 -2823.45 -4848.39 -1146.74
10318000 -2798.63 -4925.41 -1145.35
10319000 -2711.29 -5065.41 -1137.1
10320000 -2743.57 -5032.67 -1144.99
10321000 -2719.95 -5026.39 -1123.41
10322000 -2683.93 -5075.72 -1121.89
10323000 -2706.62 -5053.57 -1127.32
10324000 -2689.96 -5129.48 -1131.04
10325000 -2690.36 -5146.5 -1122.61
10326000 -2709.34 -5132.39 -1123.05
10327000 -2721.86 -5099.76 -1131.18
10328000 -2689.99 -5139.45 -1118.75
10329000 -2656.4 -5199.42 -1106.57
10330000 -2716.9 -5073.74 -1124.85
10331000 -2698.02 -5057.41 -1123.91
10332000 -2716.24 -5012.71 -1127.67
10333000 -2690.72 -5054.58 -1116.07
10334000 -2687.4 -5030.61 -1101.77
10335000 -2741.81 -4933.12 -1104.76
10336000 -2773 -4963.15 -1120.75
10337000 -2741.64 -5019.41 -1117.12
10338000 -2722 -5060.03 -1112.29
10339000 -2725.46 -5167.28 -1107.13
10340000 -2698.54 -5192.19 -1105.59
10341000 -2675.24 -5184.81 -1089.01
10342000 -2716.7 -5142.38 -1098.36
10343000 -2733.9 -5174.99 -1118.88
10344000 -2771.83 -5052.59 -1136.8
10345000 -2719.49 -5054.61 -1096.83
10346000 -2734.25 -5027.42 -1114.26
10347000 -2754.59 -4972.87 -1118.09
10348000 -2764.94 -5064.26 -1126.35
10349000 -2804.26 -4955.09 -1136.43
10350000 -2800.79 -4896.27 -1143.61
10351000 -2783.75 -4918.12 -1131.81
10352000 -2787.81 -4962.76 -1141.32
10353000 -2811.08 -4996.26 -1151.15
10354000 -2828.17 -4980.1 -1157.93
10355000 -2828.72 -4954.98 -1157.21
10356000 -2811.24 -4996.95 -1160.83
10357000 -2779.34 -5027.65 -1136.93
10358000 -2779 -5004.69 -1153.02
10359000 -2755.6 -4992.91 -1145.18
10360000 -2825.98 -4901.73 -1170.24
10361000 -2823.5 -4898.16 -1171.72
10362000 -2877.04 -4892.48 -1187.95
10363000 -2856.29 -4882.28 -1183.55
10364000 -2803.58 -4877.7 -1156.59
10365000 -2779.41 -4933.7 -1156.93
10366000 -2746.7 -4992.66 -1141.74
10367000 -2757.39 -4976.82 -1141.46
10368000 -2754.44 -4995.85 -1148.47
10369000 -2743.89 -4972.25 -1138.37
10370000 -2760.05 -4933.5 -1129.62
10371000 -2784.98 -4926.1 -1155.79
10372000 -2800.57 -4834.84 -1169.14
10373000 -2799.99 -4816.63 -1164.06
10374000 -2836.29 -4753.19 -1171.7
10375000 -2805.2 -4848.68 -1170.23
10376000 -2785.73 -4848.81 -1152.77
10377000 -2768.42 -4892.75 -1153.03
10378000 -2840.85 -4807.53 -1170.6
10379000 -2841.05 -4806.68 -1169.81
10380000 -2769.15 -4882.25 -1151.68
10381000 -2765.61 -4895.27 -1141.97
10382000 -2757.51 -4924.53 -1149.82
10383000 -2784.05 -4879.94 -1150.13
10384000 -2722.14 -5009.73 -1128.5
10385000 -2707.2 -4944.96 -1136.4
10386000 -2711.71 -4886.64 -1140.69
10387000 -2768.97 -4816.82 -1155.39
10388000 -2750.28 -4817.38 -1157.29
10389000 -2749.98 -4826.65 -1149.36
10390000 -2800.33 -4894.72 -1160.86
10391000 -2846.56 -4831.14 -1185.31
10392000 -2801.35 -4892.94 -1170.97
10393000 -2799.18 -4792.92 -1187.07
10394000 -2823.24 -4828.67 -1171.13
10395000 -2837.51 -4785.1 -1170.79
10396000 -2771.02 -4915.42 -1150.79
10397000 -2760.44 -4886.63 -1155.4
10398000 -2785.65 -4839.56 -1168.17
10399000 -2826.91 -4852.38 -1170.16
10400000 -2841.79 -4791.7 -1172.13
10401000 -2811.7 -4813.65 -1171.54
10402000 -2827.83 -4769.74 -1172.93
10403000 -2829.02 -4793.93 -1168.22
10404000 -2863.62 -4775.11 -1185.05
10405000 -2864.95 -4741.78 -1188.44
10406000 -2823.27 -4787.52 -1165.32
10407000 -2830.51 -4730.93 -1155.86
10408000 -2812.18 -4743.57 -1154.68
10409000 -2800.72 -4803.07 -1160.7
10410000 -2801.11 -4867.46 -1154.97
10411000 -2802.3 -4803.73 -1160.53
10412000 -2822.5 -4781.08 -1180.96
10413000 -2861.5 -4717.27 -1175.19
10414000 -2871.17 -4700.05 -1177.46
10415000 -2863.51 -4764.3 -1178.85
10416000 -2785.44 -4756.99 -1144.65
10417000 -2785.35 -4830.09 -1148.38
10418000 -2855.57 -4705.73 -1179.64
10419000 -2855.31 -4686.3 -1171.09
10420000 -2857.6 -4719.34 -1170.21
10421000 -2868.04 -4753.66 -1158.96
10422000 -2835.91 -4780.39 -1157.4
10423000 -2786.39 -4843.22 -1144.56
10424000 -2800.84 -4874.61 -1150.98
10425000 -2760.65 -4869.94 -1139.57
10426000 -2844.5 -4828.01 -1168.9
10427000 -2842.49 -4818.65 -1155.54
10428000 -2870.56 -4806.26 -1169.68
10429000 -2824.28 -4849.92 -1157.11
10430000 -2809.61 -4872.89 -1146.3
10431000 -2823.91 -4798.51 -1161.07
10432000 -2820.83 -4841.13 -1141.89
10433000 -2810.41 -4880.1 -1154.43
10434000 -2779.52 -4977.81 -1142.25
10435000 -2759.36 -4960.88 -1124.79
10436000 -2784.14 -4915.04 -1134.02
10437000 -2721.36 -4926.8 -1137.77
10438000 -2757.24 -4841.65 -1140.53
10439000 -2712.63 -4823.89 -1130.19
10440000 -2728.17 -4807.61 -1143.29
10441000 -2684.25 -4908.43 -1151.43
10442000 -2763.33 -4851.09 -1157.54
10443000 -2722.88 -4914.1 -1154.22
10444000 -2697.61 -4940.8 -1127.04
10445000 -2751.32 -4888.06 -1148.84
10446000 -2751.17 -4946.59 -1152.31
10447000 -2756.17 -4880.03 -1164.66
10448000 -2744.19 -4899.04 -1143.7
10449000 -2754.31 -4838.36 -1164.41
10450000 -2778.04 -4828.84 -1172.14
10451000 -2752.89 -4848.86 -1155.91
10452000 -2732.17 -4851.14 -1155.23
10453000 -2758.15 -4819.42 -1169.65
10454000 -2766.75 -4790.12 -1184.41
10455000 -2776.63 -4775.48 -1170.2
10456000 -2758.81 -4816.05 -1152.84
10457000 -2778.66 -4796.96 -1164.04
10458000 -2752.87 -4853.58 -1150.18
10459000 -2766.42 -4868.59 -1144.47
10460000 -2751.5 -4884.99 -1145.58
10461000 -2794.62 -4780.52 -1164.81
10462000 -2806.85 -4856.32 -1163.75
10463000 -2777.31 -4863.38 -1162.93
10464000 -2813.1 -4839.61 -1178.41
10465000 -2820.62 -4830.96 -1173.2
10466000 -2788.02 -4882.4 -1164.18
10467000 -2763.87 -4859.06 -1161.82
10468000 -2760.59 -4888.02 -1162.99
10469000 -2794.35 -4811.07 -1175.21
10470000 -2817.25 -4731.54 -1176.46
10471000 -2815.9 -4877.02 -1173.35
10472000 -2821.17 -4869.58 -1154.34
10473000 -2807.12 -4919.05 -1153.59
10474000 -2846.01 -4882.85 -1161
10475000 -2839.61 -4805.14 -1153.87
10476000 -2806.35 -4837.17 -1151.86
10477000 -2780.49 -4924.43 -1133.84
10478000 -2764.96 -4999.22 -1140.32
10479000 -2713.87 -5005.61 -1111.71
10480000 -2752.95 -4983.75 -1135.12
10481000 -2780.56 -4931.39 -1138.18
10482000 -2747.12 -4979.2 -1134.48
10483000 -2728.58 -5003.02 -1137.78
10484000 -2699.45 -4920.35 -1134.39
10485000 -2734.26 -4886.98 -1150.05
10486000 -2757.25 -4849.02 -1154.77
10487000 -2763.74 -4887.63 -1157.87
10488000 -2753.25 -4898.6 -1143.32
10489000 -2763.53 -4904.64 -1154.69
10490000 -2761.46 -4922.38 -1163.19
10491000 -2768.71 -4869.3 -1165.53
10492000 -2715.92 -5005.03 -1141.53
10493000 -2717.5 -4988.33 -1135.28
10494000 -2707.56 -4959.35 -1140.69
10495000 -2719.13 -4933.3 -1132.09
10496000 -2755.04 -4881.34 -1151.7
10497000 -2737.67 -4943.35 -1165.88
10498000 -2759.26 -4941.43 -1181.84
10499000 -2780.28 -4873.81 -1179.73
10500000 -2749.03 -4846.04 -1182.77
10501000 -2728.83 -4869.08 -1167.57
10502000 -2781.5 -4847.66 -1183.76
10503000 -2812.07 -4829.66 -1192.83
10504000 -2782.54 -4867.66 -1193.45
10505000 -2765.88 -4863.37 -1182.4
10506000 -2696.93 -4967.57 -1138.66
10507000 -2745.66 -4914.72 -1160.58
10508000 -2703.35 -5019.34 -1159.98
10509000 -2704.82 -4998.37 -1164.67
10510000 -2758.73 -4891.76 -1169.25
10511000 -2784.26 -4886.02 -1186.84
10512000 -2747.84 -4891.53 -1156.82
10513000 -2753.1 -4857.02 -1163.93
10514000 -2796.34 -4816.17 -1175.26
10515000 -2787.67 -4810.64 -1171.7
10516000 -2814.18 -4805.75 -1170.2
10517000 -2809.61 -4891.7 -1175.33
10518000 -2774.2 -4856.82 -1169.07
10519000 -2780.43 -4841.01 -1179.69
10520000 -2767.2 -4893.53 -1188.53
10521000 -2754.31 -4943.65 -1168.9
10522000 -2788.57 -4901.74 -1170.62
10523000 -2797.78 -4854.27 -1181.72
10524000 -2797.98 -4847.44 -1179.58
10525000 -2803.89 -4857.26 -1185.23
10526000 -2752.83 -4919.09 -1169.64
10527000 -2808.79 -4783.88 -1175.23
10528000 -2759.04 -4815.6 -1165.43
10529000 -2714.9 -4866.09 -1134.69
10530000 -2750.05 -4869.32 -1144.73
10531000 -2775.05 -4811.15 -1154.93
10532000 -2761.95 -4837.43 -1153.03
10533000 -2832.34 -4772.12 -1194.22
10534000 -2852.62 -4777.84 -1206.04
10535000 -2826.75 -4783.97 -1202.05
10536000 -2796.49 -4791.87 -1195.7
10537000 -2852.5 -4799.79 -1202.17
10538000 -2814.32 -4819.41 -1209.25
10539000 -2790.72 -4835.26 -1208.46
10540000 -2869.13 -4757.2 -1224.65
10541000 -2872.82 -4671.12 -1228.55
10542000 -2837.99 -4813.65 -1213.05
10543000 -2768.62 -4840.06 -1183.18
10544000 -2801.52 -4759.47 -1182.35
10545000 -2858.24 -4709.33 -1215.7
10546000 -2818.67 -4739.93 -1203.69
10547000 -2800.79 -4804.24 -1193.85
10548000 -2775.42 -4853.54 -1186.53
10549000 -2756.17 -4854.72 -1168.88
10550000 -2788.42 -4667.26 -1189.41
10551000 -2795.93 -4729.14 -1188.45
10552000 -2787.49 -4793.5 -1188.73
10553000 -2795.76 -4837.81 -1204.83
10554000 -2800.07 -4868.49 -1189.34
10555000 -2769.34 -4896.79 -1187.66
10556000 -2814.45 -4844.96 -1196.8
10557000 -2816.3 -4888.35 -1205.66
10558000 -2751.2 -4911.32 -1172.82
10559000 -2748.62 -4913.54 -1161.36
10560000 -2696.92 -4996.93 -1141.96
10561000 -2694.89 -4969.91 -1157.25
10562000 -2742.11 -4905.39 -1175.51
10563000 -2750.81 -4907.05 -1187
10564000 -2742.53 -4945.03 -1185.84
10565000 -2745.51 -4920.97 -1174.83
10566000 -2734.05 -4960.41 -1192.65
10567000 -2798.39 -4859.31 -1197.92
10568000 -2780.22 -4858.58 -1183.28
10569000 -2756.11 -4924.34 -1181.41
10570000 -2751.96 -4881.67 -1172.33
10571000 -2727.88 -4902.97 -1178.73
10572000 -2723.53 -4918.1 -1171.42
10573000 -2729.56 -4888.92 -1167.62
10574000 -2731.87 -4869.69 -1179.39
10575000 -2705.08 -4867.89 -1170.32
10576000 -2718.02 -4837.39 -1187.76
10577000 -2708.45 -4862.21 -1170.89
10578000 -2708.91 -4851.33 -1165.66
10579000 -2723.01 -4911.11 -1175
10580000 -2746.95 -4914.77 -1173.59
10581000 -2710.8 -4969.65 -1158.73
10582000 -2710.16 -4971.4 -1171.05
10583000 -2712.59 -4978.26 -1177.08
10584000 -2735.75 -4958.68 -1202.35
10585000 -2764.33 -4920.27 -1192.11
10586000 -2725.03 -4943.75 -1159.24
10587000 -2706.7 -4926.75 -1168.76
10588000 -2760.38 -4872.84 -1181.91
10589000 -2716.92 -4903.73 -1155.96
10590000 -2746.5 -4847.76 -1176.04
10591000 -2744.74 -4893.57 -1170.17
10592000 -2748.62 -4891.67 -1180.29
10593000 -2719.61 -4867.73 -1181.43
10594000 -2764.43 -4821.18 -1204.4
10595000 -2781.85 -4807.91 -1179.13
10596000 -2801.3 -4783.19 -1195.04
10597000 -2751.16 -4826.66 -1185.92
10598000 -2699.7 -4927.32 -1173.54
10599000 -2803.11 -4823.1 -1201.79
10600000 -2813.72 -4744.53 -1213.92
10601000 -2784.16 -4836.45 -1211.82
10602000 -2733.36 -4933.86 -1206.17
10603000 -2813.35 -4866.6 -1196.71
10604000 -2800.36 -4818.78 -1195.57
10605000 -2762.92 -4922.98 -1182.69
10606000 -2748.79 -4941.91 -1171.17
10607000 -2771.96 -4854.86 -1180.28
10608000 -2756.48 -4939.12 -1175.85
10609000 -2712.37 -5035.88 -1169.4
10610000 -2703.23 -4975.39 -1166.52
10611000 -2745.38 -4938.74 -1207.15
10612000 -2717.48 -4932.7 -1190.46
10613000 -2721 -4972.46 -1194.45
10614000 -2681.89 -5016.01 -1187.8
10615000 -2672.14 -5034.34 -1164.66
10616000 -2724.21 -4914.65 -1175.98
10617000 -2731.34 -4966.2 -1190.16
10618000 -2662.7 -5065.67 -1173.48
10619000 -2694.47 -5042.03 -1189.79
10620000 -2733.86 -4982.8 -1207.15
10621000 -2707.54 -5038.81 -1190.02
10622000 -2733.02 -4997.39 -1191.65
10623000 -2688.95 -5057.02 -1179.48
10624000 -2735.24 -5021.37 -1181.07
10625000 -2710.76 -5018.12 -1185.3
10626000 -2709.94 -4958.03 -1187.41
10627000 -2698.06 -4884.82 -1182.94
10628000 -2679.6 -4954.01 -1164.1
10629000 -2740.28 -4914.11 -1191.7
10630000 -2725.55 -4934.3 -1192.15
10631000 -2723.61 -4977.52 -1188.27
10632000 -2679.81 -5003.33 -1174.06
10633000 -2711.15 -4984.82 -1173.38
10634000 -2703.07 -5015.74 -1176.9
10635000 -2698.31 -4988.45 -1204.15
10636000 -2735.3 -4962.31 -1204.99
10637000 -2739.4 -5006.43 -1195.3
10638000 -2715.82 -5006.72 -1204.55
10639000 -2745.12 -4935.9 -1207.65
10640000 -2740.2 -4923.86 -1191.9
10641000 -2744.79 -4910.41 -1205.94
10642000 -2763.68 -4895.04 -1216.35
10643000 -2762.07 -4878.71 -1205.43
10644000 -2729.51 -4888.83 -1210.56
10645000 -2685.02 -4919.56 -1208.05
10646000 -2716.45 -4903.72 -1216.32
10647000 -2745.38 -4891.66 -1209.89
10648000 -2760.53 -4882.03 -1218.2
10649000 -2727.9 -4870.46 -1197.74
10650000 -2772.38 -4878.06 -1202.19
10651000 -2786.76 -4886.28 -1201.41
10652000 -2825.94 -4817 -1198.81
10653000 -2809 -4848.45 -1202.04
10654000 -2809.62 -4801.2 -1203.26
10655000 -2812.74 -4842.85 -1215.67
10656000 -2811.48 -4849.31 -1213.56
10657000 -2769.76 -4917.39 -1191.66
10658000 -2746.24 -5005.29 -1201.55
10659000 -2736.02 -5046.36 -1184.68
10660000 -2808.84 -4908.43 -1197.49
10661000 -2774.95 -4947.63 -1190.31
10662000 -2752.86 -4914.32 -1171.87
10663000 -2786.18 -4887.94 -1188.92
10664000 -2795.12 -4961.66 -1206.68
10665000 -2741.29 -5026.91 -1197.58
10666000 -2715.16 -5044.75 -1188.2
10667000 -2720.62 -5057.65 -1178.7
10668000 -2741.86 -5111.44 -1178.7
10669000 -2748.49 -5058.34 -1184.05
10670000 -2762.97 -5022.3 -1199.81
10671000 -2773.59 -5007.54 -1192.53
10672000 -2829.03 -4992.23 -1207.59
10673000 -2818.76 -4960.86 -1208.13
10674000 -2772.57 -4961.49 -1203.11
10675000 -2760.84 -4951.54 -1203.96
10676000 -2762.86 -4974.37 -1210.44
10677000 -2802.86 -4932.96 -1204.83
10678000 -2753.65 -4969.67 -1176.9
10679000 -2754.32 -4939.66 -1200.54
10680000 -2759.51 -4922.13 -1203.54
10681000 -2723.97 -4924.21 -1189.89
10682000 -2742.85 -4916.22 -1190.76
10683000 -2704.4 -4902.87 -1164.82
10684000 -2667.5 -4948.3 -1157.63
10685000 -2688.31 -4921.14 -1160.92
10686000 -2711.86 -4898.14 -1173.46
10687000 -2666.59 -4928.67 -1149.31
10688000 -2605.89 -5045.88 -1152.26
10689000 -2582.78 -5098.76 -1135.89
10690000 -2664.85 -4935.55 -1175.06
10691000 -2616.19 -4981.39 -1155.96
10692000 -2645.78 -5004.4 -1158.5
10693000 -2709.9 -4818.43 -1177.26
10694000 -2737.27 -4869.66 -1195.93
10695000 -2708.99 -4944.7 -1183.92
10696000 -2669.87 -4908.43 -1178.64
10697000 -2703.26 -4888.96 -1191.47
10698000 -2680.49 -4936.15 -1161.91
10699000 -2687.33 -4951.34 -1185.69
10700000 -2674.26 -4965.2 -1180.8
10701000 -2666.58 -5030.63 -1173.71
10702000 -2673.23 -4983.53 -1181.54
10703000 -2701.53 -4966.55 -1183.22
10704000 -2720.88 -5049.65 -1190.88
10705000 -2694.18 -5001.14 -1187.12
10706000 -2722.82 -4898.67 -1176.89
10707000 -2693.64 -4984.83 -1167.18
10708000 -2744.35 -4949.49 -1179.98
10709000 -2714.68 -4999.77 -1172.26
10710000 -2686.92 -5027.1 -1179.55
10711000 -2724 -5001.82 -1176.09
10712000 -2671.62 -5063.91 -1171.23
10713000 -2689.28 -5010.23 -1169.08
10714000 -2679.42 -4949.27 -1164.12
10715000 -2679.74 -5004.7 -1161.95
10716000 -2730.5 -4969.08 -1182.4
10717000 -2712.55 -4968.05 -1180.49
10718000 -2703.81 -4946.58 -1197.4
10719000 -2684.72 -4968.63 -1166.2
10720000 -2683.37 -4994.89 -1148.5
10721000 -2624.04 -5022.37 -1131.09
10722000 -2633.42 -5064.55 -1147.73
10723000 -2642.63 -5065.13 -1144.86
10724000 -2628.08 -5047.18 -1142.15
10725000 -2653.75 -5035.91 -1166.72
10726000 -2646.21 -5024.87 -1163.06
10727000 -2634.54 -5054.63 -1172.8
10728000 -2681.85 -4969.27 -1165.11
10729000 -2663.28 -4980.39 -1168.58
10730000 -2660.22 -4987.21 -1161.9
10731000 -2623.22 -5075.34 -1158.36
10732000 -2637.38 -4967.55 -1166.13
10733000 -2597.31 -4991.51 -1145.86
10734000 -2660.96 -4984.41 -1147.77
10735000 -2696.43 -4979.94 -1166.79
10736000 -2682.38 -4981.7 -1168.79
10737000 -2635.49 -5015.83 -1161.31
10738000 -2680.5 -4983.53 -1195.69
10739000 -2674.43 -5026.64 -1200.05
10740000 -2684.29 -5052.85 -1186.5
10741000 -2681.08 -5059.33 -1183
10742000 -2683.08 -5101.91 -1189.17
10743000 -2711.11 -5027.27 -1191.3
10744000 -2733.08 -4963.17 -1190.56
10745000 -2735.08 -4957.82 -1189.87
10746000 -2750.71 -4959.82 -1203.84
10747000 -2766.48 -5034.38 -1221.34
10748000 -2768.91 -5031.79 -1214.13
10749000 -2751.89 -5029.39 -1211.57
10750000 -2748.45 -5047.29 -1205.01
10751000 -2699.51 -5073.63 -1206.25
10752000 -2688.32 -5086.28 -1200.88
10753000 -2702.51 -5080.06 -1206.91
10754000 -2745.3 -4989.37 -1228.07
10755000 -2664.4 -5056.43 -1183.77
10756000 -2678.67 -4998.36 -1177.83
10757000 -2671.15 -5085.51 -1187.64
10758000 -2687.62 -5017.77 -1186.49
10759000 -2720.71 -4998.83 -1188.53
10760000 -2680.48 -5020.58 -1181.53
10761000 -2697.36 -4963.54 -1182.46
10762000 -2706.87 -4972.98 -1177.81
10763000 -2723.86 -4923.25 -1172.7
10764000 -2684.82 -4905.67 -1157.33
10765000 -2698.17 -4928.99 -1169.44
10766000 -2773.41 -4861.3 -1183.49
10767000 -2788.39 -4842.91 -1183.07
10768000 -2777.94 -4924.66 -1170.45
10769000 -2766.27 -4992.46 -1190.78
10770000 -2765.83 -4955.66 -1209.81
10771000 -2772.87 -4920.11 -1194.06
10772000 -2795.86 -4850.41 -1191.98
10773000 -2760.29 -4852.14 -1183.92
10774000 -2724.48 -4943.56 -1166.6
10775000 -2745.6 -4949.34 -1178.37
10776000 -2732.12 -4883.24 -1172.2
10777000 -2703.55 -4935.02 -1167.26
10778000 -2707.38 -4956.17 -1161.99
10779000 -2723.83 -4912.3 -1182.98
10780000 -2777.88 -4829.97 -1192.22
10781000 -2771.22 -4831.49 -1204.74
10782000 -2738.49 -4882.66 -1191.28
10783000 -2757.74 -4838.39 -1202.26
10784000 -2727.42 -4823.04 -1201.21
10785000 -2750.34 -4851.14 -1182.3
10786000 -2781.9 -4917.5 -1193.18
10787000 -2757.9 -4849.45 -1198.91
10788000 -2692.74 -4948.87 -1170.07
10789000 -2737.98 -4870.78 -1175.89
10790000 -2704.91 -4860.11 -1160.99
10791000 -2718.16 -4905.77 -1172.76
10792000 -2734.37 -4873.4 -1171.58
10793000 -2718.08 -4917.64 -1173.63
10794000 -2715.02 -4970.57 -1175.05
10795000 -2732.78 -4928.26 -1193.28
10796000 -2743.81 -4961.02 -1187.4
10797000 -2695.85 -4987.42 -1182.76
10798000 -2706.15 -4940.63 -1197.39
10799000 -2748.22 -4971.9 -1195.33
10800000 -2734.33 -4948.49 -1186.19
10801000 -2710.68 -4971.7 -1190.24
10802000 -2745.37 -4918.15 -1198.35
10803000 -2706.02 -4928.59 -1177.82
10804000 -2711.81 -4978.97 -1178.19
10805000 -2687.33 -4961.5 -1168.14
10806000 -2682.66 -5002.59 -1172.17
10807000 -2658.01 -4985.91 -1163.73
10808000 -2675.22 -4988.78 -1172.03
10809000 -2650.32 -5053.87 -1154.69
10810000 -2599.47 -5083.13 -1146.48
10811000 -2663.44 -5064.85 -1176
10812000 -2693.54 -5044.91 -1170.59
10813000 -2732.89 -4970.75 -1183.65
10814000 -2697.18 -5005.48 -1168.86
10815000 -2705.66 -4996.14 -1169.07
10816000 -2725.7 -5016.78 -1181.11
10817000 -2722.14 -5002.67 -1209.77
10818000 -2726.37 -4947.28 -1210.1
10819000 -2736.45 -4924.81 -1208.3
10820000 -2721.15 -4959.68 -1205.04
10821000 -2750.75 -4876.2 -1214.47
10822000 -2694.46 -4941.13 -1205.64
10823000 -2676.4 -5014.42 -1177.79
10824000 -2688.1 -5036.93 -1172.33
10825000 -2653.59 -5094.74 -1164.66
10826000 -2722.29 -5000.8 -1174.62
10827000 -2734.97 -5027.72 -1190.2
10828000 -2704.18 -5065.45 -1199.25
10829000 -2726.53 -5001.45 -1190.8
10830000 -2728.85 -4967.94 -1211.98
10831000 -2741.39 -4998.8 -1218.59
10832000 -2758.94 -4933.82 -1207.05
10833000 -2749.6 -4939.45 -1199.42
10834000 -2746.84 -4963.26 -1194.07
10835000 -2696.47 -4918.53 -1168.15
10836000 -2677.15 -5005.84 -1168.49
10837000 -2696.95 -4952.71 -1185.08
10838000 -2710.75 -4943.28 -1188.79
10839000 -2744.84 -4964.8 -1198.44
10840000 -2759.51 -4931.2 -1214.42
10841000 -2699.52 -4956.71 -1192.8
10842000 -2681.04 -4930.27 -1172.02
10843000 -2731.93 -4858.21 -1190.48
10844000 -2737.73 -4821.94 -1186.96
10845000 -2718.02 -4855.98 -1183.39
10846000 -2755.7 -4872.89 -1196.88
10847000 -2764.72 -4882.52 -1194.66
10848000 -2711.49 -4938.34 -1182.48
10849000 -2739.43 -4869.62 -1178.59
10850000 -2738.81 -4848.28 -1181.57
10851000 -2739.61 -4859.66 -1188.72
10852000 -2796.25 -4795.75 -1201.58
10853000 -2793.92 -4752.17 -1202.02
10854000 -2751.03 -4864.4 -1177.14
10855000 -2693.09 -4906.64 -1155.68
10856000 -2717.72 -4932.57 -1166.62
10857000 -2696.62 -4930.12 -1153.63
10858000 -2692.58 -4990.79 -1176.43
10859000 -2752.35 -4819.59 -1202.29
10860000 -2746.31 -4842.88 -1189.48
10861000 -2796.35 -4829.67 -1194.6
10862000 -2791.27 -4866.04 -1191.58
10863000 -2753.46 -4818.9 -1184.59
10864000 -2791.67 -4790.52 -1215.07
10865000 -2767.58 -4818.71 -1192.88
10866000 -2774.47 -4865.54 -1198.67
10867000 -2816.4 -4825.35 -1206.23
10868000 -2830.68 -4779.03 -1214.15
10869000 -2815.96 -4765.08 -1212.46
10870000 -2803.19 -4741.9 -1198.45
10871000 -2804.13 -4807.25 -1176.34
10872000 -2849.43 -4783.72 -1201.71
10873000 -2813.59 -4758.84 -1194.12
10874000 -2799.06 -4836.84 -1186.76
10875000 -2830.3 -4767.77 -1187.77
10876000 -2827.58 -4762.16 -1207.03
10877000 -2853.65 -4702.21 -1231.38
10878000 -2821.56 -4812.84 -1222.01
10879000 -2824.79 -4826.76 -1204.79
10880000 -2777.89 -4779.1 -1184.98
10881000 -2801.77 -4798.04 -1202.55
10882000 -2813.05 -4801.29 -1196.96
10883000 -2821.26 -4797.01 -1203.33
10884000 -2806.2 -4785.9 -1203.42
10885000 -2785.39 -4828.17 -1187.24
10886000 -2761.62 -4894.94 -1195.29
10887000 -2783.33 -4818.23 -1203.06
10888000 -2785.57 -4806.08 -1200.19
10889000 -2779.55 -4770.92 -1197.12
10890000 -2789.51 -4802.49 -1196.12
10891000 -2817.45 -4677.01 -1194.21
10892000 -2884.22 -4643.99 -1220.3
10893000 -2772.97 -4785.57 -1208.35
10894000 -2810.37 -4734.65 -1216.57
10895000 -2865.49 -4644.24 -1220.56
10896000 -2844.07 -4663.75 -1210
10897000 -2877.48 -4645.96 -1217.76
10898000 -2881.39 -4630.39 -1220.72
10899000 -2852.24 -4746.81 -1214.37
10900000 -2830.6 -4804.91 -1204.92
10901000 -2845.28 -4711.67 -1208.7
10902000 -2856.63 -4671.4 -1208
10903000 -2829.17 -4731.65 -1211.4
10904000 -2833.97 -4753.99 -1226.95
10905000 -2800.23 -4787.56 -1203.54
10906000 -2791.14 -4806.8 -1208.28
10907000 -2784.53 -4827.06 -1189.89
10908000 -2778.7 -4813.24 -1168.52
10909000 -2792.98 -4826.92 -1190.12
10910000 -2824.08 -4847.5 -1199.26
10911000 -2757.46 -4809.49 -1179.24
10912000 -2742.69 -4890.55 -1175.99
10913000 -2761.2 -4889.23 -1193.99
10914000 -2745.9 -4871.13 -1185
10915000 -2749.86 -4862.2 -1181.47
10916000 -2693.45 -4948.09 -1167.47
10917000 -2739.16 -4896.88 -1170.23
10918000 -2687.53 -4948.92 -1162.52
10919000 -2714.82 -4884.26 -1169.4
10920000 -2739.13 -4892.16 -1184.94
10921000 -2729.53 -4892.43 -1164.97
10922000 -2795.95 -4798.21 -1195.29
10923000 -2777.16 -4841.42 -1184.07
10924000 -2798.35 -4854.59 -1205.06
10925000 -2797.58 -4843.92 -1208.19
10926000 -2793.47 -4844.99 -1213.12
10927000 -2771.84 -4865.37 -1197.56
10928000 -2752.71 -4919.54 -1192.75
10929000 -2735.29 -4949.15 -1186.58
10930000 -2725.12 -4948.44 -1188.25
10931000 -2702.28 -4988.19 -1173.27
10932000 -2735.81 -4961.75 -1182.62
10933000 -2703.79 -4965.78 -1186.15
10934000 -2736.71 -4913.71 -1183.58
10935000 -2718.49 -4918.81 -1199.48
10936000 -2757.08 -4825.38 -1210.92
10937000 -2792.64 -4858.9 -1223.2
10938000 -2765.05 -4842.85 -1207.15
10939000 -2796.12 -4813.04 -1208.53
10940000 -2793.92 -4792.46 -1215.25
10941000 -2842.46 -4776.51 -1228.3
10942000 -2754.63 -4822.94 -1206.93
10943000 -2744.59 -4922.29 -1209.19
10944000 -2741.59 -4898.91 -1199.62
10945000 -2716.83 -4981.94 -1198.8
10946000 -2721.14 -5022.28 -1193
10947000 -2705.43 -5108.06 -1187.54
10948000 -2693.37 -5041.55 -1187.47
10949000 -2682.62 -5083.25 -1170.54
10950000 -2736.46 -5017.3 -1200.53
10951000 -2713.88 -5030.28 -1201.35
10952000 -2744.06 -4974.62 -1202.35
10953000 -2781.02 -4988.48 -1210.39
10954000 -2806.89 -4875.31 -1215.26
10955000 -2765.6 -4874.8 -1205.48
10956000 -2795.13 -4855.18 -1211.13
10957000 -2835.02 -4862.21 -1232.52
10958000 -2761.53 -4957.11 -1211.53
10959000 -2723.25 -5033.34 -1193.2
10960000 -2733.43 -4983.83 -1191.53
10961000 -2705.93 -4979.99 -1194.09
10962000 -2722.75 -4991.71 -1197.27
10963000 -2783.69 -4939.31 -1205.52
10964000 -2794.64 -4872.35 -1195.13
10965000 -2798 -4872.4 -1216.33
10966000 -2796.61 -4870.65 -1218.09
10967000 -2761.97 -4912.29 -1214.23
10968000 -2781.12 -4844.5 -1222.09
10969000 -2822.77 -4754.61 -1221.61
10970000 -2789.22 -4799.11 -1199.98
10971000 -2830.21 -4810.13 -1206.33
10972000 -2858.13 -4827.36 -1216.88
10973000 -2842.48 -4857.5 -1220.67
10974000 -2779 -4904.84 -1197.3
10975000 -2833.6 -4920.38 -1208.98
10976000 -2803.17 -4964.93 -1211.87
10977000 -2823.72 -4962.09 -1211.3
10978000 -2807.73 -4981.16 -1217.74
10979000 -2799.99 -4932.57 -1206.94
10980000 -2786.09 -4982.54 -1213.17
10981000 -2799.41 -4975.96 -1221.67
10982000 -2820.73 -4981.99 -1234.96
10983000 -2803.75 -4986.54 -1217.61
10984000 -2772.19 -5001.87 -1198.01
10985000 -2760.24 -4976.2 -1196.42
10986000 -2731.26 -4982.87 -1183.93
10987000 -2745.74 -4924.75 -1177.25
10988000 -2758.65 -4956.98 -1192.51
10989000 -2728.35 -4942.81 -1172.75
10990000 -2726.67 -4965.62 -1177.11
10991000 -2762.13 -4903.86 -1195.69
10992000 -2684.65 -4978.18 -1168.22
10993000 -2668.26 -5004.13 -1180.96
10994000 -2704.86 -5043.57 -1172.71
10995000 -2709.86 -5072.98 -1177.45
10996000 -2770.46 -4978.49 -1204.57
10997000 -2774.99 -4974.62 -1212.27
10998000 -2702.49 -5031.02 -1192.62
10999000 -2671.56 -5029.39 -1185.83
11000000 -2647.98 -5068.11 -1189.77
11001000 -2681.81 -5040.31 -1204.26
11002000 -2711.39 -4997.83 -1206.46
11003000 -2741.45 -4974.88 -1207.38
11004000 -2745.89 -5021.81 -1200.81
11005000 -2712.48 -4974.32 -1179.99
11006000 -2672.71 -5018.54 -1167.96
11007000 -2718.11 -5006.83 -1170.53
11008000 -2745.91 -5008.53 -1185.79
11009000 -2722.18 -5018.99 -1173.94
11010000 -2747.41 -4995.92 -1170.64
11011000 -2730.98 -5023.56 -1158.54
11012000 -2786.39 -4935.16 -1175.55
11013000 -2776.1 -5004.53 -1165.98
11014000 -2774.13 -4993.08 -1170.5
11015000 -2783.36 -4921.83 -1173.28
11016000 -2809.44 -4948.61 -1191.5
11017000 -2780.69 -4994.79 -1183.68
11018000 -2776.07 -4980.81 -1170.08
11019000 -2734.17 -5004.98 -1157.67
11020000 -2763.16 -4928.49 -1165.92
11021000 -2841.99 -4879.81 -1175.14
11022000 -2793.28 -4936.03 -1173.62
11023000 -2845.56 -4871 -1192.13
11024000 -2824.67 -4899.36 -1191.1
11025000 -2833.27 -4816.01 -1192.63
11026000 -2759.88 -4954.93 -1160.75
11027000 -2794.5 -4907.66 -1172.04
11028000 -2810.96 -4919.26 -1185.47
11029000 -2773.78 -4935.68 -1171.86
11030000 -2834.17 -4843.78 -1183.46
11031000 -2817.22 -4906.53 -1180.31
11032000 -2813.62 -4889.27 -1180.7
11033000 -2869.09 -4832.73 -1183.09
11034000 -2816.23 -4908.61 -1176.57
11035000 -2803.55 -4908.27 -1173.3
11036000 -2805.16 -4883.3 -1178.06
11037000 -2814.7 -4926.82 -1172.9
11038000 -2848.24 -4971.81 -1188.09
11039000 -2805.15 -4990.4 -1187.42
11040000 -2828 -4932.18 -1192.12
11041000 -2818.89 -4911.19 -1183.53
11042000 -2850.96 -4785.42 -1172.51
11043000 -2787.42 -4911.82 -1163.03
11044000 -2771.38 -4982.5 -1155.2
11045000 -2816.98 -4945.72 -1176.27
11046000 -2853.73 -4864.86 -1192.99
11047000 -2832.59 -4911 -1188.78
11048000 -2811.55 -4988.23 -1191.06
11049000 -2844.04 -4901.44 -1196.67
11050000 -2804.29 -5004.52 -1178.4
11051000 -2795.25 -5010.61 -1163.79
11052000 -2819.39 -4941.05 -1186.37
11053000 -2820.49 -4923.48 -1179.65
11054000 -2818.49 -4982.06 -1186.09
11055000 -2823.8 -4960.23 -1178.31
11056000 -2805.51 -5065.27 -1167.21
11057000 -2797.1 -5050.96 -1181.15
11058000 -2818.77 -5034.77 -1181.7
11059000 -2783.65 -5053.82 -1177.13
11060000 -2854.16 -4917.76 -1196.95
11061000 -2790.43 -4992.53 -1170.82
11062000 -2840.36 -4954.95 -1195.4
11063000 -2788.73 -5031.84 -1187.44
11064000 -2820.93 -4939.59 -1184.34
11065000 -2844.29 -4885.93 -1189.12
11066000 -2824.18 -4901.41 -1199.95
11067000 -2838.92 -4934.75 -1202.24
11068000 -2810.16 -4999.27 -1180.85
11069000 -2798.57 -5008.13 -1179.07
11070000 -2770.74 -4949.78 -1166.46
11071000 -2826.24 -4894.8 -1185.68
11072000 -2809.82 -5005.9 -1178.26
11073000 -2788.92 -5031.3 -1163.63
11074000 -2822.05 -4943.42 -1184.81
11075000 -2820.24 -4896.53 -1207.37
11076000 -2792.37 -4983.94 -1197.29
11077000 -2765.99 -4890.97 -1172.5
11078000 -2817.8 -4868.96 -1198.8
11079000 -2811.39 -4854.68 -1185.23
11080000 -2835.52 -4841.09 -1179.56
11081000 -2818 -4813.24 -1184.76
11082000 -2859.59 -4771.92 -1193.31
11083000 -2838.4 -4855.5 -1182.76
11084000 -2882.81 -4782.59 -1211.61
11085000 -2839.57 -4868.92 -1197.86
11086000 -2783.12 -4912.72 -1173.89
11087000 -2774.89 -4997.74 -1159.94
11088000 -2782.71 -4909.32 -1160.07
11089000 -2848.96 -4815.25 -1180.45
11090000 -2860.37 -4896.3 -1181.79
11091000 -2839.63 -4879.93 -1186.83
11092000 -2807.68 -4959.62 -1183.38
11093000 -2782.47 -4997.15 -1169.1
11094000 -2798.4 -5025.07 -1188.01
11095000 -2829.27 -4965.15 -1185.17
11096000 -2863.85 -4986.87 -1193.07
11097000 -2816.5 -5041.66 -1187.62
11098000 -2855.58 -5017.09 -1213.08
11099000 -2860.16 -4997.4 -1186.59
11100000 -2766.6 -5015.75 -1184.68
11101000 -2739.55 -5133.53 -1186.77
11102000 -2765.3 -5114.14 -1179.58
11103000 -2791.74 -5035.88 -1190.27
11104000 -2775.93 -5092.55 -1192.8
11105000 -2755.98 -5120.99 -1177.34
11106000 -2753.59 -5138.87 -1180.62
11107000 -2710.22 -5148.06 -1162.23
11108000 -2766.44 -5111.04 -1180.51
11109000 -2782.26 -5127.87 -1200.45
11110000 -2798 -5110.47 -1200.18
11111000 -2790.24 -5112.53 -1200.67
11112000 -2743.95 -5127.12 -1195.39
11113000 -2790.08 -5064.09 -1230.72
11114000 -2824.21 -4958.65 -1243.02
11115000 -2812.41 -4944.16 -1228.31
11116000 -2807.3 -4924.32 -1212.93
11117000 -2750.37 -5078.16 -1192.91
11118000 -2731.25 -5040.04 -1178.56
11119000 -2730.89 -4985.18 -1185.68
11120000 -2733.7 -4956.63 -1184.44
11121000 -2765.42 -4936.41 -1188.53
11122000 -2736.27 -4899.56 -1176.36
11123000 -2719.95 -4883.22 -1169.12
11124000 -2724.21 -4942.52 -1161.06
11125000 -2725.8 -4901.21 -1168.21
11126000 -2729.34 -4908.36 -1170.11
11127000 -2723.94 -4917.75 -1165.04
11128000 -2717.46 -4956.48 -1147.52
11129000 -2717.68 -4914.73 -1148.18
11130000 -2741.33 -4906.59 -1165.78
11131000 -2763.62 -4829.55 -1183.65
11132000 -2707.64 -4892.23 -1157.35
11133000 -2639.91 -5034.9 -1141.24
11134000 -2691.09 -5003.57 -1167.64
11135000 -2722.52 -4920.68 -1153.81
11136000 -2688.15 -4963.45 -1139.71
11137000 -2675.01 -4962.72 -1127.39
11138000 -2675.78 -4937.95 -1141.95
11139000 -2685.62 -4935.27 -1159.53
11140000 -2710.72 -4920.34 -1165.32
11141000 -2708.67 -4917.66 -1139.97
11142000 -2678.64 -4969.4 -1148.13
11143000 -2696.49 -4886.24 -1146.17
11144000 -2734.49 -4909.2 -1155.44
11145000 -2700.39 -4924.94 -1138.88
11146000 -2759.96 -4807.89 -1171.94
11147000 -2733.06 -4835.56 -1155.16
11148000 -2746.1 -4868.95 -1161.99
11149000 -2756.61 -4843.37 -1169.02
11150000 -2786.24 -4858.5 -1187.54
11151000 -2854.65 -4689.1 -1209.4
11152000 -2880.86 -4682.74 -1194.21
11153000 -2840.65 -4775.48 -1188.99
11154000 -2847.41 -4745.95 -1188.63
11155000 -2897.68 -4709.1 -1208.93
11156000 -2866.72 -4808.82 -1212.96
11157000 -2860.86 -4829.35 -1205.03
11158000 -2879.36 -4800.28 -1202.26
11159000 -2868.12 -4811.51 -1207.18
11160000 -2882.84 -4798.48 -1212.06
11161000 -2880.22 -4747.78 -1210
11162000 -2872.15 -4730.5 -1207.75
11163000 -2895.33 -4679.13 -1212.11
11164000 -2865.26 -4719.1 -1209.55
11165000 -2876.68 -4713.81 -1220.66
11166000 -2878.23 -4669.32 -1211.47
11167000 -2863.55 -4691.9 -1210.67
11168000 -2904.02 -4678.57 -1227.86
11169000 -2833.3 -4698.13 -1184.91
11170000 -2836.13 -4703.44 -1185.65
11171000 -2869.25 -4682.43 -1196.18
11172000 -2908.33 -4631.59 -1203.4
11173000 -2912.43 -4738.5 -1215.7
11174000 -2894.98 -4714.01 -1213.49
11175000 -2893.4 -4748.45 -1205.67
11176000 -2871.85 -4754.91 -1178.34
11177000 -2867.02 -4706.51 -1175.19
11178000 -2884.1 -4691 -1179.89
11179000 -2863.96 -4699.06 -1193.35
11180000 -2820.21 -4754.17 -1192.53
11181000 -2819.07 -4753.34 -1175.85
11182000 -2828.91 -4772.4 -1184.98
11183000 -2823.63 -4739.83 -1179
11184000 -2821.73 -4847.46 -1170.46
11185000 -2796.56 -4833.92 -1185.09
11186000 -2800.68 -4837.43 -1180.52
11187000 -2834.84 -4784.63 -1189.13
11188000 -2757.11 -4853.85 -1155.58
11189000 -2821.5 -4767.05 -1182.94
11190000 -2840.29 -4771.48 -1197.35
11191000 -2860.7 -4749.02 -1195.33
11192000 -2825.6 -4808.73 -1207.49
11193000 -2827.33 -4782.2 -1207.48
11194000 -2845.15 -4822.66 -1209.6
11195000 -2841.08 -4837.63 -1206.05
11196000 -2837.61 -4837.36 -1211.71
11197000 -2792.34 -4910.04 -1195.06
11198000 -2801.78 -4952.35 -1191.14
11199000 -2810.7 -4865.76 -1166.8
11200000 -2806.49 -4860.82 -1193.02
11201000 -2747.26 -4931.19 -1176.91
11202000 -2754.63 -4873.01 -1179.38
11203000 -2737.6 -4906.03 -1184.57
11204000 -2659.52 -5001.25 -1141.76
11205000 -2714.28 -4962.19 -1155.89
11206000 -2690.25 -5013.21 -1153.75
11207000 -2712.53 -4992.72 -1152.67
11208000 -2727.67 -4990.84 -1164.11
11209000 -2773.85 -4884.46 -1160.93
11210000 -2811.29 -4793.17 -1179.56
11211000 -2795.93 -4792.63 -1173
11212000 -2751.98 -4897.99 -1157.03
11213000 -2739.01 -4921.61 -1156.33
11214000 -2721.02 -4922.55 -1166.32
11215000 -2720.39 -4889.28 -1161.65
11216000 -2757.38 -4805.55 -1174.05
11217000 -2781.6 -4855.52 -1197.93
11218000 -2816.5 -4882.22 -1194.81
11219000 -2801.15 -4911.01 -1181.84
11220000 -2780.8 -5011.6 -1173.65
11221000 -2764.22 -4966.49 -1179.32
11222000 -2779.58 -4934.93 -1163.91
11223000 -2757.08 -4974.07 -1164.38
11224000 -2751.71 -4923.37 -1166.74
11225000 -2786.14 -4922.56 -1171.56
11226000 -2778.22 -4909.49 -1180
11227000 -2761.72 -4896.4 -1169.19
11228000 -2761.81 -4902.12 -1164.68
11229000 -2793.44 -4907.9 -1163.48
11230000 -2764.47 -4916.32 -1157.86
11231000 -2715.52 -4927.37 -1125.1
11232000 -2779.51 -5002.87 -1168.3
11233000 -2790.38 -4924.94 -1157.65
11234000 -2803.41 -4920.21 -1184.23
11235000 -2738.29 -4945.32 -1154.87
11236000 -2745.45 -5006.37 -1163.09
11237000 -2797.89 -4890.18 -1176.35
11238000 -2753.31 -4916.35 -1172.64
11239000 -2773.25 -4915.31 -1175.95
11240000 -2810.4 -4861.48 -1187.08
11241000 -2783.44 -4910.65 -1173.29
11242000 -2825.01 -4890.71 -1201.61
11243000 -2786.98 -4921.82 -1182.54
11244000 -2811.17 -4919.85 -1186.41
11245000 -2844.94 -4847.94 -1199.02
11246000 -2796.52 -4822.36 -1166.21
11247000 -2833.91 -4825.04 -1168.83
11248000 -2784.34 -4913.24 -1161.43
11249000 -2741.99 -5005.17 -1162.44
11250000 -2758.2 -4970.65 -1164.96
11251000 -2793.48 -4903.11 -1171.52
11252000 -2788.67 -4934.46 -1171.24
11253000 -2786.47 -4901.44 -1165.15
11254000 -2783.32 -4898.03 -1171.5
11255000 -2796.55 -4892.5 -1180.5
11256000 -2813.19 -4894.8 -1186.98
11257000 -2808.97 -4894.08 -1171.05
11258000 -2824.98 -4898.63 -1182.69
11259000 -2814.5 -4957.07 -1190.65
11260000 -2875.84 -4852.84 -1195.39
11261000 -2846.4 -4870.86 -1201.25
11262000 -2850.78 -4832.83 -1191.35
11263000 -2875.14 -4815.93 -1198.85
11264000 -2871.21 -4781.84 -1198.19
11265000 -2853.5 -4842.19 -1193.12
11266000 -2854.01 -4816.31 -1191.75
11267000 -2855.5 -4845.18 -1204.42
11268000 -2853.3 -4836.72 -1188.88
11269000 -2878.21 -4866.45 -1186.01
11270000 -2881.17 -4864.08 -1179.53
11271000 -2901.81 -4826.69 -1202.44
11272000 -2835.2 -4845.97 -1173.65
11273000 -2852.86 -4835.46 -1173.67
11274000 -2797.42 -4844.63 -1165.18
11275000 -2807.38 -4811.16 -1176.81
11276000 -2777.6 -4901.86 -1168.15
11277000 -2799 -4952.25 -1175.77
11278000 -2825.49 -4938.52 -1184.64
11279000 -2830.66 -4939.95 -1195.05
11280000 -2820.92 -4877.78 -1188.56
11281000 -2776.8 -4952.56 -1180.2
11282000 -2772.16 -4905.09 -1172.93
11283000 -2802.01 -4881.36 -1165.78
11284000 -2742.37 -4979.39 -1159.82
11285000 -2755.81 -4967.06 -1155.85
11286000 -2813.12 -4875.3 -1170.58
11287000 -2846.73 -4789.69 -1181.47
11288000 -2835.24 -4785.22 -1171.69
11289000 -2841.91 -4768.34 -1183.02
11290000 -2811.11 -4806.49 -1168.96
11291000 -2847.47 -4788.85 -1170.28
11292000 -2862.55 -4771.05 -1174.47
11293000 -2816.74 -4860.97 -1152
11294000 -2837.41 -4837.05 -1160.51
11295000 -2867.37 -4789.89 -1166.21
11296000 -2837.45 -4825.87 -1165.4
11297000 -2799.88 -4809.41 -1135.51
11298000 -2826.5 -4839.67 -1158.8
11299000 -2839.33 -4841.79 -1154
11300000 -2881.91 -4914.35 -1174.48
11301000 -2812.13 -4944.54 -1166.87
11302000 -2834.69 -4816.79 -1179.99
11303000 -2839.44 -4793.99 -1181.46
11304000 -2834.05 -4882.55 -1183.21
11305000 -2775.54 -4926.37 -1134.5
11306000 -2820.75 -4904.33 -1157.55
11307000 -2816.79 -4882.32 -1151.1
11308000 -2861.2 -4836.53 -1167.73
11309000 -2840.46 -4907.46 -1166.3
11310000 -2873.29 -4915.7 -1189.82
11311000 -2829.68 -4930.26 -1169.63
11312000 -2850.81 -4827.64 -1162.99
11313000 -2832.08 -4846.22 -1161.97
11314000 -2780.4 -4909.15 -1160.19
11315000 -2773.46 -4856.71 -1140.63
11316000 -2792.43 -4890.99 -1160.04
11317000 -2781.15 -4915.94 -1138.71
11318000 -2803.01 -4854.2 -1157.77
11319000 -2820.28 -4835.07 -1156.57
11320000 -2819.49 -4868.26 -1162.81
11321000 -2837.02 -4848.93 -1153.01
11322000 -2818.29 -4806.34 -1147.13
11323000 -2821.2 -4866.78 -1142.01
11324000 -2820.01 -4890.4 -1150.14
11325000 -2821.64 -4858.05 -1145.99
11326000 -2873.76 -4874.63 -1160.04
11327000 -2857.83 -4856.55 -1156.35
11328000 -2839.68 -4878.88 -1150.53
11329000 -2815.85 -4912.3 -1157.07
11330000 -2834.07 -4924.13 -1161.06
11331000 -2795.87 -4952.16 -1142.77
11332000 -2796.59 -5009.72 -1148.48
11333000 -2791.4 -5006.36 -1150.01
11334000 -2773.57 -5043.8 -1151.62
11335000 -2784.69 -5011.12 -1158.4
11336000 -2772.68 -5073.14 -1157.88
11337000 -2816.23 -4995.22 -1163.72
11338000 -2803.47 -5043.61 -1152.81
11339000 -2830.85 -5055 -1163.4
11340000 -2831.84 -5057.39 -1163.33
11341000 -2845.94 -4990.67 -1170
11342000 -2771.02 -5083.05 -1149.62
11343000 -2798.63 -5069.4 -1149.98
11344000 -2803.3 -5032.04 -1150.22
11345000 -2805.35 -5026.16 -1140.1
11346000 -2798.66 -5054.93 -1152.53
11347000 -2786.91 -5026.45 -1145.36
11348000 -2832.33 -4887.2 -1161.7
11349000 -2834.12 -4866.64 -1166.75
11350000 -2848.04 -4863.37 -1181.33
11351000 -2798.11 -4910.37 -1169.22
11352000 -2828.26 -4903.4 -1168.31
11353000 -2894.55 -4847.87 -1182.66
11354000 -2883.42 -4827.58 -1169.26
11355000 -2888.32 -4824.32 -1177.78
11356000 -2841.03 -4854.5 -1156.98
11357000 -2808.94 -4864.78 -1163.56
11358000 -2772.76 -4947.68 -1139.51
11359000 -2854.02 -4834.39 -1151.58
11360000 -2873.6 -4866 -1155.19
11361000 -2835.07 -4914.79 -1168.7
11362000 -2817.8 -4935.71 -1163.21
11363000 -2782.03 -4919.33 -1154.4
11364000 -2823.67 -4911.87 -1164.07
11365000 -2792.38 -4934.29 -1141.52
11366000 -2778.32 -4960.84 -1135.44
11367000 -2756.01 -5037.3 -1122.39
11368000 -2779.99 -4985.34 -1130.43
11369000 -2802.99 -4945.69 -1132.42
11370000 -2845.58 -4842.07 -1150.35
11371000 -2846.06 -4836.33 -1162.88
11372000 -2830.79 -4845.4 -1176.51
11373000 -2828.84 -4832.86 -1167.02
11374000 -2801.16 -4839.51 -1159.69
11375000 -2811.5 -4789.85 -1170.98
11376000 -2871.59 -4802.65 -1181.62
11377000 -2834.18 -4810.63 -1180.64
11378000 -2817.85 -4766.04 -1185.68
11379000 -2836.56 -4754.42 -1182.83
11380000 -2902.01 -4697.63 -1194.52
11381000 -2882.58 -4755.17 -1187.86
11382000 -2854.85 -4761.63 -1178.58
11383000 -2916.03 -4723.91 -1182.49
11384000 -2904.8 -4755.79 -1176.12
11385000 -2867.02 -4778.06 -1160.52
11386000 -2840.07 -4827.44 -1157.2
11387000 -2857.05 -4773.44 -1176.34
11388000 -2821.11 -4804.98 -1152.8
11389000 -2895.38 -4760.9 -1179.62
11390000 -2840.55 -4835.82 -1161.83
11391000 -2841.95 -4793.42 -1155.99
11392000 -2844.19 -4764.8 -1173.44
11393000 -2823.93 -4774.22 -1169.12
11394000 -2875.18 -4653.32 -1194.2
11395000 -2823.24 -4711.97 -1169.49
11396000 -2887.27 -4701.25 -1182.25
11397000 -2900.51 -4658.42 -1176.04
11398000 -2809.54 -4746.75 -1166.97
11399000 -2757.98 -4894.98 -1174.31
11400000 -2752.99 -4940.31 -1157.47
11401000 -2848.46 -4844.61 -1178.5
11402000 -2892.7 -4816.93 -1188.13
11403000 -2817.63 -4860.07 -1173.42
11404000 -2795.28 -4870.22 -1145.79
11405000 -2825.97 -4879.07 -1155.29
11406000 -2826.06 -4949.19 -1168.09
11407000 -2842.21 -4840.8 -1168.76
11408000 -2860.15 -4872.68 -1180.22
11409000 -2872.65 -4906.58 -1180.04
11410000 -2888.27 -4844.05 -1177.77
11411000 -2818.74 -4890.33 -1165.6
11412000 -2835.3 -4902.28 -1176.95
11413000 -2846.19 -4857.07 -1169.71
11414000 -2851.57 -4847.54 -1177.35
11415000 -2853.35 -4773.1 -1188.71
11416000 -2853.05 -4773.04 -1190.23
11417000 -2816.99 -4919.53 -1170.03
11418000 -2843.77 -4864.32 -1189.3
11419000 -2816.3 -4866.24 -1183.54
11420000 -2781.73 -4917.59 -1178.17
11421000 -2820.39 -4931.63 -1198.85
11422000 -2756.7 -4959.72 -1175.14
11423000 -2777.69 -4992.44 -1163.21
11424000 -2746.13 -5004.17 -1164.58
11425000 -2788.21 -4931.21 -1185.55
11426000 -2828.2 -4961.76 -1196.48
11427000 -2788.25 -5001.71 -1185.18
11428000 -2759.56 -5019.58 -1178.64
11429000 -2750.55 -5015.13 -1124.67
11430000 -2812.62 -4925.48 -1153.65
11431000 -2825.08 -4860.25 -1165.77
11432000 -2835.78 -4800.98 -1172.73
11433000 -2810.81 -4841.63 -1174.97
11434000 -2782.89 -4890.37 -1154.82
11435000 -2829.85 -4896.12 -1186.61
11436000 -2833.93 -4861.51 -1201.53
11437000 -2861.6 -4836.66 -1192.22
11438000 -2869.04 -4893.7 -1180.16
11439000 -2878.08 -4899.73 -1181.11
11440000 -2843.17 -4860.45 -1181.22
11441000 -2823.81 -4848.93 -1175.1
11442000 -2801.85 -4910.78 -1156.03
11443000 -2853.06 -4871.7 -1176.15
11444000 -2805.85 -4911.89 -1151.5
11445000 -2794.52 -4915.22 -1149.5
11446000 -2812.69 -4856.95 -1148.52
11447000 -2824.23 -4841.46 -1159.47
11448000 -2791.84 -4828.91 -1131.99
11449000 -2813.3 -4844.17 -1128.7
11450000 -2784.86 -4867.09 -1126.23
11451000 -2802.68 -4884.51 -1147.14
11452000 -2818.8 -4863.05 -1160.81
11453000 -2806.91 -4916.01 -1151.83
11454000 -2772.08 -4941.72 -1130.28
11455000 -2754.1 -4938.59 -1126.44
11456000 -2772.3 -4927.92 -1128.01
11457000 -2792.7 -4890.82 -1134.22
11458000 -2813.42 -4850.06 -1152
11459000 -2827.15 -4810.32 -1149.47
11460000 -2846.44 -4806.65 -1176.8
11461000 -2852.85 -4782.07 -1174.02
11462000 -2812.48 -4857.15 -1149.94
11463000 -2769.48 -4939.68 -1125.37
11464000 -2783.43 -4899.39 -1136.02
11465000 -2795.15 -4846.38 -1136.43
11466000 -2804.22 -4777.91 -1135.47
11467000 -2800.61 -4774.12 -1132.06
11468000 -2760.79 -4918.86 -1133.93
11469000 -2731.93 -4966.25 -1120.04
11470000 -2785.25 -4866.43 -1133.17
11471000 -2829.31 -4868.75 -1139.11
11472000 -2805.35 -4906.13 -1123.03
11473000 -2795.51 -4902.52 -1138.65
11474000 -2842.6 -4883.02 -1148.46
11475000 -2878 -4796.85 -1156.44
11476000 -2874.4 -4827.78 -1141.46
11477000 -2876.08 -4818.43 -1143.3
11478000 -2845.38 -4895.88 -1142.74
11479000 -2885.3 -4805.72 -1148.69
11480000 -2870.71 -4824.92 -1145.37
11481000 -2829.4 -4889.67 -1141.89
11482000 -2834.46 -4873.66 -1150.29
11483000 -2870.17 -4799.6 -1170.36
11484000 -2870.05 -4745.81 -1167.08
11485000 -2886.41 -4722.6 -1159.31
11486000 -2855.64 -4749.14 -1148.59
11487000 -2882.28 -4709.62 -1162.2
11488000 -2906.14 -4652.87 -1188.3
11489000 -2892.26 -4656.17 -1179.52
11490000 -2876.69 -4739.33 -1173.99
11491000 -2912.23 -4669.28 -1190.56
11492000 -2865.71 -4661.19 -1170.99
11493000 -2847.03 -4736.71 -1171.1
11494000 -2872.46 -4699.14 -1177.3
11495000 -2806.85 -4771.22 -1148.08
11496000 -2843.49 -4786.22 -1164.41
11497000 -2871.02 -4759.55 -1165.5
11498000 -2901.24 -4671.93 -1166.85
11499000 -2879.25 -4658.44 -1164.72
11500000 -2896 -4694.17 -1153.89
11501000 -2888.02 -4735.59 -1147.89
11502000 -2860.36 -4785.37 -1156.48
11503000 -2859.07 -4823.97 -1148.51
11504000 -2916.24 -4795.71 -1179.46
11505000 -2959.93 -4691.25 -1194.16
11506000 -2950.92 -4692.17 -1191.09
11507000 -2917.23 -4740.65 -1178.35
11508000 -2934.2 -4756.81 -1181.58
11509000 -2918.71 -4779.93 -1171.02
11510000 -2923.94 -4785.66 -1173.28
11511000 -2924.1 -4785.14 -1171.24
11512000 -2871.6 -4854.89 -1159.71
11513000 -2877.19 -4862.48 -1163.73
11514000 -2872.23 -4784.2 -1166.25
11515000 -2861.08 -4815.48 -1166.77
11516000 -2905.35 -4794.86 -1168.07
11517000 -2832.46 -4838.25 -1154.85
11518000 -2827.13 -4862.83 -1138.59
11519000 -2849.4 -4831.08 -1157.37
11520000 -2812.53 -4899.54 -1167.06
11521000 -2781.31 -4977.36 -1143.34
11522000 -2856.14 -4872.46 -1165.64
11523000 -2824.35 -4913.42 -1144.63
11524000 -2858.09 -4890.18 -1150.93
11525000 -2881.07 -4858.04 -1153.41
11526000 -2846.7 -4816.9 -1158.89
11527000 -2833.8 -4849.66 -1154.39
11528000 -2836.42 -4852.34 -1153.46
11529000 -2868.03 -4812.8 -1169.94
11530000 -2885.91 -4811.6 -1183.62
11531000 -2857.53 -4797.43 -1179.81
11532000 -2820.88 -4887.93 -1185.22
11533000 -2780.62 -4868.61 -1143.48
11534000 -2827.31 -4862.11 -1167.59
11535000 -2845.79 -4894.66 -1180.63
11536000 -2846.74 -4798 -1167.72
11537000 -2855.32 -4766.27 -1168.67
11538000 -2881.63 -4788.27 -1176.06
11539000 -2822.54 -4910.45 -1181.98
11540000 -2863.54 -4854.01 -1185
11541000 -2920.23 -4798.04 -1190.93
11542000 -2910.07 -4844.6 -1184.29
11543000 -2945.41 -4785.21 -1178.45
11544000 -2902.37 -4841.25 -1185.32
11545000 -2882.9 -4907.41 -1170.9
11546000 -2855.18 -4899.57 -1166.48
11547000 -2864.28 -4815.09 -1178.37
11548000 -2868.37 -4813.58 -1173.06
11549000 -2910.12 -4774.2 -1185.97
11550000 -2851.79 -4821.01 -1173.75
11551000 -2876.74 -4741.21 -1155.89
11552000 -2849.74 -4780.82 -1159.95
11553000 -2861.65 -4779.02 -1165.25
11554000 -2872.34 -4878.3 -1180.23
11555000 -2831.89 -4912.63 -1164.81
11556000 -2842.45 -4862.03 -1167.14
11557000 -2824.06 -4865.61 -1153.98
11558000 -2823.69 -4901.29 -1162.79
11559000 -2839.23 -4880.74 -1162.68
11560000 -2848.23 -4829.35 -1153.57
11561000 -2859.87 -4819.84 -1143.57
11562000 -2842.61 -4927.69 -1155.64
11563000 -2891.38 -4863.76 -1179.51
11564000 -2891.8 -4886.64 -1191.39
11565000 -2901.93 -4826.06 -1191.88
11566000 -2941.09 -4840.7 -1186.44
11567000 -2946.7 -4792.64 -1200.46
11568000 -2932.81 -4802.02 -1204.42
11569000 -2926.87 -4751.21 -1179.88
11570000 -2946.2 -4739.77 -1202.12
11571000 -2942.8 -4779.37 -1205.72
11572000 -2912.73 -4780.41 -1200.9
11573000 -2890.78 -4796.38 -1197.47
11574000 -2875.25 -4861.62 -1188.56
11575000 -2858.37 -4848.77 -1169.01
11576000 -2855.28 -4929.8 -1158.92
11577000 -2860.82 -4860.31 -1167.79
11578000 -2912.8 -4841.32 -1187.1
11579000 -2897.36 -4867.69 -1178.09
11580000 -2910.39 -4779.47 -1174.26
11581000 -2913.93 -4761.9 -1195.49
11582000 -2939.79 -4733.87 -1204.25
11583000 -2920.31 -4702.63 -1199.33
11584000 -2966.01 -4681.77 -1214.23
11585000 -2991.69 -4605.95 -1214.09
11586000 -2934.28 -4669.36 -1208.46
11587000 -2898.6 -4709.77 -1193.91
11588000 -2912.78 -4794.45 -1195.88
11589000 -2925.34 -4726.46 -1191.26
11590000 -2857.17 -4780.75 -1175.23
11591000 -2836.64 -4859.87 -1157.33
11592000 -2843 -4779.06 -1161.26
11593000 -2846.69 -4839.75 -1157.19
11594000 -2772.64 -4949.46 -1140.15
11595000 -2740.47 -4981.16 -1132.29
11596000 -2765.48 -4975.85 -1151.12
11597000 -2837.23 -4844.43 -1153.22
11598000 -2821.78 -4842.48 -1163.62
11599000 -2795.49 -4801.27 -1167.78
11600000 -2830.17 -4767.81 -1160.81
11601000 -2813.81 -4892.92 -1157.3
11602000 -2766.92 -4933.42 -1147.94
11603000 -2784.27 -4888.52 -1132.01
11604000 -2797.59 -4901.06 -1143
11605000 -2816.89 -4810.95 -1158.08
11606000 -2767.7 -4852.19 -1131.01
11607000 -2755.15 -4858.87 -1134.18
11608000 -2763.6 -4862.22 -1131.79
11609000 -2760.77 -4923.4 -1128.92
11610000 -2820.43 -4824.79 -1138.53
11611000 -2799.51 -4832.83 -1123.67
11612000 -2809.96 -4832.35 -1133.4
11613000 -2813.07 -4831.75 -1151.92
11614000 -2752.23 -4875.62 -1121.73
11615000 -2802.53 -4792.21 -1135.47
11616000 -2810.45 -4790.27 -1136.09
11617000 -2791.98 -4872.94 -1108.75
11618000 -2776.47 -4842.97 -1129.94
11619000 -2771.47 -4926.94 -1150.71
11620000 -2882.94 -4768.1 -1181.76
11621000 -2867.44 -4756.77 -1189.36
11622000 -2861.12 -4740.43 -1182.11
11623000 -2851.92 -4711.91 -1167.06
11624000 -2914.41 -4697.99 -1195.29
11625000 -2890.86 -4720.93 -1182.88
11626000 -2901.11 -4798.07 -1195.4
11627000 -2881.5 -4814.58 -1170.78
11628000 -2858.58 -4890.16 -1155.55
11629000 -2917.98 -4834.59 -1173.31
11630000 -2887.08 -4891.23 -1154.49
11631000 -2884.88 -4907.2 -1140.55
11632000 -2910.53 -4909.82 -1166.19
11633000 -2915.89 -4827.75 -1179.09
11634000 -2945.1 -4814.91 -1178.68
11635000 -2909.75 -4845.69 -1170.73
11636000 -2889.45 -4823.97 -1161.98
11637000 -2815.48 -4891.42 -1144.59
11638000 -2825.64 -4878.53 -1166.14
11639000 -2800.26 -4918.08 -1153.63
11640000 -2788.56 -4909.97 -1139.44
11641000 -2813.64 -4915.89 -1143.18
11642000 -2853.85 -4878.53 -1149.73
11643000 -2848.9 -4875.55 -1140.23
11644000 -2811.83 -4922.17 -1126.63
11645000 -2872.13 -4932.56 -1162.1
11646000 -2891.18 -4960.04 -1162.8
11647000 -2857.14 -4927.81 -1163.32
11648000 -2828.32 -4976.77 -1162.22
11649000 -2835.79 -4939.64 -1154.22
11650000 -2800.78 -4962.16 -1155.77
11651000 -2812.37 -4928.29 -1150.76
11652000 -2882.86 -4844.83 -1158.45
11653000 -2872.93 -4888.28 -1161.29
11654000 -2895.46 -4804.9 -1170.89
11655000 -2883.32 -4789.85 -1148.4
11656000 -2865.63 -4880.17 -1162.55
11657000 -2864.49 -4872.73 -1157.84
11658000 -2863.02 -4879.63 -1154.4
11659000 -2875.57 -4842.88 -1150.24
11660000 -2916.92 -4743.41 -1159.85
11661000 -2843.31 -4879.77 -1153.37
11662000 -2856.83 -4842.94 -1156.84
11663000 -2891.88 -4826.68 -1175.14
11664000 -2839.02 -4883.52 -1169.58
11665000 -2835.12 -4895.44 -1175.47
11666000 -2840.6 -4826.36 -1152.23
11667000 -2842.08 -4832.83 -1144.68
11668000 -2845.89 -4895.36 -1165.2
11669000 -2840.55 -4857.68 -1171.99
11670000 -2834.55 -4841.11 -1145.68
11671000 -2830.81 -4832.32 -1141.62
11672000 -2828.14 -4854.89 -1146.68
11673000 -2838.61 -4849.75 -1162.98
11674000 -2808.2 -4900.68 -1171.99
11675000 -2838.54 -4913.54 -1179.72
11676000 -2868.11 -4899.68 -1161.97
11677000 -2874.18 -4817.28 -1154.48
11678000 -2872.07 -4865.03 -1159.74
11679000 -2861.18 -4870.38 -1154.04
11680000 -2800.87 -4897.63 -1139.72
11681000 -2868.96 -4765.92 -1159.58
11682000 -2826.55 -4882.89 -1162.15
11683000 -2876.09 -4830.7 -1181
11684000 -2813.35 -4876.65 -1171.15
11685000 -2857.65 -4790.04 -1185.05
11686000 -2813.36 -4881.31 -1161.62
11687000 -2858.85 -4818.61 -1180.34
11688000 -2878.21 -4794.43 -1165.18
11689000 -2856.75 -4775.46 -1169.93
11690000 -2900.8 -4723.98 -1186.09
11691000 -2867.37 -4776.09 -1167.72
11692000 -2860.1 -4739.81 -1178.36
11693000 -2847.07 -4825.04 -1153.3
11694000 -2856.03 -4827.89 -1163.4
11695000 -2869.03 -4867.62 -1162.53
11696000 -2905.59 -4861.02 -1172.15
11697000 -2886.65 -4877.51 -1178.02
11698000 -2849.01 -4940.58 -1160.95
11699000 -2852.21 -4922.78 -1177.24
11700000 -2869.67 -4907.68 -1174.43
11701000 -2835.67 -4913.6 -1163.64
11702000 -2849.5 -4908.73 -1166.11
11703000 -2830.61 -4924.98 -1154.32
11704000 -2852.07 -4864.08 -1158.07
11705000 -2814.06 -4844.25 -1158.91
11706000 -2851.24 -4850.42 -1156.55
11707000 -2890.45 -4812.03 -1170.31
11708000 -2842.63 -4844.76 -1149.27
11709000 -2914.83 -4774.17 -1164.17
11710000 -2917.06 -4825.34 -1180.98
11711000 -2893.51 -4869.38 -1176.08
11712000 -2886.22 -4863.59 -1184.99
11713000 -2849.02 -4911.29 -1163.54
11714000 -2867.85 -4829.76 -1157.96
11715000 -2864.95 -4812.43 -1158.71
11716000 -2878.06 -4866.08 -1156.2
11717000 -2832.88 -4835.88 -1140.78
11718000 -2847.22 -4892.96 -1157.88
11719000 -2872.9 -4782.81 -1170.94
11720000 -2823.07 -4882.96 -1141.94
11721000 -2852.9 -4789.84 -1162.26
11722000 -2881.3 -4756.44 -1166.07
11723000 -2868.5 -4716.13 -1168.89
11724000 -2825.55 -4814.84 -1145.02
11725000 -2815.63 -4757.64 -1138.27
11726000 -2846.35 -4735.34 -1150.11
11727000 -2844.15 -4759.32 -1149.42
11728000 -2872.05 -4712.03 -1168.78
11729000 -2860.86 -4708.75 -1172.91
11730000 -2841.59 -4701.9 -1171.71
11731000 -2817.64 -4742.7 -1158.94
11732000 -2760.53 -4785.57 -1125.26
11733000 -2773.86 -4798.13 -1119.88
11734000 -2825.66 -4775.24 -1130.55
11735000 -2790.53 -4787.56 -1127.42
11736000 -2790.32 -4791.72 -1111.77
11737000 -2803.69 -4846.99 -1122.1
11738000 -2804.91 -4783.42 -1134.98
11739000 -2843.99 -4738.83 -1156.68
11740000 -2896.35 -4754.4 -1169.48
11741000 -2899.56 -4781 -1176.89
11742000 -2872.78 -4796.08 -1161.07
11743000 -2865.51 -4767.74 -1159.48
11744000 -2897.14 -4763.91 -1163.28
11745000 -2883.03 -4789.62 -1163.16
11746000 -2906.54 -4734.98 -1174.06
11747000 -2903.98 -4682.75 -1160.35
11748000 -2954.49 -4623.86 -1174.99
11749000 -2993.85 -4601.88 -1191.76
11750000 -2986.65 -4598.99 -1187.85
11751000 -2984.74 -4631.95 -1184.14
11752000 -2967.28 -4615.34 -1189.46
11753000 -2919 -4668.42 -1176.19
11754000 -2922.99 -4638.34 -1176.91
11755000 -2908.01 -4627.56 -1167.68
11756000 -2945.06 -4645.36 -1185.48
11757000 -2964.55 -4616.77 -1190.19
11758000 -2910.18 -4594.52 -1172.33
11759000 -2968.17 -4628.91 -1168.04
11760000 -2963.91 -4587.75 -1164.14
11761000 -2955.94 -4599.71 -1183.08
11762000 -2939.62 -4616.13 -1178.67
11763000 -2889.63 -4732.88 -1148.66
11764000 -2946.18 -4671.19 -1166.35
11765000 -2915.3 -4621.89 -1165.59
11766000 -2971.97 -4529.29 -1191.43
11767000 -2932.32 -4557.46 -1161.13
11768000 -2960.42 -4580.32 -1167.97
11769000 -2963.28 -4570.74 -1169.09
11770000 -2925.21 -4632.44 -1156.79
11771000 -2888.72 -4657.4 -1159.5
11772000 -2913.29 -4590.51 -1161.94
11773000 -2902.22 -4613.61 -1171.03
11774000 -2890.34 -4626.29 -1166.46
11775000 -2920.84 -4631.64 -1171.43
11776000 -2915.67 -4668.43 -1177.29
11777000 -2908.2 -4653.74 -1185.29
11778000 -2879.5 -4671.87 -1169.03
11779000 -2888.86 -4650.96 -1175.44
11780000 -2904.32 -4714.83 -1180.92
11781000 -2866.93 -4681.95 -1159.95
11782000 -2874.77 -4689.44 -1150.63
11783000 -2868.07 -4693.16 -1158.74
11784000 -2899.98 -4689.56 -1170.62
11785000 -2876.51 -4691.77 -1158.33
11786000 -2874.48 -4689.66 -1173.17
11787000 -2851.62 -4748.67 -1168.27
11788000 -2895.2 -4704.45 -1159.26
11789000 -2901.18 -4711.61 -1154.83
11790000 -2929.98 -4683.15 -1177.38
11791000 -2908.01 -4717.29 -1173.69
11792000 -2900.79 -4706.5 -1169.69
11793000 -2866.32 -4711.67 -1165.65
11794000 -2872.94 -4716.51 -1173.1
11795000 -2922.36 -4710.26 -1188.09
11796000 -2880.52 -4774.94 -1167.02
11797000 -2948.79 -4755.2 -1188.19
11798000 -2934.65 -4688.38 -1181.39
11799000 -2969.86 -4657.89 -1184.68
11800000 -2939.22 -4682.58 -1173.51
11801000 -2995.27 -4572.01 -1191.63
11802000 -2936.44 -4683.02 -1193.21
11803000 -2922.84 -4656.62 -1178.82
11804000 -2944.18 -4668.82 -1166.83
11805000 -2960.48 -4683.05 -1176.58
11806000 -2910.19 -4765.75 -1174.17
11807000 -2936.79 -4738.81 -1193.11
11808000 -2899.65 -4815.91 -1193.8
11809000 -2884.27 -4793.98 -1180.96
11810000 -2887.1 -4792.04 -1172.53
11811000 -2873.95 -4744.24 -1168.06
11812000 -2917.12 -4677.08 -1166.61
11813000 -2898.38 -4742.47 -1171.12
11814000 -2911.33 -4711.43 -1184.45
11815000 -2947.62 -4655.72 -1187.5
11816000 -2953.97 -4655.19 -1204.5
11817000 -2944.56 -4663.07 -1192.15
11818000 -2952.58 -4598.57 -1193.77
11819000 -3031.7 -4486.89 -1230.13
11820000 -2963.78 -4558.86 -1202.25
11821000 -2970.91 -4629.47 -1211.01
11822000 -2922.76 -4589.59 -1190.39
11823000 -2943.73 -4579.1 -1194.66
11824000 -2942.35 -4536.09 -1187.5
11825000 -2924.54 -4564.22 -1200.79
11826000 -2909.42 -4562.46 -1191.1
11827000 -2893.43 -4649.58 -1188
11828000 -2860.79 -4672.52 -1170.9
11829000 -2888.85 -4705.07 -1184.52
11830000 -2885.23 -4663.91 -1181.47
11831000 -2910.4 -4674.39 -1186
11832000 -2873.2 -4651.09 -1151.36
11833000 -2889.86 -4611.73 -1171.59
11834000 -2925.15 -4636.02 -1170.61
11835000 -2917.78 -4690.26 -1176.12
11836000 -2900.17 -4694.63 -1168.3
11837000 -2937.73 -4617.29 -1167.17
11838000 -2906.61 -4657.28 -1173.45
11839000 -2914.23 -4674.03 -1193.16
11840000 -2906.3 -4617.47 -1187.3
11841000 -2864.01 -4728.36 -1162.93
11842000 -2874.15 -4740.54 -1177.18
11843000 -2902.53 -4676.41 -1195.81
11844000 -2892.28 -4617.42 -1189.17
11845000 -2916.72 -4664.3 -1211.1
11846000 -2896.29 -4621.21 -1172.87
11847000 -2885.37 -4585.69 -1168.55
11848000 -2860.44 -4700.5 -1168.35
11849000 -2851.16 -4761.04 -1167.63
11850000 -2858.04 -4726.12 -1185.6
11851000 -2839.34 -4731.48 -1172.23
11852000 -2828.43 -4752.76 -1171.3
11853000 -2854.84 -4754.71 -1169.65
11854000 -2866.18 -4735.03 -1177.87
11855000 -2893.7 -4707.13 -1182.53
11856000 -2901.83 -4717.96 -1186.08
11857000 -2925.2 -4720.97 -1210.37
11858000 -2926.05 -4708.33 -1183.83
11859000 -2901.39 -4709.12 -1160.59
11860000 -2889.67 -4706.54 -1153.84
11861000 -2893.04 -4706 -1168.93
11862000 -2912.38 -4683.8 -1173.76
11863000 -2856.55 -4760.69 -1172.46
11864000 -2851.58 -4780.41 -1169.61
11865000 -2875.57 -4730.76 -1169.59
11866000 -2866.79 -4722.86 -1145.03
11867000 -2845.43 -4732.94 -1148.65
11868000 -2816.89 -4768.57 -1127.45
11869000 -2775.04 -4792.69 -1119.68
11870000 -2764.24 -4784.79 -1116.69
11871000 -2787.81 -4767.33 -1122.46
11872000 -2773.83 -4797.03 -1119.95
11873000 -2805.3 -4775.99 -1146.44
11874000 -2804.3 -4743.23 -1135.47
11875000 -2805.32 -4751.51 -1147.11
11876000 -2779.74 -4766.3 -1138.2
11877000 -2803.27 -4798.98 -1139.55
11878000 -2818.84 -4754.61 -1145.99
11879000 -2783.79 -4768.49 -1132.61
11880000 -2839.31 -4664.93 -1147.49
11881000 -2816.21 -4812.5 -1154.78
11882000 -2859.66 -4710.31 -1163.94
11883000 -2881 -4690.36 -1178.93
11884000 -2871.23 -4744.08 -1174.46
11885000 -2879.52 -4677.97 -1172.2
11886000 -2888.29 -4621.3 -1170.6
11887000 -2845.2 -4683.88 -1166.3
11888000 -2827.96 -4745.41 -1157.25
11889000 -2810.76 -4741.56 -1153.89
11890000 -2816.56 -4700.19 -1161.62
11891000 -2865.25 -4698.23 -1165.89
11892000 -2838.09 -4716 -1154.4
11893000 -2858.96 -4690.06 -1157.74
11894000 -2827.99 -4796.01 -1152.89
11895000 -2844.86 -4835.69 -1159.32
11896000 -2843.89 -4774.57 -1148.95
11897000 -2822.97 -4798.7 -1152.16
11898000 -2818.6 -4825.91 -1150.55
11899000 -2793.72 -4828.8 -1147
11900000 -2830.12 -4752.67 -1163.61
11901000 -2809.84 -4816.85 -1157.34
11902000 -2790.53 -4844.99 -1155.83
11903000 -2779.17 -4839.29 -1146.94
11904000 -2740.58 -4853.87 -1127.91
11905000 -2785.71 -4851.9 -1129.34
11906000 -2824.88 -4787.5 -1146.01
11907000 -2838.2 -4851.55 -1172.78
11908000 -2800.44 -4879.44 -1157.1
11909000 -2835.56 -4889.1 -1166.04
11910000 -2881.89 -4836.12 -1173.4
11911000 -2876 -4744.37 -1181.19
11912000 -2839.55 -4800.06 -1170.59
11913000 -2834.68 -4829.37 -1170
11914000 -2871.25 -4786.38 -1160.89
11915000 -2887.64 -4774.94 -1162.43
11916000 -2903.24 -4785.56 -1177.17
11917000 -2891.68 -4753.22 -1171.88
11918000 -2856.85 -4784.39 -1147.14
11919000 -2870.34 -4731.04 -1164.28
11920000 -2874.9 -4797.94 -1151.95
11921000 -2918.84 -4694.79 -1173.94
11922000 -2909.66 -4626.02 -1170.54
11923000 -2949.19 -4620.6 -1167.83
11924000 -2904.41 -4701.87 -1171
11925000 -2900.54 -4731.87 -1164.34
11926000 -2873.31 -4734.86 -1167.86
11927000 -2876.29 -4746.66 -1169.92
11928000 -2927.76 -4679.2 -1177.06
11929000 -2901.95 -4733.69 -1164.24
11930000 -2895.35 -4717.88 -1179.02
11931000 -2910.11 -4717.2 -1176.19
11932000 -2908.96 -4704.09 -1175.48
11933000 -2875.03 -4765.5 -1178.18
11934000 -2845.91 -4803.41 -1174.93
11935000 -2856.93 -4800.37 -1177.44
11936000 -2840.77 -4819.46 -1174.42
11937000 -2889.33 -4697.93 -1187.97
11938000 -2850.31 -4737.74 -1165.67
11939000 -2872.16 -4664.2 -1172.46
11940000 -2841.09 -4707.24 -1181.42
11941000 -2796 -4767.87 -1147.74
11942000 -2844.69 -4732.21 -1156.74
11943000 -2846.4 -4738.83 -1143.62
11944000 -2839.14 -4721.44 -1146.1
11945000 -2900.21 -4676.7 -1177.43
11946000 -2875.64 -4677.78 -1181.75
11947000 -2873.73 -4691.21 -1178.76
11948000 -2845.02 -4757.2 -1178.89
11949000 -2931.69 -4669.3 -1187.16
11950000 -2915.22 -4660.79 -1191.25
11951000 -2916.44 -4655.38 -1176.88
11952000 -2917.59 -4686.11 -1167.77
11953000 -2924.45 -4695.62 -1184.19
11954000 -2882.12 -4787.43 -1165.82
11955000 -2871.52 -4741.41 -1164.25
11956000 -2922.36 -4726.24 -1164.81
11957000 -2908.26 -4722.29 -1162
11958000 -2882.81 -4707.41 -1155.91
11959000 -2854.67 -4659.22 -1153.05
11960000 -2892.23 -4660.89 -1171.1
11961000 -2920.93 -4624.29 -1206.48
11962000 -2923.29 -4644.02 -1193.32
11963000 -2909.18 -4651.17 -1171.59
11964000 -2891.6 -4647.63 -1162.73
11965000 -2889.03 -4687.19 -1173.46
11966000 -2873.73 -4679.28 -1185.4
11967000 -2791.23 -4820.56 -1157.41
11968000 -2883.06 -4735.44 -1197.06
11969000 -2914.5 -4682.33 -1204.16
11970000 -2862.74 -4725.92 -1179.33
11971000 -2925.6 -4678.32 -1200.03
11972000 -2964.52 -4645 -1222.68
11973000 -2897.53 -4714.16 -1195.53
11974000 -2916.27 -4721.27 -1194.84
11975000 -2890 -4704.31 -1193.29
11976000 -2870.19 -4700.05 -1192.12
11977000 -2902.83 -4669.88 -1190.8
11978000 -2882.29 -4687.03 -1183.55
11979000 -2865.43 -4694.64 -1191.42
11980000 -2909.93 -4646.81 -1201.13
11981000 -2942.36 -4581.21 -1214.38
11982000 -2947.26 -4599.02 -1220.16
11983000 -2939.52 -4636.83 -1208.77
11984000 -2950.19 -4640.44 -1217.26
11985000 -2917.06 -4654.39 -1215.13
11986000 -2908.68 -4744.93 -1197.7
11987000 -2938.91 -4663.88 -1207.36
11988000 -2894.25 -4651.88 -1179.63
11989000 -2881.3 -4644.13 -1176.07
11990000 -2901.03 -4696.79 -1197.75
11991000 -2955.23 -4594.04 -1204.63
11992000 -2928.83 -4652.06 -1183.65
11993000 -2910.06 -4652.05 -1181.36
11994000 -2848.73 -4722.06 -1168.12
11995000 -2898 -4632.16 -1194.61
11996000 -2898.23 -4713.3 -1184.52
11997000 -2848.61 -4765.27 -1161.47
11998000 -2899.37 -4718.02 -1189.43
11999000 -2897.96 -4736.4 -1173.99
12000000 -2868.03 -4745.76 -1176.91
12001000 -2825.39 -4749.6 -1162.84
12002000 -2828.22 -4696.87 -1154.01
12003000 -2896.17 -4662.36 -1172.06
12004000 -2921.93 -4683.43 -1184.25
12005000 -2947.21 -4651.16 -1188.47
12006000 -2924.36 -4637.97 -1177.43
12007000 -2943.36 -4598.02 -1183.93
12008000 -2911.82 -4622.5 -1184.02
12009000 -2906.83 -4665.03 -1187.45
12010000 -2870.49 -4646.18 -1174.71
12011000 -2907.09 -4591.84 -1186.45
12012000 -2891.99 -4636.44 -1186.63
12013000 -2909.76 -4541.22 -1171.16
12014000 -2906.57 -4598.8 -1163.86
12015000 -2945.11 -4564.77 -1184.34
12016000 -2877.89 -4639.71 -1169.59
12017000 -2963 -4560.39 -1182.47
12018000 -2943.49 -4551.21 -1179.82
12019000 -2949.36 -4559.15 -1183.46
12020000 -2929.5 -4610.18 -1183.65
12021000 -2909.93 -4606.76 -1193.79
12022000 -2925.64 -4601.53 -1213.49
12023000 -2890.8 -4633.06 -1200.13
12024000 -2887.51 -4619.93 -1174.71
12025000 -2910.19 -4595.75 -1171.87
12026000 -2911.78 -4596.06 -1171.94
12027000 -2904.85 -4651.34 -1177.58
12028000 -2912.6 -4635.89 -1181.5
12029000 -2923.11 -4626.88 -1184.62
12030000 -2940.84 -4588.56 -1166.62
12031000 -2954.4 -4516.23 -1174.03
12032000 -2927.33 -4636.97 -1165.18
12033000 -2909.9 -4651.8 -1167.32
12034000 -2902.66 -4668.97 -1161.38
12035000 -2877.33 -4650.65 -1158.9
12036000 -2914.06 -4609.22 -1158.76
12037000 -2901.64 -4663.04 -1154.03
12038000 -2938.99 -4675.48 -1183.47
12039000 -2947.22 -4626.2 -1175.65
12040000 -2893.09 -4695.73 -1184.22
12041000 -2915.93 -4618.23 -1183.31
12042000 -2911.16 -4655.25 -1187.22
12043000 -2956.57 -4593.19 -1210.35
12044000 -2960.35 -4579.85 -1204.86
12045000 -2896.72 -4701.49 -1186.07
12046000 -2843.93 -4762.38 -1135.75
12047000 -2817.56 -4784.63 -1132.03
12048000 -2835.89 -4736.69 -1147.88
12049000 -2846.94 -4709.85 -1153.84
12050000 -2819.04 -4739.24 -1153.9
12051000 -2828.6 -4732.23 -1139.92
12052000 -2866.56 -4724.74 -1149.05
12053000 -2877.03 -4703.44 -1156.48
12054000 -2864.9 -4744.11 -1160.65
12055000 -2884.73 -4754.9 -1164.81
12056000 -2934.11 -4719.37 -1177.19
12057000 -2953.89 -4689.65 -1176.4
12058000 -2976.42 -4683.07 -1188.11
12059000 -2998.61 -4694.62 -1211.8
12060000 -2960.06 -4698.06 -1180.06
12061000 -2967.16 -4658.49 -1176.3
12062000 -2908.78 -4713.95 -1154.39
12063000 -2908.07 -4688.21 -1169.76
12064000 -2912.1 -4655.69 -1166.56
12065000 -2905.73 -4718.96 -1168.73
12066000 -2942.54 -4686.55 -1163.4
12067000 -2905.42 -4689.25 -1149.84
12068000 -2907.63 -4689.89 -1163.39
12069000 -2912.43 -4685.32 -1163.85
12070000 -2935.51 -4688.13 -1163.02
12071000 -2948.61 -4669.61 -1174.96
12072000 -2976.81 -4595.89 -1192.91
12073000 -3017.53 -4616.41 -1212.38
12074000 -2990.5 -4644.7 -1212.42
12075000 -2967.55 -4614.4 -1201.94
12076000 -2943.18 -4604.6 -1194.2
12077000 -2929.54 -4657.99 -1204.71
12078000 -2932.52 -4654.2 -1208.91
12079000 -2879.69 -4658.08 -1191.58
12080000 -2928.24 -4634.32 -1201.9
12081000 -2996.34 -4617.21 -1222.86
12082000 -3021.59 -4570.26 -1238.69
12083000 -3019.73 -4582.61 -1242.57
12084000 -2954.81 -4663.36 -1220.71
12085000 -2967.35 -4656.69 -1221.48
12086000 -2946.84 -4679.26 -1205.3
12087000 -2968.03 -4668 -1208.68
12088000 -3024.28 -4580.41 -1230.15
12089000 -2965.92 -4611.93 -1200.59
12090000 -2945.25 -4667.86 -1193.96
12091000 -2920.2 -4698.56 -1185.56
12092000 -2918.09 -4647.35 -1191.96
12093000 -2924.06 -4607.54 -1192.42
12094000 -2895.76 -4590.87 -1177.55
12095000 -2886.35 -4627.49 -1163.12
12096000 -2917.65 -4644.04 -1191.3
12097000 -2907.27 -4672.37 -1186
12098000 -2894.73 -4635.15 -1184.08
12099000 -2883.68 -4636.74 -1192.08
12100000 -2889.39 -4640.12 -1192.78
12101000 -2912.5 -4559.82 -1183.85
12102000 -2922.2 -4628.58 -1193.7
12103000 -2939.25 -4593.15 -1189.99
12104000 -2955.45 -4572.68 -1203.9
12105000 -2935 -4609.68 -1191.55
12106000 -2916.64 -4648.55 -1188.16
12107000 -2919.93 -4668.3 -1175.87
12108000 -2906.28 -4677.12 -1167.47
12109000 -2922.76 -4602.28 -1177.2
12110000 -2885.14 -4582.22 -1155.56
12111000 -2857.76 -4540.51 -1154.73
12112000 -2910.79 -4513.95 -1178.73
12113000 -2931.22 -4519.82 -1193.86
12114000 -2922.13 -4553.17 -1200.43
12115000 -2883.2 -4593.09 -1172.75
12116000 -2879.78 -4564.01 -1166.54
12117000 -2900.49 -4514.35 -1162.94
12118000 -2862.19 -4593.7 -1163.42
12119000 -2839.18 -4621.18 -1155.53
12120000 -2877.6 -4624.35 -1169.57
12121000 -2961.21 -4474.13 -1197.53
12122000 -2915.36 -4552.34 -1186.86
12123000 -2914.77 -4594.16 -1178.63
12124000 -2836.6 -4750.47 -1165.78
12125000 -2877.31 -4748.77 -1186.65
12126000 -2855.68 -4781.98 -1162.55
12127000 -2848.76 -4762.69 -1141.67
12128000 -2852.28 -4833.54 -1148.19
12129000 -2877.94 -4657.47 -1153.91
12130000 -2879.86 -4712.28 -1167.43
12131000 -2855.85 -4673.95 -1171.62
12132000 -2908.22 -4625.27 -1190.09
12133000 -2960.44 -4581.17 -1196.89
12134000 -2941.05 -4559.77 -1181.14
12135000 -2912.31 -4620.08 -1169.13
12136000 -2906.13 -4671.79 -1164.25
12137000 -2853.12 -4747.16 -1160.83
12138000 -2866.02 -4746.65 -1163.15
12139000 -2852.67 -4719.83 -1153.46
12140000 -2887.79 -4679.98 -1161.17
12141000 -2957.67 -4575.39 -1166.6
12142000 -2907.19 -4681.74 -1185.01
12143000 -2873.47 -4717.12 -1186.62
12144000 -2849.41 -4731.79 -1164.77
12145000 -2823.25 -4676.97 -1150.31
12146000 -2850.44 -4739.03 -1161.05
12147000 -2864.87 -4716.74 -1157.47
12148000 -2858.27 -4730.01 -1165.43
12149000 -2841.3 -4722.18 -1154.63
12150000 -2870.37 -4698.28 -1163.13
12151000 -2859.34 -4728.17 -1163.25
12152000 -2884 -4724.23 -1167.13
12153000 -2882.98 -4727.15 -1166.12
12154000 -2899.5 -4742.98 -1189.01
12155000 -2846.63 -4737.35 -1164.17
12156000 -2836.15 -4787.55 -1159.77
12157000 -2835.19 -4740.9 -1149.78
12158000 -2812.31 -4836.21 -1134.3
12159000 -2854.01 -4825.9 -1141.21
12160000 -2864.19 -4757.52 -1140.36
12161000 -2861.98 -4780.96 -1162.75
12162000 -2934.06 -4661.85 -1174.63
12163000 -2879.89 -4737.78 -1156.49
12164000 -2900.51 -4700.78 -1149.84
12165000 -2881.47 -4709.51 -1146.6
12166000 -2839.92 -4788.31 -1135.01
12167000 -2904.97 -4720.47 -1161.02
12168000 -2850.31 -4714.9 -1143.62
12169000 -2834.48 -4785.11 -1127.11
12170000 -2866.75 -4772.14 -1166.99
12171000 -2856.39 -4753.71 -1148.2
12172000 -2830.65 -4750.89 -1139.33
12173000 -2836.14 -4777.4 -1138.01
12174000 -2814.36 -4828.44 -1133.36
12175000 -2850.88 -4738.44 -1148.87
12176000 -2833.95 -4800.39 -1143.28
12177000 -2879.75 -4744.03 -1158.17
12178000 -2821.58 -4777.47 -1143.93
12179000 -2857.88 -4693.15 -1154.85
12180000 -2829.48 -4801.05 -1143.54
12181000 -2847.29 -4775.54 -1149.67
12182000 -2882.94 -4691.7 -1144.43
12183000 -2935.72 -4679.82 -1184.49
12184000 -2941.84 -4663.09 -1189.53
12185000 -3001 -4666.89 -1218.15
12186000 -2971.03 -4683.09 -1190.56
12187000 -2954.57 -4730.88 -1196.19
12188000 -2982.45 -4651.2 -1199.95
12189000 -2968.5 -4595.4 -1189.58
12190000 -2930.82 -4639.11 -1164.36
12191000 -2943.58 -4664.35 -1176.69
12192000 -2923.42 -4654.28 -1171.11
12193000 -2953.8 -4639.97 -1168.08
12194000 -2871.89 -4761.68 -1162.87
12195000 -2886.58 -4702.65 -1176.86
12196000 -2891.41 -4691.92 -1188.06
12197000 -2877.32 -4725.83 -1178.31
12198000 -2878.54 -4730.91 -1158.57
12199000 -2923.57 -4610.94 -1171.43
12200000 -2954.03 -4585.71 -1184.23
12201000 -2979.73 -4587.75 -1218.63
12202000 -2984.31 -4571.51 -1217.71
12203000 -2983.74 -4576.72 -1221.16
12204000 -2952.63 -4624.24 -1210.04
12205000 -2943.55 -4593.32 -1204.48
12206000 -2957.21 -4611.09 -1203.54
12207000 -2966.09 -4640.09 -1224.8
12208000 -2970.37 -4656.67 -1213.79
12209000 -2993.5 -4627.95 -1209.11
12210000 -2940.39 -4665.76 -1206.78
12211000 -2953.29 -4670.44 -1209.66
12212000 -3013.91 -4501.21 -1205.92
12213000 -2983.13 -4533.69 -1212.36
12214000 -2968.9 -4627.41 -1193.82
12215000 -2961.83 -4693.56 -1190.51
12216000 -3021.28 -4611.34 -1219.01
12217000 -3006.11 -4693.67 -1206.75
12218000 -3013.31 -4615.18 -1210.23
12219000 -3037.23 -4639.41 -1209.21
12220000 -3036.13 -4612.8 -1206.58
12221000 -3044.56 -4554.56 -1210.27
12222000 -2985.74 -4603.96 -1194.3
12223000 -2964.73 -4646.47 -1189.09
12224000 -2958.97 -4648.91 -1197.79
12225000 -2948.28 -4697.63 -1173.64
12226000 -2920.77 -4694.62 -1169.16
12227000 -2947.37 -4675.22 -1188.59
12228000 -2927.94 -4651 -1180.08
12229000 -2936.17 -4670.21 -1191.74
12230000 -2927.75 -4679.7 -1203.03
12231000 -2926.19 -4648.52 -1197.93
12232000 -2904.58 -4711.56 -1194.18
12233000 -2870.11 -4674.21 -1168.76
12234000 -2844.68 -4685.75 -1169.44
12235000 -2891.31 -4616.04 -1176.68
12236000 -2930.49 -4581.32 -1180.28
12237000 -2978.12 -4507.74 -1185.99
12238000 -2959.63 -4528.71 -1176.55
12239000 -2997.19 -4488.86 -1187.3
12240000 -3010.83 -4471.72 -1204.87
12241000 -3010.12 -4484.31 -1211.29
12242000 -3002.6 -4492.47 -1208.3
12243000 -2928.55 -4568.72 -1174.68
12244000 -2948.94 -4618.04 -1172.55
12245000 -2922.74 -4622.74 -1183.82
12246000 -2936.63 -4644.38 -1183.87
12247000 -2876.06 -4626.92 -1163.7
12248000 -2864.12 -4668.53 -1153.33
12249000 -2870.33 -4668.14 -1142.91
12250000 -2890.66 -4614.48 -1157.8
12251000 -2866.37 -4659.4 -1164.73
12252000 -2911.99 -4634.58 -1174.43
12253000 -2913.03 -4648.61 -1165.01
12254000 -2916.64 -4612.02 -1176.83
12255000 -2901.58 -4630.13 -1171.63
12256000 -2872.92 -4642.32 -1174.42
12257000 -2864.35 -4613.9 -1168.57
12258000 -2853.44 -4703.85 -1176.07
12259000 -2901.42 -4642.95 -1179.12
12260000 -2916.09 -4612.71 -1195.69
12261000 -2957.42 -4578.99 -1196.56
12262000 -2867.42 -4697.61 -1154.31
12263000 -2779.14 -4751.24 -1120.48
12264000 -2865.2 -4621.63 -1129.39
12265000 -2880.42 -4724.17 -1149.22
12266000 -2931.13 -4611.72 -1168.08
12267000 -2905.2 -4641.28 -1175.94
12268000 -2918.73 -4677.9 -1178.41
12269000 -2903.17 -4670.77 -1181.05
12270000 -2842.55 -4757.35 -1160.37
12271000 -2891.59 -4707.71 -1163.61
12272000 -2923.71 -4653.45 -1196.59
12273000 -2945.43 -4647.3 -1197.22
12274000 -2950.2 -4605.7 -1190.49
12275000 -2975.72 -4577.09 -1195.82
12276000 -2946.21 -4612.17 -1178.34
12277000 -2955.08 -4616.37 -1189.11
12278000 -2987.5 -4592.45 -1203.98
12279000 -2971.58 -4617.78 -1201.9
12280000 -2984.15 -4636.17 -1204.53
12281000 -2989.2 -4604.25 -1206.64
12282000 -2950.92 -4644.54 -1191.46
12283000 -2909.77 -4707.94 -1198.04
12284000 -2959.53 -4604.47 -1215.62
12285000 -2958.31 -4609.88 -1222.83
12286000 -2947.04 -4605.34 -1209.56
12287000 -2962.7 -4627.83 -1211.24
12288000 -2952.88 -4620.84 -1195.39
12289000 -2897.11 -4647.13 -1195.64
12290000 -2870.82 -4676.87 -1211.38
12291000 -2886.59 -4696.23 -1205.75
12292000 -2907.83 -4686.12 -1202.72
12293000 -2898.09 -4718.82 -1193.63
12294000 -2956.9 -4678.98 -1210.93
12295000 -2921.71 -4679.83 -1202.42
12296000 -2889.37 -4612.72 -1193.79
12297000 -2909.94 -4586.67 -1199.55
12298000 -2905.59 -4600.68 -1197.99
12299000 -2872.27 -4722.72 -1179.74
12300000 -2864.04 -4736.16 -1180.99
12301000 -2886.25 -4671.06 -1176.61
12302000 -2908.12 -4613.65 -1198.84
12303000 -2926.61 -4563.87 -1208.58
12304000 -2932.08 -4546.88 -1200.45
12305000 -2960.61 -4521.87 -1202.02
12306000 -2954.04 -4582.45 -1211.87
12307000 -2973.2 -4634.98 -1213.04
12308000 -2951.15 -4648.93 -1207.74
12309000 -2976.77 -4660.63 -1217.81
12310000 -2970.8 -4638.35 -1219.13
12311000 -2955.74 -4587.3 -1206.74
12312000 -2941.57 -4577.29 -1199.74
12313000 -2937.91 -4581 -1197.53
12314000 -2963.69 -4643.98 -1213.45
12315000 -2907.72 -4693.43 -1195.96
12316000 -2908.06 -4660.37 -1183.34
12317000 -2907.16 -4646.68 -1188.5
12318000 -2928.33 -4642.96 -1196.35
12319000 -2942.77 -4655.15 -1200.78
12320000 -2890.41 -4656.93 -1182.02
12321000 -2859.4 -4678.17 -1177.57
12322000 -2865.81 -4705.91 -1188.92
12323000 -2870.32 -4764.58 -1178.99
12324000 -2912.09 -4730.61 -1188.43
12325000 -2918.25 -4668.74 -1185.19
12326000 -2949.64 -4668.74 -1201.14
12327000 -2911.91 -4701.93 -1173.9
12328000 -2945.64 -4698.8 -1189.65
12329000 -2981.79 -4634.53 -1210.19
12330000 -2954.77 -4626.67 -1199.57
12331000 -2896.27 -4720.37 -1174.12
12332000 -2922.18 -4673.17 -1186.26
12333000 -2952.13 -4653.41 -1193.27
12334000 -2966.96 -4667.73 -1187.88
12335000 -2938.67 -4673.99 -1184.86
12336000 -2910.66 -4701.07 -1168.45
12337000 -2935.64 -4684.16 -1168.73
12338000 -2991.74 -4626.31 -1201.81
12339000 -2955.27 -4655.13 -1190.74
12340000 -2997.78 -4678.45 -1212.76
12341000 -2925.45 -4760.04 -1183.74
12342000 -2944.68 -4786.66 -1190.01
12343000 -2946.82 -4735.27 -1219.1
12344000 -2947.06 -4654.87 -1219.84
12345000 -2919.16 -4722.24 -1204.59
12346000 -2947.34 -4684.98 -1215.18
12347000 -2933.37 -4746.16 -1225.09
12348000 -2951.87 -4761.18 -1225.67
12349000 -2883.98 -4838.46 -1194.08
12350000 -2872.37 -4817.76 -1179.35
12351000 -2865.43 -4846.86 -1172.01
12352000 -2924.09 -4761.8 -1185.2
12353000 -2917.47 -4743.74 -1196.07
12354000 -2941.62 -4690.71 -1208.42
12355000 -2882.87 -4742.15 -1196.1
12356000 -2867.78 -4828.42 -1202.39
12357000 -2864.21 -4790.85 -1205.21
12358000 -2816.43 -4837.28 -1184.91
12359000 -2835.64 -4827.52 -1175.66
12360000 -2824.63 -4861.99 -1176.95
12361000 -2845.59 -4807.8 -1171.55
12362000 -2836.96 -4788.25 -1172.04
12363000 -2853.17 -4763.97 -1191.88
12364000 -2895.14 -4808.52 -1199.51
12365000 -2888.02 -4803.64 -1196.61
12366000 -2862.74 -4803.29 -1196.13
12367000 -2894.1 -4758.22 -1198.18
12368000 -2901.35 -4780.6 -1208.04
12369000 -2909.62 -4737.01 -1206.74
12370000 -2901.08 -4747.52 -1210.2
12371000 -2918.07 -4678.99 -1205.61
12372000 -2938.59 -4728.78 -1202.38
12373000 -2904.24 -4719.69 -1198.02
12374000 -2897.16 -4706.54 -1186.62
12375000 -2966.68 -4676.46 -1200.6
12376000 -2909.67 -4718.63 -1189.46
12377000 -2931.65 -4708.17 -1200.59
12378000 -2935.88 -4665.36 -1206.1
12379000 -2896.75 -4671.47 -1177.83
12380000 -2880.28 -4646.38 -1190.04
12381000 -2962.56 -4631.81 -1223.86
12382000 -2904.67 -4683.84 -1196.83
12383000 -2940.48 -4599.3 -1211.43
12384000 -2958.11 -4620.69 -1226.89
12385000 -2961.52 -4632.83 -1231.59
12386000 -2916.36 -4634.7 -1217.64
12387000 -2897.55 -4669.86 -1208.54
12388000 -2915.22 -4686.46 -1218.07
12389000 -2890.25 -4732.26 -1207.68
12390000 -2815.86 -4919.02 -1194.72
12391000 -2876.09 -4839.07 -1205.76
12392000 -2916.91 -4740 -1204.25
12393000 -2964.51 -4734.52 -1217.37
12394000 -2934 -4759.57 -1202.68
12395000 -2989.31 -4690.16 -1253.67
12396000 -2971.86 -4701.79 -1240.11
12397000 -3004.28 -4696.09 -1248.06
12398000 -2908.31 -4723.01 -1227.15
12399000 -2965.92 -4674.38 -1237.59
12400000 -2983.53 -4626.23 -1255.25
12401000 -2920.24 -4711.37 -1225.5
12402000 -2902.29 -4760.61 -1195.24
12403000 -2952.82 -4767.71 -1223.82
12404000 -2987.19 -4748.04 -1226.22
12405000 -3007.06 -4711.62 -1207.36
12406000 -3005.34 -4719.98 -1219.47
12407000 -2942.16 -4744.65 -1201.12
12408000 -2968.91 -4720.1 -1214.35
12409000 -2960.63 -4784.41 -1221.97
12410000 -2995.43 -4719.26 -1234.8
12411000 -2951.16 -4751.49 -1218.81
12412000 -2956.49 -4793.16 -1208.76
12413000 -2948.52 -4776.35 -1214.69
12414000 -3021.98 -4681.67 -1243.24
12415000 -3003.58 -4710.23 -1231.09
12416000 -2994.58 -4784.55 -1234
12417000 -2962.67 -4795.68 -1236.84
12418000 -3047.26 -4797.56 -1251.13
12419000 -3028.29 -4774.39 -1248.5
12420000 -3016.56 -4774.6 -1246.8
12421000 -2980.4 -4811.37 -1231.77
12422000 -2973.99 -4840.05 -1191.46
12423000 -2994.46 -4825.04 -1208.81
12424000 -2969.35 -4834.35 -1210.05
12425000 -2960.92 -4855.15 -1201.87
12426000 -2924.82 -4885.56 -1199.96
12427000 -2925.65 -4903.02 -1186.76
12428000 -2940.15 -4856.59 -1194.92
12429000 -2904.11 -4870.35 -1168.03
12430000 -2913.72 -4860.4 -1180.96
12431000 -2957.82 -4769.36 -1179.27
12432000 -2974.08 -4800.74 -1198.94
12433000 -2964.73 -4786 -1192.91
12434000 -2967.16 -4739.15 -1188.85
12435000 -2964.86 -4751.94 -1187.93
12436000 -2924.7 -4811.42 -1176.74
12437000 -2920.26 -4809.08 -1204.67
12438000 -2894.46 -4829.81 -1207.49
12439000 -2963.82 -4720.49 -1208.02
12440000 -2935.48 -4741.3 -1201.43
12441000 -2892.98 -4758.28 -1185.42
12442000 -2927.5 -4705.6 -1198.93
12443000 -2991.88 -4612.8 -1226.3
12444000 -2974.09 -4631.88 -1214.88
12445000 -2985.57 -4609.76 -1220.18
12446000 -2977.34 -4682.94 -1218.71
12447000 -2984.56 -4700.82 -1210.04
12448000 -2947.85 -4769.04 -1210.44
12449000 -2970.35 -4781.41 -1220.84
12450000 -2954.88 -4768.6 -1200.87
12451000 -2953.82 -4773.06 -1203.35
12452000 -2913.22 -4796.64 -1191.8
12453000 -2942.87 -4711.89 -1201.04
12454000 -2908.21 -4732.43 -1186.35
12455000 -2937.84 -4690.94 -1205.5
12456000 -2952.08 -4639.66 -1203.42
12457000 -2931.46 -4634.9 -1199.68
12458000 -2879.34 -4690.91 -1172.51
12459000 -2934.15 -4567.76 -1188.43
12460000 -2933.77 -4613.07 -1185.97
12461000 -2932.1 -4605.45 -1188.51
12462000 -2933.17 -4702.18 -1206.76
12463000 -3005.61 -4578.98 -1225.71
12464000 -2975.39 -4638.01 -1224.36
12465000 -2944.78 -4632.24 -1213.74
12466000 -2902 -4668.76 -1179.16
12467000 -2853.61 -4705.74 -1164.04
12468000 -2934.93 -4615 -1185.14
12469000 -2922.33 -4592.71 -1182.15
12470000 -2898.76 -4592.71 -1182.07
12471000 -2936.58 -4627.97 -1201.93
12472000 -2958.29 -4643.13 -1205.58
12473000 -2923.56 -4613.42 -1194.07
12474000 -2923.92 -4606.74 -1207.57
12475000 -2953.07 -4593.3 -1220.47
12476000 -2954.16 -4556.78 -1224.9
12477000 -2969.11 -4584.71 -1227.44
12478000 -2948.82 -4653.07 -1222.24
12479000 -2913.71 -4679.18 -1209.78
12480000 -2908.64 -4638.63 -1208.48
12481000 -2962.28 -4611.53 -1211.67
12482000 -2963.42 -4630.86 -1187.3
12483000 -3003.65 -4598.97 -1225.4
12484000 -2968.64 -4651.08 -1214.26
12485000 -2938.11 -4654.13 -1209.42
12486000 -2954.89 -4639.49 -1223.88
12487000 -2949.51 -4634.38 -1213.67
12488000 -2996.35 -4551.67 -1229.31
12489000 -3032.75 -4543.09 -1231.76
12490000 -3035.2 -4551.73 -1249.96
12491000 -3003.45 -4574.09 -1225.56
12492000 -2999.35 -4566.98 -1224.71
12493000 -2968.38 -4645.32 -1218.84
12494000 -2971.28 -4646.77 -1210.64
12495000 -3028 -4611.58 -1219.91
12496000 -2999.76 -4585.87 -1226.03
12497000 -2983.85 -4583.39 -1234.09
12498000 -2964.67 -4686.25 -1226.07
12499000 -2945.68 -4632.87 -1220.98
12500000 -3000.78 -4567.91 -1222.16
12501000 -3024.01 -4521.86 -1232.37
12502000 -3010.34 -4497.26 -1232.39
12503000 -2975.94 -4516.19 -1213.49
12504000 -2987.47 -4476.9 -1206.52
12505000 -2949.13 -4535.16 -1189.86
12506000 -2964.64 -4525.27 -1200.88
12507000 -2942.84 -4533.42 -1187.4
12508000 -2923.24 -4548.07 -1191.92
12509000 -2893.91 -4637.46 -1183.03
12510000 -2908.55 -4618.37 -1190.73
12511000 -2960.93 -4602.65 -1181.72
12512000 -2960.65 -4618.43 -1173.77
12513000 -2912.08 -4660.13 -1160.2
12514000 -2953.3 -4582.18 -1165.86
12515000 -2932.67 -4608.05 -1166.79
12516000 -2950.83 -4563.16 -1176.86
12517000 -2912.94 -4578.32 -1158.26
12518000 -2903.9 -4579.63 -1171.87
12519000 -2978.07 -4495.06 -1188.79
12520000 -2983.36 -4521.7 -1193.99
12521000 -2945.05 -4545.03 -1174.69
12522000 -2892.43 -4619.53 -1161.27
12523000 -2986.22 -4472.62 -1208.85
12524000 -2960.7 -4570.27 -1208.97
12525000 -2966.64 -4518.82 -1200.95
12526000 -2967.52 -4526.24 -1183.46
12527000 -2985.54 -4544.68 -1184.47
12528000 -2960.58 -4560.94 -1190.47
12529000 -2966.11 -4505.75 -1184.86
12530000 -2969.84 -4495.84 -1188.36
12531000 -2956.5 -4526.73 -1191.73
12532000 -2944.56 -4570.63 -1181.06
12533000 -2975.41 -4573.3 -1202.09
12534000 -2959.41 -4494.01 -1185.04
12535000 -2971.64 -4467.34 -1203.29
12536000 -2967.59 -4509.12 -1202.92
12537000 -2991.1 -4517.94 -1206.27
12538000 -3019.65 -4508.9 -1223.81
12539000 -2965.99 -4596.35 -1198.17
12540000 -2947.3 -4587.52 -1200.84
12541000 -2973.32 -4556.28 -1209.32
12542000 -3002.85 -4535.74 -1208.4
12543000 -2975.79 -4565.75 -1212.19
12544000 -2969.36 -4551.92 -1205.31
12545000 -2936.07 -4561.64 -1191.23
12546000 -2917.94 -4562.95 -1174.7
12547000 -2968.53 -4514.31 -1198.9
12548000 -2928.11 -4563.32 -1178.61
12549000 -2953.97 -4557.12 -1192.1
12550000 -2881.61 -4620.54 -1168.44
12551000 -2865.85 -4720.66 -1162.45
12552000 -2925.88 -4656.2 -1180.23
12553000 -2984.23 -4633.21 -1207.62
12554000 -3024.8 -4567.94 -1224.4
12555000 -3006.81 -4580.73 -1222.63
12556000 -2954.84 -4615.72 -1196.29
12557000 -2961.77 -4614.25 -1200.52
12558000 -3012.9 -4556.99 -1221.83
12559000 -2982.3 -4610.33 -1216.46
12560000 -2967.05 -4604.26 -1197.91
12561000 -2983.91 -4640.56 -1209.78
12562000 -2979.13 -4618.87 -1224.52
12563000 -3029.15 -4594.88 -1220.51
12564000 -2982.57 -4575.32 -1193.63
12565000 -2974.86 -4540.44 -1197.29
12566000 -2970.27 -4553.11 -1204.33
12567000 -2918.68 -4615.87 -1183.37
12568000 -2904.24 -4597.93 -1183.41
12569000 -2976.01 -4544.13 -1216.35
12570000 -2965.58 -4562.12 -1212.83
12571000 -2973.16 -4509.07 -1200.48
12572000 -2979.58 -4488.98 -1218.79
12573000 -2949.52 -4520.27 -1211.7
12574000 -3003.01 -4473.54 -1234.8
12575000 -3009.63 -4482.15 -1227.54
12576000 -3022.93 -4470.49 -1231.43
12577000 -3043.14 -4426.55 -1238.62
12578000 -3028.69 -4396.97 -1218.42
12579000 -2961.98 -4436.06 -1204.84
12580000 -3001.45 -4443.32 -1228.98
12581000 -2937.79 -4519.88 -1187.12
12582000 -2980.65 -4492.33 -1203.17
12583000 -2982.94 -4527.56 -1209.88
12584000 -3047.46 -4466.79 -1218
12585000 -2967.98 -4541.14 -1187.29
12586000 -2921 -4553.14 -1182.51
12587000 -2928.05 -4553.44 -1189.96
12588000 -2884.9 -4589.61 -1166.92
12589000 -2885.13 -4610.59 -1171.76
12590000 -2917.48 -4549.14 -1180.54
12591000 -2866.16 -4650 -1164.9
12592000 -2848.99 -4657.53 -1154.84
12593000 -2900.71 -4607.74 -1168.85
12594000 -2907.93 -4620.61 -1184.4
12595000 -2919.13 -4541.57 -1179.68
12596000 -2917.29 -4604.61 -1189.42
12597000 -2908.98 -4584.8 -1192.54
12598000 -2900.04 -4542.36 -1175.68
12599000 -2951.02 -4535.64 -1176.14
12600000 -2953.92 -4516.84 -1190.12
12601000 -2921.48 -4520.44 -1204.49
12602000 -2954.43 -4487.17 -1195.4
12603000 -2970.99 -4494.69 -1212.32
12604000 -2929.8 -4588.93 -1203.98
12605000 -2928.54 -4593.94 -1203.13
12606000 -2938.08 -4581.29 -1198
12607000 -2951.25 -4558.31 -1209.4
12608000 -2946.26 -4630.46 -1208.1
12609000 -2944.08 -4589.89 -1187.95
12610000 -2971.14 -4510.07 -1211.38
12611000 -2976.06 -4495.36 -1226.64
12612000 -2989.88 -4539.05 -1220.26
12613000 -3045.06 -4536.27 -1249.57
12614000 -3006.58 -4578.09 -1241.88
12615000 -2962.59 -4647.59 -1221.35
12616000 -2985.54 -4612.38 -1241.12
12617000 -3040.15 -4542.22 -1250.52
12618000 -3016.93 -4565.72 -1237.25
12619000 -3029.22 -4544.93 -1252.84
12620000 -2947.95 -4570.09 -1205.84
12621000 -2935.93 -4572.33 -1195.98
12622000 -2975.07 -4549.41 -1217.62
12623000 -2920.31 -4621.03 -1203.57
12624000 -2938.99 -4586.71 -1190.48
12625000 -2915.87 -4667.43 -1193.65
12626000 -2913.77 -4678.88 -1206.91
12627000 -3004.4 -4611.38 -1227.67
12628000 -2939.69 -4641.37 -1196.19
12629000 -2910.88 -4630.53 -1205.92
12630000 -2913.26 -4645.57 -1208.25
12631000 -2928.38 -4644.84 -1206.78
12632000 -2925.12 -4664.55 -1202.9
12633000 -2914.11 -4626.33 -1188.12
12634000 -2920.34 -4631.06 -1186.41
12635000 -2906.92 -4624.12 -1204.92
12636000 -2896.28 -4656.98 -1197.15
12637000 -2869.62 -4690.09 -1169.27
12638000 -2899.22 -4696.5 -1188.28
12639000 -2931.32 -4603.05 -1204.27
12640000 -2975.86 -4606.69 -1209.78
12641000 -2943.52 -4580.79 -1199.43
12642000 -2940.23 -4658.6 -1197.43
12643000 -2948.96 -4591.25 -1199.37
12644000 -2968.3 -4564.59 -1207.65
12645000 -2951.51 -4596.62 -1192.12
12646000 -2980.35 -4581.62 -1198.36
12647000 -2917.84 -4674.78 -1192.09
12648000 -2952.81 -4604.71 -1193.69
12649000 -2941.6 -4597.31 -1202.53
12650000 -3025.18 -4502.2 -1225.23
12651000 -3000.07 -4496.73 -1219.85
12652000 -2964.64 -4575.34 -1213.81
12653000 -2980.73 -4494.24 -1217.98
12654000 -2969.07 -4507.11 -1215.39
12655000 -2927.22 -4538.72 -1189.23
12656000 -2991.02 -4504.53 -1207.28
12657000 -3022 -4528.28 -1217.07
12658000 -2926.65 -4606.15 -1195.82
12659000 -2957.08 -4632.29 -1212.52
12660000 -3021.92 -4548.09 -1227.53
12661000 -3000.88 -4569.62 -1212.06
12662000 -3013.42 -4559.44 -1225.28
12663000 -2975.6 -4645.22 -1206.95
12664000 -2958.24 -4624.74 -1204.2
12665000 -2997.11 -4563.68 -1214.29
12666000 -2953.74 -4604.4 -1195.56
12667000 -2973.71 -4635.25 -1203.08
12668000 -2942.91 -4618.88 -1189.65
12669000 -3002.22 -4592.08 -1215.23
12670000 -2971.23 -4603.93 -1203.16
12671000 -2956.4 -4572.89 -1207.57
12672000 -2985.21 -4556.69 -1205.02
12673000 -3019.24 -4500.31 -1222.96
12674000 -2976.32 -4564.99 -1216.26
12675000 -2954.15 -4646.93 -1212.3
12676000 -3004.24 -4528.09 -1204.94
12677000 -3012.24 -4538.14 -1227.71
12678000 -3022.08 -4547.47 -1236.9
12679000 -3044.23 -4511.73 -1221.33
12680000 -3037.69 -4470.97 -1214.17
12681000 -3004.18 -4528.52 -1202.92
12682000 -2935.32 -4617.85 -1189.96
12683000 -2961.78 -4566.76 -1211.84
12684000 -2992.4 -4546.97 -1212.82
12685000 -3020.01 -4482.98 -1215.64
12686000 -2960.86 -4540.93 -1196.63
12687000 -2946.53 -4551.86 -1193.83
12688000 -3004.2 -4520.92 -1204.04
12689000 -3008.36 -4535.77 -1209.37
12690000 -2966.99 -4568.5 -1186.34
12691000 -2961.64 -4637.19 -1180.65
12692000 -3002.01 -4568.63 -1192.38
12693000 -3011.65 -4561.76 -1189.47
12694000 -3003.54 -4568.74 -1192.79
12695000 -2962.55 -4576.08 -1190.18
12696000 -3011.19 -4586.21 -1204.09
12697000 -3001.81 -4558.35 -1204.44
12698000 -3005.73 -4529.6 -1194.12
12699000 -3002.59 -4515.79 -1204.53
12700000 -2971.5 -4568.68 -1189.94
12701000 -2998.01 -4502.79 -1198.76
12702000 -2953.55 -4576.69 -1180.18
12703000 -2959.75 -4617.86 -1182.97
12704000 -2957.74 -4567.88 -1179.48
12705000 -3001.11 -4517.24 -1203.63
12706000 -2976.86 -4603.5 -1189.73
12707000 -2953.71 -4585.73 -1163.74
12708000 -2941.88 -4644.7 -1163.5
12709000 -2973.2 -4622.74 -1180.8
12710000 -2933.12 -4593.87 -1172.64
12711000 -2960.08 -4557.94 -1175.22
12712000 -2975.51 -4560.42 -1188.6
12713000 -2931.2 -4551.89 -1173.92
12714000 -2951.69 -4623.42 -1201.41
12715000 -2953.68 -4598.14 -1209.47
12716000 -2966.02 -4540.86 -1196.9
12717000 -2984.46 -4539.19 -1197.79
12718000 -3000.58 -4562.96 -1211.4
12719000 -2985.61 -4505.41 -1182.99
12720000 -2935.88 -4575.14 -1176.7
12721000 -2980.9 -4591.42 -1209.92
12722000 -2951.76 -4603 -1193.78
12723000 -2980.98 -4555.56 -1191.97
12724000 -2961.28 -4551.74 -1178.65
12725000 -2971.21 -4533.64 -1181.66
12726000 -3017.59 -4550.97 -1201.67
12727000 -2984.69 -4519.72 -1205.27
12728000 -3001.79 -4544.17 -1197.93
12729000 -2938.44 -4576.42 -1175.03
12730000 -2939.87 -4586.36 -1160.38
12731000 -2934 -4615.33 -1177.91
12732000 -2928.73 -4613.89 -1187.4
12733000 -2956.06 -4566.25 -1182.67
12734000 -2971.27 -4583.35 -1175.53
12735000 -2960.72 -4607.97 -1197.98
12736000 -2957.01 -4593.82 -1184.98
12737000 -3002.19 -4532.41 -1175
12738000 -2960.72 -4597.1 -1163.17
12739000 -2987.95 -4523.39 -1179.42
12740000 -2976.95 -4500.44 -1162.21
12741000 -2944.54 -4565.83 -1152.75
12742000 -2930.81 -4563.44 -1142.47
12743000 -2986.65 -4542.21 -1169.04
12744000 -3028.96 -4497.31 -1193.16
12745000 -2998.94 -4550.46 -1178.61
12746000 -3001.2 -4532.01 -1189.6
12747000 -3017.84 -4549.6 -1187.99
12748000 -3033.7 -4517.23 -1179.78
12749000 -3064.88 -4428.64 -1190.41
12750000 -2975.52 -4587.5 -1158.17
12751000 -3005.25 -4528.07 -1175.13
12752000 -2997.92 -4537.73 -1175.95
12753000 -3033.04 -4524.71 -1188.16
12754000 -3053.62 -4575.71 -1190.93
12755000 -3092.09 -4507.18 -1224.86
12756000 -3063.63 -4544.54 -1229.67
12757000 -3076.86 -4442.42 -1222.22
12758000 -3063.29 -4466.31 -1224.29
12759000 -3073.24 -4489.07 -1219.54
12760000 -3028.51 -4499.35 -1195.98
12761000 -3010.12 -4574.92 -1194.69
12762000 -3016.69 -4573.78 -1198.01
12763000 -3039.77 -4550.14 -1209.41
12764000 -3018.31 -4492.75 -1226.92
12765000 -2992.68 -4547.07 -1201.09
12766000 -3022.75 -4524.19 -1208.77
12767000 -2986.31 -4519.39 -1192.26
12768000 -2992.9 -4508.11 -1205.89
12769000 -2949.08 -4558.42 -1186.38
12770000 -2893.73 -4638.3 -1174.26
12771000 -2933.44 -4559.51 -1180.08
12772000 -3007.08 -4458.56 -1192.39
12773000 -2996.79 -4605.92 -1187.44
12774000 -3027.05 -4526.64 -1196.07
12775000 -3051.79 -4437.11 -1216.34
12776000 -3021.97 -4493.83 -1207.79
12777000 -3081.01 -4441.93 -1236.31
12778000 -3025.6 -4532.94 -1230.1
12779000 -3042.42 -4526.52 -1239.8
12780000 -3072.58 -4474.14 -1234.44
12781000 -3076.44 -4459.34 -1226.66
12782000 -3029.87 -4516.18 -1206.52
12783000 -3022.95 -4495.95 -1189.94
12784000 -3060.25 -4468.44 -1206.79
12785000 -3071.73 -4410.2 -1210.15
12786000 -3093.06 -4414.86 -1229.48
12787000 -3123.24 -4366.05 -1240.03
12788000 -3065.87 -4423.27 -1216.32
12789000 -2996.22 -4491.98 -1181.42
12790000 -3001.94 -4498.78 -1184.39
12791000 -2989.2 -4509.17 -1180.7
12792000 -3023.51 -4469.28 -1191.81
12793000 -2990.43 -4545.97 -1189.14
12794000 -3023.01 -4477.59 -1187.79
12795000 -3064.91 -4428.83 -1208.22
12796000 -2999.15 -4429.73 -1186.19
12797000 -3011.09 -4437.12 -1183.55
12798000 -3061.5 -4400.5 -1201.04
12799000 -3041.84 -4459.8 -1200.11
12800000 -3053.43 -4401.9 -1211.02
12801000 -3008.62 -4430.68 -1203.17
12802000 -2998.94 -4413.57 -1184.55
12803000 -3011.21 -4410.68 -1183.19
12804000 -2970.5 -4530.46 -1190.69
12805000 -2984.74 -4494.66 -1197.55
12806000 -2991.42 -4474.89 -1200.54
12807000 -3060.85 -4423.05 -1220.17
12808000 -3074.43 -4463.93 -1212.92
12809000 -3000.34 -4503.29 -1191.84
12810000 -2989.78 -4466.86 -1193.04
12811000 -2970.6 -4472.02 -1200.51
12812000 -2975.49 -4427.11 -1190.78
12813000 -2952.4 -4446.85 -1182.73
12814000 -2974.59 -4446.76 -1177.65
12815000 -3056.35 -4374.63 -1215.5
12816000 -3029.96 -4400.13 -1207.6
12817000 -3050.59 -4394.1 -1220.2
12818000 -3071.09 -4329.04 -1222.08
12819000 -3024.37 -4426.13 -1190.33
12820000 -3034.33 -4359.9 -1206.3
12821000 -3070.22 -4334.84 -1209.77
12822000 -3085.64 -4276.74 -1215.74
12823000 -3035.7 -4350.59 -1201.81
12824000 -3030.67 -4327.79 -1194.71
12825000 -3031.45 -4369.53 -1178.28
12826000 -3055.35 -4326.79 -1186.61
12827000 -3083.46 -4248.82 -1197.69
12828000 -3085.63 -4284.74 -1184.02
12829000 -3079.72 -4234.35 -1184.16
12830000 -3038.01 -4312.26 -1170.8
12831000 -3034.28 -4393.55 -1170.67
12832000 -3064.33 -4333.63 -1192.15
12833000 -3025.54 -4391.72 -1179.36
12834000 -3017.04 -4421.84 -1173.91
12835000 -3051.48 -4363.98 -1181.13
12836000 -3033.07 -4383.74 -1173.32
12837000 -2970.65 -4387.2 -1178.08
12838000 -3004.21 -4351.94 -1168.43
12839000 -3011.54 -4370.88 -1164.81
12840000 -2998.29 -4381.65 -1160.75
12841000 -2997.32 -4430.79 -1169.2
12842000 -3009.14 -4416.33 -1175.37
12843000 -3042.04 -4404.99 -1193.62
12844000 -2990.87 -4409.1 -1177.83
12845000 -3036.8 -4380.57 -1196.23
12846000 -3049.22 -4383.37 -1201.5
12847000 -3043.63 -4376.82 -1202.35
12848000 -3016.21 -4408.97 -1205.01
12849000 -3034.28 -4389.51 -1203.11
12850000 -3030.42 -4387.9 -1210.37
12851000 -3034.78 -4388.83 -1223.81
12852000 -3024.74 -4397.46 -1202.1
12853000 -3041.39 -4399.24 -1211.03
12854000 -2998.98 -4406.76 -1196.49
12855000 -3008.55 -4417.33 -1210.89
