# Time-averaged data for fix msd_out
# TimeStep c_msd_poly[1] c_msd_poly[2] c_msd_poly[3] c_msd_poly[4]
5009000 0.207708 0.231374 0.263494 0.702577
5010000 0.48724 0.45211 0.482119 1.42147
5011000 0.709698 0.671649 0.558174 1.93952
5012000 0.770292 0.760645 0.85082 2.38176
5013000 0.681845 0.912675 1.10103 2.69555
5014000 0.694285 1.15493 1.05981 2.90902
5015000 0.749718 1.1457 0.989051 2.88447
5016000 0.677323 1.16993 0.973342 2.8206
5017000 0.878065 1.22657 1.09582 3.20046
5018000 1.06569 1.10996 1.35593 3.53157
5019000 1.34272 1.08809 1.59676 4.02757
5020000 1.60852 1.16169 1.79128 4.56148
5021000 1.91847 1.33634 2.0048 5.2596
5022000 2.40396 1.66123 2.40606 6.47125
5023000 2.36999 1.93231 2.69445 6.99676
5024000 2.31354 1.98341 3.07213 7.36908
5025000 2.29652 1.69566 3.23421 7.22639
5026000 2.46936 1.84008 2.98407 7.29351
5027000 2.5079 1.82362 2.8281 7.15963
5028000 2.56214 1.52915 2.28291 6.3742
5029000 2.57697 1.47151 2.30499 6.35347
5030000 2.7453 1.63121 2.31169 6.6882
5031000 3.46213 1.6747 2.52681 7.66364
5032000 4.27382 1.77738 2.57164 8.62285
5033000 4.65158 1.8961 2.64689 9.19458
5034000 4.54991 2.26115 2.82314 9.6342
5035000 4.18428 2.35261 2.66438 9.20127
5036000 4.02593 2.64662 2.70893 9.38148
5037000 4.16404 2.16344 2.70664 9.03412
5038000 4.14618 2.49108 2.65323 9.29049
5039000 4.21682 2.64293 2.67446 9.53421
5040000 3.9804 2.69917 3.01122 9.69078
5041000 3.75239 2.84758 3.26349 9.86345
5042000 3.60716 2.94086 3.45351 10.0015
5043000 4.01477 2.78137 3.54429 10.3404
5044000 4.38913 2.71458 3.30916 10.4129
5045000 3.98491 3.23773 3.04588 10.2685
5046000 3.4307 3.49194 3.07869 10.0013
5047000 3.56779 3.63677 3.16524 10.3698
5048000 3.80129 3.5546 2.92549 10.2814
5049000 3.87445 3.47392 2.50044 9.84881
5050000 3.81032 2.86943 2.3813 9.06105
5051000 4.16117 2.75516 2.77099 9.68732
5052000 3.88026 3.06557 2.69471 9.64055
5053000 3.5787 2.78518 2.58083 8.94471
5054000 3.49973 2.81365 3.1075 9.42088
5055000 3.99009 2.83498 3.35968 10.1847
5056000 3.64341 3.02373 3.1106 9.77773
5057000 3.39748 3.16193 3.14716 9.70657
5058000 3.4388 3.05935 3.00252 9.50067
5059000 3.69297 3.47251 3.05657 10.2221
5060000 3.87716 3.22886 2.85846 9.96448
5061000 3.99891 3.41733 3.10846 10.5247
5062000 4.57801 3.20887 2.81341 10.6003
5063000 4.6898 2.85788 2.74462 10.2923
5064000 4.59671 3.20758 2.61779 10.4221
5065000 4.74099 3.30698 2.7727 10.8207
5066000 4.81394 3.51934 2.84312 11.1764
5067000 4.73997 4.25868 2.7762 11.7748
5068000 4.50638 4.27889 2.7234 11.5087
5069000 4.19261 4.12723 2.86403 11.1839
5070000 4.19474 3.55877 3.02486 10.7784
5071000 4.41629 3.34051 3.00351 10.7603
5072000 4.48283 3.78408 3.59169 11.8586
5073000 4.82494 4.10013 3.69547 12.6205
5074000 4.74028 4.16121 3.66465 12.5661
5075000 4.96309 3.56694 3.95151 12.4815
5076000 4.94184 3.57881 4.14742 12.6681
5077000 5.09853 3.9192 3.99313 13.0109
5078000 5.32254 3.91052 4.04601 13.2791
5079000 5.41609 4.33089 3.8912 13.6382
5080000 6.14846 4.46499 3.92511 14.5386
5081000 6.40542 4.29957 4.22774 14.9327
5082000 6.74779 4.07729 4.13804 14.9631
5083000 6.91862 4.7444 4.14787 15.8109
5084000 7.00116 5.38989 4.21207 16.6031
5085000 7.41064 5.47603 4.18316 17.0698
5086000 7.39329 5.16216 4.43923 16.9947
5087000 7.30878 5.19221 4.87294 17.3739
5088000 7.35547 5.17179 4.74299 17.2703
5089000 6.76522 5.23814 4.72194 16.7253
5090000 7.19056 5.66844 4.49251 17.3515
5091000 7.55196 5.99462 4.71642 18.263
5092000 7.64396 6.37262 4.46167 18.4782
5093000 8.06033 5.98883 4.94085 18.99
5094000 9.62803 6.16611 5.21965 21.0138
5095000 10.8777 6.50711 5.54016 22.925
5096000 11.1121 7.4285 6.11166 24.6523
5097000 11.4149 7.48051 5.54823 24.4437
5098000 10.9874 8.08812 5.58015 24.6556
5099000 10.2116 8.03327 5.14463 23.3894
5100000 9.43081 8.0181 4.87645 22.3254
5101000 9.55257 8.16876 5.43073 23.1521
5102000 9.34876 7.77536 5.39941 22.5235
5103000 9.55904 8.05369 5.66927 23.282
5104000 10.1317 8.42735 6.15783 24.7168
5105000 9.94803 7.82634 6.44874 24.2231
5106000 9.7073 8.08633 6.39264 24.1863
5107000 8.70608 7.99936 6.29902 23.0045
5108000 8.87946 7.54609 6.53862 22.9642
5109000 9.21567 7.22738 6.68417 23.1272
5110000 8.85404 7.57136 6.75661 23.182
5111000 8.24875 7.81079 6.23998 22.2995
5112000 7.95647 8.20762 6.19168 22.3558
5113000 7.6674 8.36746 6.07648 22.1113
5114000 7.71747 7.59671 6.08878 21.403
5115000 7.45716 7.15019 5.90694 20.5143
5116000 7.51353 7.22994 5.4 20.1435
5117000 8.14357 7.67491 5.51679 21.3353
5118000 8.51372 7.50021 5.36995 21.3839
5119000 8.89548 6.8922 5.44671 21.2344
5120000 9.42096 7.31981 5.64603 22.3868
5121000 9.89122 6.65981 6.12975 22.6808
5122000 10.2286 6.16369 6.42584 22.8181
5123000 11.1419 5.99381 6.48352 23.6192
5124000 11.6209 6.06535 6.53964 24.2259
5125000 11.3716 6.10205 6.28964 23.7633
5126000 11.4533 6.06933 6.38933 23.912
5127000 10.7541 6.25769 6.49689 23.5087
5128000 10.0232 6.53938 6.84306 23.4056
5129000 9.34649 6.12286 6.60319 22.0725
5130000 9.68553 6.09153 6.4383 22.2154
5131000 10.6013 6.18823 6.42621 23.2157
5132000 11.3116 5.85873 6.79422 23.9645
5133000 11.3222 6.05407 6.75697 24.1332
5134000 11.0598 6.22325 6.70562 23.9887
5135000 10.1379 6.22188 7.03859 23.3984
5136000 9.45665 6.17876 6.38943 22.0248
5137000 9.55161 6.60328 6.62298 22.7779
5138000 10.3702 6.91098 6.78601 24.0672
5139000 11.1621 6.67645 7.23891 25.0774
5140000 11.2733 6.92114 7.60966 25.8041
5141000 11.8382 6.75876 7.33054 25.9275
5142000 11.9555 6.90374 7.73164 26.5909
5143000 12.339 6.48428 8.12334 26.9466
5144000 12.0841 6.14548 7.82099 26.0506
5145000 11.951 6.39385 7.36206 25.7069
5146000 11.7063 6.42199 7.24512 25.3734
5147000 12.4602 6.61795 7.34236 26.4205
5148000 12.934 7.22909 7.45893 27.622
5149000 11.8887 7.31844 7.73411 26.9413
5150000 12.4704 6.72744 7.56358 26.7614
5151000 13.9784 6.44865 7.32594 27.753
5152000 14.485 6.33071 7.56376 28.3795
5153000 15.2886 6.44182 7.80387 29.5343
5154000 16.4643 5.96937 6.55227 28.9859
5155000 17.1389 5.64639 6.03088 28.8161
5156000 17.3943 6.07519 6.25436 29.7239
5157000 16.5985 5.83659 6.42305 28.8582
5158000 15.9083 6.61156 6.9246 29.4445
5159000 15.9707 6.37361 7.58931 29.9336
5160000 17.0223 6.41174 7.78195 31.216
5161000 17.9619 6.96722 7.83388 32.763
5162000 18.5727 7.21548 7.223 33.0112
5163000 19.3395 7.65431 7.3491 34.3429
5164000 19.4213 7.43334 7.20063 34.0553
5165000 19.9741 7.69611 7.70121 35.3715
5166000 19.536 7.89491 7.75195 35.1829
5167000 19.6908 8.3856 7.40397 35.4804
5168000 19.658 8.75455 7.70117 36.1137
5169000 19.2099 8.93548 7.94945 36.0948
5170000 20.0094 9.27085 8.03577 37.316
5171000 20.2197 9.18391 7.85892 37.2626
5172000 19.4509 10.0041 8.14025 37.5953
5173000 19.0375 9.50586 8.14636 36.6898
5174000 19.994 8.69154 8.61608 37.3016
5175000 19.9656 8.81827 8.36423 37.1481
5176000 20.2078 9.03208 8.31434 37.5542
5177000 20.9085 9.14398 8.60286 38.6553
5178000 20.9021 9.66689 8.9177 39.4867
5179000 22.2452 9.54081 8.68365 40.4696
5180000 22.3264 9.07564 9.03668 40.4387
5181000 23.262 8.91455 8.68079 40.8573
5182000 22.7013 8.95135 8.46694 40.1196
5183000 21.1209 9.58494 8.29005 38.9959
5184000 20.6895 10.0511 7.70411 38.4446
5185000 21.9212 9.69232 8.27893 39.8925
5186000 21.3706 10.0812 8.05626 39.5081
5187000 20.605 10.4925 8.44825 39.5457
5188000 19.5318 10.4328 8.5218 38.4865
5189000 18.5692 9.79607 8.2611 36.6264
5190000 18.7915 9.76333 7.71274 36.2676
5191000 18.642 9.76113 7.9486 36.3517
5192000 18.475 9.6692 7.25958 35.4038
5193000 18.9488 9.84566 7.14376 35.9382
5194000 19.7748 10.1408 7.87276 37.7884
5195000 20.0505 10.6641 8.24648 38.9611
5196000 21.4851 10.8951 8.94186 41.322
5197000 22.1244 11.4463 8.75104 42.3217
5198000 21.6392 11.3608 8.76058 41.7605
5199000 22.3634 11.2508 8.76209 42.3763
5200000 23.1307 11.4922 8.67687 43.2998
5201000 22.8332 11.6752 8.84442 43.3528
5202000 23.6139 10.9984 9.18844 43.8007
5203000 22.9991 10.7709 9.27916 43.0491
5204000 21.6366 9.99209 8.9586 40.5873
5205000 21.2864 9.37773 8.44243 39.1065
5206000 20.5545 9.484 8.25354 38.292
5207000 20.0199 9.99481 8.08345 38.0982
5208000 19.6238 10.271 7.49379 37.3886
5209000 19.9202 11.1026 7.46875 38.4915
5210000 20.3006 10.5837 7.40571 38.29
5211000 20.5326 10.9882 6.95044 38.4712
5212000 21.7639 11.5541 7.12775 40.4457
5213000 23.0083 11.4794 7.11974 41.6074
5214000 22.9574 11.3333 7.67664 41.9673
5215000 23.8101 11.6874 7.36941 42.8669
5216000 23.8119 13.3094 7.18904 44.3103
5217000 23.933 13.1209 7.12674 44.1806
5218000 23.024 13.3639 7.69087 44.0788
5219000 22.1404 13.2255 7.71497 43.0809
5220000 21.9228 12.8037 7.40206 42.1286
5221000 21.3422 11.9983 7.10938 40.4499
5222000 20.9368 12.6708 6.69913 40.3068
5223000 20.9346 12.6389 6.34649 39.92
5224000 22.0953 13.3766 6.31358 41.7854
5225000 22.3619 13.7753 6.40686 42.5441
5226000 22.3421 13.2065 6.48779 42.0364
5227000 22.4941 13.6606 6.54183 42.6966
5228000 21.6389 14.2285 6.94947 42.8169
5229000 20.0527 14.7217 6.4861 41.2606
5230000 19.7153 14.9465 6.29762 40.9594
5231000 20.2663 15.2228 6.01842 41.5076
5232000 19.5977 16.2221 5.87022 41.69
5233000 19.813 16.4313 6.21398 42.4583
5234000 19.3887 16.5755 6.21718 42.1815
5235000 19.4199 15.5709 6.24483 41.2357
5236000 19.2131 15.2258 6.19149 40.6304
5237000 19.2467 15.7107 5.90772 40.8652
5238000 19.8888 16.0453 6.53433 42.4684
5239000 18.9958 15.5792 6.69586 41.2709
5240000 19.5314 15.3218 6.89984 41.753
5241000 19.635 15.6092 6.93096 42.1752
5242000 20.2021 14.8259 6.69899 41.727
5243000 20.9959 14.5008 6.5422 42.0389
5244000 20.8064 15.3256 6.55464 42.6866
5245000 21.9224 15.6335 6.86083 44.4167
5246000 21.6281 16.1197 6.47229 44.22
5247000 21.548 16.6246 6.08869 44.2613
5248000 21.9269 16.4366 6.6541 45.0177
5249000 21.0793 17.0956 6.38902 44.5639
5250000 20.7482 17.4262 6.02062 44.1951
5251000 20.8764 16.8584 5.99173 43.7265
5252000 20.7096 16.3821 5.51074 42.6025
5253000 20.799 17.5646 5.86532 44.229
5254000 21.7573 18.4189 5.99102 46.1672
5255000 22.1358 18.1559 5.84143 46.1331
5256000 23.5566 18.1794 5.84371 47.5797
5257000 23.1611 17.4532 6.25477 46.869
5258000 22.9238 16.5545 6.26277 45.7411
5259000 24.4996 15.8945 6.30126 46.6954
5260000 27.1109 15.3971 6.85348 49.3615
5261000 28.2293 14.6068 6.63138 49.4675
5262000 26.8791 14.158 6.66359 47.7006
5263000 26.6316 14.9557 6.90259 48.4898
5264000 26.8151 14.5295 6.67038 48.015
5265000 28.6317 14.5743 6.38291 49.5889
5266000 28.0499 14.5384 6.54951 49.1378
5267000 28.9645 13.9885 6.70667 49.6597
5268000 27.7986 14.2942 6.70897 48.8017
5269000 26.6461 15.0271 6.71956 48.3928
5270000 26.2826 15.9777 7.05883 49.3191
5271000 27.4515 15.5815 7.30609 50.3391
5272000 28.1829 15.7072 7.32914 51.2192
5273000 26.9278 15.2171 8.02238 50.1673
5274000 27.5022 15.5293 7.52412 50.5557
5275000 27.4787 14.9984 7.76672 50.2438
5276000 28.1062 15.1249 7.83396 51.0651
5277000 27.3749 15.1917 7.60414 50.1707
5278000 25.6924 16.1822 6.96185 48.8364
5279000 23.5475 16.7774 6.81132 47.1363
5280000 22.34 17.0526 7.06176 46.4543
5281000 21.2903 17.0897 7.62173 46.0017
5282000 21.0515 15.5833 7.70709 44.3419
5283000 21.4016 15.4081 7.78076 44.5904
5284000 21.8108 15.3231 8.10694 45.2408
5285000 21.496 15.4207 8.12945 45.0461
5286000 21.4038 15.7007 8.07249 45.177
5287000 22.5441 16.2745 8.85338 47.672
5288000 22.8049 15.85 8.69971 47.3547
5289000 22.8794 15.5992 8.64215 47.1207
5290000 22.9177 15.6443 9.19192 47.7539
5291000 23.5092 15.4406 8.98965 47.9394
5292000 24.3833 15.1499 9.05284 48.586
5293000 24.8359 14.9903 8.50304 48.3292
5294000 25.1485 14.5158 8.32924 47.9936
5295000 23.8579 15.0142 8.5107 47.3828
5296000 23.6307 15.9079 9.00796 48.5466
5297000 23.578 16.0011 9.11549 48.6946
5298000 23.5035 16.0553 9.68972 49.2485
5299000 23.6508 15.8765 9.85537 49.3826
5300000 23.8135 17.1419 10.0435 50.9989
5301000 24.0135 17.4203 9.43068 50.8645
5302000 24.6351 17.8512 8.765 51.2513
5303000 25.4772 16.773 9.51285 51.763
5304000 27.4333 17.6989 9.93938 55.0716
5305000 27.0942 17.8489 9.26112 54.2043
5306000 26.1171 18.2031 9.79078 54.1109
5307000 25.9283 18.7511 10.1405 54.8199
5308000 28.0142 19.5994 10.2788 57.8925
5309000 27.3729 20.1482 9.48242 57.0035
5310000 25.8009 19.7928 9.3858 54.9795
5311000 25.8039 18.7491 8.97909 53.5322
5312000 26.9956 18.0513 8.42722 53.4741
5313000 28.6583 18.4536 7.94042 55.0523
5314000 29.2037 18.2699 8.22938 55.703
5315000 28.5456 18.9716 8.46201 55.9792
5316000 28.4687 19.1773 8.05163 55.6977
5317000 28.3112 19.4821 8.15746 55.9508
5318000 28.3395 20.0337 8.4606 56.8338
5319000 28.3881 19.42 9.28756 57.0956
5320000 26.8834 20.8271 8.74515 56.4557
5321000 27.322 22.1341 8.15368 57.6098
5322000 28.1976 22.3876 8.43308 59.0182
5323000 29.5434 21.9243 8.51573 59.9834
5324000 30.5071 21.5881 9.00309 61.0983
5325000 30.9071 21.641 9.06475 61.6129
5326000 31.0031 21.1061 9.18511 61.2943
5327000 31.4339 20.9558 9.37948 61.7692
5328000 29.9179 21.6033 9.05474 60.5759
5329000 29.9332 21.2983 8.89269 60.1242
5330000 31.3059 22.5032 8.60031 62.4095
5331000 31.1607 22.2558 9.17043 62.587
5332000 30.7767 22.7002 9.32929 62.8061
5333000 31.1113 23.6444 9.62766 64.3833
5334000 30.3809 23.2208 9.63404 63.2357
5335000 30.402 22.3865 9.81814 62.6066
5336000 29.1184 22.3398 10.1162 61.5745
5337000 28.016 23.4315 10.5832 62.0308
5338000 26.6111 23.7285 11.1688 61.5084
5339000 27.4181 23.8351 11.4407 62.6939
5340000 28.223 23.9423 10.8602 63.0256
5341000 29.5955 24.4961 11.1074 65.199
5342000 31.7692 25.0641 10.8434 67.6766
5343000 31.049 23.6392 10.642 65.3302
5344000 31.4711 22.6964 10.5227 64.6902
5345000 32.213 21.5483 9.67271 63.434
5346000 32.4839 21.4849 9.24379 63.2126
5347000 32.0336 21.4232 9.45027 62.907
5348000 32.4876 21.7261 9.98932 64.203
5349000 32.1873 21.9966 10.3341 64.5179
5350000 33.1147 21.7755 10.1519 65.0421
5351000 32.3075 22.603 10.1212 65.0318
5352000 32.3222 23.3378 10.5381 66.1981
5353000 30.9052 24.2651 10.3205 65.4908
5354000 30.433 24.0129 9.91971 64.3656
5355000 29.3371 24.7102 9.62236 63.6697
5356000 30.0012 24.452 9.23952 63.6928
5357000 30.0017 24.4053 9.0784 63.4854
5358000 30.5815 24.3772 10.1622 65.1209
5359000 31.611 24.0833 10.1194 65.8136
5360000 31.6783 23.7523 9.96156 65.3921
5361000 30.7874 23.4917 10.1606 64.4396
5362000 30.2965 23.2673 10.5394 64.1031
5363000 29.0928 23.5576 10.1795 62.8299
5364000 28.2415 24.2988 10.1072 62.6475
5365000 29.3033 24.062 9.64707 63.0124
5366000 28.7786 24.8917 9.89973 63.57
5367000 27.1357 24.5278 9.46266 61.1262
5368000 25.7314 24.7222 9.77588 60.2295
5369000 26.1607 24.2845 10.3431 60.7883
5370000 27.0969 23.3707 10.3455 60.8131
5371000 29.3751 23.5556 10.4496 63.3802
5372000 30.0711 23.1032 10.8396 64.0139
5373000 30.0533 22.5088 11.3736 63.9356
5374000 30.8364 22.1536 11.5258 64.5158
5375000 31.4918 22.068 11.2558 64.8157
5376000 29.9724 21.6072 11.2142 62.7939
5377000 29.2291 20.6191 11.1945 61.0427
5378000 30.4364 20.3402 11.8205 62.5971
5379000 31.4769 20.9472 11.8007 64.2248
5380000 31.6873 21.3826 11.2374 64.3073
5381000 32.2718 21.2436 11.5491 65.0644
5382000 32.0088 22.0675 11.7021 65.7783
5383000 32.2706 22.4885 11.6454 66.4045
5384000 31.8666 20.846 11.0909 63.8035
5385000 31.6981 21.3459 10.9491 63.9931
5386000 31.0886 21.5289 11.6287 64.2462
5387000 29.297 21.0055 12.2165 62.519
5388000 29.7556 20.9175 13.0321 63.7052
5389000 29.3564 20.4984 12.032 61.8868
5390000 29.0692 20.2832 12.0339 61.3863
5391000 28.1854 19.0463 12.1646 59.3964
5392000 28.855 19.1043 11.713 59.6723
5393000 28.6318 18.642 12.1284 59.4022
5394000 29.454 17.3939 12.6481 59.4959
5395000 29.0497 16.6359 12.2259 57.9116
5396000 29.3684 15.6679 12.7634 57.7997
5397000 30.8337 15.0593 13.4106 59.3035
5398000 31.4536 14.5029 14.5833 60.5398
5399000 30.9183 13.9368 14.8187 59.6739
5400000 30.0743 13.9165 14.8636 58.8545
5401000 28.7156 13.8831 14.5248 57.1234
5402000 28.895 12.6801 14.1785 55.7536
5403000 28.5104 12.6522 13.9661 55.1287
5404000 29.2219 13.2921 14.3151 56.829
5405000 29.7332 13.5055 14.2391 57.4777
5406000 29.2473 12.6777 13.7173 55.6423
5407000 29.0637 13.1809 13.7434 55.988
5408000 28.8064 13.089 12.948 54.8434
5409000 28.4631 12.6736 11.8492 52.9859
5410000 28.5155 13.5001 12.2381 54.2537
5411000 28.9045 13.2515 13.2168 55.3728
5412000 29.1238 13.1832 13.9715 56.2785
5413000 28.5141 13.2278 13.4891 55.231
5414000 29.4337 13.43 13.9845 56.8482
5415000 29.5312 12.9719 14.4914 56.9944
5416000 28.8841 12.5851 14.2301 55.6993
5417000 27.7964 12.4376 13.7285 53.9625
5418000 28.2654 12.5395 14.7 55.5049
5419000 28.9207 11.7139 15.2982 55.9328
5420000 27.9116 11.4619 14.6744 54.0479
5421000 26.8335 12.2904 13.5363 52.6602
5422000 26.6615 12.7053 13.7177 53.0844
5423000 25.4347 12.5345 13.7633 51.7326
5424000 26.432 12.3523 13.5138 52.2981
5425000 26.5064 11.8526 12.7838 51.1428
5426000 27.1854 12.0969 12.4639 51.7462
5427000 26.5417 12.0374 12.0845 50.6636
5428000 25.3818 12.1569 11.6589 49.1976
5429000 24.1425 12.9792 12.1134 49.235
5430000 23.684 13.6054 12.7993 50.0888
5431000 23.3734 14.2305 13.6575 51.2614
5432000 24.5948 13.6161 14.0421 52.2531
5433000 25.7106 13.0694 14.3177 53.0977
5434000 26.0857 13.474 13.6348 53.1945
5435000 26.3885 13.5762 12.7167 52.6814
5436000 26.3065 14.0077 12.776 53.0903
5437000 26.4697 13.7024 12.1443 52.3164
5438000 26.5979 13.9872 12.4351 53.0202
5439000 26.9359 13.7601 13.1387 53.8347
5440000 26.6036 13.6422 13.3188 53.5645
5441000 25.4739 13.409 13.6617 52.5446
5442000 26.0537 13.3388 14.5499 53.9424
5443000 26.0124 13.8501 14.5244 54.387
5444000 26.2767 14.279 14.6878 55.2436
5445000 27.08 14.887 14.9907 56.9576
5446000 26.7302 14.4502 15.6328 56.8131
5447000 26.6934 14.4321 14.956 56.0815
5448000 26.299 14.7673 14.8861 55.9523
5449000 25.8384 15.0479 14.2751 55.1614
5450000 25.49 14.6334 14.1918 54.3152
5451000 26.172 15.1274 14.642 55.9414
5452000 27.1499 16.1725 14.967 58.2895
5453000 27.5037 16.9879 14.8173 59.3089
5454000 27.9309 16.7223 14.8578 59.511
5455000 27.1391 16.6154 14.5759 58.3303
5456000 27.4466 17.1699 14.3797 58.9963
5457000 26.6265 18.0181 14.5381 59.1828
5458000 26.8608 17.6232 14.5819 59.0659
5459000 26.9694 17.6347 14.2152 58.8193
5460000 26.3427 17.7749 14.7202 58.8377
5461000 26.8804 17.9088 14.9907 59.7799
5462000 27.584 16.6074 15.3199 59.5114
5463000 27.9986 16.1446 15.0597 59.2029
5464000 27.9025 16.4647 14.1713 58.5384
5465000 28.1847 16.949 14.2139 59.3476
5466000 28.7591 17.4433 13.4734 59.6758
5467000 29.5799 18.0779 13.17 60.8278
5468000 28.8971 18.0445 12.3873 59.3289
5469000 28.2011 17.485 12.0564 57.7425
5470000 27.1562 16.7318 11.3921 55.2801
5471000 25.6117 16.3791 11.7462 53.7371
5472000 24.5015 15.9728 11.6807 52.155
5473000 25.6401 15.4964 11.4441 52.5805
5474000 25.5826 16.0999 11.1255 52.8079
5475000 25.1552 15.9261 11.1737 52.255
5476000 25.0601 16.0084 9.89724 50.9658
5477000 25.332 16.5142 9.74714 51.5934
5478000 25.4444 16.5762 9.49328 51.5139
5479000 24.7865 17.1507 9.62904 51.5662
5480000 24.1345 17.6321 9.65621 51.4228
5481000 23.658 17.4806 9.90051 51.0391
5482000 23.8818 17.9231 9.99143 51.7964
5483000 24.8226 17.8444 9.93635 52.6034
5484000 26.3465 17.8811 9.2033 53.4308
5485000 26.0121 17.9693 9.44407 53.4255
5486000 25.4845 18.0712 9.70403 53.2597
5487000 25.3572 18.2896 9.84064 53.4874
5488000 25.6099 19.0281 9.77303 54.411
5489000 26.6144 18.6134 9.49567 54.7234
5490000 27.4343 18.5556 9.50712 55.4971
5491000 27.4096 18.5684 9.74072 55.7187
5492000 26.6283 18.9322 9.50291 55.0633
5493000 26.1692 19.0982 9.92772 55.1951
5494000 26.1677 19.2678 10.6697 56.1052
5495000 25.8162 19.1226 10.5679 55.5067
5496000 25.5186 18.3833 10.2864 54.1883
5497000 25.4541 17.9858 10.1706 53.6105
5498000 25.5622 19.0298 9.69381 54.2858
5499000 25.8589 19.0833 9.58874 54.5309
5500000 26.5912 19.3483 9.51506 55.4545
5501000 27.8758 20.0276 9.39914 57.3025
5502000 28.1239 19.0225 9.7391 56.8855
5503000 28.4471 19.7219 9.61449 57.7835
5504000 28.0751 20.1566 9.01978 57.2515
5505000 27.6877 19.62 9.04227 56.3499
5506000 28.261 19.88 9.34564 57.4866
5507000 28.7883 19.8 9.82675 58.4151
5508000 29.3781 19.6267 10.1697 59.1745
5509000 27.5261 20.0224 10.0878 57.6364
5510000 27.1566 19.9078 9.68698 56.7514
5511000 26.7884 19.7796 9.03526 55.6032
5512000 26.7014 18.8707 9.43949 55.0116
5513000 27.6534 19.5269 9.46619 56.6465
5514000 27.2772 19.8446 9.20526 56.327
5515000 28.7528 20.2193 8.97686 57.949
5516000 30.1215 20.2673 8.56819 58.9569
5517000 30.4063 21.1092 8.40066 59.9162
5518000 30.2983 20.919 7.99195 59.2092
5519000 30.8092 20.2687 8.32339 59.4013
5520000 29.948 20.4714 8.29478 58.7142
5521000 29.3674 19.6764 8.71104 57.7548
5522000 29.5705 19.2381 9.32437 58.133
5523000 28.7665 18.8499 9.41116 57.0276
5524000 27.8932 18.9437 9.7416 56.5784
5525000 27.9365 18.6656 9.49704 56.0991
5526000 28.2648 18.5687 8.97303 55.8065
5527000 28.0895 18.4483 8.70827 55.2461
5528000 29.3206 17.7099 8.51803 55.5485
5529000 29.7263 17.4092 8.89291 56.0284
5530000 29.3602 18.6431 8.82021 56.8236
5531000 29.3726 19.2447 8.98415 57.6014
5532000 29.8836 19.1757 9.11978 58.179
5533000 30.7407 19.8167 9.40723 59.9646
5534000 31.1729 19.393 9.18341 59.7493
5535000 30.5418 19.2946 9.10685 58.9432
5536000 31.3421 18.0276 9.02911 58.3988
5537000 30.6644 18.0185 9.49807 58.1809
5538000 30.765 18.6598 9.59633 59.0212
5539000 31.2086 18.1331 9.6264 58.9681
5540000 30.8599 18.7603 9.06393 58.6841
5541000 29.6339 18.6114 9.49277 57.738
5542000 30.3295 18.4555 9.87955 58.6645
5543000 30.27 18.6945 9.58441 58.5489
5544000 29.2024 18.6 8.89016 56.6925
5545000 27.9872 18.8188 8.23411 55.0401
5546000 26.5992 18.3258 8.12156 53.0466
5547000 26.456 18.0771 8.43231 52.9654
5548000 26.2023 18.6823 8.72451 53.6091
5549000 27.2301 18.8078 8.90762 54.9456
5550000 27.3841 18.1227 8.55362 54.0604
5551000 27.7596 17.5814 8.91238 54.2534
5552000 28.6378 17.2601 9.43708 55.335
5553000 29.1211 16.9829 9.4182 55.5222
5554000 29.486 16.9607 9.60419 56.0509
5555000 29.1538 17.0504 9.59913 55.8034
5556000 29.5431 17.542 9.70743 56.7925
5557000 30.1509 18.7682 9.58633 58.5054
5558000 29.8501 18.3142 9.59302 57.7573
5559000 28.1849 17.6448 9.43565 55.2654
5560000 27.8112 17.5796 9.383 54.7739
5561000 28.3887 17.8162 9.02713 55.2321
5562000 28.1388 17.2179 9.30011 54.6569
5563000 28.8294 16.5996 9.32274 54.7517
5564000 27.9457 16.4493 9.29749 53.6925
5565000 26.787 15.8458 9.19321 51.826
5566000 26.8193 15.4116 9.70817 51.939
5567000 27.0795 15.3971 9.90896 52.3856
5568000 27.2401 15.4277 10.4565 53.1243
5569000 28.3765 14.5907 10.9655 53.9327
5570000 29.0721 14.8327 11.5273 55.4321
5571000 28.6321 14.8478 11.2764 54.7563
5572000 29.131 14.5395 11.0139 54.6844
5573000 28.1408 14.5551 10.6561 53.352
5574000 27.3909 15.1124 11.2077 53.711
5575000 27.4995 15.7047 11.2075 54.4118
5576000 29.6626 15.5516 10.3828 55.597
5577000 31.1769 15.6906 9.93649 56.804
5578000 30.068 15.7336 9.66562 55.4672
5579000 30.7601 15.748 9.39138 55.8995
5580000 32.0425 16.6716 9.56049 58.2745
5581000 31.9428 16.8996 10.0945 58.9369
5582000 32.58 16.9888 9.49382 59.0626
5583000 32.4697 16.4799 9.19334 58.1429
5584000 30.5039 16.2704 8.96719 55.7415
5585000 30.2646 16.7408 8.84479 55.8502
5586000 30.9998 16.7317 8.7439 56.4754
5587000 31.5186 16.8226 8.73902 57.0802
5588000 32.6061 16.5629 9.2428 58.4118
5589000 34.0244 16.91 8.98272 59.9172
5590000 34.3916 17.2788 8.76734 60.4377
5591000 33.8503 17.1074 8.73976 59.6974
5592000 34.2762 17.4429 9.08698 60.8061
5593000 33.7788 17.3503 9.60406 60.7332
5594000 33.0574 17.1737 9.29806 59.5291
5595000 33.4058 16.8617 9.43117 59.6987
5596000 32.6348 17.659 9.72278 60.0166
5597000 31.734 17.5642 9.72863 59.0268
5598000 29.7786 17.0742 9.30116 56.1539
5599000 29.0868 16.4008 8.95844 54.446
5600000 27.6495 17.1134 8.75597 53.5189
5601000 28.105 17.574 8.89769 54.5768
5602000 29.5373 16.7226 8.94706 55.207
5603000 27.6511 16.4879 9.12219 53.2611
5604000 26.4684 17.318 9.66351 53.45
5605000 27.596 17.5473 10.5386 55.6819
5606000 27.437 16.7041 10.2157 54.3568
5607000 28.0717 15.9768 10.1984 54.247
5608000 27.791 15.3851 9.78968 52.9657
5609000 27.1013 16.1212 9.70927 52.9318
5610000 27.633 16.1157 9.86034 53.6091
5611000 28.4101 16.2758 9.86812 54.554
5612000 28.2935 17.1827 9.59548 55.0717
5613000 28.6283 17.0215 10.4091 56.059
5614000 28.5042 16.7907 10.0071 55.302
5615000 29.321 17.1159 9.88819 56.3251
5616000 29.5076 17.7482 9.81996 57.0758
5617000 29.4538 17.5612 9.61046 56.6254
5618000 29.1022 17.0616 10.1571 56.3209
5619000 29.9563 17.2273 10.8062 57.9898
5620000 30.0185 17.9404 10.5201 58.479
5621000 29.5051 19.3877 10.928 59.8209
5622000 28.9371 20.1959 11.2946 60.4277
5623000 28.3933 19.9282 11.1093 59.4308
5624000 28.414 19.2396 10.699 58.3527
5625000 28.3573 18.2359 10.5539 57.1471
5626000 27.8664 18.0198 10.5551 56.4412
5627000 27.6387 18.6958 10.4134 56.7479
5628000 27.1355 19.1269 10.3091 56.5715
5629000 26.9373 18.5727 11.0675 56.5775
5630000 27.6613 18.1106 11.6371 57.4089
5631000 28.3541 18.7675 11.3732 58.4947
5632000 29.4015 18.3117 12.2104 59.9236
5633000 30.506 18.1716 12.2901 60.9677
5634000 30.0994 17.9536 12.4202 60.4732
5635000 29.2075 17.6031 12.3625 59.1731
5636000 29.3477 17.6086 11.6079 58.5642
5637000 30.6851 17.9604 11.1284 59.7739
5638000 30.4079 17.447 11.4578 59.3128
5639000 30.6871 17.4189 12.0674 60.1734
5640000 30.7622 17.7698 12.4046 60.9366
5641000 31.6396 17.5134 12.6506 61.8035
5642000 31.9546 18.4623 12.9436 63.3605
5643000 31.8089 18.558 12.5302 62.8971
5644000 31.4584 17.9237 13.3763 62.7584
5645000 31.6695 16.9027 14.0551 62.6273
5646000 31.8738 17.828 14.171 63.8729
5647000 32.6676 17.8908 14.2337 64.7921
5648000 32.1886 18.4222 14.9342 65.545
5649000 34.2279 19.3006 14.4629 67.9914
5650000 34.3011 19.9371 13.6929 67.9311
5651000 34.5812 20.4239 13.4344 68.4396
5652000 34.4559 21.5083 13.2987 69.2628
5653000 33.7207 21.3657 13.1806 68.267
5654000 32.6354 21.1212 13.1015 66.8581
5655000 32.6207 21.9468 12.6111 67.1787
5656000 32.5228 22.0418 12.6881 67.2527
5657000 33.2573 21.6763 13.6224 68.5561
5658000 33.014 21.6027 13.715 68.3317
5659000 32.7901 22.5252 13.0859 68.4013
5660000 33.1979 22.1842 13.0039 68.386
5661000 34.7381 22.8933 13.6512 71.2826
5662000 34.6765 23.7553 13.9834 72.4151
5663000 34.8825 23.7891 14.3247 72.9963
5664000 35.6717 23.6032 14.9324 74.2073
5665000 36.2582 24.0844 14.6286 74.9712
5666000 36.4011 24.0329 15.3298 75.7638
5667000 35.8436 23.2322 16.2951 75.3709
5668000 36.4256 23.5244 16.2996 76.2497
5669000 38.6001 22.6092 16.5379 77.7472
5670000 41.4629 22.5475 15.9977 80.0081
5671000 41.215 22.605 15.8645 79.6844
5672000 41.5887 20.9997 15.7474 78.3358
5673000 41.7796 20.6338 15.8558 78.2692
5674000 42.6614 21.2277 16.4538 80.3429
5675000 42.4979 21.7351 17.1531 81.386
5676000 41.9708 21.8648 16.1895 80.0251
5677000 42.026 21.5357 15.8222 79.3839
5678000 40.5308 21.5049 15.0697 77.1055
5679000 41.4232 21.6906 14.9363 78.0501
5680000 40.4818 21.9734 15.4473 77.9026
5681000 40.8962 21.2865 15.662 77.8447
5682000 42.6468 22.2404 15.3446 80.2318
5683000 42.3344 22.8239 15.0655 80.2237
5684000 43.5327 23.0192 14.4904 81.0423
5685000 43.9312 23.2229 14.2102 81.3643
5686000 41.9275 23.5324 14.4006 79.8606
5687000 41.6031 23.1746 14.3129 79.0906
5688000 42.4134 22.3144 14.1731 78.9009
5689000 42.7399 21.8879 13.6363 78.2641
5690000 41.6361 21.917 13.0853 76.6384
5691000 42.3468 22.3002 13.4302 78.0772
5692000 43.678 20.8472 14.2933 78.8185
5693000 44.4504 20.7944 14.0635 79.3084
5694000 45.1555 21.2928 13.902 80.3503
5695000 44.6059 22.364 12.8901 79.86
5696000 43.2502 22.3236 12.3659 77.9398
5697000 41.9934 22.7099 12.3602 77.0635
5698000 42.3897 22.3487 11.7188 76.4572
5699000 41.3018 23.5323 11.6733 76.5074
5700000 41.6359 23.8445 11.8493 77.3298
5701000 41.7986 24.3835 11.6849 77.867
5702000 39.9019 24.6007 11.8953 76.3978
5703000 38.463 24.1805 11.3556 73.9992
5704000 37.5873 23.855 11.4258 72.8681
5705000 36.9963 23.8193 11.065 71.8806
5706000 37.2718 23.6757 10.8234 71.771
5707000 38.8291 24.8949 11.0403 74.7643
5708000 39.6296 25.3488 11.2122 76.1906
5709000 37.5802 24.9219 11.3749 73.877
5710000 37.3123 25.0089 11.1628 73.4841
5711000 37.0968 24.7617 11.1556 73.0141
5712000 37.7065 25.6409 11.0435 74.3908
5713000 37.9211 26.4173 11.658 75.9964
5714000 37.3225 27.1595 11.9384 76.4204
5715000 36.5414 26.4135 11.4122 74.3671
5716000 36.1685 25.8284 11.2155 73.2124
5717000 37.7004 25.6224 11.1805 74.5034
5718000 39.142 25.4797 11.485 76.1067
5719000 38.3933 25.2955 12.1558 75.8446
5720000 37.71 26.8078 13.1226 77.6405
5721000 38.0054 26.4345 13.5557 77.9956
5722000 38.2412 26.5328 13.0321 77.8061
5723000 38.5517 26.3176 12.9797 77.8489
5724000 39.3653 28.2796 12.9464 80.5913
5725000 38.1073 29.1552 13.9019 81.1643
5726000 37.7299 28.761 13.7235 80.2144
5727000 38.4665 28.7967 12.9073 80.1705
5728000 39.4016 29.1103 13.4009 81.9128
5729000 42.0624 30.2832 13.5988 85.9443
5730000 42.5971 29.3216 14.0803 85.999
5731000 43.3319 29.58 14.1894 87.1013
5732000 43.9613 29.9381 14.2413 88.1407
5733000 43.4435 30.4069 13.968 87.8184
5734000 44.0747 30.3633 14.2735 88.7114
5735000 44.8497 30.9415 14.4167 90.2078
5736000 44.3625 31.7056 14.7524 90.8205
5737000 44.8428 33.2829 15.4542 93.5799
5738000 45.1897 32.3984 15.8459 93.4341
5739000 44.9957 32.5906 16.3043 93.8906
5740000 45.2474 31.6371 16.9057 93.7903
5741000 45.0539 32.3084 16.5882 93.9505
5742000 42.8707 32.9811 15.5491 91.4009
5743000 40.2344 32.9569 15.744 88.9354
5744000 40.8059 33.0868 16.3605 90.2532
5745000 41.9229 31.4038 16.2894 89.616
5746000 42.624 31.1375 16.2804 90.0419
5747000 44.6766 31.1314 15.9272 91.7353
5748000 45.9675 30.4063 15.4295 91.8033
5749000 46.4425 30.1966 15.324 91.9631
5750000 46.809 28.8457 15.2928 90.9476
5751000 44.5325 28.9479 15.2997 88.7801
5752000 44.1809 29.1738 14.3895 87.7443
5753000 44.0132 29.7077 14.6701 88.391
5754000 44.6745 28.7434 15.1663 88.5842
5755000 45.0907 29.5866 14.9744 89.6517
5756000 47.043 29.9298 14.5652 91.5381
5757000 46.3496 30.2179 14.2611 90.8286
5758000 44.3194 30.0017 14.4562 88.7772
5759000 45.2507 30.1159 14.7173 90.0839
5760000 46.0757 30.7009 15.3002 92.0767
5761000 46.607 29.6594 15.761 92.0275
5762000 46.0395 29.1666 15.8192 91.0253
5763000 45.8455 29.6577 15.3756 90.8788
5764000 45.7355 31.041 16.026 92.8026
5765000 44.4482 30.882 15.8589 91.1892
5766000 45.2603 30.2556 16.0043 91.5202
5767000 45.9079 29.6568 15.8319 91.3966
5768000 46.4172 29.4078 15.1929 91.0179
5769000 45.9054 30.2254 14.8424 90.9732
5770000 45.3784 31.0463 14.5145 90.9392
5771000 45.2114 29.6034 13.8315 88.6462
5772000 45.9065 29.0628 13.5485 88.5178
5773000 46.0578 28.595 13.8659 88.5188
5774000 45.2549 28.2593 14.2104 87.7246
5775000 44.1313 30.1162 14.135 88.3825
5776000 43.6296 31.5013 14.8959 90.0269
5777000 45.4285 31.9595 15.745 93.133
5778000 45.0509 31.6237 15.7969 92.4716
5779000 45.2696 30.6194 15.2198 91.1088
5780000 44.5764 32.1201 14.3565 91.053
5781000 44.8773 32.4771 15.0819 92.4363
5782000 45.0671 33.3334 15.2158 93.6163
5783000 45.1014 32.6126 15.4759 93.1899
5784000 47.6636 33.0431 15.6187 96.3254
5785000 46.7754 33.5294 15.7661 96.0709
5786000 45.5705 33.2361 15.4442 94.2508
5787000 44.2322 32.3348 15.8602 92.4271
5788000 43.4379 31.4493 16.8034 91.6906
5789000 42.5854 31.7039 16.7694 91.0587
5790000 42.6039 32.0986 17.0973 91.7997
5791000 41.6707 30.9718 17.09 89.7325
5792000 40.7577 31.4376 16.9211 89.1165
5793000 41.4384 30.4204 16.1295 87.9883
5794000 43.285 30.4195 15.7877 89.4921
5795000 43.4168 31.6174 16.5753 91.6095
5796000 44.7527 30.5417 16.1615 91.456
5797000 44.0586 30.7126 17.0167 91.7878
5798000 43.7035 30.332 18.1068 92.1423
5799000 41.8069 30.7475 18.3394 90.8938
5800000 42.3205 29.9682 18.3565 90.6452
5801000 43.6398 29.5714 18.4752 91.6863
5802000 44.3908 31.4378 18.6022 94.4309
5803000 43.7805 31.8877 18.3327 94.0009
5804000 43.1513 32.5268 18.774 94.4521
5805000 42.2758 32.3784 19.3257 93.9799
5806000 41.3811 31.5598 19.648 92.5889
5807000 40.705 31.4634 20.0962 92.2645
5808000 41.2817 30.197 18.6537 90.1324
5809000 40.6707 30.034 17.5572 88.2619
5810000 39.7687 29.2391 17.0892 86.097
5811000 38.3278 29.5368 17.315 85.1796
5812000 37.1759 28.4328 16.3752 81.9839
5813000 36.5407 27.6051 16.4575 80.6034
5814000 36.3196 28.7283 15.952 81
5815000 35.82 28.6101 15.1612 79.5914
5816000 34.7822 28.9757 15.0545 78.8123
5817000 34.7905 28.948 15.2506 78.9891
5818000 35.687 27.8326 15.9891 79.5086
5819000 37.182 27.2286 15.7991 80.2097
5820000 36.8825 27.6531 16.1884 80.7241
5821000 35.7107 26.8344 16.6314 79.1765
5822000 35.9379 25.6422 16.4186 77.9987
5823000 37.1271 25.9124 15.8831 78.9226
5824000 38.2528 26.3019 15.6451 80.1998
5825000 36.5285 25.8598 15.8149 78.2032
5826000 35.3352 25.6021 15.9287 76.8661
5827000 35.769 25.7417 15.4545 76.9652
5828000 35.7994 24.3294 15.9959 76.1248
5829000 34.2292 23.6649 15.6396 73.5337
5830000 33.0521 24.4638 15.447 72.9628
5831000 33.3898 24.6276 16.3076 74.325
5832000 32.1916 24.4592 16.7641 73.415
5833000 31.4495 23.7927 16.6952 71.9374
5834000 31.1718 23.5691 17.2868 72.0276
5835000 31.5594 22.9397 17.3625 71.8616
5836000 32.5154 23.751 17.061 73.3274
5837000 34.1942 23.1854 16.8287 74.2083
5838000 33.9706 22.6378 17.4439 74.0523
5839000 32.5578 22.5762 17.5493 72.6833
5840000 33.4115 22.1509 18.1255 73.6879
5841000 35.2384 22.4214 17.4927 75.1525
5842000 35.778 22.5427 17.1746 75.4953
5843000 36.5886 22.8586 17.3098 76.757
5844000 37.2909 23.0377 17.0927 77.4213
5845000 36.6894 22.3135 16.755 75.7579
5846000 35.9771 22.8723 17.3734 76.2229
5847000 35.1497 23.5551 16.9777 75.6825
5848000 34.818 23.2219 17.4769 75.5168
5849000 34.9557 22.4501 17.7264 75.1321
5850000 36.195 21.9634 17.3726 75.531
5851000 37.4405 22.5833 17.1899 77.2137
5852000 37.3879 23.0672 17.2294 77.6845
5853000 37.0879 22.5782 17.6639 77.33
5854000 37.0445 21.9903 18.6027 77.6375
5855000 37.8324 21.526 18.8922 78.2506
5856000 37.2441 20.9844 19.3956 77.6241
5857000 36.3858 20.0891 19.058 75.5328
5858000 36.2899 19.1841 19.8095 75.2835
5859000 35.3811 18.8823 19.9403 74.2037
5860000 33.8037 18.6587 20.1845 72.6469
5861000 34.2108 18.9163 20.3474 73.4745
5862000 35.7563 18.846 20.7385 75.3408
5863000 36.0401 18.7922 20.6645 75.4968
5864000 34.2124 19.2546 19.4804 72.9474
5865000 31.4594 20.1763 19.7925 71.4282
5866000 30.4679 20.1832 20.5952 71.2463
5867000 30.0562 20.3686 21.0688 71.4936
5868000 29.2702 20.3898 20.6837 70.3436
5869000 28.5278 20.181 20.8961 69.6049
5870000 27.0868 20.2638 21.9314 69.282
5871000 27.6098 20.3454 22.5209 70.4762
5872000 28.1751 21.0268 22.499 71.7008
5873000 28.923 21.114 23.5962 73.6332
5874000 29.9355 20.8908 23.0147 73.841
5875000 30.6 20.9812 22.0433 73.6245
5876000 31.7676 21.5114 20.4426 73.7216
5877000 31.5148 22.0663 19.9907 73.5717
5878000 30.4178 23.3639 21.3651 75.1468
5879000 31.3334 24.999 21.7212 78.0536
5880000 31.0175 25.305 21.7812 78.1038
5881000 29.8425 25.2665 21.3666 76.4755
5882000 29.3945 24.643 21.7696 75.8071
5883000 29.1887 24.1813 22.9282 76.2982
5884000 29.1295 24.7644 23.6088 77.5027
5885000 29.2113 25.0452 23.4748 77.7313
5886000 30.156 24.9945 22.1475 77.298
5887000 31.7448 24.3389 21.7755 77.8591
5888000 31.1745 24.021 23.4686 78.6642
5889000 30.4925 23.1161 24.812 78.4206
5890000 29.9203 22.0524 25.3025 77.2752
5891000 29.9852 21.8894 26.0936 77.9681
5892000 30.2633 23.1498 26.216 79.6291
5893000 31.2802 23.652 25.404 80.3362
5894000 32.0125 22.5377 24.3415 78.8917
5895000 32.4478 22.3349 24.5215 79.3043
5896000 32.7021 24.1524 24.7062 81.5607
5897000 32.4043 24.1443 24.5795 81.1281
5898000 32.9185 23.5323 23.9896 80.4404
5899000 34.0886 24.0007 23.9375 82.0268
5900000 34.5639 23.9218 24.9231 83.4088
5901000 34.3665 23.2564 24.0976 81.7205
5902000 34.0628 22.9708 23.8115 80.845
5903000 33.5343 21.917 23.6376 79.0889
5904000 33.2882 21.6263 23.1512 78.0657
5905000 34.5703 21.7936 22.7529 79.1168
5906000 36.3503 22.8278 22.4516 81.6297
5907000 37.2845 23.6431 22.7317 83.6594
5908000 37.23 23.4663 22.4602 83.1564
5909000 36.9584 22.9141 22.2024 82.075
5910000 35.4716 23.648 21.236 80.3555
5911000 34.8311 23.8642 20.868 79.5633
5912000 35.6504 23.6169 20.6226 79.8898
5913000 36.6694 24.1187 20.3897 81.1778
5914000 36.8088 24.5895 21.2989 82.6972
5915000 35.0162 24.0855 21.532 80.6337
5916000 36.0099 23.7342 20.8362 80.5803
5917000 37.5572 23.8337 21.0262 82.4171
5918000 37.2573 23.5973 21.4482 82.3027
5919000 36.2648 24.054 21.2182 81.537
5920000 34.887 23.9854 21.1433 80.0157
5921000 34.3123 25.258 22.1349 81.7052
5922000 34.7755 25.3004 22.8425 82.9184
5923000 35.195 25.2494 24.2017 84.6461
5924000 35.4074 24.6284 24.2033 84.2391
5925000 35.4943 25.9706 24.6695 86.1344
5926000 35.5643 25.3095 25.0397 85.9135
5927000 35.5351 24.1024 24.3203 83.9579
5928000 36.2727 23.6586 24.0762 84.0075
5929000 36.8962 23.3714 23.7523 84.0199
5930000 38.7092 23.6178 23.9236 86.2505
5931000 40.096 22.9791 25.0567 88.1317
5932000 39.8664 22.5526 25.513 87.9319
5933000 39.8441 22.4335 25.1354 87.4129
5934000 40.2948 23.0757 24.6661 88.0365
5935000 39.6495 23.3783 24.5713 87.599
5936000 39.1703 24.179 25.1443 88.4936
5937000 41.4462 24.4317 25.5719 91.4498
5938000 42.6098 24.2324 25.6519 92.4941
5939000 43.5644 25.3426 25.1438 94.0508
5940000 42.6945 26.4222 26.2725 95.3891
5941000 41.5423 25.0659 27.201 93.8092
5942000 41.3576 25.3122 27.9758 94.6456
5943000 40.8574 25.6152 28.7154 95.188
5944000 39.7577 25.423 29.7459 94.9266
5945000 37.7185 24.5355 29.8766 92.1305
5946000 35.7095 24.1244 29.3513 89.1851
5947000 34.7945 22.9989 29.2418 87.0352
5948000 35.2772 22.9145 28.7712 86.9629
5949000 36.9475 23.3184 29.0374 89.3033
5950000 38.8201 22.7897 29.774 91.3838
5951000 38.7824 22.8647 29.4122 91.0593
5952000 38.0719 23.3689 27.5982 89.039
5953000 36.3023 22.7009 27.6581 86.6613
5954000 37.2367 22.678 28.0232 87.938
5955000 37.5727 22.4313 28.1707 88.1748
5956000 38.5407 22.0977 27.4685 88.1069
5957000 39.9992 22.1924 27.3363 89.5279
5958000 40.8452 22.898 26.0127 89.756
5959000 40.9951 23.2096 26.1046 90.3093
5960000 40.9433 22.0526 26.3017 89.2976
5961000 41.3128 22.3506 25.0929 88.7563
5962000 42.8258 21.7505 25.4306 90.0068
5963000 43.3883 20.7597 26.3693 90.5173
5964000 44.5788 20.8692 25.2904 90.7384
5965000 45.9992 21.9489 26.1866 94.1348
5966000 47.3849 23.5766 26.6622 97.6236
5967000 47.7512 24.3989 26.5619 98.712
5968000 48.8094 25.8194 26.368 100.997
5969000 49.3232 25.3446 28.4842 103.152
5970000 48.536 25.2285 28.4362 102.201
5971000 49.6079 24.8946 29.0827 103.585
5972000 48.6541 24.5516 27.9798 101.185
5973000 49.3067 22.9114 27.36 99.5781
5974000 50.5525 22.5053 27.5967 100.655
5975000 49.8225 22.0316 27.2101 99.0641
5976000 48.7332 21.6368 26.4751 96.8451
5977000 47.3769 22.0842 26.3024 95.7635
5978000 47.0121 22.2919 25.921 95.225
5979000 47.7935 21.6615 27.0417 96.4967
5980000 47.7162 21.332 27.519 96.5672
5981000 47.1511 20.2125 28.5613 95.9249
5982000 45.8728 19.3649 28.5727 93.8104
5983000 45.095 19.2575 28.9532 93.3058
5984000 43.7363 19.8023 29.364 92.9026
5985000 43.0638 20.1437 27.6938 90.9013
5986000 43.4775 20.013 27.8157 91.3061
5987000 43.533 20.1963 27.037 90.7663
5988000 42.2869 19.4699 26.8285 88.5854
5989000 42.0329 18.8981 27.6901 88.6212
5990000 40.5627 18.9018 27.5116 86.9761
5991000 37.6121 18.5536 28.6638 84.8294
5992000 38.1203 18.2299 27.8599 84.2101
5993000 39.5441 18.552 26.6895 84.7855
5994000 38.5395 19.1029 26.3371 83.9795
5995000 37.3139 19.4417 26.5743 83.3298
5996000 36.7917 19.3301 26.7692 82.891
5997000 35.3968 19.5794 27.7427 82.7189
5998000 35.7091 19.5436 27.7917 83.0444
5999000 35.9783 19.2642 27.7795 83.0219
6000000 35.0781 18.7539 27.6203 81.4522
6001000 34.2276 18.3683 26.9655 79.5613
6002000 33.5352 18.2746 26.0438 77.8536
6003000 33.4777 17.8254 25.1978 76.5009
6004000 34.258 18.0058 24.4126 76.6764
6005000 33.1572 18.0586 24.7876 76.0034
6006000 32.3671 16.9923 25.4221 74.7815
6007000 32.1537 16.8546 24.7676 73.7759
6008000 32.0689 17.6254 24.4223 74.1165
6009000 31.7364 17.3823 24.9991 74.1177
6010000 30.732 16.902 24.2854 71.9194
6011000 30.4722 16.0915 24.8437 71.4073
6012000 30.4774 16.2818 24.7087 71.468
6013000 30.4888 15.6451 24.13 70.2639
6014000 29.3221 15.7725 23.897 68.9916
6015000 28.8499 16.0646 23.3397 68.2542
6016000 27.8523 16.7943 23.0734 67.72
6017000 27.2069 16.4996 22.711 66.4174
6018000 26.1006 15.9835 24.4332 66.5173
6019000 24.3325 14.8837 24.8783 64.0945
6020000 25.1585 14.8343 23.9215 63.9143
6021000 25.8696 14.5472 23.1837 63.6005
6022000 25.6769 14.3834 22.6103 62.6706
6023000 25.5673 14.7576 21.1515 61.4764
6024000 25.8954 14.5152 21.1994 61.61
6025000 24.9876 14.0507 21.4208 60.459
6026000 24.2362 14.2099 20.6024 59.0485
6027000 24.613 14.1698 20.7102 59.4929
6028000 24.4712 14.0895 22.012 60.5727
6029000 24.8512 13.683 21.6446 60.1788
6030000 25.0056 13.5807 21.4854 60.0717
6031000 25.8357 13.74 21.6263 61.202
6032000 25.8655 13.2956 21.2158 60.377
6033000 25.5343 13.2278 20.8692 59.6313
6034000 26.4559 13.3129 20.3341 60.1029
6035000 26.4143 13.2624 20.7879 60.4646
6036000 26.8671 13.2444 21.1274 61.2389
6037000 26.661 13.5999 21.2886 61.5495
6038000 27.4729 13.2065 20.5796 61.2591
6039000 27.713 13.26 20.744 61.717
6040000 29.6087 13.0386 20.4774 63.1248
6041000 30.2849 13.0093 19.5141 62.8083
6042000 29.6417 13.1029 20.1174 62.862
6043000 30.2195 12.9718 19.917 63.1083
6044000 30.7355 13.2113 19.647 63.5938
6045000 31.113 14.9543 19.1645 65.2317
6046000 29.7372 15.2533 18.8536 63.8441
6047000 29.2003 15.9047 18.0689 63.1739
6048000 29.7657 16.072 17.3448 63.1825
6049000 31.1639 16.6819 18.4758 66.3216
6050000 31.1849 17.1132 18.7575 67.0556
6051000 30.6703 16.5694 18.4905 65.7301
6052000 30.4338 16.6009 17.8785 64.9132
6053000 30.5823 16.7565 16.7763 64.1151
6054000 29.8665 17.1477 16.1099 63.1242
6055000 30.0919 17.8452 16.6506 64.5877
6056000 30.8274 18.7105 17.3076 66.8455
6057000 30.3186 18.8904 17.047 66.2559
6058000 29.6814 19.4727 17.2563 66.4104
6059000 28.7985 19.5323 16.4301 64.7609
6060000 28.6448 18.8866 15.946 63.4774
6061000 29.0416 18.7989 15.9797 63.8202
6062000 28.718 19.3306 15.592 63.6406
6063000 28.4802 18.7951 16.2764 63.5517
6064000 28.2465 18.9047 16.0542 63.2055
6065000 28.4931 18.5489 15.951 62.993
6066000 28.4508 18.5653 15.4277 62.4437
6067000 29.6869 18.0338 16.0795 63.8001
6068000 29.3063 17.5867 16.2053 63.0984
6069000 29.9258 17.9174 16.5911 64.4344
6070000 30.5378 17.4672 16.5129 64.5179
6071000 29.8097 17.8671 16.7089 64.3858
6072000 30.2332 17.9154 16.6126 64.7613
6073000 30.0219 17.5162 16.8564 64.3945
6074000 29.8163 17.2293 17.6342 64.6798
6075000 31.161 16.8818 17.3566 65.3994
6076000 30.5972 17.1254 17.8231 65.5457
6077000 31.7228 17.0275 17.6108 66.3611
6078000 32.2113 17.7885 18.207 68.2068
6079000 32.3109 18.096 18.3622 68.7691
6080000 33.1094 17.6186 18.257 68.985
6081000 31.5035 18.0732 18.1728 67.7495
6082000 30.8327 18.1898 18.8054 67.8279
6083000 30.1682 17.5265 18.8344 66.5291
6084000 29.3669 17.3712 18.3391 65.0773
6085000 30.2005 17.4559 18.2652 65.9215
6086000 30.3582 16.7519 18.0382 65.1483
6087000 31.6076 16.152 17.259 65.0186
6088000 31.7815 16.7431 16.5663 65.0909
6089000 32.2138 16.5826 16.3527 65.1492
6090000 32.4076 17.3224 16.4621 66.1921
6091000 32.4759 17.2068 15.9591 65.6418
6092000 31.7994 17.6682 17.358 66.8256
6093000 31.3192 17.436 16.9348 65.6901
6094000 31.7594 17.9036 16.9601 66.6231
6095000 33.2373 17.3963 17.4061 68.0397
6096000 32.9345 17.0722 18.1041 68.1107
6097000 32.0264 17.6763 18.5373 68.24
6098000 33.5605 16.7448 18.0827 68.388
6099000 30.958 16.8154 17.7751 65.5485
6100000 29.6958 17.097 17.7618 64.5546
6101000 29.9707 17.0347 18.3088 65.3141
6102000 31.7572 17.0054 17.7078 66.4704
6103000 31.0865 17.2728 17.9365 66.2957
6104000 29.5314 16.7381 18.7045 64.974
6105000 28.5612 17.4309 19.4589 65.451
6106000 27.8947 17.8304 18.7477 64.4729
6107000 25.6868 17.6446 18.3081 61.6396
6108000 25.7752 18.604 18.4541 62.8333
6109000 27.1741 19.4824 18.9443 65.6008
6110000 27.4057 19.1923 18.7347 65.3328
6111000 25.8718 19.1349 19.0568 64.0635
6112000 24.7999 18.8771 18.7377 62.4146
6113000 25.1045 17.5312 17.8766 60.5123
6114000 26.2911 18.0983 17.4373 61.8267
6115000 25.568 18.5154 17.8487 61.9321
6116000 25.5849 17.982 17.7184 61.2853
6117000 26.2577 18.2261 17.8355 62.3192
6118000 25.4392 19.1329 17.4051 61.9772
6119000 25.198 19.7816 17.7568 62.7364
6120000 27.224 19.3723 17.8399 64.4362
6121000 27.4751 20.2185 17.8066 65.5003
6122000 27.9548 20.3117 16.9577 65.2242
6123000 29.4449 19.4186 17.0076 65.8711
6124000 29.9258 19.2035 18.0835 67.2128
6125000 28.9434 19.0402 18.1914 66.1751
6126000 28.9473 18.4938 17.6566 65.0978
6127000 27.7442 18.2864 17.5729 63.6035
6128000 28.2533 18.0415 18.1559 64.4507
6129000 27.6585 19.4289 17.7285 64.8159
6130000 28.7615 19.4942 16.9046 65.1603
6131000 28.3066 19.9095 17.0053 65.2214
6132000 28.0052 20.7715 17.3478 66.1245
6133000 27.802 21.4943 17.7206 67.0169
6134000 27.2992 21.0315 18.082 66.4126
6135000 26.12 20.9735 18.9399 66.0334
6136000 25.3437 21.1265 17.1278 63.5981
6137000 25.8044 21.8266 16.4599 64.091
6138000 26.2384 21.8053 16.3721 64.4158
6139000 25.7881 22.5062 15.6484 63.9427
6140000 26.0968 21.6926 15.0284 62.8178
6141000 25.4527 21.7951 15.5297 62.7775
6142000 26.1099 21.2473 15.4851 62.8422
6143000 25.4946 21.1279 14.8077 61.4303
6144000 25.1315 21.8674 15.6211 62.62
6145000 25.4079 21.0508 15.8058 62.2645
6146000 23.8251 20.9498 15.7838 60.5586
6147000 24.5091 21.0002 15.1122 60.6215
6148000 24.4563 20.8089 15.0418 60.307
6149000 26.343 21.0268 16.2367 63.6065
6150000 26.6608 21.7158 16.6679 65.0445
6151000 25.5424 21.7777 17.2033 64.5233
6152000 26.0146 21.3565 17.4051 64.7762
6153000 26.4347 22.7487 17.9025 67.0858
6154000 26.4823 22.0106 18.9232 67.4161
6155000 25.6479 21.7864 19.4556 66.8899
6156000 25.2193 22.8984 18.7652 66.883
6157000 23.8756 22.8948 18.9254 65.6958
6158000 23.8572 22.8743 18.6093 65.3408
6159000 25.2726 23.2871 18.2746 66.8342
6160000 25.573 22.3449 18.6089 66.5268
6161000 24.6091 21.952 19.744 66.3051
6162000 22.9847 21.9695 21.4031 66.3572
6163000 21.6878 21.7936 22.2152 65.6965
6164000 21.2842 21.4805 21.9964 64.7611
6165000 21.4101 21.5445 22.8307 65.7854
6166000 20.2909 20.7974 22.5649 63.6532
6167000 20.193 20.1008 22.79 63.0837
6168000 19.4452 19.9977 23.6013 63.0442
6169000 18.5873 19.5507 23.4176 61.5555
6170000 18.9471 18.6377 22.8263 60.4111
6171000 18.735 19.3744 22.7172 60.8266
6172000 18.4572 19.494 21.9996 59.9508
6173000 18.5964 20.5319 22.2977 61.426
6174000 19.151 20.6194 21.2288 60.9993
6175000 19.2736 20.6491 20.9915 60.9142
6176000 19.0773 20.5299 21.1866 60.7938
6177000 19.4605 20.7655 20.4684 60.6945
6178000 19.3055 22.0694 20.911 62.2859
6179000 18.671 21.6122 20.9578 61.2411
6180000 17.6586 21.147 19.7283 58.534
6181000 17.142 21.8828 20.31 59.3348
6182000 17.2799 21.2668 21.1197 59.6664
6183000 17.048 21.2781 20.6355 58.9616
6184000 16.6204 22.1171 20.6708 59.4083
6185000 16.067 22.2299 21.0235 59.3205
6186000 16.043 21.8042 20.9063 58.7536
6187000 16.0882 21.5595 20.5663 58.214
6188000 15.589 20.5815 21.1846 57.3551
6189000 15.0349 21.0524 20.9699 57.0572
6190000 16.114 21.1304 21.2986 58.543
6191000 16.2942 20.4215 20.6393 57.355
6192000 15.2238 20.614 20.8542 56.692
6193000 15.6264 20.3154 20.863 56.8048
6194000 16.4079 20.5576 20.6892 57.6547
6195000 15.7875 19.9628 20.1997 55.9501
6196000 15.8458 19.0013 19.9838 54.8309
6197000 15.1327 18.2999 20.2968 53.7294
6198000 16.3417 17.8753 20.5328 54.7498
6199000 16.7323 17.557 20.0725 54.3618
6200000 16.699 17.3742 19.1165 53.1897
6201000 16.0925 17.1082 19.1394 52.34
6202000 16.0529 17.3015 19.1926 52.547
6203000 16.6915 17.0654 18.6782 52.4351
6204000 17.8493 16.7409 18.6637 53.2539
6205000 18.3464 17.1855 18.8818 54.4137
6206000 17.4069 16.9845 19.4912 53.8825
6207000 17.0601 16.4108 20.3702 53.841
6208000 17.4808 16.4358 21.0747 54.9912
6209000 17.5977 17.2458 20.6312 55.4746
6210000 17.3015 17.5907 20.6473 55.5395
6211000 16.7239 16.4076 21.4918 54.6233
6212000 16.1864 16.4593 21.3071 53.9528
6213000 16.1118 15.8073 22.2054 54.1245
6214000 16.2978 15.4989 22.9482 54.7449
6215000 16.5394 15.2243 23.1609 54.9246
6216000 16.3403 16.0834 23.9918 56.4154
6217000 16.4029 15.9752 24.596 56.9741
6218000 15.4107 16.3738 23.8921 55.6765
6219000 14.9586 17.721 23.5307 56.2103
6220000 14.0444 18.2281 23.1909 55.4633
6221000 13.3293 17.9229 24.0728 55.325
6222000 13.9747 16.615 24.7393 55.329
6223000 14.187 16.1756 24.1804 54.543
6224000 14.7174 16.6918 23.5769 54.986
6225000 15.5282 16.3293 24.5223 56.3798
6226000 16.1792 16.298 24.4417 56.9189
6227000 16.7127 15.469 25.0685 57.2502
6228000 16.0522 15.4121 26.5071 57.9713
6229000 16.796 15.1025 26.4818 58.3803
6230000 16.6852 14.9499 25.3906 57.0257
6231000 16.5602 15.3305 24.5307 56.4215
6232000 16.5451 15.2859 24.8107 56.6417
6233000 18.0176 15.7958 25.322 59.1354
6234000 18.5824 15.9806 24.7686 59.3315
6235000 19.1623 15.6866 22.9984 57.8473
6236000 18.973 15.98 22.9023 57.8553
6237000 19.2148 15.0135 23.4173 57.6456
6238000 20.1098 15.158 23.1383 58.4061
6239000 20.6505 15.0864 23.0589 58.7958
6240000 19.3395 14.4961 24.3098 58.1454
6241000 18.5336 14.0562 24.0624 56.6522
6242000 18.5318 13.9342 23.8255 56.2916
6243000 19.544 13.8606 23.4483 56.8529
6244000 19.6329 13.3293 23.1898 56.152
6245000 19.4822 13.3528 22.4554 55.2905
6246000 21.1376 13.2424 22.251 56.631
6247000 22.1877 12.7439 21.9949 56.9265
6248000 22.4459 12.8891 22.3177 57.6527
6249000 22.2456 12.2973 21.8855 56.4284
6250000 22.2218 12.9214 21.4492 56.5924
6251000 22.0762 12.6476 21.7684 56.4922
6252000 21.3036 12.6403 21.0066 54.9505
6253000 20.5238 12.7952 20.7117 54.0308
6254000 20.5762 12.9964 20.007 53.5797
6255000 21.7031 12.6961 19.7831 54.1824
6256000 22.2396 12.6528 20.6283 55.5207
6257000 22.4394 12.7623 20.046 55.2477
6258000 22.4505 12.5928 19.8006 54.8439
6259000 22.0182 12.9464 20.6915 55.6561
6260000 21.9515 12.6019 21.8233 56.3768
6261000 22.577 12.6358 21.6895 56.9023
6262000 22.4937 12.6641 21.4429 56.6007
6263000 23.2108 12.828 21.0167 57.0555
6264000 23.0779 12.9838 20.7717 56.8334
6265000 23.0331 13.049 20.1266 56.2086
6266000 22.7074 12.9233 19.6686 55.2993
6267000 22.5998 12.8546 18.8687 54.323
6268000 21.1287 12.9629 19.1625 53.2541
6269000 20.62 12.6656 18.8379 52.1236
6270000 20.2715 12.7623 18.7913 51.825
6271000 20.3716 13.8153 18.0139 52.2009
6272000 20.0196 14.4759 17.5974 52.0929
6273000 20.435 15.0069 17.145 52.5869
6274000 19.3257 14.7094 17.5558 51.5909
6275000 18.9236 14.8495 17.4535 51.2267
6276000 19.3714 15.116 17.1628 51.6502
6277000 17.8983 15.7521 17.6481 51.2984
6278000 18.4667 16.9267 17.6299 53.0232
6279000 19.8725 17.3176 17.3609 54.551
6280000 18.8704 17.2753 17.9371 54.0828
6281000 18.3842 17.267 17.9557 53.6068
6282000 17.5065 17.4338 17.5746 52.5149
6283000 18.1088 17.4444 18.0396 53.5928
6284000 18.3098 16.9403 18.1463 53.3964
6285000 18.8756 16.4442 18.1813 53.501
6286000 18.2645 16.4835 18.184 52.932
6287000 18.9423 16.7891 18.67 54.4014
6288000 18.922 16.5693 18.3642 53.8555
6289000 18.6776 16.1884 18.9264 53.7925
6290000 19.2338 15.7625 19.4113 54.4075
6291000 19.8892 15.8357 19.2406 54.9654
6292000 18.9443 15.7316 18.7819 53.4578
6293000 18.4471 15.5827 18.0033 52.0331
6294000 19.3086 15.4564 17.7254 52.4904
6295000 18.5478 15.8342 17.6186 52.0006
6296000 18.4214 15.9896 16.8329 51.2439
6297000 18.5341 15.1646 17.1097 50.8084
6298000 18.9296 14.9843 17.706 51.6198
6299000 19.054 14.2063 18.6719 51.9321
6300000 18.8638 13.9514 18.2747 51.09
6301000 19.0389 14.2288 17.0889 50.3565
6302000 19.711 14.7213 17.5936 52.0259
6303000 20.0434 15.4649 17.5852 53.0935
6304000 20.0723 15.7918 17.4385 53.3026
6305000 20.3897 15.6902 17.738 53.818
6306000 19.7224 15.482 17.9642 53.1686
6307000 19.4694 16.7433 17.2034 53.4161
6308000 19.6479 17.6696 17.5136 54.8312
6309000 20.3631 18.6337 17.1463 56.1431
6310000 20.4887 18.4256 17.2318 56.1461
6311000 20.4224 19.0846 17.1428 56.6498
6312000 21.9836 19.7903 16.9468 58.7206
6313000 22.3707 20.3842 16.6541 59.409
6314000 22.3884 21.1506 16.5852 60.1242
6315000 22.6635 20.2668 16.3555 59.2858
6316000 22.0109 19.4444 16.0934 57.5487
6317000 21.8745 18.1219 15.8318 55.8283
6318000 22.499 18.0438 16.1818 56.7245
6319000 22.5083 17.6083 16.4394 56.5561
6320000 22.9418 17.7456 16.0217 56.7091
6321000 23.7018 18.3351 15.6468 57.6837
6322000 24.1355 18.8449 15.379 58.3594
6323000 23.3467 19.1678 14.707 57.2215
6324000 22.5017 19.1391 14.7472 56.3881
6325000 23.2854 19.4191 15.2457 57.9502
6326000 25.0143 19.9329 15.6546 60.6018
6327000 25.337 20.8247 15.6534 61.8151
6328000 26.1214 20.7666 16.5759 63.4639
6329000 25.783 21.3172 16.8341 63.9343
6330000 25.4964 20.5388 17.4632 63.4984
6331000 25.4667 21.1816 17.3701 64.0184
6332000 24.5153 21.8753 16.9478 63.3384
6333000 25.3766 21.7499 17.1052 64.2317
6334000 25.6201 21.4536 16.9957 64.0695
6335000 25.5167 20.7736 16.373 62.6634
6336000 26.5393 20.692 15.5683 62.7995
6337000 26.7193 20.9845 14.8134 62.5172
6338000 25.9521 22.141 15.9748 64.0679
6339000 25.6426 22.6645 16.5166 64.8237
6340000 25.9684 22.4881 16.5308 64.9872
6341000 25.6708 23.0401 16.0883 64.7992
6342000 27.1927 21.8759 15.8988 64.9674
6343000 26.7727 21.9163 15.5354 64.2245
6344000 26.382 23.2159 16.2606 65.8585
6345000 25.2024 23.6117 16.7458 65.5599
6346000 24.2774 22.8938 16.5608 63.7321
6347000 24.5773 23.2659 17.2499 65.0932
6348000 23.682 22.6244 17.2414 63.5478
6349000 24.2932 21.7844 17.0408 63.1184
6350000 24.6251 22.1975 16.791 63.6136
6351000 24.8211 22.223 16.595 63.6391
6352000 24.4028 22.4332 15.9498 62.7858
6353000 23.9547 22.8314 15.093 61.8791
6354000 24.4746 22.4691 14.4386 61.3823
6355000 24.8493 23.1178 14.0922 62.0593
6356000 24.3085 24.1613 13.5079 61.9777
6357000 24.5807 24.1699 14.1875 62.9382
6358000 24.3872 23.1805 13.8772 61.4449
6359000 24.9472 24.3661 13.6493 62.9625
6360000 25.0985 24.0357 12.8918 62.0261
6361000 25.0949 24.4006 12.9465 62.442
6362000 25.9072 25.3675 13.8381 65.1128
6363000 26.6371 25.6913 13.7098 66.0382
6364000 27.6301 24.7621 13.4499 65.8421
6365000 28.3688 24.87 14.2519 67.4907
6366000 28.2838 24.7691 14.628 67.6809
6367000 27.9821 23.5276 15.0692 66.5788
6368000 27.2642 23.5194 15.4169 66.2006
6369000 27.6551 23.4167 15.9726 67.0444
6370000 25.9389 23.3595 15.3941 64.6926
6371000 24.6301 22.6351 16.4071 63.6723
6372000 25.3402 22.986 16.2624 64.5886
6373000 24.3146 23.1012 16.3916 63.8073
6374000 23.5572 21.1958 15.7511 60.5041
6375000 23.5026 21.767 15.3863 60.6559
6376000 23.878 20.994 15.6615 60.5334
6377000 24.1999 21.3807 15.2466 60.8272
6378000 24.1629 21.5479 15.4234 61.1342
6379000 24.8397 22.0445 15.4455 62.3297
6380000 25.4122 22.0643 15.2197 62.6962
6381000 25.692 22.9369 14.346 62.9749
6382000 25.8477 23.5502 14.6708 64.0687
6383000 25.257 24.8837 14.6613 64.8019
6384000 26.5268 25.0027 14.1166 65.6461
6385000 26.5829 24.8772 14.1654 65.6255
6386000 27.0871 25.8089 14.3594 67.2554
6387000 26.871 27.0227 14.6092 68.5029
6388000 27.2216 26.5704 14.5216 68.3137
6389000 26.7523 25.2305 14.7166 66.6993
6390000 26.8061 24.4979 14.7623 66.0663
6391000 26.5843 24.9974 14.2976 65.8794
6392000 25.7598 25.4047 14.448 65.6125
6393000 25.4518 25.9656 15.1096 66.527
6394000 25.2707 25.3869 15.4393 66.0969
6395000 26.1021 25.8903 15.1206 67.113
6396000 26.4785 26.2239 14.6712 67.3736
6397000 27.3534 26.8626 14.1879 68.404
6398000 28.0973 26.4484 14.3696 68.9154
6399000 28.1612 27.0481 14.6094 69.8186
6400000 27.6703 27.2969 13.4979 68.4651
6401000 27.3946 25.159 13.6635 66.217
6402000 28.522 24.8435 13.5377 66.9032
6403000 27.954 24.2615 13.2242 65.4397
6404000 28.3374 23.7535 12.6762 64.7671
6405000 29.4153 22.4758 12.0116 63.9027
6406000 28.8135 22.4212 11.8715 63.1062
6407000 28.6993 21.4878 11.6479 61.8349
6408000 28.1437 20.1292 11.2565 59.5293
6409000 27.1809 20.177 11.1373 58.4952
6410000 26.7838 20.7415 11.0484 58.5737
6411000 28.3666 20.8709 11.0093 60.2467
6412000 27.5834 21.3519 11.4152 60.3506
6413000 28.0994 21.713 11.9035 61.7159
6414000 28.6333 21.4643 11.8951 61.9927
6415000 30.0784 21.7854 12.4386 64.3024
6416000 31.2404 22.6023 12.2683 66.111
6417000 29.9351 21.9198 12.5141 64.369
6418000 29.4497 21.0408 12.3908 62.8813
6419000 30.2508 21.3279 12.5042 64.083
6420000 31.1932 21.5378 12.4035 65.1345
6421000 31.1951 21.2958 12.1969 64.6878
6422000 30.5109 20.9088 12.7384 64.158
6423000 31.0933 20.6687 12.3126 64.0746
6424000 32.3535 21.2099 12.2105 65.774
6425000 31.0903 20.2938 11.8701 63.2543
6426000 31.0401 20.4452 11.4747 62.96
6427000 29.674 20.2612 11.6869 61.6221
6428000 29.2039 20.1369 11.6903 61.0311
6429000 29.2968 19.9584 12.2658 61.521
6430000 29.5381 18.6503 12.4541 60.6426
6431000 29.9188 19.0043 12.7686 61.6918
6432000 29.2582 19.4091 13.3786 62.0459
6433000 27.8067 18.9552 14.2742 61.0361
6434000 28.3063 19.6773 15.1479 63.1316
6435000 29.1376 19.6146 15.3935 64.1457
6436000 27.9444 20.7183 15.0457 63.7085
6437000 27.4522 21.4387 14.8131 63.704
6438000 28.4961 22.3205 14.6001 65.4167
6439000 29.2293 22.0581 15.3691 66.6565
6440000 30.3907 21.8345 14.9592 67.1844
6441000 31.1968 21.557 14.9531 67.7069
6442000 31.9353 20.9371 15.4549 68.3273
6443000 30.9579 21.4638 15.9866 68.4083
6444000 31.4567 21.6333 15.702 68.792
6445000 31.4868 20.9971 14.9627 67.4467
6446000 31.9726 21.4328 14.8109 68.2163
6447000 31.7714 21.7751 14.2108 67.7573
6448000 32.5063 22.6262 14.0993 69.2319
6449000 33.225 22.8366 13.5015 69.5631
6450000 33.6743 23.1244 13.2705 70.0693
6451000 34.1573 23.729 13.0406 70.9269
6452000 33.4973 23.7852 13.1547 70.4373
6453000 33.1444 25.5877 13.1096 71.8417
6454000 32.7928 26.3741 13.9113 73.0782
6455000 33.2679 26.3665 14.987 74.6214
6456000 33.7887 25.8132 15.066 74.6678
6457000 34.4583 25.4977 15.1548 75.1108
6458000 34.6839 25.1057 15.4496 75.2392
6459000 35.3462 24.9988 15.4945 75.8394
6460000 34.6634 24.9684 14.9505 74.5823
6461000 33.959 25.7282 14.7916 74.4789
6462000 32.896 25.6369 15.9772 74.5101
6463000 32.7111 26.4519 16.1382 75.3012
6464000 32.6448 27.0091 16.177 75.8309
6465000 33.4689 26.0546 17.1053 76.6288
6466000 32.9113 25.7788 17.1065 75.7965
6467000 33.4052 24.9965 17.8681 76.2698
6468000 33.581 23.6393 17.7991 75.0195
6469000 32.0941 23.0837 17.8554 73.0332
6470000 31.8887 22.9103 18.2495 73.0484
6471000 31.721 21.9064 18.5877 72.2151
6472000 31.6004 20.5215 19.0907 71.2127
6473000 30.3098 19.1204 19.1268 68.5569
6474000 30.6472 18.7164 18.9934 68.357
6475000 31.4183 18.5139 18.9179 68.8501
6476000 32.5351 18.9137 19.3096 70.7584
6477000 33.7324 20.5603 18.6405 72.9332
6478000 32.8667 20.5078 17.7789 71.1534
6479000 33.2122 19.9796 17.6228 70.8147
6480000 33.7382 21.0633 16.871 71.6725
6481000 33.2559 23.1402 16.5051 72.9012
6482000 32.5884 23.5659 16.7711 72.9254
6483000 31.9564 23.5241 17.3716 72.8522
6484000 33.4624 22.8449 17.4163 73.7237
6485000 34.7141 22.1202 16.8356 73.6699
6486000 35.4723 21.7129 16.9395 74.1247
6487000 35.6207 20.4921 17.1845 73.2973
6488000 36.158 21.1311 16.8751 74.1642
6489000 36.9077 22.0747 16.6154 75.5978
6490000 36.6322 21.6285 17.4093 75.6699
6491000 36.4526 20.7501 17.7199 74.9226
6492000 35.1137 19.8665 18.2032 73.1835
6493000 34.8602 19.9666 17.5964 72.4232
6494000 35.0636 19.6427 17.9278 72.634
6495000 36.2699 19.3644 18.5702 74.2045
6496000 35.8791 18.8515 19.0675 73.7981
6497000 36.6343 19.1257 19.2221 74.9821
6498000 35.2881 18.7779 18.8426 72.9086
6499000 34.6981 19.3378 18.7758 72.8118
6500000 34.5387 19.8954 19.1025 73.5366
6501000 32.9314 19.3164 19.4296 71.6774
6502000 33.1238 19.6227 18.4746 71.2211
6503000 33.5965 19.9732 18.9735 72.5432
6504000 32.5886 20.4301 19.0423 72.0609
6505000 32.5099 20.4698 18.6108 71.5906
6506000 33.6288 20.4483 17.7706 71.8478
6507000 35.2984 20.1264 18.1466 73.5715
6508000 36.1571 20.0728 18.8323 75.0621
6509000 37.0035 19.5623 18.8609 75.4267
6510000 37.9006 20.0112 19.4534 77.3652
6511000 36.5552 19.9445 20.2693 76.769
6512000 35.8346 21.0158 20.3295 77.1799
6513000 35.7285 21.324 20.8077 77.8602
6514000 37.1763 22.3457 21.1221 80.6442
6515000 37.7138 22.6356 21.0043 81.3538
6516000 37.6231 23.5475 19.929 81.0996
6517000 38.5479 24.366 20.0141 82.928
6518000 40.428 23.4596 19.9956 83.8832
6519000 40.4598 23.5311 19.5838 83.5747
6520000 38.6518 23.5979 20.2702 82.52
6521000 38.0129 23.0324 20.8463 81.8916
6522000 36.4298 24.184 20.7362 81.35
6523000 37.8232 24.0173 20.6488 82.4893
6524000 39.1878 24.6558 21.0773 84.9209
6525000 39.4102 24.9304 21.1125 85.4531
6526000 37.7023 23.6074 19.9925 81.3023
6527000 37.2919 24.3434 19.7782 81.4134
6528000 35.988 24.9283 20.5798 81.4961
6529000 36.3347 25.1307 21.9611 83.4265
6530000 36.4727 25.0508 21.9402 83.4637
6531000 36.6962 24.2821 21.7735 82.7519
6532000 37.4081 24.9964 21.6109 84.0155
6533000 38.5985 25.0196 22.4061 86.0242
6534000 39.1536 24.3063 22.9043 86.3643
6535000 39.7448 23.6364 22.8575 86.2388
6536000 39.7446 23.7174 22.2868 85.7487
6537000 40.5601 24.2302 22.3478 87.138
6538000 40.1709 24.7217 21.9664 86.859
6539000 41.3522 25.9932 21.8078 89.1532
6540000 40.3282 24.952 21.6727 86.9528
6541000 39.8354 24.6607 22.384 86.8801
6542000 40.4898 25.1674 23.0301 88.6873
6543000 39.205 24.6103 23.7438 87.5591
6544000 38.5123 24.1984 22.344 85.0547
6545000 38.8933 24.4235 22.5952 85.912
6546000 37.8262 25.8341 22.4756 86.136
6547000 38.3664 25.8414 22.0744 86.2822
6548000 38.3889 25.0727 22.5648 86.0263
6549000 37.714 25.0008 20.5371 83.2519
6550000 35.9452 25.1088 20.2826 81.3367
6551000 35.9718 24.64 20.4301 81.0419
6552000 34.9263 25.038 20.2621 80.2264
6553000 33.9617 25.0439 20.0106 79.0162
6554000 33.9849 24.6869 20.7898 79.4616
6555000 34.7911 24.656 20.096 79.5432
6556000 35.1406 25.4434 20.0612 80.6452
6557000 35.2205 26.3108 20.0251 81.5564
6558000 34.8137 26.0854 18.8659 79.7649
6559000 35.0226 26.6667 18.8273 80.5166
6560000 37.2201 27.0957 19.3662 83.682
6561000 37.9759 26.9091 18.9143 83.7994
6562000 38.1031 26.6317 18.5404 83.2752
6563000 38.2824 27.0177 18.2662 83.5663
6564000 38.0438 28.5059 17.9078 84.4575
6565000 37.7188 28.1233 17.123 82.965
6566000 35.977 28.25 16.7632 80.9902
6567000 36.3536 29.0708 16.5409 81.9653
6568000 34.9312 27.1352 16.1708 78.2371
6569000 35.5875 26.3007 16.9582 78.8465
6570000 36.8317 27.4704 17.9212 82.2234
6571000 37.5924 29.2009 17.5123 84.3056
6572000 37.7835 30.4586 16.9963 85.2384
6573000 39.2763 30.4123 16.7163 86.4049
6574000 40.7272 31.3525 16.6823 88.762
6575000 39.2829 31.0302 17.3527 87.6658
6576000 39.8417 31.4543 17.03 88.3259
6577000 38.7968 31.8928 17.7614 88.451
6578000 40.488 33.0544 17.8906 91.433
6579000 41.0941 32.1838 17.7546 91.0324
6580000 39.8331 31.5978 17.1909 88.6218
6581000 39.8657 31.5182 16.6214 88.0052
6582000 40.4394 31.4071 16.626 88.4725
6583000 41.3129 31.8369 16.9118 90.0616
6584000 42.3383 31.1583 16.9574 90.454
6585000 43.3424 30.3015 17.5261 91.17
6586000 41.877 31.3572 17.461 90.6952
6587000 40.9751 30.7365 17.4964 89.208
6588000 42.2603 29.9432 18.3097 90.5132
6589000 42.3426 29.4474 18.2011 89.9911
6590000 41.7201 29.2844 18.4845 89.4891
6591000 40.8384 28.8303 18.4506 88.1193
6592000 42.7946 28.9457 18.584 90.3243
6593000 43.3835 28.1249 19.4076 90.916
6594000 41.9794 29.0216 19.6528 90.6538
6595000 41.4869 28.543 19.8205 89.8504
6596000 41.7729 27.9837 19.9457 89.7023
6597000 40.6684 26.8687 19.0824 86.6195
6598000 41.0785 27.7185 18.1036 86.9006
6599000 41.5715 27.0434 17.3298 85.9447
6600000 40.4475 26.6417 17.2129 84.3021
6601000 40.814 26.7701 17.2427 84.8269
6602000 42.1375 26.7503 17.8656 86.7535
6603000 42.48 26.889 18.0522 87.4212
6604000 43.1136 27.37 17.9554 88.439
6605000 42.554 27.2487 18.1441 87.9468
6606000 43.5148 28.0889 18.3476 89.9513
6607000 43.7611 28.586 17.9722 90.3192
6608000 44.973 27.9196 17.9322 90.8248
6609000 45.0955 29.355 17.9599 92.4104
6610000 46.3653 30.0056 17.4925 93.8634
6611000 47.7696 29.7692 17.2497 94.7885
6612000 48.9533 31.181 16.7019 96.8362
6613000 48.5686 32.627 16.5918 97.7875
6614000 48.744 33.2601 16.9477 98.9518
6615000 47.9852 33.0708 17.3884 98.4444
6616000 47.9075 33.338 17.8958 99.1413
6617000 48.3292 35.0297 19.02 102.379
6618000 48.9558 35.6725 18.8393 103.468
6619000 50.2525 35.1262 18.8263 104.205
6620000 49.382 35.0832 19.4757 103.941
6621000 47.2531 34.9092 19.0866 101.249
6622000 45.7672 34.4142 19.5702 99.7515
6623000 45.1068 34.2013 20.2057 99.5138
6624000 45.8866 33.0322 19.4679 98.3867
6625000 45.2042 34.7718 18.9437 98.9197
6626000 44.8539 33.8175 18.2805 96.952
6627000 44.5933 35.3536 18.3634 98.3103
6628000 43.8798 35.6961 18.0289 97.6047
6629000 44.5656 35.6333 17.0052 97.2041
6630000 44.7666 35.3961 16.1535 96.3163
6631000 43.9464 35.6649 15.9963 95.6076
6632000 43.7648 36.9052 16.4393 97.1093
6633000 43.1292 35.3587 16.7124 95.2004
6634000 42.3897 34.7881 16.363 93.5408
6635000 43.0644 34.0506 15.9498 93.0647
6636000 43.911 34.3495 16.4067 94.6672
6637000 44.7565 33.4613 17.7461 95.9639
6638000 44.7137 32.9064 17.5075 95.1276
6639000 44.3087 32.7907 17.0078 94.1072
6640000 44.2855 32.7931 16.169 93.2475
6641000 44.3955 33.3255 15.9591 93.68
6642000 45.3913 32.2517 17.0041 94.647
6643000 45.8389 33.5257 16.1912 95.5558
6644000 47.4145 34.3434 16.1498 97.9078
6645000 47.1827 33.1033 15.5382 95.8242
6646000 45.7831 31.3907 15.5074 92.6811
6647000 43.6105 31.2695 16.1918 91.0718
6648000 42.9454 31.4224 17.3516 91.7194
6649000 43.167 31.2323 17.8065 92.2057
6650000 42.7315 32.4326 18.2724 93.4365
6651000 43.1541 34.1461 18.8615 96.1617
6652000 44.8984 33.597 18.1551 96.6506
6653000 43.6317 35.0155 18.5362 97.1834
6654000 44.0037 34.8473 18.0368 96.8878
6655000 44.1579 34.088 17.5103 95.7562
6656000 42.8634 33.7695 17.4409 94.0738
6657000 43.1146 35.8415 17.3565 96.3126
6658000 44.017 35.5546 17.7518 97.3234
6659000 43.8606 36.1756 17.6044 97.6407
6660000 42.5337 35.8238 17.0011 95.3587
6661000 40.5633 34.0516 16.6792 91.2942
6662000 39.1841 34.1686 16.0992 89.4519
6663000 38.0788 32.5152 16.1065 86.7006
6664000 38.8378 32.1812 16.1164 87.1355
6665000 38.7118 30.9359 16.3182 85.9658
6666000 38.7629 30.298 15.5025 84.5634
6667000 41.6506 29.7667 15.3639 86.7812
6668000 41.5017 29.4155 15.4528 86.3699
6669000 41.5041 29.8015 15.6495 86.9552
6670000 40.0314 29.204 15.2333 84.4687
6671000 39.9484 30.5059 15.0468 85.5011
6672000 38.8395 30.6501 15.0777 84.5672
6673000 38.9487 31.8 14.7266 85.4753
6674000 39.9059 33.1886 14.6463 87.7408
6675000 41.3235 32.2572 14.2997 87.8804
6676000 41.2148 33.103 14.466 88.7838
6677000 41.0073 32.1792 14.0239 87.2104
6678000 43.4431 31.8981 14.4051 89.7463
6679000 44.3293 30.7528 14.5985 89.6806
6680000 43.5288 30.6406 14.9257 89.0951
6681000 44.4887 31.7911 15.5819 91.8617
6682000 45.4393 31.7759 15.7863 93.0015
6683000 44.3538 32.0355 15.8957 92.285
6684000 45.1671 32.6184 15.5091 93.2946
6685000 46.3133 32.5456 14.9415 93.8004
6686000 47.0644 31.7628 15.2754 94.1026
6687000 46.7739 33.3989 15.8865 96.0594
6688000 46.3598 33.891 15.4189 95.6697
6689000 45.8458 34.1174 15.8205 95.7837
6690000 44.6109 34.7699 16.392 95.7728
6691000 43.9263 35.5807 17.4972 97.0042
6692000 43.6999 34.1415 16.7777 94.6191
6693000 44.1827 32.8651 16.3457 93.3935
6694000 41.7621 32.5797 15.5542 89.8961
6695000 41.0468 32.3931 15.503 88.9429
6696000 39.6333 32.1618 16.0854 87.8805
6697000 39.8621 31.4106 16.6862 87.9589
6698000 39.2273 32.7769 17.2814 89.2856
6699000 38.5415 32.3359 18.8248 89.7023
6700000 37.2487 30.7481 18.7867 86.7835
6701000 36.4947 31.6879 19.1953 87.3779
6702000 34.8675 31.5006 19.5852 85.9534
6703000 34.3465 31.296 20.341 85.9835
6704000 34.7528 30.6282 20.3086 85.6897
6705000 33.4252 30.2621 20.1391 83.8264
6706000 33.0648 30.9491 19.5584 83.5722
6707000 32.8874 32.0361 19.8171 84.7406
6708000 31.2266 31.0323 20.6962 82.9552
6709000 31.6169 33.0294 21.0695 85.7159
6710000 31.7058 33.8563 20.8258 86.3879
6711000 32.2444 33.2979 20.7053 86.2476
6712000 31.2461 32.5139 19.9564 83.7164
6713000 30.986 32.263 19.9656 83.2146
6714000 30.6257 31.8699 20.0272 82.5228
6715000 29.2347 31.2875 20.6775 81.1997
6716000 28.6686 32.0175 19.9483 80.6344
6717000 28.7305 33.1198 19.4513 81.3016
6718000 29.5032 33.773 18.8305 82.1068
6719000 30.1708 33.2467 19.3959 82.8135
6720000 31.2049 33.8921 20.6058 85.7028
6721000 31.0306 34.4522 21.4938 86.9766
6722000 30.9199 34.2355 21.0446 86.2
6723000 30.2604 32.6412 21.3225 84.2241
6724000 29.2291 32.9733 21.4374 83.6398
6725000 28.6708 34.0148 21.3208 84.0064
6726000 27.0735 34.2063 20.9946 82.2744
6727000 26.9624 34.2684 20.5163 81.747
6728000 26.4213 35.6746 21.4206 83.5165
6729000 27.3045 37.4886 21.7293 86.5224
6730000 28.1932 38.4813 21.3568 88.0313
6731000 27.2023 36.3972 20.9302 84.5297
6732000 26.1963 36.5529 20.7436 83.4928
6733000 25.2852 36.3437 20.9794 82.6083
6734000 24.668 33.8355 22.9494 81.453
6735000 23.8797 34.5976 22.626 81.1032
6736000 24.6059 34.5737 22.2335 81.413
6737000 24.8453 34.3122 22.2786 81.4361
6738000 26.0023 34.8882 24.0569 84.9475
6739000 25.9365 34.2028 22.8583 82.9975
6740000 25.68 33.6639 21.9961 81.34
6741000 25.082 32.1611 22.114 79.3572
6742000 24.563 30.8809 21.8397 77.2836
6743000 24.7834 30.3635 21.9186 77.0655
6744000 25.3882 30.5138 22.1751 78.0771
6745000 25.7601 30.9508 22.0892 78.8002
6746000 26.4804 29.9045 21.9361 78.321
6747000 26.7237 30.2615 22.0288 79.014
6748000 24.4862 30.1087 21.8368 76.4316
6749000 24.2195 29.1436 22.4262 75.7893
6750000 23.8336 29.3463 23.2722 76.4521
6751000 22.5493 30.5979 24.4865 77.6337
6752000 21.3595 29.5787 24.1601 75.0983
6753000 22.2104 28.137 23.2559 73.6033
6754000 22.015 26.5592 22.5968 71.171
6755000 21.8517 26.5194 22.7943 71.1653
6756000 23.3565 27.2513 23.1467 73.7546
6757000 23.4935 26.6944 23.5133 73.7011
6758000 23.2338 26.0066 23.729 72.9695
6759000 23.5341 26.2347 24.3922 74.1611
6760000 23.0811 26.9415 26.4247 76.4472
6761000 22.4459 27.0095 25.2672 74.7226
6762000 23.4922 27.2833 25.3348 76.1103
6763000 24.3959 27.4014 25.1696 76.9669
6764000 23.6302 28.1666 24.3516 76.1485
6765000 22.9997 28.7301 24.4765 76.2063
6766000 22.5821 29.141 24.4106 76.1337
6767000 22.6126 29.968 23.9311 76.5117
6768000 21.3695 29.5946 25.3013 76.2654
6769000 21.2825 29.7834 25.7388 76.8047
6770000 22.2412 29.8594 26.1925 78.2932
6771000 21.9824 29.0161 25.5209 76.5194
6772000 23.4063 28.9453 25.1314 77.4829
6773000 23.6239 27.9774 25.3128 76.9141
6774000 22.5241 29.2408 26.3693 78.1343
6775000 22.8255 31.3313 26.6358 80.7926
6776000 22.798 31.0303 25.45 79.2783
6777000 22.5506 30.3462 25.1586 78.0555
6778000 22.8417 30.4288 25.0747 78.3452
6779000 21.1619 31.9368 24.4956 77.5943
6780000 20.5113 32.8413 23.6617 77.0143
6781000 20.2998 31.2052 23.0919 74.5969
6782000 20.6299 30.1398 23.7756 74.5452
6783000 21.7137 30.7929 24.9793 77.4859
6784000 21.0629 31.016 25.0975 77.1764
6785000 21.702 30.6639 25.2309 77.5968
6786000 21.7476 30.631 26.0488 78.4274
6787000 21.4949 29.9656 25.5389 76.9994
6788000 22.25 27.3258 24.3324 73.9082
6789000 22.036 27.621 23.6875 73.3445
6790000 22.2036 28.1583 23.327 73.6889
6791000 21.8264 28.5805 24.7406 75.1476
6792000 20.3991 29.2333 25.5758 75.2081
6793000 19.5837 28.2883 24.3937 72.2656
6794000 17.9359 29.304 24.3357 71.5756
6795000 18.0193 30.7906 24.7057 73.5156
6796000 18.8707 31.8442 24.1958 74.9107
6797000 19.0945 32.0298 23.5072 74.6316
6798000 18.6067 30.4613 23.1341 72.2021
6799000 17.3317 29.4527 22.9829 69.7673
6800000 17.466 29.939 23.8795 71.2845
6801000 17.2939 32.0991 23.9442 73.3372
6802000 16.5702 33.6138 23.8676 74.0515
6803000 16.6257 32.453 23.3596 72.4383
6804000 17.5855 33.9165 23.6107 75.1127
6805000 17.8414 33.1834 24.1297 75.1545
6806000 18.3392 32.0315 24.8437 75.2144
6807000 17.8048 32.5098 25.1821 75.4967
6808000 16.9029 33.0015 25.2815 75.1859
6809000 16.4854 32.1216 24.3316 72.9385
6810000 16.6006 31.6823 23.5267 71.8096
6811000 16.0251 33.1567 22.7517 71.9335
6812000 16.3011 34.0661 23.4763 73.8434
6813000 16.7475 33.3077 23.266 73.3213
6814000 17.133 31.972 22.8608 71.9658
6815000 17.9514 32.4471 23.2543 73.6527
6816000 17.5487 32.1063 22.2146 71.8695
6817000 16.0241 31.3999 21.8988 69.3228
6818000 15.5116 31.7462 22.0379 69.2958
6819000 14.7785 31.5121 21.7076 67.9982
6820000 15.8972 31.9734 22.107 69.9776
6821000 17.1316 32.3523 21.7607 71.2446
6822000 19.1875 33.2413 21.266 73.6948
6823000 21.384 34.4796 20.802 76.6657
6824000 21.3504 35.57 22.0914 79.0118
6825000 21.2625 35.3548 23.1163 79.7336
6826000 21.18 33.0077 23.5058 77.6934
6827000 21.0836 32.7234 23.0438 76.8508
6828000 21.4717 34.4166 23.5995 79.4879
6829000 21.0432 32.9956 23.2578 77.2965
6830000 21.4067 32.3955 23.7334 77.5356
6831000 21.7674 31.1922 23.9334 76.8931
6832000 20.8643 31.5244 23.373 75.7616
6833000 20.3572 32.6776 22.6163 75.6512
6834000 20.1227 33.5474 22.7396 76.4097
6835000 20.7131 35.5622 23.5216 79.7969
6836000 20.7526 34.8034 23.6374 79.1934
6837000 20.4758 34.3024 25.4589 80.2371
6838000 20.6906 34.6596 26.3025 81.6528
6839000 21.1363 36.5929 26.5004 84.2297
6840000 21.2011 37.5832 25.1284 83.9128
6841000 21.3489 38.2726 25.5572 85.1787
6842000 21.6071 38.2001 25.392 85.1992
6843000 21.1452 37.3693 26.6456 85.16
6844000 21.6543 38.5483 27.3506 87.5531
6845000 22.8837 39.4056 27.3571 89.6464
6846000 22.8033 39.1709 27.9003 89.8746
6847000 23.2886 38.7043 28.2373 90.2303
6848000 24.2962 38.6681 28.2667 91.231
6849000 24.8227 39.5645 27.949 92.3363
6850000 25.0495 39.759 28.5112 93.3197
6851000 24.6947 39.2989 28.2829 92.2765
6852000 23.7514 39.6898 28.0546 91.4958
6853000 24.456 42.0897 27.2782 93.8239
6854000 24.7896 43.3479 27.8127 95.9501
6855000 23.6505 43.9732 28.143 95.7667
6856000 22.8042 43.9566 27.0442 93.805
6857000 22.6426 43.5885 27.2038 93.4349
6858000 23.3267 42.4046 27.1775 92.9088
6859000 23.6922 42.1566 26.2702 92.1191
6860000 24.0185 42.8217 25.537 92.3771
6861000 23.0173 44.1074 25.4141 92.5388
6862000 23.0026 46.3341 25.6021 94.9387
6863000 22.8056 45.6778 26.0941 94.5775
6864000 22.4051 43.5989 26.4128 92.4169
6865000 23.7925 43.7136 26.35 93.8561
6866000 24.873 44.0532 24.8434 93.7696
6867000 24.5579 43.5709 24.7747 92.9036
6868000 25.773 45.7503 24.4399 95.9631
6869000 26.0552 47.3268 23.9511 97.3331
6870000 25.6526 49.7872 23.9692 99.4089
6871000 25.0075 49.5814 24.3402 98.9291
6872000 26.7404 49.5852 24.9619 101.288
6873000 27.3504 48.7636 23.9195 100.034
6874000 26.7136 49.8642 23.886 100.464
6875000 28.0477 50.9192 23.9877 102.955
6876000 28.4089 48.336 24.3473 101.092
6877000 29.6982 50.2165 25.07 104.985
6878000 30.0703 50.346 26.0998 106.516
6879000 29.4831 49.6434 27.748 106.875
6880000 30.1189 48.4932 28.0534 106.665
6881000 30.4002 47.4396 27.4119 105.252
6882000 29.1081 47.8707 26.5847 103.564
6883000 28.2603 48.3925 26.9387 103.591
6884000 29.1468 47.3323 26.2926 102.772
6885000 29.9811 46.1338 25.7001 101.815
6886000 31.5212 46.1963 25.2695 102.987
6887000 33.3923 44.6277 25.547 103.567
6888000 33.6888 44.4526 25.773 103.914
6889000 35.1859 45.1655 25.2467 105.598
6890000 37.0561 45.6618 24.5649 107.283
6891000 36.7505 47.9064 25.0051 109.662
6892000 36.7633 48.3023 24.1848 109.251
6893000 37.2215 48.8914 24.3175 110.43
6894000 38.5584 48.6234 24.2541 111.436
6895000 38.694 47.2671 23.9274 109.888
6896000 38.5182 46.5006 23.3734 108.392
6897000 37.3617 46.664 23.6857 107.711
6898000 36.5385 49.0933 23.4788 109.111
6899000 36.9976 50.9449 23.4059 111.348
6900000 36.2923 50.4527 23.6124 110.357
6901000 37.1758 50.2016 25.1876 112.565
6902000 36.5288 49.935 26.0195 112.483
6903000 36.6087 49.2952 27.1594 113.063
6904000 37.1367 47.7041 26.7088 111.55
6905000 36.8852 47.8649 26.4921 111.242
6906000 37.6998 46.4381 26.2399 110.378
6907000 37.5493 44.0729 26.4057 108.028
6908000 35.8903 44.6585 26.5049 107.054
6909000 36.3275 44.5448 23.9301 104.802
6910000 37.7508 45.6421 24.2656 107.659
6911000 35.446 46.0315 24.2531 105.731
6912000 34.7798 45.3359 25.1104 105.226
6913000 35.6573 44.9541 25.0949 105.706
6914000 36.109 44.8803 25.1411 106.13
6915000 37.1413 46.102 25.7222 108.965
6916000 37.1744 45.0395 26.2187 108.433
6917000 37.5939 44.8886 26.8091 109.292
6918000 37.4582 44.6459 26.6396 108.744
6919000 36.722 44.5233 27.351 108.596
6920000 37.655 44.8082 26.9993 109.462
6921000 36.797 44.5545 27.0472 108.399
6922000 35.784 44.9739 27.3861 108.144
6923000 37.0761 46.5077 26.8024 110.386
6924000 37.0266 47.0033 26.4112 110.441
6925000 38.2364 47.4705 25.9655 111.672
6926000 37.8156 47.7321 26.1474 111.695
6927000 37.6862 48.4452 25.4165 111.548
6928000 37.0288 47.7624 25.8762 110.667
6929000 36.292 46.3858 26.1324 108.81
6930000 36.5702 45.7761 25.5638 107.91
6931000 37.3746 48.0634 26.0545 111.493
6932000 39.162 47.4122 26.1529 112.727
6933000 39.7045 45.071 26.8941 111.67
6934000 41.0143 44.6957 26.1566 111.867
6935000 42.6014 44.2085 25.8161 112.626
6936000 44.0283 43.7663 26.2611 114.056
6937000 41.862 44.097 27.3239 113.283
6938000 41.1625 46.4827 27.8762 115.521
6939000 40.8769 45.9204 28.3907 115.188
6940000 40.9895 45.9377 28.0512 114.978
6941000 41.8111 46.0852 29.335 117.231
6942000 40.4571 47.0529 28.1222 115.632
6943000 40.0866 49.3336 27.0048 116.425
6944000 40.1021 50.8697 27.8922 118.864
6945000 41.5407 51.0523 27.3321 119.925
6946000 41.8251 53.4825 27.3268 122.634
6947000 43.1997 53.1129 27.0265 123.339
6948000 43.1175 53.2989 26.9698 123.386
6949000 42.5721 52.0391 25.4836 120.095
6950000 43.8913 51.518 24.7134 120.123
6951000 45.7538 51.7163 24.3477 121.818
6952000 45.9901 51.5599 23.8571 121.407
6953000 46.0278 49.8401 24.1586 120.027
6954000 45.2761 49.2928 24.6137 119.183
6955000 45.5436 50.433 23.9017 119.878
6956000 45.6961 53.1951 23.5399 122.431
6957000 46.1846 55.108 22.7806 124.073
6958000 45.7154 53.9147 23.8273 123.457
6959000 45.4332 53.0443 23.3818 121.859
6960000 46.8501 52.5278 23.5768 122.955
6961000 46.5901 51.2359 22.8081 120.634
6962000 46.45 50.5583 23.6012 120.609
6963000 47.7737 50.9838 23.9525 122.71
6964000 46.6874 50.5519 24.1237 121.363
6965000 46.3581 50.3852 24.3977 121.141
6966000 46.8141 50.4268 24.232 121.473
6967000 47.008 49.4698 24.5644 121.042
6968000 48.5895 50.0292 24.8065 123.425
6969000 49.5781 54.465 24.6636 128.707
6970000 47.9866 55.3601 24.2009 127.548
6971000 45.3692 55.0189 24.1118 124.5
6972000 43.0281 56.2026 24.3051 123.536
6973000 44.0205 57.9411 25.191 127.153
6974000 46.4952 58.5527 25.3495 130.397
6975000 44.5727 56.9061 26.2826 127.761
6976000 43.4502 57.1096 26.9444 127.504
6977000 42.2688 56.7218 27.8424 126.833
6978000 43.0612 57.2042 28.9466 129.212
6979000 44.7487 56.042 29.1314 129.922
6980000 45.1308 57.9736 28.9234 132.028
6981000 45.6619 57.8074 28.1573 131.627
6982000 44.6396 58.3846 28.6455 131.67
6983000 44.4788 57.1365 29.3947 131.01
6984000 43.1004 56.8493 28.7116 128.661
6985000 42.262 55.362 27.3117 124.936
6986000 42.6101 54.4285 27.3491 124.388
6987000 41.4913 55.6038 26.8166 123.912
6988000 42.7892 55.3527 27.1071 125.249
6989000 42.6452 54.0139 27.4933 124.152
6990000 43.1103 53.7062 27.9633 124.78
6991000 44.2288 54.7516 27.8487 126.829
6992000 45.2235 55.1281 27.5157 127.867
6993000 46.3417 53.7341 27.5903 127.666
6994000 48.1762 53.6644 28.0891 129.93
6995000 46.5014 54.4373 28.1077 129.046
6996000 47.3244 54.1185 28.8399 130.283
6997000 48.0237 53.6485 29.1373 130.809
6998000 47.5422 53.9936 30.3721 131.908
6999000 46.7575 56.0853 29.9103 132.753
7000000 46.4371 54.6566 30.2033 131.297
7001000 46.2901 54.0383 30.3849 130.713
7002000 46.7631 52.3011 29.4311 128.495
7003000 46.5166 51.8913 28.4206 126.829
7004000 46.1086 53.6983 28.956 128.763
7005000 48.113 51.1755 29.7628 129.051
7006000 46.3852 51.0684 29.7019 127.155
7007000 45.693 50.341 30.087 126.121
7008000 45.2421 50.4299 30.0198 125.692
7009000 43.586 51.1148 30.0663 124.767
7010000 42.4259 51.2663 30.4571 124.149
7011000 41.3092 50.9289 31.1379 123.376
7012000 40.6131 51.1272 31.1732 122.914
7013000 40.1858 50.8685 31.2826 122.337
7014000 39.8343 48.9234 31.8548 120.613
7015000 37.8781 46.4429 32.7776 117.099
7016000 38.6036 46.0907 33.2093 117.904
7017000 39.3243 47.9611 32.9701 120.255
7018000 38.79 49.53 33.9634 122.283
7019000 41.081 48.0771 34.7423 123.9
7020000 42.6461 48.1285 33.8637 124.638
7021000 43.3135 48.7867 32.4151 124.515
7022000 43.3068 47.9133 33.1344 124.354
7023000 44.728 46.6613 33.2097 124.599
7024000 45.8405 46.9579 31.5981 124.396
7025000 45.846 46.581 30.8351 123.262
7026000 46.3454 46.2333 31.127 123.706
7027000 45.604 44.6489 30.9018 121.155
7028000 46.1643 44.6309 30.8091 121.604
7029000 46.2209 45.9986 30.8376 123.057
7030000 46.4913 46.0973 31.13 123.719
7031000 47.9027 43.1795 30.8874 121.97
7032000 47.8257 40.5181 31.156 119.5
7033000 48.5498 39.3339 31.7222 119.606
7034000 47.8486 40.2084 32.8792 120.936
7035000 47.6208 40.3465 33.8735 121.841
7036000 47.8125 39.6693 33.2021 120.684
7037000 48.1798 40.1691 32.862 121.211
7038000 47.2426 41.3619 32.2912 120.896
7039000 44.5044 41.1618 32.5677 118.234
7040000 44.3583 41.2174 33.9879 119.564
7041000 45.1918 39.9994 34.3723 119.563
7042000 44.1193 39.0157 34.3207 117.456
7043000 43.1244 38.8421 34.4106 116.377
7044000 41.5834 39.8212 33.794 115.199
7045000 41.4677 40.1373 34.2556 115.861
7046000 42.5501 41.4575 32.4671 116.475
7047000 42.9768 40.6861 31.7209 115.384
7048000 42.816 40.6485 31.2836 114.748
7049000 42.6736 39.6874 31.2908 113.652
7050000 42.304 38.5538 30.2681 111.126
7051000 42.2925 37.9147 31.8023 112.01
7052000 41.4581 36.7118 32.6811 110.851
7053000 42.6474 36.6876 33.4748 112.81
7054000 42.0363 37.5133 32.7288 112.278
7055000 43.5465 36.8599 31.8132 112.22
7056000 43.5449 36.7356 31.7368 112.017
7057000 42.3812 35.9816 31.8492 110.212
7058000 40.4576 36.0691 30.6206 107.147
7059000 39.1437 35.4088 31.2261 105.779
7060000 37.8486 34.4401 31.7601 104.049
7061000 38.1755 34.3213 31.8485 104.345
7062000 37.9501 33.6254 32.8548 104.43
7063000 37.5152 33.9751 33.4174 104.908
7064000 37.7484 34.2176 32.685 104.651
7065000 37.9278 33.8267 32.0086 103.763
7066000 40.3504 34.3503 32.3796 107.08
7067000 41.7958 35.2669 32.73 109.793
7068000 42.1894 34.4233 32.5745 109.187
7069000 41.623 33.3844 32.2354 107.243
7070000 41.7896 32.2787 32.6157 106.684
7071000 41.5625 31.8341 33.0123 106.409
7072000 40.3841 33.7808 33.4373 107.602
7073000 40.9364 33.449 33.7902 108.176
7074000 41.0019 33.6728 33.1625 107.837
7075000 40.5608 33.8176 34.1099 108.488
7076000 40.0559 33.2269 34.0034 107.286
7077000 40.8438 32.3584 33.1673 106.37
7078000 39.6651 32.7222 31.3782 103.765
7079000 37.6656 32.1885 32.1 101.954
7080000 37.0875 32.6105 32.0435 101.741
7081000 37.4895 32.5205 32.6005 102.611
7082000 38.5227 32.9884 32.4821 103.993
7083000 38.7068 35.0801 33.1453 106.932
7084000 39.4573 35.4594 32.5689 107.486
7085000 39.3118 36.2211 32.2608 107.794
7086000 38.3301 36.1388 32.9262 107.395
7087000 37.3747 36.3375 33.9709 107.683
7088000 38.3494 36.2746 32.6891 107.313
7089000 38.6352 35.5823 32.8329 107.05
7090000 39.364 35.8164 33.1204 108.301
7091000 38.4456 34.1889 34.1118 106.746
7092000 38.4052 33.5077 34.5932 106.506
7093000 37.4754 33.8609 33.196 104.532
7094000 39.0007 34.5131 32.2724 105.786
7095000 38.718 33.8459 33.2387 105.803
7096000 38.6872 34.0358 32.626 105.349
7097000 39.0065 32.8876 31.3822 103.276
7098000 38.9195 31.1375 30.3248 100.382
7099000 39.0937 32.1343 29.6213 100.849
7100000 38.872 31.6162 29.3662 99.8544
7101000 40.3005 29.4646 30.9421 100.707
7102000 40.9627 28.4515 31.1603 100.575
7103000 41.4752 27.8371 29.9853 99.2975
7104000 40.8558 28.2505 30.0898 99.1961
7105000 40.71 28.3903 29.6103 98.7107
7106000 42.3364 29.8395 29.4907 101.667
7107000 42.2371 30.8306 29.5086 102.576
7108000 41.917 30.4077 30.6785 103.003
7109000 41.7346 30.7925 30.1944 102.722
7110000 40.9808 30.8748 30.3847 102.24
7111000 39.1656 33.5605 27.9757 100.702
7112000 38.7436 32.9543 27.5939 99.2917
7113000 38.1191 32.4017 28.4315 98.9523
7114000 37.5172 31.4923 29.0195 98.029
7115000 38.7331 31.1775 28.3979 98.3085
7116000 39.364 31.4105 28.413 99.1874
7117000 38.9754 31.2886 28.5741 98.838
7118000 38.858 30.3892 27.38 96.6272
7119000 39.1283 30.6918 27.5703 97.3904
7120000 37.2585 30.0791 28.4924 95.83
7121000 36.5287 30.033 29.0721 95.6338
7122000 34.2124 31.2815 29.668 95.1619
7123000 33.2164 30.5633 29.7783 93.5581
7124000 33.535 28.9557 29.3216 91.8122
7125000 33.3918 29.1716 29.3516 91.915
7126000 34.3432 29.0014 29.0988 92.4433
7127000 34.5071 30.4603 29.5874 94.5549
7128000 35.5745 30.3549 30.3965 96.3259
7129000 36.6286 30.1479 30.9503 97.7267
7130000 38.8306 29.8564 30.8846 99.5715
7131000 39.1423 29.6912 31.935 100.769
7132000 39.0004 30.8094 32.6268 102.437
7133000 38.3656 30.7015 31.6382 100.705
7134000 38.2678 30.5878 31.2927 100.148
7135000 38.0007 29.3235 31.4956 98.8198
7136000 38.4146 29.793 31.7345 99.9422
7137000 40.4687 30.5182 30.9641 101.951
7138000 41.3611 31.5967 30.5107 103.468
7139000 39.5724 32.8831 31.5188 103.974
7140000 39.2553 33.2495 30.7672 103.272
7141000 38.9066 34.3613 30.2949 103.563
7142000 39.5795 34.8496 30.8019 105.231
7143000 40.5393 35.2567 30.2772 106.073
7144000 40.2335 34.3061 30.884 105.424
7145000 40.9447 34.46 30.8436 106.248
7146000 38.9349 35.2982 30.5388 104.772
7147000 37.0225 35.4681 30.4682 102.959
7148000 37.009 35.3364 28.8122 101.158
7149000 37.0967 35.5542 28.9095 101.56
7150000 37.4966 35.6605 28.9317 102.089
7151000 37.6006 36.1193 27.1977 100.918
7152000 37.7189 34.9011 26.5072 99.1273
7153000 39.0954 34.7533 27.4839 101.333
7154000 40.9958 35.4577 28.8724 105.326
7155000 42.5946 34.7382 29.2789 106.612
7156000 42.2189 35.2516 28.3615 105.832
7157000 41.5736 37.0686 26.8218 105.464
7158000 40.0211 37.5999 25.9815 103.602
7159000 37.6754 36.0514 25.393 99.1198
7160000 36.1509 37.2963 26.4851 99.9324
7161000 36.2348 36.198 26.0211 98.4539
7162000 36.6564 36.2676 25.6367 98.5606
7163000 37.0363 36.5095 26.3987 99.9446
7164000 35.3825 37.0574 26.6626 99.1026
7165000 35.5857 35.3173 24.8123 95.7154
7166000 36.3593 35.3087 24.617 96.2849
7167000 36.0676 34.5306 23.8031 94.4012
7168000 34.8877 34.2843 22.9283 92.1003
7169000 34.1549 33.7691 23.0464 90.9705
7170000 33.5523 33.92 22.6851 90.1574
7171000 33.1559 34.6241 22.4095 90.1894
7172000 33.4076 35.5551 22.0903 91.053
7173000 32.2247 37.2893 22.8333 92.3474
7174000 31.9926 36.6304 22.6924 91.3155
7175000 30.665 37.2981 23.1369 91.1
7176000 30.761 36.8025 23.6252 91.1887
7177000 32.4981 37.4962 23.4888 93.483
7178000 33.2886 38.3164 23.1823 94.7873
7179000 32.5317 38.1466 23.3189 93.9971
7180000 31.9625 36.7173 23.6088 92.2886
7181000 31.8227 36.8972 23.9776 92.6974
7182000 30.937 36.6897 24.2509 91.8776
7183000 31.5071 36.8845 24.4217 92.8133
7184000 32.5887 37.7687 23.3502 93.7075
7185000 32.3403 38.6847 22.8968 93.9218
7186000 32.8231 39.3205 22.8477 94.9913
7187000 33.0776 39.7134 23.1049 95.896
7188000 32.0625 39.0873 22.4213 93.5712
7189000 31.9698 39.6278 21.5085 93.1061
7190000 32.962 39.9234 22.4007 95.286
7191000 34.3452 41.3165 23.5505 99.2121
7192000 34.1027 40.8919 24.3401 99.3346
7193000 35.1679 40.1038 23.8123 99.0841
7194000 35.4158 40.1565 24.4848 100.057
7195000 34.5185 38.6463 24.4232 97.588
7196000 34.894 37.5361 24.3173 96.7475
7197000 36.1769 37.731 24.5572 98.4651
7198000 36.2248 38.273 25.0602 99.558
7199000 37.9857 36.9509 24.7207 99.6574
7200000 38.2701 36.7144 25.407 100.392
7201000 40.1518 37.2509 25.039 102.442
7202000 42.7299 37.8486 25.6547 106.233
7203000 41.7026 36.6227 24.195 102.52
7204000 40.8079 36.895 23.9953 101.698
7205000 38.6343 36.3012 23.7703 98.7058
7206000 38.7333 35.62 24.0428 98.3961
7207000 37.9721 37.0279 23.2778 98.2779
7208000 36.8702 38.3108 22.2625 97.4435
7209000 38.5032 38.1947 21.9583 98.6562
7210000 38.4372 38.0446 22.0902 98.572
7211000 39.3254 38.981 22.1187 100.425
7212000 38.7681 38.9593 22.1137 99.8411
7213000 37.9956 38.1588 22.2193 98.3737
7214000 36.8411 38.3031 22.2532 97.3974
7215000 36.6186 37.4946 22.1984 96.3116
7216000 36.3376 35.8121 22.3012 94.4509
7217000 36.7494 33.843 22.6781 93.2705
7218000 37.6263 31.9182 22.5586 92.1031
7219000 38.1219 31.8135 23.0351 92.9706
7220000 39.5677 31.9904 23.2331 94.7912
7221000 41.0305 31.2394 23.0254 95.2953
7222000 42.092 32.0748 23.017 97.1838
7223000 41.603 32.5054 22.7018 96.8102
7224000 41.4496 32.6811 21.9081 96.0388
7225000 41.2086 33.3769 22.142 96.7276
7226000 40.6561 34.4501 21.9952 97.1014
7227000 40.8842 35.1581 22.7853 98.8275
7228000 41.8365 34.5112 22.7281 99.0758
7229000 42.7974 34.7114 22.0077 99.5165
7230000 43.5903 33.3555 20.9236 97.8694
7231000 42.5214 31.9671 20.4029 94.8914
7232000 42.5961 31.5266 20.5145 94.6373
7233000 42.688 30.8364 20.9502 94.4746
7234000 41.583 30.5481 21.148 93.2791
7235000 42.0612 30.9476 20.92 93.9288
7236000 44.3207 30.4545 21.269 96.0442
7237000 44.9078 30.68 22.1936 97.7814
7238000 45.2629 30.318 21.7545 97.3354
7239000 45.4585 31.6755 20.9787 98.1127
7240000 46.4458 31.6176 20.3328 98.3961
7241000 45.7149 31.5227 20.2514 97.4891
7242000 46.1688 31.0359 20.055 97.2597
7243000 45.7724 30.106 19.9608 95.8391
7244000 47.3184 28.4915 20.2824 96.0923
7245000 46.9693 26.8324 20.8502 94.6518
7246000 46.9689 26.6152 21.1266 94.7107
7247000 47.6587 26.7355 20.8796 95.2737
7248000 48.0489 27.0357 20.8953 95.98
7249000 47.1626 26.885 20.9403 94.9878
7250000 47.3638 28.185 21.0996 96.6484
7251000 47.6267 29.7559 21.5665 98.9492
7252000 49.1819 29.0093 22.211 100.402
7253000 47.8789 28.4311 21.6306 97.9406
7254000 47.7842 27.767 21.883 97.4341
7255000 46.6908 27.7247 22.4972 96.9128
7256000 45.8707 28.7068 22.5754 97.1529
7257000 46.9334 28.1606 22.3458 97.4399
7258000 46.3556 27.9369 23.1047 97.3972
7259000 47.3943 29.8429 23.4567 100.694
7260000 47.4711 29.7595 23.8071 101.038
7261000 47.4163 27.8944 24.4928 99.8034
7262000 45.9283 28.1588 25.2428 99.33
7263000 46.5847 27.533 24.8506 98.9683
7264000 46.498 26.5464 24.4942 97.5386
7265000 46.3557 26.2475 25.4503 98.0535
7266000 45.4478 25.6227 25.7482 96.8187
7267000 46.6074 26.0107 26.4418 99.0599
7268000 47.2447 25.384 26.1023 98.7309
7269000 47.6509 26.2731 26.242 100.166
7270000 48.1187 26.226 25.1019 99.4467
7271000 49.2007 26.7276 25.1439 101.072
7272000 48.5766 27.6256 24.8773 101.08
7273000 47.5541 28.3877 24.7616 100.703
7274000 47.4667 27.753 25.4911 100.711
7275000 48.2374 27.6217 26.5601 102.419
7276000 48.0548 27.1733 25.267 100.495
7277000 46.1456 25.734 25.3379 97.2175
7278000 45.0706 24.9383 25.8805 95.8895
7279000 45.0935 24.8603 24.3421 94.2959
7280000 45.1816 24.4211 23.9119 93.5147
7281000 45.0193 23.8865 23.5638 92.4696
7282000 45.5004 24.4837 23.9173 93.9014
7283000 44.0493 24.6196 24.4122 93.0811
7284000 42.683 24.2788 23.9589 90.9206
7285000 44.2296 25.1923 23.9465 93.3684
7286000 46.4322 25.9647 23.5571 95.954
7287000 46.4073 26.1496 24.3185 96.8754
7288000 45.6658 26.4916 24.6379 96.7953
7289000 44.4383 25.6802 24.4966 94.6152
7290000 45.0839 25.7054 24.698 95.4873
7291000 45.207 25.6273 23.6581 94.4924
7292000 45.7046 25.6556 24.1459 95.5061
7293000 46.8902 26.2088 25.5611 98.6602
7294000 46.8422 25.3857 26.3127 98.5406
7295000 46.7913 24.3701 27.457 98.6184
7296000 44.504 24.0898 28.0291 96.6229
7297000 42.6228 25.3931 27.5485 95.5645
7298000 44.3482 26.2943 27.1081 97.7506
7299000 45.5217 27.5658 27.1382 100.226
7300000 45.9013 27.6538 26.0387 99.5938
7301000 45.9596 27.9256 25.1205 99.0057
7302000 45.4763 27.331 24.0213 96.8286
7303000 45.3067 28.7408 24.2909 98.3384
7304000 44.2075 28.868 24.5304 97.606
7305000 42.8994 27.4684 24.7212 95.0891
7306000 42.2152 27.2012 23.6147 93.031
7307000 41.7794 28.3491 23.1445 93.2731
7308000 41.0784 28.5577 22.8821 92.5182
7309000 40.536 27.2004 22.5112 90.2476
7310000 41.3277 27.1933 22.6234 91.1444
7311000 40.6191 27.5016 23.2149 91.3355
7312000 39.4059 27.882 23.6033 90.8912
7313000 39.0213 29.128 23.8351 91.9844
7314000 40.3223 28.3793 22.7482 91.4498
7315000 38.2842 28.0048 22.3348 88.6238
7316000 37.6779 28.0172 22.312 88.007
7317000 37.3366 27.3989 22.0323 86.7678
7318000 38.5105 28.4351 22.1709 89.1165
7319000 39.1774 28.6436 22.5537 90.3747
7320000 38.9474 28.2698 22.0757 89.2929
7321000 38.9159 27.7361 21.7411 88.3932
7322000 38.502 28.7794 20.9404 88.2219
7323000 38.0163 28.6711 19.5941 86.2815
7324000 37.1793 27.4659 19.3597 84.0049
7325000 37.3779 26.3706 19.1031 82.8515
7326000 39.2539 27.1487 18.4326 84.8352
7327000 38.8792 27.1073 18.6787 84.6652
7328000 38.2728 27.2306 18.5923 84.0957
7329000 36.9924 27.1149 18.0859 82.1932
7330000 37.9347 27.6666 18.5736 84.1749
7331000 37.9729 26.5934 18.9603 83.5266
7332000 38.48 27.5311 18.8041 84.8153
7333000 38.0544 27.1621 18.9846 84.2011
7334000 39.2632 26.8797 19.29 85.4328
7335000 39.2917 27.0795 18.8116 85.1828
7336000 38.6475 26.2832 18.9298 83.8605
7337000 38.8865 25.2013 19.2492 83.337
7338000 38.6479 24.5009 18.9012 82.05
7339000 39.5019 23.6836 18.6477 81.8331
7340000 39.5347 23.2109 17.3976 80.1432
7341000 37.7134 24.1437 17.2828 79.1399
7342000 37.4997 23.6986 17.117 78.3154
7343000 37.3063 23.184 17.041 77.5313
7344000 37.6829 24.1122 17.006 78.8011
7345000 37.8301 23.372 16.1438 77.3459
7346000 38.4309 22.7697 16.2307 77.4314
7347000 38.3451 22.9875 16.1999 77.5325
7348000 38.793 23.767 17.1116 79.6715
7349000 38.668 24.6952 16.9733 80.3365
7350000 39.4292 24.6815 17.1533 81.2641
7351000 38.9008 24.6519 17.0896 80.6423
7352000 37.7764 24.7852 17.3433 79.905
7353000 37.974 25.0884 17.4493 80.5117
7354000 39.5532 25.3221 17.4251 82.3004
7355000 39.869 24.9982 16.8449 81.7121
7356000 39.2267 24.7737 16.5689 80.5694
7357000 39.8206 24.3132 16.8625 80.9963
7358000 39.1186 22.7641 16.147 78.0297
7359000 40.1579 21.5622 16.251 77.9711
7360000 41.4267 22.366 16.9925 80.7853
7361000 40.8051 22.1714 17.6405 80.617
7362000 40.9853 22.6949 18.1342 81.8144
7363000 40.2952 22.8831 17.5337 80.712
7364000 39.0764 22.1825 17.8323 79.0913
7365000 40.7175 22.0572 18.4395 81.2142
7366000 41.7897 21.9903 19.0571 82.837
7367000 41.8952 21.7716 18.7257 82.3925
7368000 42.5928 22.1951 19.7479 84.5358
7369000 42.3219 20.9672 19.7257 83.0148
7370000 42.5208 21.2394 20.3043 84.0645
7371000 41.646 21.1728 20.5321 83.3508
7372000 40.9487 21.5583 20.646 83.153
7373000 41.8987 22.7338 20.5802 85.2127
7374000 41.235 23.0303 21.378 85.6433
7375000 40.1156 23.8734 21.8333 85.8222
7376000 40.3062 24.3001 22.3214 86.9276
7377000 39.3783 24.0752 21.7204 85.1739
7378000 40.2386 24.2627 22.1624 86.6637
7379000 39.0237 25.3684 22.9216 87.3137
7380000 39.5511 25.6321 22.5875 87.7706
7381000 38.8097 24.8505 21.4236 85.0838
7382000 40.1365 24.6177 21.3976 86.1518
7383000 39.1194 25.2717 21.3379 85.729
7384000 40.4313 25.1569 21.7758 87.3639
7385000 40.206 26.1999 23.1145 89.5204
7386000 39.7328 26.0491 23.5204 89.3023
7387000 41.4942 26.4786 23.723 91.6959
7388000 40.2133 26.6335 24.2299 91.0767
7389000 39.7922 26.8727 23.1104 89.7754
7390000 39.8589 26.8457 22.8604 89.565
7391000 37.583 26.26 21.545 85.388
7392000 36.6528 26.4441 21.0902 84.1872
7393000 36.9741 24.4987 20.9873 82.46
7394000 37.0985 23.6093 19.7677 80.4756
7395000 36.9916 22.7669 19.3143 79.0727
7396000 37.7366 22.8357 18.9604 79.5326
7397000 38.5006 22.6487 19.5651 80.7144
7398000 39.8784 22.2554 20.7549 82.8887
7399000 38.7336 22.6345 20.3515 81.7196
7400000 39.7484 23.0211 20.1205 82.89
7401000 41.2532 23.7955 20.604 85.6527
7402000 41.0441 23.9867 21.0878 86.1186
7403000 41.3006 22.8206 20.4674 84.5886
7404000 40.9139 23.4913 21.3664 85.7716
7405000 40.3244 24.7652 21.6163 86.706
7406000 41.5703 24.0749 22.5218 88.167
7407000 42.2114 24.0051 22.4018 88.6183
7408000 43.2236 23.8388 21.1628 88.2252
7409000 41.8972 23.7558 21.8697 87.5227
7410000 40.8965 22.9517 22.3079 86.1561
7411000 40.9804 22.3293 22.1707 85.4805
7412000 41.4253 22.3865 22.3152 86.1271
7413000 41.3255 23.2232 22.894 87.4427
7414000 40.797 23.9105 23.4992 88.2067
7415000 40.9409 24.1914 23.3238 88.4561
7416000 39.6893 24.0397 23.7067 87.4357
7417000 39.3358 25.1936 23.7463 88.2756
7418000 40.324 25.5472 22.7806 88.6518
7419000 41.5737 24.5368 22.4316 88.542
7420000 41.9912 23.7227 22.611 88.3249
7421000 42.3693 22.9712 22.0974 87.4379
7422000 42.7939 24.0834 21.9005 88.7779
7423000 42.3458 25.3381 22.2295 89.9134
7424000 41.625 24.4039 23.4734 89.5023
7425000 41.8114 23.078 23.5135 88.4029
7426000 40.6995 22.6666 22.7551 86.1213
7427000 40.2814 23.4314 22.309 86.0218
7428000 40.9455 22.7655 22.434 86.1451
7429000 41.5619 22.9349 22.5997 87.0965
7430000 41.9156 22.0964 22.6076 86.6195
7431000 40.2073 22.306 22.8597 85.3729
7432000 40.2379 22.481 23.1215 85.8404
7433000 39.9346 24.8503 22.5271 87.3121
7434000 40.3169 25.0975 22.4463 87.8608
7435000 40.3404 25.5129 22.24 88.0933
7436000 41.3945 25.7862 22.2426 89.4233
7437000 39.9373 26.8644 22.1845 88.9862
7438000 39.5524 27.3996 21.9358 88.8878
7439000 39.1724 27.18 20.8326 87.185
7440000 40.1317 25.9542 20.603 86.6889
7441000 40.0377 25.1716 20.4279 85.6372
7442000 40.7026 24.832 21.5258 87.0604
7443000 41.0258 24.8453 21.3196 87.1907
7444000 42.3155 23.6742 21.4391 87.4288
7445000 43.5432 23.6913 22.1231 89.3576
7446000 42.789 23.8011 22.9883 89.5783
7447000 43.3791 23.1974 22.2762 88.8527
7448000 44.6726 23.6497 21.6469 89.9692
7449000 45.1529 22.8668 21.4496 89.4693
7450000 45.3393 23.2307 21.8147 90.3846
7451000 44.1589 23.3913 21.2486 88.7988
7452000 45.9473 22.8397 20.9503 89.7373
7453000 46.0754 23.2786 21.5834 90.9373
7454000 44.7373 23.429 21.0362 89.2026
7455000 46.2471 24.2091 20.3065 90.7627
7456000 46.9449 24.8547 20.2314 92.0309
7457000 47.2501 25.1248 20.3251 92.7
7458000 47.3259 25.2032 19.5046 92.0337
7459000 49.3196 24.648 19.2648 93.2323
7460000 51.2693 24.4443 19.8757 95.5893
7461000 50.0792 24.7593 19.291 94.1294
7462000 48.4489 25.5025 18.4817 92.433
7463000 47.6985 24.7201 18.5048 90.9234
7464000 46.733 24.2247 19.2277 90.1854
7465000 46.0348 24.5822 18.755 89.3719
7466000 46.0225 24.9128 18.8018 89.737
7467000 46.7916 24.5495 18.5758 89.9169
7468000 47.568 25.4304 17.5662 90.5646
7469000 47.4206 25.5533 18.1424 91.1164
7470000 46.9192 27.3396 17.935 92.1939
7471000 46.7902 27.4105 16.6183 90.819
7472000 46.047 26.6799 16.7243 89.4512
7473000 46.8319 26.4413 16.1627 89.4359
7474000 47.8032 27.2549 16.4231 91.4813
7475000 46.6968 26.8563 17.1352 90.6882
7476000 44.5295 26.5877 16.9694 88.0865
7477000 44.2847 28.3438 17.1709 89.7994
7478000 44.4488 28.755 17.1172 90.3211
7479000 44.0126 28.1976 16.9302 89.1404
7480000 42.4998 29.5934 16.3583 88.4514
7481000 42.1454 29.7594 16.3637 88.2686
7482000 42.6394 30.6004 16.1059 89.3457
7483000 41.1923 31.3717 16.6074 89.1713
7484000 40.8283 30.191 17.1998 88.2191
7485000 41.5557 30.2142 17.3111 89.081
7486000 40.9997 30.6092 17.2533 88.8621
7487000 40.7418 32.9345 17.9081 91.5844
7488000 40.6133 33.9637 17.616 92.193
7489000 42.1065 32.0708 17.6387 91.8159
7490000 41.7162 30.4256 17.8692 90.0111
7491000 42.3807 28.6772 17.8097 88.8675
7492000 42.1004 27.3913 18.5641 88.0558
7493000 40.5459 26.676 19.0333 86.2551
7494000 40.9997 26.0842 19.3893 86.4733
7495000 42.1978 27.0831 19.4508 88.7317
7496000 42.6575 26.8854 19.1391 88.6819
7497000 43.3054 27.3068 18.8376 89.4498
7498000 43.4912 26.5458 20.1516 90.1886
7499000 44.3631 25.95 21.1001 91.4133
7500000 45.4376 26.5645 20.7831 92.7852
7501000 44.3048 26.8339 21.2349 92.3735
7502000 43.3945 27.2451 21.5515 92.1911
7503000 43.4834 26.139 20.5072 90.1296
7504000 44.4998 26.2735 21.0858 91.8591
7505000 43.9668 26.3286 21.8121 92.1074
7506000 42.875 25.4321 21.5793 89.8864
7507000 41.4263 25.9209 21.8894 89.2365
7508000 39.6019 27.0304 22.2347 88.867
7509000 38.6911 26.3601 21.7931 86.8443
7510000 41.6924 25.9293 20.9911 88.6127
7511000 43.0242 23.4852 21.089 87.5985
7512000 44.9005 23.7313 22.1194 90.7512
7513000 45.3541 24.2858 22.1711 91.8111
7514000 43.7161 25.1777 22.1314 91.0253
7515000 45.1955 24.8498 21.8549 91.9002
7516000 44.3111 24.5167 21.1144 89.9422
7517000 43.9948 24.3283 20.67 88.993
7518000 43.6519 23.7967 20.1175 87.5661
7519000 44.1402 23.5953 20.4342 88.1697
7520000 44.1336 23.4803 20.3084 87.9224
7521000 44.0066 23.3016 20.2634 87.5716
7522000 43.3645 23.258 20.7006 87.3231
7523000 42.8222 23.1623 20.2536 86.2382
7524000 42.6238 23.3571 19.954 85.9348
7525000 43.0806 23.606 19.888 86.5746
7526000 42.2386 23.466 20.0422 85.7467
7527000 41.4433 22.2553 19.9832 83.6819
7528000 40.6489 22.4624 20.18 83.2913
7529000 40.3023 23.3981 21.5306 85.231
7530000 40.1607 24.8467 22.1653 87.1727
7531000 39.6831 25.3229 22.4269 87.4328
7532000 39.3929 24.3064 22.3711 86.0705
7533000 40.3777 23.7891 21.7719 85.9387
7534000 39.1548 22.9192 21.9727 84.0468
7535000 39.5712 23.3787 21.4342 84.384
7536000 38.6069 24.559 19.8451 83.011
7537000 39.2694 23.8975 19.2733 82.4402
7538000 39.9589 22.746 19.1665 81.8714
7539000 41.5046 23.5781 18.6674 83.7502
7540000 41.2167 23.4511 18.9852 83.6529
7541000 39.778 23.4778 19.3431 82.5989
7542000 39.3579 23.7798 19.7609 82.8986
7543000 38.2711 22.9567 20.3038 81.5316
7544000 37.8385 23.2379 20.2045 81.2809
7545000 37.647 23.1995 19.2193 80.0658
7546000 38.2951 23.1854 20.1208 81.6013
7547000 39.1927 22.8797 20.025 82.0973
7548000 40.7282 22.7897 20.4106 83.9285
7549000 41.0206 22.157 21.0102 84.1878
7550000 41.8873 21.2119 20.91 84.0092
7551000 43.1149 21.0539 21.0783 85.247
7552000 42.486 21.7533 22.3921 86.6313
7553000 41.0072 23.2484 22.1565 86.4122
7554000 40.2903 23.3618 23.35 87.0021
7555000 38.7266 24.1784 22.0009 84.9058
7556000 39.024 23.933 20.8697 83.8268
7557000 38.3831 23.6775 20.261 82.3216
7558000 38.9434 24.8867 19.8429 83.6729
7559000 38.7122 25.3524 20.4847 84.5493
7560000 37.6999 25.176 20.6639 83.5398
7561000 36.8678 26.2232 20.3394 83.4303
7562000 35.8847 25.2239 19.5176 80.6262
7563000 35.2148 24.4173 19.6802 79.3123
7564000 36.7583 23.6275 20.0012 80.3871
7565000 36.548 23.124 19.9127 79.5846
7566000 36.738 22.9109 19.6968 79.3457
7567000 36.7536 22.7955 20.4065 79.9556
7568000 37.0635 21.2936 21.5033 79.8605
7569000 38.4248 21.35 20.8659 80.6408
7570000 38.9108 22.2079 20.4356 81.5543
7571000 38.4263 22.3147 19.3299 80.071
7572000 37.559 22.2126 19.7722 79.5439
7573000 37.0147 22.544 20.1351 79.6938
7574000 37.0737 22.9082 20.2437 80.2256
7575000 35.8923 23.2319 20.3724 79.4966
7576000 36.0657 22.1552 21.0873 79.3081
7577000 36.2003 21.4012 21.6056 79.2071
7578000 35.5391 21.193 21.1123 77.8444
7579000 36.5784 20.4664 20.9457 77.9905
7580000 36.1587 20.5005 23.1188 79.778
7581000 35.9243 20.4389 22.9208 79.284
7582000 35.2898 20.6473 23.0945 79.0316
7583000 36.9058 21.0662 23.3106 81.2826
7584000 36.9896 20.9912 24.0285 82.0092
7585000 37.7309 22.2224 23.9339 83.8872
7586000 39.0617 22.7222 23.4142 85.1981
7587000 37.6835 21.4158 23.4154 82.5147
7588000 38.5966 20.5324 23.654 82.783
7589000 39.0986 20.6585 24.8748 84.632
7590000 37.9423 21.2553 25.1275 84.3251
7591000 36.696 20.3272 24.2764 81.2995
7592000 36.071 19.9946 24.8918 80.9574
7593000 36.9489 20.2084 24.5383 81.6957
7594000 36.7963 19.9576 24.6863 81.4401
7595000 36.6208 20.2495 24.8696 81.7399
7596000 36.814 21.0197 24.8932 82.7269
7597000 35.9889 21.567 23.9594 81.5153
7598000 36.6469 21.9212 25.65 84.2181
7599000 38.3535 21.3326 26.0616 85.7476
7600000 38.3787 21.7329 26.0113 86.1228
7601000 37.5905 22.2974 26.2951 86.1831
7602000 38.9865 22.0649 27.2948 88.3463
7603000 39.8697 21.8043 28.0037 89.6777
7604000 39.082 21.3036 28.4247 88.8104
7605000 37.6175 20.5273 28.8832 87.028
7606000 39.0806 20.8028 28.3452 88.2286
7607000 40.314 21.5793 28.3055 90.1988
7608000 37.9775 21.7347 27.8346 87.5468
7609000 39.1386 21.2842 27.3714 87.7942
7610000 38.9281 20.9154 27.872 87.7155
7611000 39.188 21.6935 28.1706 89.0521
7612000 38.6239 22.4879 29.3604 90.4721
7613000 39.1246 22.0005 29.0869 90.212
7614000 39.6422 21.1006 29.6107 90.3535
7615000 40.2906 21.633 29.7901 91.7137
7616000 40.6535 22.0702 29.4743 92.1981
7617000 41.876 21.3878 28.7211 91.9849
7618000 41.2273 21.5742 29.0205 91.822
7619000 40.9033 22.5248 28.3505 91.7787
7620000 40.0012 23.8763 27.8181 91.6955
7621000 40.1737 24.2865 27.2849 91.7452
7622000 39.8812 24.1221 27.7737 91.777
7623000 40.6024 23.6331 27.6066 91.8422
7624000 40.8041 24.8213 26.6554 92.2808
7625000 40.1169 25.6153 27.4207 93.1529
7626000 39.4894 25.3738 26.3868 91.25
7627000 39.8233 25.297 26.1373 91.2575
7628000 40.1531 25.7797 26.447 92.3799
7629000 40.4133 24.8737 27.4358 92.7228
7630000 41.7092 24.5668 27.6094 93.8853
7631000 41.6801 24.6344 27.3082 93.6228
7632000 40.493 23.6425 27.9042 92.0397
7633000 41.4767 23.0243 27.6953 92.1964
7634000 39.7295 22.8873 28.5588 91.1756
7635000 38.974 23.2586 27.6275 89.86
7636000 39.4633 23.536 27.4739 90.4731
7637000 38.6295 24.2386 28.4056 91.2736
7638000 40.0754 24.6513 28.327 93.0537
7639000 40.5314 23.0682 27.3781 90.9777
7640000 39.0036 22.4629 26.4522 87.9188
7641000 38.6262 22.6165 26.4797 87.7225
7642000 39.4967 22.4811 27.3328 89.3106
7643000 40.4889 22.5537 27.3644 90.407
7644000 40.4825 22.5055 27.8399 90.828
7645000 39.9844 22.3517 28.8153 91.1514
7646000 38.4409 21.7601 28.3558 88.5568
7647000 37.3151 21.9252 27.8518 87.0921
7648000 36.1261 21.7909 28.1907 86.1077
7649000 36.556 21.8151 26.9269 85.2979
7650000 37.5104 22.0513 26.1723 85.734
7651000 37.0689 22.4769 25.8254 85.3711
7652000 37.3321 21.6305 26.3097 85.2723
7653000 37.2399 21.5751 27.1755 85.9905
7654000 36.7204 22.4487 26.3849 85.554
7655000 36.4426 21.565 25.2363 83.2439
7656000 36.6627 21.9878 25.0999 83.7504
7657000 36.673 23.3477 26.3333 86.354
7658000 37.2738 24.3307 25.7837 87.3882
7659000 37.569 24.3834 24.3483 86.3007
7660000 37.8622 25.3274 23.6508 86.8404
7661000 38.4174 25.137 24.4 87.9544
7662000 38.5013 25.2589 24.4606 88.2209
7663000 38.4423 24.6976 24.5301 87.67
7664000 38.6124 24.7603 23.7977 87.1704
7665000 39.2762 25.194 23.2579 87.7281
7666000 38.8695 25.4937 23.0335 87.3967
7667000 39.5124 26.4695 22.6995 88.6814
7668000 40.7665 26.4111 22.2248 89.4024
7669000 42.5325 26.8421 22.9045 92.2791
7670000 41.7812 26.4479 23.6258 91.8549
7671000 41.1285 27.4337 23.9696 92.5318
7672000 41.5248 27.5596 24.6594 93.7438
7673000 40.6691 27.546 25.5157 93.7308
7674000 40.375 26.7702 24.7542 91.8993
7675000 40.0614 26.0325 24.9266 91.0205
7676000 40.3872 25.8061 24.4031 90.5964
7677000 39.5996 25.7761 23.4861 88.8618
7678000 40.351 24.9759 23.075 88.4019
7679000 39.7645 23.268 23.2532 86.2857
7680000 39.3486 22.9964 22.5373 84.8824
7681000 39.4443 23.1456 21.8489 84.4388
7682000 39.9957 22.7724 21.943 84.7111
7683000 37.9342 22.3772 23.0309 83.3423
7684000 37.4021 22.5109 22.7944 82.7074
7685000 37.6687 22.5106 22.6619 82.8412
7686000 36.8305 23.6302 22.5605 83.0212
7687000 38.3608 24.8991 22.8334 86.0933
7688000 36.7085 25.1445 24.289 86.1421
7689000 38.2368 24.3036 24.88 87.4204
7690000 39.29 24.6092 25.3728 89.2721
7691000 40.3188 24.3197 25.1824 89.8209
7692000 39.9129 24.8458 24.5305 89.2892
7693000 40.3283 24.9987 23.5338 88.8608
7694000 41.1224 24.6749 23.2038 89.0011
7695000 41.8614 24.9111 23.3402 90.1127
7696000 40.8272 25.1867 22.8454 88.8593
7697000 39.6886 25.3466 21.6906 86.7258
7698000 39.0567 25.9746 21.6021 86.6334
7699000 38.5171 26.7518 20.8842 86.1531
7700000 38.6697 27.8777 21.0416 87.589
7701000 38.8407 26.9928 20.6212 86.4547
7702000 38.6229 25.405 21.0075 85.0354
7703000 38.5877 24.4231 20.6172 83.6279
7704000 39.4897 24.5045 21.9965 85.9907
7705000 40.1228 23.7894 22.9581 86.8702
7706000 39.5052 23.8653 22.5508 85.9214
7707000 39.6243 24.7682 22.0899 86.4824
7708000 41.7222 23.6233 21.8721 87.2176
7709000 42.4439 24.7415 20.5217 87.7071
7710000 41.2193 25.6282 20.4539 87.3014
7711000 42.4218 26.6823 20.698 89.8021
7712000 42.7075 26.9651 20.2599 89.9325
7713000 43.8504 27.9875 20.4397 92.2776
7714000 44.5316 29.2315 20.1652 93.9283
7715000 43.8244 29.2556 19.5381 92.618
7716000 42.831 28.3817 18.5956 89.8083
7717000 42.2641 26.7216 18.8431 87.8287
7718000 41.9921 27.4441 18.9283 88.3645
7719000 44.0876 29.8746 18.3161 92.2783
7720000 46.5976 29.5257 19.2541 95.3775
7721000 48.2937 29.8105 19.2816 97.3857
7722000 49.403 30.19 18.9749 98.5678
7723000 48.3373 29.071 18.6699 96.0782
7724000 47.1248 29.3364 18.0476 94.5089
7725000 47.6091 29.1781 18.1085 94.8957
7726000 48.7347 29.9281 17.6897 96.3526
7727000 47.1924 30.3119 18.08 95.5844
7728000 48.188 28.6994 17.9985 94.8858
7729000 48.3232 27.9122 17.9362 94.1716
7730000 47.2503 27.9439 18.5946 93.7888
7731000 46.8706 27.688 19.1243 93.683
7732000 47.0221 26.865 19.4529 93.3399
7733000 46.7602 26.6376 20.2614 93.6593
7734000 45.7372 27.6546 19.9476 93.3393
7735000 47.8154 28.4281 20.2461 96.4897
7736000 50.7121 29.7584 20.6733 101.144
7737000 50.1652 29.2257 20.6492 100.04
7738000 51.0453 30.3296 20.7396 102.115
7739000 48.5577 31.0525 20.3627 99.973
7740000 49.2104 31.1063 20.1647 100.481
7741000 49.3645 31.3242 19.705 100.394
7742000 49.7323 31.101 18.2551 99.0884
7743000 51.1796 30.6408 18.9971 100.817
7744000 50.6067 31.2433 19.3991 101.249
7745000 49.9691 32.1035 19.4872 101.56
7746000 48.9856 30.9096 19.4142 99.3094
7747000 46.832 30.4838 18.9117 96.2275
7748000 46.2658 31.1073 19.8533 97.2263
7749000 45.0564 31.8346 19.2984 96.1893
7750000 45.8826 31.0782 18.6471 95.6079
7751000 45.4964 32.3191 18.767 96.5825
7752000 45.0715 31.9786 18.5612 95.6114
7753000 45.75 31.3493 18.2377 95.337
7754000 46.4153 31.4064 18.6107 96.4324
7755000 46.3403 32.2233 18.6129 97.1764
7756000 43.9096 32.4931 18.4534 94.8561
7757000 41.9675 31.9357 18.0448 91.9479
7758000 41.9243 32.9957 17.4987 92.4187
7759000 42.0127 32.0972 17.1312 91.2411
7760000 42.7336 31.4566 16.7165 90.9068
7761000 43.4025 30.5544 16.1496 90.1065
7762000 43.9014 29.5464 16.1246 89.5724
7763000 43.1776 29.1681 16.0523 88.398
7764000 41.889 27.4446 15.5535 84.8871
7765000 42.2453 27.5323 15.9174 85.695
7766000 42.5592 28.6301 16.0078 87.1971
7767000 40.5866 27.8463 15.7103 84.1432
7768000 40.001 27.8475 15.391 83.2396
7769000 40.8307 27.7555 14.9606 83.5468
7770000 41.9675 26.9317 14.6148 83.514
7771000 43.662 28.1751 14.8194 86.6565
7772000 42.901 28.9685 14.7629 86.6325
7773000 41.2303 29.5154 14.8314 85.5771
7774000 40.9244 29.9784 14.881 85.7837
7775000 42.3558 28.8449 15.3744 86.5751
7776000 42.9638 27.8076 15.1783 85.9497
7777000 42.2317 28.3331 15.5489 86.1137
7778000 39.1037 27.4682 16.1187 82.6906
7779000 38.7784 27.9655 16.4139 83.1578
7780000 37.5363 27.9426 17.0181 82.4971
7781000 38.2185 27.3605 17.1595 82.7385
7782000 38.75 27.4803 17.5237 83.754
7783000 38.9583 26.7853 17.7295 83.4731
7784000 37.9691 25.6224 17.2349 80.8265
7785000 38.1905 24.8143 17.1105 80.1153
7786000 36.5766 24.9595 16.8408 78.3769
7787000 36.3566 24.8049 16.6827 77.8442
7788000 35.818 25.3615 16.3249 77.5044
7789000 36.054 26.0792 16.1909 78.324
7790000 35.9701 26.7722 15.195 77.9373
7791000 37.1496 26.6994 15.301 79.15
7792000 36.7643 27.4987 15.4892 79.7521
7793000 35.9399 27.1676 16.1614 79.2688
7794000 34.4067 27.7181 16.7829 78.9077
7795000 34.0697 26.8559 16.0144 76.94
7796000 34.2339 28.0669 16.0403 78.3411
7797000 34.383 29.2403 15.953 79.5763
7798000 33.3999 28.6395 15.5419 77.5813
7799000 34.1533 28.6744 15.5008 78.3285
7800000 34.3651 27.7249 15.4324 77.5224
7801000 34.9922 26.4402 16.2549 77.6873
7802000 35.0664 26.6491 16.9652 78.6807
7803000 34.8486 27.4436 16.814 79.1062
7804000 34.4303 27.5514 16.5064 78.4882
7805000 34.6956 27.4221 15.9782 78.0959
7806000 36.4299 26.7871 15.653 78.8701
7807000 36.084 25.3202 15.83 77.2342
7808000 35.3332 26.1949 15.3111 76.8392
7809000 34.4764 26.5196 15.5032 76.4992
7810000 34.3581 27.1539 16.3745 77.8865
7811000 33.9063 28.8686 16.9642 79.7391
7812000 34.0488 29.35 17.3358 80.7345
7813000 34.999 30.229 17.839 83.0671
7814000 35.4781 31.2057 17.8008 84.4846
7815000 36.1229 32.3564 18.0268 86.5061
7816000 36.4976 33.3538 17.6847 87.536
7817000 36.0478 34.163 17.2397 87.4506
7818000 36.6319 35.4117 17.4587 89.5023
7819000 37.3415 34.4069 17.9001 89.6486
7820000 35.8168 34.1479 17.5561 87.5208
7821000 35.7274 33.9601 17.7634 87.4509
7822000 35.2405 33.5801 18.6195 87.4401
7823000 33.581 32.2804 19.0316 84.8929
7824000 33.0109 31.715 18.3614 83.0873
7825000 31.8975 33.2847 18.1636 83.3458
7826000 32.1539 33.0394 17.8386 83.0318
7827000 33.3718 31.9404 17.5011 82.8134
7828000 34.3582 31.8792 17.8994 84.1368
7829000 33.83 31.4979 18.2399 83.5678
7830000 33.4933 30.7889 19.1431 83.4253
7831000 32.615 31.9176 19.5074 84.04
7832000 33.9942 33.1271 19.1493 86.2706
7833000 33.8906 33.093 19.2747 86.2583
7834000 33.7548 32.489 19.7009 85.9447
7835000 33.0674 31.5851 18.763 83.4155
7836000 33.808 31.7099 18.9463 84.4642
7837000 34.8105 32.9229 17.8564 85.5897
7838000 34.9351 32.5265 17.8515 85.313
7839000 35.339 33.097 18.5744 87.0103
7840000 34.7298 33.348 18.6882 86.7659
7841000 32.9192 34.5767 18.2255 85.7213
7842000 32.5199 36.4132 17.3277 86.2608
7843000 32.5048 36.3582 17.0135 85.8764
7844000 33.1879 35.5138 16.6455 85.3472
7845000 32.874 35.5371 17.0274 85.4385
7846000 33.1492 34.8464 16.6307 84.6264
7847000 33.3879 34.3446 17.2813 85.0138
7848000 33.4054 33.819 17.1588 84.3833
7849000 33.0012 33.1687 17.2748 83.4448
7850000 32.5033 34.5399 17.6493 84.6925
7851000 31.9946 34.0543 17.516 83.565
7852000 31.0953 33.9629 17.3858 82.444
7853000 31.9203 33.1826 18.0778 83.1806
7854000 32.9509 33.8625 18.862 85.6754
7855000 33.6604 32.6112 18.2878 84.5594
7856000 32.0299 31.2857 18.1407 81.4563
7857000 32.2668 31.6377 18.4085 82.3129
7858000 34.5086 31.1517 18.3413 84.0017
7859000 34.205 30.2275 18.7893 83.2218
7860000 34.4606 30.9235 18.5633 83.9474
7861000 34.2825 30.4658 18.3971 83.1454
7862000 35.0513 30.3481 17.8859 83.2852
7863000 35.1435 30.7467 17.913 83.8032
7864000 34.7868 30.7057 17.0377 82.5302
7865000 35.4435 31.2971 16.6332 83.3738
7866000 36.2297 32.9222 16.3586 85.5104
7867000 34.9175 33.0709 16.5314 84.5198
7868000 33.9367 33.2938 15.8854 83.1159
7869000 34.2869 33.5607 15.6758 83.5234
7870000 34.6414 32.8739 16.2664 83.7818
7871000 34.9356 33.0883 16.3776 84.4015
7872000 36.1259 33.4447 17.2432 86.8137
7873000 35.7429 33.4039 16.9498 86.0966
7874000 34.8444 33.2577 17.0573 85.1594
7875000 33.9914 32.6591 17.079 83.7295
7876000 33.666 33.9177 17.4879 85.0716
7877000 34.3159 33.9743 17.6309 85.9211
7878000 34.7821 34.9292 17.1781 86.8894
7879000 33.4365 36.4224 16.4308 86.2897
7880000 32.4961 36.9822 16.1072 85.5855
7881000 32.5295 37.9498 14.6261 85.1054
7882000 32.9727 36.7563 14.7276 84.4565
7883000 34.9252 35.0868 14.4806 84.4926
7884000 35.1094 35.2246 14.2708 84.6048
7885000 36.6483 34.6608 14.4677 85.7768
7886000 35.2158 35.357 14.8044 85.3773
7887000 34.9792 34.6874 14.6983 84.3649
7888000 34.3182 35.5383 15.2881 85.1446
7889000 35.4136 36.3731 15.502 87.2887
7890000 34.7203 36.4516 15.2709 86.4428
7891000 35.7205 37.0314 15.1302 87.8821
7892000 34.7258 37.6322 14.9574 87.3153
7893000 34.0808 37.3091 15.9772 87.3671
7894000 33.9123 37.6014 15.9478 87.4615
7895000 34.5277 37.7139 15.5793 87.8208
7896000 33.6334 38.279 15.6915 87.6039
7897000 31.8302 37.3636 15.9171 85.1109
7898000 31.4126 36.8023 16.4665 84.6813
7899000 30.7261 36.1634 17.1245 84.014
7900000 31.2749 36.215 17.3705 84.8604
7901000 30.9659 36.2583 17.7358 84.9599
7902000 30.6596 34.9283 17.6425 83.2304
7903000 31.4244 34.367 17.9019 83.6933
7904000 31.5578 35.0459 17.1392 83.7428
7905000 33.1927 34.7645 17.1399 85.0971
7906000 34.1405 34.0781 16.7645 84.9831
7907000 35.5862 34.3176 16.6029 86.5067
7908000 35.186 34.9664 16.5801 86.7326
7909000 34.3684 34.7582 17.7263 86.8529
7910000 35.7343 34.2427 17.537 87.5141
7911000 36.2648 35.033 16.7064 88.0042
7912000 37.2113 35.2452 16.9507 89.4072
7913000 38.2144 35.4194 16.6517 90.2854
7914000 39.2369 35.7846 16.734 91.7555
7915000 39.5233 35.3811 16.8146 91.719
7916000 38.9751 34.2792 17.6778 90.9321
7917000 38.2021 34.132 17.8774 90.2114
7918000 37.2272 34.0844 18.0193 89.3309
7919000 36.7525 33.8072 18.5998 89.1596
7920000 37.6591 33.5869 17.9745 89.2206
7921000 35.8241 33.6832 17.7138 87.2211
7922000 35.2075 34.9317 19.2182 89.3574
7923000 34.741 35.1358 19.9393 89.816
7924000 35.9619 36.3077 21.2296 93.4991
7925000 35.7645 36.7748 20.778 93.3173
7926000 37.172 37.8719 21.4889 96.5327
7927000 38.4804 37.3972 22.0468 97.9243
7928000 37.608 37.308 21.7299 96.6459
7929000 38.4196 35.6438 21.5529 95.6164
7930000 38.751 35.1581 21.1396 95.0487
7931000 38.0554 35.7003 20.7787 94.5344
7932000 38.0535 34.746 20.8198 93.6193
7933000 39.0517 34.3366 21.2053 94.5935
7934000 39.2657 36.1049 20.9737 96.3443
7935000 38.0954 36.1166 21.0189 95.2308
7936000 38.4379 35.0737 20.0454 93.557
7937000 38.3932 36.0381 19.7561 94.1873
7938000 38.4242 37.0959 19.222 94.7421
7939000 38.3965 39.3098 18.9515 96.6578
7940000 40.4015 39.0429 19.6028 99.0472
7941000 42.609 40.4091 19.4544 102.472
7942000 43.3457 40.5977 19.5642 103.508
7943000 42.328 39.4076 20.0263 101.762
7944000 40.581 39.4927 20.2289 100.303
7945000 39.7794 39.2537 19.953 98.9861
7946000 39.434 41.3418 20.2414 101.017
7947000 40.1117 41.5751 19.7963 101.483
7948000 38.461 40.2981 19.0104 97.7695
7949000 39.0732 38.93 18.2197 96.2228
7950000 38.4808 37.8118 17.8276 94.1201
7951000 37.6819 36.9599 17.6562 92.2979
7952000 36.677 35.8438 18.0219 90.5426
7953000 37.4561 35.8701 18.1026 91.4288
7954000 37.9267 35.0092 19.139 92.0749
7955000 38.6772 34.864 19.861 93.4021
7956000 38.7717 35.4099 19.3223 93.5039
7957000 37.9454 35.4333 18.8963 92.2749
7958000 38.2137 34.6691 19.849 92.7318
7959000 38.5742 34.3736 19.141 92.0887
7960000 39.425 34.7676 19.0979 93.2905
7961000 39.0357 34.4478 19.589 93.0725
7962000 37.9421 34.6133 20.1412 92.6965
7963000 37.9498 34.2442 19.6861 91.88
7964000 38.3729 33.7734 20.3096 92.4559
7965000 37.8565 35.1712 20.3442 93.372
7966000 38.5737 35.1617 21.0107 94.7461
7967000 38.3719 36.8231 20.7169 95.9118
7968000 38.2958 35.9908 20.8918 95.1785
7969000 39.0105 36.5762 20.4785 96.0652
7970000 38.6146 35.7393 19.5288 93.8826
7971000 36.9964 34.5349 20.1794 91.7107
7972000 37.0818 33.9864 19.6105 90.6787
7973000 35.8769 33.6411 19.7995 89.3174
7974000 35.6336 34.4914 20.6154 90.7404
7975000 35.6141 34.9562 21.2189 91.7892
7976000 36.8638 36.0661 21.3761 94.3059
7977000 36.948 37.6653 20.1911 94.8045
7978000 36.6029 37.987 20.1907 94.7807
7979000 35.8072 37.0388 19.689 92.535
7980000 36.153 36.1365 21.2672 93.5568
7981000 37.57 36.3726 21.5158 95.4584
7982000 37.9268 38.2409 20.6774 96.8451
7983000 38.4958 40.363 20.3049 99.1637
7984000 38.1734 41.6318 20.0385 99.8438
7985000 37.5965 42.2369 19.9042 99.7376
7986000 37.9269 42.0287 20.8112 100.767
7987000 36.7784 42.5614 21.6446 100.984
7988000 36.3258 43.8266 23.0429 103.195
7989000 37.6221 44.9018 23.1888 105.713
7990000 39.0391 44.8187 22.6258 106.484
7991000 40.5004 44.1058 22.6911 107.297
7992000 40.1998 43.5332 23.627 107.36
7993000 40.2027 44.4891 23.3326 108.024
7994000 39.7596 45.0385 22.9247 107.723
7995000 41.5812 44.9082 22.8197 109.309
7996000 41.1353 45.3684 22.7356 109.239
7997000 41.5826 43.9858 23.306 108.874
7998000 42.1252 42.8544 23.7088 108.688
7999000 41.7192 40.6195 22.3072 104.646
8000000 40.8062 38.2886 21.7509 100.846
8001000 40.1693 39.4232 22.3621 101.955
8002000 39.7365 39.0739 21.5156 100.326
8003000 40.3228 39.8618 21.4995 101.684
8004000 39.913 39.4268 21.3377 100.678
8005000 39.79 39.2217 19.9627 98.9744
8006000 38.6766 40.1726 19.2013 98.0506
8007000 40.0961 41.476 19.3105 100.883
8008000 40.0603 41.1453 19.2566 100.462
8009000 41.1855 40.7542 18.6871 100.627
8010000 42.4781 41.6563 18.1273 102.262
8011000 43.669 42.0179 18.5347 104.222
8012000 44.4793 42.5477 18.3873 105.414
8013000 44.9103 42.1205 18.5096 105.54
8014000 45.2858 41.486 17.6217 104.394
8015000 42.8917 41.9231 17.9755 102.79
8016000 41.9884 43.919 18.1681 104.076
8017000 41.5761 44.7885 18.5704 104.935
8018000 40.9885 43.6196 18.0562 102.664
8019000 39.9209 44.3751 18.0239 102.32
8020000 40.8367 44.6788 17.8554 103.371
8021000 41.6587 42.8065 18.1327 102.598
8022000 40.8225 42.9884 18.2039 102.015
8023000 40.2042 45.7465 18.8988 104.849
8024000 40.1152 45.475 18.892 104.482
8025000 42.2412 46.7747 19.0408 108.057
8026000 41.8085 46.3505 19.4763 107.635
8027000 41.5305 44.401 18.7541 104.686
8028000 41.9246 45.854 19.6728 107.451
8029000 41.9504 46.705 20.9158 109.571
8030000 42.3706 45.166 21.2126 108.749
8031000 43.6087 42.695 20.3001 106.604
8032000 44.2006 42.7592 19.9844 106.944
8033000 45.0645 41.5993 20.7961 107.46
8034000 44.9337 41.8953 20.4272 107.256
8035000 45.6905 42.1768 19.4159 107.283
8036000 45.1202 39.959 18.5997 103.679
8037000 45.3765 39.7544 18.1023 103.233
8038000 46.6501 40.6209 17.9879 105.259
8039000 46.9784 38.318 18.2824 103.579
8040000 50.4299 37.5043 19.04 106.974
8041000 51.5983 37.0876 18.8571 107.543
8042000 50.9316 36.4923 18.7086 106.132
8043000 51.7311 36.6402 17.5702 105.941
8044000 52.8998 37.2218 17.5591 107.681
8045000 52.8677 36.0283 18.2365 107.133
8046000 53.0486 37.0488 17.9158 108.013
8047000 52.1399 37.2979 18.8639 108.302
8048000 53.75 36.3154 19.1102 109.176
8049000 53.8003 36.0897 18.8187 108.709
8050000 53.8474 37.0278 18.4044 109.28
8051000 52.3561 37.7668 18.9613 109.084
8052000 50.8612 37.0281 18.7315 106.621
8053000 49.0904 35.9111 19.0622 104.064
8054000 48.0501 35.9173 18.6447 102.612
8055000 48.2273 36.2048 18.6219 103.054
8056000 47.7409 35.616 18.6012 101.958
8057000 48.2806 34.6191 19.5603 102.46
8058000 48.6078 33.3292 19.7304 101.667
8059000 47.2042 34.807 20.3813 102.392
8060000 45.6483 34.1965 20.5061 100.351
8061000 43.9139 34.8626 19.3058 98.0823
8062000 44.658 34.8319 19.5002 98.9901
8063000 44.6032 35.0959 19.5832 99.2823
8064000 44.4463 36.7545 20.7731 101.974
8065000 45.5139 37.5747 20.403 103.492
8066000 46.4448 38.2352 20.9834 105.663
8067000 46.3541 38.7699 21.0252 106.149
8068000 46.308 40.3287 22.3669 109.004
8069000 45.3194 39.8777 22.939 108.136
8070000 46.3735 40.1089 22.6443 109.127
8071000 47.0207 40.5112 22.1042 109.636
8072000 46.3842 39.4656 21.7497 107.599
8073000 47.7432 38.2217 21.3264 107.291
8074000 47.9156 39.1668 21.9142 108.997
8075000 49.3668 37.7841 22.3277 109.479
8076000 49.0408 38.1285 22.6413 109.811
8077000 47.9226 40.6501 23.1562 111.729
8078000 45.9682 40.748 22.5159 109.232
8079000 45.2595 40.0118 22.8616 108.133
8080000 45.8676 39.2082 23.0315 108.107
8081000 45.1903 38.8961 22.9594 107.046
8082000 44.9021 38.0704 23.7552 106.728
8083000 46.3579 37.431 23.0329 106.822
8084000 48.5043 35.8968 23.895 108.296
8085000 47.7767 34.8489 22.8923 105.518
8086000 46.833 33.2974 21.9773 102.108
8087000 47.5336 32.3721 21.3938 101.3
8088000 47.4144 31.9956 21.9734 101.383
8089000 45.6847 30.5594 22.779 99.0232
8090000 45.0267 30.6801 21.9586 97.6654
8091000 44.3706 29.9214 22.5143 96.8063
8092000 44.7772 30.7935 23.3076 98.8782
8093000 44.4534 31.0755 23.2205 98.7494
8094000 45.1225 31.7981 22.5436 99.4641
8095000 46.2314 31.9962 21.7225 99.9501
8096000 45.8517 32.4808 21.7957 100.128
8097000 45.2348 33.3188 22.0797 100.633
8098000 45.1002 32.4576 22.5418 100.1
8099000 45.2471 31.814 22.5997 99.6607
8100000 45.2078 31.5016 22.3812 99.0906
8101000 44.144 31.4599 22.3102 97.9141
8102000 44.5586 30.6767 22.6436 97.8789
8103000 45.2168 31.6335 22.5434 99.3937
8104000 46.4306 30.9238 21.6981 99.0525
8105000 46.6678 31.2804 22.0632 100.011
8106000 47.3373 31.0642 22.0147 100.416
8107000 48.1634 30.7369 22.2574 101.158
8108000 48.1035 30.3209 22.4658 100.89
8109000 45.9777 31.888 21.7395 99.6052
8110000 45.7851 31.4095 20.5813 97.7759
8111000 46.2648 29.7938 20.3727 96.4312
8112000 44.6681 28.827 20.1987 93.6938
8113000 44.3949 28.9381 20.4424 93.7753
8114000 43.9468 29.2173 21.1372 94.3013
8115000 44.2195 27.9935 20.3744 92.5874
8116000 43.4436 28.242 20.7436 92.4292
8117000 41.5273 28.3231 20.8175 90.6679
8118000 41.2475 30.0228 20.5799 91.8502
8119000 41.2788 30.3911 20.0262 91.6962
8120000 42.595 30.7238 19.9077 93.2266
8121000 41.9042 29.7962 20.0263 91.7267
8122000 42.5595 30.5397 19.8079 92.9071
8123000 43.841 31.3277 20.22 95.3886
8124000 43.6263 31.1065 20.4009 95.1337
8125000 44.3524 30.7362 21.0746 96.1633
8126000 45.3688 30.8795 21.0477 97.2959
8127000 44.6055 30.0425 20.8643 95.5123
8128000 45.5428 29.2021 20.3549 95.0998
8129000 46.3691 29.3834 20.3147 96.0671
8130000 46.8961 29.5689 19.8008 96.2658
8131000 47.0199 29.698 20.0745 96.7923
8132000 46.7668 29.8509 19.2981 95.9157
8133000 47.3087 29.5009 19.344 96.1536
8134000 47.7725 29.5218 20.1385 97.4328
8135000 48.7297 28.7724 20.2924 97.7945
8136000 49.0897 28.2604 19.774 97.1241
8137000 49.4291 28.2038 20.1721 97.8051
8138000 48.9304 28.1275 20.4951 97.5529
8139000 47.6017 29.4293 20.6514 97.6824
8140000 45.9548 28.5683 20.2132 94.7363
8141000 46.0797 27.8134 20.4604 94.3534
8142000 46.3115 28.3738 20.2568 94.9421
8143000 46.2568 28.852 19.9887 95.0975
8144000 47.2546 27.8177 19.6659 94.7381
8145000 46.9084 27.5015 19.3852 93.7951
8146000 46.4585 27.5545 20.3227 94.3358
8147000 47.2688 27.7203 20.8827 95.8718
8148000 43.9073 26.9235 22.013 92.8439
8149000 42.196 26.879 23.0226 92.0976
8150000 40.4699 27.5272 22.5799 90.5769
8151000 41.5825 28.5839 22.7692 92.9356
8152000 42.2639 28.6624 23.2056 94.1319
8153000 41.1594 29.2157 22.7023 93.0774
8154000 40.2815 28.4118 22.0289 90.7222
8155000 39.5409 27.3552 22.2614 89.1575
8156000 39.2335 28.0442 21.7454 89.0232
8157000 39.7793 28.7687 21.5667 90.1147
8158000 38.5964 29.9259 21.6881 90.2104
8159000 38.1271 31.1216 21.149 90.3977
8160000 39.4859 31.3966 20.9108 91.7933
8161000 39.2738 31.8139 20.7531 91.8409
8162000 39.0864 31.1453 20.9905 91.2222
8163000 39.3861 30.9373 20.2583 90.5818
8164000 38.7458 31.3299 20.6497 90.7253
8165000 38.8012 31.2376 21.5222 91.5609
8166000 39.0399 30.2688 20.9571 90.2659
8167000 37.9333 30.4695 20.779 89.1818
8168000 36.8839 30.4984 21.4275 88.8098
8169000 38.5521 30.4017 22.0378 90.9915
8170000 39.8031 29.9963 22.1808 91.9802
8171000 39.9807 30.202 21.5374 91.7201
8172000 40.8033 30.9148 21.5739 93.292
8173000 40.327 32.8899 21.6181 94.835
8174000 39.9744 32.468 20.9962 93.4386
8175000 41.0726 30.4372 22.0447 93.5545
8176000 42.5532 29.8869 22.2591 94.6993
8177000 42.5376 29.3807 22.9311 94.8494
8178000 41.8143 27.9084 22.1579 91.8806
8179000 40.6297 26.9065 21.4892 89.0253
8180000 40.1771 27.2683 22.3038 89.7492
8181000 38.6497 28.1773 22.2826 89.1096
8182000 37.3158 28.4599 22.3499 88.1256
8183000 37.3113 29.3275 21.949 88.5877
8184000 38.0504 29.6741 21.2208 88.9454
8185000 38.97 31.053 21.9075 91.9305
8186000 39.741 32.181 21.7376 93.6595
8187000 40.6604 33.1633 21.6434 95.4671
8188000 40.7815 33.0342 21.4252 95.2408
8189000 41.057 33.7083 20.5578 95.3231
8190000 41.3293 32.8857 20.0999 94.3149
8191000 42.7762 32.0968 19.2904 94.1635
8192000 42.2509 31.3439 19.8986 93.4933
8193000 41.8761 32.0829 20.0518 94.0108
8194000 42.2584 33.9534 20.2373 96.4491
8195000 41.7963 33.5048 20.2917 95.5927
8196000 42.977 32.6979 20.247 95.9219
8197000 42.6684 33.6809 20.8208 97.1701
8198000 41.6805 34.9457 21.1243 97.7506
8199000 41.4543 35.1744 20.8053 97.434
8200000 41.2145 34.1124 20.9407 96.2676
8201000 42.1586 32.8141 21.8083 96.781
8202000 42.8506 32.0393 21.985 96.8749
8203000 42.4502 32.5278 21.2707 96.2487
8204000 40.3681 32.9757 21.1923 94.5361
8205000 39.0047 32.8687 20.6598 92.5331
8206000 37.772 31.9209 20.2638 89.9567
8207000 38.7533 31.1434 20.1962 90.0928
8208000 39.3057 31.2953 19.6375 90.2386
8209000 39.1614 32.3763 19.0361 90.5737
8210000 38.5978 32.0609 19.0865 89.7452
8211000 40.8463 31.9417 19.0598 91.8477
8212000 42.3721 31.6334 18.9403 92.9458
8213000 42.4665 32.4099 19.0358 93.9122
8214000 44.0825 32.6052 19.1436 95.8313
8215000 44.7934 33.2471 19.1975 97.238
8216000 45.4232 33.0946 19.5429 98.0607
8217000 44.3336 32.5301 19.3831 96.2468
8218000 43.5683 33.7397 19.2844 96.5924
8219000 42.3685 32.7046 18.6536 93.7267
8220000 41.3699 32.9736 18.4817 92.8252
8221000 42.2249 34.5146 19.0457 95.7852
8222000 40.5578 34.4507 18.2496 93.2582
8223000 40.3698 34.3051 17.5221 92.197
8224000 40.774 33.734 17.6862 92.1941
8225000 40.7505 34.2287 17.2463 92.2254
8226000 40.0351 33.6379 17.1182 90.7912
8227000 40.6138 33.3427 16.8824 90.8389
8228000 42.3896 34.0525 17.1183 93.5603
8229000 42.3323 34.1486 17.3096 93.7904
8230000 42.3115 33.9699 16.8979 93.1793
8231000 43.5371 32.5844 17.0419 93.1633
8232000 43.0587 31.8878 17.3055 92.252
8233000 43.8417 32.6127 17.9772 94.4316
8234000 42.2676 32.6875 17.7389 92.694
8235000 42.4287 32.3846 18.0133 92.8267
8236000 41.502 32.5195 18.0006 92.0221
8237000 41.5182 31.7808 17.3639 90.6628
8238000 41.1519 33.5991 18.4731 93.2241
8239000 41.3075 33.076 19.2476 93.6311
8240000 42.4654 32.7007 18.5738 93.7398
8241000 41.7072 31.6821 17.3074 90.6967
8242000 40.3729 29.1454 17.7848 87.3031
8243000 40.4584 29.2738 16.9523 86.6845
8244000 40.0664 29.0538 16.7785 85.8987
8245000 39.9296 29.8422 16.7135 86.4853
8246000 39.2337 29.2052 16.7096 85.1486
8247000 37.3339 28.7066 17.4935 83.534
8248000 37.5244 28.5951 18.3343 84.4538
8249000 37.8442 28.9442 19.104 85.8924
8250000 39.3369 28.9326 18.9391 87.2086
8251000 39.5047 29.7631 18.5346 87.8025
8252000 39.569 29.3937 18.2236 87.1863
8253000 40.3505 28.7681 18.8717 87.9903
8254000 40.8238 29.0859 18.7883 88.6981
8255000 39.8314 29.4623 18.5702 87.864
8256000 39.4978 29.484 18.3329 87.3146
8257000 39.951 28.6151 17.8146 86.3807
8258000 39.3458 28.8782 17.4937 85.7176
8259000 39.9345 29.5688 18.0238 87.5271
8260000 39.2322 30.08 17.6456 86.9578
8261000 39.5428 29.6135 17.6088 86.7652
8262000 39.2801 29.9298 16.652 85.8619
8263000 38.1441 29.8523 16.0446 84.0409
8264000 36.0508 29.2896 16.0638 81.4042
8265000 36.3004 28.2985 16.1083 80.7072
8266000 36.9925 28.8499 16.0154 81.8577
8267000 36.1762 27.6557 15.5285 79.3605
8268000 34.9761 28.8339 16.1062 79.9161
8269000 34.476 30.5561 16.2285 81.2606
8270000 33.7282 29.698 16.9714 80.3976
8271000 32.7678 28.9154 16.9892 78.6723
8272000 31.4697 29.2038 17.1109 77.7843
8273000 29.9473 29.1841 17.2954 76.4268
8274000 27.4974 28.3673 17.1928 73.0574
8275000 26.396 28.0821 17.3583 71.8364
8276000 28.3826 28.393 17.7812 74.5568
8277000 28.3844 27.9833 18.0529 74.4207
8278000 27.9253 27.8319 19.4208 75.178
8279000 29.0958 28.7625 19.6241 77.4823
8280000 30.2131 28.9892 18.9763 78.1786
8281000 30.1598 28.9385 19.0229 78.1212
8282000 28.7169 28.8762 18.4186 76.0117
8283000 27.8117 29.3707 19.1988 76.3812
8284000 28.811 29.3489 19.0653 77.2251
8285000 28.58 29.1543 19.0911 76.8253
8286000 27.9526 29.1394 19.2025 76.2945
8287000 28.9355 28.4032 19.5757 76.9144
8288000 29.2433 28.8912 19.5791 77.7136
8289000 28.4437 29.4894 20.2583 78.1914
8290000 29.732 30.3253 20.7318 80.789
8291000 29.6842 30.8652 21.8536 82.403
8292000 27.5121 30.759 20.9981 79.2692
8293000 26.3352 30.7418 20.1759 77.253
8294000 27.3724 31.96 20.0899 79.4223
8295000 27.5501 31.9789 21.088 80.6169
8296000 28.194 30.9808 21.4017 80.5766
8297000 27.2043 30.4934 22.2354 79.933
8298000 26.8952 31.3377 22.9161 81.149
8299000 27.3361 30.3721 21.9668 79.675
8300000 26.8194 30.0786 21.8007 78.6987
8301000 26.5039 30.2122 21.8599 78.576
8302000 26.7371 30.4805 20.8452 78.0629
8303000 26.9144 30.2919 19.8576 77.0638
8304000 28.3321 30.7681 18.9811 78.0814
8305000 28.5966 31.8586 19.5276 79.9828
8306000 29.7056 30.7739 19.7484 80.228
8307000 28.6236 29.8685 19.5196 78.0116
8308000 30.0609 30.2866 19.7945 80.1419
8309000 29.6551 29.3519 20.3118 79.3188
8310000 29.7538 29.1226 20.6012 79.4776
8311000 29.4624 30.0885 20.207 79.7578
8312000 29.313 32.2899 19.9055 81.5084
8313000 29.445 32.8074 19.7893 82.0418
8314000 27.9867 33.5671 19.6032 81.157
8315000 27.3633 32.5859 20.0797 80.0289
8316000 27.963 33.3669 19.5776 80.9075
8317000 27.3997 33.6459 19.2915 80.3371
8318000 26.8346 34.3724 19.185 80.392
8319000 27.4664 33.62 20.0364 81.1228
8320000 26.7732 33.4068 19.6511 79.8311
8321000 27.6353 32.7117 20.1873 80.5343
8322000 27.4631 31.6029 19.591 78.657
8323000 27.3969 30.8669 19.8285 78.0923
8324000 26.5932 30.4421 18.9255 75.9608
8325000 26.2858 28.877 19.5271 74.6899
8326000 26.1711 27.9264 18.6899 72.7874
8327000 25.3905 27.124 19.1133 71.6279
8328000 25.2541 26.923 19.6745 71.8516
8329000 25.9359 25.6919 19.5454 71.1733
8330000 26.5723 23.8615 20.0061 70.4398
8331000 26.6138 23.6622 20.6322 70.9081
8332000 27.9942 23.1458 20.0457 71.1857
8333000 27.6445 24.1481 19.2167 71.0092
8334000 27.9581 24.1868 19.8212 71.9662
8335000 28.3358 24.1005 19.715 72.1513
8336000 27.6646 24.6511 19.6268 71.9425
8337000 27.6511 24.4135 18.9749 71.0395
8338000 26.5979 24.5648 18.7435 69.9062
8339000 26.4064 24.1658 18.053 68.6252
8340000 26.9951 24.8332 18.1163 69.9447
8341000 26.4616 24.5238 18.5247 69.5102
8342000 25.9577 24.6517 18.5677 69.1771
8343000 25.8849 24.4846 18.8637 69.2332
8344000 26.809 24.2086 18.8918 69.9093
8345000 27.1749 24.7726 19.9521 71.8997
8346000 26.6905 24.6708 19.7779 71.1392
8347000 27.2047 25.1529 19.9434 72.301
8348000 27.379 25.6012 19.482 72.4623
8349000 26.9045 24.0347 19.1418 70.0809
8350000 27.489 23.2931 18.7906 69.5727
8351000 26.8259 23.7604 18.4819 69.0682
8352000 26.7296 22.72 18.0722 67.5218
8353000 26.1593 21.8096 17.3817 65.3507
8354000 26.6622 22.6439 16.6013 65.9074
8355000 27.6258 23.5133 17.3379 68.477
8356000 28.9347 23.0951 17.6322 69.662
8357000 28.7295 23.5086 18.0335 70.2716
8358000 29.5807 24.4058 17.6199 71.6064
8359000 29.6717 23.6936 17.4333 70.7986
8360000 28.9104 24.0391 16.4917 69.4412
8361000 29.5987 24.4237 16.6552 70.6776
8362000 29.7429 24.0597 17.1128 70.9154
8363000 30.3009 22.9921 17.7472 71.0402
8364000 30.633 22.875 17.977 71.485
8365000 29.6425 22.8497 17.8654 70.3577
8366000 29.4086 22.9128 17.193 69.5144
8367000 28.5651 23.3348 16.8661 68.766
8368000 28.5462 23.315 17.7913 69.6525
8369000 27.4372 22.7004 19.0934 69.231
8370000 28.2685 22.5582 18.1854 69.0121
8371000 28.6655 22.6745 17.7553 69.0953
8372000 28.3548 22.411 16.5726 67.3384
8373000 29.6309 22.1935 16.1094 67.9339
8374000 29.8533 21.2837 16.2518 67.3889
8375000 29.4146 21.6811 16.202 67.2976
8376000 29.8313 21.8716 17.0924 68.7953
8377000 30.0317 21.443 16.5652 68.0399
8378000 29.5132 22.3141 16.4297 68.257
8379000 29.6462 22.0743 16.2169 67.9375
8380000 28.4027 22.0249 16.7821 67.2097
8381000 27.668 21.1429 16.5303 65.3411
8382000 27.2132 21.6201 15.8088 64.6421
8383000 26.8685 21.8082 15.3512 64.0279
8384000 25.0011 22.0492 14.5483 61.5986
8385000 24.7582 22.4813 15.4349 62.6744
8386000 24.6962 22.6902 15.2903 62.6767
8387000 24.0478 23.0166 15.1812 62.2456
8388000 24.4809 23.0419 14.466 61.9888
8389000 26.0088 23.4767 14.2202 63.7056
8390000 26.0501 23.53 14.3822 63.9623
8391000 26.4498 22.8315 14.2534 63.5347
8392000 25.819 21.8476 13.6815 61.3481
8393000 25.4015 22.2006 13.3878 60.9899
8394000 24.2879 21.9468 13.2146 59.4493
8395000 23.5145 21.8134 13.7422 59.0701
8396000 24.0284 21.6143 13.5134 59.1561
8397000 24.7908 22.5965 13.6185 61.0057
8398000 25.311 22.7241 13.8067 61.8418
8399000 25.812 22.6546 14.2504 62.717
8400000 26.4661 22.6642 13.6739 62.8042
8401000 27.1101 23.0876 13.9839 64.1816
8402000 27.4102 23.1803 14.3943 64.9848
8403000 28.0331 22.6955 14.1266 64.8552
8404000 27.9216 22.3143 14.2644 64.5003
8405000 26.8941 21.7291 14.5588 63.182
8406000 26.5844 22.0676 15.229 63.881
8407000 27.609 20.8838 15.1655 63.6584
8408000 28.3662 20.6559 14.7543 63.7763
8409000 28.3898 20.9239 15.5977 64.9114
8410000 29.1399 20.2807 15.8163 65.2369
8411000 29.0832 20.6864 16.6277 66.3973
8412000 29.8529 21.6781 17.0603 68.5913
8413000 28.5699 20.854 17.2614 66.6854
8414000 29.402 21.4538 17.2072 68.0631
8415000 29.1905 21.9428 16.8759 68.0092
8416000 29.8304 21.1626 17.0078 68.0007
8417000 30.053 20.3316 17.117 67.5017
8418000 29.7869 19.8067 16.6502 66.2437
8419000 30.3707 19.2078 16.6356 66.214
8420000 28.803 18.962 17.6963 65.4613
8421000 28.1101 19.4428 17.8113 65.3642
8422000 28.6692 19.6186 17.7388 66.0266
8423000 29.2327 20.6286 18.4128 68.2741
8424000 27.7234 20.4592 18.3292 66.5118
8425000 27.9043 19.5159 19.0531 66.4734
8426000 28.2908 19.3326 18.8798 66.5032
8427000 28.3184 18.9648 19.2847 66.5679
8428000 29.0467 19.3416 19.1817 67.57
8429000 30.051 19.0133 18.0296 67.0939
8430000 30.1114 19.3927 17.706 67.2102
8431000 30.0322 19.7643 18.3838 68.1803
8432000 31.5657 20.4619 18.123 70.1506
8433000 33.4405 21.0617 17.1438 71.6461
8434000 33.7313 21.4212 16.9806 72.1331
8435000 33.0812 21.3056 16.7924 71.1792
8436000 33.2374 22.2407 16.9957 72.4738
8437000 33.7843 21.5815 16.7925 72.1583
8438000 33.5928 20.935 16.7569 71.2847
8439000 33.8401 20.7168 16.8821 71.439
8440000 34.176 21.3794 17.7184 73.2737
8441000 35.2446 20.8004 17.4911 73.5361
8442000 34.6045 19.7955 17.4308 71.8307
8443000 33.5723 19.385 18.0343 70.9915
8444000 32.4476 19.306 18.3968 70.1505
8445000 30.9825 18.2813 18.2474 67.5112
8446000 30.8938 18.5343 18.2605 67.6886
8447000 31.3396 19.0645 18.4807 68.8847
8448000 31.7004 19.4508 18.279 69.4302
8449000 33.2291 18.9077 17.8285 69.9654
8450000 35.0802 18.7561 18.337 72.1733
8451000 37.1382 18.6849 18.2428 74.0658
8452000 37.1252 18.4877 18.0661 73.679
8453000 36.8884 18.3233 18.2209 73.4327
8454000 35.8569 19.1447 19.0038 74.0053
8455000 35.702 19.8493 19.312 74.8633
8456000 36.3846 20.3917 19.2795 76.0557
8457000 36.2817 20.7276 20.0166 77.0258
8458000 36.2872 20.4529 20.2769 77.0169
8459000 37.208 21.442 20.4603 79.1103
8460000 36.9556 21.4848 21.7404 80.1808
8461000 37.7716 22.239 21.5556 81.5662
8462000 39.0125 21.7724 21.3581 82.143
8463000 39.7406 21.6706 20.9697 82.381
8464000 39.8956 22.8245 20.4271 83.1472
8465000 39.4083 23.3887 20.0349 82.8319
8466000 40.3422 23.9105 20.1189 84.3717
8467000 41.7517 23.7478 19.9393 85.4388
8468000 41.4391 24.1148 20.4087 85.9626
8469000 41.2299 23.888 20.034 85.1518
8470000 42.0753 24.275 19.2107 85.561
8471000 42.2881 23.4762 18.4066 84.171
8472000 41.1145 23.5058 18.1364 82.7567
8473000 40.0742 23.3292 19.1454 82.5488
8474000 40.5328 23.4789 18.8969 82.9087
8475000 41.0992 24.7634 18.6355 84.498
8476000 41.7169 24.4842 18.028 84.2291
8477000 40.5425 24.3988 18.4607 83.4019
8478000 40.3475 23.2851 18.3282 81.9607
8479000 42.1665 23.0192 17.9512 83.1369
8480000 41.3829 22.9646 18.1319 82.4793
8481000 41.0793 23.6572 17.8288 82.5653
8482000 41.6171 24.3026 17.8584 83.7781
8483000 40.6319 23.9003 18.0027 82.5349
8484000 41.165 24.4236 17.6488 83.2374
8485000 41.7867 24.1307 17.1781 83.0954
8486000 39.9511 23.574 17.17 80.6951
8487000 38.4125 23.7257 17.7497 79.8879
8488000 36.4699 24.3125 16.7081 77.4905
8489000 36.8858 24.9772 16.2968 78.1598
8490000 36.6856 25.5626 16.654 78.9023
8491000 36.1285 26.5817 16.0204 78.7306
8492000 35.914 26.0754 16.4567 78.4461
8493000 36.4311 25.6671 16.954 79.0521
8494000 35.4208 26.3922 16.5936 78.4065
8495000 35.9803 26.2154 16.6955 78.8912
8496000 35.8117 25.5342 16.1594 77.5053
8497000 35.3698 25.3259 16.2841 76.9798
8498000 36.3512 25.5566 16.5476 78.4553
8499000 37.8557 25.169 17.098 80.1227
8500000 37.9673 24.6472 17.3475 79.962
8501000 39.0014 23.4526 16.0843 78.5384
8502000 37.6178 25.2015 15.5606 78.3799
8503000 37.6994 25.3195 16.3265 79.3454
8504000 37.2198 25.1629 17.0196 79.4023
8505000 36.3482 25.7951 16.7077 78.851
8506000 36.828 25.612 16.724 79.164
8507000 37.9245 26.0352 16.9019 80.8616
8508000 39.6523 26.3527 16.8075 82.8125
8509000 41.2975 26.5276 17.3027 85.1278
8510000 42.314 26.0018 17.911 86.2267
8511000 41.57 26.4818 17.2123 85.2641
8512000 42.5563 26.7745 17.6569 86.9877
8513000 41.9196 25.93 18.6247 86.4743
8514000 41.5838 26.8527 19.3567 87.7932
8515000 41.3663 25.55 18.4684 85.3847
8516000 40.6457 25.4645 19.2791 85.3893
8517000 40.8547 25.4513 17.8897 84.1957
8518000 39.6714 26.0484 17.6066 83.3264
8519000 41.2021 26.519 18.3613 86.0824
8520000 41.5437 26.4858 18.3444 86.3738
8521000 43.0722 26.7113 19.1136 88.8972
8522000 43.7703 26.0096 19.1544 88.9343
8523000 43.5739 26.1905 19.1372 88.9016
8524000 43.031 26.3197 19.2867 88.6374
8525000 42.9487 26.1249 20.3505 89.424
8526000 42.918 26.8493 21.6245 91.3917
8527000 44.4046 26.9104 21.68 92.9949
8528000 44.2887 26.9704 21.6271 92.8863
8529000 43.4321 26.6824 21.71 91.8245
8530000 43.1793 27.174 22.4993 92.8526
8531000 41.6288 27.4191 23.4914 92.5393
8532000 41.5176 28.7315 23.51 93.7592
8533000 40.9871 28.2414 23.0407 92.2692
8534000 41.421 28.27 21.7453 91.4363
8535000 42.2254 27.9968 21.1785 91.4007
8536000 42.7594 26.9727 22.2337 91.9658
8537000 41.2373 25.4217 22.4542 89.1133
8538000 40.6123 24.5912 22.4414 87.6449
8539000 39.7117 25.1459 23.8371 88.6947
8540000 37.7144 25.3311 23.9474 86.9929
8541000 37.7442 25.4365 22.7837 85.9645
8542000 38.4699 25.4325 22.5791 86.4815
8543000 38.7049 25.1177 22.3745 86.1972
8544000 40.5857 26.0568 21.9334 88.5759
8545000 42.4938 26.8405 21.9758 91.3101
8546000 43.5816 26.504 22.9834 93.0689
8547000 43.3678 27.3566 22.5104 93.2348
8548000 43.1991 27.1844 21.8479 92.2314
8549000 43.6791 28.0735 22.8316 94.5842
8550000 43.5635 28.476 22.8316 94.8711
8551000 42.8427 28.546 22.3653 93.754
8552000 42.2311 28.5366 22.1748 92.9424
8553000 40.8239 27.7842 22.0483 90.6564
8554000 40.4926 27.1597 21.7038 89.3561
8555000 39.931 27.208 21.8854 89.0244
8556000 38.0405 27.6785 22.5107 88.2297
8557000 36.8524 28.7729 22.7878 88.4132
8558000 38.1367 29.9484 22.7736 90.8586
8559000 37.7736 29.2436 22.7681 89.7853
8560000 37.3789 29.8779 22.0522 89.309
8561000 36.7661 29.4166 22.7092 88.8918
8562000 38.6215 28.5205 21.6061 88.7481
8563000 40.4219 29.123 20.6207 90.1656
8564000 40.8263 29.7088 21.3463 91.8814
8565000 40.9259 29.0742 21.6286 91.6287
8566000 39.9615 30.2869 21.5739 91.8223
8567000 39.0523 29.697 21.2272 89.9765
8568000 39.4622 28.6271 20.1544 88.2436
8569000 38.5267 28.6801 20.5392 87.746
8570000 36.8028 27.4816 20.5438 84.8282
8571000 36.7045 26.276 20.2688 83.2493
8572000 35.5235 25.3271 21.4604 82.311
8573000 34.9562 25.5181 22.3809 82.8552
8574000 35.8882 25.3831 22.4739 83.7451
8575000 35.0932 25.1999 21.5202 81.8132
8576000 34.2786 26.3898 20.5467 81.2151
8577000 33.7577 25.7471 19.6665 79.1713
8578000 32.7533 25.3478 20.2419 78.343
8579000 33.8781 24.921 20.4509 79.25
8580000 33.2448 24.2752 21.6031 79.1231
8581000 33.0224 24.4866 21.8548 79.3638
8582000 33.8137 25.2409 20.8065 79.8612
8583000 33.5803 25.7629 21.3858 80.7289
8584000 34.084 26.6378 20.3419 81.0637
8585000 34.9094 25.2876 19.7467 79.9437
8586000 34.7184 24.9406 19.4199 79.0789
8587000 35.1903 23.5439 19.3602 78.0944
8588000 36.1435 23.7593 19.6519 79.5547
8589000 36.1147 25.214 20.3755 81.7043
8590000 35.4864 25.5856 20.7952 81.8672
8591000 36.066 25.3796 20.146 81.5917
8592000 35.9826 26.2413 20.7905 83.0145
8593000 34.9584 27.2527 21.3506 83.5617
8594000 35.9295 27.1503 20.8 83.8799
8595000 35.1972 27.904 20.778 83.8793
8596000 37.1171 28.0458 20.3133 85.4762
8597000 38.3365 28.5748 20.2064 87.1177
8598000 38.8921 29.5437 19.5978 88.0336
8599000 39.6778 29.2098 19.9657 88.8533
8600000 40.1435 28.617 21.0152 89.7757
8601000 39.5594 28.7329 20.9594 89.2517
8602000 38.9365 30.0909 21.3013 90.3286
8603000 37.9465 29.5618 21.4013 88.9096
8604000 36.6551 29.2957 21.1213 87.0721
8605000 37.1189 28.3741 21.0486 86.5415
8606000 37.9491 27.6544 20.7869 86.3904
8607000 37.101 27.4001 20.269 84.77
8608000 36.6563 28.2089 20.6451 85.5104
8609000 35.3957 27.6391 20.5837 83.6185
8610000 33.4818 27.6694 20.0306 81.1818
8611000 33.4137 27.6575 19.7359 80.8071
8612000 33.2686 27.9111 19.8493 81.029
8613000 32.6637 27.6644 20.2194 80.5475
8614000 32.2964 27.915 20.4417 80.653
8615000 32.5239 27.7858 20.5509 80.8607
8616000 32.9148 27.4369 20.9216 81.2734
8617000 32.1319 27.0364 20.6488 79.8171
8618000 32.5986 27.3058 21.9531 81.8574
8619000 32.8783 28.1294 21.7689 82.7765
8620000 33.3584 27.8197 20.8419 82.02
8621000 31.9942 27.6964 19.3406 79.0312
8622000 31.631 26.8916 19.538 78.0605
8623000 31.9196 26.436 20.0989 78.4545
8624000 31.3238 27.1497 20.2319 78.7055
8625000 31.1215 27.0457 20.4149 78.582
8626000 31.7671 25.547 20.3985 77.7125
8627000 31.1791 25.8051 20.6164 77.6007
8628000 32.7349 25.4139 21.1505 79.2993
8629000 35.1523 25.6952 21.5815 82.429
8630000 34.2067 25.8771 21.9896 82.0734
8631000 34.5617 26.8347 22.1255 83.5219
8632000 36.94 27.8193 22.3709 87.1302
8633000 37.54 28.3761 23.5063 89.4223
8634000 36.9328 28.3987 23.8579 89.1894
8635000 36.1672 27.6193 24.6182 88.4047
8636000 36.5799 27.0819 24.632 88.2939
8637000 36.04 27.568 25.0092 88.6171
8638000 35.3469 28.448 24.9396 88.7345
8639000 35.7782 28.4112 24.78 88.9694
8640000 36.1823 28.3331 23.6589 88.1744
8641000 35.8983 27.864 22.7303 86.4927
8642000 36.1488 26.0947 21.0213 83.2647
8643000 35.4635 25.7821 20.6663 81.9119
8644000 34.702 24.7313 20.95 80.3833
8645000 36.0149 24.0433 21.3755 81.4337
8646000 35.2071 24.3884 22.0271 81.6226
8647000 33.1299 24.16 22.7172 80.0071
8648000 32.2784 23.3441 21.6815 77.304
8649000 32.2963 24.0114 20.8442 77.1519
8650000 33.9321 24.6607 20.0017 78.5944
8651000 35.7263 25.4364 19.1553 80.318
8652000 35.5028 25.3255 19.5744 80.4027
8653000 37.1948 25.3295 19.4178 81.942
8654000 37.9139 24.5152 18.7199 81.149
8655000 38.5257 24.7054 18.354 81.5851
8656000 39.0564 26.7059 19.1524 84.9146
8657000 39.94 27.5122 19.3392 86.7914
8658000 41.4697 28.2316 20.3461 90.0474
8659000 42.9282 28.562 20.1528 91.643
8660000 43.1743 28.2052 19.4444 90.8239
8661000 41.6983 27.7838 18.5551 88.0372
8662000 41.1892 27.103 18.8529 87.1452
8663000 40.6972 27.3859 19.1247 87.2078
8664000 42.8145 26.436 19.2413 88.4918
8665000 42.7731 26.1126 19.4363 88.3221
8666000 40.0798 25.3436 19.9977 85.4211
8667000 40.0988 26.0008 20.5593 86.6589
8668000 41.5535 26.0841 21.3474 88.985
8669000 41.3209 25.8352 21.7255 88.8815
8670000 40.0803 26.1219 21.8649 88.0671
8671000 40.1086 26.6849 21.5422 88.3357
8672000 40.1498 26.0688 21.4456 87.6641
8673000 41.3664 26.0907 21.5719 89.029
8674000 41.3686 25.7891 20.5581 87.7158
8675000 41.895 26.7595 19.462 88.1165
8676000 43.0095 28.416 20.0959 91.5215
8677000 42.8197 29.283 20.8962 92.9989
8678000 42.0206 29.8926 21.79 93.7032
8679000 41.9166 30.5077 21.0342 93.4585
8680000 42.9251 29.806 20.5223 93.2533
8681000 42.8766 30.2084 20.2863 93.3713
8682000 43.1215 30.0415 20.0241 93.1872
8683000 43.9927 29.8996 19.8235 93.7158
8684000 46.9442 29.762 19.3943 96.1005
8685000 46.2789 30.1121 19.7977 96.1887
8686000 45.3691 29.311 20.2968 94.9768
8687000 44.6485 28.2581 19.9167 92.8234
8688000 44.7276 28.2919 20.559 93.5785
8689000 43.4702 29.1029 21.1073 93.6805
8690000 42.9193 29.539 20.2473 92.7057
8691000 42.9119 29.5013 19.2102 91.6235
8692000 43.3076 30.2002 19.0705 92.5784
8693000 44.0891 29.9143 18.4991 92.5025
8694000 44.1386 30.6184 18.9073 93.6643
8695000 44.5096 30.3131 19.8257 94.6484
8696000 44.5311 30.1992 20.4045 95.1347
8697000 44.9644 30.3444 20.6531 95.9619
8698000 45.4812 31.131 20.1146 96.7269
8699000 47.1478 32.8154 20.3972 100.36
8700000 47.4368 33.0121 20.6973 101.146
8701000 48.1259 32.815 20.6526 101.594
8702000 47.1873 32.0494 20.6851 99.9218
8703000 47.8746 31.0814 21.6411 100.597
8704000 49.3441 30.9666 21.5611 101.872
8705000 47.6992 30.7227 21.9043 100.326
8706000 48.1974 31.0131 22.1822 101.393
8707000 48.989 31.2799 22.1462 102.415
8708000 50.6366 30.8094 21.9151 103.361
8709000 51.9737 30.2644 22.6042 104.842
8710000 54.0514 30.5878 22.6993 107.339
8711000 54.1702 30.9879 23.1005 108.259
8712000 53.935 29.5928 22.9935 106.521
8713000 53.921 28.4295 21.9106 104.261
8714000 52.5588 28.945 21.8253 103.329
8715000 53.5759 28.5981 21.9232 104.097
8716000 55.5786 27.287 21.0719 103.938
8717000 55.3272 27.8146 21.1823 104.324
8718000 57.2935 27.5169 21.0807 105.891
8719000 57.8596 27.3867 20.7723 106.019
8720000 59.8769 27.9684 20.7521 108.597
8721000 60.9205 27.8422 20.7935 109.556
8722000 59.6812 28.4586 20.7197 108.86
8723000 59.0527 29.13 21.0154 109.198
8724000 57.7226 29.182 20.5561 107.461
8725000 56.3386 28.8069 20.9503 106.096
8726000 55.4497 29.1308 21.5073 106.088
8727000 55.944 28.7959 21.4476 106.188
8728000 55.8083 29.0063 21.9533 106.768
8729000 56.3309 30.0353 22.953 109.319
8730000 57.1791 30.7026 22.853 110.735
8731000 57.228 31.2028 22.873 111.304
8732000 56.4906 30.7473 21.9135 109.151
8733000 56.5379 30.5318 22.192 109.262
8734000 56.0572 30.2529 22.8219 109.132
8735000 54.8613 29.4973 23.0601 107.419
8736000 55.831 29.4211 22.6234 107.876
8737000 54.8003 28.4698 23.6154 106.885
8738000 55.5176 27.6277 23.5853 106.731
8739000 54.563 27.9599 23.5499 106.073
8740000 54.6863 27.6862 23.1234 105.496
8741000 53.5151 26.7465 23.4422 103.704
8742000 52.1479 26.6616 23.321 102.131
8743000 52.438 26.7797 23.0475 102.265
8744000 54.5779 27.1499 22.8573 104.585
8745000 53.948 27.4015 22.6528 104.002
8746000 52.8175 27.3046 22.1962 102.318
8747000 51.2535 26.933 22.3011 100.488
8748000 51.3111 27.4101 22.1939 100.915
8749000 51.2303 27.1507 22.691 101.072
8750000 51.7672 25.9011 22.5582 100.227
8751000 52.3135 26.6248 22.3051 101.243
8752000 53.0405 27.7558 21.7801 102.576
8753000 52.8314 27.3255 21.4548 101.612
8754000 53.135 25.8008 21.3606 100.296
8755000 53.5719 25.8989 22.2671 101.738
8756000 54.17 26.125 22.5145 102.809
8757000 52.7395 26.0305 21.8144 100.584
8758000 53.9289 25.7921 21.6277 101.349
8759000 54.5235 25.8277 21.4441 101.795
8760000 54.4163 26.9085 21.4758 102.801
8761000 53.9387 27.1301 22.2988 103.368
8762000 53.5063 26.9187 21.5292 101.954
8763000 53.4889 27.3553 21.6268 102.471
8764000 51.911 27.7063 21.091 100.708
8765000 51.1032 28.9584 20.9652 101.027
8766000 50.0251 29.3052 20.4982 99.8285
8767000 50.6061 29.1131 19.8549 99.5741
8768000 51.1716 28.5107 19.5845 99.2668
8769000 53.3292 27.9634 19.6485 100.941
8770000 54.6632 28.56 20.6259 103.849
8771000 54.0675 28.5522 19.9927 102.612
8772000 53.6789 29.2053 19.3451 102.229
8773000 52.9544 30.2333 19.6612 102.849
8774000 52.9943 30.6747 19.7225 103.391
8775000 51.2339 30.7429 20.1582 102.135
8776000 51.3895 31.6836 20.5721 103.645
8777000 49.4622 31.0818 20.2337 100.778
8778000 50.4678 30.6374 19.9106 101.016
8779000 51.9144 31.9059 20.2341 104.054
8780000 53.8236 31.3693 20.0189 105.212
8781000 54.9162 31.0956 21.2905 107.302
8782000 55.8402 30.9866 21.2075 108.034
8783000 54.4143 30.0432 20.9581 105.416
8784000 52.825 29.3409 20.9058 103.072
8785000 51.7918 29.3192 20.3197 101.431
8786000 52.0514 27.8726 19.4803 99.4043
8787000 50.7557 28.8082 19.8452 99.4091
8788000 49.0356 28.2536 20.7152 98.0044
8789000 49.1772 28.5539 20.3673 98.0984
8790000 49.0297 27.7958 20.0502 96.8757
8791000 49.5015 26.9751 19.3823 95.8588
8792000 49.7326 26.7687 19.3392 95.8405
8793000 49.489 26.9426 20.4952 96.9269
8794000 50.671 26.892 21.0196 98.5826
8795000 50.8342 27.5546 20.9246 99.3134
8796000 49.8692 28.7224 21.0907 99.6823
8797000 52.0896 28.9889 21.0894 102.168
8798000 51.912 29.1678 21.9785 103.058
8799000 53.6943 29.7039 22.0718 105.47
8800000 52.0153 29.8637 21.6683 103.547
8801000 52.4976 28.3087 21.7159 102.522
8802000 55.603 29.227 20.6943 105.524
8803000 55.4075 29.3684 20.3364 105.112
8804000 54.7007 28.8701 20.3386 103.909
8805000 53.1941 27.621 20.6814 101.496
8806000 54.3998 27.536 20.0407 101.977
8807000 55.5458 28.0489 19.7959 103.391
8808000 55.5489 28.5393 20.6334 104.722
8809000 54.997 27.3099 20.558 102.865
8810000 55.5127 25.7645 20.3827 101.66
8811000 54.6568 24.7047 20.1482 99.5097
8812000 53.6133 25.6185 20.2128 99.4446
8813000 53.4489 26.4996 19.4103 99.3588
8814000 52.6133 26.9685 19.2739 98.8557
8815000 52.1712 26.9739 19.657 98.8021
8816000 51.4758 27.5847 19.633 98.6935
8817000 50.7095 27.9924 18.3966 97.0986
8818000 48.6948 27.7148 19.1107 95.5203
8819000 47.3885 26.7977 19.3895 93.5757
8820000 44.843 25.88 19.5029 90.2259
8821000 45.5573 26.4318 19.528 91.5172
8822000 45.9226 26.8797 19.2199 92.0221
8823000 45.7977 26.4812 19.9453 92.2243
8824000 46.7334 25.8447 19.6172 92.1953
8825000 45.7607 26.2224 19.9059 91.8891
8826000 44.8158 26.6113 19.6746 91.1017
8827000 44.0047 27.2148 19.7846 91.0041
8828000 45.2531 27.9995 20.2947 93.5473
8829000 46.5285 28.1417 19.7699 94.44
8830000 46.571 28.2634 20.4805 95.315
8831000 44.6213 27.6571 21.3264 93.6048
8832000 44.1348 26.7965 21.8416 92.773
8833000 42.585 27.583 21.8741 92.0421
8834000 42.0343 27.6824 21.9568 91.6734
8835000 42.2627 26.9424 22.8971 92.1022
8836000 41.0884 26.3419 23.274 90.7043
8837000 40.4651 26.6577 23.0837 90.2065
8838000 40.6913 27.3271 23.0871 91.1055
8839000 41.6871 27.9874 23.2166 92.8911
8840000 43.3679 28.46 23.3579 95.1858
8841000 42.1532 29.2507 23.5851 94.989
8842000 40.8889 29.3151 23.7528 93.9567
8843000 40.7449 28.8866 23.8539 93.4854
8844000 39.5327 27.9595 23.8233 91.3155
8845000 40.1819 27.0332 24.1759 91.391
8846000 41.9527 26.1967 24.6161 92.7656
8847000 43.8144 26.3187 24.2134 94.3465
8848000 43.3519 27.9221 24.0305 95.3045
8849000 43.8465 28.2013 24.8331 96.8808
8850000 42.9951 28.0501 25.7492 96.7944
8851000 44.0992 27.2956 25.95 97.3448
8852000 43.6803 27.2086 27.3857 98.2747
8853000 42.5753 26.4415 28.1843 97.201
8854000 40.8377 25.3509 28.3837 94.5723
8855000 43.0811 25.2209 27.943 96.245
8856000 42.6745 25.5464 26.6971 94.9179
8857000 43.2013 24.5977 25.1288 92.9278
8858000 42.945 24.1652 24.6873 91.7975
8859000 41.8453 24.4216 23.7881 90.0551
8860000 41.1832 24.2346 23.044 88.4617
8861000 40.7177 24.3487 24.0918 89.1583
8862000 40.6103 25.0142 24.2464 89.8708
8863000 40.4493 24.7973 24.3724 89.619
8864000 40.5267 25.3364 24.6355 90.4986
8865000 41.4866 26.4863 24.3623 92.3352
8866000 42.7333 26.1312 25.382 94.2464
8867000 41.1811 25.4923 25.7941 92.4674
8868000 38.9284 25.751 24.8043 89.4837
8869000 36.4046 26.0856 25.1317 87.622
8870000 35.2309 26.9417 26.1717 88.3444
8871000 35.7869 26.1178 25.1407 87.0454
8872000 35.6026 24.5608 23.251 83.4144
8873000 35.2328 24.2873 22.5944 82.1146
8874000 35.4354 25.0452 22.2258 82.7065
8875000 34.4926 24.6677 22.1022 81.2625
8876000 34.7738 23.6988 22.9151 81.3877
8877000 35.4524 25.0155 23.0393 83.5072
8878000 35.4364 25.267 23.2836 83.987
8879000 35.2269 25.8685 23.464 84.5594
8880000 35.543 26.3967 23.9169 85.8566
8881000 35.9612 26.4568 24.4317 86.8498
8882000 36.1557 26.6509 24.5406 87.3472
8883000 36.5974 27.1487 24.4041 88.1501
8884000 37.1152 27.3909 24.9156 89.4216
8885000 37.6033 25.644 25.3325 88.5798
8886000 36.3627 26.2077 24.4345 87.0048
8887000 36.0477 26.4395 25.3868 87.874
8888000 35.053 26.6601 24.6932 86.4063
8889000 36.1944 26.4346 24.6486 87.2776
8890000 37.0174 26.1112 26.0203 89.1489
8891000 38.0534 25.9085 25.7537 89.7156
8892000 38.642 25.9607 24.043 88.6458
8893000 38.6797 25.8685 23.6552 88.2034
8894000 38.6527 25.6165 23.5678 87.837
8895000 38.0714 25.5796 23.7489 87.3999
8896000 36.7478 25.2266 22.6662 84.6406
8897000 34.9438 25.4913 22.5624 82.9976
8898000 35.0755 25.1924 22.5916 82.8596
8899000 36.692 25.1029 23.3878 85.1827
8900000 37.3616 24.7252 23.3432 85.43
8901000 38.0529 24.1691 23.8649 86.0869
8902000 37.4918 24.4015 23.723 85.6162
8903000 37.9651 24.8701 23.1524 85.9877
8904000 37.7487 25.2583 23.2638 86.2708
8905000 37.9534 25.2289 22.3797 85.5621
8906000 35.8897 25.4212 22.5605 83.8714
8907000 35.7387 25.9236 23.3059 84.9682
8908000 35.7094 25.6686 22.9597 84.3376
8909000 36.3116 25.4049 22.4358 84.1523
8910000 36.2242 25.5997 22.9814 84.8053
8911000 36.2408 25.8911 23.2094 85.3413
8912000 37.2112 25.421 23.862 86.4943
8913000 38.1291 24.9802 22.9008 86.0101
8914000 38.6649 25.4825 21.9703 86.1177
8915000 39.0179 24.7912 21.7791 85.5882
8916000 39.9273 23.3083 23.1633 86.3989
8917000 40.2578 22.1066 22.9033 85.2676
8918000 38.9896 22.1464 23.0972 84.2333
8919000 38.2433 23.0102 23.721 84.9745
8920000 37.1241 23.3478 23.6578 84.1297
8921000 36.9906 24.0759 23.7998 84.8664
8922000 37.9411 24.4212 23.3496 85.7118
8923000 38.2968 23.7619 23.9193 85.978
8924000 39.5222 23.5069 23.6297 86.6588
8925000 37.1216 24.3527 23.4506 84.9249
8926000 36.3485 24.1488 23.4562 83.9535
8927000 36.5267 23.8934 22.5391 82.9591
8928000 36.6959 24.6939 23.4509 84.8408
8929000 37.5213 24.8044 24.8099 87.1356
8930000 37.6016 25.0162 24.1735 86.7912
8931000 38.1416 26.2469 23.5359 87.9243
8932000 37.6742 26.4567 22.6424 86.7733
8933000 36.8169 25.7684 21.8626 84.4479
8934000 36.7411 25.2071 22.3726 84.3208
8935000 35.7464 25.9054 22.4797 84.1315
8936000 35.0619 26.8794 23.1372 85.0786
8937000 35.9445 27.0297 23.7712 86.7454
8938000 37.3266 26.844 24.1512 88.3217
8939000 37.0358 26.6279 23.9921 87.6558
8940000 35.9775 26.5976 23.1064 85.6815
8941000 35.2131 26.7466 22.8398 84.7995
8942000 35.6534 26.6018 22.8566 85.1118
8943000 37.3707 27.0792 23.0185 87.4685
8944000 37.4466 27.0806 22.9759 87.5031
8945000 37.8536 27.4011 21.8403 87.0951
8946000 37.9287 27.3504 21.1627 86.4418
8947000 37.6018 27.1412 21.9878 86.7308
8948000 37.4708 27.2507 22.3177 87.0392
8949000 39.1278 27.1463 22.4063 88.6805
8950000 40.0468 27.4078 22.1609 89.6154
8951000 39.8241 27.3631 21.6637 88.8508
8952000 40.2039 27.2702 22.3753 89.8494
8953000 39.1246 26.8357 22.7121 88.6724
8954000 38.0744 27.0968 23.6008 88.772
8955000 38.5487 27.7734 24.5018 90.824
8956000 39.3375 29.2251 24.0843 92.6469
8957000 38.632 28.8664 23.5416 91.04
8958000 38.6994 29.0517 23.3263 91.0775
8959000 38.7138 28.9477 23.0622 90.7237
8960000 38.0186 28.8312 22.8568 89.7065
8961000 39.5667 28.5559 22.4234 90.546
8962000 37.8827 28.6609 22.454 88.9977
8963000 37.8501 28.7741 22.6335 89.2577
8964000 37.2745 29.2809 22.7195 89.2749
8965000 38.2041 28.793 23.4941 90.4912
8966000 37.8745 27.9033 24.3591 90.1368
8967000 38.5322 28.0674 23.9929 90.5925
8968000 37.4633 29.2742 24.2293 90.9667
8969000 36.3099 28.0255 23.9424 88.2778
8970000 35.3212 27.9053 24.3096 87.5361
8971000 35.7167 27.1752 24.6595 87.5515
8972000 35.932 27.3569 24.8514 88.1403
8973000 36.9481 27.9234 24.949 89.8205
8974000 35.8579 28.292 25.0935 89.2434
8975000 36.8242 28.7051 24.5507 90.08
8976000 35.8989 28.9969 24.3569 89.2527
8977000 35.5817 28.5909 23.7498 87.9224
8978000 35.5478 28.1045 23.5808 87.2331
8979000 34.5213 27.1708 22.4609 84.153
8980000 35.3222 27.479 22.3239 85.1251
8981000 36.0403 27.8547 21.7369 85.6319
8982000 36.0802 26.7732 21.6944 84.5478
8983000 36.2366 27.1496 21.4073 84.7934
8984000 36.3269 27.4955 20.4698 84.2922
8985000 37.5521 27.2591 21.3369 86.1481
8986000 38.4108 26.9917 22.238 87.6405
8987000 38.1365 27.1535 22.8702 88.1602
8988000 37.3675 26.748 22.7957 86.9111
8989000 38.0206 26.7739 22.6073 87.4018
8990000 38.42 27.8029 22.1876 88.4106
8991000 37.9421 28.4776 23.4082 89.8279
8992000 37.5846 27.16 24.5588 89.3034
8993000 36.0488 26.8243 23.6419 86.515
8994000 34.6736 26.0047 24.5904 85.2687
8995000 33.8757 25.9621 23.8457 83.6835
8996000 34.6095 26.0176 23.9857 84.6128
8997000 35.5543 26.0422 24.8814 86.4779
8998000 35.6038 25.8605 25.197 86.6612
8999000 36.1884 25.3339 25.9703 87.4926
9000000 36.3026 26.0857 26.02 88.4083
9001000 36.3532 26.0712 25.5008 87.9252
9002000 35.3756 26.4373 24.8034 86.6163
9003000 35.392 27.1203 24.2635 86.7757
9004000 36.1888 27.3444 24.7323 88.2655
9005000 36.6872 27.0552 26.7941 90.5365
9006000 35.8737 26.5961 27.4545 89.9243
9007000 36.1875 25.7022 27.1925 89.0821
9008000 36.2967 26.89 26.8503 90.037
9009000 33.7341 26.599 26.9977 87.3308
9010000 32.6386 26.448 26.9685 86.0551
9011000 33.4344 26.5423 26.958 86.9347
9012000 33.4025 27.0288 26.9681 87.3994
9013000 33.6966 26.3979 27.3849 87.4794
9014000 33.9093 26.7326 27.5976 88.2395
9015000 35.0023 26.9353 27.5672 89.5048
9016000 34.0457 27.0819 27.616 88.7437
9017000 33.3326 25.8411 27.2394 86.4131
9018000 33.4952 26.0396 26.8047 86.3394
9019000 34.0847 26.9229 25.3501 86.3577
9020000 32.8417 27.2581 24.1447 84.2445
9021000 32.6946 27.6787 24.3066 84.6799
9022000 32.5679 26.8827 25.0374 84.4881
9023000 32.2555 26.3064 24.9259 83.4878
9024000 33.229 26.3484 25.7736 85.351
9025000 34.0794 26.0803 26.157 86.3168
9026000 34.5065 26.0421 25.5997 86.1483
9027000 34.7072 27.1199 23.8528 85.6798
9028000 34.5473 26.9673 23.2181 84.7326
9029000 35.3622 26.29 23.2563 84.9085
9030000 35.9317 24.7008 23.9163 84.5489
9031000 35.1286 25.2033 23.7862 84.1181
9032000 35.4651 26.1757 23.0847 84.7255
9033000 35.6739 25.3323 23.3444 84.3505
9034000 34.624 23.8085 24.1252 82.5578
9035000 33.6759 24.5438 24.0579 82.2776
9036000 33.3679 24.7573 24.6756 82.8007
9037000 34.4316 23.5641 25.2312 83.2269
9038000 33.936 23.4922 25.2632 82.6914
9039000 36.0849 24.6876 24.0984 84.871
9040000 35.2568 26.2617 23.445 84.9634
9041000 35.1754 26.6716 23.091 84.9381
9042000 33.6043 25.329 24.0494 82.9826
9043000 33.8062 25.034 24.4778 83.318
9044000 34.2638 26.0324 25.3847 85.6809
9045000 36.1574 24.9778 25.9783 87.1135
9046000 36.9897 24.405 25.5098 86.9045
9047000 36.0095 22.605 25.7331 84.3477
9048000 35.3502 22.3352 25.0774 82.7628
9049000 33.4898 21.8057 25.8645 81.1599
9050000 34.1504 23.0216 24.6484 81.8204
9051000 33.8342 23.6491 24.8148 82.2981
9052000 33.9428 24.2471 25.5268 83.7167
9053000 33.8908 23.9127 25.5257 83.3292
9054000 34.3597 24.5492 26.3781 85.287
9055000 35.3285 24.9635 26.8392 87.1312
9056000 35.3708 24.279 25.716 85.3658
9057000 34.4286 23.1175 25.8173 83.3634
9058000 32.4034 23.5691 26.1346 82.107
9059000 32.5132 23.3317 26.2149 82.0599
9060000 33.2116 22.796 26.4315 82.4391
9061000 32.4234 21.8279 27.9895 82.2407
9062000 32.2255 20.7957 26.9121 79.9333
9063000 32.2079 20.1729 27.4559 79.8366
9064000 34.3724 20.505 27.4202 82.2976
9065000 34.4979 20.5036 27.3096 82.3111
9066000 33.1604 20.2675 29.1346 82.5624
9067000 33.2041 20.0444 29.9473 83.1958
9068000 33.7629 20.5564 29.4912 83.8105
9069000 33.0427 20.5897 29.8629 83.4953
9070000 32.6188 19.9721 30.2609 82.8518
9071000 32.4447 19.7848 30.2467 82.4761
9072000 32.1443 20.136 30.1533 82.4336
9073000 32.5056 19.5942 31.0096 83.1094
9074000 32.8208 19.4808 31.3945 83.6961
9075000 32.6246 19.5562 31.0062 83.1871
9076000 33.3443 19.3242 30.5984 83.2669
9077000 33.6721 18.9302 30.9982 83.6005
9078000 32.2966 19.3328 31.1388 82.7682
9079000 31.7213 19.8039 31.9418 83.4671
9080000 32.6399 19.8613 31.7055 84.2067
9081000 32.9066 19.4499 30.9043 83.2609
9082000 31.9607 18.9051 30.8148 81.6806
9083000 30.8297 18.7573 30.409 79.996
9084000 31.2234 18.4284 29.3315 78.9832
9085000 31.2612 18.7707 28.8229 78.8547
9086000 31.33 19.0294 27.7732 78.1326
9087000 29.7632 18.8765 26.749 75.3887
9088000 29.9753 19.1467 26.1188 75.2409
9089000 31.1689 18.6794 25.7512 75.5995
9090000 31.0447 18.3283 26.4016 75.7746
9091000 31.3164 18.0971 25.7903 75.2038
9092000 30.0531 18.4412 25.5398 74.034
9093000 29.3649 18.6568 26.9271 74.9488
9094000 30.2098 18.4804 27.1268 75.817
9095000 30.6936 17.5577 26.2004 74.4517
9096000 31.1233 17.1876 24.8347 73.1457
9097000 29.5409 16.6188 24.7014 70.861
9098000 29.26 16.5887 23.819 69.6677
9099000 29.422 17.3843 24.0042 70.8105
9100000 28.0588 17.9308 24.9208 70.9104
9101000 28.2376 17.9654 25.226 71.4291
9102000 28.9386 17.5738 25.2564 71.7689
9103000 28.4847 18.2159 26.2005 72.901
9104000 28.32 18.5173 27.4394 74.2767
9105000 28.523 18.6326 27.9218 75.0774
9106000 29.0142 18.9507 27.4909 75.4558
9107000 29.4214 19.6855 26.6502 75.7571
9108000 29.1476 19.6619 27.6846 76.4941
9109000 27.8971 19.7701 28.9185 76.5857
9110000 27.0316 19.3479 29.858 76.2374
9111000 27.092 18.5045 29.5805 75.177
9112000 25.9639 18.6647 30.1136 74.7422
9113000 25.8079 18.6747 29.1875 73.6702
9114000 25.3447 17.7681 27.9863 71.0991
9115000 25.2819 17.6864 27.1645 70.1328
9116000 25.1334 18.0521 26.9024 70.0878
9117000 24.6552 18.2821 27.0379 69.9752
9118000 25.034 18.3381 26.0819 69.454
9119000 25.6163 18.6515 25.958 70.2257
9120000 24.8335 18.4194 26.057 69.3099
9121000 24.1694 18.0465 25.4748 67.6907
9122000 23.777 17.4433 24.9685 66.1889
9123000 24.093 17.9782 24.8307 66.9019
9124000 24.7315 17.9607 24.7456 67.4377
9125000 24.1308 18.1189 24.7995 67.0492
9126000 24.6541 19.4761 24.6164 68.7466
9127000 24.1587 19.6958 23.8413 67.6958
9128000 22.9885 19.715 23.3512 66.0547
9129000 23.2436 19.3091 22.3271 64.8798
9130000 23.0656 19.9906 22.6574 65.7136
9131000 22.9911 19.8811 23.6948 66.567
9132000 22.3257 20.1899 24.6578 67.1733
9133000 22.3897 19.458 24.6289 66.4766
9134000 22.7943 20.1439 26.2512 69.1894
9135000 23.3482 20.3542 27.8308 71.5332
9136000 22.7502 20.7755 27.9586 71.4843
9137000 22.8177 20.8413 27.7728 71.4317
9138000 21.7548 20.6833 27.8309 70.269
9139000 21.8662 21.2911 27.6758 70.8331
9140000 22.9832 21.1182 27.5013 71.6026
9141000 23.2304 20.5215 27.422 71.1739
9142000 22.3191 21.261 29.1419 72.722
9143000 22.7135 21.5766 28.8487 73.1387
9144000 22.9866 21.502 28.4528 72.9414
9145000 23.5263 21.0471 28.2517 72.8252
9146000 22.5108 21.0801 27.5824 71.1733
9147000 22.8854 21.7641 27.6764 72.3258
9148000 23.1329 22.0114 26.8453 71.9896
9149000 23.1362 21.372 25.9267 70.4349
9150000 24.902 21.5271 27.0652 73.4943
9151000 24.5505 21.9987 27.2667 73.8159
9152000 24.0007 21.1203 27.7895 72.9105
9153000 24.4574 20.9424 28.1179 73.5178
9154000 24.6466 20.9584 28.5655 74.1706
9155000 23.6544 20.9018 28.3876 72.9438
9156000 23.9178 21.23 28.0802 73.2281
9157000 23.2714 21.6961 27.6107 72.5782
9158000 23.3484 22.3393 26.818 72.5057
9159000 22.5139 22.5777 27.3002 72.3918
9160000 23.4054 22.6048 26.0611 72.0713
9161000 23.8902 23.5731 25.9141 73.3774
9162000 24.6713 23.9556 25.7244 74.3513
9163000 24.6103 24.6054 25.9571 75.1728
9164000 23.4835 24.1577 26.4202 74.0614
9165000 23.8838 23.4231 26.7096 74.0164
9166000 24.2457 22.8383 27.0466 74.1305
9167000 23.8175 22.5039 27.3611 73.6825
9168000 24.4195 21.0666 27.8757 73.3617
9169000 25.1631 22.2875 28.7017 76.1523
9170000 22.9779 22.6634 28.3968 74.038
9171000 23.2858 24.1923 27.1266 74.6047
9172000 23.6399 24.9619 25.6835 74.2853
9173000 23.402 25.0535 25.0511 73.5065
9174000 23.4421 25.2045 24.9863 73.6329
9175000 24.8347 24.8295 23.9937 73.658
9176000 24.9224 24.5967 23.8628 73.3818
9177000 23.8888 23.7632 23.7142 71.3662
9178000 24.3082 23.1428 24.809 72.2601
9179000 24.5061 23.0481 25.2512 72.8054
9180000 24.8655 23.4946 26.2061 74.5663
9181000 25.4984 24.8392 25.7501 76.0877
9182000 25.0182 25.7019 26.8531 77.5732
9183000 25.654 26.6276 27.3535 79.6351
9184000 25.6654 27.3021 27.1478 80.1153
9185000 26.5967 26.6305 27.7715 80.9987
9186000 26.7578 26.4367 27.7033 80.8977
9187000 26.4874 25.575 27.0376 79.1
9188000 25.7408 24.4295 26.8419 77.0122
9189000 24.8478 23.023 26.232 74.1027
9190000 25.8748 24.7759 24.3488 74.9995
9191000 26.4783 25.4936 25.3921 77.3639
9192000 28.0658 26.0154 25.4584 79.5396
9193000 29.1451 24.8901 24.4638 78.499
9194000 30.2595 25.1492 23.5143 78.923
9195000 30.7015 25.0899 22.6689 78.4603
9196000 30.3547 25.367 23.4512 79.1729
9197000 29.8006 25.9224 24.224 79.947
9198000 29.8493 24.686 23.9467 78.4819
9199000 30.5486 25.3965 23.2849 79.2301
9200000 31.4057 25.6899 24.4779 81.5734
9201000 31.2686 25.2624 23.694 80.225
9202000 30.0414 25.6251 22.956 78.6225
9203000 28.6928 25.6773 22.5518 76.9219
9204000 28.5706 25.0019 22.4858 76.0583
9205000 29.2795 24.6509 23.723 77.6533
9206000 29.6465 25.0847 24.4565 79.1877
9207000 30.0857 25.3486 24.171 79.6053
9208000 31.0655 25.2596 23.1392 79.4644
9209000 33.2766 25.3544 23.3116 81.9426
9210000 33.2935 25.7994 23.3089 82.4018
9211000 31.3554 24.9838 23.7903 80.1295
9212000 32.0107 25.6711 23.4537 81.1355
9213000 31.014 25.9942 23.7717 80.7799
9214000 32.459 25.0051 23.1981 80.6622
9215000 30.6466 24.5445 22.4241 77.6152
9216000 29.9136 24.7244 22.6778 77.3157
9217000 29.867 24.1364 23.3132 77.3166
9218000 29.6108 24.1517 22.9512 76.7138
9219000 29.6104 24.8722 22.8479 77.3305
9220000 28.8795 24.8318 21.52 75.2314
9221000 27.2409 24.2627 21.2896 72.7932
9222000 26.4045 24.6865 21.3963 72.4873
9223000 26.6328 24.7585 21.694 73.0853
9224000 26.0298 24.2325 22.8694 73.1318
9225000 26.6983 23.7105 22.7929 73.2017
9226000 26.9652 24.4437 22.335 73.744
9227000 25.6702 24.5884 22.1263 72.3849
9228000 23.7613 24.8091 20.8176 69.388
9229000 24.6676 24.3572 19.5332 68.5579
9230000 25.3205 24.2732 19.6485 69.2422
9231000 25.7419 24.8559 19.5605 70.1583
9232000 24.4331 24.8688 19.2784 68.5803
9233000 23.0795 25.766 19.6787 68.5242
9234000 22.7624 25.3504 20.71 68.8228
9235000 23.1704 24.1235 20.4966 67.7905
9236000 24.6978 23.5123 20.5238 68.7339
9237000 24.4044 23.694 20.503 68.6014
9238000 23.6099 24.5045 20.0611 68.1754
9239000 23.8539 24.2097 20.2093 68.2728
9240000 24.9137 23.8039 20.5911 69.3087
9241000 25.1447 25.1751 20.8745 71.1943
9242000 27.1623 25.1054 20.9825 73.2502
9243000 26.8617 26.5115 20.2892 73.6625
9244000 25.3075 26.6051 19.8365 71.7491
9245000 25.7059 25.6142 20.3383 71.6583
9246000 25.74 26.1884 21.1715 73.0998
9247000 25.062 27.7378 20.7877 73.5876
9248000 24.7224 28.2254 20.4062 73.3541
9249000 25.9385 29.037 20.0298 75.0053
9250000 27.5237 29.2481 20.6365 77.4082
9251000 26.9054 29.9502 21.2795 78.1352
9252000 27.2029 29.3242 22.8156 79.3427
9253000 26.31 30.8644 23.0478 80.2222
9254000 25.5571 34.4584 23.1468 83.1623
9255000 26.5085 34.7503 23.0538 84.3125
9256000 26.1114 35.9724 23.3096 85.3934
9257000 26.2035 36.0518 23.6117 85.867
9258000 27.0821 35.551 23.3406 85.9737
9259000 26.8651 34.7905 22.4098 84.0654
9260000 25.2989 35.1407 22.3446 82.7843
9261000 25.268 35.3169 21.4624 82.0473
9262000 24.2673 37.3006 21.6088 83.1766
9263000 24.4422 37.5927 22.2085 84.2434
9264000 23.8322 38.458 22.697 84.9873
9265000 24.4403 39.0133 23.2947 86.7483
9266000 24.6281 38.8773 22.7806 86.286
9267000 25.9191 37.5081 22.8786 86.3058
9268000 26.1502 39.1349 23.6008 88.8859
9269000 25.6323 39.6295 23.4138 88.6756
9270000 24.5429 40.3165 22.9583 87.8177
9271000 23.85 39.9699 22.31 86.1298
9272000 22.5254 39.9923 22.5416 85.0592
9273000 23.2558 40.2656 23.4518 86.9733
9274000 23.1451 41.6372 22.7637 87.546
9275000 22.6519 41.3659 22.7181 86.7358
9276000 22.6708 42.166 22.4094 87.2462
9277000 23.4334 42.1507 22.2281 87.8122
9278000 23.2206 42.0395 22.3529 87.613
9279000 23.5866 40.4212 22.7627 86.7704
9280000 23.2083 39.6631 22.8362 85.7077
9281000 22.5682 39.9474 23.1346 85.6502
9282000 21.9387 41.2303 23.4513 86.6203
9283000 21.7396 41.9368 24.4775 88.154
9284000 21.3688 42.6306 24.5436 88.5429
9285000 20.9144 43.1875 24.7873 88.8893
9286000 21.1569 41.9455 26.51 89.6125
9287000 22.1247 41.3089 26.1705 89.6042
9288000 22.1533 42.0256 25.7487 89.9276
9289000 22.0664 41.3064 24.4444 87.8172
9290000 21.8482 40.1282 24.0653 86.0417
9291000 21.9796 40.3011 25.1068 87.3875
9292000 21.5758 42.4046 25.3275 89.3079
9293000 20.8889 44.0556 25.256 90.2005
9294000 21.3653 45.1791 25.2563 91.8007
9295000 22.6903 44.424 25.1158 92.2301
9296000 22.9833 43.3771 24.5007 90.8611
9297000 21.5962 42.2026 24.3854 88.1842
9298000 21.6958 41.9489 25.0269 88.6716
9299000 21.9257 41.4308 24.4048 87.7613
9300000 21.8782 41.971 24.4823 88.3314
9301000 20.9898 42.5447 25.497 89.0315
9302000 20.6619 42.6341 25.9559 89.2518
9303000 21.4154 42.3363 25.3657 89.1175
9304000 22.0272 42.1299 26.2074 90.3645
9305000 23.1702 40.9916 27.2779 91.4398
9306000 23.0664 40.1551 27.2455 90.4669
9307000 23.2936 42.5662 26.7893 92.649
9308000 23.7549 43.366 27.2246 94.3455
9309000 23.9601 42.2667 28.0306 94.2573
9310000 25.0748 41.3413 29.0203 95.4363
9311000 23.3198 41.826 28.8191 93.9649
9312000 21.8396 42.4727 28.7598 93.0722
9313000 21.1509 44.6989 28.6585 94.5083
9314000 21.9598 44.3401 29.272 95.572
9315000 21.5651 44.3281 30.7591 96.6524
9316000 22.0494 41.4671 31.3181 94.8346
9317000 23.0456 40.9205 30.5405 94.5066
9318000 23.265 41.0505 30.3426 94.6581
9319000 23.5185 38.7337 31.3476 93.5998
9320000 23.6057 37.4502 31.8476 92.9035
9321000 22.7595 37.4365 31.0563 91.2523
9322000 23.2568 37.2422 30.4172 90.9163
9323000 23.3115 36.8439 30.1914 90.3467
9324000 22.5637 35.5266 29.9691 88.0595
9325000 21.5022 35.5718 31.1645 88.2386
9326000 21.0833 36.2241 31.7692 89.0766
9327000 21.9762 35.9603 30.5245 88.461
9328000 22.8753 34.8982 31.2779 89.0514
9329000 22.7792 33.2345 32.0097 88.0233
9330000 23.1359 32.6181 33.4487 89.2027
9331000 23.1448 31.3065 32.7503 87.2017
9332000 23.1682 31.2461 32.1728 86.5871
9333000 22.3143 30.9228 31.6803 84.9174
9334000 22.2204 30.9366 32.6003 85.7573
9335000 22.5101 32.7602 32.59 87.8602
9336000 23.6556 34.0409 30.7059 88.4024
9337000 24.3312 34.0682 30.9831 89.3826
9338000 24.1863 34.2426 31.45 89.8789
9339000 24.1334 34.829 31.645 90.6074
9340000 24.1925 34.9084 32.5284 91.6293
9341000 23.7202 33.1125 32.3979 89.2305
9342000 23.1888 33.1022 31.0635 87.3545
9343000 22.199 33.7519 30.5379 86.4887
9344000 22.5372 34.5488 30.7606 87.8466
9345000 22.6565 35.9241 31.45 90.0306
9346000 22.7865 36.5848 31.8779 91.2493
9347000 23.9968 36.4274 32.6771 93.1012
9348000 22.1003 36.826 33.1624 92.0886
9349000 21.9634 35.5902 34.5603 92.1138
9350000 22.093 35.9361 34.4374 92.4666
9351000 20.8861 36.269 34.1621 91.3172
9352000 21.793 36.4973 34.0382 92.3285
9353000 21.5779 34.4993 34.8824 90.9596
9354000 22.5434 33.1746 35.0616 90.7796
9355000 22.1812 33.6007 35.2861 91.0681
9356000 21.9421 34.616 34.5607 91.1188
9357000 22.2867 33.9002 34.8875 91.0744
9358000 22.5905 31.4053 34.2884 88.2842
9359000 23.7205 31.1224 34.3657 89.2087
9360000 24.1484 31.782 34.6183 90.5487
9361000 24.4673 31.2807 33.9714 89.7194
9362000 24.4077 31.0443 34.4629 89.9149
9363000 23.7475 31.0493 34.8219 89.6188
9364000 22.7434 30.5032 35.7148 88.9614
9365000 23.4706 29.9608 37.0081 90.4395
9366000 23.5779 30.0116 37.4063 90.9958
9367000 25.0363 30.6163 38.1121 93.7648
9368000 26.0799 30.7983 37.4908 94.369
9369000 25.3899 30.9537 37.8914 94.235
9370000 25.5199 32.1035 37.6454 95.2688
9371000 24.9206 33.3948 37.0012 95.3166
9372000 24.6593 33.0195 38.1913 95.8701
9373000 23.8527 33.2519 38.2234 95.328
9374000 24.1031 32.2617 38.4729 94.8377
9375000 24.8992 33.1695 38.5077 96.5763
9376000 25.9999 33.5802 38.304 97.8842
9377000 25.4002 34.1714 38.0481 97.6197
9378000 25.3942 33.1634 38.5141 97.0718
9379000 25.209 30.7465 38.6924 94.6478
9380000 25.0973 28.9576 37.6069 91.6619
9381000 23.6805 28.3051 37.7282 89.7138
9382000 24.5214 27.8203 38.145 90.4867
9383000 25.3069 28.1533 37.5034 90.9635
9384000 26.1227 28.3443 35.4793 89.9462
9385000 26.8077 27.4232 34.5189 88.7497
9386000 26.4988 27.5975 33.1232 87.2194
9387000 25.9972 27.6774 32.9201 86.5946
9388000 26.0424 29.341 31.9472 87.3306
9389000 25.905 30.586 31.8352 88.3262
9390000 24.3286 32.0916 32.3576 88.7778
9391000 24.3791 31.966 33.2754 89.6205
9392000 23.8787 31.8027 32.184 87.8654
9393000 25.7377 32.6265 32.037 90.4011
9394000 25.4709 31.2898 31.7842 88.5448
9395000 25.6915 30.0329 29.9739 85.6984
9396000 25.2647 29.2731 30.5275 85.0654
9397000 25.2555 29.9821 30.6017 85.8393
9398000 25.0346 29.3184 30.2527 84.6057
9399000 25.5292 30.2122 30.0425 85.7839
9400000 25.2928 30.8338 29.9061 86.0328
9401000 25.5432 29.8849 30.7688 86.1969
9402000 26.8319 29.3098 30.5419 86.6836
9403000 25.0978 30.5525 31.1347 86.785
9404000 24.8831 30.0383 31.8433 86.7647
9405000 25.7119 30.1503 31.0899 86.952
9406000 25.1002 29.4349 31.3556 85.8907
9407000 26.2361 30.5134 30.6351 87.3845
9408000 26.3065 31.5974 30.6975 88.6014
9409000 25.6185 31.1796 31.615 88.4132
9410000 25.9431 31.7061 31.8115 89.4608
9411000 25.6342 31.7166 31.5286 88.8794
9412000 25.5553 31.3771 30.7218 87.6542
9413000 24.6598 31.0635 30.356 86.0793
9414000 25.791 31.1149 29.7169 86.6228
9415000 25.7189 30.649 29.164 85.5319
9416000 24.6096 29.8042 29.5357 83.9495
9417000 24.9672 29.7209 30.0993 84.7873
9418000 25.3182 28.9148 30.6609 84.8938
9419000 25.2479 29.0167 30.6659 84.9305
9420000 25.6206 28.4878 32.1655 86.2739
9421000 26.1923 28.7548 32.4353 87.3824
9422000 27.0543 28.9326 31.4686 87.4555
9423000 27.0694 29.1678 30.3643 86.6015
9424000 25.829 29.5221 30.9312 86.2823
9425000 25.0139 30.2332 30.2518 85.499
9426000 25.0065 30.6807 29.529 85.2161
9427000 23.8661 29.4401 30.1609 83.4671
9428000 23.7623 29.4839 29.8646 83.1109
9429000 23.2615 28.906 29.6099 81.7774
9430000 24.1381 28.4284 29.5906 82.1571
9431000 22.934 27.162 30.2611 80.357
9432000 23.8974 26.2208 29.2408 79.359
9433000 24.1032 25.0304 29.9715 79.1051
9434000 24.4695 23.7417 31.6737 79.8849
9435000 24.4367 23.4645 31.5073 79.4085
9436000 22.9834 24.7881 29.8357 77.6072
9437000 22.3899 24.812 29.857 77.0589
9438000 22.5011 25.335 30.6857 78.5218
9439000 23.589 25.551 29.4166 78.5566
9440000 23.3724 26.1764 27.8861 77.4349
9441000 23.9755 25.7642 28.6049 78.3445
9442000 26.0145 24.0485 28.8417 78.9047
9443000 26.8944 23.746 28.7647 79.4052
9444000 28.6562 24.5738 27.215 80.445
9445000 28.2225 24.7937 26.6525 79.6686
9446000 27.4131 25.1121 26.7432 79.2684
9447000 26.5646 25.2783 25.7484 77.5913
9448000 26.3134 26.4297 24.7728 77.5159
9449000 25.6301 25.4553 25.109 76.1944
9450000 25.0773 25.145 25.4925 75.7148
9451000 25.413 25.7811 26.2936 77.4877
9452000 25.3061 26.0373 27.714 79.0573
9453000 26.359 25.9774 27.8197 80.1561
9454000 26.452 26.6404 27.6358 80.7282
9455000 26.3524 26.9568 26.6154 79.9246
9456000 26.9042 27.4759 26.2859 80.666
9457000 26.8624 26.1566 26.0333 79.0523
9458000 27.8312 25.5152 25.7199 79.0664
9459000 29.2868 26.5373 25.515 81.3391
9460000 30.5121 27.2202 24.9069 82.6392
9461000 30.6877 26.5625 25.4654 82.7155
9462000 29.5211 27.3508 26.5499 83.4218
9463000 28.83 27.9883 27.8946 84.713
9464000 27.7134 27.005 28.5515 83.2699
9465000 28.2855 26.4956 29.4293 84.2105
9466000 27.94 25.6472 29.0735 82.6606
9467000 26.8971 25.8025 27.9336 80.6332
9468000 27.2275 25.8934 26.5894 79.7103
9469000 27.8815 24.709 26.7797 79.3703
9470000 27.5859 25.0465 27.6374 80.2699
9471000 27.8829 25.078 26.7126 79.6736
9472000 27.4678 24.9891 26.8762 79.3331
9473000 27.968 26.2 27.951 82.119
9474000 28.1804 26.0811 27.6321 81.8936
9475000 28.6647 26.093 27.6994 82.457
9476000 28.99 26.8932 26.8911 82.7743
9477000 29.4437 26.8813 28.5005 84.8254
9478000 28.8133 26.6123 30.3509 85.7765
9479000 29.4278 26.9241 30.8437 87.1956
9480000 28.6075 26.6596 29.9754 85.2425
9481000 28.7634 27.458 31.2843 87.5057
9482000 27.4533 28.2368 31.8615 87.5517
9483000 26.8221 28.8793 32.2853 87.9867
9484000 27.2657 27.6582 32.3033 87.2272
9485000 27.0401 27.3528 31.9711 86.364
9486000 26.1503 28.6164 32.1267 86.8933
9487000 27.6263 29.9731 32.8829 90.4823
9488000 28.2603 30.4517 32.4875 91.1994
9489000 29.1333 30.7956 31.0427 90.9716
9490000 29.9276 31.2856 31.6494 92.8626
9491000 29.6632 31.0653 32.2048 92.9333
9492000 29.672 30.6304 32.9435 93.2459
9493000 29.4871 29.6116 33.3382 92.4369
9494000 29.315 30.1433 33.4632 92.9215
9495000 28.6465 30.7346 33.188 92.569
9496000 29.3877 30.9296 33.6521 93.9694
9497000 28.709 31.2338 35.4845 95.4273
9498000 28.7878 31.232 35.9264 95.9462
9499000 27.9524 30.9036 35.4374 94.2935
9500000 26.2583 31.4608 36.621 94.3401
9501000 25.5626 31.4389 35.3286 92.3301
9502000 25.2986 31.7188 36.2275 93.2449
9503000 25.7583 32.7376 36.3643 94.8602
9504000 25.3808 33.9855 35.845 95.2113
9505000 25.6735 33.827 36.3133 95.8137
9506000 25.8026 33.7968 37.4644 97.0638
9507000 26.3477 33.8466 38.3193 98.5136
9508000 25.5751 33.1977 38.0472 96.82
9509000 24.9052 32.7923 37.6985 95.3961
9510000 23.9397 31.4018 36.7687 92.1102
9511000 22.6327 32.6235 37.9317 93.1879
9512000 23.2941 33.6234 36.5823 93.4999
9513000 24.339 33.8535 35.3509 93.5434
9514000 25.5721 34.1539 33.4446 93.1706
9515000 24.2914 35.2419 33.2381 92.7714
9516000 23.2625 34.4708 33.6362 91.3695
9517000 24.0426 34.0663 34.2766 92.3855
9518000 23.7047 34.276 34.1304 92.1112
9519000 24.0338 33.9496 34.9671 92.9505
9520000 23.4953 34.334 35.1746 93.004
9521000 23.015 34.0297 35.2612 92.3059
9522000 22.5733 33.3486 35.4044 91.3264
9523000 22.8804 33.2613 36.4431 92.5848
9524000 23.7922 34.2375 37.6109 95.6406
9525000 23.7479 34.6678 36.7515 95.1672
9526000 23.9695 36.0442 36.6208 96.6345
9527000 23.4228 37.9916 37.1187 98.5331
9528000 23.9657 39.135 37.542 100.643
9529000 23.6989 40.0542 37.4942 101.247
9530000 22.7223 38.9571 37.1912 98.8706
9531000 21.5595 38.8184 37.9735 98.3514
9532000 22.4088 38.9904 38.9041 100.303
9533000 23.3958 39.3568 38.3894 101.142
9534000 23.3495 39.7837 37.1561 100.289
9535000 22.5659 39.8201 36.7049 99.0908
9536000 23.1769 39.1518 37.6289 99.9576
9537000 22.7462 37.8221 37.6694 98.2377
9538000 22.7938 37.683 36.8006 97.2774
9539000 22.2751 38.1914 37.9944 98.4609
9540000 23.421 38.3514 37.8275 99.5999
9541000 22.7161 39.2069 37.4293 99.3524
9542000 22.1889 42.5109 37.1959 101.896
9543000 22.902 43.421 37.746 104.069
9544000 22.2394 43.125 37.7521 103.116
9545000 22.5895 43.6452 38.0491 104.284
9546000 22.9031 44.2459 39.9775 107.126
9547000 22.5048 44.7188 40.5703 107.794
9548000 21.107 42.9961 38.8611 102.964
9549000 21.2022 43.2336 38.4281 102.864
9550000 22.2144 43.0216 37.5589 102.795
9551000 20.8477 41.6366 37.4458 99.9302
9552000 19.8946 40.1235 37.5077 97.5258
9553000 19.8643 39.6026 38.6816 98.1485
9554000 19.9235 40.0906 38.1467 98.1607
9555000 20.2563 39.1119 37.8507 97.2189
9556000 20.7095 38.3775 38.6229 97.7099
9557000 20.647 36.9111 38.8468 96.4049
9558000 21.7282 36.5086 39.3822 97.6189
9559000 20.9505 35.4356 38.0523 94.4384
9560000 20.4505 35.0929 36.8826 92.426
9561000 21.7544 33.9623 37.4215 93.1382
9562000 21.6303 34.1583 38.1503 93.9389
9563000 21.3922 34.9474 38.1411 94.4808
9564000 21.6715 35.6509 38.9664 96.2888
9565000 21.4886 37.6273 39.2918 98.4077
9566000 21.9145 38.5052 40.8025 101.222
9567000 22.5254 38.3571 41.3961 102.279
9568000 21.3791 37.7758 41.5492 100.704
9569000 21.2228 37.9756 42.2863 101.485
9570000 21.8751 37.1724 42.9511 101.999
9571000 22.777 37.5425 41.7955 102.115
9572000 24.2758 37.9021 40.6284 102.806
9573000 24.2709 38.4848 40.2266 102.982
9574000 23.5399 39.0541 40.2789 102.873
9575000 23.2495 38.3137 40.6668 102.23
9576000 23.2847 36.7115 40.5255 100.522
9577000 24.264 35.9589 39.0148 99.2378
9578000 23.244 36.1388 38.1521 97.5348
9579000 24.2003 35.4008 38.424 98.0251
9580000 23.8707 35.0471 39.9656 98.8834
9581000 23.1771 35.5086 40.9064 99.5921
9582000 23.7107 35.4503 39.1044 98.2654
9583000 24.602 35.7803 39.6859 100.068
9584000 23.9813 34.7958 38.4046 97.1818
9585000 23.4165 33.7808 39.5571 96.7544
9586000 24.239 33.5647 39.9855 97.7891
9587000 23.5736 34.3672 39.4556 97.3964
9588000 22.8479 33.4716 39.8313 96.1508
9589000 24.5646 32.5353 39.5582 96.6581
9590000 25.8779 31.1152 40.1561 97.1491
9591000 26.3584 31.8594 41.4671 99.6849
9592000 26.0776 31.9414 40.8042 98.8232
9593000 26.7255 31.9589 39.4269 98.1112
9594000 27.1163 32.516 39.857 99.4893
9595000 26.671 32.1798 38.5599 97.4107
9596000 26.6666 31.3301 38.7452 96.7419
9597000 26.4759 31.0462 38.7103 96.2324
9598000 26.0969 29.8502 38.9977 94.9448
9599000 25.5147 30.4307 39.8487 95.794
9600000 25.8552 31.909 41.2729 99.037
9601000 26.6854 31.1343 40.8412 98.6609
9602000 27.6162 30.3359 41.6589 99.611
9603000 28.2471 31.0404 42.9611 102.249
9604000 28.7387 32.4496 44.9871 106.175
9605000 30.176 31.949 46.4462 108.571
9606000 31.0669 31.8892 46.9838 109.94
9607000 30.7792 31.5775 47.4581 109.815
9608000 29.6496 30.6836 46.1662 106.499
9609000 27.6609 29.9345 46.6144 104.21
9610000 28.3696 30.6547 46.4759 105.5
9611000 26.5842 29.6258 45.3974 101.607
9612000 26.481 31.1407 45.1603 102.782
9613000 26.9777 31.1377 45.0645 103.18
9614000 27.4696 31.5586 41.8921 100.92
9615000 26.4983 32.618 42.832 101.948
9616000 26.6023 34.137 41.992 102.731
9617000 26.3441 33.995 40.8783 101.217
9618000 25.6956 34.355 41.2472 101.298
9619000 25.7712 34.4396 39.6778 99.8886
9620000 24.9509 33.4717 40.0536 98.4762
9621000 25.8698 32.647 40.6911 99.2078
9622000 25.132 33.1548 39.5903 97.8771
9623000 24.1514 33.4969 39.0554 96.7037
9624000 24.6732 33.7856 38.9867 97.4455
9625000 26.0564 34.5702 39.4853 100.112
9626000 25.0772 36.5474 38.7376 100.362
9627000 25.5122 37.0136 40.093 102.619
9628000 26.4311 36.681 41.0501 104.162
9629000 27.1926 36.3318 39.7792 103.303
9630000 26.468 36.1505 40.3203 102.939
9631000 25.7982 35.5809 41.6657 103.045
9632000 25.8254 36.2617 41.465 103.552
9633000 25.6525 35.8197 41.7357 103.208
9634000 25.5806 37.2927 41.0168 103.89
9635000 26.1355 39.0545 41.9057 107.096
9636000 25.5665 40.3162 41.0466 106.929
9637000 25.5645 41.8317 40.5733 107.969
9638000 26.3983 41.2484 39.6272 107.274
9639000 25.7519 41.7133 41.041 108.506
9640000 25.5106 40.9962 42.5346 109.041
9641000 27.1355 40.4623 42.3618 109.96
9642000 26.1434 40.3505 43.7734 110.267
9643000 26.3251 40.1992 44.3557 110.88
9644000 26.3859 41.5259 43.7085 111.62
9645000 26.2349 40.906 42.2777 109.419
9646000 26.5444 41.5704 42.0295 110.144
9647000 26.1579 41.8589 43.4983 111.515
9648000 24.6305 41.4666 44.9194 111.017
9649000 25.6557 41.8106 45.6007 113.067
9650000 27.2185 41.8478 43.3311 112.397
9651000 27.0577 41.7646 42.9858 111.808
9652000 27.0826 42.2807 42.285 111.648
9653000 26.6279 42.7056 42.1237 111.457
9654000 26.0538 42.9318 42.3543 111.34
9655000 25.4763 42.4124 42.0747 109.963
9656000 26.3037 40.7211 41.8273 108.852
9657000 26.7515 40.7092 40.8876 108.348
9658000 27.6682 41.061 40.0327 108.762
9659000 29.2551 41.2057 40.062 110.523
9660000 29.0676 41.2396 40.61 110.917
9661000 27.2802 43.0059 41.2295 111.516
9662000 26.7139 43.0403 42.2395 111.994
9663000 27.2371 42.8741 42.667 112.778
9664000 26.8668 42.609 42.1544 111.63
9665000 27.7073 42.2331 41.0857 111.026
9666000 27.7383 42.2919 38.9061 108.936
9667000 28.3688 43.4508 37.4322 109.252
9668000 28.0883 44.9338 38.2017 111.224
9669000 28.0422 44.5728 37.3672 109.982
9670000 27.9412 42.3226 35.688 105.952
9671000 27.5703 41.2184 33.9914 102.78
9672000 27.3777 41.186 34.7003 103.264
9673000 27.488 41.4923 35.4887 104.469
9674000 27.9088 41.2186 34.8277 103.955
9675000 28.8937 41.0028 33.5571 103.454
9676000 30.958 40.6742 32.5204 104.153
9677000 31.8144 39.6475 32.732 104.194
9678000 31.5712 40.2333 33.519 105.323
9679000 31.2929 40.7521 35.1849 107.23
9680000 31.5538 39.6074 35.1011 106.262
9681000 30.4905 41.5963 34.4286 106.515
9682000 29.6651 41.7287 34.6351 106.029
9683000 29.462 41.9812 33.9617 105.405
9684000 30.0324 41.8441 34.3311 106.208
9685000 29.3834 41.6373 34.7826 105.803
9686000 28.677 42.7804 37.481 108.938
9687000 28.5727 43.1705 38.9731 110.716
9688000 28.2284 44.0788 40.0217 112.329
9689000 28.518 44.5035 39.292 112.313
9690000 28.2107 43.6369 38.9098 110.757
9691000 28.009 43.5171 39.2447 110.771
9692000 26.8671 42.8934 38.1595 107.92
9693000 27.0235 42.2436 38.4442 107.711
9694000 27.9411 44.1331 38.1914 110.266
9695000 28.3004 44.4384 38.5669 111.306
9696000 29.395 43.3062 37.2828 109.984
9697000 28.6192 43.0496 37.6096 109.278
9698000 28.428 41.4108 37.2921 107.131
9699000 27.3778 40.6181 38.0194 106.015
9700000 27.4103 41.643 38.4178 107.471
9701000 27.4194 41.4022 38.3192 107.141
9702000 26.9652 41.7992 38.7006 107.465
9703000 25.45 41.7265 39.2892 106.466
9704000 25.216 42.4985 38.8114 106.526
9705000 25.4374 44.3569 38.519 108.313
9706000 24.5243 43.0287 38.811 106.364
9707000 25.228 42.2481 39.3113 106.787
9708000 25.53 40.9639 38.4184 104.912
9709000 27.0147 39.6689 38.1142 104.798
9710000 28.1693 39.3984 37.3043 104.872
9711000 26.9882 38.8691 37.1139 102.971
9712000 26.2657 38.4711 35.9989 100.736
9713000 25.9129 36.6951 37.1215 99.7295
9714000 27.2392 36.3495 36.9111 100.5
9715000 27.9181 36.5344 36.5542 101.007
9716000 27.5221 37.2707 36.409 101.202
9717000 27.2992 39.3034 36.4957 103.098
9718000 26.4788 39.7285 35.6851 101.892
9719000 26.2144 38.9797 34.4335 99.6276
9720000 25.8331 38.6394 34.7109 99.1834
9721000 24.9471 38.4909 36.3001 99.738
9722000 24.9077 37.8707 35.4944 98.2729
9723000 25.7144 36.8914 35.4221 98.0279
9724000 25.0634 34.9594 34.9806 95.0035
9725000 26.5142 34.5366 33.9536 95.0044
9726000 27.0335 32.8877 33.6429 93.5641
9727000 26.6871 31.7331 33.2614 91.6816
9728000 25.8946 32.2117 32.2341 90.3405
9729000 26.1543 32.2603 31.7021 90.1167
9730000 25.5649 31.7067 31.4533 88.7249
9731000 24.9313 32.6296 31.1716 88.7325
9732000 25.1286 32.5264 31.7845 89.4394
9733000 25.069 32.7804 32.8758 90.7252
9734000 25.2586 32.5021 32.7362 90.4969
9735000 24.6382 31.0931 30.7733 86.5047
9736000 24.9958 30.4241 31.4911 86.911
9737000 25.712 31.3751 30.5413 87.6284
9738000 26.6908 30.7034 30.2317 87.6259
9739000 27.34 30.0253 30.912 88.2773
9740000 27.7266 29.9239 31.485 89.1355
9741000 28.1257 29.4261 31.5086 89.0604
9742000 28.3618 28.7248 32.9678 90.0543
9743000 27.8418 28.6748 32.4027 88.9193
9744000 27.9557 30.3067 32.9427 91.2051
9745000 27.6409 29.0708 32.8605 89.5722
9746000 27.8828 28.5051 33.9571 90.3449
9747000 28.9022 28.3557 35.0301 92.2881
9748000 29.8481 28.7046 35.1966 93.7492
9749000 30.0538 29.1614 33.9741 93.1892
9750000 31.1476 29.7281 33.5417 94.4174
9751000 30.9776 30.2148 33.9459 95.1383
9752000 31.0322 30.7574 33.4205 95.2101
9753000 30.5376 30.1587 33.0518 93.7482
9754000 31.1895 30.6591 32.8398 94.6883
9755000 30.9076 30.9331 32.7555 94.5962
9756000 31.716 31.9971 33.427 97.1402
9757000 30.4749 31.8259 32.1318 94.4326
9758000 30.7028 31.8628 32.1638 94.7294
9759000 31.5193 31.3347 32.5263 95.3803
9760000 31.4545 31.4699 32.8932 95.8176
9761000 30.2664 32.2795 32.1569 94.7028
9762000 29.963 31.3832 32.5165 93.8627
9763000 29.5698 31.0376 32.5609 93.1683
9764000 30.0984 31.2943 33.7728 95.1655
9765000 29.4388 32.5362 33.8977 95.8727
9766000 28.5697 32.6837 34.5321 95.7854
9767000 28.6383 31.7065 33.6238 93.9686
9768000 29.9972 31.1558 32.5948 93.7477
9769000 31.0094 31.1808 33.314 95.5042
9770000 30.05 31.8838 35.7218 97.6556
9771000 30.2867 31.8401 35.8143 97.9411
9772000 30.6564 32.038 35.8126 98.507
9773000 32.6878 30.4319 37.626 100.746
9774000 33.0297 29.8752 36.8789 99.7839
9775000 34.264 30.1334 37.4721 101.87
9776000 33.3884 29.3683 36.5119 99.2687
9777000 31.7983 28.7255 37.6508 98.1746
9778000 30.4982 27.9904 38.5471 97.0357
9779000 31.6041 28.1537 38.3108 98.0686
9780000 32.678 28.3686 37.5991 98.6457
9781000 32.9495 30.0926 37.9276 100.97
9782000 31.8128 30.8788 36.4097 99.1014
9783000 30.9856 30.9076 37.0636 98.9568
9784000 31.3241 30.2434 35.7905 97.3579
9785000 32.4112 30.2285 34.9647 97.6044
9786000 32.1457 28.815 35.7167 96.6775
9787000 31.644 27.7909 35.6083 95.0431
9788000 33.3622 26.7769 35.3874 95.5265
9789000 33.657 26.9593 34.9734 95.5897
9790000 35.4826 28.1545 35.6225 99.2596
9791000 35.2237 27.0081 36.4345 98.6663
9792000 35.865 27.2222 37.0217 100.109
9793000 35.71 27.8866 37.0872 100.684
9794000 34.1539 27.6076 36.9678 98.7293
9795000 34.1877 28.1399 36.4515 98.7792
9796000 37.3126 28.072 35.0118 100.396
9797000 38.2685 28.4583 34.2919 101.019
9798000 38.1903 28.9309 33.0467 100.168
9799000 37.1967 28.3478 32.242 97.7865
9800000 35.8985 27.7027 32.2508 95.852
9801000 35.3576 27.7893 33.2149 96.3618
9802000 34.4482 29.3674 32.7646 96.5803
9803000 34.9313 29.2399 34.064 98.2352
9804000 36.3709 28.7996 33.7564 98.927
9805000 36.7145 27.7267 33.8326 98.2738
9806000 37.242 27.9227 34.5148 99.6796
9807000 37.1049 27.0347 35.043 99.1825
9808000 36.3483 27.7388 34.2813 98.3683
9809000 37.242 28.3749 34.7922 100.409
9810000 36.055 28.287 34.0487 98.3906
9811000 35.486 28.7722 33.4328 97.691
9812000 36.0192 29.3561 33.7443 99.1196
9813000 34.4357 29.1337 34.0571 97.6266
9814000 34.113 29.2744 34.9371 98.3245
9815000 35.3929 29.025 35.8312 100.249
9816000 35.4264 27.7957 35.1398 98.3619
9817000 36.9879 28.009 34.7215 99.7184
9818000 36.011 28.4027 35.1125 99.5263
9819000 36.07 28.7581 35.0357 99.8639
9820000 36.06 29.7823 35.0847 100.927
9821000 36.4818 29.885 35.3453 101.712
9822000 36.86 29.1737 35.4297 101.463
9823000 36.6646 29.5992 34.0683 100.332
9824000 36.52 29.6396 34.0149 100.175
9825000 36.1311 30.0653 33.81 100.006
9826000 36.3014 29.8098 34.009 100.12
9827000 38.6105 29.6499 34.6149 102.875
9828000 38.4706 30.8014 35.6742 104.946
9829000 38.6475 31.7487 35.0546 105.451
9830000 37.7765 32.2809 35.0582 105.116
9831000 39.7294 32.3295 34.8567 106.916
9832000 38.8002 31.8505 35.2112 105.862
9833000 36.6143 31.6 35.1887 103.403
9834000 36.2524 32.61 35.3751 104.238
9835000 36.2956 32.5154 34.3869 103.198
9836000 37.0336 33.0697 35.5909 105.694
9837000 36.9529 32.6037 37.0028 106.559
9838000 37.0629 31.8787 37.801 106.743
9839000 36.0157 32.8243 37.2391 106.079
9840000 35.0024 32.5345 36.3077 103.845
9841000 35.5217 32.5622 36.4048 104.489
9842000 35.9431 32.7351 37.2632 105.941
9843000 35.8236 32.5928 39.1254 107.542
9844000 35.3267 31.4508 37.1179 103.895
9845000 34.2603 32.1869 36.7861 103.233
9846000 32.9813 31.9583 36.3749 101.314
9847000 32.0838 33.3837 36.1037 101.571
9848000 32.5762 33.6455 35.029 101.251
9849000 34.0635 33.6296 34.4063 102.099
9850000 34.4696 32.9983 34.4734 101.941
9851000 34.6005 32.6796 33.6575 100.938
9852000 34.293 32.464 33.5916 100.349
9853000 34.2772 32.2912 33.1551 99.7235
9854000 34.0749 32.3714 31.1121 97.5585
9855000 34.4766 32.3312 30.331 97.1387
9856000 35.1056 31.264 30.3682 96.7377
9857000 35.8974 31.4018 30.2116 97.5108
9858000 36.2584 32.436 29.5222 98.2165
9859000 36.5013 33.1242 30.1111 99.7365
9860000 36.2755 33.182 30.5229 99.9804
9861000 35.7773 33.6559 29.5611 98.9943
9862000 34.9902 32.7803 28.8347 96.6052
9863000 34.7984 33.0918 28.4791 96.3693
9864000 35.5514 34.513 29.6545 99.7188
9865000 35.1472 33.9879 29.6762 98.8113
9866000 35.5014 33.6433 28.687 97.8317
9867000 35.1144 33.7593 29.2157 98.0894
9868000 33.9256 35.5078 28.8322 98.2656
9869000 34.0915 35.5769 28.0056 97.6739
9870000 33.8874 36.3583 27.9547 98.2004
9871000 32.8507 36.3692 26.8547 96.0746
9872000 32.1436 36.6126 26.1241 94.8803
9873000 32.7673 36.1291 26.1204 95.0168
9874000 32.8013 36.3429 27.0279 96.1721
9875000 32.0851 36.3023 27.5953 95.9827
9876000 31.4755 35.2479 28.2439 94.9673
9877000 30.5292 35.7833 29.3955 95.708
9878000 30.0124 36.8242 27.8324 94.669
9879000 29.9752 37.7908 27.0415 94.8075
9880000 29.4245 37.409 26.9938 93.8274
9881000 29.8559 37.1823 27.2638 94.3019
9882000 29.4367 36.0221 27.5616 93.0203
9883000 30.6039 35.695 27.4133 93.7122
9884000 30.1788 35.9254 26.5365 92.6407
9885000 29.9747 35.964 26.7161 92.6548
9886000 30.6874 35.8752 25.924 92.4866
9887000 30.3729 37.0082 25.306 92.6871
9888000 31.2905 35.8816 26.1807 93.3529
9889000 31.0412 34.7281 26.3803 92.1496
9890000 31.8709 34.8952 26.3684 93.1345
9891000 32.498 35.1581 25.6524 93.3085
9892000 33.4292 36.0033 24.6862 94.1187
9893000 33.3019 36.4369 24.5584 94.2972
9894000 32.883 37.2107 24.7271 94.8207
9895000 33.7275 37.1849 24.1042 95.0166
9896000 33.3482 36.8704 25.1274 95.346
9897000 32.6676 37.7661 25.098 95.5317
9898000 32.5398 37.717 25.5695 95.8262
9899000 32.9729 37.9034 24.7908 95.6672
9900000 31.9102 38.5222 25.051 95.4834
9901000 33.6233 38.5379 24.0914 96.2526
9902000 36.2817 36.8241 24.516 97.6218
9903000 38.14 36.0829 24.2804 98.5033
9904000 37.3116 35.7986 22.7143 95.8244
9905000 36.5856 36.4015 21.3167 94.3038
9906000 36.2477 37.7257 20.6489 94.6223
9907000 36.3266 37.4874 20.9931 94.8071
9908000 37.0221 36.9617 20.9155 94.8992
9909000 38.145 38.1499 20.575 96.8699
9910000 38.0578 38.9106 21.5544 98.5227
9911000 39.9135 37.6 21.1094 98.6228
9912000 41.1088 36.4701 20.8826 98.4615
9913000 41.9599 36.2516 20.6827 98.8943
9914000 42.0769 36.722 22.1693 100.968
9915000 43.857 35.5423 21.964 101.363
9916000 43.6528 34.931 21.5629 100.147
9917000 42.058 34.6115 21.5505 98.22
9918000 41.9002 34.6175 21.339 97.8567
9919000 40.7889 34.9853 21.5888 97.3629
9920000 41.7673 35.1165 21.3173 98.201
9921000 43.6074 35.2242 20.5312 99.3629
9922000 44.6665 34.5455 21.0582 100.27
9923000 45.6989 34.5594 21.2023 101.461
9924000 45.5459 34.2883 21.1486 100.983
9925000 45.5598 34.975 21.2394 101.774
9926000 45.5165 35.2395 21.0626 101.819
9927000 44.1901 36.2314 21.9486 102.37
9928000 43.3012 35.0269 22.9317 101.26
9929000 41.6286 35.299 23.5747 100.502
9930000 41.8143 36.2954 23.869 101.979
9931000 44.6039 37.2605 23.6572 105.522
9932000 46.554 36.8415 23.8456 107.241
9933000 47.636 37.4182 23.1423 108.196
9934000 50.4691 37.0559 22.7249 110.25
9935000 52.6705 38.1665 23.6629 114.5
9936000 52.0825 39.6471 24.3237 116.053
9937000 53.5504 39.8743 26.2981 119.723
9938000 54.6833 38.9002 25.7757 119.359
9939000 56.544 38.6414 25.9194 121.105
9940000 57.6794 39.9917 26.0071 123.678
9941000 57.5196 38.7856 26.5483 122.853
9942000 56.6814 38.8282 26.8939 122.404
9943000 53.441 39.1123 26.8871 119.44
9944000 54.2275 40.0204 27.0058 121.254
9945000 54.1186 41.3066 28.3695 123.795
9946000 54.2878 40.9001 28.4282 123.616
9947000 54.6134 40.1399 28.3121 123.065
9948000 56.1253 40.1368 27.7077 123.97
9949000 56.7195 40.5929 28.1933 125.506
9950000 56.0968 39.012 28.837 123.946
9951000 56.1527 38.6701 28.6175 123.44
9952000 55.924 39.3434 28.3276 123.595
9953000 58.0401 38.7687 28.3979 125.207
9954000 60.1589 38.7563 28.6997 127.615
9955000 62.5415 37.7919 29.7923 130.126
9956000 61.5073 36.811 30.4978 128.816
9957000 59.6683 36.3461 29.255 125.269
9958000 61.619 36.1459 28.689 126.454
9959000 61.6864 35.8371 26.8308 124.354
9960000 60.2453 37.1373 25.935 123.318
9961000 59.5854 38.1745 26.5074 124.267
9962000 58.5798 38.2823 27.5858 124.448
9963000 58.6895 38.395 28.4865 125.571
9964000 57.2515 38.2855 29.4187 124.956
9965000 56.6772 40.7871 28.6818 126.146
9966000 58.2458 40.6963 28.5368 127.479
9967000 57.8213 39.101 29.1556 126.078
9968000 56.763 39.3892 29.685 125.837
9969000 55.8796 39.0522 29.6489 124.581
9970000 55.8108 39.385 29.294 124.49
9971000 54.6796 39.4067 29.2589 123.345
9972000 53.3497 38.3181 29.858 121.526
9973000 53.4418 37.2988 29.8039 120.544
9974000 55.0251 37.3572 30.1832 122.565
9975000 55.5651 38.9882 30.8069 125.36
9976000 55.3186 40.2324 31.1799 126.731
9977000 55.2156 40.6336 31.9824 127.832
9978000 57.1725 41.4519 31.4337 130.058
9979000 59.4765 42.3411 30.7055 132.523
9980000 58.932 41.8451 30.7453 131.522
9981000 59.6441 41.021 31.387 132.052
9982000 60.8266 40.411 31.005 132.243
9983000 60.4872 40.1898 31.1593 131.836
9984000 59.0219 40.3532 29.4232 128.798
9985000 57.4227 40.5062 29.2506 127.179
9986000 56.5717 41.3734 28.3043 126.249
9987000 56.0203 41.1956 29.3516 126.567
9988000 55.771 41.6903 29.1377 126.599
9989000 55.4451 41.6038 28.6131 125.662
9990000 56.1437 42.3304 28.5941 127.068
9991000 57.2582 42.9486 28.0622 128.269
9992000 55.7018 44.0535 27.1398 126.895
9993000 53.4748 44.3196 26.5054 124.3
9994000 54.5839 44.6209 27.0647 126.27
9995000 54.8096 44.1499 27.2653 126.225
9996000 53.6973 43.7302 27.4489 124.876
9997000 52.987 43.3213 25.8683 122.176
9998000 53.4665 43.355 25.529 122.35
9999000 54.8026 44.5798 25.3758 124.758
10000000 53.9662 42.5734 25.3697 121.909
10001000 54.674 42.6741 25.7447 123.093
10002000 54.2275 42.2733 27.0964 123.597
10003000 54.7438 43.5467 27.0549 125.345
10004000 53.4149 42.4835 27.0314 122.93
10005000 54.204 41.682 25.6686 121.555
10006000 56.2594 41.0657 26.0784 123.404
10007000 55.3831 41.1057 25.1807 121.669
10008000 52.5163 41.2064 25.4757 119.198
10009000 51.2794 42.6369 25.5775 119.494
10010000 50.0133 41.9975 25.7204 117.731
10011000 48.829 42.1393 26.0211 116.989
10012000 48.3587 43.4999 25.5128 117.371
10013000 48.2117 43.0006 26.7839 117.996
10014000 46.3074 41.038 26.8225 114.168
10015000 44.9083 40.2712 25.8648 111.044
10016000 45.11 40.7648 25.5232 111.398
10017000 43.5762 40.8438 24.7466 109.167
10018000 43.6334 42.4197 24.6344 110.687
10019000 43.8067 43.7452 24.4085 111.96
10020000 42.0616 43.2687 24.2334 109.564
10021000 41.4993 41.8475 24.8945 108.241
10022000 41.1318 41.6495 24.729 107.51
10023000 41.6758 40.9251 25.8223 108.423
10024000 41.5209 41.6064 24.9936 108.121
10025000 42.451 42.5158 24.992 109.959
10026000 42.1218 41.0378 25.6783 108.838
10027000 43.5321 41.6426 26.276 111.451
10028000 43.2494 41.1558 25.6734 110.079
10029000 43.5161 41.1226 25.4732 110.112
10030000 42.2997 40.4291 24.3835 107.112
10031000 41.4702 41.5279 23.9091 106.907
10032000 42.9776 41.9195 22.8453 107.742
10033000 42.4291 42.4488 22.6047 107.483
10034000 42.3825 42.6052 23.7268 108.714
10035000 42.7529 43.4094 24.3748 110.537
10036000 40.8956 46.2437 24.5748 111.714
10037000 40.9502 46.5739 24.875 112.399
10038000 42.077 45.9117 24.0181 112.007
10039000 41.5543 44.4158 25.0464 111.016
10040000 40.3497 45.2334 24.3209 109.904
10041000 41.9932 43.9237 25.2317 111.149
10042000 43.5266 42.5216 25.1225 111.171
10043000 43.3353 42.3484 25.1236 110.807
10044000 43.1359 42.8258 25.5191 111.481
10045000 43.1514 42.6212 25.9303 111.703
10046000 43.6772 43.5441 26.4807 113.702
10047000 44.0163 41.8878 26.9302 112.834
10048000 43.8116 40.2629 26.3746 110.449
10049000 44.036 38.2659 26.2539 108.556
10050000 42.7493 37.5816 25.5263 105.857
10051000 43.162 38.5367 24.5559 106.254
10052000 42.7519 39.272 23.9975 106.021
10053000 40.8155 38.6828 24.3819 103.88
10054000 40.7169 38.496 23.8811 103.094
10055000 41.4731 38.6891 24.75 104.912
10056000 42.2228 39.3282 24.5912 106.142
10057000 40.813 39.2567 24.7771 104.847
10058000 40.6213 38.8933 23.9305 103.445
10059000 40.8049 38.1009 22.812 101.718
10060000 42.5972 38.5656 22.6723 103.835
10061000 42.1302 37.3381 22.8738 102.342
10062000 43.0923 37.9222 23.4119 104.426
10063000 44.7622 39.5093 23.0761 107.348
10064000 45.4695 40.8875 23.3505 109.708
10065000 45.4799 40.3597 23.9685 109.808
10066000 44.4157 40.2615 24.0731 108.75
10067000 44.1574 39.3646 23.595 107.117
10068000 44.6429 39.3746 23.6467 107.664
10069000 45.7614 39.7797 24.9459 110.487
10070000 46.0905 39.4439 25.8887 111.423
10071000 44.099 38.9907 25.5286 108.618
10072000 42.4906 38.0028 25.4034 105.897
10073000 43.4056 36.864 26.1566 106.426
10074000 44.1187 37.1519 24.9955 106.266
10075000 43.4717 36.4066 23.955 103.833
10076000 42.6599 37.4179 23.8336 103.911
10077000 41.4921 38.162 23.7938 103.448
10078000 42.6298 38.6185 24.2397 105.488
10079000 42.5474 38.8545 22.94 104.342
10080000 44.0451 38.6835 23.2676 105.996
10081000 43.3279 37.6853 23.5169 104.53
10082000 42.2725 36.7333 24.7137 103.72
10083000 42.2922 35.8619 24.4511 102.605
10084000 42.108 34.6682 25.2492 102.025
10085000 42.6699 34.7485 25.4689 102.887
10086000 43.1945 35.1622 24.8776 103.234
10087000 43.6652 37.0454 24.6205 105.331
10088000 44.205 38.1748 24.4945 106.874
10089000 45.5613 38.5173 25.1551 109.234
10090000 45.7242 39.2285 24.7427 109.695
10091000 46.3691 41.1578 24.2154 111.742
10092000 46.1103 42.106 22.278 110.494
10093000 46.0809 42.5377 21.2794 109.898
10094000 45.266 41.9763 22.9768 110.219
10095000 44.6482 43.2313 21.8666 109.746
10096000 44.3411 42.7145 22.1788 109.234
10097000 45.8649 40.892 22.9832 109.74
10098000 46.0546 41.4416 23.2492 110.745
10099000 45.3217 40.6581 24.2104 110.19
10100000 44.1926 41.2647 23.6017 109.059
10101000 44.5536 39.5043 22.997 107.055
10102000 44.5284 39.6868 24.2057 108.421
10103000 44.5786 40.0822 24.4804 109.141
10104000 44.132 39.2443 24.039 107.415
10105000 43.552 38.4922 23.4501 105.494
10106000 42.723 39.4548 22.7532 104.931
10107000 43.4617 38.7577 22.9492 105.169
10108000 43.0551 37.6679 22.5789 103.302
10109000 41.4201 38.1494 23.3234 102.893
10110000 40.1201 38.7027 22.9478 101.771
10111000 41.7142 36.8247 23.2592 101.798
10112000 42.0015 38.5229 23.9831 104.507
10113000 40.8062 39.8587 24.0187 104.684
10114000 43.2983 40.359 23.8367 107.494
10115000 42.6721 42.168 24.3045 109.145
10116000 42.914 43.3183 24.6715 110.904
10117000 44.853 41.8476 25.044 111.745
10118000 45.1415 43.0613 25.1257 113.328
10119000 45.6293 42.6722 25.3366 113.638
10120000 45.5276 42.7831 27.2749 115.586
10121000 43.659 42.8827 27.3739 113.916
10122000 42.5576 42.3692 27.122 112.049
10123000 42.9123 42.5878 28.104 113.604
10124000 42.3985 41.8672 28.9837 113.249
10125000 43.2832 43.6595 29.4306 116.373
10126000 43.5134 44.0147 29.7657 117.294
10127000 43.2049 43.7446 29.0334 115.983
10128000 41.2666 42.4956 28.4915 112.254
10129000 40.977 43.0322 29.8284 113.838
10130000 42.333 43.0349 29.634 115.002
10131000 42.9644 43.0862 28.4684 114.519
10132000 43.3962 42.7965 28.4153 114.608
10133000 42.7914 41.2216 28.1588 112.172
10134000 41.5033 40.6779 28.8303 111.011
10135000 41.2799 41.8289 28.7474 111.856
10136000 39.1545 42.3499 29.4347 110.939
10137000 39.8921 41.5434 29.4603 110.896
10138000 39.5546 40.7189 28.8205 109.094
10139000 38.778 39.3166 28.6253 106.72
10140000 39.6319 38.9089 30.1228 108.664
10141000 40.8578 39.0229 30.8874 110.768
10142000 40.7215 40.3391 31.4076 112.468
10143000 40.8006 40.8389 31.7055 113.345
10144000 38.9201 41.551 31.5457 112.017
10145000 39.6083 41.0091 30.9698 111.587
10146000 40.7892 42.5506 31.3657 114.705
10147000 40.9975 42.758 30.7412 114.497
10148000 41.586 43.8352 30.9363 116.357
10149000 42.5075 44.0926 32.1388 118.739
10150000 41.1407 43.4383 32.4134 116.992
10151000 42.0163 43.7033 32.5463 118.266
10152000 41.3592 44.242 31.5712 117.172
10153000 42.7646 43.1668 31.5298 117.461
10154000 42.9744 42.8789 31.7523 117.606
10155000 42.6694 43.0604 31.3391 117.069
10156000 44.3105 43.5502 31.6399 119.501
10157000 42.6772 43.3647 32.8342 118.876
10158000 42.6877 43.6341 32.6679 118.99
10159000 44.6734 43.4901 33.227 121.391
10160000 44.8554 42.903 32.6711 120.429
10161000 45.2854 43.933 33.0303 122.249
10162000 46.1751 44.8284 34.5649 125.568
10163000 48.4056 45.3107 34.1789 127.895
10164000 47.9149 44.2074 34.9507 127.073
10165000 47.7862 44.862 33.4964 126.145
10166000 48.3778 44.8181 31.7629 124.959
10167000 48.5603 46.3555 31.2831 126.199
10168000 47.6097 46.3665 32.4468 126.423
10169000 48.4055 47.2371 32.5566 128.199
10170000 47.8608 48.1917 33.1006 129.153
10171000 47.3796 46.6071 34.5219 128.509
10172000 46.1653 45.7654 35.6257 127.556
10173000 45.0054 46.6903 36.5847 128.281
10174000 44.3311 45.9999 35.6813 126.012
10175000 44.1681 46.4939 36.6231 127.285
10176000 44.6694 47.1491 36.5114 128.33
10177000 45.2822 48.3546 35.9633 129.6
10178000 45.5944 49.7262 34.8037 130.124
10179000 45.9401 47.616 36.2905 129.847
10180000 47.1648 46.2437 37.8923 131.301
10181000 46.9941 45.5202 39.0446 131.559
10182000 47.0119 45.6519 37.8476 130.511
10183000 46.2827 45.7582 38.5501 130.591
10184000 46.8493 44.5463 37.7032 129.099
10185000 47.7543 45.1687 37.0588 129.982
10186000 46.7413 44.1877 36.167 127.096
10187000 46.1741 42.622 34.5734 123.37
10188000 45.966 42.0502 32.9439 120.96
10189000 46.2204 41.7667 33.2782 121.265
10190000 46.7038 41.8457 34.7611 123.311
10191000 47.0006 42.2011 33.9471 123.149
10192000 46.5604 42.3677 33.9896 122.918
10193000 45.3969 42.0282 34.2756 121.701
10194000 45.2096 42.9204 34.5501 122.68
10195000 44.2303 42.9865 33.9274 121.144
10196000 44.7251 44.0925 33.0294 121.847
10197000 43.4153 43.5698 32.5539 119.539
10198000 43.1161 43.6986 31.4769 118.292
10199000 42.1201 43.8343 31.8417 117.796
10200000 41.741 44.392 32.9473 119.08
10201000 42.8186 43.4436 33.1998 119.462
10202000 42.1812 44.3147 33.2958 119.792
10203000 42.415 45.3876 32.705 120.508
10204000 40.6858 44.8143 32.5044 118.004
10205000 39.5553 46.0163 32.4188 117.99
10206000 41.1158 46.9795 32.097 120.192
10207000 43.0925 46.582 32.0172 121.692
10208000 43.378 46.9037 32.1832 122.465
10209000 43.9617 46.1135 33.434 123.509
10210000 43.9573 47.668 33.9193 125.545
10211000 44.495 48.3182 33.0449 125.858
10212000 45.2523 45.7003 33.0778 124.03
10213000 46.8292 44.4902 33.5502 124.87
10214000 48.2905 43.254 33.8089 125.353
10215000 49.1099 42.5445 35.0098 126.664
10216000 48.7837 41.5532 35.0203 125.357
10217000 49.2227 43.0289 36.2182 128.47
10218000 48.8636 42.4659 36.255 127.585
10219000 50.136 43.6953 35.3362 129.168
10220000 49.0413 45.8318 34.7954 129.669
10221000 47.2593 45.8655 34.2077 127.333
10222000 47.1631 46.104 34.1393 127.406
10223000 47.6268 46.1315 34.4563 128.215
10224000 47.6087 47.0595 36.3722 131.041
10225000 48.0375 46.6239 36.6194 131.281
10226000 47.8372 48.8053 36.7497 133.392
10227000 49.7384 50.3203 35.6329 135.692
10228000 50.512 49.8914 36.462 136.865
10229000 50.2283 48.8186 36.9782 136.025
10230000 49.7274 48.725 36.8841 135.336
10231000 51.3073 48.4843 36.9394 136.731
10232000 52.6047 49.6589 37.0103 139.274
10233000 53.7654 49.1641 37.0454 139.975
10234000 53.0613 50.0446 37.8464 140.952
10235000 50.3656 50.6687 36.8202 137.854
10236000 48.1339 50.2049 36.7136 135.052
10237000 46.8496 49.9627 36.3173 133.13
10238000 45.6085 52.5561 36.2201 134.385
10239000 44.8597 54.133 35.4706 134.463
10240000 44.5013 54.2081 36.1098 134.819
10241000 43.2616 53.7436 36.0496 133.055
10242000 41.7964 54.8355 36.2883 132.92
10243000 43.2488 55.8016 35.0912 134.142
10244000 44.7656 56.1323 33.7222 134.62
10245000 45.1976 55.878 32.0903 133.166
10246000 44.5435 56.7858 31.3229 132.652
10247000 45.1628 56.5627 30.6383 132.364
10248000 43.6693 55.4472 30.6556 129.772
10249000 42.8136 56.9899 30.5276 130.331
10250000 39.8577 58.2918 30.3791 128.529
10251000 37.7878 57.254 30.8969 125.939
10252000 39.1323 57.3803 30.6918 127.204
10253000 40.3129 57.1787 31.4206 128.912
10254000 41.1707 56.8646 32.3597 130.395
10255000 41.5077 57.3369 31.7598 130.604
10256000 40.4576 57.5295 31.0255 129.013
10257000 38.0464 56.3571 31.2408 125.644
10258000 37.436 55.3541 31.7502 124.54
10259000 38.2051 54.4789 33.1799 125.864
10260000 39.1868 53.7049 33.3585 126.25
10261000 39.4939 52.1733 33.2105 124.878
10262000 40.3025 51.0384 34.3515 125.692
10263000 40.6791 50.9526 33.6956 125.327
10264000 40.1664 51.3963 33.3252 124.888
10265000 43.0083 49.7781 33.1775 125.964
10266000 44.6342 48.6326 34.4247 127.692
10267000 44.7972 48.8952 34.6298 128.322
10268000 44.9719 48.1276 34.674 127.773
10269000 46.5449 47.556 33.8873 127.988
10270000 45.4471 47.0654 33.0075 125.52
10271000 43.755 46.5944 32.9873 123.337
10272000 45.1448 46.6674 32.9925 124.805
10273000 45.5728 46.6374 31.5821 123.792
10274000 45.0299 45.1932 31.6171 121.84
10275000 44.2157 43.9752 31.5419 119.733
10276000 43.2995 45.732 31.63 120.662
10277000 41.9048 45.2422 32.7263 119.873
10278000 40.2775 45.0966 32.8207 118.195
10279000 41.0331 44.3806 33.0175 118.431
10280000 42.9806 45.789 33.4486 122.218
10281000 42.4476 48.0186 33.6327 124.099
10282000 43.7955 48.3247 34.4491 126.569
10283000 42.6714 47.3541 33.1245 123.15
10284000 43.3917 46.6007 32.4065 122.399
10285000 44.1562 45.4704 32.1223 121.749
10286000 43.2072 46.0278 32.5472 121.782
10287000 42.5629 46.1944 31.6546 120.412
10288000 45.0001 48.4494 31.7034 125.153
10289000 45.9941 50.0736 31.7342 127.802
10290000 45.3305 50.8779 32.0507 128.259
10291000 43.3482 52.059 30.8218 126.229
10292000 43.609 52.0396 30.7497 126.398
10293000 41.7474 51.1233 30.816 123.687
10294000 41.5093 51.7825 31.3091 124.601
10295000 43.404 51.2672 30.9325 125.604
10296000 43.7801 52.1514 32.5695 128.501
10297000 44.6654 52.8511 32.7539 130.27
10298000 45.1191 54.0398 33.666 132.825
10299000 46.5196 53.3403 33.806 133.666
10300000 47.9091 54.0085 34.968 136.886
10301000 50.0341 54.1236 35.1433 139.301
10302000 51.6213 52.5775 34.5644 138.763
10303000 54.0848 51.858 34.13 140.073
10304000 54.103 52.6964 33.735 140.534
10305000 54.3477 51.4506 33.3193 139.118
10306000 53.805 50.7675 33.3201 137.893
10307000 55.4239 50.2139 33.5499 139.188
10308000 54.1689 50.5044 32.8924 137.566
10309000 52.546 49.4706 33.2344 135.251
10310000 51.8165 49.2235 33.6999 134.74
10311000 54.0387 49.0071 34.5869 137.633
10312000 54.0878 47.4594 34.531 136.078
10313000 54.0479 47.6027 33.9705 135.621
10314000 53.9428 47.2349 32.8758 134.054
10315000 53.0698 48.2687 32.9989 134.337
10316000 53.2327 46.97 34.0908 134.294
10317000 50.4112 46.1279 34.3216 130.861
10318000 49.3631 46.3036 34.3096 129.976
10319000 50.4358 47.6823 33.2427 131.361
10320000 49.7381 46.5042 33.9758 130.218
10321000 49.2427 45.0573 34.337 128.637
10322000 49.904 46.0039 33.8075 129.715
10323000 50.7673 45.5177 33.4977 129.783
10324000 49.8631 46.2307 31.9674 128.061
10325000 51.0794 46.8325 31.776 129.688
10326000 51.501 49.0783 30.9951 131.574
10327000 51.5065 48.9459 31.1951 131.648
10328000 49.6227 49.4339 30.9274 129.984
10329000 50.7864 50.5135 31.7883 133.088
10330000 52.1493 50.0692 31.7809 133.999
10331000 54.7401 48.2554 32.0414 135.037
10332000 56.5604 48.3068 31.3254 136.193
10333000 55.5574 45.9299 31.4575 132.945
10334000 55.7792 44.5781 32.2432 132.6
10335000 56.7717 44.8608 32.8585 134.491
10336000 58.6685 44.4212 33.7104 136.8
10337000 58.2883 45.2121 32.4872 135.988
10338000 57.6007 46.4214 31.0779 135.1
10339000 56.1449 47.1956 29.8163 133.157
10340000 55.3487 46.4209 30.2295 131.999
10341000 56.8297 45.1618 31.1021 133.094
10342000 59.364 46.445 32.2856 138.095
10343000 61.3786 47.0756 33.1068 141.561
10344000 64.1485 46.6369 34.1666 144.952
10345000 65.967 46.3394 34.3299 146.636
10346000 66.9704 45.7756 34.5412 147.287
10347000 67.2782 44.2652 34.6203 146.164
10348000 68.1194 43.7275 35.5811 147.428
10349000 67.1394 41.9655 34.9061 144.011
10350000 64.8608 39.8939 34.6758 139.43
10351000 64.5741 40.2318 33.8888 138.695
10352000 63.7373 38.7869 34.3279 136.852
10353000 63.3834 37.5764 35.608 136.568
10354000 59.67 37.0108 35.906 132.587
10355000 57.949 37.65 35.8088 131.408
10356000 54.0797 38.6967 35.9112 128.688
10357000 52.6313 40.3138 34.9443 127.889
10358000 52.6552 40.2496 33.6216 126.526
10359000 53.5914 39.7112 33.7451 127.048
10360000 53.886 38.8359 33.0218 125.744
10361000 52.723 37.9922 33.7097 124.425
10362000 51.5065 39.4048 34.2403 125.152
10363000 51.4397 39.0383 33.5466 124.025
10364000 54.4359 37.7767 33.7988 126.011
10365000 57.0078 37.4468 34.336 128.791
10366000 57.3321 38.503 33.3788 129.214
10367000 57.859 37.4146 31.2465 126.52
10368000 56.3873 36.812 32.3094 125.509
10369000 56.9232 36.3859 33.3752 126.684
10370000 56.7353 37.6163 33.3838 127.735
10371000 55.7632 37.9205 33.7877 127.471
10372000 56.7114 36.8627 34.4829 128.057
10373000 57.5126 37.2616 35.5076 130.282
10374000 58.8507 35.8895 36.433 131.173
10375000 57.679 36.2528 36.0774 130.009
10376000 56.3586 35.7361 33.3264 125.421
10377000 55.8148 36.4171 32.0267 124.259
10378000 56.1566 36.1878 31.457 123.801
10379000 54.9277 35.6593 31.6018 122.189
10380000 52.8906 35.2622 31.0277 119.181
10381000 51.3641 34.6893 30.7789 116.832
10382000 50.38 34.3873 32.3023 117.07
10383000 51.3749 35.9661 33.4259 120.767
10384000 54.0083 35.1594 32.3761 121.544
10385000 53.5827 36.5018 32.8981 122.983
10386000 52.7215 38.6955 33.7525 125.17
10387000 50.2734 40.4438 34.1254 124.843
10388000 48.1954 41.3723 34.137 123.705
10389000 48.1803 41.3783 33.0445 122.603
10390000 50.7774 41.1576 33.0034 124.938
10391000 51.5008 40.9687 33.4891 125.959
10392000 51.9213 41.1364 34.3781 127.436
10393000 56.2699 40.5706 35.621 132.462
10394000 58.6386 39.9042 35.9311 134.474
10395000 60.7117 39.756 36.2922 136.76
10396000 61.329 39.6145 36.0172 136.961
10397000 63.9272 39.0319 36.7758 139.735
10398000 62.9283 38.6758 37.2786 138.883
10399000 61.6028 37.8625 35.9629 135.428
10400000 61.7065 38.8979 36.0595 136.664
10401000 60.4482 38.9581 36.8106 136.217
10402000 59.7388 38.5078 36.7364 134.983
10403000 58.8017 38.1719 36.5167 133.49
10404000 58.9483 37.9014 37.1055 133.955
10405000 60.9485 37.5735 36.8573 135.379
10406000 60.1915 37.4084 35.9594 133.559
10407000 58.6189 37.2461 35.7451 131.61
10408000 58.6843 36.5124 36.5955 131.792
10409000 59.6093 36.0321 38.8696 134.511
10410000 60.6797 35.7119 38.5534 134.945
10411000 60.7985 34.9948 37.7176 133.511
10412000 60.3887 34.4602 39.1499 133.999
10413000 60.4544 34.6641 41.4414 136.56
10414000 61.721 35.8446 40.374 137.94
10415000 61.0488 35.6587 39.7841 136.492
10416000 62.231 34.2948 40.2167 136.742
10417000 62.3986 34.1776 40.7119 137.288
10418000 64.5682 34.803 40.6279 139.999
10419000 65.3897 35.9655 40.0645 141.42
10420000 65.3951 35.6473 39.2103 140.253
10421000 62.8221 34.9068 37.9118 135.641
10422000 60.9433 35.5505 36.6146 133.108
10423000 62.3797 37.2888 37.0351 136.704
10424000 63.9279 38.2612 36.1213 138.31
10425000 64.0242 38.9657 36.2361 139.226
10426000 62.1978 37.9054 35.7643 135.867
10427000 64.1938 37.7176 35.5439 137.455
10428000 64.7962 37.0677 34.9021 136.766
10429000 64.1947 37.3714 34.5475 136.114
10430000 62.0762 38.1055 34.8004 134.982
10431000 60.6871 38.6404 35.3754 134.703
10432000 59.211 38.8835 34.2585 132.353
10433000 56.6668 40.0677 33.4773 130.212
10434000 56.3366 41.3556 33.5364 131.229
10435000 56.4544 42.5349 34.1296 133.119
10436000 54.724 43.0682 34.5553 132.348
10437000 55.0196 44.4458 33.9561 133.421
10438000 57.0447 44.7775 33.3994 135.221
10439000 58.3493 44.4068 33.2847 136.041
10440000 59.5407 43.7512 32.4635 135.755
10441000 59.8819 43.095 32.1602 135.137
10442000 60.1337 42.9682 33.6636 136.765
10443000 59.4446 44.6875 33.8229 137.955
10444000 60.8482 44.1844 33.6185 138.651
10445000 63.0519 43.6157 32.703 139.371
10446000 62.0305 42.9119 32.6868 137.629
10447000 61.3609 42.8756 32.2353 136.472
10448000 62.1659 42.9822 31.7042 136.852
10449000 64.6695 41.0197 31.362 137.051
10450000 64.107 40.3072 31.223 135.637
10451000 63.4566 40.2657 30.8872 134.609
10452000 62.6073 40.0194 30.4511 133.078
10453000 64.0648 38.5271 31.4082 134
10454000 65.1362 37.9979 31.987 135.121
10455000 67.8953 37.4879 32.6372 138.02
10456000 69.7549 36.9694 33.6374 140.362
10457000 70.1634 36.7221 31.9658 138.851
10458000 68.9879 36.8862 32.0877 137.962
10459000 67.5728 36.6831 32.2114 136.467
10460000 67.6215 36.9835 32.1696 136.775
10461000 67.5934 36.7405 31.6478 135.982
10462000 67.1113 37.2488 31.6437 136.004
10463000 65.702 37.6607 31.7288 135.092
10464000 64.014 36.9696 31.7698 132.753
10465000 63.7279 37.2156 32.3929 133.336
10466000 64.7889 36.0599 33.2756 134.124
10467000 64.1836 36.2131 33.4991 133.896
10468000 66.8556 37.2692 32.7029 136.828
10469000 68.4497 37.585 32.1663 138.201
10470000 69.0597 37.142 33.382 139.584
10471000 70.6681 37.9707 32.202 140.841
10472000 70.2039 36.8918 31.3939 138.49
10473000 71.6946 36.8502 31.0929 139.638
10474000 72.7914 36.7145 31.6173 141.123
10475000 71.8695 36.4173 31.561 139.848
10476000 70.4829 36.3685 30.8556 137.707
10477000 69.4035 37.3311 30.7278 137.462
10478000 68.6395 37.0568 30.041 135.737
10479000 68.6347 37.6518 30.2131 136.5
10480000 69.9264 38.171 29.2979 137.395
10481000 69.5668 38.248 28.8865 136.701
10482000 67.6493 38.1761 28.882 134.707
10483000 67.6269 38.3193 30.9368 136.883
10484000 67.055 38.5931 31.2484 136.897
10485000 68.1183 38.6611 32.3592 139.139
10486000 68.1617 37.2627 32.9143 138.339
10487000 67.6167 38.2551 32.7795 138.651
10488000 65.3566 37.9474 33.7781 137.082
10489000 64.5452 39.5618 33.1787 137.286
10490000 66.824 40.9313 32.7725 140.528
10491000 65.7626 41.2961 33.2862 140.345
10492000 65.0045 41.9605 33.0212 139.986
10493000 63.7186 42.3161 33.0811 139.116
10494000 63.3148 42.6312 32.5164 138.462
10495000 61.1454 41.66 32.6022 135.408
10496000 63.163 42.3922 32.0021 137.557
10497000 65.2061 41.2025 31.5078 137.916
10498000 67.036 40.709 31.8623 139.607
10499000 65.1166 42.3614 30.7585 138.237
10500000 65.2811 44.2054 31.5519 141.038
10501000 65.1773 45.3534 31.9765 142.507
10502000 64.8721 46.6658 31.6005 143.138
10503000 62.6243 49.6726 30.4509 142.748
10504000 60.5854 48.5455 29.7482 138.879
10505000 59.2876 49.6688 29.6701 138.627
10506000 62.5861 51.0451 30.0191 143.65
10507000 65.2226 51.0892 30.0689 146.381
10508000 66.4694 51.2145 30.0369 147.721
10509000 66.5999 52.24 29.8757 148.716
10510000 66.3482 51.6616 29.8931 147.903
10511000 66.7096 52.4092 29.5443 148.663
10512000 67.6043 53.1885 29.1987 149.992
10513000 67.5925 51.7977 29.7616 149.152
10514000 65.6758 51.0696 29.2827 146.028
10515000 66.3822 51.3262 30.1292 147.838
10516000 65.9481 50.1565 31.6612 147.766
10517000 66.6973 50.1229 32.5799 149.4
10518000 68.3411 50.5946 33.547 152.483
10519000 68.1376 51.9917 33.539 153.668
10520000 66.8972 52.8507 33.0233 152.771
10521000 67.8935 52.1959 32.617 152.706
10522000 67.9934 51.8233 31.9587 151.775
10523000 65.2061 52.1739 31.1071 148.487
10524000 66.2063 50.3706 32.6833 149.26
10525000 66.5159 50.3837 31.5572 148.457
10526000 65.6372 49.9039 30.7574 146.298
10527000 65.875 51.532 30.9341 148.341
10528000 65.155 50.8509 29.6463 145.652
10529000 63.9194 50.8787 30.3375 145.136
10530000 62.5341 49.727 30.8198 143.081
10531000 61.658 48.7513 30.972 141.381
10532000 60.6529 46.8012 30.9495 138.404
10533000 59.8021 46.6073 31.1453 137.555
10534000 60.2224 44.3366 31.4785 136.037
10535000 60.0396 43.6956 32.2378 135.973
10536000 62.4737 43.0104 31.2692 136.753
10537000 62.0555 41.9892 31.9545 135.999
10538000 60.9691 41.3239 32.8582 135.151
10539000 60.2588 41.4601 33.3121 135.031
10540000 60.7654 40.5332 32.9283 134.227
10541000 60.7836 40.6305 31.7735 133.188
10542000 61.7593 40.7526 31.9961 134.508
10543000 61.4628 39.546 32.8206 133.829
10544000 59.444 37.948 33.2376 130.63
10545000 60.5711 37.148 33.5793 131.299
10546000 62.486 36.5055 33.7363 132.728
10547000 61.9781 37.289 34.163 133.43
10548000 62.709 39.7148 34.698 137.122
10549000 62.4537 39.6058 34.501 136.56
10550000 62.9349 38.86 33.7952 135.59
10551000 65.0786 37.905 32.2623 135.246
10552000 63.8464 37.7417 32.0106 133.599
10553000 62.6926 38.3639 31.6391 132.696
10554000 64.4354 39.4471 30.6375 134.52
10555000 65.7995 39.282 30.2718 135.353
10556000 65.7041 37.7872 30.4549 133.946
10557000 66.5482 37.8097 30.2178 134.576
10558000 64.4844 38.523 30.3169 133.324
10559000 63.5405 39.3045 30.0641 132.909
10560000 60.737 40.4981 29.4537 130.689
10561000 58.8946 40.1057 28.3528 127.353
10562000 56.7753 39.6275 28.0302 124.433
10563000 57.3475 39.4408 28.5218 125.31
10564000 57.7757 40.6628 28.6811 127.12
10565000 55.2761 40.8669 28.9733 125.116
10566000 55.1076 39.9675 28.8379 123.913
10567000 57.381 38.2745 30.0508 125.706
10568000 55.6563 37.5324 30.2034 123.392
10569000 55.2835 37.3477 28.8734 121.505
10570000 54.8607 38.0422 28.5366 121.439
10571000 55.3255 37.8985 29.4023 122.626
10572000 56.5027 37.3119 29.9532 123.768
10573000 56.4432 38.0524 29.4486 123.944
10574000 56.9725 38.4327 28.157 123.562
10575000 55.9107 39.638 28.9611 124.51
10576000 52.8792 39.0311 29.1379 121.048
10577000 53.7972 38.6496 28.8538 121.301
10578000 54.7394 37.8574 29.4376 122.034
10579000 54.7909 36.6733 29.3111 120.775
10580000 54.3798 36.7019 29.6926 120.774
10581000 55.2987 36.3649 30.1232 121.787
10582000 56.7607 35.6862 30.3036 122.75
10583000 55.9806 34.4939 29.9849 120.459
10584000 57.5347 34.1943 29.4986 121.228
10585000 59.4456 34.87 28.7062 123.022
10586000 59.0633 34.5527 29.3444 122.96
10587000 58.3372 34.1486 28.719 121.205
10588000 57.9206 33.2312 28.5436 119.695
10589000 55.4311 32.3955 28.8077 116.634
10590000 53.9039 31.7753 29.0471 114.726
10591000 55.7453 32.247 28.7527 116.745
10592000 58.1329 32.0913 30.1181 120.342
10593000 57.3372 33.279 30.9026 121.519
10594000 58.0791 34.482 31.265 123.826
10595000 58.5332 34.9148 30.9586 124.407
10596000 56.6044 35.0189 31.8609 123.484
10597000 58.4446 33.5471 31.8163 123.808
10598000 59.97 33.6949 31.3991 125.064
10599000 59.6769 33.798 30.6409 124.116
10600000 60.3065 32.9469 30.194 123.447
10601000 61.0833 32.5088 30.4149 124.007
10602000 61.5445 32.9274 29.9713 124.443
10603000 60.5254 33.3919 30.3978 124.315
10604000 59.3257 33.2536 31.0161 123.595
10605000 60.3662 34.1398 31.2309 125.737
10606000 59.1293 34.1244 30.8877 124.141
10607000 58.431 35.7506 31.0756 125.257
10608000 60.2907 35.1433 31.4122 126.846
10609000 60.4094 34.0309 30.6635 125.104
10610000 58.9307 34.4823 31.7057 125.119
10611000 59.8121 33.8499 32.1798 125.842
10612000 59.5697 34.5334 31.5241 125.627
10613000 60.5214 36.2875 32.6992 129.508
10614000 62.7262 37.6418 33.0818 133.45
10615000 61.955 37.0495 34.2209 133.225
10616000 60.0879 37.2337 35.2924 132.614
10617000 59.1945 37.7977 34.8965 131.889
10618000 59.7864 38.4639 34.3961 132.646
10619000 58.8159 38.0706 33.9556 130.842
10620000 58.6089 38.4324 33.4513 130.493
10621000 56.6434 37.7199 32.0055 126.369
10622000 55.4214 39.2426 31.68 126.344
10623000 54.4197 39.7704 30.9127 125.103
10624000 54.9159 38.6412 30.1524 123.709
10625000 54.3168 38.9051 30.1018 123.324
10626000 53.4836 38.5884 30.0077 122.08
10627000 53.8405 38.67 31.6238 124.134
10628000 52.4103 38.2378 30.7888 121.437
10629000 51.1886 37.6281 30.6032 119.42
10630000 50.496 38.6739 29.8135 118.983
10631000 51.1622 39.4131 29.7691 120.344
10632000 51.2877 40.1908 29.6264 121.105
10633000 52.7192 40.5177 30.0016 123.239
10634000 52.4104 40.039 30.5012 122.951
10635000 52.6646 39.1363 31.0606 122.861
10636000 53.7443 39.0361 30.5825 123.363
10637000 56.526 38.8407 30.9232 126.29
10638000 57.9097 39.0538 31.1288 128.092
10639000 58.3187 38.9473 31.212 128.478
10640000 60.1116 39.1674 30.7675 130.047
10641000 57.7954 39.6746 30.8987 128.369
10642000 55.8465 39.565 30.3319 125.743
10643000 54.1285 39.9192 30.6739 124.722
10644000 53.77 39.4897 30.1514 123.411
10645000 54.4922 40.9405 29.5583 124.991
10646000 53.0341 39.5728 29.8238 122.431
10647000 52.743 40.0844 29.0586 121.886
10648000 52.7245 39.5968 28.9392 121.26
10649000 52.9378 39.7814 29.0445 121.764
10650000 54.5984 39.5446 30.0451 124.188
10651000 55.9159 38.9241 29.6184 124.458
10652000 56.5124 36.5494 28.9099 121.972
10653000 56.6526 36.2283 29.6986 122.579
10654000 58.495 36.0383 29.8778 124.411
10655000 58.6657 37.8746 30.2858 126.826
10656000 57.3504 37.6766 30.6983 125.725
10657000 57.4692 37.8811 30.529 125.879
10658000 59.1063 39.0016 29.5166 127.624
10659000 59.0057 37.865 29.6022 126.473
10660000 61.8611 36.9167 29.909 128.687
10661000 62.1651 36.4569 29.7266 128.349
10662000 63.155 35.3829 30.8734 129.411
10663000 61.7635 34.7961 31.3907 127.95
10664000 59.8206 35.0122 31.4402 126.273
10665000 58.3616 35.1855 30.9797 124.527
10666000 59.1154 35.4395 30.2636 124.819
10667000 58.2981 35.1608 29.644 123.103
10668000 58.7077 35.3773 29.0659 123.151
10669000 58.6409 36.0853 29.3579 124.084
10670000 57.4124 35.9178 29.3502 122.68
10671000 58.563 35.8291 29.6232 124.015
10672000 59.8565 34.2155 29.068 123.14
10673000 61.4136 34.654 30.2549 126.323
10674000 62.2845 35.2008 29.8482 127.333
10675000 61.9354 35.3449 30.2026 127.483
10676000 62.5085 35.0967 30.7934 128.399
10677000 65.5208 35.6845 31.1501 132.355
10678000 65.6516 35.8489 30.9999 132.5
10679000 67.775 36.0898 30.4222 134.287
10680000 68.4078 36.0892 29.9722 134.469
10681000 67.9101 36.6598 29.8645 134.434
10682000 70.5641 35.0804 29.421 135.066
10683000 72.1654 34.0511 30.043 136.259
10684000 72.2541 33.9038 28.9905 135.148
10685000 73.9235 33.5723 28.8032 136.299
10686000 75.6485 34.2703 28.7259 138.645
10687000 75.86 34.8953 28.803 139.558
10688000 75.2259 35.0427 29.939 140.208
10689000 75.6828 36.0629 30.0163 141.762
10690000 74.3561 36.7051 30.5541 141.615
10691000 73.5646 37.5011 31.215 142.281
10692000 74.5783 37.708 30.8088 143.095
10693000 75.5357 37.0644 31.8926 144.493
10694000 74.8625 36.9973 32.3374 144.197
10695000 72.9144 36.214 31.3867 140.515
10696000 72.0093 37.2293 32.0358 141.274
10697000 70.8578 36.95 31.5857 139.394
10698000 70.2696 37.0021 30.8608 138.132
10699000 70.634 37.3252 30.6522 138.611
10700000 72.541 37.0546 30.4724 140.068
10701000 72.8396 36.7853 30.125 139.75
10702000 75.1232 36.9149 29.2968 141.335
10703000 76.695 37.4454 29.656 143.796
10704000 77.193 37.4153 31.1462 145.754
10705000 76.8243 38.2807 32.9479 148.053
10706000 75.9097 38.9222 32.3665 147.198
10707000 74.9855 39.2435 31.8034 146.032
10708000 76.4009 39.9413 32.2473 148.589
10709000 76.1077 39.0788 31.4235 146.61
10710000 76.3968 38.4269 31.3038 146.127
10711000 78.0322 38.8135 31.3629 148.209
10712000 78.0275 39.6478 31.479 149.154
10713000 79.546 38.7609 30.6848 148.992
10714000 78.3325 38.9917 30.5862 147.91
10715000 79.3456 39.9341 31.0026 150.282
10716000 79.5309 40.7363 31.5371 151.804
10717000 79.8886 40.4241 31.2059 151.519
10718000 78.5135 40.6024 31.3954 150.511
10719000 77.1194 40.1578 29.8874 147.165
10720000 77.9621 41.9903 29.3973 149.35
10721000 75.7005 41.2244 29.4787 146.404
10722000 77.195 40.3309 29.3261 146.852
10723000 77.0269 38.7474 29.1526 144.927
10724000 75.9142 39.1893 28.6818 143.785
10725000 75.1911 38.8976 28.1303 142.219
10726000 75.9145 39.4822 28.2893 143.686
10727000 75.2968 40.6665 28.4515 144.415
10728000 75.5627 39.8159 27.6597 143.038
10729000 76.8734 39.3811 26.3706 142.625
10730000 77.3721 39.3911 27.037 143.8
10731000 78.1635 40.1002 28.1759 146.44
10732000 78.5301 40.8798 29.4095 148.819
10733000 78.1167 41.0593 28.9031 148.079
10734000 78.2989 40.5183 29.6204 148.438
10735000 78.7027 40.7851 30.5075 149.995
10736000 78.8598 39.9707 29.595 148.426
10737000 78.3578 38.3599 29.2937 146.011
10738000 79.8496 36.9558 29.7558 146.561
10739000 79.5102 38.6976 29.2302 147.438
10740000 81.8955 39.0963 29.202 150.194
10741000 81.4383 38.4867 29.9401 149.865
10742000 82.9502 36.9096 29.7715 149.631
10743000 82.4218 36.898 29.3632 148.683
10744000 80.9228 35.6315 30.9167 147.471
10745000 80.5797 35.4162 31.3858 147.382
10746000 78.5439 34.4366 30.9064 143.887
10747000 80.5352 35.6138 30.309 146.458
10748000 80.6355 36.5282 30.3869 147.551
10749000 79.3246 37.0256 30.5248 146.875
10750000 81.2476 36.8904 30.693 148.831
10751000 81.4444 37.3498 31.476 150.27
10752000 82.8128 38.7017 33.3255 154.84
10753000 83.6014 38.7021 34.0041 156.308
10754000 82.7296 40.1449 33.3482 156.223
10755000 82.4452 40.0807 33.4114 155.937
10756000 80.0987 39.0943 32.5464 151.739
10757000 79.4736 38.5572 32.0027 150.033
10758000 78.1832 38.7939 32.3479 149.325
10759000 77.7059 38.0981 32.4345 148.239
10760000 77.2945 39.3096 32.2149 148.819
10761000 76.0679 39.2387 33.5509 148.858
10762000 75.9486 39.2856 33.3875 148.622
10763000 73.7554 38.6597 32.0991 144.514
10764000 73.6881 39.1794 31.9828 144.85
10765000 73.9254 38.5229 31.6141 144.062
10766000 73.8621 37.1937 30.292 141.348
10767000 74.7236 36.8496 29.9903 141.564
10768000 75.7983 37.6717 30.218 143.688
10769000 76.8847 38.4939 31.1861 146.565
10770000 75.5086 38.1595 29.9817 143.65
10771000 76.6678 39.2736 30.6452 146.587
10772000 75.9848 39.7255 30.4438 146.154
10773000 76.48 40.7332 30.2015 147.415
10774000 77.7243 42.0996 30.842 150.666
10775000 80.4832 41.2283 31.2739 152.985
10776000 80.459 40.083 30.9511 151.493
10777000 81.6959 39.697 30.9969 152.39
10778000 81.5513 39.8806 31.2228 152.655
10779000 82.3126 39.2253 31.7268 153.265
10780000 80.94 38.3801 31.4192 150.739
10781000 79.9821 39.405 31.5684 150.956
10782000 79.9476 37.6839 31.7646 149.396
10783000 78.1277 37.4595 32.3053 147.893
10784000 75.1475 36.9659 32.482 144.595
10785000 75.2255 37.3956 32.5691 145.19
10786000 76.0286 37.6932 31.5481 145.27
10787000 75.6687 38.3701 30.8552 144.894
10788000 75.0043 37.7257 30.0284 142.758
10789000 72.589 36.4839 30.2972 139.37
10790000 71.2296 37.56 30.7036 139.493
10791000 72.7624 38.4349 30.1238 141.321
10792000 75.4626 38.5577 30.6549 144.675
10793000 74.9313 38.6569 30.2517 143.84
10794000 75.1847 38.2401 30.0078 143.433
10795000 73.784 39.4014 28.9953 142.181
10796000 75.1058 39.2756 28.9541 143.336
10797000 75.7486 39.0641 29.2233 144.036
10798000 76.2911 39.0639 29.7753 145.13
10799000 77.5367 38.9513 28.742 145.23
10800000 76.6214 39.4901 29.3204 145.432
10801000 74.8849 40.5248 31.1143 146.524
10802000 76.8339 39.8258 32.0322 148.692
10803000 74.6457 39.7388 32.0814 146.466
10804000 74.785 38.9217 31.5001 145.207
10805000 75.4059 38.2923 31.4074 145.106
10806000 73.7244 38.0141 31.4171 143.156
10807000 73.8072 38.7869 30.8798 143.474
10808000 73.6532 38.2944 32.7138 144.661
10809000 73.5444 38.7244 33.8464 146.115
10810000 71.3314 37.7956 33.4081 142.535
10811000 70.5778 38.1769 33.2286 141.983
10812000 72.7714 38.8186 33.7484 145.338
10813000 74.826 38.52 33.9128 147.259
10814000 75.7571 38.8397 33.9827 148.58
10815000 74.5906 39.1612 34.8224 148.574
10816000 74.3002 38.9846 35.0909 148.376
10817000 75.1967 38.6908 34.6947 148.582
10818000 74.4613 38.1987 34.3433 147.003
10819000 74.3191 37.8036 33.6249 145.748
10820000 72.6569 37.9493 32.7873 143.394
10821000 71.4503 37.527 33.0628 142.04
10822000 70.1003 37.6705 34.4811 142.252
10823000 70.0669 35.3979 33.2575 138.722
10824000 70.7182 34.4336 33.2409 138.393
10825000 70.2378 34.6949 34.5667 139.499
10826000 70.3442 33.5474 35.3189 139.21
10827000 70.2206 32.6742 34.9118 137.807
10828000 67.9475 33.0114 35.06 136.019
10829000 66.8947 32.5919 34.8967 134.383
10830000 67.7868 33.9549 35.1354 136.877
10831000 67.0345 34.5509 33.3452 134.931
10832000 66.2544 34.3173 33.8525 134.424
10833000 66.5583 34.1984 35.7683 136.525
10834000 65.5578 34.2047 36.3274 136.09
10835000 63.3364 34.3526 37.8559 135.545
10836000 61.0387 35.1195 37.4034 133.562
10837000 58.441 36.1738 38.5257 133.141
10838000 60.431 34.677 37.9294 133.037
10839000 62.1336 35.3102 36.0779 133.522
10840000 66.0234 36.3886 36.4098 138.822
10841000 67.2207 36.6683 36.4043 140.293
10842000 68.1546 36.4334 35.8794 140.467
10843000 68.9025 35.8417 34.7968 139.541
10844000 67.1432 35.2556 34.9098 137.309
10845000 68.9656 36.0593 34.9037 139.929
10846000 70.1014 36.549 35.5632 142.214
10847000 70.0794 36.7986 35.9073 142.785
10848000 67.4541 37.4741 35.6142 140.542
10849000 67.5535 37.2096 34.7113 139.474
10850000 67.7145 36.6086 36.0636 140.387
10851000 69.2765 37.5479 36.5409 143.365
10852000 70.1254 36.8882 36.4521 143.466
10853000 70.7336 37.7578 34.6742 143.166
10854000 70.7743 39.1896 34.8957 144.86
10855000 70.1571 39.5867 34.4357 144.179
10856000 67.503 38.5185 33.0939 139.115
10857000 65.3274 39.0203 34.6573 139.005
10858000 64.9444 39.5328 35.0528 139.53
10859000 64.4976 40.4566 34.7816 139.736
10860000 63.4448 39.4804 34.016 136.941
10861000 63.0697 38.9469 34.0886 136.105
10862000 63.8286 40.1364 33.7057 137.671
10863000 63.3281 41.1208 34.6621 139.111
10864000 64.4514 41.3328 36.7822 142.566
10865000 63.8227 42.3652 37.8484 144.036
10866000 62.6038 42.7111 39.5819 144.897
10867000 62.5438 42.3881 39.5518 144.484
10868000 62.7555 41.4848 38.5434 142.784
10869000 61.2079 43.5787 37.3921 142.179
10870000 62.1488 43.4129 37.2707 142.832
10871000 60.6903 43.2859 37.3554 141.332
10872000 61.5429 43.4964 38.8414 143.881
10873000 63.2742 44.3306 39.7097 147.314
10874000 64.2601 44.0251 40.7837 149.069
10875000 62.3927 43.9952 41.4839 147.872
10876000 61.8154 43.3042 40.2102 145.33
10877000 62.5284 43.351 41.8643 147.744
10878000 63.5288 44.618 40.5683 148.715
10879000 63.1024 45.6292 39.6538 148.385
10880000 63.2807 45.1006 40.3259 148.707
10881000 63.8046 43.4018 40.6024 147.809
10882000 62.0849 43.1125 41.2344 146.432
10883000 58.6231 43.067 41.4417 143.132
10884000 57.4388 43.1893 41.2664 141.895
10885000 59.3763 44.0499 40.7833 144.209
10886000 61.5633 45.7274 41.6877 148.978
10887000 63.8785 45.5224 43.9255 153.326
10888000 64.5503 45.1154 44.9463 154.612
10889000 63.9711 45.9799 44.5283 154.479
10890000 63.6417 45.9643 45.1017 154.708
10891000 64.7104 45.3193 43.8164 153.846
10892000 66.0948 44.9921 44.8456 155.932
10893000 64.6161 46.2446 42.9346 153.795
10894000 63.8074 45.8387 43.1171 152.763
10895000 62.9914 46.7438 44.8932 154.628
10896000 62.5488 46.6253 44.6324 153.806
10897000 64.0834 47.8676 44.6133 156.564
10898000 64.3808 49.5965 45.6627 159.64
10899000 61.9793 49.0997 45.8125 156.892
10900000 62.0118 48.1774 43.9346 154.124
10901000 61.2142 47.8539 44.0732 153.141
10902000 62.7126 46.8704 43.5232 153.106
10903000 64.0592 46.6844 42.129 152.873
10904000 62.2141 46.3707 42.28 150.865
10905000 61.7252 46.0386 42.3408 150.105
10906000 60.8796 46.1009 41.2241 148.205
10907000 62.0227 46.3566 41.6321 150.011
10908000 62.5113 46.6849 41.3284 150.525
10909000 63.2151 46.6044 40.3469 150.166
10910000 62.0776 46.3584 38.8928 147.329
10911000 61.8699 46.1853 39.1568 147.212
10912000 60.6988 46.6694 39.0321 146.4
10913000 61.9508 46.8449 40.6996 149.495
10914000 61.5705 46.7098 40.7583 149.039
10915000 61.9136 46.1542 39.233 147.301
10916000 63.1744 45.9954 39.5282 148.698
10917000 63.0202 43.8921 39.5482 146.46
10918000 63.5239 44.3234 39.9653 147.813
10919000 64.5643 44.5576 42.1852 151.307
10920000 64.6186 44.1532 42.3885 151.16
10921000 64.6151 44.7357 41.5583 150.909
10922000 63.2436 44.7972 39.9572 147.998
10923000 62.8408 44.1661 39.037 146.044
10924000 61.9018 44.3715 40.1082 146.382
10925000 60.6822 45.384 39.5749 145.641
10926000 60.5632 44.5625 39.1227 144.248
10927000 59.3757 44.6992 39.5047 143.58
10928000 57.5244 45.4093 38.9751 141.909
10929000 57.5832 44.2977 37.5058 139.387
10930000 58.3349 44.4565 39.3386 142.13
10931000 58.364 45.1336 40.888 144.386
10932000 59.3947 44.5301 40.8111 144.736
10933000 59.7443 44.6164 41.1874 145.548
10934000 61.9766 44.8467 39.7792 146.602
10935000 63.5153 44.6057 39.0971 147.218
10936000 65.2045 45.163 38.6655 149.033
10937000 66.8347 45.0662 38.3422 150.243
10938000 65.5137 45.8636 36.7963 148.174
10939000 65.16 46.0774 35.7993 147.037
10940000 64.3377 47.0096 35.8765 147.224
10941000 65.3967 46.0409 35.7946 147.232
10942000 64.1814 46.2148 35.2675 145.664
10943000 62.4268 47.1321 34.2018 143.761
10944000 63.131 48.3185 33.8201 145.27
10945000 63.3309 47.1768 32.8155 143.323
10946000 61.5016 45.4451 30.7929 137.74
10947000 60.4664 45.4876 32.2303 138.184
10948000 61.6555 45.2959 32.4487 139.4
10949000 61.8274 45.4081 31.8862 139.122
10950000 60.9287 44.9296 32.4923 138.351
10951000 61.1998 44.74 32.8894 138.829
10952000 61.1216 43.9515 32.7834 137.857
10953000 59.4487 44.2004 32.8355 136.485
10954000 57.6424 44.7965 33.1993 135.638
10955000 56.7201 44.9687 33.0941 134.783
10956000 55.8613 45.8566 33.8178 135.536
10957000 56.6371 46.1686 33.6659 136.472
10958000 58.7595 45.8816 32.5363 137.177
10959000 60.1025 45.2401 33.0879 138.431
10960000 59.3948 44.6493 34.0457 138.09
10961000 58.1942 44.1312 34.0906 136.416
10962000 59.0795 44.9125 34.3599 138.352
10963000 59.024 46.2489 34.0081 139.281
10964000 60.3248 45.0591 33.8349 139.219
10965000 60.6618 45.1755 32.8019 138.639
10966000 60.1994 44.0473 32.6518 136.899
10967000 59.9611 43.4885 32.3309 135.781
10968000 59.5488 42.7127 31.6378 133.899
10969000 59.6673 42.2308 31.4056 133.304
10970000 59.8795 43.727 31.3856 134.992
10971000 59.7481 44.662 32.7568 137.167
10972000 59.6926 45.3317 32.5566 137.581
10973000 60.5479 45.5705 34.0589 140.177
10974000 60.4899 45.6393 35.5671 141.696
10975000 58.7988 45.5022 34.2129 138.514
10976000 59.7636 46.3715 33.6407 139.776
10977000 58.0635 45.7765 33.5535 137.394
10978000 57.1346 45.3011 33.2164 135.652
10979000 56.4768 45.5781 32.5297 134.585
10980000 55.2095 45.8485 31.5535 132.612
10981000 52.9202 47.2712 30.1018 130.293
10982000 51.2227 47.1309 29.37 127.724
10983000 48.2755 48.4389 28.6291 125.344
10984000 47.8303 49.0614 28.6858 125.578
10985000 48.3867 48.3148 28.8926 125.594
10986000 47.2569 47.9511 29.7602 124.968
10987000 47.2672 47.6451 28.845 123.757
10988000 47.2485 47.7842 28.9257 123.958
10989000 47.4732 47.553 30.2071 125.233
10990000 48.3623 48.2396 30.4276 127.03
10991000 48.0006 48.1193 31.4491 127.569
10992000 47.9459 48.6145 31.8989 128.459
10993000 47.2251 48.7551 31.1994 127.18
10994000 45.1735 48.591 30.6122 124.377
10995000 45.686 48.2129 31.8814 125.78
10996000 45.13 48.1566 32.6731 125.96
10997000 45.6665 48.0172 32.1535 125.837
10998000 44.9036 47.2406 31.147 123.291
10999000 45.2054 46.3979 32.3169 123.92
11000000 46.21 46.5053 32.4023 125.118
11001000 46.9554 45.4732 32.1498 124.578
11002000 47.2994 45.7091 32.3335 125.342
11003000 47.4706 46.8603 32.3911 126.722
11004000 48.9437 48.9167 32.807 130.667
11005000 48.2372 47.3747 34.6096 130.222
11006000 48.2782 46.5826 35.1305 129.991
11007000 49.2468 45.461 34.1877 128.896
11008000 50.6079 46.1061 34.5215 131.236
11009000 52.7111 44.6561 35.7209 133.088
11010000 53.2691 44.127 36.4255 133.822
11011000 53.7407 44.2779 36.1012 134.12
11012000 54.5991 42.85 37.6857 135.135
11013000 53.5843 42.0618 36.9634 132.609
11014000 54.4835 41.9374 35.9651 132.386
11015000 54.909 41.7215 35.2272 131.858
11016000 53.8959 40.7524 35.9025 130.551
11017000 55.6269 40.0086 35.4549 131.09
11018000 55.8665 39.8071 35.0607 130.734
11019000 54.8053 40.06 35.4039 130.269
11020000 53.9148 41.4731 35.0766 130.464
11021000 53.8324 41.3113 33.9856 129.129
11022000 55.6386 39.8239 33.2349 128.697
11023000 54.2521 39.0203 33.8481 127.121
11024000 53.9071 38.8936 33.8751 126.676
11025000 53.6039 38.4782 33.131 125.213
11026000 52.8029 38.3695 33.6277 124.8
11027000 52.471 39.4062 32.5645 124.442
11028000 51.3333 39.1101 32.2275 122.671
11029000 50.2167 38.9381 32.7953 121.95
11030000 49.7349 39.6994 31.5518 120.986
11031000 50.4672 40.7212 31.2344 122.423
11032000 50.2636 41.8071 30.8869 122.958
11033000 50.5035 41.0261 30.1801 121.71
11034000 51.1013 40.0384 29.438 120.578
11035000 52.3454 38.4707 30.3045 121.121
11036000 51.8712 37.6662 28.3565 117.894
11037000 50.2917 37.3065 26.8777 114.476
11038000 48.5511 37.3325 26.8824 112.766
11039000 46.2733 37.8124 26.4015 110.487
11040000 46.5126 38.9874 26.9965 112.497
11041000 46.4206 38.537 26.8117 111.769
11042000 49.0071 39.4158 26.2624 114.685
11043000 48.2481 41.1307 26.2395 115.618
11044000 49.2734 42.1573 26.141 117.572
11045000 49.8881 41.9527 27.4724 119.313
11046000 50.2051 42.5477 28.301 121.054
11047000 48.848 42.8195 27.7525 119.42
11048000 49.7869 40.9509 27.3117 118.05
11049000 49.4415 40.505 26.3565 116.303
11050000 46.7005 41.0369 26.661 114.398
11051000 46.6712 40.311 26.7955 113.778
11052000 47.6216 41.7648 28.2142 117.601
11053000 48.4896 41.0176 29.4275 118.935
11054000 49.8382 40.9732 30.0931 120.905
11055000 49.478 42.316 30.2621 122.056
11056000 50.0309 40.961 30.6961 121.688
11057000 49.2542 41.6218 31.1251 122.001
11058000 50.2406 42.7136 31.1429 124.097
11059000 50.1737 41.7023 32.2471 124.123
11060000 51.3117 41.3624 32.5017 125.176
11061000 51.5631 40.7176 32.7848 125.065
11062000 54.0403 40.9688 34.0276 129.037
11063000 53.8873 40.5721 34.3018 128.761
11064000 52.8018 41.0533 35.2126 129.068
11065000 53.3696 41.3395 34.577 129.286
11066000 51.5284 40.5595 33.7604 125.848
11067000 50.847 40.7999 33.5023 125.149
11068000 51.1265 40.3067 34.1398 125.573
11069000 51.5698 39.6454 34.5261 125.741
11070000 51.5833 40.2771 34.0545 125.915
11071000 50.8801 39.5555 34.3581 124.794
11072000 51.4633 39.9518 33.7149 125.13
11073000 50.4211 39.4591 34.9488 124.829
11074000 49.8294 40.2804 33.7371 123.847
11075000 49.949 40.1264 33.6242 123.7
11076000 50.4336 39.7032 33.9861 124.123
11077000 51.9146 40.0271 34.8398 126.781
11078000 53.091 39.0925 33.7373 125.921
11079000 52.7211 37.601 32.7508 123.073
11080000 52.2519 38.4149 32.6669 123.334
11081000 49.7074 39.388 31.9749 121.07
11082000 48.1275 40.0758 30.6776 118.881
11083000 49.4576 40.3929 30.594 120.445
11084000 49.3606 40.7454 30.6025 120.708
11085000 50.8543 39.7465 30.3645 120.965
11086000 49.0381 38.9662 29.8965 117.901
11087000 46.7624 39.8095 30.5951 117.167
11088000 47.1719 40.4945 32.1212 119.788
11089000 48.9077 40.1581 31.4768 120.543
11090000 48.3021 40.6706 30.0065 118.979
11091000 48.9491 41.0939 30.4908 120.534
11092000 50.0738 43.0825 31.2855 124.442
11093000 51.3574 41.8546 30.9404 124.152
11094000 53.3079 40.6137 30.2841 124.206
11095000 53.8296 42.8025 31.1427 127.775
11096000 53.741 43.9017 32.8091 130.452
11097000 53.494 44.3004 33.0975 130.892
11098000 51.8522 44.0859 33.0909 129.029
11099000 51.4407 43.8013 33.1205 128.363
11100000 51.7208 44.2785 32.8754 128.875
11101000 52.4188 44.6674 33.9373 131.024
11102000 53.5967 44.9423 34.4521 132.991
11103000 52.3912 44.4936 34.8886 131.773
11104000 52.2341 46.1662 33.5312 131.932
11105000 52.4984 45.3293 32.8826 130.71
11106000 53.6056 43.7587 32.2886 129.653
11107000 53.4729 44.1865 32.329 129.988
11108000 52.643 43.9516 32.3703 128.965
11109000 52.2356 42.905 31.6564 126.797
11110000 52.7533 42.4092 30.9272 126.09
11111000 53.5415 42.5401 30.8678 126.949
11112000 54.8267 41.6473 30.935 127.409
11113000 56.8984 42.0986 31.681 130.678
11114000 58.2471 42.5648 31.9617 132.774
11115000 58.44 41.8702 31.7318 132.042
11116000 57.9957 41.4437 32.285 131.724
11117000 57.409 41.1431 32.6277 131.18
11118000 57.1978 41.1879 32.237 130.623
11119000 56.9607 42.8034 32.6053 132.369
11120000 56.5086 42.5316 33.5331 132.573
11121000 56.1356 43.056 34.0718 133.263
11122000 55.7131 44.9945 34.1151 134.823
11123000 56.3124 46.0586 34.0883 136.459
11124000 55.5804 46.2946 34.3486 136.224
11125000 54.7458 47.5993 34.6185 136.964
11126000 53.1689 47.1394 36.1724 136.481
11127000 54.36 45.8522 35.3745 135.587
11128000 53.7963 44.4397 35.0377 133.274
11129000 53.1576 45.6442 33.6233 132.425
11130000 53.7445 46.7607 34.4781 134.983
11131000 53.0091 47.5339 33.7264 134.269
11132000 53.352 48.3909 32.496 134.239
11133000 52.9174 48.5606 32.4239 133.902
11134000 52.5576 48.9064 32.4155 133.88
11135000 52.6526 47.2701 31.5112 131.434
11136000 53.9269 46.8527 31.48 132.259
11137000 55.0897 46.8266 31.2256 133.142
11138000 55.2824 46.8927 31.8176 133.993
11139000 56.7765 46.0617 32.0582 134.896
11140000 54.6469 46.436 32.222 133.305
11141000 54.5844 46.1099 32.6603 133.355
11142000 54.9578 46.6969 33.3773 135.032
11143000 54.5892 45.09 33.6839 133.363
11144000 55.9301 44.3045 35.0125 135.247
11145000 55.3406 45.6753 34.4666 135.482
11146000 53.7486 47.3506 34.8711 135.97
11147000 54.6792 47.1201 34.3698 136.169
11148000 55.3571 46.1925 35.0168 136.566
11149000 56.1711 46.1799 35.2934 137.644
11150000 56.2752 47.6676 34.8172 138.76
11151000 55.421 47.8499 35.0071 138.278
11152000 54.0146 48.0756 35.8449 137.935
11153000 54.2377 47.7943 35.4299 137.462
11154000 55.0088 47.9113 36.1702 139.09
11155000 55.8821 46.6126 36.621 139.116
11156000 55.8645 45.4102 35.0637 136.338
11157000 54.4655 44.6206 34.1666 133.253
11158000 54.6333 44.4847 33.7773 132.895
11159000 55.8092 44.3255 33.2111 133.346
11160000 55.2006 43.9628 32.8858 132.049
11161000 56.1628 44.2248 33.0813 133.469
11162000 56.6914 45.4978 33.3464 135.536
11163000 56.7224 46.1478 33.9314 136.802
11164000 57.0547 45.6351 35.1105 137.8
11165000 57.1374 49.0754 35.4187 141.631
11166000 55.334 49.2695 35.0045 139.608
11167000 55.6814 48.7194 35.0864 139.487
11168000 56.7494 49.0566 36.2514 142.057
11169000 57.6995 48.8576 36.7097 143.267
11170000 57.3368 51.3844 34.8387 143.56
11171000 56.1412 52.1465 33.8837 142.171
11172000 54.6695 51.5293 33.1859 139.385
11173000 57.6337 49.5606 33.5548 140.749
11174000 58.2625 49.2376 34.6015 142.102
11175000 58.4317 50.946 35.7995 145.177
11176000 57.5997 53.2704 36.0523 146.922
11177000 58.3922 53.2415 36.7282 148.362
11178000 58.3837 55.3835 35.9901 149.757
11179000 59.189 55.2096 36.1102 150.509
11180000 57.7247 56.1958 35.3142 149.235
11181000 57.2022 54.2318 35.8645 147.299
11182000 57.1397 54.0586 36.3851 147.583
11183000 56.6117 53.8159 35.5236 145.951
11184000 56.2729 54.0577 35.8131 146.144
11185000 57.3776 56.3598 36.4338 150.171
11186000 59.9178 57.0441 36.9168 153.879
11187000 61.0813 55.8852 37.4226 154.389
11188000 61.1716 57.1728 37.6253 155.97
11189000 61.2554 56.6327 37.6827 155.571
11190000 61.6073 54.7683 37.2987 153.674
11191000 60.8075 54.2244 37.0269 152.059
11192000 59.5009 52.8792 37.2389 149.619
11193000 60.7491 53.3595 38.2741 152.383
11194000 58.7502 52.7133 38.8169 150.28
11195000 58.3668 51.601 39.5705 149.538
11196000 58.4126 51.1349 40.5378 150.085
11197000 57.4332 52.3743 39.1647 148.972
11198000 56.3766 50.2926 38.8986 145.568
11199000 56.2368 49.0989 39.1358 144.471
11200000 56.996 49.6546 38.2211 144.872
11201000 58.0677 50.0375 38.6823 146.787
11202000 57.0622 48.7446 38.1575 143.964
11203000 55.8089 48.0667 37.0289 140.905
11204000 53.9503 49.1111 37.7828 140.844
11205000 53.2207 50.4245 39.5861 143.231
11206000 52.1169 49.9195 39.4479 141.484
11207000 51.316 50.5058 38.6093 140.431
11208000 51.8013 48.0078 38.545 138.354
11209000 52.8287 48.2059 37.3014 138.336
11210000 51.9079 47.4349 36.2329 135.576
11211000 51.6873 48.601 34.3829 134.671
11212000 51.7987 47.5759 33.5453 132.92
11213000 52.5683 45.9279 33.1058 131.602
11214000 54.0471 47.0357 34.2317 135.314
11215000 53.7725 46.923 33.3637 134.059
11216000 53.5734 46.6511 33.6369 133.861
11217000 54.0836 45.2471 33.6999 133.031
11218000 53.5677 43.5878 33.5969 130.752
11219000 53.1183 44.8251 31.5075 129.451
11220000 54.0087 44.8641 30.6411 129.514
11221000 54.6155 46.4852 32.2216 133.322
11222000 54.102 46.5615 31.1658 131.829
11223000 53.8276 45.0418 30.7428 129.612
11224000 54.508 43.9733 30.677 129.158
11225000 53.6962 43.9366 30.355 127.988
11226000 51.399 44.2109 30.5083 126.118
11227000 50.8451 43.3434 29.5921 123.781
11228000 51.9942 42.2053 29.1937 123.393
11229000 51.9595 43.0685 29.7168 124.745
11230000 49.4469 45.0266 29.9314 124.405
11231000 49.2466 44.6113 28.841 122.699
11232000 47.7738 44.3477 27.5878 119.709
11233000 47.2534 45.1699 27.3309 119.754
11234000 47.2365 46.6131 27.4148 121.265
11235000 46.9568 45.2907 28.0596 120.307
11236000 46.7083 45.1507 26.7652 118.624
11237000 46.525 44.2667 27.0884 117.88
11238000 47.4545 44.6724 27.3426 119.47
11239000 45.8776 44.0656 28.2475 118.191
11240000 45.3833 43.8172 28.6399 117.84
11241000 45.3974 42.9628 30.2988 118.659
11242000 45.8509 43.8096 30.1577 119.818
11243000 46.5189 43.7508 31.435 121.705
11244000 47.427 44.6028 30.2679 122.298
11245000 48.9236 44.047 29.799 122.77
11246000 49.0232 44.7605 30.8585 124.642
11247000 49.9986 44.2691 31.1173 125.385
11248000 50.8086 42.8905 31.34 125.039
11249000 49.9002 43.6406 30.2988 123.84
11250000 50.7395 43.6815 30.1571 124.578
11251000 51.7892 44.3392 31.7704 127.899
11252000 50.9685 44.3341 31.7516 127.054
11253000 48.5171 43.9762 33.3195 125.813
11254000 49.6816 43.0652 34.0151 126.762
11255000 48.7028 43.802 34.395 126.9
11256000 49.6977 44.4446 33.2149 127.357
11257000 51.4951 43.227 32.4606 127.183
11258000 52.5018 42.0644 32.7729 127.339
11259000 51.4838 41.5557 32.466 125.505
11260000 51.3598 41.8549 31.7875 125.002
11261000 51.0785 43.4118 31.5869 126.077
11262000 51.2008 42.7233 32.8711 126.795
11263000 52.3067 41.9859 33.8407 128.133
11264000 52.0025 43.503 34.6387 130.144
11265000 51.9383 42.8741 34.6794 129.492
11266000 51.7477 41.8649 34.9801 128.593
11267000 52.4961 41.9478 35.4358 129.88
11268000 53.1926 43.0271 35.1854 131.405
11269000 54.5409 42.8879 34.532 131.961
11270000 56.595 43.5863 34.9534 135.135
11271000 55.9597 43.7144 36.2314 135.905
11272000 54.5478 44.4117 35.7756 134.735
11273000 55.6741 45.0654 37.1262 137.866
11274000 57.4323 45.6889 37.0551 140.176
11275000 56.9583 44.9165 38.0792 139.954
11276000 56.6042 45.1058 37.9972 139.707
11277000 56.3167 45.6216 36.8037 138.742
11278000 56.3128 45.8657 35.5024 137.681
11279000 56.516 45.2613 35.6009 137.378
11280000 57.6691 44.7802 35.1352 137.585
11281000 58.2102 44.3066 35.521 138.038
11282000 58.6548 45.1546 37.279 141.088
11283000 59.5682 45.0153 36.7172 141.301
11284000 59.5284 44.7522 34.8427 139.123
11285000 58.3338 44.8067 33.7746 136.915
11286000 58.902 44.3943 34.2302 137.527
11287000 58.7972 44.3673 34.6167 137.781
11288000 59.9913 43.0607 35.914 138.966
11289000 60.6279 42.0861 37.1859 139.9
11290000 61.3547 41.5412 37.8593 140.755
11291000 62.3753 41.2456 37.8672 141.488
11292000 62.8654 41.2839 37.3734 141.523
11293000 65.6983 40.2837 36.8597 142.842
11294000 65.2076 39.9187 36.6791 141.805
11295000 65.5167 40.2374 37.2859 143.04
11296000 65.9927 40.2097 38.8081 145.01
11297000 65.8348 39.5348 38.2678 143.637
11298000 67.0552 38.7671 37.2682 143.091
11299000 66.8581 38.0603 38.2773 143.196
11300000 66.8254 38.962 38.5934 144.381
11301000 67.0704 37.6005 37.181 141.852
11302000 69.6848 37.5529 37.0659 144.304
11303000 69.434 38.1446 37.3106 144.889
11304000 69.6306 38.3205 37.6842 145.635
11305000 70.6475 39.1841 37.729 147.561
11306000 71.5514 39.6263 35.5327 146.71
11307000 71.8126 38.7174 35.0083 145.538
11308000 71.7711 40.6575 36.0223 148.451
11309000 70.6983 41.1605 37.1388 148.998
11310000 69.3357 40.2528 36.0875 145.676
11311000 69.5561 40.6993 35.9174 146.173
11312000 69.9877 41.1932 36.5624 147.743
11313000 71.0736 40.2661 36.8589 148.199
11314000 72.56 40.7375 36.6987 149.996
11315000 74.6621 40.5277 36.4104 151.6
11316000 77.6327 41.0802 36.1915 154.904
11317000 78.2075 40.9121 37.601 156.721
11318000 78.1889 40.3878 37.6254 156.202
11319000 80.5077 41.882 37.9352 160.325
11320000 78.8716 40.9306 37.2513 157.053
11321000 78.4324 41.3676 37.3248 157.125
11322000 80.2695 41.0126 35.5699 156.852
11323000 77.9931 41.3371 34.6673 153.997
11324000 74.8026 41.2237 33.169 149.195
11325000 74.3537 41.3388 34.8818 150.574
11326000 74.7446 41.4138 36.8012 152.96
11327000 74.1613 42.9734 34.0819 151.217
11328000 74.3951 42.9137 33.5804 150.889
11329000 75.2857 43.2978 34.0419 152.625
11330000 75.2256 42.0677 34.2058 151.499
11331000 75.7912 41.9351 33.7342 151.46
11332000 76.6984 43.5663 34.9341 155.199
11333000 78.2058 44.2154 36.5007 158.922
11334000 77.7653 43.5065 36.7463 158.018
11335000 77.8312 42.5846 35.9889 156.405
11336000 77.249 42.7995 34.639 154.688
11337000 75.7383 43.844 33.8821 153.464
11338000 76.0819 43.5506 34.7538 154.386
11339000 76.1973 43.4612 34.8572 154.516
11340000 76.6903 43.6172 34.9232 155.231
11341000 74.6572 44.9382 32.6965 152.292
11342000 75.763 44.8813 33.2121 153.856
11343000 76.7497 45.8394 34.2053 156.794
11344000 76.3598 45.8172 33.5602 155.737
11345000 76.4276 45.4931 34.7658 156.687
11346000 75.8673 45.9417 34.5275 156.336
11347000 76.935 46.176 34.2697 157.381
11348000 77.8482 46.6369 34.0449 158.53
11349000 79.5669 46.3235 33.0552 158.946
11350000 78.2119 45.5219 34.018 157.752
11351000 77.6197 45.1022 32.241 154.963
11352000 76.9751 45.1509 33.1116 155.238
11353000 76.3148 45.1555 33.1001 154.57
11354000 76.5384 47.3484 32.9019 156.789
11355000 77.2451 46.4629 33.0228 156.731
11356000 78.5182 46.1324 32.7326 157.383
11357000 77.6038 45.0915 33.0256 155.721
11358000 76.3442 45.6772 32.9498 154.971
11359000 75.3655 44.5422 32.4193 152.327
11360000 77.6384 43.1986 32.6302 153.467
11361000 78.3555 44.3911 32.6764 155.423
11362000 78.2626 45.32 31.6153 155.198
11363000 78.3457 45.1545 32.6278 156.128
11364000 77.4162 45.2161 33.6912 156.324
11365000 78.093 44.6622 34.2982 157.054
11366000 78.506 43.401 34.2824 156.189
11367000 77.9466 43.708 35.4724 157.127
11368000 80.1602 43.225 34.766 158.151
11369000 80.6384 43.588 36.2162 160.443
11370000 82.9107 44.2421 36.9712 164.124
11371000 84.6761 45.8324 36.8482 167.357
11372000 85.539 44.8901 36.4567 166.886
11373000 86.404 44.7745 36.6444 167.823
11374000 90.1165 45.6568 35.9654 171.739
11375000 91.4903 45.8477 36.6805 174.019
11376000 89.5708 46.4662 36.6083 172.645
11377000 88.0293 44.7582 36.5239 169.311
11378000 85.1461 45.4159 36.5469 167.109
11379000 83.2986 46.1916 35.8805 165.371
11380000 85.0469 48.7072 35.9236 169.678
11381000 85.1574 48.0633 36.2049 169.426
11382000 84.5815 48.79 36.354 169.725
11383000 81.9554 49.2614 36.4151 167.632
11384000 79.5957 48.3409 37.1197 165.056
11385000 79.9617 46.2555 36.4999 162.717
11386000 78.7001 46.8453 35.9134 161.459
11387000 79.5514 47.6261 35.2959 162.473
11388000 79.0291 47.04 34.6561 160.725
11389000 81.0319 47.6914 36.0148 164.738
11390000 82.0713 47.9203 35.323 165.315
11391000 81.2317 47.7801 33.8624 162.874
11392000 79.8657 49.0885 33.8054 162.76
11393000 81.102 51.2584 34.4246 166.785
11394000 81.8734 51.7957 34.2829 167.952
11395000 81.7814 53.3217 33.6587 168.762
11396000 81.806 53.9561 34.0015 169.764
11397000 81.1379 51.3593 34.5422 167.039
11398000 81.7003 49.6972 35.2927 166.69
11399000 81.5746 48.6758 35.1567 165.407
11400000 80.6537 47.9335 35.5733 164.161
11401000 80.9349 48.7498 34.5089 164.194
11402000 82.0711 49.5407 33.7063 165.318
11403000 81.1778 48.8852 32.9349 162.998
11404000 78.8857 49.2527 31.4778 159.616
11405000 79.4604 48.4562 32.9071 160.824
11406000 83.6358 47.7995 33.9134 165.349
11407000 82.2608 47.9923 36.3451 166.598
11408000 79.9365 48.6173 34.5116 163.065
11409000 78.2123 49.4872 33.7214 161.421
11410000 76.5538 49.5276 34.7129 160.794
11411000 75.7393 50.6257 34.0597 160.425
11412000 74.412 50.1602 32.5422 157.114
11413000 75.0044 49.5466 32.0283 156.579
11414000 76.1399 49.522 32.0027 157.665
11415000 77.0994 49.0364 31.8107 157.947
11416000 75.772 48.8845 33.0666 157.723
11417000 74.4836 49.5995 31.2503 155.333
11418000 73.6854 49.677 31.1316 154.494
11419000 71.1789 49.2751 31.2443 151.698
11420000 72.2317 47.5356 31.6353 151.403
11421000 73.1498 48.2293 31.8749 153.254
11422000 72.1429 47.0527 32.2124 151.408
11423000 72.6473 47.5917 31.7382 151.977
11424000 72.7799 47.0067 30.7046 150.491
11425000 69.3749 46.333 30.4492 146.157
11426000 67.11 47.0366 30.8295 144.976
11427000 67.2606 47.9918 31.3659 146.618
11428000 67.7266 48.7111 32.208 148.646
11429000 66.8695 47.1094 32.648 146.627
11430000 67.4909 46.9475 32.3586 146.797
11431000 66.0427 46.1712 31.8611 144.075
11432000 64.0358 46.3746 32.4515 142.862
11433000 64.7828 47.0068 31.7588 143.549
11434000 64.4767 46.0237 30.6213 141.122
11435000 64.7704 45.811 30.2633 140.845
11436000 64.6101 45.5598 30.6165 140.786
11437000 65.4094 46.852 30.3672 142.629
11438000 65.8785 48.1426 30.0482 144.069
11439000 65.0825 47.8223 30.0553 142.96
11440000 64.603 49.6777 30.7198 145.001
11441000 64.9717 48.7395 30.8637 144.575
11442000 65.2895 47.6735 31.2085 144.172
11443000 67.332 46.5737 32.2986 146.204
11444000 68.8727 45.2327 33.0767 147.182
11445000 68.9323 43.0701 33.264 145.266
11446000 68.5912 43.2039 33.1111 144.906
11447000 70.4111 43.8592 32.3477 146.618
11448000 68.5575 43.2216 32.0711 143.85
11449000 67.8984 43.4415 32.615 143.955
11450000 67.0913 44.16 32.365 143.616
11451000 67.0469 45.3987 31.484 143.93
11452000 67.1989 44.276 30.3854 141.86
11453000 65.88 43.9992 29.1098 138.989
11454000 63.6315 44.0453 29.3088 136.986
11455000 63.0494 44.2901 29.3852 136.725
11456000 63.8111 44.7917 30.4191 139.022
11457000 65.5349 45.6303 31.096 142.261
11458000 67.3221 46.6282 31.3249 145.275
11459000 67.9113 48.1603 30.7985 146.87
11460000 70.47 48.2453 32.114 150.829
11461000 69.9165 47.585 32.1007 149.602
11462000 69.8393 48.4332 32.0817 150.354
11463000 70.152 48.5037 33.0559 151.712
11464000 72.8776 49.5135 33.3296 155.721
11465000 74.442 48.8511 33.7507 157.044
11466000 78.14 47.5011 33.1119 158.753
11467000 79.4041 46.1453 33.7613 159.311
11468000 78.087 45.9211 34.2957 158.304
11469000 76.6953 44.9401 33.1027 154.738
11470000 78.5194 44.4868 32.8063 155.813
11471000 78.8532 44.9553 32.5399 156.348
11472000 76.6811 44.2913 33.4316 154.404
11473000 76.8925 43.2469 31.8805 152.02
11474000 77.6099 43.4387 32.0817 153.13
11475000 75.6206 45.6912 32.7724 154.084
11476000 73.5983 46.3818 32.8638 152.844
11477000 71.0785 46.4968 33.1556 150.731
11478000 69.8873 46.4957 33.0005 149.384
11479000 70.2709 46.7251 32.2688 149.265
11480000 69.8544 44.684 32.1911 146.729
11481000 68.0339 44.515 31.8518 144.401
11482000 67.1699 44.5721 32.0986 143.841
11483000 65.2163 44.2475 31.6771 141.141
11484000 67.8506 45.6022 32.5338 145.987
11485000 70.5974 45.3038 31.8335 147.735
11486000 70.5339 45.8139 32.2334 148.581
11487000 72.2788 47.9688 31.8635 152.111
11488000 72.1028 46.4818 31.4237 150.008
11489000 72.1446 46.6089 28.9026 147.656
11490000 71.5199 46.327 28.1924 146.039
11491000 68.563 46.8984 27.3795 142.841
11492000 66.9943 47.2732 28.2195 142.487
11493000 66.2588 48.5568 28.306 143.122
11494000 69.2961 47.2409 27.5932 144.13
11495000 69.1892 47.299 27.596 144.084
11496000 68.9249 46.9764 27.6584 143.56
11497000 67.8654 46.6956 27.738 142.299
11498000 67.3013 46.9171 28.422 142.64
11499000 67.2838 46.2901 28.2499 141.824
11500000 66.8705 46.1366 27.7014 140.708
11501000 66.4831 45.6391 27.0536 139.176
11502000 66.5867 44.529 26.4581 137.574
11503000 67.9042 44.2121 27.2462 139.363
11504000 68.1051 43.2107 26.7479 138.064
11505000 68.5947 42.511 25.8834 136.989
11506000 65.5326 41.7461 24.9108 132.19
11507000 66.7275 41.0986 24.6035 132.43
11508000 68.4506 43.2356 24.4749 136.161
11509000 67.2895 43.617 24.398 135.304
11510000 67.3844 43.2178 24.3019 134.904
11511000 65.412 43.4427 23.6406 132.495
11512000 63.861 43.505 23.3634 130.729
11513000 63.0133 43.7695 22.995 129.778
11514000 64.3861 43.2245 22.3724 129.983
11515000 66.816 42.9008 22.6117 132.328
11516000 68.3134 44.577 23.2966 136.187
11517000 68.5755 45.7905 23.404 137.77
11518000 69.5339 45.6393 22.6932 137.866
11519000 69.9245 45.8454 22.2937 138.064
11520000 68.8087 47.1213 21.4166 137.347
11521000 69.0565 48.0589 21.5104 138.626
11522000 70.5779 48.4485 22.1283 141.155
11523000 73.3175 50.0671 22.0804 145.465
11524000 73.5066 50.4099 22.6549 146.571
11525000 73.5035 49.6229 22.1211 145.247
11526000 74.4276 49.5739 20.798 144.799
11527000 73.574 49.3517 20.45 143.376
11528000 74.4002 48.6221 20.3159 143.338
11529000 76.0069 47.9614 19.5175 143.486
11530000 73.7428 47.2144 19.5238 140.481
11531000 72.9072 46.0745 18.7434 137.725
11532000 73.2808 45.7227 18.6715 137.675
11533000 73.791 45.8826 18.3483 138.022
11534000 72.8022 47.6274 18.2465 138.676
11535000 72.928 48.9331 18.2253 140.086
11536000 74.311 49.3368 18.3758 142.024
11537000 72.8139 49.6028 18.1388 140.556
11538000 72.2138 49.9378 18.3748 140.526
11539000 72.0168 50.7391 19.1294 141.885
11540000 71.404 49.722 18.6975 139.823
11541000 69.7512 49.4483 19.6967 138.896
11542000 68.9798 49.8288 19.3649 138.173
11543000 69.9876 49.1085 19.4921 138.588
11544000 68.8138 48.6694 19.5411 137.024
11545000 67.9168 48.2676 19.5161 135.701
11546000 66.493 47.5789 18.838 132.91
11547000 66.2239 49.452 19.0501 134.726
11548000 67.141 50.151 19.2691 136.561
11549000 69.3558 49.1703 19.7396 138.266
11550000 69.8776 48.9945 19.232 138.104
11551000 71.2366 48.0029 19.1225 138.362
11552000 72.3477 48.8961 19.422 140.666
11553000 72.9992 49.5983 18.8036 141.401
11554000 71.3674 50.1542 18.8888 140.41
11555000 70.5161 49.648 19.1716 139.336
11556000 71.722 49.9765 19.2519 140.95
11557000 73.1019 50.306 19.9219 143.33
11558000 72.9694 48.1161 19.669 140.755
11559000 72.0719 48.0934 19.7142 139.879
11560000 71.9763 47.3381 19.6436 138.958
11561000 72.8545 46.2921 19.7848 138.931
11562000 73.3871 45.2649 19.6799 138.332
11563000 71.6358 44.8529 19.9063 136.395
11564000 70.3579 44.6417 20.9151 135.915
11565000 71.2462 45.2557 20.759 137.261
11566000 71.619 42.7019 20.5941 134.915
11567000 72.8952 42.6306 21.5146 137.04
11568000 71.3168 42.3013 21.2481 134.866
11569000 69.6385 42.3009 20.3718 132.311
11570000 69.5598 42.2185 20.0137 131.792
11571000 71.6201 40.9565 20.186 132.763
11572000 72.0718 41.384 19.9215 133.377
11573000 72.2024 41.4116 19.3035 132.918
11574000 73.3818 41.8922 19.1441 134.418
11575000 73.8682 40.4596 18.7884 133.116
11576000 73.1827 39.8647 18.8578 131.905
11577000 73.6273 39.4826 19.1852 132.295
11578000 71.6376 40.1271 19.0508 130.816
11579000 70.3487 40.1137 19.7335 130.196
11580000 70.2881 39.543 20.4156 130.247
11581000 70.3445 39.4111 21.0561 130.812
11582000 70.5762 39.9931 20.7111 131.28
11583000 70.5256 39.0814 20.5141 130.121
11584000 71.9738 39.5912 20.391 131.956
11585000 73.8457 39.6513 20.8036 134.301
11586000 75.251 38.1077 21.2334 134.592
11587000 75.0461 38.7291 21.1675 134.943
11588000 75.2505 39.7299 21.34 136.32
11589000 74.9123 39.8802 20.2518 135.044
11590000 75.3018 39.858 19.5935 134.753
11591000 72.7949 40.2894 19.3535 132.438
11592000 70.5798 39.1144 19.0624 128.757
11593000 68.6967 38.7162 19.6326 127.045
11594000 70.3786 39.5105 19.8553 129.744
11595000 70.5675 39.3124 19.4683 129.348
11596000 69.1852 40.1284 19.0227 128.336
11597000 66.0984 40.2133 19.4704 125.782
11598000 64.7483 41.4243 19.9666 126.139
11599000 64.9382 42.3923 19.3333 126.664
11600000 63.4166 41.9581 18.7322 124.107
11601000 62.3525 40.9104 18.2699 121.533
11602000 60.6435 41.1806 19.2679 121.092
11603000 61.5396 41.8067 19.575 122.921
11604000 59.9526 42.0401 19.7258 121.719
11605000 60.5021 42.0027 19.816 122.321
11606000 60.8613 42.2842 19.0283 122.174
11607000 62.7726 43.8714 18.5637 125.208
11608000 61.3423 43.3966 18.8531 123.592
11609000 59.3352 43.9193 19.5279 122.782
11610000 59.1578 44.8099 19.7725 123.74
11611000 57.2999 46.1824 19.6712 123.153
11612000 56.5389 46.0843 19.2342 121.857
11613000 55.3097 44.0738 18.8266 118.21
11614000 55.3947 43.2643 19.3883 118.047
11615000 56.9001 44.458 19.8958 121.254
11616000 57.3584 44.0107 19.468 120.837
11617000 58.0919 43.5194 18.8386 120.45
11618000 57.4006 43.8827 18.3423 119.625
11619000 55.9367 43.8012 18.8271 118.565
11620000 56.4098 44.1725 19.2838 119.866
11621000 54.9743 44.6241 18.9778 118.576
11622000 53.3766 44.1762 17.8752 115.428
11623000 53.6914 44.0283 17.4481 115.168
11624000 53.3696 44.8386 17.5551 115.763
11625000 52.782 47.3601 18.3518 118.494
11626000 51.139 47.9949 19.027 118.161
11627000 50.8877 47.7603 18.8888 117.537
11628000 51.1431 49.5309 19.6851 120.359
11629000 53.1093 48.3557 19.7544 121.219
11630000 53.1664 48.0506 20.0381 121.255
11631000 52.8123 46.4876 19.4341 118.734
11632000 51.622 46.5378 19.666 117.826
11633000 52.5955 46.1503 19.9639 118.71
11634000 53.3251 46.0236 19.6393 118.988
11635000 53.4771 45.7881 19.89 119.155
11636000 54.0362 45.3843 20.2004 119.621
11637000 54.8175 44.8119 20.0834 119.713
11638000 56.1256 46.0631 20.4838 122.672
11639000 55.8875 44.9915 19.5306 120.409
11640000 55.2643 44.4206 19.5649 119.25
11641000 54.0814 43.4034 19.6991 117.184
11642000 54.5891 42.8284 19.2113 116.629
11643000 54.5463 42.9348 18.747 116.228
11644000 54.4866 43.5682 19.1654 117.22
11645000 54.3518 42.8602 19.4516 116.664
11646000 55.3307 42.2252 19.6603 117.216
11647000 54.802 42.4407 19.6784 116.921
11648000 56.2146 41.609 19.7248 117.548
11649000 55.7005 41.494 21.159 118.353
11650000 56.9771 42.361 21.5398 120.878
11651000 56.3998 41.4295 21.7907 119.62
11652000 55.1795 42.4037 22.5113 120.094
11653000 54.5198 43.0512 23.5493 121.12
11654000 55.334 43.5247 23.6457 122.504
11655000 54.7931 43.639 24.5079 122.94
11656000 54.7622 43.0971 24.6281 122.487
11657000 55.0354 42.8461 24.886 122.767
11658000 54.6977 43.1493 24.6348 122.482
11659000 54.521 43.556 24.7966 122.874
11660000 54.5397 44.3839 25.9534 124.877
11661000 55.563 44.6404 25.3248 125.528
11662000 55.7221 45.1333 26.0717 126.927
11663000 56.2467 44.0815 25.3761 125.704
11664000 55.2034 42.0623 25.051 122.317
11665000 55.2413 42.6109 24.9523 122.805
11666000 56.1199 42.41 25.0454 123.575
11667000 56.2534 41.8151 24.3735 122.442
11668000 55.6731 39.8827 23.8588 119.415
11669000 56.4864 40.551 23.1639 120.201
11670000 55.2944 40.8318 22.6125 118.739
11671000 54.597 40.6443 22.9815 118.223
11672000 55.0234 40.1954 23.4359 118.655
11673000 55.1169 40.4452 24.0739 119.636
11674000 56.0572 41.972 24.4732 122.503
11675000 54.107 40.6453 24.5215 119.274
11676000 54.1355 41.4314 24.6323 120.199
11677000 53.2276 40.7952 23.9513 117.974
11678000 53.8419 40.0929 23.8686 117.803
11679000 54.0497 40.4601 24.5415 119.051
11680000 53.7052 40.7568 23.7596 118.222
11681000 51.9859 41.5444 22.9526 116.483
11682000 50.9278 41.1623 22.8637 114.954
11683000 50.4571 42.351 23.7808 116.589
11684000 50.0585 42.9677 25.1084 118.135
11685000 48.8598 43.1579 26.2375 118.255
11686000 48.0808 41.7439 25.7429 115.568
11687000 49.1117 43.0115 25.0593 117.182
11688000 52.9003 43.5938 23.9499 120.444
11689000 53.1728 43.9475 23.6679 120.788
11690000 52.9283 43.7143 23.3877 120.03
11691000 52.4185 43.8346 24.3137 120.567
11692000 51.2099 44.0979 25.4754 120.783
11693000 52.4874 43.3884 25.5111 121.387
11694000 53.6379 43.2054 25.09 121.933
11695000 53.036 43.0168 25.58 121.633
11696000 53.1967 43.156 24.3781 120.731
11697000 54.0102 42.5027 24.1306 120.643
11698000 54.1772 42.3734 24.2903 120.841
11699000 53.5146 42.3879 25.0535 120.956
11700000 54.6701 42.6468 25.4069 122.724
11701000 56.9675 43.6108 26.4822 127.06
11702000 60.0495 43.6761 25.3936 129.119
11703000 60.3957 43.8151 24.0043 128.215
11704000 60.8678 43.3047 24.5207 128.693
11705000 60.8112 42.3962 24.4293 127.637
11706000 60.4877 41.8745 24.8724 127.235
11707000 61.2478 41.9366 24.6739 127.858
11708000 61.1067 41.9091 24.7628 127.779
11709000 60.683 42.0442 25.1876 127.915
11710000 60.4005 43.0231 26.0901 129.514
11711000 60.4068 44.7191 25.6743 130.8
11712000 62.3939 44.8604 26.2253 133.48
11713000 64.1701 44.4094 26.2932 134.873
11714000 64.2247 44.1301 26.1686 134.523
11715000 63.2429 43.3008 27.2919 133.836
11716000 61.7526 42.0336 27.7123 131.498
11717000 61.7588 41.1068 28.078 130.944
11718000 60.4028 41.4571 28.4497 130.31
11719000 60.636 41.2364 28.9999 130.872
11720000 59.5813 41.297 28.4048 129.283
11721000 58.525 40.1388 28.6986 127.362
11722000 59.4654 40.6953 28.7259 128.887
11723000 58.8172 41.1655 28.8337 128.816
11724000 57.3516 41.7226 28.9283 128.002
11725000 56.6788 41.5917 29.9871 128.258
11726000 56.9866 42.0174 30.4501 129.454
11727000 57.6843 42.815 31.4896 131.989
11728000 58.8484 42.3766 30.6437 131.869
11729000 57.468 42.8611 30.5536 130.883
11730000 57.2586 42.9053 31.3403 131.504
11731000 58.3079 42.669 31.7011 132.678
11732000 58.5571 42.7334 32.6382 133.929
11733000 59.2167 43.4776 32.5811 135.275
11734000 60.5978 43.7848 32.2877 136.67
11735000 61.2801 44.2049 31.5015 136.987
11736000 62.8334 45.7548 31.5463 140.134
11737000 65.9975 46.034 31.0975 143.129
11738000 67.9249 46.6686 30.3554 144.949
11739000 67.7317 47.6451 29.535 144.912
11740000 67.1092 46.5963 29.2655 142.971
11741000 68.1115 47.8075 28.9489 144.868
11742000 68.8171 48.2992 28.8312 145.948
11743000 69.0047 49.047 30.3326 148.384
11744000 68.4424 47.878 30.5397 146.86
11745000 67.9955 48.4502 30.4282 146.874
11746000 70.1185 50.7039 30.182 151.004
11747000 68.839 51.6977 30.1895 150.726
11748000 67.9477 51.816 29.5604 149.324
11749000 67.9922 52.4121 28.1113 148.516
11750000 67.9992 53.3086 27.0846 148.392
11751000 67.8046 53.4247 26.6712 147.9
11752000 67.4567 52.6504 26.7742 146.881
11753000 66.0572 51.8012 25.7804 143.639
11754000 63.8799 52.3342 25.8291 142.043
11755000 63.2046 53.558 25.7151 142.478
11756000 62.0837 53.2719 26.7776 142.133
11757000 62.8772 52.707 28.0595 143.644
11758000 61.6658 52.3371 28.1832 142.186
11759000 63.3007 51.1629 26.259 140.723
11760000 62.9342 51.6257 25.6346 140.195
11761000 62.3292 50.6483 25.7425 138.72
11762000 62.3018 50.9449 25.9078 139.155
11763000 62.0326 50.3812 26.7893 139.203
11764000 62.8225 50.7246 26.8918 140.439
11765000 63.3892 53.0573 27.1333 143.58
11766000 63.0102 53.4447 28.0371 144.492
11767000 62.926 52.2211 28.753 143.9
11768000 61.4931 50.9311 27.7808 140.205
11769000 64.5517 50.5106 26.7608 141.823
11770000 65.7034 50.981 26.7333 143.418
11771000 65.0945 51.8282 28.1575 145.08
11772000 66.4016 50.6141 28.8504 145.866
11773000 67.9206 50.4402 29.7375 148.098
11774000 68.7129 50.731 29.6766 149.12
11775000 69.0713 50.7238 29.378 149.173
11776000 72.1047 52.0924 29.4706 153.668
11777000 72.2931 52.3328 29.8105 154.436
11778000 72.3703 53.8799 30.8356 157.086
11779000 71.6585 53.7875 31.3018 156.748
11780000 72.4324 53.9944 31.141 157.568
11781000 70.7548 53.091 31.6813 155.527
11782000 69.5506 53.4175 30.7547 153.723
11783000 67.0183 53.4198 30.4769 150.915
11784000 66.0518 53.0118 31.6724 150.736
11785000 67.0718 54.4812 31.2263 152.779
11786000 66.8521 54.9234 31.9936 153.769
11787000 67.3242 53.9807 31.8139 153.119
11788000 68.4098 54.5646 32.6564 155.631
11789000 66.7149 55.5675 32.8845 155.167
11790000 66.5745 55.3705 32.7167 154.662
11791000 65.2566 53.9578 32.1787 151.393
11792000 65.1577 53.6679 32.6662 151.492
11793000 62.7869 52.166 32.31 147.263
11794000 61.2075 50.7324 32.3379 144.278
11795000 61.2806 50.6516 31.7776 143.71
11796000 63.2523 50.7985 32.2347 146.286
11797000 63.8976 49.3017 32.3087 145.508
11798000 65.6286 49.5243 31.2071 146.36
11799000 69.4406 50.935 32.1104 152.486
11800000 69.6653 51.2609 33.824 154.75
11801000 70.9746 52.4386 34.0025 157.416
11802000 71.2458 53.6106 33.6847 158.541
11803000 71.9386 51.7712 33.3061 157.016
11804000 72.5106 48.9599 32.3879 153.858
11805000 73.0604 47 31.3556 151.416
11806000 72.3078 47.0645 30.9258 150.298
11807000 73.946 47.9515 31.6192 153.517
11808000 75.8571 48.8774 31.7359 156.47
11809000 77.1521 50.5593 32.6254 160.337
11810000 78.4869 52.6864 32.6767 163.85
11811000 76.3185 52.6059 32.9389 161.863
11812000 76.8701 52.333 34.066 163.269
11813000 77.181 52.0294 34.1328 163.343
11814000 76.7771 51.6111 34.2448 162.633
11815000 74.7772 52.3123 34.1827 161.272
11816000 76.4469 52.1843 35.0517 163.683
11817000 76.8939 51.9146 34.0661 162.875
11818000 76.5473 53.5745 34.59 164.712
11819000 75.9399 56.1136 34.61 166.663
11820000 76.1005 57.0458 34.9539 168.1
11821000 76.0315 57.7504 34.0918 167.874
11822000 74.6835 59.2907 34.3298 168.304
11823000 74.0553 59.1147 34.9164 168.086
11824000 73.5492 57.4586 35.8697 166.877
11825000 74.5767 55.9934 36.7067 167.277
11826000 75.3964 53.7351 37.5403 166.672
11827000 76.4975 53.2601 37.4763 167.234
11828000 76.5176 52.2667 37.5208 166.305
11829000 75.9504 51.1637 36.2364 163.35
11830000 75.8476 52.7526 35.6934 164.294
11831000 75.2477 53.0872 35.4768 163.812
11832000 72.3973 54.2894 35.1601 161.847
11833000 70.783 57.2965 34.1047 162.184
11834000 71.0678 56.9177 34.4447 162.43
11835000 70.3317 58.5303 34.3923 163.254
11836000 71.2861 60.312 33.4236 165.022
11837000 72.5748 61.0732 34.0091 167.657
11838000 74.3101 61.3145 32.8397 168.464
11839000 72.5879 61.5746 32.1895 166.352
11840000 70.9862 59.604 32.6848 163.275
11841000 72.1293 58.1255 33.587 163.842
11842000 70.674 57.5321 32.2521 160.458
11843000 71.5018 56.7582 31.3847 159.645
11844000 72.1164 56.1028 30.8268 159.046
11845000 71.0717 55.2978 31.0193 157.389
11846000 69.052 55.4751 31.9236 156.451
11847000 69.1106 55.5406 33.2701 157.921
11848000 69.5698 57.4005 32.991 159.961
11849000 71.8421 58.9387 33.5128 164.294
11850000 72.8731 59.9742 34.0288 166.876
11851000 73.5014 60.9029 34.3397 168.744
11852000 75.4798 61.2939 34.204 170.978
11853000 74.2707 60.642 34.5734 169.486
11854000 74.4426 58.0502 35.1863 167.679
11855000 72.3596 56.6698 34.7217 163.751
11856000 72.0143 57.4458 35.0949 164.555
11857000 73.301 57.7646 35.4205 166.486
11858000 72.9598 55.5366 36.7781 165.274
11859000 74.497 54.0206 35.4549 163.972
11860000 77.1717 53.4557 36.5538 167.181
11861000 77.785 54.4141 37.0235 169.223
11862000 76.6749 54.1473 37.0256 167.848
11863000 76.3209 53.3749 36.2667 165.963
11864000 75.8577 52.8941 36.0868 164.839
11865000 75.1038 53.0525 36.8822 165.038
11866000 73.1945 53.2268 37.9146 164.336
11867000 73.7043 55.0976 38.8523 167.654
11868000 75.8706 55.5407 39.4125 170.824
11869000 73.513 56.649 38.2501 168.412
11870000 74.2045 58.5314 38.2917 171.028
11871000 74.1243 57.7415 38.9459 170.812
11872000 73.7987 56.1832 38.8419 168.824
11873000 73.9975 57.5541 40.3578 171.909
11874000 72.022 57.07 42.34 171.432
11875000 71.2304 55.7999 43.0248 170.055
11876000 71.1806 55.2449 41.16 167.585
11877000 72.3138 55.7863 40.4334 168.533
11878000 74.2523 55.189 40.0701 169.511
11879000 74.1463 54.4867 40.0479 168.681
11880000 74.9142 55.0982 39.5597 169.572
11881000 74.6931 55.9544 40.2628 170.91
11882000 71.1096 54.771 40.7345 166.615
11883000 71.0343 53.6186 39.275 163.928
11884000 71.2248 53.9471 39.4015 164.573
11885000 72.6733 56.1524 40.6925 169.518
11886000 74.7487 57.321 40.9057 172.975
11887000 74.459 56.9241 40.5543 171.938
11888000 74.5417 57.3207 40.1852 172.048
11889000 72.8452 57.0039 38.742 168.591
11890000 71.2463 57.3026 40.3608 168.91
11891000 69.8211 58.7238 39.6009 168.146
11892000 70.6091 58.3263 38.3988 167.334
11893000 71.104 59.0084 37.6729 167.785
11894000 72.4856 58.4062 37.2276 168.119
11895000 72.9664 57.2243 37.8523 168.043
11896000 73.5812 58.649 38.1187 170.349
11897000 74.275 58.9262 38.0988 171.3
11898000 73.5248 59.5306 38.8886 171.944
11899000 74.0987 58.8357 39.8189 172.753
11900000 73.2209 56.9329 39.4344 169.588
11901000 73.9295 56.6331 38.8751 169.438
11902000 74.3392 57.2192 39.7143 171.273
11903000 72.5798 56.5491 38.9674 168.096
11904000 71.9916 59.053 40.1852 171.23
11905000 69.8181 58.8054 40.9341 169.558
11906000 68.8024 57.6745 43.8173 170.294
11907000 70.5399 55.7424 42.3413 168.624
11908000 71.6373 55.8289 42.935 170.401
11909000 68.9454 55.7507 42.3713 167.067
11910000 66.9735 55.3285 42.7161 165.018
11911000 68.8135 55.2179 43.2098 167.241
11912000 69.1222 54.6189 43.1891 166.93
11913000 68.5854 55.3947 40.9834 164.964
11914000 69.2114 55.4271 38.5385 163.177
11915000 67.8877 54.0794 39.0038 160.971
11916000 68.9751 52.4314 38.694 160.101
11917000 68.5094 51.3688 38.5453 158.423
11918000 68.3245 50.3691 38.426 157.12
11919000 72.6499 49.592 38.3808 160.623
11920000 73.1581 49.6568 38.1223 160.937
11921000 73.6749 49.4762 39.3459 162.497
11922000 73.7624 49.4256 38.4964 161.684
11923000 76.3136 49.2011 37.4513 162.966
11924000 75.9848 50.6105 36.5289 163.124
11925000 76.1414 49.2555 35.4382 160.835
11926000 73.628 47.6456 36.4439 157.717
11927000 71.9953 47.5238 35.9829 155.502
11928000 70.6776 45.7867 36.7188 153.183
11929000 70.5139 45.1604 37.0472 152.722
11930000 72.5468 44.6196 36.0117 153.178
11931000 73.8087 44.5058 36.389 154.703
11932000 70.4861 44.2591 37.3671 152.112
11933000 69.3403 44.2113 36.5991 150.151
11934000 66.3685 43.5221 36.7108 146.601
11935000 64.7903 42.3221 35.8908 143.003
11936000 64.8734 41.0961 37.2912 143.261
11937000 65.3801 41.3211 38.2084 144.91
11938000 66.1154 40.5948 37.5703 144.28
11939000 66.5067 40.0967 37.5962 144.2
11940000 66.8366 39.9081 37.3791 144.124
11941000 66.7459 38.8084 37.6457 143.2
11942000 65.4739 38.2151 37.006 140.695
11943000 62.1549 38.2543 37.0777 137.487
11944000 62.8884 38.754 36.6594 138.302
11945000 63.2803 39.3254 36.4318 139.037
11946000 62.9903 39.4773 36.3777 138.845
11947000 63.1504 39.3361 37.373 139.859
11948000 64.4448 39.1085 38.689 142.242
11949000 64.8335 39.0675 37.7252 141.626
11950000 63.0749 37.9294 35.5176 136.522
11951000 61.6412 37.5097 33.4001 132.551
11952000 60.8921 38.3919 33.4696 132.754
11953000 63.0844 38.1959 32.9772 134.257
11954000 63.4577 38.7087 33.4938 135.66
11955000 62.8202 38.1254 35.13 136.076
11956000 63.7358 39.0679 36.2641 139.068
11957000 62.4113 39.3013 36.0832 137.796
11958000 62.943 39.9007 36.4556 139.299
11959000 64.4993 39.4051 36.6868 140.591
11960000 63.3986 38.1377 37.1719 138.708
11961000 61.0006 36.7921 37.8165 135.609
11962000 58.2362 37.187 37.3376 132.761
11963000 58.4165 39.0698 36.0978 133.584
11964000 57.3216 38.6183 36.6704 132.61
11965000 58.6077 37.5829 38.2765 134.467
11966000 59.9302 37.3418 38.094 135.366
11967000 61.2722 36.3113 37.3952 134.979
11968000 61.3856 36.7336 36.9301 135.049
11969000 61.5999 37.5996 36.1385 135.338
11970000 63.611 36.2784 35.1465 135.036
11971000 64.4905 33.5856 34.6823 132.758
11972000 61.3495 33.5158 35.0201 129.885
11973000 60.6888 34.9139 34.5571 130.16
11974000 62.4689 36.1687 35.2341 133.872
11975000 62.1126 35.8129 36.4251 134.351
11976000 62.8736 34.5382 36.4237 133.836
11977000 61.9318 35.0467 36.9743 133.953
11978000 60.6466 35.3965 37.1395 133.183
11979000 60.8051 35.0391 36.3427 132.187
11980000 61.5653 35.8734 35.7213 133.16
11981000 61.2132 36.3178 35.16 132.691
11982000 64.3232 36.0296 34.9905 135.343
11983000 66.3345 36.5445 35.2044 138.083
11984000 65.8349 36.7045 35.4416 137.981
11985000 66.4841 38.4164 36.1695 141.07
11986000 68.0787 38.7498 38.2497 145.078
11987000 69.3785 38.9884 37.9472 146.314
11988000 68.7779 38.6676 36.8158 144.261
11989000 69.7166 38.4048 36.3721 144.494
11990000 72.8101 38.7279 37.5199 149.058
11991000 74.7684 38.3759 37.042 150.186
11992000 74.9264 39.5402 37.6279 152.095
11993000 74.7374 40.6379 37.6747 153.05
11994000 73.585 41.3151 37.8968 152.797
11995000 71.8025 41.3359 37.2261 150.365
11996000 70.0509 40.7006 36.7548 147.506
11997000 69.5056 40.7952 36.5242 146.825
11998000 68.5169 40.606 37.4146 146.538
11999000 67.087 40.3969 37.4587 144.943
12000000 67.5842 41.9538 38.5899 148.128
12001000 67.5537 43.9966 38.1535 149.704
12002000 66.0044 44.9285 40.3889 151.322
12003000 64.934 45.0857 39.9152 149.935
12004000 66.5815 42.9862 39.9724 149.54
12005000 65.8903 43.5286 39.7449 149.164
12006000 66.7502 43.8692 39.4424 150.062
12007000 67.3771 42.9097 39.1757 149.462
12008000 66.9275 43.7472 39.9063 150.581
12009000 66.0998 44.185 39.6367 149.922
12010000 68.3432 43.5529 39.8157 151.712
12011000 70.3564 43.8986 39.1591 153.414
12012000 69.5194 44.3245 38.1295 151.973
12013000 68.7092 45.1643 38.2938 152.167
12014000 68.1421 45.5814 38.3347 152.058
12015000 67.0848 47.7873 39.4473 154.319
12016000 65.599 48.4916 39.455 153.546
12017000 64.4246 47.8541 39.7938 152.072
12018000 64.4719 48.0216 40.5534 153.047
12019000 64.0526 47.2599 41.5708 152.883
12020000 63.7585 44.1554 40.161 148.075
12021000 62.9804 43.4646 40.8154 147.26
12022000 60.8787 43.2249 40.0488 144.152
12023000 61.3694 43.6378 38.9007 143.908
12024000 62.0244 44.2943 36.8967 143.215
12025000 63.6461 44.5118 37.0136 145.171
12026000 63.272 44.4301 36.7639 144.466
12027000 61.9169 44.4306 36.3618 142.709
12028000 62.2781 43.9483 35.6569 141.883
12029000 61.6484 44.1223 35.6208 141.391
12030000 61.3082 43.4911 35.8462 140.646
12031000 60.907 43.2671 36.4145 140.589
12032000 60.7795 43.6621 35.635 140.077
12033000 60.4472 43.6499 36.0876 140.185
12034000 59.8611 43.6466 36.6285 140.136
12035000 58.475 43.6843 38.2753 140.435
12036000 59.4849 41.978 38.1002 139.563
12037000 60.1892 41.7553 37.2102 139.155
12038000 58.373 42.473 37.3579 138.204
12039000 58.6721 42.7105 36.4718 137.854
12040000 60.7802 44.0131 36.7126 141.506
12041000 60.4383 45.1362 38.2255 143.8
12042000 59.5005 44.4635 37.7885 141.752
12043000 60.9081 43.2836 36.9104 141.102
12044000 60.8125 43.1184 37.016 140.947
12045000 61.0016 43.5257 37.047 141.574
12046000 61.9163 43.2928 37.742 142.951
12047000 62.0195 43.4728 36.4866 141.979
12048000 61.6132 43.7045 35.5168 140.835
12049000 61.2431 41.3961 36.4563 139.096
12050000 61.3501 42.0617 35.7501 139.162
12051000 62.8492 43.3352 34.7341 140.919
12052000 62.5186 44.2434 35.8758 142.638
12053000 62.2341 45.2537 35.6874 143.175
12054000 63.9186 45.8123 36.8144 146.545
12055000 64.5726 46.0513 35.686 146.31
12056000 62.2979 45.8754 35.1604 143.334
12057000 61.1953 45.9518 35.4855 142.633
12058000 60.4654 46.8848 35.1069 142.457
12059000 62.3284 46.972 35.0251 144.325
12060000 62.7673 46.4408 35.6357 144.844
12061000 61.6244 45.4727 35.5234 142.62
12062000 58.5477 45.7997 35.7948 140.142
12063000 56.562 43.6013 36.9818 137.145
12064000 57.7957 42.9388 37.4017 138.136
12065000 57.6588 43.1736 37.536 138.368
12066000 59.192 44.1614 36.6688 140.022
12067000 61.2976 43.2088 37.1565 141.663
12068000 63.0131 44.15 37.3253 144.488
12069000 63.2009 44.5879 36.1051 143.894
12070000 63.4347 44.4784 34.8277 142.741
12071000 64.2449 44.5798 34.1313 142.956
12072000 65.5852 43.6321 33.4944 142.712
12073000 65.2019 43.9419 32.7144 141.858
12074000 64.6316 41.9228 32.3842 138.939
12075000 64.8042 40.453 32.6137 137.871
12076000 65.3374 39.0315 31.7714 136.14
12077000 65.361 38.3446 32.3493 136.055
12078000 64.9536 39.6377 33.4458 138.037
12079000 64.3459 40.001 33.3899 137.737
12080000 62.423 39.3525 31.8671 133.643
12081000 61.4973 39.9286 31.6461 133.072
12082000 61.5923 41.9986 32.2275 135.818
12083000 62.2991 42.9743 32.4788 137.752
12084000 60.2185 44.5129 33.1233 137.855
12085000 57.7486 44.9968 32.7549 135.5
12086000 57.5062 46.3411 33.6813 137.529
12087000 57.9698 47.4779 34.1093 139.557
12088000 56.5232 48.3346 35.473 140.331
12089000 54.3486 49.4079 34.6217 138.378
12090000 53.7305 49.9308 33.0478 136.709
12091000 53.49 49.0205 34.2607 136.771
12092000 52.2047 48.5002 32.9635 133.668
12093000 52.5347 50.0739 31.9791 134.588
12094000 52.213 51.1518 32.2805 135.645
12095000 51.1984 51.0035 31.7557 133.958
12096000 51.3171 51.9699 31.3223 134.609
12097000 51.1123 53.0655 31.9106 136.088
12098000 51.8179 52.5037 32.6465 136.968
12099000 51.8266 51.348 32.7592 135.934
12100000 51.6553 52.146 32.1986 136
12101000 51.4458 51.962 32.0274 135.435
12102000 49.0502 49.7032 31.2437 129.997
12103000 48.2345 47.6688 31.5341 127.437
12104000 49.0561 47.2483 32.7008 129.005
12105000 49.2027 45.8396 33.5778 128.62
12106000 49.5359 44.6299 33.7998 127.966
12107000 48.5619 43.5751 33.3304 125.467
12108000 48.5451 45.6911 32.0085 126.245
12109000 47.8063 45.7708 32.6833 126.26
12110000 47.4299 47.4577 33.2235 128.111
12111000 47.6253 48.2414 33.8158 129.682
12112000 49.571 46.9983 33.8631 130.432
12113000 49.4144 47.6518 32.4292 129.495
12114000 47.9885 48.846 32.9136 129.748
12115000 47.3308 48.9281 33.4516 129.71
12116000 46.8712 48.4439 33.0848 128.4
12117000 46.6092 47.1866 33.9006 127.696
12118000 46.0829 48.5885 33.8645 128.536
12119000 45.5958 48.1782 33.8958 127.67
12120000 44.8571 47.0005 32.8947 124.752
12121000 43.8637 46.0482 34.0445 123.956
12122000 42.4888 44.7952 33.9396 121.224
12123000 44.3241 44.5225 34.549 123.396
12124000 45.6169 44.0796 34.5514 124.248
12125000 44.9789 44.2629 34.234 123.476
12126000 44.284 45.2382 35.2042 124.726
12127000 44.304 45.9536 34.8386 125.096
12128000 45.3482 47.5585 34.3061 127.213
12129000 46.5876 47.5328 34.6683 128.789
12130000 46.5312 48.0759 35.4161 130.023
12131000 47.7351 46.9496 35.607 130.292
12132000 47.7215 46.3119 35.0111 129.044
12133000 48.7664 46.6086 34.0615 129.436
12134000 49.2241 46.3646 34.3049 129.894
12135000 47.3291 45.129 34.721 127.179
12136000 47.4613 43.1994 34.0465 124.707
12137000 49.1454 42.2789 34.6244 126.049
12138000 49.678 42.9814 35.5713 128.231
12139000 47.5183 45.6625 37.2297 130.411
12140000 47.9922 47.9402 39.7031 135.635
12141000 47.6244 48.4412 41.3391 137.405
12142000 45.7474 49.6072 40.2586 135.613
12143000 46.0814 50.4564 40.9476 137.485
12144000 46.6087 51.3839 41.0429 139.036
12145000 46.6656 51.9903 41.9381 140.594
12146000 47.1554 52.7244 41.9397 141.819
12147000 45.2842 52.029 41.5449 138.858
12148000 45.7505 51.248 41.8329 138.831
12149000 45.9294 50.244 41.8191 137.993
12150000 47.2606 50.822 41.9247 140.007
12151000 48.3993 52.0383 41.6548 142.092
12152000 49.3075 52.8163 41.0923 143.216
12153000 47.9558 53.0402 40.0483 141.044
12154000 47.85 52.4517 40.3367 140.638
12155000 47.2746 52.4809 40.8113 140.567
12156000 46.4676 52.5966 39.9826 139.047
12157000 47.0087 51.67 39.5816 138.26
12158000 46.0618 51.4403 37.4495 134.952
12159000 40.1333 52.371 35.4646 127.969
12160000 40.7387 52.47 35.8582 129.067
12161000 42.2612 54.0729 35.3375 131.672
12162000 39.9678 54.9481 35.0397 129.956
12163000 39.4706 55.0153 36.103 130.589
12164000 40.7188 56.6436 37.3159 134.678
12165000 41.3198 56.4712 38.0275 135.818
12166000 42.1066 57.1986 36.7061 136.011
12167000 42.7143 57.1474 36.5603 136.422
12168000 42.5696 56.2338 35.8245 134.628
12169000 41.2492 58.1418 34.4923 133.883
12170000 39.1467 58.8662 35.6539 133.667
12171000 38.638 57.026 36.5499 132.214
12172000 38.581 55.9307 37.1335 131.645
12173000 38.51 55.7632 37.1372 131.41
12174000 38.6007 55.0055 36.5824 130.189
12175000 38.7432 54.2301 37.6404 130.614
12176000 39.0742 54.7488 37.3312 131.154
12177000 39.6933 55.7237 36.8661 132.283
12178000 39.4299 56.5104 37.6289 133.569
12179000 40.0773 56.0157 37.4289 133.522
12180000 39.772 54.5213 37.2426 131.536
12181000 42.4227 53.9266 37.0078 133.357
12182000 45.5511 52.3096 36.5293 134.39
12183000 45.1395 52.6894 36.4567 134.286
12184000 44.8075 52.5445 35.4122 132.764
12185000 44.0082 52.0513 34.9336 130.993
12186000 43.7627 52.0033 33.7797 129.546
12187000 44.0495 52.6821 35.0725 131.804
12188000 42.3805 53.3781 35.1565 130.915
12189000 41.8225 53.6896 35.4959 131.008
12190000 41.3515 53.4185 35.267 130.037
12191000 41.5206 54.2602 35.2723 131.053
12192000 42.7835 53.4036 33.4688 129.656
12193000 43.2269 54.5173 33.1205 130.865
12194000 42.7693 55.3862 32.3407 130.496
12195000 43.1667 56.5514 31.801 131.519
12196000 44.1941 57.5333 31.2744 133.002
12197000 45.1491 58.0676 32.4349 135.652
12198000 44.7987 58.3166 32.2165 135.332
12199000 45.5171 57.7886 32.1686 135.474
12200000 45.8415 57.1414 31.3769 134.36
12201000 48.1053 59.856 32.4542 140.416
12202000 49.3593 59.6603 32.394 141.414
12203000 48.2958 61.9345 33.8189 144.049
12204000 46.6994 63.0211 33.0508 142.771
12205000 45.2338 63.9059 33.1101 142.25
12206000 45.692 64.5442 33.213 143.449
12207000 47.3043 64.8902 33.066 145.261
12208000 46.3784 66.9835 32.8339 146.196
12209000 45.5691 67.7369 33.7569 147.063
12210000 46.8992 67.3665 34.3741 148.64
12211000 47.4237 66.2984 35.2176 148.94
12212000 47.8585 63.9541 36.2915 148.104
12213000 46.7739 61.3492 37.0872 145.21
12214000 46.5442 58.7432 37.2342 142.522
12215000 45.868 57.3178 35.9853 139.171
12216000 47.7912 56.2215 36.0056 140.018
12217000 50.8715 55.8572 34.839 141.568
12218000 52.3734 56.507 33.2883 142.169
12219000 52.2875 57.4453 33.2789 143.012
12220000 53.7577 56.295 33.6967 143.749
12221000 53.7578 55.0774 36.2218 145.057
12222000 54.165 55.9192 36.8164 146.901
12223000 53.5778 55.3204 37.8401 146.738
12224000 51.9363 55.7769 38.4939 146.207
12225000 53.8973 55.7419 37.7713 147.41
12226000 54.5268 54.7113 37.8688 147.107
12227000 53.9052 55.2361 36.6744 145.816
12228000 53.3782 54.108 36.9542 144.44
12229000 52.1308 54.0416 36.9583 143.131
12230000 52.6499 54.9092 38.4524 146.012
12231000 54.3553 53.1115 38.7246 146.191
12232000 54.6843 51.7869 38.7136 145.185
12233000 54.1531 51.5321 37.9667 143.652
12234000 54.3355 51.3817 37.5856 143.303
12235000 55.9523 51.5705 37.0681 144.591
12236000 53.7314 51.6598 37.5713 142.963
12237000 52.9321 50.5195 39.3902 142.842
12238000 53.2698 48.7956 39.8222 141.888
12239000 53.396 48.9973 39.2728 141.666
12240000 56.0889 50.6446 37.0244 143.758
12241000 56.2853 50.122 37.8274 144.235
12242000 56.5057 51.5036 37.3423 145.352
12243000 57.2057 53.0804 36.5439 146.83
12244000 58.316 53.0393 36.4224 147.778
12245000 57.0494 52.6822 35.3055 145.037
12246000 54.6807 50.7277 33.7333 139.142
12247000 53.5738 49.196 32.9642 135.734
12248000 54.6812 47.6204 31.627 133.929
12249000 53.4852 47.9056 30.3763 131.767
12250000 53.394 45.6768 30.0647 129.135
12251000 54.0363 43.5028 29.6975 127.237
12252000 55.3736 43.2917 29.4089 128.074
12253000 56.2471 41.8006 29.1428 127.191
12254000 55.8451 42.7389 29.4442 128.028
12255000 53.6076 43.1925 28.8791 125.679
12256000 53.4332 43.5619 30.0351 127.03
12257000 53.8702 44.7025 29.2711 127.844
12258000 53.889 44.7942 28.2153 126.898
12259000 53.0402 46.7903 27.0114 126.842
12260000 52.9433 47.2245 27.0329 127.201
12261000 52.8735 47.0077 27.3968 127.278
12262000 52.0461 47.031 26.6388 125.716
12263000 52.4577 47.8929 27.2744 127.625
12264000 52.8866 47.5133 27.8134 128.213
12265000 53.4795 47.5241 28.2388 129.242
12266000 54.3634 46.7861 28.0754 129.225
12267000 52.9753 47.2047 27.8151 127.995
12268000 54.0293 47.7153 28.3487 130.093
12269000 55.8258 47.6409 28.4595 131.926
12270000 57.7869 47.1457 28.0979 133.03
12271000 56.2428 46.8263 29.4221 132.491
12272000 54.3412 47.4738 29.4641 131.279
12273000 53.3431 50.5106 28.7927 132.646
12274000 52.8183 51.7931 28.36 132.971
12275000 52.4823 52.7929 28.6305 133.906
12276000 52.99 52.2806 28.6864 133.957
12277000 55.3314 50.6804 28.4188 134.431
12278000 55.9973 51.3074 27.9654 135.27
12279000 54.5779 51.5535 28.5708 134.702
12280000 54.5781 51.0326 27.6733 133.284
12281000 55.4132 50.4886 26.9226 132.824
12282000 54.8367 50.8982 25.7615 131.496
12283000 55.4741 50.3148 25.6109 131.4
12284000 56.2407 50.4478 26.1522 132.841
12285000 56.743 49.7293 25.1979 131.67
12286000 58.1514 47.9012 23.9148 129.967
12287000 59.0155 46.9483 24.2699 130.234
12288000 58.1376 46.7033 25.2505 130.091
12289000 57.6727 47.4592 24.8571 129.989
12290000 58.7135 46.4741 25.4285 130.616
12291000 57.4152 48.4974 24.2357 130.148
12292000 58.1411 48.4221 23.6233 130.187
12293000 57.8128 47.6568 22.8087 128.278
12294000 59.4536 49.0386 23.1602 131.652
12295000 59.7784 49.9943 23.5076 133.28
12296000 60.8584 50.1671 24.1141 135.14
12297000 61.402 50.3403 24.1226 135.865
12298000 59.4658 48.416 24.2399 132.122
12299000 59.6805 46.797 25.1231 131.601
12300000 57.9731 46.2329 25.0192 129.225
12301000 56.859 47.4711 25.54 129.87
12302000 55.6857 48.1118 27.051 130.849
12303000 56.2463 51.4354 27.5769 135.259
12304000 57.2977 51.6958 26.8008 135.794
12305000 58.8795 51.2946 26.2241 136.398
12306000 59.0354 50.4219 25.8667 135.324
12307000 58.9706 48.1879 25.3222 132.481
12308000 59.4509 49.4048 25.6325 134.488
12309000 58.076 50.0154 26.1675 134.259
12310000 58.0333 49.7918 26.4814 134.306
12311000 58.2069 51.5952 27.0054 136.808
12312000 60.7673 52.282 26.7719 139.821
12313000 61.6714 52.1643 26.9598 140.796
12314000 60.7566 52.3985 26.238 139.393
12315000 59.889 53.1901 25.6074 138.687
12316000 57.6166 54.0563 26.8123 138.485
12317000 56.4183 52.5589 27.2202 136.197
12318000 56.0911 54.2955 27.4613 137.848
12319000 54.9867 55.4825 26.8769 137.346
12320000 53.854 54.5829 27.2278 135.665
12321000 53.9877 53.3943 27.0872 134.469
12322000 55.4448 53.5941 27.1142 136.153
12323000 55.7341 52.8371 27.8886 136.46
12324000 55.7472 54.1869 28.5601 138.494
12325000 56.0084 53.4539 29.335 138.797
12326000 57.0908 52.8284 30.1009 140.02
12327000 54.8914 51.5256 30.0238 136.441
12328000 54.8912 51.6985 29.5736 136.163
12329000 53.1015 50.5861 28.4836 132.171
12330000 52.8755 51.1811 28.5649 132.622
12331000 52.8942 49.8709 29.3409 132.106
12332000 51.6984 48.3999 31.2503 131.349
12333000 51.9165 49.1227 31.7008 132.74
12334000 54.0071 50.1039 30.9635 135.075
12335000 54.4384 50.9649 29.1121 134.515
12336000 54.0933 52.0168 30.2471 136.357
12337000 56.4739 51.9599 30.7151 139.149
12338000 57.605 51.112 30.9857 139.703
12339000 60.2428 51.1503 30.0528 141.446
12340000 60.8621 52.1173 29.5036 142.483
12341000 61.8387 51.8749 29.2348 142.948
12342000 64.8003 50.917 29.9771 145.694
12343000 65.2091 49.0242 30.9029 145.136
12344000 61.1647 48.5961 31.2365 140.997
12345000 58.8586 48.7107 32.2199 139.789
12346000 59.3833 48.8648 33.185 141.433
12347000 57.7899 48.7164 32.5645 139.071
12348000 57.5277 48.8159 32.489 138.833
12349000 58.2737 49.8383 32.6791 140.791
12350000 59.9802 48.797 34.3869 143.164
12351000 59.5447 47.253 34.2544 141.052
12352000 58.8819 46.6171 34.2745 139.773
12353000 58.9273 47.7217 34.0237 140.673
12354000 60.3303 46.6109 34.375 141.316
12355000 60.6031 47.9631 35.7529 144.319
12356000 60.6326 47.2279 35.35 143.211
12357000 62.7639 46.407 35.4968 144.668
12358000 61.2262 47.5191 34.7393 143.485
12359000 58.4325 47.0974 34.3427 139.873
12360000 57.479 46.989 33.905 138.373
12361000 56.9525 46.5262 33.805 137.284
12362000 56.0716 45.8424 33.2841 135.198
12363000 53.8561 45.8394 32.1918 131.887
12364000 54.6067 47.5898 30.5777 132.774
12365000 55.5619 47.901 29.8063 133.269
12366000 56.6504 46.8937 29.6263 133.17
12367000 54.6153 47.564 29.2659 131.445
12368000 52.2986 47.9431 28.7812 129.023
12369000 52.8462 47.7951 28.6725 129.314
12370000 54.4496 48.738 27.3059 130.493
12371000 54.1775 48.8354 27.6337 130.647
12372000 54.3735 47.8977 27.9074 130.179
12373000 53.2867 47.9039 28.4012 129.592
12374000 53.9794 47.8985 29.5325 131.41
12375000 55.103 49.0531 30.6404 134.796
12376000 55.6409 48.7366 30.7736 135.151
12377000 55.5135 50.1007 32.4968 138.111
12378000 53.6851 49.7592 33.0263 136.471
12379000 52.5333 51.1284 34.2775 137.939
12380000 53.827 51.4852 34.9455 140.258
12381000 52.3443 52.3975 32.8668 137.609
12382000 53.4358 53.7366 32.5964 139.769
12383000 52.5771 53.4029 32.9648 138.945
12384000 50.7483 53.2148 33.4969 137.46
12385000 49.0065 51.2345 32.0983 132.339
12386000 48.9694 49.2883 32.0401 130.298
12387000 48.8157 49.1942 32.09 130.1
12388000 49.8768 49.5709 31.8791 131.327
12389000 50.6998 47.3505 33.1369 131.187
12390000 50.403 46.7494 33.1173 130.27
12391000 48.8096 48.5159 33.3746 130.7
12392000 49.1964 49.1535 33.4952 131.845
12393000 49.731 46.6965 33.4239 129.851
12394000 50.235 45.2633 33.9192 129.418
12395000 51.6618 44.4003 35.1797 131.242
12396000 51.4164 43.7792 34.6286 129.824
12397000 51.9737 43.328 34.3758 129.678
12398000 53.0658 41.3403 33.6118 128.018
12399000 55.1158 40.7137 34.1207 129.95
12400000 54.5446 41.2285 34.4632 130.236
12401000 53.559 41.1906 33.4268 128.176
12402000 54.2277 40.7192 32.1688 127.116
12403000 52.4515 42.1937 31.3052 125.95
12404000 50.4034 41.269 31.2411 122.914
12405000 47.1541 41.0035 32.2591 120.417
12406000 45.1126 40.9178 31.7087 117.739
12407000 46.3673 40.8371 31.3682 118.573
12408000 47.2838 40.0515 32.0444 119.38
12409000 47.1185 40.3629 32.7895 120.271
12410000 47.193 40.154 33.2969 120.644
12411000 46.8725 39.8661 33.7899 120.529
12412000 46.781 38.1215 34.2948 119.197
12413000 47.667 36.3277 34.2823 118.277
12414000 47.4785 35.8271 34.3413 117.647
12415000 48.1215 35.6465 33.15 116.918
12416000 48.6938 35.3465 32.3479 116.388
12417000 48.7512 35.4169 33.9544 118.122
12418000 48.8539 35.5634 33.5229 117.94
12419000 48.9959 36.6472 34.3241 119.967
12420000 50.332 37.3584 33.5912 121.282
12421000 52.1407 37.3215 33.9725 123.435
12422000 54.2561 38.3419 33.3277 125.926
12423000 55.1335 37.3935 31.9134 124.44
12424000 55.5996 35.7887 32.1389 123.527
12425000 55.3432 34.8813 31.9273 122.152
12426000 56.277 35.1122 32.1626 123.552
12427000 57.687 35.2332 33.4557 126.376
12428000 58.5601 35.151 33.6105 127.322
12429000 59.5041 35.6117 34.3045 129.42
12430000 60.6535 34.8812 35.2496 130.784
12431000 58.9902 34.7693 34.7112 128.471
12432000 57.9766 33.802 34.967 126.746
12433000 59.4191 33.8791 35.4742 128.772
12434000 60.7929 33.4825 35.5161 129.792
12435000 61.253 33.5769 34.8764 129.706
12436000 61.9011 32.9845 34.8046 129.69
12437000 61.4585 31.9976 33.9509 127.407
12438000 60.9241 32.1003 33.2173 126.242
12439000 59.255 32.7988 33.2393 125.293
12440000 58.901 33.1053 32.0872 124.093
12441000 60.2685 32.5519 31.449 124.269
12442000 60.6369 33.0049 31.3555 124.997
12443000 60.8911 33.6057 30.818 125.315
12444000 61.173 34.5841 29.7136 125.471
12445000 62.1416 35.0669 29.5673 126.776
12446000 62.655 35.2506 29.2664 127.172
12447000 61.3153 34.8436 28.8444 125.003
12448000 60.5316 35.3484 28.0256 123.906
12449000 60.7034 35.2789 28.2011 124.183
12450000 59.4682 34.4614 27.2984 121.228
12451000 58.2896 34.3661 26.743 119.399
12452000 58.2139 34.4051 27.3543 119.973
12453000 58.0856 35.4902 27.49 121.066
12454000 57.4128 35.9741 27.5043 120.891
12455000 59.2529 36.2793 27.9891 123.521
12456000 60.3417 36.9857 28.8705 126.198
12457000 60.4649 37.0524 29.6634 127.181
12458000 59.4898 37.3273 31.1659 127.983
12459000 58.0505 36.5515 31.4834 126.085
12460000 54.7612 36.2268 30.8856 121.874
12461000 56.3066 36.4624 31.0702 123.839
12462000 56.1224 37.3409 30.445 123.908
12463000 56.0468 38.6058 30.2566 124.909
12464000 55.4339 38.7338 29.9561 124.124
12465000 53.9639 39.5366 29.1369 122.637
12466000 55.5501 39.0799 28.1248 122.755
12467000 55.7733 40.2999 28.6448 124.718
12468000 55.5784 39.5566 28.6335 123.769
12469000 57.3994 38.5797 30.0942 126.073
12470000 57.3176 38.7742 30.3425 126.434
12471000 56.4124 39.1532 29.7746 125.34
12472000 58.2389 38.7683 29.2607 126.268
12473000 56.6774 38.3707 28.2289 123.277
12474000 56.6137 38.5344 28.1468 123.295
12475000 57.3299 37.8909 26.8191 122.04
12476000 57.0248 38.2117 26.9005 122.137
12477000 57.7576 37.7032 26.8138 122.275
12478000 57.2769 37.5809 26.564 121.422
12479000 57.5134 36.441 26.4677 120.422
12480000 57.6161 35.6751 27.0107 120.302
12481000 57.0756 35.707 26.3277 119.11
12482000 57.1375 35.8969 26.4758 119.51
12483000 56.7274 36.4922 26.4713 119.691
12484000 58.4978 37.3769 25.2239 121.099
12485000 58.2619 36.9324 24.8523 120.047
12486000 56.8857 36.7155 24.5462 118.147
12487000 57.7754 37.5407 25.5 120.816
12488000 57.9155 37.7943 26.2311 121.941
12489000 58.224 38.5143 27.097 123.835
12490000 57.664 39.5902 26.8744 124.129
12491000 57.8445 40.5597 27.6409 126.045
12492000 58.0871 41.9191 27.9861 127.992
12493000 57.7841 42.3411 27.5352 127.66
12494000 57.2691 42.7469 27.0854 127.101
12495000 58.3126 42.5964 27.0662 127.975
12496000 57.9201 44.1016 27.4241 129.446
12497000 55.8811 45.3921 28.2816 129.555
12498000 56.4517 45.866 28.3682 130.686
12499000 54.8021 46.0773 27.5445 128.424
12500000 54.2927 47.2855 27.7714 129.35
12501000 54.9515 48.6239 27.3723 130.948
12502000 54.6513 50.9192 27.1368 132.707
12503000 55.874 50.5048 26.9622 133.341
12504000 55.447 50.5703 26.9281 132.945
12505000 54.5441 51.301 26.2464 132.092
12506000 55.6039 52.9595 26.9746 135.538
12507000 55.3908 53.8178 27.6334 136.842
12508000 54.6024 54.2414 26.3158 135.16
12509000 51.6933 54.7288 25.8855 132.308
12510000 50.8216 54.7552 26.0743 131.651
12511000 51.0993 53.4974 26.3744 130.971
12512000 52.7182 52.7086 26.727 132.154
12513000 51.7579 54.0843 27.3085 133.151
12514000 50.62 55.522 25.8639 132.006
12515000 49.6983 56.3608 25.5558 131.615
12516000 49.317 56.2969 24.3668 129.981
12517000 49.2849 55.6359 23.1767 128.098
12518000 48.6474 55.0705 23.5866 127.305
12519000 48.817 54.6199 24.2794 127.716
12520000 49.0964 52.7733 23.5154 125.385
12521000 49.2472 51.4966 23.7397 124.484
12522000 49.0784 50.1844 24.117 123.38
12523000 49.7461 49.2421 24.0912 123.079
12524000 50.0113 49.3191 22.6666 121.997
12525000 51.4905 48.6104 23.5668 123.668
12526000 50.2189 48.5881 24.0501 122.857
12527000 49.8806 46.9486 24.128 120.957
12528000 50.4679 47.2482 24.3426 122.059
12529000 50.1371 47.3081 24.5652 122.01
12530000 50.0813 46.327 23.8235 120.232
12531000 50.4462 45.8627 23.6532 119.962
12532000 50.0223 45.9231 23.9341 119.88
12533000 47.3438 45.8953 23.7963 117.035
12534000 47.2171 47.1387 25.0169 119.373
12535000 46.4762 46.2357 25.3211 118.033
12536000 45.2883 44.914 24.9494 115.152
12537000 45.5621 44.7461 25.0284 115.337
12538000 45.4863 44.6512 25.5574 115.695
12539000 46.8992 45.7987 25.6567 118.355
12540000 47.7104 45.6747 25.5809 118.966
12541000 48.0469 45.5052 25.2042 118.756
12542000 47.4719 46.4678 23.9589 117.899
12543000 48.2952 48.4741 23.9609 120.73
12544000 46.5212 47.7123 24.0734 118.307
12545000 45.0287 48.7566 24.6922 118.478
12546000 44.5979 48.7348 24.8755 118.208
12547000 45.298 48.4231 25.2422 118.963
12548000 45.264 46.0243 25.4635 116.752
12549000 46.2569 46.3446 26.498 119.099
12550000 46.5719 46.0716 27.433 120.076
12551000 46.0082 46.8834 28.2381 121.13
12552000 47.5747 46.8254 28.0087 122.409
12553000 47.4302 46.3768 27.9509 121.758
12554000 47.3219 46.6992 27.3404 121.361
12555000 47.0514 46.5754 27.586 121.213
12556000 45.6423 46.0176 26.9923 118.652
12557000 46.1074 46.5926 26.723 119.423
12558000 45.8103 46.8906 27.4286 120.129
12559000 45.3967 45.245 27.1849 117.827
12560000 45.8066 43.7277 26.9791 116.513
12561000 44.4142 45.5053 27.4081 117.328
12562000 44.647 46.8396 27.4629 118.949
12563000 45.1716 47.8564 27.8279 120.856
12564000 45.8635 47.5377 27.7646 121.166
12565000 47.7335 47.9131 27.4522 123.099
12566000 47.3043 47.9968 27.0653 122.366
12567000 48.0029 48.3402 27.5217 123.865
12568000 48.8229 49.2181 27.8151 125.856
12569000 50.8688 48.4334 26.983 126.285
12570000 50.6397 48.6982 26.5294 125.867
12571000 50.4764 49.5542 26.6601 126.691
12572000 47.9487 50.5468 26.707 125.202
12573000 46.5783 50.8826 26.7953 124.256
12574000 47.1551 52.5111 27.1157 126.782
12575000 46.1103 51.1957 26.9008 124.207
12576000 46.0172 50.9783 27.6451 124.641
12577000 46.0496 51.7501 27.7688 125.569
12578000 47.8264 51.3362 28.1332 127.296
12579000 47.2375 51.8672 29.2558 128.36
12580000 46.7214 54.4324 28.8324 129.986
12581000 48.2807 54.46 29.4435 132.184
12582000 46.3136 55.2287 29.6045 131.147
12583000 46.0643 57.5575 30.3326 133.954
12584000 45.2685 57.5319 31.4157 134.216
12585000 46.3613 57.3113 31.6848 135.357
12586000 44.8476 56.6792 31.2877 132.814
12587000 45.3428 56.131 30.741 132.215
12588000 46.8417 53.7529 31.029 131.624
12589000 47.2785 51.9352 30.8677 130.081
12590000 46.0438 52.2914 30.5686 128.904
12591000 45.5889 51.5498 30.2609 127.4
12592000 45.8164 51.9039 29.8332 127.553
12593000 44.4938 50.271 31.0365 125.801
12594000 43.1247 50.9411 31.8675 125.933
12595000 42.0453 49.6645 31.1301 122.84
12596000 41.8078 50.8152 29.9298 122.553
12597000 42.4772 51.3435 29.3554 123.176
12598000 41.6213 51.4905 28.8546 121.966
12599000 42.0475 49.7954 29.8059 121.649
12600000 42.3287 49.2933 29.255 120.877
12601000 42.1255 50.0431 28.8843 121.053
12602000 40.5657 49.0717 28.4383 118.076
12603000 39.2825 48.9307 27.8382 116.051
12604000 38.1177 47.1208 26.8163 112.055
12605000 37.1858 47.382 26.3884 110.956
12606000 36.7906 47.7389 25.9467 110.476
12607000 36.245 47.3901 26.7316 110.367
12608000 37.2338 46.2055 26.6921 110.131
12609000 37.951 47.6162 25.6391 111.206
12610000 37.8576 48.3718 26.0705 112.3
12611000 36.3564 50.2832 25.8499 112.49
12612000 36.2818 51.6853 25.449 113.416
12613000 35.3801 50.0884 24.7542 110.223
12614000 35.5769 51.4167 25.9964 112.99
12615000 36.6422 53.0366 26.7239 116.403
12616000 36.9965 53.5193 25.7498 116.266
12617000 35.4488 52.8943 25.0068 113.35
12618000 36.2466 52.8966 24.6507 113.794
12619000 36.228 53.1411 24.7712 114.14
12620000 36.916 52.8886 24.6206 114.425
12621000 37.9202 52.589 24.8596 115.369
12622000 37.443 52.1338 25.6778 115.255
12623000 37.9235 52.5506 27.0399 117.514
12624000 37.7847 52.4972 27.2792 117.561
12625000 36.8845 52.392 28.2614 117.538
12626000 35.3579 53.0197 28.6956 117.073
12627000 36.0024 52.1084 29.2281 117.339
12628000 36.3782 51.2636 29.1969 116.839
12629000 35.4827 51.6726 30.5468 117.702
12630000 36.0642 51.71 28.7164 116.491
12631000 36.0974 50.8318 29.1292 116.058
12632000 34.489 52.0674 28.8859 115.442
12633000 34.2568 52.5824 28.4583 115.298
12634000 34.3583 51.1847 27.6458 113.189
12635000 33.4625 51.6039 26.8664 111.933
12636000 32.5747 52.8971 26.6223 112.094
12637000 31.349 52.4541 26.3574 110.161
12638000 30.9471 53.5425 25.78 110.27
12639000 31.2723 52.1558 24.8068 108.235
12640000 32.1257 51.6529 25.3408 109.119
12641000 31.9539 53.1943 26.8351 111.983
12642000 32.3892 53.9194 28.2298 114.538
12643000 32.0528 54.8122 27.4469 114.312
12644000 32.8118 55.3771 27.2531 115.442
12645000 33.2356 54.8197 26.9837 115.039
12646000 33.9613 56.4945 28.1591 118.615
12647000 33.3074 56.5926 28.088 117.988
12648000 34.5268 57.8252 27.8429 120.195
12649000 34.9135 58.7684 27.2107 120.893
12650000 36.0405 59.5081 27.3306 122.879
12651000 36.2196 59.5612 26.8227 122.603
12652000 34.7973 59.5643 26.4055 120.767
12653000 34.782 60.6674 26.8243 122.274
12654000 34.3766 60.9248 25.9113 121.213
12655000 34.7872 58.796 25.2151 118.798
12656000 34.9821 58.8417 24.7126 118.536
12657000 36.7781 56.9974 25.0044 118.78
12658000 36.2667 57.177 25.3746 118.818
12659000 36.6861 56.4423 25.2991 118.428
12660000 36.8211 57.5311 26.2877 120.64
12661000 36.8353 58.8574 25.2417 120.934
12662000 37.1737 58.4449 25.2524 120.871
12663000 36.2862 58.7845 25.607 120.678
12664000 37.6787 58.7652 24.6203 121.064
12665000 37.0562 56.9061 26.1352 120.098
12666000 37.5738 59.1823 26.195 122.951
12667000 35.2454 58.0402 25.2378 118.523
12668000 35.9947 59.1289 25.3548 120.478
12669000 35.6508 59.0256 23.8766 118.553
12670000 34.9769 57.8548 22.8021 115.634
12671000 34.4586 57.5221 22.5581 114.539
12672000 35.0118 55.5453 23.2055 113.763
12673000 35.5442 58.5142 23.9661 118.024
12674000 36.4583 58.6088 24.9941 120.061
12675000 35.5782 59.2895 25.3017 120.169
12676000 35.2535 58.4356 24.3091 117.998
12677000 35.5913 58.118 23.9603 117.67
12678000 34.9656 56.9996 24.613 116.578
12679000 34.4938 56.9661 24.0014 115.461
12680000 35.8185 58.7188 23.6858 118.223
12681000 36.7841 60.8124 24.3818 121.978
12682000 37.4092 60.3762 25.4328 123.218
12683000 35.5607 57.7409 25.3315 118.633
12684000 34.0112 59.2858 25.096 118.393
12685000 35.0789 60.0013 24.9294 120.01
12686000 34.8915 59.1417 24.6787 118.712
12687000 34.2299 57.9109 24.3621 116.503
12688000 34.5031 58.8467 23.9748 117.325
12689000 34.1763 58.1707 23.6026 115.95
12690000 34.6225 58.1678 24.0375 116.828
12691000 35.1439 58.3712 23.3247 116.84
12692000 34.0498 58.5174 23.3191 115.886
12693000 33.5707 59.7126 23.646 116.929
12694000 33.1796 58.109 23.5605 114.849
12695000 33.3103 58.0014 23.5187 114.83
12696000 33.504 58.7038 23.9348 116.143
12697000 33.877 60.9774 23.7633 118.618
12698000 35.8179 61.2349 23.6565 120.709
12699000 36.1668 60.7588 23.9066 120.832
12700000 35.5594 61.9935 24.7175 122.27
12701000 34.601 62.5553 24.7787 121.935
12702000 34.8262 62.5176 25.5665 122.91
12703000 35.7616 62.2151 26.0649 124.042
12704000 34.7158 63.0739 26.2781 124.068
12705000 34.5406 65.2785 26.2807 126.1
12706000 34.3196 68.0494 25.0159 127.385
12707000 35.9194 67.2945 24.5517 127.766
12708000 35.7792 66.5629 23.6501 125.992
12709000 36.6695 69.5831 23.6533 129.906
12710000 36.0378 68.4941 23.5151 128.047
12711000 35.6629 68.6087 24.6706 128.942
12712000 35.9685 68.3889 23.7823 128.14
12713000 34.9306 69.4215 23.0138 127.366
12714000 33.7594 68.3541 22.7875 124.901
12715000 33.28 69.1586 22.3856 124.824
12716000 33.003 68.5451 22.3546 123.903
12717000 33.8895 68.3444 23.3978 125.632
12718000 33.4676 68.7002 23.6333 125.801
12719000 33.0678 69.7915 23.8083 126.668
12720000 35.1533 69.3061 23.3354 127.795
12721000 34.7323 68.1605 23.9443 126.837
12722000 35.2341 66.1186 24.5939 125.947
12723000 35.5822 63.882 24.9424 124.407
12724000 35.729 65.2348 25.4835 126.447
12725000 35.1352 65.3347 25.7687 126.239
12726000 35.4208 64.722 26.4165 126.559
12727000 36.2778 65.5583 26.6383 128.474
12728000 37.496 65.4326 25.8759 128.804
12729000 37.293 66.741 26.8277 130.862
12730000 36.9703 67.151 26.3327 130.454
12731000 36.1802 68.4672 26.3993 131.047
12732000 36.1388 70.0032 26.819 132.961
12733000 36.523 69.906 27.5685 133.997
12734000 36.203 71.0265 27.4413 134.671
12735000 36.8911 71.5478 26.2802 134.719
12736000 38.564 73.4106 26.0959 138.071
12737000 38.1081 73.5774 25.4843 137.17
12738000 37.9642 74.0759 24.9633 137.003
12739000 36.6961 74.9414 25.46 137.097
12740000 37.8699 75.5147 26.161 139.545
12741000 38.5464 73.062 25.6147 137.223
12742000 39.0968 73.2556 25.6544 138.007
12743000 39.8798 72.7364 25.3754 137.992
12744000 39.4302 74.1875 25.8395 139.457
12745000 39.0153 74.7876 26.2323 140.035
12746000 39.8375 72.8603 26.8405 139.538
12747000 39.7856 72.5147 27.2308 139.531
12748000 39.9488 73.9952 27.5351 141.479
12749000 39.8912 75.1563 27.8939 142.941
12750000 40.8757 73.9341 27.8125 142.622
12751000 41.1571 73.5686 27.1122 141.838
12752000 41.1004 71.3361 26.8979 139.334
12753000 40.9546 68.2937 26.0035 135.252
12754000 39.9081 65.8128 26.4417 132.163
12755000 40.1203 64.2357 26.4559 130.812
12756000 39.0733 65.0434 26.6703 130.787
12757000 37.778 63.6686 26.9847 128.431
12758000 36.7424 65.0569 28.1065 129.906
12759000 36.2856 62.6358 27.5885 126.51
12760000 35.3117 63.0774 27.4565 125.846
12761000 35.7532 63.6591 27.0574 126.47
12762000 35.3503 64.7908 26.8672 127.008
12763000 33.8074 67.664 26.7577 128.229
12764000 34.4837 68.0219 26.6049 129.111
12765000 34.2086 70.112 26.9769 131.298
12766000 34.2489 70.0758 27.7551 132.08
12767000 33.8805 73.9241 29.0967 136.901
12768000 36.1057 75.3449 30.208 141.659
12769000 36.1971 77.5823 29.4089 143.188
12770000 36.7303 77.4506 28.3663 142.547
12771000 35.9591 75.0385 28.6867 139.684
12772000 34.357 73.8618 29.4704 137.689
12773000 33.7299 73.1837 28.6538 135.567
12774000 34.5546 73.4392 28.2473 136.241
12775000 35.6205 76.4462 27.7783 139.845
12776000 35.1635 77.6876 27.3657 140.217
12777000 36.1439 75.4733 26.582 138.199
12778000 36.4768 73.6808 26.4287 136.586
12779000 37.5475 74.5641 26.5485 138.66
12780000 38.7059 72.5564 25.7938 137.056
12781000 39.4401 70.8978 25.3126 135.651
12782000 39.6241 69.407 23.8542 132.885
12783000 41.33 70.5921 23.9117 135.834
12784000 42.3031 72.5228 24.5129 139.339
12785000 42.8478 71.8003 25.1297 139.778
12786000 43.8983 69.2927 25.6613 138.852
12787000 45.4754 68.4587 25.1308 139.065
12788000 44.6012 65.2202 24.4965 134.318
12789000 44.2965 64.2838 24.6955 133.276
12790000 44.3088 65.7615 24.7152 134.786
12791000 41.9556 66.8066 24.9747 133.737
12792000 40.9418 66.3807 24.628 131.951
12793000 40.4684 66.642 25.1736 132.284
12794000 42.4275 66.789 25.5213 134.738
12795000 42.4009 66.0012 25.305 133.707
12796000 43.8077 68.2599 25.7904 137.858
12797000 43.5992 67.5449 25.3641 136.508
12798000 43.3025 65.2241 25.3193 133.846
12799000 42.7252 62.034 24.5229 129.282
12800000 41.5649 60.4727 24.6726 126.71
12801000 42.4474 60.1624 25.1296 127.739
12802000 42.1064 60.5614 26.8595 129.527
12803000 41.6939 59.2402 27.1628 128.097
12804000 42.103 59.3697 28.1894 129.662
12805000 40.6774 58.8277 27.7827 127.288
12806000 41.0756 60.11 27.1318 128.317
12807000 42.2611 60.4962 27.1661 129.923
12808000 42.5364 61.8263 26.3147 130.677
12809000 41.7117 64.042 26.8017 132.555
12810000 41.0709 65.2017 26.3349 132.607
12811000 42.3441 65.4728 25.5875 133.404
12812000 44.1119 64.3482 25.5034 133.964
12813000 44.1692 65.2138 25.2852 134.668
12814000 46.0487 64.8868 26.2128 137.148
12815000 45.4407 61.0543 26.6017 133.097
12816000 45.3295 60.9962 26.977 133.303
12817000 44.8986 59.7148 27.0294 131.643
12818000 45.6454 60.7866 27.165 133.597
12819000 46.4668 61.4202 27.7138 135.601
12820000 45.0468 61.0877 27.6639 133.798
12821000 43.8794 60.5505 27.5157 131.946
12822000 42.7758 59.8145 27.3491 129.939
12823000 41.275 58.5367 27.2007 127.012
12824000 40.848 59.082 26.8825 126.813
12825000 42.1027 59.8483 27.8701 129.821
12826000 41.2711 57.6051 27.2641 126.14
12827000 41.4311 54.577 27.493 123.501
12828000 41.8764 54.6369 27.2043 123.718
12829000 42.9693 54.9776 26.5097 124.457
12830000 41.319 55.9969 26.1419 123.458
12831000 40.8565 55.7028 25.9385 122.498
12832000 40.5094 55.6133 25.9614 122.084
12833000 40.0869 56.4868 25.8633 122.437
12834000 41.7594 56.6965 25.4688 123.925
12835000 43.1342 58.1079 25.3744 126.616
12836000 42.5802 59.1902 24.8239 126.594
12837000 42.9404 59.9145 25.2598 128.115
12838000 42.2426 57.9237 26.0751 126.241
12839000 41.499 57.692 26.4319 125.623
12840000 42.081 56.886 25.7572 124.724
12841000 41.5555 56.7638 25.8182 124.138
12842000 40.6069 57.31 26.3966 124.313
12843000 40.5461 57.8646 26.6464 125.057
12844000 42.9312 56.8147 27.1055 126.851
12845000 42.9866 57.9155 26.3925 127.295
12846000 42.4964 58.9864 26.3008 127.784
12847000 44.193 59.3339 25.8976 129.425
12848000 44.5729 59.5647 26.0006 130.138
12849000 44.4958 59.5647 26.3881 130.449
12850000 43.1814 61.4602 25.5932 130.235
12851000 42.965 63.8128 25.7508 132.529
12852000 43.9642 62.8432 24.838 131.645
12853000 41.5616 61.8452 24.2427 127.649
12854000 40.1061 62.612 24.28 126.998
12855000 41.8793 62.5225 25.0869 129.489
