sc_r,sc_eps,oc_r,oc_eps,ocx_r,ocx_eps,sos_ktheta,oso_ktheta,D_11,D_11H,D_14,SE_T11,SE_T11H,SE_T14,BM_T11,BM_T11H,BM_T14,error_D_11,error_D_11H,error_D_14,error_SE_T11,error_SE_T11H,error_SE_T14,error_BM_T11,error_BM_T11H,error_BM_T14
4.5,0.22,3.45,0.06,3.45,0.06,100.0,100.0,2.5137647690387017,2.58420479400749,2.4370994506866417,569.725976454273,276.528731454333,532.9091463343632,65.90461087495572,52.887027583621645,41.5292766058404,2.1855597170203964,8.12572359863975,9.286970882809044,16.216768168489264,14.914236475589844,16.077299789864067,7.176604401470814,4.449814663736868,11.63983700885021
4.5,0.22,3.5500000000000003,0.0849999999999999,3.5500000000000003,0.0849999999999999,100.0,100.0,2.4266431710362046,2.474423458177278,2.337677652933833,632.7867050001588,322.39781168290045,476.1072144020937,66.80657060467243,47.01063630526347,30.287951522483013,1.3559686570648506,3.5323622668317167,4.828594301965606,6.943131617623706,0.800673328338322,25.022485920930126,5.906238584968408,15.066601074501415,35.557549952163804
4.5,0.22,3.65,0.11,3.65,0.11,100.0,100.0,2.349953245942572,2.410498164794008,2.230710299625468,680.0414307194504,309.42003019708494,626.5823461110817,65.76740819039921,51.10372301286584,34.50643078443201,4.473445286887323,0.8576637989124551,0.031852001142071866,0.0060927528603576106,4.793836862435403,1.32561478565642,7.369847619156044,7.671683806927117,26.58206216078295
4.5,0.22,3.75,0.135,3.75,0.135,100.0,100.0,2.2783208489388262,2.332799887640449,2.1590263545568043,691.6866182368088,278.6849777570989,637.9286805961247,65.03935506255819,50.30607852507424,31.629645637863547,7.38533134395015,2.393310140566984,3.182674683551378,1.7186203289424764,14.250776074738793,0.46120954269679526,8.395274559777203,9.112775925791798,32.702881621566924
4.5,0.22,3.85,0.16,3.85,0.16,100.0,100.0,2.2107437453183523,2.2607251810237203,2.093800461922597,642.2640533138109,103.9195063926766,631.058222246367,65.63233398622022,48.60420198195399,34.06395248817515,10.132368076489744,5.408988241685346,6.107602604367849,5.549403924439573,68.02476726379182,0.62075240214693,7.560092977154624,12.187530294572737,27.5235053443082
4.575,0.265,3.45,0.06,3.45,0.06,100.0,100.0,2.4986391885143573,2.5609381523096126,2.4175805992509365,585.1139290925671,221.1996791286608,630.7449339528083,70.82586210725772,49.4223579284485,40.86295455676242,1.5706987200958262,7.152223946008891,8.411686065064417,13.953833956975426,31.93856026810437,0.6700891412900299,0.24526463766518322,10.709380436407413,13.057543496250174
4.575,0.265,3.5500000000000003,0.0849999999999999,3.5500000000000003,0.0849999999999999,100.0,100.0,2.415214669163545,2.471036217228465,2.3233464294631707,649.7600058595496,310.2506362495088,523.5911231911219,66.73574061199808,48.56106822768902,36.465209458161866,1.820541903920925,3.39063670411986,4.18593854094936,4.447057961830948,4.538265769381916,17.544705009272135,6.00599913803087,12.265459389902404,22.41444796135773
4.575,0.265,3.65,0.11,3.65,0.11,100.0,100.0,2.340435380774033,2.395252446941323,2.224879937578028,691.8962223478431,293.2013080066947,643.3663057208807,66.8670172580514,52.16528570618301,33.93142196711017,4.860350375039307,0.2197676544486651,0.22959921174761558,1.7494444629181103,9.78421292101701,1.3175284599812198,5.8211024534487255,5.753774695242978,27.805485176361344
4.575,0.265,3.75,0.135,3.75,0.135,100.0,100.0,2.2708705617977527,2.320722833957553,2.1554439950062423,699.1895189850886,237.56209266146288,620.9535229836304,66.25911997900738,48.32478282970207,36.35104948380646,7.688188544806799,2.8986261942446414,3.343318609585547,2.821988086042445,26.903971488780652,2.2120436246251396,6.677295804214958,12.692352611197702,22.657341523816033
4.575,0.265,3.85,0.16,3.85,0.16,100.0,100.0,2.204712684144819,2.2511891760299627,2.0916150436953806,645.4891773428378,77.8693174150576,617.8379169759062,63.789685763433326,46.46057927523971,34.765645598393434,10.377533164844763,5.807984266528762,6.205603421731809,5.0751209789944385,76.04021002613612,2.7026902400147743,10.155372164178413,16.060380713207394,26.030541280013967
4.65,0.31,3.45,0.06,3.45,0.06,100.0,100.0,2.4817418476903867,2.4658736079900128,2.361082509363296,605.538170564669,359.42636968678664,674.6502150649615,68.69664919996318,28.06971251440089,35.86910537726074,0.8838149467636904,3.1746279493729137,5.878139433331665,10.950269034607494,10.59272913439589,6.2441283566868435,3.2441560563898935,49.28687892610498,23.682754516466517
4.65,0.31,3.5500000000000003,0.0849999999999999,3.5500000000000003,0.0849999999999999,100.0,100.0,2.40175177278402,2.4157737453183525,2.306991061173533,662.278350833943,312.2886000448244,548.7866431241891,69.10672220377506,50.18896229747492,39.96194004810904,2.367814114470736,1.078399385705122,3.452513953970087,2.6061248773613204,3.911199986207871,13.576906594615883,2.6665884453872337,9.324368026242237,14.974595642321185
4.65,0.31,3.65,0.11,3.65,0.11,100.0,100.0,2.3292530212234706,2.378196154806492,2.210808177278402,701.0574274442808,373.2216147242051,668.199010166886,65.50608144554752,51.11414228356663,34.13061051307223,5.314917836444285,0.4938847361300451,0.8606198529864637,3.0966805065118894,14.837419915140032,5.228190577462355,7.7379134569753205,7.652859469617655,27.381679759420795
4.65,0.31,3.75,0.135,3.75,0.135,100.0,100.0,2.261760424469413,2.3066441573033702,2.142280449438202,702.6265631926973,240.99491387813148,652.1176456272134,66.33501153716219,49.05786480297921,33.54672561466283,8.05851933051166,3.487692163038907,3.9336121328160454,3.3274357636319545,25.847718806728775,2.6956922247580146,6.570406285687059,11.367904601663579,28.623988053908867
4.65,0.31,3.85,0.16,3.85,0.16,100.0,100.0,2.1970159675405743,2.238993782771536,2.08343252184769,643.6976991119926,106.20016836996308,613.5889444944048,67.39635024431524,49.08482376778018,31.31331250102897,10.69040782355389,6.318251766881351,6.572532652569949,5.338573660001085,67.32302511693445,3.371819764660659,5.075563036175713,11.319198251526327,33.37593084887453
4.725,0.355,3.45,0.06,3.45,0.06,100.0,100.0,2.4631122471910114,2.4965466916354555,2.3756841198501872,620.6563013362622,358.0376454324732,548.8499918600065,68.15844053312792,50.12081121632653,30.38216437840317,0.12651411345574964,4.458020570521145,6.532920172654137,8.727014509373202,10.165429363837907,13.566930415747004,4.002196432214204,9.447495544125513,35.35709706722729
4.725,0.355,3.5500000000000003,0.0849999999999999,3.5500000000000003,0.0849999999999999,100.0,100.0,2.3862651935081147,2.4277581897627964,2.290640836454432,675.5876328682419,309.6714900462903,651.3770413155925,66.95839348055561,48.7912673386232,35.223614538286164,2.997349857393709,1.5798405758492184,2.719320020378125,0.6488775193761853,4.716464601141454,2.5790616245027502,5.692403548513219,11.849562170509126,25.056139280242206
4.725,0.355,3.65,0.11,3.65,0.11,100.0,100.0,2.316520948813982,2.3560648689138577,2.185933920099876,707.9454122646007,353.73216216070745,699.5359020900183,68.2202655202014,46.90256446084673,34.896182312253686,5.832481755529178,1.4198799617632816,1.9760573946243851,4.109619450676572,8.840665280217676,10.163134187404463,3.915118985631839,15.26185282593183,25.752803590949604
4.725,0.355,3.75,0.135,3.75,0.135,100.0,100.0,2.250853108614232,2.2899426217228465,2.133034656679151,702.202722835554,333.1939380310193,674.8955474418912,66.67892179036437,50.79327896949869,37.69977962761634,8.501906153893005,4.186501183144505,4.348221673580675,3.2651062993461806,2.521211701852088,6.2827633766757724,6.086025647374126,8.232558320688915,19.787702919965238
4.725,0.355,3.85,0.16,3.85,0.16,100.0,100.0,2.1877247066167294,2.225199413233458,2.07819354556804,632.9557779295126,92.88331036275105,617.4797086696557,64.24881764084911,48.25370434959972,35.6931652597424,11.06810135704352,6.895422040441091,6.8074643243031465,6.918267951542268,71.42051988838429,2.7591009969046176,9.508707548099844,12.820769016079998,24.057095192037448
4.8,0.4,3.45,0.06,3.45,0.06,100.0,100.0,2.442170399500624,2.408901198501873,2.349936254681648,633.9343164589693,316.2769109632184,597.3325070847768,66.83219364460781,43.329583746665605,27.69868886163216,0.7247805081047104,0.7908451256013712,5.378307384827257,6.774365226622161,2.684027395932792,5.931888648066645,5.870149796327024,21.717102535382832,41.06661944333583
4.8,0.4,3.5500000000000003,0.0849999999999999,3.5500000000000003,0.0849999999999999,100.0,100.0,2.3688820474406995,2.375421697877653,2.232792297128589,684.9040144888702,333.42261754544273,663.6194724638628,70.11627593559466,42.56818997247748,33.75101230515749,3.7039818113536764,0.6099708000982151,0.1252151178739549,0.7211786013044396,2.591574629366995,4.507003537616197,1.244681780852595,23.092701043401128,28.189335520941516
4.8,0.4,3.65,0.11,3.65,0.11,100.0,100.0,2.301989113607989,2.289086129837703,2.159895093632959,709.0374381027989,336.0476130444694,695.5737266125498,67.57960979896171,28.230722617876346,31.14353697292838,6.423206763902882,4.22233766369444,3.143717774306778,4.270211485705719,3.3992655521444353,9.539169545283427,4.81745098737787,48.99598443021437,33.73715537674813
4.8,0.4,3.75,0.135,3.75,0.135,100.0,100.0,2.238298352059925,2.270954019975031,2.11310936329588,696.9649361270318,260.1409090866154,672.9697458726245,67.55952691522457,50.615543255129424,37.986653988578766,9.012262111385157,4.981003348325063,5.241732587628691,2.4948435480929145,19.956643357964488,5.979487538995977,4.845736739120329,8.553670722440067,19.177331939194115
4.8,0.4,3.85,0.16,3.85,0.16,100.0,100.0,2.17676961298377,2.2086921972534337,2.064736579275905,619.3176143066248,25.890726634206644,624.6208388906862,66.49896999622402,48.3725720044613,32.89170226160946,11.513430366513408,7.586100533329139,7.410915727537895,8.923880249025762,92.03362257409026,1.6345135605218626,6.339478878557719,12.60601263873298,30.017654762533066
4.2,0.04,3.15,0.0150749999999999,3.15,0.0150749999999999,100.0,100.0,2.913244556803995,3.0837834082397,2.7257080149812736,242.26182118314512,37.16261151235237,341.651250292184,69.06583442783003,46.19450701422738,32.623910750415945,18.4245754798372,29.028594487016736,22.229058967770115,64.37326159071395,88.56535030389158,46.19665349729386,2.724176862211231,16.541089405189915,30.587423935285226
4.2,0.04,3.25,0.0300499999999999,3.25,0.0300499999999999,100.0,100.0,2.757471835205992,2.9011209113607994,2.5469193133583024,346.7106764066366,198.6734327068229,358.5907022535694,68.08993005888351,52.902920525764216,33.26102579505718,12.092351024633828,21.38581219082842,14.211628401717595,49.01313582255344,38.86971301328526,43.52902326715442,4.098690057910549,4.421101127797264,29.231860010516638
4.2,0.04,3.35,0.0450249999999999,3.35,0.0450249999999999,100.0,100.0,2.646642983770287,2.762351672908864,2.499312459425718,427.21718358705664,290.0970493107657,404.3146679816629,65.26306153721514,50.49120024550979,29.88764352446361,7.587113161393781,15.57956790413656,12.07679190249857,37.17394359013873,10.739369442841316,36.328398743045206,8.08019501800685,8.778319339639049,36.40926909688594
4.2,0.04,3.45,0.06,3.45,0.06,100.0,100.0,2.555606941323346,2.560918127340824,2.491979825218477,499.13223828228433,251.00424250990667,422.777944988596,66.25609412871984,35.278596180721564,44.64160918324164,3.88646102940431,7.151386081206026,11.747974225043805,26.598200252605245,22.767925381567178,33.420796064788036,6.681557565183327,36.26269886048498,5.017852801613529
4.275,0.0849999999999999,3.15,0.0150749999999999,3.15,0.0150749999999999,100.0,100.0,2.8828579900124844,2.9570495255930087,2.7118740574282145,418.0988257398367,284.7436706395207,425.69659401765085,66.7195542860407,45.695719997519326,34.452007596160485,17.18934918749937,23.725921572929227,21.608702126825765,38.514878567671076,12.386562880147476,32.961166296432935,6.02879678022436,17.442240293551354,26.69785617838195
4.275,0.0849999999999999,3.25,0.0300499999999999,3.25,0.0300499999999999,100.0,100.0,2.7392846816479404,2.874746479400749,2.553920699126092,375.777323849509,263.335412954915,367.7117684181412,69.02571998038087,57.93205247811184,37.85190744924519,11.353035839347172,20.282279472834674,14.525591889062417,44.738628845660436,18.973719090795385,42.09263489478091,2.7806760839706053,4.664954793336659,19.46402670373364
4.275,0.0849999999999999,3.35,0.0450249999999999,3.35,0.0450249999999999,100.0,100.0,2.634371697877653,2.743739825218477,2.536236392009988,450.2967964769504,342.06424992423337,375.5266988293663,65.74303175487465,51.01217956455842,37.75027845366642,7.088280401530604,14.800829507049231,13.732573632734898,33.779882871036705,5.250538438225651,40.86193719222578,7.404180626937111,7.83707395743736,19.680258609220388
4.275,0.0849999999999999,3.45,0.06,3.45,0.06,100.0,100.0,2.547128589263421,2.5675233208489385,2.4405605493133584,517.804374671473,353.0102007818036,385.8225960948183,68.25897839739687,44.36763564734424,38.11455206023922,3.5418125716837823,7.427754010415833,9.442177099253742,23.852297842430435,8.618523317478024,39.24053604806011,3.8605938064832768,19.84167001383155,18.905208382469745
4.35,0.13,3.15,0.0150749999999999,3.15,0.0150749999999999,100.0,100.0,2.840794981273408,2.937279263420724,2.6690241198501874,546.5618270997124,219.19492451219725,534.5516062852058,61.06813260852539,47.1925532821107,40.01295008047137,15.479470783471875,22.898713950657903,19.687180262340245,19.623260720630523,32.55540784240085,15.818644679495147,13.988545621795227,14.737934449664497,14.866063658571553
4.35,0.13,3.25,0.0300499999999999,3.25,0.0300499999999999,100.0,100.0,2.720705518102372,2.849847665418227,2.5479685018726594,404.3425426731428,312.43667222082274,368.9971718579162,69.94184185511193,56.10236644386983,53.21542547980852,10.597785288714302,19.240488092812846,14.258677214020604,40.53786137159665,3.865639316669925,41.89020915623367,1.490363584349392,1.3592889681478444,13.224309531507496
4.35,0.13,3.35,0.0450249999999999,3.35,0.0450249999999999,100.0,100.0,2.6213496129837703,2.72429481897628,2.510687041198502,472.0713053163257,293.8111200451877,357.02426078573586,66.09254026052787,52.7707025100158,36.40675922392693,6.558927357063836,13.987230919509622,12.586862834013536,30.577749218187396,9.596578447634556,43.77570696287624,6.911915126017086,4.659977398345437,22.53881016185759
4.35,0.13,3.45,0.06,3.45,0.06,100.0,100.0,2.53784672908864,2.62846365792759,2.46852722846442,534.4777447863195,269.9355768715147,488.3577081167643,68.70905783572637,47.96945490263494,41.61100095068701,3.1645011824650493,9.977558909104186,10.696288271947095,21.400331649070665,16.942899424149328,23.093274312320585,3.226679104610747,13.334318152421062,11.465955424070197
4.425,0.175,3.15,0.0150749999999999,3.15,0.0150749999999999,100.0,100.0,2.79010872659176,2.9437382896379525,2.6183005992509365,238.01646940922248,132.51758819777265,544.8014317427834,66.49002078855042,48.02840342928764,36.786266554356,13.419053926494316,23.168966093638172,17.412582926050963,64.99757802805551,59.22535747760842,14.204498938144349,6.352083396407853,13.227816749254487,21.73134775668937
4.425,0.175,3.25,0.0300499999999999,3.25,0.0300499999999999,100.0,100.0,2.7006965043695383,2.822796429463171,2.532895655430712,438.6678214322924,256.8105993764119,515.1761074822851,68.77471659842587,55.11734742596312,54.14741340993325,9.784410746729202,18.108637216032257,13.58276481752071,35.490026259957,20.981354038027103,18.8699043334984,3.1342019740480724,0.42032985372517373,15.207262574326064
4.425,0.175,3.35,0.0450249999999999,3.35,0.0450249999999999,100.0,100.0,2.606575330836454,2.6905261173533086,2.442373233458177,494.2430197363069,269.11723715318533,437.9793379978013,68.94632197992894,56.39454544367152,34.08533307839388,5.95834678196968,12.574314533611233,9.523463383774759,27.31720297995487,17.194696260558363,31.02687590585807,2.8925042536212127,1.8871643065429389,27.47801472682153
4.425,0.175,3.45,0.06,3.45,0.06,100.0,100.0,2.526557715355805,2.60500506866417,2.4519630212234707,553.3305344424879,246.621656566622,508.49223995445146,67.06366923179661,53.64429293900724,43.56572395855088,2.705598185195335,8.996027977580335,9.953498709572676,18.627862581987078,24.11641336411631,19.922481896936777,5.544127842539987,3.0816749069426645,7.306970300955568
4.5,0.22,3.15,0.0150749999999999,3.15,0.0150749999999999,100.0,100.0,2.7593868664169787,2.825017852684145,2.607493445692884,535.1239276258713,315.5742252522058,406.85898357170726,67.01072166349061,32.40290452153549,50.56798609492316,12.170197821828406,18.20158379431568,16.927957205958936,21.305304760901286,2.900238383936679,35.92771912256579,5.618701882407586,41.45816707943001,7.591459776432249
4.5,0.22,3.25,0.0300499999999999,3.25,0.0300499999999999,100.0,100.0,2.678627590511861,2.790452359550562,2.507523233458177,497.0257748679831,257.01912705623295,542.8341655463933,69.14110140118903,58.90846010654871,49.89935720922647,8.887300427311418,16.75532885148794,12.444988047451893,26.907974284120133,20.91719167500525,14.514304638363267,2.6181670405788267,6.429015549320159,6.168845126013773
4.5,0.22,3.35,0.0450249999999999,3.35,0.0450249999999999,100.0,100.0,2.589876329588015,2.5948111360799,2.4175391136079902,514.9451893114499,320.6069269031884,467.8407802736865,69.44157536405768,31.071281181138204,39.767395818149616,5.2795255930087395,8.56950360166946,8.4098257223314,24.272766277727957,1.3517147990189466,26.324286571072992,2.194964275975093,43.86399063931671,15.38851953585188
4.5,0.22,3.45,0.06,3.45,0.06,100.0,100.0,2.513631248439451,2.5901683021223465,2.437929425717853,572.0420439796288,292.84470815086,492.915361711053,68.29791341662249,49.47470067603321,41.68964056647727,2.180132050384187,8.375242766625371,9.324189494074126,15.87617000299576,9.893935953581535,22.375533588810555,3.8057557512359264,10.61481359343594,11.298637092601547
4.2,0.04,3.583333333333333,0.0933333333333333,3.583333333333333,0.0933333333333333,100.0,100.0,2.426745555555556,2.514601111111111,2.340525393258427,588.2718871633458,186.95733130065136,475.1685013166005,65.3065785822516,45.55540403523359,35.54909041594835,1.3518066847334882,5.213435611343544,4.956295661812876,13.489428358331498,42.47466729210727,25.170314753291258,8.018903405279431,17.695747000481315,24.363637412875853
4.2,0.04,3.716666666666667,0.1266666666666666,3.716666666666667,0.1266666666666666,100.0,100.0,2.319027852684145,2.384249413233458,2.2007741697877656,637.263663526619,282.99221336230227,535.795545097918,61.35625853104909,45.09632412493907,32.988108450686106,5.730575094140454,0.2406103249599139,1.3105753458401053,6.284755363732502,12.925472811599304,15.622748803477485,13.582734463311137,18.525159665873403,29.812535211306155
4.2,0.04,3.85,0.16,3.85,0.16,100.0,100.0,2.2217321348314605,2.2717638576779025,2.1093960923845194,593.2074270598268,149.9971143010651,584.0834069344045,61.144358628525104,40.82498292828549,31.98801188004082,9.68568557595689,4.947118925610781,5.408246978272671,12.763613667672523,53.84704175351843,8.018361112692208,13.881185030246332,26.242126597496853,31.940400255232298
4.3,0.1,3.716666666666667,0.1266666666666666,3.716666666666667,0.1266666666666666,100.0,100.0,2.3158097128589263,2.381302446941324,2.2035394756554307,658.22986479966,321.7915043112981,584.6374204241214,63.42149753063728,43.64972857227134,33.889524636105605,5.861393786222505,0.3639143539194946,1.186570598411177,3.201490470638228,0.9872294426774995,7.931114893839151,10.67394713994749,21.13870176644744,27.89462843381786
4.3,0.1,3.85,0.16,3.85,0.16,100.0,100.0,2.220571598002497,2.2760179026217227,2.1084976654182275,616.4781155205676,92.51444417279116,569.5742428385396,60.50781322632551,46.36426008111852,32.20651246437488,9.732861869817198,4.769125413317049,5.448535183039126,9.34145359991653,71.5340171776027,10.303268844324473,14.777727850245759,16.234399130770512,31.47550539494706
4.4,0.16,3.583333333333333,0.0933333333333333,3.583333333333333,0.0933333333333333,100.0,100.0,2.412055156054932,2.482585018726592,2.3217076404494383,629.5801095113393,319.9708298630533,500.5091474444684,66.49398193755843,48.45634080735001,33.117823931180745,1.9489773961409682,3.87385015592435,4.112450244369433,7.414689777744222,1.5474369652143616,21.179661819768757,6.346504313297985,12.454668821409197,29.536544827275012
4.4,0.16,3.716666666666667,0.1266666666666666,3.716666666666667,0.1266666666666666,100.0,100.0,2.3100206741573035,2.3715975905118603,2.1961577028714108,677.9280191025777,321.1080942681614,592.1609466505222,65.08638016182124,47.276872346907325,34.4547749500314,6.096720562711239,0.7699752923907895,1.5175917994883057,0.30470307315034556,1.1975094559503445,6.746307614090993,8.329042025603888,14.58559648255226,26.691968191422557
4.4,0.16,3.85,0.16,3.85,0.16,100.0,100.0,2.217115131086142,2.270191548064919,2.0960435580524344,634.0165368561292,187.5114771417899,583.4188211057725,62.30842665215414,41.742276217824525,30.92910948536468,9.873368655034874,5.0129059387063295,6.007015333971553,6.762273991745711,42.30416087944926,8.12302029830354,12.241652602599803,24.584866815131843,34.193384073692165
4.6,0.28,3.183333333333333,0.0200666666666666,3.183333333333333,0.0200666666666666,100.0,100.0,2.684671810237204,2.770613033707865,2.532146691635456,398.4504668887084,223.71314266344663,539.8095513592352,67.08850734893153,52.87298380858353,53.25191872615318,9.133000416146498,15.925231535893925,13.549178997105653,41.404343104601715,31.16518687278565,14.990621833191302,5.509144578969678,4.475187337699141,13.301954736496125
4.6,0.28,3.316666666666667,0.0400333333333333,3.316666666666667,0.0400333333333333,100.0,100.0,2.5907364419475654,2.590566604244694,2.429483370786517,524.4155894225205,317.19513368784874,446.2734152109977,66.60053457418377,53.62888955246419,42.38738149020139,5.314489510063634,8.391908127393057,8.945442636166677,22.880060379041105,2.4014973268157727,29.72072201401611,6.19643017720596,3.1095039702544067,9.814081935741719
4.7,0.34,3.183333333333333,0.0200666666666666,3.183333333333333,0.0200666666666666,100.0,100.0,2.6449654057428216,2.727072484394507,2.4982007990012485,574.8294312463596,242.87824935332324,575.2560485450628,70.00211655789305,38.57308787632647,51.6728901435249,7.5189189326350245,14.103451229895681,12.026941659248811,15.46626011082947,25.268230968208233,9.408496292116103,1.4054696367703572,30.310591009346943,9.942319454308304
4.7,0.34,3.316666666666667,0.0400333333333333,3.316666666666667,0.0400333333333333,100.0,100.0,2.559426529338328,2.6330919350811484,2.383083033707865,558.2892350142005,292.7809334589988,564.2955654509587,69.42817627354121,49.35280573069191,45.86414752102701,4.041728834891385,10.171210672851391,6.864710031742827,17.8986419096764,9.91355893569268,11.13455662189626,2.2138362344489977,10.835039330276583,2.4167074020701973
4.8,0.4,3.183333333333333,0.0200666666666666,3.183333333333333,0.0200666666666666,100.0,100.0,2.604219438202247,2.571354918851436,2.461838414481897,592.5983013006697,293.6945371310254,606.040078773661,66.38561928070982,40.77313947152094,41.61399859532786,5.862578788709229,7.588071918470129,10.396341456587312,12.853190985195628,9.632450113530641,4.560617515958901,6.499127773648143,26.33579137936596,11.459577456749239
4.8,0.4,3.316666666666667,0.0400333333333333,3.316666666666667,0.0400333333333333,100.0,100.0,2.5212833957553062,2.5609055056179777,2.3527471036204743,599.5337655052617,301.4370839663439,566.5081640242784,63.014144942474005,46.93615078534479,46.48013559161119,2.4911949494026944,7.150857975647596,5.5043544224427965,11.833269778637982,7.250128010355726,10.786115901688447,11.247683179614079,15.201172926206338,1.106094485933644
4.544017104338829,0.1837346572801993,3.6581306056301024,0.1522562385887176,3.6581306056301024,0.1522562385887176,100.0,100.0,2.301252334581773,2.3583150686641696,2.190142347066167,698.8664275653127,324.0993274569684,617.7077641186426,65.6177933643142,49.40921317410602,34.9083268225019,6.453157130822242,1.3257293445954184,1.787338696584431,2.774474641957755,0.27713001324048914,2.723186752969676,7.580572726318034,10.733128863403758,25.72696420744277
4.553424270719841,0.3256122652781864,3.7805894923290304,0.1405356794644367,3.7805894923290304,0.1405356794644367,100.0,100.0,2.2533069787765294,2.302626654182272,2.1331788639201,700.8107662528315,205.80367749020184,660.7641721706254,65.8870436635715,52.49996253280127,34.58149400661365,8.402155334287421,3.6557885279384164,4.341754981161437,3.0604068018869874,36.67579154147636,4.057349948129991,7.201346952716192,5.149119181930861,26.42235317741776
4.488699498305926,0.3015215634002146,3.751599287587919,0.0215619354528144,3.751599287587919,0.0215619354528144,100.0,100.0,2.5213376903870164,2.5338551310861424,2.433894843945069,549.8610652895389,295.28833713841885,588.4752020203208,66.77548117751255,51.08634730312992,29.676377298802866,2.4934020482527,6.019043141679591,9.143266544621925,19.138078633891332,9.142050111255736,7.326739839319557,5.95002651054571,7.703076236440979,36.85877170467475
4.772592289927677,0.294096717903036,3.5696940634085044,0.1120716126969039,3.5696940634085044,0.1120716126969039,100.0,100.0,2.3429136329588016,2.370219850187266,2.234175131086142,693.3020753357085,323.0505558907626,647.3503653070836,66.84354228144066,45.254123004426425,32.049366312426216,4.759608416308876,0.8276213310767416,0.18722560924403503,1.9561875493689025,0.5998289566884278,1.9449394184383655,5.8541658007878,18.240066839337988,31.809858909731457
4.374897479995657,0.3341191515321607,3.156918221632616,0.057065942377849,3.156918221632616,0.057065942377849,100.0,100.0,2.643601073657927,2.7510409113607994,2.482954144818976,492.56734488172026,247.2682676074292,391.0598088552961,70.95488018655632,56.991527869330994,38.77887822043873,7.463458278777529,15.10631428287863,11.343235193676046,27.563625752688196,23.917456120791012,38.41577813302423,0.06354903301926275,2.965723341158072,17.49174846715164
4.783425251906325,0.2602048300793555,3.6156045023333214,0.0389713084652432,3.6156045023333214,0.0389713084652432,100.0,100.0,2.4527965792759048,2.420649712858926,2.273236966292135,597.136635616545,320.5946605690786,610.559723126435,67.53097193727612,47.76022468178171,36.34830527980801,0.29282198065427595,1.2824147639718007,1.9388774122033645,12.185788879919846,1.3554890556681234,3.848862499774022,4.885955017920956,13.712331198226366,22.66318025572764
4.226967468197057,0.0791396619475277,3.367913372094077,0.0581334872965499,3.367913372094077,0.0581334872965499,100.0,100.0,2.5925753308364548,2.7021456803995005,2.4844915355805246,483.3725568061736,219.3571005123605,403.6903949849111,66.08185047515441,47.06651698937965,41.82683174166967,5.389241090912797,13.060488719644368,11.412176483431598,28.91580046968036,32.505507534658314,36.4267094511951,6.92697116175435,14.96564229561039,11.00674097517091
4.210088897222818,0.1734736333762267,3.2848305677292178,0.1009899076247159,3.2848305677292178,0.1009899076247159,100.0,100.0,2.545981373283396,2.580792896379526,2.485428589263421,546.7112134551004,203.7403048599708,367.520570415446,63.98410648615122,49.25288746294402,44.951347594313305,3.4951777757478073,7.982966375712375,11.454196827956094,19.601292138955824,37.3106754277013,42.12274481646519,9.881540160350394,11.01556013921587,4.358834905716374
4.505659168797134,0.3813542414388808,3.342620453477149,0.0914226672177904,3.342620453477149,0.0914226672177904,100.0,100.0,2.4918552309612982,2.4983899500624216,2.416405930087391,621.148465685392,246.2878370455539,548.3984881428244,67.54430011398372,50.81002607681288,41.893251267974776,1.2949280878576535,4.535144354076212,8.359010317820216,8.654637399207058,24.219127062906487,13.638033363334747,4.867182938051093,8.202301577573838,10.865422834096222
4.306565825275454,0.2255637788182889,3.445611862203779,0.0800698221929402,3.445611862203779,0.0800698221929402,100.0,100.0,2.4988329712858928,2.555471672908864,2.4250119600499374,582.1354662549995,276.9107401451139,486.48373733132615,67.25474488216298,48.85563174864703,46.54147486587717,1.5785760685322279,6.9235009585298695,8.74493094394338,14.391843197794188,14.796695339964957,23.3883878218384,5.275007208221153,11.73327597353744,0.9755853917507021
4.335313480660086,0.1444649375909922,3.451558898199649,0.0626899495112877,3.451558898199649,0.0626899495112877,100.0,100.0,2.531081223470662,2.620911622971286,2.4596211360799,542.9707644016819,301.53715819952754,486.60928300779824,68.28191915548007,46.69553637480337,34.425182565482096,2.889480628888696,9.661574182898994,10.296911931834085,20.15135817622325,7.219335938606911,23.368616849165633,3.828282879605538,15.635887308395002,26.754930711740222
4.6870379006233,0.1079537346044639,3.2596387912738134,0.1218019361228149,3.2596387912738134,0.1218019361228149,100.0,100.0,2.490221747815231,2.564960224719101,2.416565867665418,592.437334607656,285.646998529877,545.6330278749502,66.47572756724918,47.06050546394045,41.63438667328656,1.2285263339524848,7.32051149452304,8.36618240652099,12.876862557697647,12.10861583696092,14.073538917330671,6.3722146940152395,14.976503226846521,11.416198567475396
4.465728609057547,0.0451331374250854,3.377699997052902,0.1342449244897854,3.377699997052902,0.1342449244897854,100.0,100.0,2.4580484394506867,2.561338551810237,2.3829742072409483,592.6944181029827,252.2562847556051,529.8292459777679,65.94475629854225,44.73956789579816,37.35417473246588,0.07933172964687905,7.168977063189835,6.85982992111876,12.839056161326075,22.382681613659972,16.562323468068055,7.12006155134895,19.16970569864831,20.523032484115152
4.796812374478104,0.3697144042121456,3.136983436895141,0.1100629025083734,3.136983436895141,0.1100629025083734,100.0,100.0,2.4848513108614227,2.474407528089888,2.403070224719101,627.2177206355002,314.31342133928825,561.512828255182,67.1360702179773,50.51876285047864,43.38184236980607,1.0102158886757229,3.5316957359785746,7.76099662417494,7.762099906544088,3.288178049449768,11.572782951939852,5.442154622567175,8.728522402025952,7.698207723816867
4.563692030065045,0.2509896359222457,3.211772653608852,0.1275500197389502,3.211772653608852,0.1275500197389502,100.0,100.0,2.501123383270911,2.5766785518102377,2.4310502996254684,610.7261618214022,321.1992156072433,543.2015882142266,68.11759001271258,52.40321287785899,46.80410548560373,1.6716822467850103,7.810818067373958,9.015708503384232,10.187329143911438,1.169472120848223,14.456442800909194,4.059732376461151,5.323915306487825,0.4167968391410048
4.402335983026889,0.1489988165736186,3.4889421848944195,0.1596784322885394,3.4889421848944195,0.1596784322885394,100.0,100.0,2.382242808988764,2.4575411735330834,2.290035905118602,673.5425452433759,329.59201663699275,547.6429104936262,67.1079550593286,48.84845888278795,34.95325325299563,3.1608614232209673,2.825990524396791,2.6921930546458253,0.9496256995035424,1.4129281959977702,13.757021969507681,5.481753437565348,11.746235080780576,25.631376057456105
4.274920672381986,0.391665678880169,3.839945874464562,0.0072798217193291,3.839945874464562,0.0072798217193291,100.0,100.0,2.661439263420724,2.76621606741573,2.4890442197253435,465.00498329656347,312.7459590736712,507.0974159709645,69.70745503930954,55.213965935969874,46.11075229515632,8.188587943931871,15.741258050867353,11.616332723109574,31.616914221093605,3.7704741311780916,20.142139217170943,1.8204858601274134,0.2457706667210974,1.892016393284432
4.727115620875361,0.1040779202099259,3.7294539467181806,0.083525025120658,3.7294539467181806,0.083525025120658,100.0,100.0,2.339011822721598,2.3903177028714104,2.210202459425718,639.0204007445866,290.6744431805312,604.5968793918735,64.22508269191496,38.67186940641736,34.51195286501139,4.91821858855292,0.013293007171979416,0.8877820885328183,6.026411655207854,10.561709790605777,4.787893009153784,9.542137053640896,30.13212392697858,26.57031305316726
4.223696043751494,0.2776835167954646,3.2964864445509834,0.1071331690121643,3.2964864445509834,0.1071331690121643,100.0,100.0,2.5295182397003746,2.6253280149812737,2.465887665418228,576.1553799046126,287.6406695392276,436.09845644120617,67.62703893354066,48.620718284353416,44.264980893918384,2.8259447032672615,9.846360459467512,10.577922216064037,15.271267661086387,11.495178603314589,31.323077725794302,4.750649389379351,12.157690543173596,5.819189587407693
4.761070087092334,0.194813145547026,3.6542336163453086,0.0151797835719762,3.6542336163453086,0.0151797835719762,100.0,100.0,2.567115081148564,2.5424836704119853,2.3739752933832707,514.5757765411503,299.2687625563356,550.7274180310333,62.7468460670939,37.88190124122767,41.46224082595633,4.354271591405047,6.380069891714861,6.456291183106312,24.327091685124962,7.917303828819811,13.271272751018383,11.624160468881835,31.559347350988848,11.782466327752493
4.4486929429074085,0.091503271056922,3.3092326755284622,0.0767659211165677,3.3092326755284622,0.0767659211165677,100.0,100.0,2.5593802122347062,2.655088464419476,2.443653720349563,521.891075819899,342.9780918152465,403.28726666598914,65.89067255902785,48.528984290060606,40.74372904192778,4.039846025801069,11.091567548932039,9.580884320608206,23.251312379426615,5.531720558537385,36.49019422582848,7.196235832355143,12.323424950206675,13.31121480440898
4.26756053109615,0.2435648415695971,3.794360986179453,0.0278125285231061,3.794360986179453,0.0278125285231061,100.0,100.0,2.497633058676654,2.5511008364544323,2.411617365792759,553.6802606388013,273.37252350788594,546.5878660932237,64.41112645123675,49.47572438020556,37.73365033323923,1.5297991331973264,6.740620772151974,8.14427649294883,18.576432258999805,15.88537738218894,13.923170693980513,9.28010358980739,10.612964082736113,19.715637588852697
4.437379237974279,0.3503039725907512,3.552043498693612,0.0868229268708187,3.552043498693612,0.0868229268708187,100.0,100.0,2.425333945068664,2.4895520224719103,2.336880624219725,656.1616164995424,248.49402485147027,475.408074717556,68.5967676150114,50.73325234672552,40.593066946759976,1.4091892248510574,4.165356588782853,4.792853104023547,3.5056446324202284,23.540300045701454,25.132586658652595,3.384834345054364,8.341007503657597,13.631772453702181
4.580170317319177,0.3390728100182955,3.0644509607348374,0.1027309720370257,3.0644509607348374,0.1027309720370257,100.0,100.0,2.567505742821473,2.626617191011236,2.4535685393258424,566.4047356229636,318.175564249724,448.3190034807421,68.89049561053596,59.79204650665298,32.113817962941326,4.370152147214348,9.900300879131214,10.025495037033293,16.705185937799474,2.0998263847003065,29.398582129016997,2.9711329429070923,8.025377609129139,31.67272773842271
4.316590020490089,0.1376507822059138,3.1233870259567404,0.0508939764135313,3.1233870259567404,0.0508939764135313,100.0,100.0,2.701388277153558,2.8281164169787765,2.55326354556804,421.1340322317853,320.087360037066,263.37409691297466,70.12133777529456,54.81009244686736,46.82086937977569,9.81253159160805,18.331230835932065,14.496123119643046,38.06852467179628,1.511581527056618,58.523764265673286,1.237552429162587,0.9754427337536461,0.38112897920066696
4.657135343817487,0.1888772453362831,3.0849431280782658,0.0460462833730664,3.0849431280782658,0.0460462833730664,100.0,100.0,2.658029151061174,2.76745684144819,2.501932559300874,538.4636969973984,277.89642770733286,611.166719195244,65.41287283813854,57.63083923552238,50.260369714931954,8.049965490291637,15.793173282351036,12.194285170442784,20.81416220626494,14.493406859282198,3.753272567678108,7.869193185720367,4.120757426418028,6.936956840280754
4.358259181803232,0.3070297634050414,3.760813386994204,0.0425010613934963,3.760813386994204,0.0425010613934963,100.0,100.0,2.4413976029962545,2.4635435081148565,2.3489026716604244,606.3962735828128,311.5070593288244,482.9016542688423,65.62943383020698,48.217919925617245,35.2934964944755,0.7561950001522537,3.0771342307471263,5.331958370422622,10.824077414292237,4.151674052669407,23.952495390733493,7.564177703933835,12.885420188586732,24.90745426707341
4.455506613895899,0.2747596772964942,3.678987072920112,0.0648478600498285,3.678987072920112,0.0648478600498285,100.0,100.0,2.410029138576779,2.473241947565543,2.314622421972534,636.3870319682983,308.4904173050713,494.5566698666928,64.97281360660033,45.23659537698824,35.383033634445255,2.0313358302122286,3.482926676382554,3.794727442714539,6.413671769367899,5.079871598439608,22.117059863512946,8.488994920281232,18.271733736245277,24.716949713946267
4.641724381137714,0.1200118422501975,3.5322830104462266,0.1282486035272656,3.5322830104462266,0.1282486035272656,100.0,100.0,2.373963945068664,2.411340674157304,2.2777351935081147,660.6756321064175,326.3712277670358,581.2085261228384,64.839336430286,40.19949602713942,35.80151529444155,3.497400606964875,0.8929152367072667,2.1405916371351896,2.8418188078797737,0.42191623601101685,8.471098248371904,8.676990943259161,27.372184232810447,23.82656320331585
4.327518663536647,0.1160504925473003,3.3880351510315987,0.0345791969511393,3.3880351510315987,0.0345791969511393,100.0,100.0,2.6471918352059927,2.7562331210986266,2.464796916354557,446.6073009091099,319.42497799525825,404.5173839363269,63.95016757937002,51.44468773382732,36.90385187796507,7.609424195365557,15.323561552243786,10.529009701998067,34.32245574866031,1.715391386074386,36.29647497065719,9.929341437507016,7.055668050899148,21.481166217095602
4.671541005560757,0.1674193381197375,3.0768908858660824,0.1204955925999257,3.0768908858660824,0.1204955925999257,100.0,100.0,2.55104963795256,2.5461666042446938,2.4405108489388265,558.711917337575,337.47576480127657,456.5842858139868,70.00418791347087,49.317913201038735,36.95207853822569,3.7012047948195144,6.534167541618981,9.43994838290702,17.83648274447427,3.838696861931252,28.096962863939083,1.4025522345480672,10.898079130914665,21.378556301647464
4.618163824600051,0.127093172154213,3.805816457119892,0.0696808426339708,3.805816457119892,0.0696808426339708,100.0,100.0,2.3368661922596754,2.3897582896379523,2.2120709488139823,633.3275067673293,305.19515426374426,600.1993253299628,61.106895002546025,48.346312457504325,32.942354806609885,5.005439339037584,0.010113404269781872,0.8039933267272525,6.863601945980987,6.0937986880786905,5.480421207879876,13.9339507006394,12.653455361329135,29.909883390191734
4.254430683086959,0.3482249073226188,3.4142069071457053,0.0954350983754664,3.4142069071457053,0.0954350983754664,100.0,100.0,2.4913999875156057,2.5762376529338327,2.417638664169788,610.4632881572727,306.46910067749803,464.6664327109161,70.27143809355013,47.10992546225128,42.82347312898206,1.2764222567319385,7.792370415641528,8.414289873084654,10.22598703569519,5.701815176154451,26.82418382505258,1.026143530211083,14.887216870368054,8.886227385144556
4.350212735414061,0.2668065352685501,3.3270478274346096,0.1424643375455898,3.3270478274346096,0.1424643375455898,100.0,100.0,2.467596079900125,2.5388287765293382,2.3942284893882646,637.0123702001356,297.516429112406,460.2711822393911,66.74647422568034,47.65971094741212,41.65116487295535,0.30878373577744384,6.227145461478583,7.364506250594826,6.321710264685942,8.456483350028922,27.51634925363919,5.990881372281205,13.893927827620377,11.380500270307769
4.60382487415412,0.0855198469092917,3.231534910329983,0.0364284669138462,3.231534910329983,0.0364284669138462,100.0,100.0,2.677075056179776,2.7915852933832714,2.4984278776529334,433.3153893812396,315.092333555124,391.3212663649859,67.89681941218613,53.174883373408406,45.15908847305309,8.824189275600645,16.802731940722648,12.037124558427507,36.277148620405946,3.048512752269534,38.374603722049464,4.370676884244883,3.9297500028755112,3.9168330360572576
4.741731612223043,0.0637164460254261,3.1845673340946803,0.1566695482670992,3.1845673340946803,0.1566695482670992,100.0,100.0,2.4933082397003745,2.573541310861423,2.424945193508115,587.7449818013384,293.8461667140642,448.6368989550923,67.1470711669763,47.09257370498163,41.04073960406159,1.3539934837550631,7.679552755708066,8.741936928615022,13.566914440979641,9.585794857211008,29.348519849591764,5.42666032820239,14.918566025326774,12.679277438166825
4.532250848961615,0.3746874221609418,3.470717149207963,0.1357294804306328,3.470717149207963,0.1357294804306328,100.0,100.0,2.390531011235955,2.455231298377029,2.30035049937578,706.6345180452795,310.9638359611935,568.2324014341244,69.14879864769782,46.08860432910058,39.13367167516415,2.823942632684754,2.7293430283275595,3.1547309137121164,3.91684088901169,4.318819704248146,10.514582451318988,2.6073258483129345,16.732422169646643,16.736868776246485
4.483409551943385,0.3982335755716628,3.433712375130688,0.0529399919154879,3.433712375130688,0.0529399919154879,100.0,100.0,2.5260291510611736,2.60170720349563,2.44997518102372,584.0010586466544,290.70773751597,542.3849654195968,68.98690113091206,50.21586291510823,41.33532328405555,2.684111831755028,8.858041987264844,9.864357893440351,14.117491375491998,10.55146537970154,14.585044815811523,2.83535051984217,9.27576709104204,12.052503650945642
4.405584682129721,0.2887102311327255,3.529913000593184,0.0171213477716599,3.529913000593184,0.0171213477716599,100.0,100.0,2.653916179775281,2.7580041573033705,2.464081835205993,471.0904507193722,322.254120340504,441.562572855488,68.98640550903163,52.23731476775937,39.710951423927526,7.882771535580531,15.397663485496667,10.496943282779956,30.721992541268794,0.8448860490756872,30.462586951891655,2.836048578828694,5.623640889323631,15.508613991643562
4.695248595623777,0.2139378181199075,3.113301372263722,0.1158962452113196,3.113301372263722,0.1158962452113196,100.0,100.0,2.530203570536829,2.526016279650437,2.415876229712859,581.1847205358489,258.3640429744662,637.102843439932,67.77550917867708,30.51071682611142,38.53412079738545,2.853803680358908,5.691057725959695,8.335256937796363,14.531658744728103,20.503371392471937,0.3311564472333906,4.541536368060446,44.87675370169572,18.01250894173309
4.290406377970653,0.3630526401337908,3.204007664514917,0.0796326955046138,3.204007664514917,0.0796326955046138,100.0,100.0,2.595629076154806,2.6926082521847694,2.536736079900125,534.0457981928362,241.36202773462296,369.3611391401408,67.33647428959448,55.20373739990112,47.34693775523362,5.513377079463669,12.661433145806246,13.754981161440586,21.463853206935855,25.734760697039093,41.83289147399358,5.159895366768342,0.2642504066827085,0.7381654366672731
4.389604290241733,0.0572123553170399,3.7176866904873,0.024478812524153,3.7176866904873,0.024478812524153,100.0,100.0,2.555803458177278,2.616737053682896,2.4791570411985018,487.6016961074362,309.7845155534275,486.1013413259557,65.16304889876966,46.67844239717545,42.659304249624455,3.894449519401544,9.486906011836648,11.172961488722054,28.293868219494673,4.6816875220223,23.44860766520383,8.221057889056818,15.666770736810387,9.235522873139457
4.517400412792561,0.3195018466794014,3.5018457230119924,0.1448729512052834,3.5018457230119924,0.1448729512052834,100.0,100.0,2.373295630461923,2.4375393757802746,2.277300237203496,708.9737462458465,307.3005828966332,614.2143692863393,68.95505777442708,49.19292199294745,30.929796120273025,3.52456786740151,1.9890952209319852,2.1210868701119217,4.260845036153903,5.445974493343626,3.273327671442627,2.8802003177083444,11.123898838396665,34.191923148355265
4.707622135105174,0.0733325090312183,3.2537121277507404,0.0029156066403796,3.2537121277507404,0.0029156066403796,100.0,100.0,2.895699101123596,2.93050138576779,2.592126754057428,148.3499151661132,53.659954720316485,334.2682430797924,72.29273750178626,45.20175841269841,30.22952648485132,17.71134557412993,22.615120743422178,16.238867894951927,78.18383600498335,83.48924470144108,47.35933179845789,1.8207570447693846,18.334673147789683,35.681858542869534
4.246045402537278,0.2346705788810038,3.173918926242859,0.0034354733582244,3.173918926242859,0.0034354733582244,100.0,100.0,2.9595608988764046,3.0082382771535583,2.6488660799001247,64.80125329117313,163.62325916114088,222.4231704809852,73.43825761512464,37.582745993092544,32.79394584361687,20.307353612861977,25.86771034115306,18.783232282516803,90.47040392776866,49.65438179657203,64.97272905811258,3.4341656551051285,32.09982657074518,30.225647141240707
4.631521152385892,0.2282921194587276,3.591312118618557,0.0309928768259125,3.591312118618557,0.0309928768259125,100.0,100.0,2.5218970037453183,2.563417602996255,2.3912878027465667,550.4539785760157,304.3093497078415,558.5930274309243,67.6780713008476,47.92964815333572,31.44985376179692,2.516138363630828,7.255966652562964,7.232636894464876,19.0508855035271,6.366353936048777,12.032594105366254,4.678772815707598,13.40623639867079,33.08541752809166
4.653548998944062,0.2071238065056278,3.8209526860631264,0.0713890039345569,3.8209526860631264,0.0713890039345569,100.0,100.0,2.3175958676654185,2.3635802746566794,2.186633133583021,652.3748460956407,336.3779278986468,613.2860223575916,62.99954973277652,50.08076197784091,33.89591495566546,5.78878586725941,1.1054278386326657,1.9447025299093652,4.062522632994016,3.5009008918913285,3.41952403817455,11.268239812990814,9.519851891886349,27.88103200922242
4.425798071011929,0.2021346116287726,3.608223021664517,0.1498978853202367,3.608223021664517,0.1498978853202367,100.0,100.0,2.33455847690387,2.3995520349563044,2.2266042696629214,700.1622673457425,309.2631963538521,632.4023672412081,63.75009897985707,49.157348075868086,35.6252651439108,5.099248906346743,0.3996667345734017,0.15227490300801025,2.9650393155503707,4.84209342958397,0.4090760250065922,10.211128197384408,11.18816969129524,24.20156352359404
4.737000447259475,0.048330588087218,3.630276913339176,0.0979044031407518,3.630276913339176,0.0979044031407518,100.0,100.0,2.3710946441947565,2.3513040324594257,2.2680649438202245,624.5148698334768,237.46659048876384,578.3658955767927,63.51315235157996,29.699659256474625,33.485159607852296,3.614038853871687,1.6190781397729903,1.7069481533732966,8.15957796566517,26.933356772688047,8.91875660207989,10.544855842845125,46.342079030759486,28.75497955776107
4.590617871607094,0.1595026027978685,3.69170886348718,0.0127066392013582,3.69170886348718,0.0127066392013582,100.0,100.0,2.617298177278402,2.707636754057428,2.4402618851435705,471.20625409563087,296.299433535584,480.5324115487332,65.59563407562752,53.15883325250699,40.36283386011546,6.394234848715533,13.290240755540914,9.428784087155625,30.70496263299546,8.830943527512614,24.325604480514457,7.611782992073922,3.9587475112791584,14.121630084860726
4.617613454097934,0.3400638142736948,3.66113046722053,0.1104956807871078,3.66113046722053,0.1104956807871078,100.0,100.0,2.327322734082397,2.3771798626716607,2.209164918851436,707.2112188590761,326.0593124140078,648.7106354346647,66.45270781804172,54.89081942481509,35.37400568259432,5.393384793398487,0.5364074195957916,0.9343085716844756,4.0016498322170735,0.3259422812331755,2.1591551865613714,6.404636875997583,0.829594535112754,24.736158122139738
4.333767809110523,0.3113137177728378,3.457076515332244,0.0982644557628625,3.457076515332244,0.0982644557628625,100.0,100.0,2.461855642946317,2.526832759051186,2.3823061672908867,630.5586480407959,308.6516319819213,450.72625544234575,65.73091333590497,47.85620891232987,37.886363775120245,0.07543264009418763,5.725220043982676,6.8298729726855045,7.270787052824131,5.0302670824857545,29.019487331914053,7.421248822669053,13.538917954236915,19.390715372084586
4.477951386872567,0.3099886995835542,3.3901186259871814,0.0602087929118023,3.3901186259871814,0.0602087929118023,100.0,100.0,2.533305118601748,2.561614406991261,2.4089845443196007,570.7797871783283,303.2789776428004,412.2033132855114,68.1703727183495,54.1586078437864,41.754885449820165,2.9798828699897535,7.180519120973266,8.026212749757882,16.061796003187013,6.683391494522959,35.086092395982455,3.9853905375359187,2.1524700202594444,11.15981819187199
4.601441631369828,0.170634831167257,3.306936941366365,0.0682050865103127,3.306936941366365,0.0682050865103127,100.0,100.0,2.54509684144819,2.6109782771535586,2.4305028714107366,548.2247635828843,252.5506767741948,488.78387233962354,69.06981302192816,55.17409784696824,39.71000999906611,3.4592211970808884,9.24595301897734,8.991160152947831,19.37871123781113,22.292099454093904,23.02616183627976,2.718573208551894,0.3177997344747316,15.510617023263597
4.45735218454061,0.3027663002196751,3.607803609110443,0.1212371823893359,3.607803609110443,0.1212371823893359,100.0,100.0,2.3575393508114857,2.420990262172285,2.2566951685393257,697.9909540407606,312.3140088797552,589.1121447642441,67.90758324479606,54.98351780622633,34.92586780404923,4.165067040183507,1.296663689216939,1.19709275961102,2.6457285354059685,3.9033818831522487,7.226433895394625,4.355516556625271,0.6621177845956105,25.689642970108014
4.743100340834249,0.2433104453328845,3.145988842420479,0.1020078102560593,3.145988842420479,0.1020078102560593,100.0,100.0,2.519461872659176,2.50899049937578,2.398973832709114,586.6297952878884,286.53893625285,467.3835175804898,68.62328216710574,34.67048206383652,41.159218977777776,2.417149295088465,4.978681982250208,7.577301915206902,13.730912457663464,11.834173460661532,26.396296444017352,3.34748990548487,37.36136935169554,12.427193664302603
4.79941,0.3966994,3.6514697,0.114572905,3.6514697,0.114572905,100.0,100.0,2.296969937578027,2.330991248439451,2.175740162297129,710.8312324011614,365.4833102357708,686.4837589182953,67.51263348501585,48.751906956912215,32.44341453383107,6.627238309836297,2.4689854209434854,2.4331765786040864,4.534004764876677,12.45640314946793,8.10767856981028,4.911783823921332,11.920673971251645,30.971458438657304
4.279137,0.34988853,3.2422378,0.093613744,3.2422378,0.093613744,100.0,100.0,2.561727827715356,2.642590349563046,2.500279013732834,560.8264869882164,300.21940344967817,439.1046419052185,70.35383649589934,60.27563715585296,42.86257180603158,4.135277549404722,10.568633872930782,12.120135144970131,17.525516619379943,7.624798938560565,30.849662692091577,0.91008944239529,8.899073452308873,8.803038710571103
4.646228,0.2899699,3.2230704,0.12624323,3.2230704,0.12624323,100.0,100.0,2.4812297877652933,2.4613641448189765,2.367603870162297,631.1295586857897,318.79939495576457,555.233240841453,70.78343089805423,50.8807851222194,38.029907782951625,0.8629995026542027,2.9859474819655376,6.170577137322726,7.186829605030931,1.9078784751493634,12.561694355676686,0.3050269041489653,8.074462290479858,19.08530258946463
4.7710786,0.047386765,3.2359207,0.057025366,3.2359207,0.057025366,100.0,100.0,2.610166479400749,2.707095418227216,2.4370162297128592,474.68382948492,226.7572046461096,481.1002465808448,68.21323393736469,45.53412572543292,37.23585195589891,6.104328430924752,13.267590720804021,9.28323900057665,30.19355448751176,30.228552416581653,24.236181640811846,3.9250226234300123,17.73419019795317,20.774783072555515
4.468645,0.06618245,3.3669822,0.12240486,3.3669822,0.12240486,100.0,100.0,2.472353920099875,2.5553360674157304,2.398761910112359,589.1450446204011,281.1583964132212,520.1322822147245,65.30494944887874,41.9364241519644,40.8795082893647,0.5021918739786592,6.917827088524278,7.567798659747048,13.361022849941012,13.489724180547315,18.089404375633944,8.021197959325711,24.234102706478044,13.022322788585743
4.4962425,0.3881491,3.5503647,0.0055966103,3.5503647,0.0055966103,100.0,100.0,2.714763283395755,2.819168726591761,2.556920349563046,530.7569823068872,161.53623002941669,498.3403170886375,69.23396679227176,44.922491769388586,51.82317398322181,10.356231032347763,17.95685048501091,14.660105361571567,21.94750260192836,50.29654460633333,21.52120990730118,2.4873707151102,18.839219928837245,10.262072304727248
4.522021,0.3766643,3.5520666,0.058506228,3.5520666,0.058506228,100.0,100.0,2.4627887265917603,2.4534923220973783,2.377106766541823,623.5826526545236,309.63031021035897,666.0612782813723,67.168405900715,43.97378669838437,35.43408196242647,0.11336286958375312,2.656582514534653,6.59671598842255,8.296668727275941,4.729135319889547,4.891539886830287,5.39661140744366,20.553230897227873,24.608336250156448
4.4617496,0.16623498,3.6302967,0.11823335,3.6302967,0.11823335,100.0,100.0,2.3540964918851435,2.418280811485643,2.251750911360799,670.6868339846385,304.73516673470255,581.5206626211942,64.61076094502607,49.61762538900646,32.480507153381424,4.3050206550754675,1.183297551700534,0.9753771910672291,1.3695832375531622,6.2353333123992165,8.421942894300122,8.998928246442151,10.356593696465291,30.892537971528885
4.4902377,0.09897135,3.7203133,0.01828806,3.7203133,0.01828806,100.0,100.0,2.581241997503121,2.58488672908864,2.413150174781523,480.4554697580211,255.3500294508925,528.8536754459428,65.75521913993497,38.88628025038954,36.44201730282202,4.928536483866704,8.154256447223432,8.213012322041388,29.34478385911455,21.43076016895616,16.715956622686168,7.387015295866245,29.744751128474185,22.463792972719098
4.247417,0.12826791,3.7235994,0.060805257,3.7235994,0.060805257,100.0,100.0,2.4199814232209738,2.458128377028714,2.324813820224719,595.2779914274616,271.3094062915542,473.9856076493402,63.081172583233055,42.48432400128933,35.07469235995172,1.626771413781553,2.8505597083143837,4.251740817251976,12.45911890772623,16.52018267952179,25.35659722057635,11.153278051784428,23.24422041320808,25.37299497882613
4.64216,0.31082588,3.7492075,0.08394386,3.7492075,0.08394386,100.0,100.0,2.322837215980025,2.369128252184769,2.1902135955056177,683.547956952794,284.6218834651644,633.0531315274859,64.92999704754274,49.366998571087706,34.94647892720307,5.575722927641267,0.8732948876665755,1.784143699299655,0.521758375410888,12.424035856872496,0.30659346023844053,8.549299933038393,10.809397342208303,25.64578951658922
4.371107,0.17731376,3.1529343,0.03278648,3.1529343,0.03278648,100.0,100.0,2.7352629213483146,2.8708066541822723,2.550540049937578,565.8627758220446,314.8308694749805,451.56708332169006,65.33396968575407,60.48049523569793,36.81270838997415,11.189549648305473,20.117433229383774,14.373993270743401,16.784885908522856,3.128963238467542,28.887073492647232,7.980324386261872,9.269187417701769,21.675088531969898
4.3408537,0.083347365,3.4755263,0.15790755,3.4755263,0.15790755,100.0,100.0,2.3953878027465665,2.475355493133584,2.306308813982522,647.4914177184861,307.0046571152387,507.1708729325978,65.60484812632244,48.38905069827338,39.029662694479526,2.626512083472906,3.571359545338244,3.421919909530129,4.780673864928514,5.537028579926562,20.130571191716886,7.59880545588389,12.576240834194438,16.958164479830796
4.5563364,0.14074485,3.4328985,0.05430054,3.4328985,0.05430054,100.0,100.0,2.535436828963795,2.493833957553059,2.461613133583021,540.9777882961424,285.0471419076163,538.6922510680507,66.3101669354052,29.770212167895263,40.41123014636137,3.066537762755903,4.344517052429243,10.3862391741265,20.444442897626114,12.293187105348823,15.166574634952642,6.605398682527879,46.21461216279086,14.018659263060918
4.7427735,0.29065716,3.3944278,0.13475668,3.3944278,0.13475668,100.0,100.0,2.3937626716604243,2.437733383270912,2.304594981273408,688.2171490838599,336.43122614442984,576.7119176739815,67.61477947262416,46.36028723837144,42.614893754113695,2.6925743227469767,1.9972126891594946,3.3450664248165083,1.2084042770382217,3.5173003521322594,9.179225563152523,4.767916235740614,16.241576805110316,9.3300132891198
4.640996,0.09017995,3.5014682,0.013015271,3.5014682,0.013015271,100.0,100.0,2.7019349313358307,2.816201223470662,2.509308501872659,580.2386069517528,223.9283460485331,503.0250102719658,66.01862365612482,50.05141131914672,47.40393731189906,9.834753306334584,17.832687174504677,12.525044927025062,14.670793095330472,31.0989704466052,20.783462949296723,7.016023019542512,9.572879278867712,0.8594410891469294
4.23118,0.2649674,3.58252,0.10225291,3.58252,0.10225291,100.0,100.0,2.411111011235955,2.4840246441947564,2.320870936329588,650.761705064258,324.91697053493687,537.2149576938759,66.44797576857468,44.53377089188727,38.3789881235883,1.9873572668311028,3.934085531161352,4.074929880250577,4.299749255256181,0.025547527711733683,15.39921926080694,6.41130173440186,19.541516003817037,18.342578460450426
4.5120244,0.37555507,3.549809,0.12229385,3.549809,0.12229385,100.0,100.0,2.373339850187266,2.427349475655431,2.2772253558052435,708.1364878354376,338.16536482027755,585.0255754054862,68.4087521131143,48.27232409198437,37.1117711058381,3.5227703175908114,1.5627395671728408,2.117728959876393,4.137718799329059,4.050881483162322,7.8699881251202894,3.649644911106615,12.787129011771686,21.03878488119553
4.4847355,0.1385264,3.7340438,0.08531594,3.7340438,0.08531594,100.0,100.0,2.351251672908864,2.411686054931336,2.2372670037453184,642.7909586758284,312.3141761669469,555.3121777829572,64.68120243289863,48.76216516354852,32.85831612694964,4.420663702891699,0.9073663151186525,0.3258746074133817,5.471917841789942,3.903330410170191,12.549263341266586,8.899714883241368,11.90214062592861,30.08868909159651
4.734532,0.18863147,3.746143,0.0029481885,3.746143,0.0029481885,100.0,100.0,2.70116,2.734242309612984,2.513772808988764,330.8282433516957,247.11755589640745,662.4641307160838,68.45950976364507,42.39773713856066,22.073298156005347,9.803252032520318,14.403443916861256,12.725238071245018,51.34878774239769,23.963828954951556,4.325059955288785,3.578155262471728,23.400655576222842,53.03553583828649
4.6434746,0.1833109,3.794249,0.08496124,3.794249,0.08496124,100.0,100.0,2.308693495630462,2.356291847690387,2.1747072534332084,658.4441010457488,306.94290500193193,624.7026163496694,64.10466424597692,47.59129721817221,33.197822021416115,6.150670909330816,1.4103829418248206,2.4794953617395343,3.1699851403310637,5.55602923017479,1.6216352205245086,9.711740498624057,14.01752986780089,29.366336124646562
4.523738861083984,0.1942921131849289,3.198390245437622,0.1557035595178604,3.198390245437622,0.1557035595178604,100.0,100.0,2.4923634581772784,2.572150536828964,2.423990973782772,614.6681087495149,341.9567119876189,542.4966538391249,66.87921536603051,49.36867294595656,41.42856125094268,1.315587730783678,7.621361373596819,8.699146806402336,9.60763106624781,5.217449842344282,14.567456088326793,5.803922019675341,10.806372274694562,11.854124997994303
4.396712303161621,0.3502078354358673,3.41866135597229,0.0041327853687107,3.41866135597229,0.0041327853687107,100.0,100.0,2.813905205992509,2.844583945068664,2.67732872659176,337.8950176601417,267.63627400018987,329.8504924779148,74.61382147501149,39.02383117017492,49.10153394810411,14.386390487500366,19.02024874764283,20.059584152096853,50.30955622644974,17.65037723071081,48.05504055465909,5.089889401424635,29.496239981617123,4.471348825753431
4.4446797370910645,0.0542089194059371,3.4077277183532715,0.0743212178349495,3.4077277183532715,0.0743212178349495,100.0,100.0,2.527967565543072,2.6197976404494385,2.4602880399500626,533.486413830027,222.3655993395116,548.2473802330084,64.97719586822751,46.23348522588459,45.671793261410855,2.7629091684175537,9.614964035541355,10.326817934980388,21.546115613231322,31.57981558784259,13.661829884565615,8.482822720806322,16.470668065249157,2.8259717842322236
4.297408580780029,0.385237455368042,3.5024917125701904,0.0667756348848342,3.5024917125701904,0.0667756348848342,100.0,100.0,2.496455143570537,2.5712577403245938,2.4199616354556808,599.1666688024994,297.4952946401908,569.5844185233626,68.86392732811724,53.86888857471132,44.52433102836813,1.481916405306379,7.584005871321908,8.518458989043982,11.887254587867732,8.46298626455667,10.301666374273603,3.0085530589897997,2.675901400702224,5.267380790706104
4.32987642288208,0.0975636094808578,3.5202882289886475,0.0436224937438964,3.5202882289886475,0.0436224937438964,100.0,100.0,2.557118464419476,2.597834269662921,2.488605006242197,508.4972573209333,358.45572263475856,564.0010136121041,64.09582427229194,44.9305154168435,37.27453006466283,3.9479050577022865,8.69599454656573,11.596637051219604,25.220991570450987,10.294068503002633,11.180942738251325,9.724191165786007,18.82472372747336,20.692489224121644
4.292883396148682,0.1683946549892425,3.493753433227539,0.146317183971405,3.493753433227539,0.146317183971405,100.0,100.0,2.39836240948814,2.477317990012484,2.309409263420724,662.044428013868,341.83297003350395,530.3964128786608,67.67970801990994,54.32750989837068,40.60742800912905,2.505593110238212,3.653472385459585,3.560953516624393,2.6405252920782334,5.1793753949242936,16.47300584588018,4.6764675775916364,1.8473172567828782,13.601217001853081
4.361032485961914,0.2292612642049789,3.69331431388855,0.0337553285062313,3.69331431388855,0.0337553285062313,100.0,100.0,2.505477166042447,2.582741223470661,2.4218810237203496,556.3275258202732,244.3688593130317,531.0579072895133,66.21447448605376,50.716832294626215,40.214436536545854,1.848665286278329,8.064486337684556,8.604530211674872,18.18712855584218,24.809581749836404,16.368833497714437,6.740176780205972,8.370673361108917,14.437369071179033
4.209177017211914,0.3470654487609863,3.635430812835693,0.1450669318437576,3.635430812835693,0.1450669318437576,100.0,100.0,2.3423717852684143,2.4158611985018728,2.2319903121098625,712.1421266205027,323.7669333095712,628.6961000962299,66.67334261469264,50.87352557291904,32.52334148328447,4.78163474518641,1.082058514722704,0.0892516641193972,4.726783326544518,0.3794051355165581,0.9927401423260025,6.0938836412779676,8.087578007373006,30.80140109939475
4.6765642166137695,0.0527796894311904,3.689635753631592,0.0816788077354431,3.689635753631592,0.0816788077354431,100.0,100.0,2.372660986267166,2.3405280399500623,2.25607695380774,614.7352747077732,300.64214228118254,572.4518573279673,66.0934510092002,36.04474491408893,32.885591109022414,3.5503664119038225,2.0699564874450966,1.1693701259076283,9.597753719445116,7.494725451943833,9.85010120819412,6.910632381408177,34.87850964030907,30.030657214845927
4.760402202606201,0.3493960499763489,3.771005153656006,0.1476563662290573,3.771005153656006,0.1476563662290573,100.0,100.0,2.226803620474407,2.2631598377028714,2.1069731710362043,685.7667496420581,80.44844842835214,660.8390280738421,63.78036507185841,47.8400376033248,34.63838510196317,9.47952762299159,5.307119761386137,5.516898159811466,0.848051417949725,75.24663125281472,4.069138279345211,10.16849989879097,13.568134411337306,26.301308293695374
4.498572826385498,0.3948823511600494,3.2193617820739746,0.022464595735073,3.2193617820739746,0.022464595735073,100.0,100.0,2.674874906367041,2.7913603870162302,2.5158070037453184,593.066146940779,178.7117262801738,596.4018565656637,65.03483512253513,55.85035041144393,49.80836187781566,8.73475229134313,16.793321632478246,12.81645756705464,12.784390155767786,45.0117765291773,6.078447784934849,8.401640672485735,0.9039754497631892,5.975238037905666
4.281176567077637,0.1204032748937606,3.2718892097473145,0.1501720994710922,3.2718892097473145,0.1501720994710922,100.0,100.0,2.4941751810237203,2.588799425717853,2.42763975031211,590.1305313524292,244.25688258401976,485.5312027034786,68.05756696152987,42.62763058743784,44.358818372630765,1.38923500096424,8.317967603257435,8.862769072291924,13.216098330525117,24.844036127993917,23.53839327504274,4.144271885169194,22.98531059180155,5.619535377381352
4.493685722351074,0.2870769202709198,3.2549526691436768,0.0552336536347866,3.2549526691436768,0.0552336536347866,100.0,100.0,2.5942964669163544,2.665943033707865,2.423264406991261,525.0142928778204,277.7474793645926,523.0463240629879,67.8946527347791,60.41036542471941,37.42004853884024,5.4592059722095305,11.545733627944132,8.666565335930997,22.792015753261712,14.53923711858689,17.630500147560966,4.373728542564647,9.142484958842651,20.38287544927608
4.603204250335693,0.1650227010250091,3.2379343509674072,0.1196101531386375,3.2379343509674072,0.1196101531386375,100.0,100.0,2.5019433832709117,2.579573021223471,2.4322081148564294,591.5004852936687,338.3510553565226,518.0475329082626,68.43331384041136,48.86595364608429,44.87202248968354,1.7050155801183633,7.931925574203796,9.06762846889818,13.014634515636956,4.1080170327761785,18.41771135302951,3.615050928998087,11.714627559016638,4.5276117240775795
4.37238883972168,0.3338891863822937,3.5048828125,0.017894335091114,3.5048828125,0.017894335091114,100.0,100.0,2.6596670287141078,2.766254719101123,2.491053083645443,477.1307548254055,274.2296699758971,456.9482530962316,67.07957531147837,56.42077030578047,47.91320907289555,8.11654588268731,15.742875276197612,11.706416306970539,29.833712525675658,15.621640007416282,28.03964518169581,5.521724913410753,1.934544364553696,1.942998027437335
4.377068519592285,0.3278069496154785,3.609430313110352,0.0826483443379402,3.609430313110352,0.0826483443379402,100.0,100.0,2.414705305867665,2.4710210362047444,2.322851922596754,652.8635363434847,292.12712760555803,494.2687210674368,66.51607071860417,44.373437683233306,36.48471271616965,1.8412477289567029,3.3900015148428584,4.163763345145925,3.990656420075776,10.114729967520606,22.162406131112316,6.315393354078635,19.83118756416747,22.37295166772414
4.693992137908936,0.1490712761878967,3.419485330581665,0.1432463228702545,3.419485330581665,0.1432463228702545,100.0,100.0,2.3981898377028714,2.456693970037453,2.3103277528089885,662.4022604465418,345.19479362183495,532.121318419665,66.64250164509409,41.90788099772703,41.42107847219686,2.51260822346051,2.7905426793913355,3.602141381568992,2.587902875508552,6.2137826528722915,16.201367178005505,6.137321626628048,24.28567118748505,11.870045803836467
4.356522560119629,0.3320511281490326,3.707976341247559,0.0758784711360931,3.707976341247559,0.0758784711360931,100.0,100.0,2.3849696254681647,2.4492505493133585,2.28652127340824,662.8446293439026,297.3140345996246,554.9107381863114,66.56199934578034,48.629556932781455,41.81575930242866,3.050015224871352,2.479102481730476,2.534586251490587,2.522848625896673,8.518758584730886,12.612482175384033,6.250705146788259,12.141721891993761,11.030299356534766
4.796390533447266,0.1545833200216293,3.50168514251709,0.0161227732896804,3.50168514251709,0.0161227732896804,100.0,100.0,2.614736292134831,2.7057762546816484,2.4300177403245944,533.6821755913799,265.487278424079,439.0689362541096,62.528254252464535,49.19512011457901,39.188218691243286,6.29009317621265,13.212395593374403,8.969405395721722,21.51732711891473,18.311606638744916,30.855285629274082,11.932036264134458,11.11992752560251,16.62081129522705
4.600476741790772,0.1448898911476135,3.657701015472412,0.1294514685869217,3.657701015472412,0.1294514685869217,100.0,100.0,2.319538264669164,2.3760384893882645,2.2031292509363296,678.1283589435234,331.64662760002,653.8752850977422,63.76166439750215,48.86879592805453,31.975423400284733,5.709826639464876,0.5841636239219946,1.2049663257251289,0.27524133183479693,2.0451161846215373,2.9724858421641294,10.194838876757533,11.709492451572663,31.967184254713334
4.295261859893799,0.3236256539821625,3.1289618015289307,0.049917135387659,3.1289618015289307,0.049917135387659,100.0,100.0,2.685438764044944,2.806904357053683,2.5231726217228467,458.0808958192535,401.728610097246,363.07935412947,69.46333341269714,57.52380715571287,46.93870291838374,9.164177400200986,17.443696947852835,13.146754337347389,32.635162379521546,23.608803106844928,42.82214895598897,2.164319137046283,3.9273842018299403,0.13041932258778752
4.323446750640869,0.1181444302201271,3.342301368713379,0.0274327080696821,3.342301368713379,0.0274327080696821,100.0,100.0,2.7007507865168536,2.823337965043695,2.521957490636704,410.6738811907859,284.6544905081596,383.79104516041497,68.56993780357207,53.83422427278735,49.76802373993768,9.786617338083483,18.1312956085228,13.092264154112296,39.6067821778256,12.414002920566277,39.560465329068506,3.422622811870318,2.7385288657861766,5.889412212633367
4.696238040924072,0.3400770127773285,3.117593765258789,0.1216828748583793,3.117593765258789,0.1216828748583793,100.0,100.0,2.50695,2.5626292259675405,2.416758302122347,617.1393527990614,331.0801357108726,600.3287185508683,68.20909253268519,54.95732184378994,46.87121445209289,1.9085365853658465,7.222980166005873,8.374811754365332,9.244212823667445,1.8708109879607946,5.460044322697905,3.9308555877673377,0.709445630009142,0.27401180405767434
4.699713230133057,0.3659726083278656,3.161670207977295,0.0771302506327629,3.161670207977295,0.0771302506327629,100.0,100.0,2.5369897128589263,2.5575326217228467,2.417952571785269,585.3798973110282,332.59388042660964,577.8963609035349,69.51014438785718,55.76193848974876,36.8395926403241,3.1296631243465978,7.0097331264789355,8.428366447769912,13.914720983672318,2.3365785928029674,8.99269907030947,2.098388186116646,0.7442429805758922,21.617887999310426
4.362186908721924,0.3610386848449707,3.5740015506744385,0.0740373283624649,3.5740015506744385,0.0740373283624649,100.0,100.0,2.445427965043696,2.4980240199750314,2.359518027465668,637.2219743111699,314.1623189272832,426.4470600289176,68.45253039421354,49.36873131475136,42.19853914748934,0.5923591445651984,4.5198334717586315,5.807983294424574,6.290886130710308,3.3346710992974784,32.842982672611406,3.5879853602626204,10.806266820684089,10.215874154277996
4.528997898101807,0.1827278286218643,3.452648162841797,0.1050146892666816,3.452648162841797,0.1050146892666816,100.0,100.0,2.4391005243445694,2.5070897627965043,2.355850549313358,629.9124652012442,352.3501964290714,458.929777485662,67.17896602372579,46.886056997748,40.46422768798874,0.849572181115065,4.899153255083856,5.643522390733549,7.365813940993496,8.415445055098889,27.727594096746145,5.381737994752406,15.291676607501357,13.905898536194172
4.738935470581055,0.128821775317192,3.4548630714416504,0.0124124828726053,3.4548630714416504,0.0124124828726053,100.0,100.0,2.670211161048689,2.6850959800249687,2.510459463171036,524.7622430345531,329.5265775232177,608.2581666719122,58.53268737542133,45.16348685161104,42.03281009717352,8.5451691483207,12.347112134935925,12.576657541302072,22.82908190668337,1.3927930840669922,4.211312335131929,17.559595245885447,18.403817792933985,10.568489154949964
4.6967549324035645,0.2180209755897522,3.5907199382781982,0.0488731153309345,3.5907199382781982,0.0488731153309345,100.0,100.0,2.455499388264669,2.5031339450686643,2.3653513108614237,597.2101416013506,343.23805657952846,615.1932608836069,67.99542473494319,50.11026757770021,33.021992252542006,0.18295169655817098,4.733637868981763,6.069565509480884,12.174979176271965,5.611709716777988,3.1191715143926215,4.231796147967344,9.466544575067369,29.740442015868073
4.760131359100342,0.1940664201974868,3.56484317779541,0.1318143010139465,3.56484317779541,0.1318143010139465,100.0,100.0,2.335960561797753,2.3815288139825217,2.219599063670412,688.4222146881059,350.04355935749254,659.7962027367706,64.55634424773403,46.02126015313338,34.05380205298414,5.0422535854572015,0.3544429296016078,0.46640970087837796,1.2385609835449847,7.705710571536167,3.9049138168142714,9.075571482064744,16.854091864257665,27.545102014927366
4.741961479187012,0.1325900554656982,3.849835157394409,0.0221356209367513,3.849835157394409,0.0221356209367513,100.0,100.0,2.461881423220974,2.440113370786517,2.2962833083645444,554.7021066295965,268.6636765349724,644.4502054232262,63.09635451791017,35.258857707762424,31.965585950813207,0.07648061873877413,2.0967937567580197,2.9723456665714996,18.426160789765216,17.334253373854644,1.4882213264923119,11.131895045196941,36.29836005824314,31.988114998269776
4.394790649414063,0.1971691995859146,3.1666595935821533,0.0204185768961906,3.1666595935821533,0.0204185768961906,100.0,100.0,2.7776567665418237,2.887358951310861,2.59028556803995,559.9672259363244,248.96428979015184,477.0901622216981,66.60421286710957,57.78671311622902,32.083347343625974,12.912876688692021,20.809997962797528,16.156303499549324,17.65187853877582,23.395603141491744,24.86769098870896,6.191249482944272,4.402372387044304,31.737558843348992
4.235397815704346,0.3131536245346069,3.2654662132263184,0.1416113078594207,3.2654662132263184,0.1416113078594207,100.0,100.0,2.5046282147315853,2.5980134956304624,2.438865293383271,610.120510163551,296.6043092551203,424.6623260762621,68.48641718916429,47.95782947301196,43.03726091985523,1.814155070389646,8.703493541023525,9.366156653958335,10.276395564183678,8.737135613809134,33.124043137596516,3.540257480050302,13.355321638641442,8.431359744988876
4.5439863204956055,0.0424578711390495,3.180079698562622,0.0602879747748374,3.180079698562622,0.0602879747748374,100.0,100.0,2.652706129837703,2.766901535580524,2.4929811111111118,438.7419355930817,310.5551618545685,465.860423243708,68.072884254613,50.961725316263376,35.07960328067374,7.833582513727767,15.76993872721858,11.792874937718016,35.47912711866446,4.444565583209694,26.636153819888506,4.1226982329394355,7.928228877572946,25.362546211332475
4.492564678192139,0.2248273938894271,3.3514890670776367,0.1381671279668808,3.3514890670776367,0.1381671279668808,100.0,100.0,2.447743982521848,2.486305131086142,2.3694206117353307,645.33979098745,310.72203489774193,528.9894013753992,67.53467876811538,49.5355041869142,40.83254148550074,0.4982120926078082,4.029503392725608,6.252045369297341,5.09708956066912,4.39322003146402,16.69458246056705,4.880734129414952,10.504960818583195,13.122252158509061
4.711198806762695,0.0499182119965553,3.1832852363586426,0.1524376720190048,3.1832852363586426,0.1524376720190048,100.0,100.0,2.505093595505618,2.5521904744069914,2.437300099875156,574.5931923587473,293.9817933400642,540.9339542162388,66.01507599793776,50.41594365419863,40.46925843727863,1.8330729880332601,6.786212318284154,9.295968604267093,15.501001123713635,9.544063587672554,14.813550517127746,7.021019721214427,8.914284274257223,13.895194814300782
4.644721984863281,0.398674875497818,3.4289135932922363,0.1361460089683532,3.4289135932922363,0.1361460089683532,100.0,100.0,2.3888338701622973,2.437779675405743,2.296968639200999,712.3679432042375,345.47896629714927,622.823386350252,69.55136841140617,50.24494662784159,30.737495481928995,2.892932107223685,1.9991495985666394,3.0030779910761853,4.7599916476819795,6.301220399122853,1.9175769527162192,2.0403261811180657,9.223221991252771,34.60107344270427
4.539633274078369,0.2588036954402923,3.551808834075928,0.0534905903041362,3.551808834075928,0.0534905903041362,100.0,100.0,2.4786955305867666,2.4767841947565543,2.393986641697877,594.1465924413516,292.2507524542879,570.2653199567176,69.12390222436693,47.60464579741134,40.560007750820745,0.759980918161246,3.6311378559227694,7.353661062685068,12.625501111565946,10.076691552526793,10.19443780209172,2.6423912332860144,13.993413193475455,13.7021111684665
4.291852951049805,0.225131556391716,3.7260334491729736,0.141481265425682,3.7260334491729736,0.141481265425682,100.0,100.0,2.297215905118602,2.361596516853933,2.182450661672909,695.3321085216629,354.33142377146885,619.8328262570047,63.80814244805832,47.04410748159184,38.31278735548413,6.617239629325127,1.1884302571576195,2.1322573240847915,2.2547218414210173,9.025053468144261,2.38853129810949,10.129376833720675,15.006129211216196,18.4834311585444
4.42138147354126,0.2780286967754364,3.837791681289673,0.0884041711688041,3.837791681289673,0.0884041711688041,100.0,100.0,2.3007897503121097,2.3554782397003744,2.169333358302122,676.797778150216,377.4692634876709,603.5061293403824,64.99566646639845,52.52390915389358,31.462508448781584,6.471961369426432,1.4444251171391516,2.7204772061828626,0.47091497790941117,16.144388765437203,4.959664670805928,8.456807793805003,5.1058551871841455,33.05849266216684
4.472136497497559,0.2674242258071899,3.809548854827881,0.1099713295698165,3.809548854827881,0.1099713295698165,100.0,100.0,2.280146853932584,2.332510474406991,2.157918464419476,685.8512861067352,297.4025274385422,627.7940346582535,64.41817838072114,49.08359303538937,31.05138590983928,7.311103498675446,2.405419480879038,3.2323558556288687,0.8604832509904687,8.491530018910087,1.1347976916136207,9.270171294758951,11.321421796947844,33.933221468427064
4.480201244354248,0.378213107585907,3.188324451446533,0.1443701535463333,3.188324451446533,0.1443701535463333,100.0,100.0,2.500165218476904,2.535486779026217,2.4316366292134832,632.078505620867,181.287533939224,498.85395631737913,68.105074066766,45.954635835575225,43.35527832597454,1.632732458410737,6.087312929967233,9.042001310021671,7.047278585166623,44.21922032639261,21.440321839782815,4.077360469343671,16.97446100167078,7.754726966011621
4.301464557647705,0.1862054616212844,3.396209239959717,0.0288793295621871,3.396209239959717,0.0288793295621871,100.0,100.0,2.663990961298377,2.777820087390761,2.4996649687890136,446.2644705748497,294.14657104912163,348.3199869983978,70.20836861453748,47.6790848709885,47.348891979714,8.292315499934025,16.226781899195014,12.092599497265184,34.3728719742868,9.493362754116422,45.1464587404098,1.1149737823415817,13.858925255666675,0.7423233610936109
4.370276927947998,0.2897451221942901,3.4989681243896484,0.0970419719815254,3.4989681243896484,0.0970419719815254,100.0,100.0,2.442414357053683,2.514893108614232,2.35770465667915,640.6485962149011,324.88801115928965,420.5241193647584,67.33235319770976,48.70064876660879,39.99794431649043,0.7148635344031316,5.225653080093387,5.726666218795973,5.786971144867486,0.0344581048339548,33.775729233896314,5.165699721535543,12.013281361140393,14.897990815977805
4.426888942718506,0.2547566592693329,3.4813783168792725,0.0047906637191772,3.4813783168792725,0.0047906637191772,100.0,100.0,2.7899583895131084,2.843823995006242,2.6093279400749063,228.54353910362644,304.8742369234924,471.5406844730791,71.65062381135037,46.24979104881884,41.10885060747888,13.41294266313449,18.988451673901327,17.010221528022708,66.39065601417258,6.192542485079264,25.741624492428485,0.9163715652822131,16.441208583886468,12.534360409619408
4.574704170227051,0.2862462401390075,3.4093270301818848,0.0266652405261993,3.4093270301818848,0.0266652405261993,100.0,100.0,2.61011379525593,2.7005932709113605,2.4278605368289634,511.6179090869867,302.90917671229545,509.1162311289672,66.57503971204417,53.78947193702811,41.85981585132794,6.102186799021552,12.995534347755662,8.872669812958002,24.76207219309019,6.797176396216785,19.82421557024139,6.232338433740601,2.8193822275914915,10.936562018451196
4.5844807624816895,0.3222815692424774,3.4117865562438965,0.0595378912985324,3.4117865562438965,0.0595378912985324,100.0,100.0,2.507566004993758,2.567567253433208,2.429098264669164,591.0905413416887,265.4781771352297,584.100516215618,66.68354238086874,52.13628940193241,42.35006787108792,1.9335774387706532,7.429592193858076,8.928173303549961,13.074920390928138,18.314407035313934,8.015666737697957,6.079517773424304,5.806161875460872,9.893472614706546
4.653451442718506,0.3526108860969543,3.4454917907714844,0.1391401439905166,3.4454917907714844,0.1391401439905166,100.0,100.0,2.380867315855181,2.432284107365793,2.2891072034956306,709.4798070001395,354.46983668052707,571.0421611353466,68.36887272989875,45.99747730495678,29.46906653095216,3.2167757782446746,1.7692095132130832,2.6505472419565286,4.335265735314639,9.06764205554679,10.072100608606826,3.7058130564806278,16.89705997297781,37.29985844478264
4.575787544250488,0.2634261548519134,3.617690324783325,0.0936514139175415,3.617690324783325,0.0936514139175415,100.0,100.0,2.3746502496878903,2.430147203495631,2.274978164794008,672.4110115042288,324.53939828878123,607.5498385720624,65.23115425891869,45.66306630845653,30.83963948675613,3.4695020452077103,1.679799309440616,2.0169580625115775,1.1160277199663557,0.1417236034519297,4.322860067391746,8.12513484659339,17.501235215074022,34.3837457728593
4.615801811218262,0.3936035931110382,3.736598491668701,0.1216896399855613,3.736598491668701,0.1216896399855613,100.0,100.0,2.282078963795256,2.3283008239700376,2.156913770287141,718.5286706317636,342.4177597031094,694.6231070835732,64.57456570922142,48.256122721823296,36.92701575998981,7.23256244734732,2.581555482425211,3.277409404164078,5.665980975259352,5.359310677879823,9.38946568245248,9.04990745180082,12.816399779903714,21.431881361723814
4.68559455871582,0.2370469123125076,3.688337564468384,0.1580176204442978,3.688337564468384,0.1580176204442978,100.0,100.0,2.2676571036204747,2.313674719101124,2.149639488139825,704.3213130981238,316.60941759049325,671.2122412571919,64.65428815735123,52.47249594158113,34.469638472740925,7.818816925996963,3.1935263974425068,3.60361039731726,3.5766636909005625,2.581717664463615,5.702715158612892,8.937622313589815,5.198742652969958,26.660343675019305
4.45106315612793,0.3633916676044464,3.0687410831451416,0.1074567437171936,3.0687410831451416,0.1074567437171936,100.0,100.0,2.583673445692884,2.675529887640449,2.5242969163545568,556.7333659766132,344.87729566597375,522.5515803747816,72.29413407812348,55.4189279486705,48.89070036468955,5.027375841174149,11.94685722344975,13.19717113697564,18.127446179909825,6.116090974145768,17.708412539404478,1.8227240536950382,0.1245310725754273,4.0227667333820225
4.720556259155273,0.1133147552609443,3.104789018630981,0.0397725738584995,3.104789018630981,0.0397725738584995,100.0,100.0,2.680764993757802,2.77937152309613,2.5160893508114857,524.5920526343913,360.07793695427193,546.9143922491791,67.97857763330695,50.03026918408408,50.518899061596485,8.974186738122041,16.291695527034715,12.829118870470209,22.854109906707166,10.793211370545212,13.871749252097787,4.255524460131049,9.611076451519287,7.487019279992523
4.737375259399414,0.1107198968529701,3.31645941734314,0.0093919541686773,3.31645941734314,0.0093919541686773,100.0,100.0,2.740246416978777,2.822856741573034,2.589264731585518,443.2200521533106,346.2392360626232,579.6773756598318,68.41931819947871,30.369189623722143,43.14854171820109,11.392130771494994,18.111160735273376,16.110526080068073,34.820580565689625,6.535149557730216,8.7122243055383,3.634763099325761,45.132448737629375,8.194592088933856
4.335700035095215,0.0536010302603244,3.2641842365264893,0.1434280276298523,3.2641842365264893,0.1434280276298523,100.0,100.0,2.505017390761548,2.6028931835205995,2.441083882646692,566.6313278100018,267.9347382885777,378.4016301371596,68.72670638211358,44.41342755771353,44.543344486984495,1.829975234209272,8.907664582451856,9.465644961735071,16.67186355735267,17.558542065053015,40.40919210438432,3.201821997023132,19.758938468448907,5.226926623437246
4.3379998207092285,0.14630888402462,3.383361339569092,0.134233221411705,3.383361339569092,0.134233221411705,100.0,100.0,2.456324382022472,2.5237586392009987,2.379986292134832,619.1821243563901,330.45360339711283,495.12388811595,66.3111791963161,44.45262484591828,39.73165785957404,0.14941536494016805,5.596595782468561,6.725842696629241,8.94380524170734,1.6780318144962552,22.0277341549685,6.603972962935065,19.68812132625424,15.464557745587143
4.572175979614258,0.2056729197502136,3.4584920406341557,0.0965629369020462,3.4584920406341557,0.0965629369020462,100.0,100.0,2.4407681023720347,2.505033770287141,2.3560771161048693,629.1111058374612,308.9306433708141,536.4497490838502,68.48376928066874,45.96903913545472,33.05541864071964,0.7817844564213532,4.813128463897099,5.653682336541223,7.483660906255706,4.944417424364894,15.51972455372438,3.5439869286355794,16.94843877966627,29.669322041022053
4.452212810516357,0.1207377314567565,3.5135865211486816,0.0665967315435409,3.5135865211486816,0.0665967315435409,100.0,100.0,2.4873258177278403,2.565482222222222,2.40813975031211,569.1967550247485,280.7875809735757,443.2312232187463,67.81759225680335,48.41534828139092,40.03478066484259,1.1108055986926981,7.342352394235233,7.988329610408522,16.294594849301685,13.603821238899785,30.199807367126567,4.482264427037533,12.528729392247664,14.819615606717887
4.656954765319824,0.2380590587854385,3.5775041580200195,0.0283565875142812,3.5775041580200195,0.0283565875142812,100.0,100.0,2.532205530586767,2.599424656679151,2.3614724719101123,545.4860137341944,339.7265497118456,550.4234198146696,68.23692023832673,53.26980447528089,44.79102406342079,2.9351841701937733,8.762537936366146,5.895626543054366,19.781468568500816,4.531246065183268,13.3191464858788,3.891661636159532,3.7582574972341622,4.699948801232357
4.769457817077637,0.0666954070329666,3.7389087677001953,0.0413406491279602,3.7389087677001953,0.0413406491279602,100.0,100.0,2.4356864794007493,2.422417066167291,2.315825268414482,570.8596915079204,273.6832954442945,677.6486845775868,66.79741833652636,35.68248317817484,32.6654841394195,0.988354495904497,1.3563626011418786,3.8486667450440364,16.050045366482294,15.78975524790938,6.716328279934925,5.919129103483996,35.53300238812134,30.49896991612873
4.202675819396973,0.0906253308057785,3.767919778823853,0.0840701535344123,3.767919778823853,0.0840701535344123,100.0,100.0,2.353947016229713,2.422638401997503,2.229579975031211,624.5542429813886,284.95431221019936,554.993337097702,64.17038063409434,44.871291056671325,33.0907427028173,4.31109690123118,1.3656235145398654,0.018835200394121135,8.153787796854617,12.321750089169427,12.599474472802834,9.619182205500927,18.931723474848557,29.59416446209085
4.347369194030762,0.3243235051631927,3.2572476863861084,0.0573268011212348,3.2572476863861084,0.0573268011212348,100.0,100.0,2.610032147315855,2.7087399875156057,2.4986787515605493,514.8351554708757,300.77490424212374,355.757939907704,69.1178150490734,56.50401033746934,47.543920845559015,6.0988677770672775,13.336401151280569,12.048374509441674,24.28894772487121,7.45387561780808,43.97512757358992,2.65096471961493,2.084932859023193,1.1572783948064145
4.440769195556641,0.2829081416130066,3.231642723083496,0.1374671459197998,3.231642723083496,0.1374671459197998,100.0,100.0,2.499640237203496,2.5811996129837707,2.43174202247191,616.2549942093788,302.5101958847574,537.0461490783879,68.86350291848541,50.495557161028856,41.28486797906984,1.611391756239669,7.999983806852323,9.04672746510807,9.3742655574443,6.9199397277669465,15.425803294742066,3.009150819034635,8.770447766885539,12.159855363681197
4.326421737670898,0.1198281869292259,3.3912312984466557,0.0318128392100334,3.3912312984466557,0.0318128392100334,100.0,100.0,2.657603732833957,2.768976367041198,2.4651391760299624,439.1861795451012,349.2365648420064,499.1548138096898,67.5167490400213,52.34872294435984,34.23625093433587,8.032672066421018,15.856751759045942,10.54435766950504,35.413797125720414,7.457404566771192,21.392942707135465,4.90598726757564,5.422361437470928,27.15691290566836
4.358798027038574,0.3675103783607483,3.4092800617218018,0.0628611221909523,3.4092800617218018,0.0628611221909523,100.0,100.0,2.53507722846442,2.60253443196005,2.464006679151061,573.9319345581666,285.1030676473448,474.48488324113424,69.32112281553245,53.67566195004876,45.18547646348335,3.05191985627724,8.892654056905846,10.493573056101395,15.598244917916672,12.27597918543237,25.277971143128465,2.3646157527712006,3.0250009935885065,3.8606883755673462
4.707752227783203,0.0486887171864509,3.412177085876465,0.0264765750616788,3.412177085876465,0.0264765750616788,100.0,100.0,2.6515385018726594,2.7504418851435704,2.479721448189763,436.0453039723704,355.9282497113478,488.3136143244341,63.58548475686607,47.97174767828768,44.78335876223004,7.786117962303228,15.081250424417163,11.198271219271891,35.875690592298476,9.516384526568554,23.100218216624548,10.442979215681587,13.330175829651894,4.7162579527020485
4.216013908386231,0.2887289524078369,3.573196649551392,0.1141181960701942,3.573196649551392,0.1141181960701942,100.0,100.0,2.4014113108614232,2.497270711610487,2.31083290886392,665.6934039803767,312.15702554835474,504.8514259688813,66.77477729748179,43.59484496093733,33.01268468206458,2.3816540300234443,4.4883142933258044,3.6247941194583024,2.103911179356363,3.9516844466600807,20.495838430097432,5.951017890870718,21.23785914916472,29.760245357309405
4.800000190734863,0.0399999991059303,3.429880380630493,0.1599999964237213,3.429880380630493,0.1599999964237213,100.0,100.0,2.391326117353308,2.467727915106117,2.30337240948814,641.1053899966439,302.52445996078177,524.1096500330638,63.33311918452368,44.60163833947014,34.713322932537416,2.7916212458004943,3.2522140211764428,3.2902425779434905,5.719795588728837,6.915550781297918,17.463047238887597,10.798423683769462,19.4189009223665,26.14186610098422
4.662720203399658,0.1929187923669815,3.5379509925842285,0.1287951618432998,3.5379509925842285,0.1287951618432998,100.0,100.0,2.361960961298377,2.42266240948814,2.239236129837703,681.3491817042972,310.42901324765813,601.3714874433538,67.3349076117664,44.28125481940348,35.33548268385694,3.9853267764887312,1.366628012056068,0.41417622590595665,0.19840907416134795,4.483380539182113,5.295828749078146,5.162101955258596,19.99773293694042,24.81812194924056
4.329941749572754,0.1664416939020156,3.6664648056030273,0.0167082007974386,3.6664648056030273,0.0167082007974386,100.0,100.0,2.626170649188514,2.7186305617977533,2.5391503620474403,459.6345978361745,365.4509344622212,505.1943586172285,69.00592295476326,52.94443609263295,32.846050016276365,6.754904438557488,13.750232711203061,13.863244934862792,32.40667678879787,12.446441372991139,20.441833288625435,2.80855921864329,4.346095586932345,30.11478719941199
4.239229202270508,0.3048835396766662,3.713900089263916,0.0791052132844924,3.713900089263916,0.0791052132844924,100.0,100.0,2.386416154806492,2.4648150811485645,2.2869722721598005,655.8753345627632,301.1278801285283,577.5529278508411,65.17192380797219,43.68427562841013,37.56579070359434,2.9912132192482845,3.130338123370895,2.5548104107533853,3.5477449172407036,7.345267652760517,9.046783015615572,8.208558016940575,21.07628612753365,20.072785737033325
4.303911685943604,0.2965176999568939,3.112886428833008,0.0231845937669277,3.112886428833008,0.0231845937669277,100.0,100.0,2.778546004993758,2.8755879650436955,2.6004274032459427,313.7472453524066,205.1094903614952,383.323648178745,60.640385003138334,60.68048840287044,39.48036847393807,12.94902459324219,20.317488077142066,16.611094315961555,53.86069921288138,36.889387581078395,39.634071152953545,14.59100703783333,9.63051201963945,15.999216012897719
4.431342124938965,0.0580996163189411,3.146986246109009,0.0120233809575438,3.146986246109009,0.0120233809575438,100.0,100.0,2.886199413233458,2.891788963795256,2.726091847690387,220.9192589372126,152.60373032558772,395.88246991334034,65.61188004679111,44.041936641491255,49.124025374091104,17.325179399734072,20.995354133692718,22.246271196878343,67.51187368570403,53.04500605366532,37.656303950655065,7.588901342547727,20.430105435426825,4.519202923598095
4.668392658233643,0.1104052439332008,3.1436846256256104,0.0883010029792785,3.1436846256256104,0.0883010029792785,100.0,100.0,2.57750327091136,2.5984761672908863,2.4211282646691634,521.9663480144976,318.9842526546199,396.09071783089496,65.39931319619956,28.686853769686728,33.64647225641136,4.776555728104071,8.722852187903186,8.570774200410918,23.240242939044467,1.8509991831938701,37.623509003008664,7.88829127295837,48.171899241758396,28.41176115657158
4.475464820861816,0.2166192829608917,3.5271573066711426,0.0798929706215858,3.5271573066711426,0.0798929706215858,100.0,100.0,2.447529825218477,2.514871448189763,2.362031098626717,617.8573337319057,292.5681285572512,514.4188565558328,67.66269524035997,45.21851021582066,36.58906151030589,0.5069176740456509,5.2247467861825445,5.920677068462647,9.138627392366812,9.979037366999627,18.989156447900346,4.700429238929625,18.304407920829888,22.15093295679598
4.605118751525879,0.0945601537823677,3.486976623535156,0.0441185906529426,3.486976623535156,0.0441185906529426,100.0,100.0,2.544022097378277,2.5459918851435708,2.4699277403245943,521.8308580642527,270.2995016577076,552.3652730773382,66.33610859800962,27.432280997580825,42.79865525298182,3.4155324137510994,6.526857118977851,10.759091494376426,23.26016793172755,16.8309225668592,13.013342822466424,6.5688611295639205,50.438516716204475,8.939031376634432
4.333148956298828,0.1060629785060882,3.634464740753174,0.1128820031881332,3.634464740753174,0.1128820031881332,100.0,100.0,2.36866581772784,2.439061972534332,2.267012983770287,645.8817507883892,251.9600694229868,565.5282478835096,63.53455404206704,47.24539289629903,30.59659087125197,3.712771637079668,2.0528021980891946,1.6597750569635352,5.017389589942759,22.473824792927136,10.940433404171715,10.514712616806982,14.642469925385674,34.90087048669794
4.800000190734863,0.03999999538064,3.481865882873535,0.1577692776918411,3.481865882873535,0.1577692776918411,100.0,100.0,2.370283033707865,2.436606129837702,2.2415740324594253,648.811576207916,298.61529232299046,551.0418888929486,64.66695605704658,45.42814899701133,36.962286975503616,3.647031150086784,1.9500472735440195,0.51901490849441,4.586532910600588,8.118371592926014,13.22174978063802,8.919780201342851,17.925656735300223,21.35683622233273
4.763367652893066,0.0444495864212513,3.531367063522339,0.1065693944692611,3.531367063522339,0.1065693944692611,100.0,100.0,2.402559413233458,2.4739486142322096,2.309725418227216,616.8567925609659,311.5669891325897,511.8740280471736,65.28286100958209,39.36212164771095,37.23076665530997,2.3349832018919585,3.5124943193393072,3.5751308622070064,9.285765799857954,4.133234113049324,19.389916842964784,8.052308437208321,28.885055740359622,20.785602861042616
4.800000190734863,0.03999999538064,3.557682037353516,0.1599999964237213,3.557682037353516,0.1599999964237213,100.0,100.0,2.3351367166042447,2.395267965043696,2.212077827715356,659.4909635671921,295.57271554051385,587.7601829478306,64.10284331889919,46.434917364875965,32.65547415317505,5.075743227469726,0.2204169474349781,0.8036848558136268,3.01603476953057,9.054549064457275,7.439341268058178,9.714305184649028,16.106743694894377,30.52026775920202
4.488691329956055,0.0627364739775657,3.7975709438323975,0.0884247049689292,3.7975709438323975,0.0884247049689292,100.0,100.0,2.321133208489388,2.3735693383270915,2.1899642571785267,628.7023199192499,282.7083910420271,576.134798410387,64.19360517761173,44.26426293432961,31.098931583184694,5.644991524821621,0.6874753838037083,1.7953247902005949,7.543776482463246,13.012802756299363,9.270110486553225,9.58647158082855,20.028431916297006,33.83206046130916
4.200655937194824,0.2505010068416595,3.099374771118164,0.0880042314529419,3.099374771118164,0.0880042314529419,100.0,100.0,2.640182034956305,2.753557103620474,2.4972802372034955,483.8461007076573,220.3428623582812,268.56178247998946,68.91673099444415,58.90326500643541,33.62415575098487,7.324472965703465,15.211594293743667,11.985660861143295,28.846161660638636,32.20219619745194,57.70680590866307,2.9341816979659843,6.419629641256386,28.459243083010918
4.714875221252441,0.0441441386938095,3.067485809326172,0.0540455728769302,3.067485809326172,0.0540455728769302,100.0,100.0,2.694740961298377,2.817560424469413,2.5097786017478154,415.2199538058678,356.7142151087135,394.0418066201683,64.2819446507827,55.54696374810628,39.827718386793,9.542315499934018,17.889557509180445,12.546125638915491,38.93824208737238,9.758220033450312,37.946172185800265,9.462049787629994,0.3558513967593091,15.260173645121272
4.526004791259766,0.150034099817276,3.106019258499145,0.1041562184691429,3.106019258499145,0.1041562184691429,100.0,100.0,2.582816928838952,2.618283196004994,2.422242484394507,526.4375163721347,321.11335126848985,407.43948835097024,67.01079207577038,49.74889039904356,32.98915324110722,4.992558082884237,9.551598159204762,8.620739210516009,22.582718180568424,1.1958919173877383,35.836301047091304,5.61860271018256,10.119439206786705,29.810312252963367
4.722143173217773,0.0655281990766525,3.313498020172119,0.0056964405812323,3.313498020172119,0.0056964405812323,100.0,100.0,2.8253639575530585,2.7706201622971283,2.6733320848938824,369.8678775586459,217.9016839740844,425.4892708822157,72.50530191579043,38.16754042148419,45.21611352522815,14.852193396465792,15.925529803227116,19.880362551295175,45.607665064905014,32.95332800797404,32.99381560909989,2.120143543366797,31.043287404725945,3.7955031378124415
4.5872578620910645,0.3561362326145172,3.449736356735229,0.0504480153322219,3.449736356735229,0.0504480153322219,100.0,100.0,2.510101323345818,2.578241410736579,2.384544019975031,589.9857771320958,314.07715994647515,593.8241389149164,68.23298163656759,48.76669805703973,34.627540783304575,2.0366391603990994,7.876209654250169,6.930225110987936,13.237385715868266,3.360873862623031,6.484387572454114,3.897208962580864,11.893951116459384,26.324381312117925
4.202282428741455,0.1188179180026054,3.613415956497192,0.1379967033863067,3.613415956497192,0.1379967033863067,100.0,100.0,2.35666304619226,2.432219063670412,2.254833970037453,661.5661600699015,254.46251699187988,572.1922733211873,64.00092395215162,52.15961839532258,32.148101153271114,4.200689179176423,1.7664880196825037,1.1136309433835487,2.7108588132497857,21.70384092557542,9.890980579340589,9.85785358851884,5.7640137392545965,31.599784780274227
4.2830986976623535,0.355171263217926,3.6635525226593018,0.0588817782700061,3.6635525226593018,0.0588817782700061,100.0,100.0,2.445939538077403,2.5182290012484394,2.3581847940074905,622.5369481668287,315.7485824298768,479.8827990576585,68.79443215905262,45.4453945566256,41.98860245083898,0.5715634927884878,5.365230177758965,5.748197040694642,8.450448798995785,2.8465900215763633,24.427905660211266,3.1064335787991286,17.89449944602421,10.662547976938335
4.558475971221924,0.0418836176395416,3.68563175201416,0.1421905905008316,3.68563175201416,0.1421905905008316,100.0,100.0,2.3055323470661677,2.362887378277154,2.1910906866416977,650.8149746173127,277.79423981450554,559.687232868004,62.99705860914766,43.01107315231816,34.552958368513345,6.279172883489116,1.1344193189475456,1.744812258219833,4.291915497454013,14.524849287844448,11.860278288503306,11.271748437820202,22.292550763652827,26.483067301035433
4.741361618041992,0.2962745726108551,3.675466775894165,0.1465098857879638,3.675466775894165,0.1465098857879638,100.0,100.0,2.272461048689139,2.314153670411985,2.145825443196005,711.3836145059577,245.81632684755613,682.5846890471762,65.3321069117663,50.835421859722885,34.19803378613496,7.623534606132568,3.173486593640793,3.7746438028697256,4.615237427346716,24.364207123828884,7.493651818452944,7.982948011596757,8.156419404294699,27.2382259869469
4.776737689971924,0.3740204572677612,3.788481950759888,0.065149076282978,3.788481950759888,0.065149076282978,100.0,100.0,2.3152104119850185,2.331570536828964,2.1730793508114856,670.4644915022097,328.6691458607597,668.0378033101535,67.3007192817137,47.52752881706784,34.915714653235895,5.8857556103650985,2.44474741301406,2.5524954793055765,1.4022806614397443,1.128967957156839,5.202803670890323,5.21025453279761,14.13273926455675,25.71124541864703
4.223097801208496,0.2727620899677276,3.0876030921936035,0.0164659619331359,3.0876030921936035,0.0164659619331359,100.0,100.0,2.82573013732834,2.9601364044943823,2.6498477528089888,573.4245774901365,298.7741256485958,422.03993846084535,65.99456625781036,49.78313882417028,43.633354281966206,14.86707875318455,23.855079685957413,18.827253489192323,15.672856251450519,8.069499800432054,33.537017565221205,7.049906679140335,10.057563099963364,7.163075995816584
4.41412878036499,0.3113908767700195,3.1731503009796143,0.0562383569777011,3.1731503009796143,0.0562383569777011,100.0,100.0,2.634188614232209,2.7380402372034958,2.5098616354556804,498.4663688687464,321.35583232461306,412.1428399915562,68.55752102619726,52.86310371968125,35.46831088554356,7.080837976919069,14.562353021066762,12.549849123573114,26.69612222518436,1.1212823616575196,35.09561574936123,3.4401112307080783,4.493037543484649,24.535508754162638
4.574314117431641,0.2804297506809234,3.155794382095337,0.060982123017311,3.155794382095337,0.060982123017311,100.0,100.0,2.602885593008739,2.667803670411985,2.431113008739076,523.9095286682275,268.6958661024344,468.9666120872132,69.65306244362031,58.79757987211425,42.07720410853991,5.80835743937964,11.62358453606632,9.018520571259014,22.954481078201837,17.32434889155864,26.146990222486107,1.8970951498305435,6.2286899225189645,10.474033811617213
4.393824577331543,0.3720064461231231,3.243462085723877,0.0836112946271896,3.243462085723877,0.0836112946271896,100.0,100.0,2.558492983770287,2.628967702871411,2.4934697253433207,566.5168033297414,266.88367680793385,448.45263580292817,69.95761274395556,57.09452155602878,45.98694467042521,4.003779828060457,9.998648655707573,11.814785889835008,16.68870539268509,17.881945597558815,29.37753766883021,1.4681510648513172,3.1518004625632865,2.155436871435724
4.332111835479736,0.2204497903585434,3.3128979206085205,0.0648473501205444,3.3128979206085205,0.0648473501205444,100.0,100.0,2.5802910861423216,2.584260449438202,2.518386379525593,522.7700234457773,277.4556006529456,310.33475906032265,66.74290665819967,41.49145047267812,39.48222053907581,4.88988155050088,8.12805227774904,12.932124642403283,23.12205537562099,14.629045952939823,51.12838439994919,5.99590611521173,25.03802985966013,15.995275448774871
4.517790794372559,0.0875615924596786,3.4213550090789795,0.1537808328866958,3.4213550090789795,0.1537808328866958,100.0,100.0,2.411990149812734,2.499977578027466,2.3260132334581773,642.0602393715693,291.19162951821346,538.0135703259683,64.36001368539694,45.38709105119776,41.57430838566624,1.9516199263116216,4.601572302404421,4.305526164043828,5.579376563004513,10.402575532857398,15.273453491973493,9.352093400849386,17.999835499191047,11.544024711348419
4.503270626068115,0.3816962838172912,3.5373547077178955,0.130909577012062,3.5373547077178955,0.130909577012062,100.0,100.0,2.3710513358302125,2.4107782272159803,2.2761807990012484,716.5299376024062,309.0284182311464,577.1658079639279,69.80529862691883,37.61557285483504,35.17878980507255,3.6157993564954234,0.8693818918820174,2.0708878475896135,5.3720496474126795,4.914332851954948,9.107746777334185,1.6826779902551736,32.04051878078584,25.151511053037133
4.309125900268555,0.1053480952978134,3.581059217453003,0.1473029106855392,3.581059217453003,0.1473029106855392,100.0,100.0,2.357751710362048,2.4317771036204743,2.2571841697877653,666.0493580357994,300.16816097169976,562.6476558634321,64.05020585507924,52.345047180987095,35.35428698539566,4.156434538128138,1.7479959673838557,1.2190210667159318,2.0515649947353825,7.640565854861611,11.3940699427666,9.788442457634872,5.4290023830404825,24.77811279703051
4.462603092193604,0.153372660279274,3.575533628463745,0.1219989880919456,3.575533628463745,0.1219989880919456,100.0,100.0,2.3747886267166045,2.44286177278402,2.276225118601748,663.6901102785313,339.1257974200653,544.1114663573593,65.02784145131487,52.71997401154638,33.067585514283216,3.4638769627396524,2.2117896562351436,2.0728752736209937,2.3985131943336353,4.346399206173933,14.313154904352867,8.411490913641027,4.7516278020842355,29.643435075993157
4.372461318969727,0.3469493687152862,3.7996034622192383,0.0995328575372695,3.7996034622192383,0.0995328575372695,100.0,100.0,2.306007265917603,2.363963995006242,2.1821326841448188,695.7882487782573,356.82111236744737,656.9149535069596,64.1572241251718,52.65462171777625,37.00742323325102,6.25986723912182,1.089372593881098,2.1465164060619384,2.321801290920191,9.791111497676113,3.4511737806235576,9.637712499758036,4.869698793538843,21.26080163138081
4.691856959232993,0.3347900071006947,3.476439168201431,0.0801685130505324,3.476439168201431,0.0801685130505324,100.0,100.0,2.428355081148564,2.42190759051186,2.3393093882646694,650.5882116834413,335.60555279687026,577.4202783017867,65.09307693533859,44.16784965214649,31.65211874476082,1.2863788150990176,1.335045628111287,4.901766289895489,4.325262987729225,3.2632470144216175,9.067672708380053,8.319609950227342,20.20262032132523,32.655066500508894
4.512338674828952,0.2235167725300972,3.4764392914194384,0.127451514904939,3.4764392914194384,0.127451514904939,100.0,100.0,2.404159013732834,2.4670687390761548,2.315308027465668,668.3269860576689,305.6083335772052,558.7769355178822,64.60737786510579,47.50994354391595,34.93086233000603,2.2699587913482135,3.2246334341487293,3.8254720836622376,1.7166196974016277,5.966666591629169,12.003632201908319,9.003693147738327,14.16451030909494,25.679016319136107
4.5123381366315884,0.3347888141493061,3.476439046223811,0.080167752418813,3.476439046223811,0.080167752418813,100.0,100.0,2.457069213483146,2.504775617977528,2.373760861423221,634.2550918112281,315.08117877580685,456.496841659346,67.47222003038718,48.30374911309705,39.48682087922417,0.11913766328674663,4.802327112030446,6.446675400144444,6.727192380701748,3.0519449920594317,28.110733596953388,4.968704182553272,12.730353905877061,15.985487491012405
4.512360144161016,0.2235059852833937,3.476439415070587,0.1274879317891213,3.476439415070587,0.1274879317891213,100.0,100.0,2.403967865168539,2.4761604619225963,2.316128851435705,667.0429947783149,377.0387654702204,556.2997230689463,65.81987699725951,44.64772914097897,34.093456309656034,2.277729058189461,3.6050402478073718,3.8622803334396876,1.905441944365457,16.0119278369909,12.39374439859114,7.2959478911837845,19.335629374925084,27.460731256050988
4.691856959232993,0.3347900071006947,3.476439168201431,0.0801686091197631,3.476439168201431,0.0801686091197631,100.0,100.0,2.4284636204744072,2.4510943196004997,2.338959188514357,649.6930892589241,316.2268962282241,524.8794704323554,67.89766514582419,47.833840339493264,38.31240044132144,1.2819666473818188,2.556247682029272,4.886062265217805,4.456898638393508,2.6994165451618093,17.341815679944023,4.369485710106773,13.579330913291304,18.484254380167155
4.512338684990745,0.3347861950672912,3.4764413815076383,0.1274920813078788,3.4764413815076383,0.1274920813078788,100.0,100.0,2.399728514357053,2.462662883895131,2.3101198626716606,690.4261534293462,285.47089581074874,580.4708046474544,68.15060541468543,46.14657032009737,34.99159407298532,2.450060391989713,3.0402880290849827,3.5928189538861255,1.533257857256792,12.162801289000386,8.587274858668595,4.013231810302211,16.627695898649744,25.54979984471208
4.512360144161016,0.2235059852833937,3.476439413776923,0.1274879317891213,3.476439413776923,0.1274879317891213,100.0,100.0,2.404071086142322,2.459880299625468,2.315228714107366,667.7287351813769,311.0010495256242,554.5361667488074,68.19402922891443,48.3780705581665,40.898219756540456,2.273533083645454,2.9238619090153946,3.8219154308235868,1.8045977674445708,4.307369376731021,12.671469803337413,3.952071508571224,12.596078485697385,12.982511156296901
4.512338121812684,0.2235021628636453,3.476439873737424,0.0801722124260588,3.476439873737424,0.0801722124260588,100.0,100.0,2.4635495131086143,2.5209969413233457,2.381331722846442,609.8454816508785,316.7729098007097,514.6889961391093,66.73087142390617,49.46782829890755,42.0839262547468,0.1442891507566784,5.48104357001446,6.786175912396509,10.316840933694344,2.5314123690123917,18.946614781242623,6.012857149427935,10.627229812271821,10.45973137287915
4.513268420392195,0.2235059852833937,3.476439413776923,0.1274879317891213,3.476439413776923,0.1274879317891213,100.0,100.0,2.4039609488139826,2.460039288389513,2.314974918851436,667.5276689191039,304.2699981397925,531.0888175755243,63.38007100176772,47.39125435516568,33.23069024837052,2.2780102108137146,2.9305141585570156,3.810534477642877,1.8341663354258946,6.378462110833075,16.3639657361379,10.73229436370744,14.37894425444322,29.29640372687123
4.639648329841389,0.3347910999919719,3.476439152277678,0.0801772257906374,3.476439152277678,0.0801772257906374,100.0,100.0,2.4373678651685395,2.49133418227216,2.347107228464419,647.2525791632704,333.69262386571324,509.1463289749121,66.25166244063477,46.95999553943608,27.003054244414496,0.9200054809536758,4.239923944441844,5.251445222619696,4.815797181871998,2.6746534971425366,19.81947575198235,6.687799379387641,15.158092973015215,42.54669309699044
4.517210662899055,0.228222663582779,3.4764395794148406,0.0821752311316944,3.4764395794148406,0.0821752311316944,100.0,100.0,2.4593490761548065,2.4595777278402,2.377034556803995,616.6852573357954,332.0729687387076,593.6322234640312,69.44968528127238,42.08603861808263,33.32081018229426,0.026460318910304724,2.9112020016820037,6.59347788358722,9.310991568265377,2.176298073448484,6.514610478105324,2.1835418573628447,23.963796534629395,29.104659186607957
4.516472561123612,0.3370220109473832,3.695909667136789,0.1284477308876773,3.695909667136789,0.1284477308876773,100.0,100.0,2.3054221598002496,2.3602745443196005,2.1897910237203497,716.6589889514527,347.3621987445936,656.2207385775923,66.43472362626613,51.94502418538757,36.80762080791831,6.28365204064026,1.2437429154978927,1.8030931067107738,5.391027786978334,6.880676536798038,3.3418485948964296,6.429966723568826,6.151717822244688,21.68591317464189
4.690138479012511,0.3370213779852412,3.476439024205009,0.0822164847977731,3.476439024205009,0.0822164847977731,100.0,100.0,2.425687902621722,2.442265418227216,2.336443245942572,653.1164434760858,381.2243608270453,595.8138080798421,67.35877732495413,42.66883075474307,31.767295109149487,1.3948007064340562,2.1868375827286926,4.773239728366464,3.953464194693264,17.299803331398554,6.17105384569415,5.128482640909672,22.910874878512974,32.41001040606492
4.5164682388660005,0.2282256305897065,3.476438952049008,0.1284479883824714,3.476438952049008,0.1284479883824714,100.0,100.0,2.402390074906368,2.472094332084894,2.313371760299625,671.162132955762,292.51291171003805,538.5704232111447,66.50657760208766,44.76319676232984,34.60990040439745,2.341866873724885,3.4349092922549755,3.738643959624445,1.2996863300350014,9.996027166142138,15.185760124229187,6.328763940721606,19.127015786215285,26.361914033196918
4.690140877044337,0.3370220314285647,3.695909984145064,0.1284414983995003,3.695909984145064,0.1284414983995003,100.0,100.0,2.2848086766541824,2.328541672908864,2.161457440699126,712.9893928260433,377.84099813481794,696.0842108210312,67.41898557719416,50.987664143340645,34.90426320568173,7.121598509992584,2.571478120968032,3.073657367752195,4.851381297947542,16.25876865686706,9.619560759217514,5.0436822856420225,7.881365594687185,25.735610200677172
4.69013083360887,0.2285872730903523,3.4764496359840567,0.0823076660987613,3.4764496359840567,0.0823076660987613,100.0,100.0,2.435245655430712,2.4906558676654185,2.3471096878901374,630.2976676272247,343.9442881083571,648.0312006100136,67.86375797627622,50.69016437636526,30.089080643825675,1.0062741694832493,4.211542580143027,5.251555510768495,7.309166525408139,5.829011725648343,2.0521575763800897,4.417242286934903,8.418853881905584,35.98067948122197
4.599179142242748,0.3370086483601908,3.695909653649088,0.1284482661644861,3.695909653649088,0.1284482661644861,100.0,100.0,2.296109038701623,2.345678838951311,2.175204881398252,717.1158229393734,290.1743655931788,687.5752685988111,65.93685844219758,49.31991849093762,33.86710557949729,6.662234199121007,1.8544418848823894,2.4571802063564085,5.458209255790206,10.715579817483453,8.279569858080494,7.131185292679471,10.894456204268081,27.942328554261078
4.685933012850478,0.228216929438573,3.4764400109879183,0.0822160512912451,3.4764400109879183,0.0822160512912451,100.0,100.0,2.435998414481898,2.3688661048689137,2.318295455680399,631.0171568657693,350.24239632106,520.3992396106315,66.98833288877198,23.543067292965983,33.537624319963115,0.9756742080529335,0.8842633946061269,3.9594374744573635,7.203359284445696,7.766891175710778,18.04736384084543,5.650235367926791,57.465099741705544,28.643352510716777
4.689610769760803,0.3370215676567439,3.6958238235892806,0.1260917969522341,3.6958238235892806,0.1260917969522341,100.0,100.0,2.2872652559300874,2.3308291510611734,2.166758551810237,712.9075869376394,345.23239697393257,686.8249891113951,67.02421709131467,50.56049531437377,36.81391798362057,7.021737563817582,2.475767738026223,2.8359393807068694,4.839351020241088,6.225352915056174,8.161415608093716,5.599694237584974,8.653124996614697,21.67251492846687
4.516469057581145,0.2284339373272094,3.4764390479039955,0.0821915098587468,3.4764390479039955,0.0821915098587468,100.0,100.0,2.459375892634207,2.524118501872658,2.376840337078652,615.4492932639008,309.69922457024046,595.2658564347931,65.22319839870808,48.37719624168467,34.68269834204487,0.025370218121661823,5.611652798019166,6.584768478863326,9.49275099060282,4.707930901464474,6.257345443339664,8.13634028350975,12.597658099937362,26.207024804159843
4.523868984798507,0.339044670294276,3.4832968587109887,0.0839664368707274,3.4832968587109887,0.0839664368707274,100.0,100.0,2.446653370786517,2.509723133583021,2.3614408489388263,643.657167930292,323.17594023055904,578.2232906561551,66.88862728280665,48.58495671461085,40.45799232197765,0.5425459029871119,5.009336133180781,5.894208472593109,5.344534127898241,0.5612491598279891,8.941214069896837,5.79066579886387,12.22230042527399,13.91916527238798
4.523883226909039,0.3390402335237512,3.6974475140675382,0.0840043770190193,3.6974475140675382,0.0840043770190193,100.0,100.0,2.3580887890137325,2.4096723470661674,2.225058576779026,683.0164194557324,338.10306542538524,599.2998347950789,67.28143384785619,44.59151686586286,33.87501738693058,4.14273215391331,0.8231107559065804,0.22158848524546665,0.4435910964312317,4.031712438580073,5.622073260617491,5.237417115695504,19.437187234213447,27.925494921424296
4.523883610111184,0.2340690691428242,3.483633489627572,0.0861010480574931,3.483633489627572,0.0861010480574931,100.0,100.0,2.4491552559300875,2.5116882896379527,2.365070686641698,623.1483899935029,318.2469259194812,513.8209164906086,67.52923387094431,49.66396340948158,37.675450370731184,0.4408432548744889,5.091560235897595,6.056981463753272,8.360530883308403,2.0778689478519343,19.083320237699432,4.888402998669986,10.272875502291635,19.839467296316627
4.523883034611105,0.3390456588727402,3.483297230951495,0.129213317029563,3.483297230951495,0.129213317029563,100.0,100.0,2.3936641448189766,2.4449304744069917,2.303820911360799,695.0020688993155,329.878300920372,583.3642174018784,69.78375403898448,49.21976289912804,39.96644029832116,2.696579478903389,2.298346209497557,3.310354769542548,2.2061866028405195,1.5010156678067688,8.13161930679081,1.7130224803035448,11.075405782966502,14.96502064186987
4.523883610111184,0.2325295210909589,3.4832971518622244,0.1292704923899879,3.4832971518622244,0.1292704923899879,100.0,100.0,2.3978099250936333,2.4698663920099877,2.307722097378277,673.9119580136755,301.58451510627674,538.4672251992573,66.70710639995949,41.67366671255624,41.6554568520759,2.5280518254620583,3.341690042258894,3.48529584655951,0.8953002921065396,7.20476458268408,15.202011779644517,6.04632901414157,24.708822560874,11.37136839983851
4.692919582869928,0.3390450577862015,3.483319884620342,0.0839753741424424,3.483319884620342,0.0839753741424424,100.0,100.0,2.419772808988764,2.3934015980024967,2.3293382147315853,656.0921344737872,361.674123259224,518.2663181635949,65.83311879221374,45.13488644152007,33.66219954126952,1.6352516671234127,0.14232627625508867,4.45462846329979,3.515862577384242,11.284345618222774,18.383256982111046,7.277297475755298,18.45548971721759,28.378298848362718
4.523869377158533,0.3390448745399074,3.697444789065482,0.1292437252389001,3.697444789065482,0.1292437252389001,100.0,100.0,2.3031174406991264,2.35760077403246,2.1813469163545567,718.8784090179379,372.7093196558847,695.0078601392095,66.9969990125254,50.05929812607407,37.91964046109498,6.377339808978601,1.3556161492694594,2.1817526298405068,5.717413090873218,14.679790663349142,9.450056714836137,5.63802955982339,9.558630305195905,19.319913912563877
4.5246666494972825,0.2460871285020196,3.483297709431692,0.1292704923899879,3.483297709431692,0.1292704923899879,100.0,100.0,2.396914744069913,2.4701778027465666,2.30622152309613,677.5342876232982,362.0991311056791,550.4152815326573,66.62318755619717,42.10651808273287,42.50844411239853,2.5644412979710145,3.3547197801910666,3.4180055200058224,0.36260476127968305,11.41511726328587,13.320428105093333,6.164524568736385,23.92679659849527,9.556501888513768
4.523868630477121,0.3390455746961414,3.6576849850217625,0.0839654113365218,3.6576849850217625,0.0839654113365218,100.0,100.0,2.375075118601748,2.4224440574282147,2.275251897627965,677.1347659751754,317.2947986347255,576.5534236150432,67.34486993084109,47.06190509350202,31.431172030315963,3.452230951148462,1.357491942603119,2.0292330774872296,0.4213579448271536,2.370831189315228,9.204185257473505,5.1480705199421335,14.973974537485061,33.12516589294476
4.52386835743692,0.3390448786633042,3.580370546956358,0.1262040985817687,3.580370546956358,0.1262040985817687,100.0,100.0,2.3562645942571785,2.40531088639201,2.255646529338327,709.4821230676566,325.5490050370922,586.5047781151586,65.77203536351632,49.82358342100616,33.37774063334463,4.216886412309816,0.6406228615903744,1.1500685801940362,4.335606333478916,0.16892462679759143,7.637042816510454,7.363330473920671,9.984492464306845,28.983530567351853
4.525099401585172,0.3432597534186015,3.488370451807857,0.1300266172461107,3.488370451807857,0.1300266172461107,100.0,100.0,2.390456729088639,2.453958601747815,2.2992228963795256,697.2975730898937,288.2325102014077,529.1634722474936,66.32404597828402,51.70398752865536,37.5497805087659,2.8269622321691386,2.6760921233395436,3.1041657569293997,2.543760748513782,11.313073784182246,16.667169724804157,6.585850734811241,6.5871950701800195,20.10684998134915
4.525102717075061,0.2466022102207075,3.500032933242382,0.1264420223964143,3.500032933242382,0.1264420223964143,100.0,100.0,2.3927609238451937,2.4442050312109864,2.3007418102372035,674.8487131578827,310.84406427989927,594.9208720063382,66.10298466477133,46.92437207519423,36.150678302364895,2.733295778650662,2.2679929376981716,3.172278485973251,0.7575421826643111,4.355672529261763,6.311673699789262,6.897204697505173,15.222453342015852,23.08366318645767
4.689610389465224,0.2507498154987588,3.4883704065800045,0.0855999195367078,3.4883704065800045,0.0855999195367078,100.0,100.0,2.4237137578027466,2.4308465917602997,2.333953932584269,641.5365180313892,376.16326688987647,557.8312344340674,66.84923535502256,50.25724464409612,31.232111755275337,1.475050495823309,1.7090624167489368,4.661611326648838,5.656394407148652,15.742543658423529,12.152561506446084,5.846147387292173,9.201003353033212,33.548698393031195
4.525099319389964,0.2380133483681366,3.488464473873522,0.0855997059496112,3.488464473873522,0.0855997059496112,100.0,100.0,2.4476517977528087,2.50325518102372,2.3625827215980024,627.781349636296,289.719765877748,477.5933149195688,67.14882344572548,47.4052074605975,33.73976713198572,0.5019594409427335,4.738710503084505,5.945413524574101,7.67921328878,10.85545665300062,24.78845434337499,5.424192329964108,14.353735391874434,28.213261421306974
4.525100489155048,0.2807599880852757,3.503187486465454,0.1292819633938474,3.503187486465454,0.1292819633938474,100.0,100.0,2.387205792759051,2.4371336079900128,2.294505343320849,690.1889809348016,351.9743564644059,597.0601708231386,69.96379405162261,49.79679044476124,37.96192082209325,2.9591141154857263,1.972117489121868,2.8926162924147585,1.4983795492355345,8.29980198904797,5.974776248324629,1.4594449977146284,10.032898925453946,19.22995569767394
4.525099661952331,0.3432594883473784,3.4883702395749983,0.085616705976164,3.4883702395749983,0.085616705976164,100.0,100.0,2.441981760299625,2.4649625468164795,2.3562619350811485,646.289103808798,269.9215740765598,531.1081099901759,67.32118052254324,50.608745337810845,39.71620699404576,0.7324487683079166,3.136508234999138,5.661970183011142,4.957484734000292,16.947207976443135,16.360927560602224,5.181435883741909,8.565952415879234,15.497431927562207
4.6896450305436685,0.3432485801388423,3.488380149739398,0.1104385559537659,3.488380149739398,0.1104385559537659,100.0,100.0,2.386093258426966,2.430702309612984,2.292635593008739,690.2739948634344,324.4381251980512,583.0304628664201,65.77172409484817,51.80364095101075,34.820716756644416,3.0043390883347203,1.703025506819402,2.8087709869389785,1.5108815975638796,0.17288455444579015,8.18417907615432,7.363768880495539,6.407152753368115,25.913368602884223
4.525100489155048,0.3209031773414361,3.5027965250894844,0.129618524940369,3.5027965250894844,0.129618524940369,100.0,100.0,2.385534606741573,2.4565274531835204,2.2930827215980023,696.5588189192115,325.9440435945512,583.6663825634461,65.28656068658739,44.687954767402,34.22164806945385,3.0270485064401287,2.783575447009216,2.828821596322974,2.4351204292958073,0.2904749521696011,8.084034241977,8.047097624524799,19.26295434977056,27.187982830949256
4.689615388298153,0.2380018278584558,3.488394389214493,0.0855994140314453,3.488394389214493,0.0855994140314453,100.0,100.0,2.4248502122347064,2.4745435830212235,2.3352720599250936,639.1910229657012,323.30442368781974,538.0959036351811,66.84222397239813,46.99787783416201,29.66553058490342,1.4288531611907942,3.5373884109298466,4.720720176013165,6.001320152102761,0.5217157883631584,15.26048761650691,5.85602257408714,15.089651609463395,36.88184981935443
4.68964290736872,0.343258622183242,3.4883702810566906,0.0856026042689424,3.4883702810566906,0.0856026042689424,100.0,100.0,2.4157721473158555,2.464567490636704,2.325155118601748,664.0611869924843,358.04420067319785,585.08764882922,68.56120054797915,46.96008464033753,30.425123995916625,1.797880190412375,3.1199786877281905,4.267045677208434,2.343943089340545,10.167446360983954,7.860212782799994,3.434928805663162,15.157931995776828,35.26569362570931
4.685241164894505,0.3378996279860822,3.4942107467289363,0.0871881918973057,3.4942107467289363,0.0871881918973057,100.0,100.0,2.412523970037453,2.4447096379525592,2.3218284893882646,659.9063977813333,369.5488099573481,580.2959317643982,68.46789078012137,49.67279153947441,40.74375218394013,1.9299199171767147,2.289106190483645,4.117869479294376,2.954941502745097,13.707326140722497,8.614813895370357,3.56635101391357,10.256925854608115,13.311165566084828
4.531517440251943,0.3451640508732405,3.488683213321272,0.1303562451089213,3.488683213321272,0.1303562451089213,100.0,100.0,2.389164169787765,2.4415609113607992,2.29672822721598,699.7500073262252,327.4221586435274,601.7505420120142,69.98518342752959,44.993555158979,35.570727858687526,2.879505293180291,2.1573603079832258,2.992297184573101,2.904412842091935,0.7452795826238099,5.236135116218238,1.429319116155505,18.71083078775249,24.31760030066484
4.529773156155993,0.3451640508732405,3.4886639975468112,0.1304383441270489,3.4886639975468112,0.1304383441270489,100.0,100.0,2.389306579275905,2.442082933832709,2.297354881398252,698.8909164028227,382.9393667207792,588.8002380841522,68.12892324589964,49.37461355447951,35.9673686069457,2.8737162895973585,2.179202252414598,3.0203982689799136,2.778075941591567,17.82749745254745,7.275553057613831,4.043770076197687,10.795639467968368,23.473683815009156
4.690649960816632,0.2418242887643441,3.4886479195165623,0.0869356265774886,3.4886479195165623,0.0869356265774886,100.0,100.0,2.422446978776529,2.4594685518102373,2.333176853932584,640.9484605628743,385.473624418546,597.1440160662165,69.13624632235339,49.5022062605526,40.88095832062986,1.5265455781898751,2.906633966955529,4.6267647503400955,5.742873446636134,18.607269051860314,5.961572273036768,2.6250051797839626,10.565119673798382,13.019237615681151
4.690384884565237,0.2419878451305942,3.490554782029541,0.0916201346587702,3.490554782029541,0.0916201346587702,100.0,100.0,2.415242696629213,2.4474905493133585,2.3240369662921347,649.0330583814632,349.46450822223136,538.5268030503189,66.57778588180318,49.442773645622495,41.09475737681774,1.8194025760482468,2.40546231436646,4.216904318032949,4.553962002725999,7.527540991455804,15.192629440894661,6.228470589009605,10.672495671865414,12.564346006770768
4.690649960816632,0.2418238503646798,3.4886516337906044,0.0869355260370406,3.4886516337906044,0.0869355260370406,100.0,100.0,2.422427116104869,2.447694806491885,2.3326356304619225,641.9374877927391,362.5456385021022,509.5843204095523,68.55038752186272,49.00892791665461,43.60838221153227,1.527353003867106,2.4140086398278227,4.602494639548093,5.5974282657736545,11.552504154492977,19.750500722905155,3.450158419911666,11.456318127091938,7.216208060569631
4.69065883083244,0.3451625400948365,3.488648148503131,0.0869375755776598,3.488648148503131,0.0869375755776598,100.0,100.0,2.413556079900125,2.459666604244694,2.3223311360799,662.8643159178483,323.718128524192,598.2219783221242,67.13917297736432,51.81220569345744,35.319746732946115,1.8879642317022345,2.9149206796943123,4.140409689681612,2.5199535414928924,0.3944219925563,5.791814437460758,5.437784538923486,6.391678963943195,24.85160269585933
4.529545480258016,0.3451640508732405,3.4886639975468112,0.1304383441270489,3.4886639975468112,0.1304383441270489,100.0,100.0,2.38935695380774,2.439711223470661,2.290871173533084,698.4784862548157,345.0047312087098,596.8785240095211,66.90592096130916,49.63115425171597,35.52246013433904,2.871668544400805,2.0799675092326746,2.729649037358028,2.717424449237606,6.15530191037225,6.003382045744704,5.766308505198361,10.332151306746217,24.420297586512678
4.690245022003577,0.3451625400948365,3.488648148503131,0.0882259180396674,3.488648148503131,0.0882259180396674,100.0,100.0,2.412211722846442,2.450837128589263,2.300886916354557,663.6760975854683,330.16851337912027,598.4171299971948,70.57702447472147,52.05423555210421,40.78319620021602,1.9426128924210588,2.5454865518520102,3.1787854867514307,2.4005738844899622,1.5903118089600832,5.76108189020554,0.5957401764486352,5.954407313271529,13.227242127199961
4.690542553680768,0.3402918904402235,3.489800849663267,0.086935425610664,3.489800849663267,0.086935425610664,100.0,100.0,2.413581498127341,2.4454937453183523,2.3023498876404496,662.2957213403716,365.607423012742,533.0241373785053,68.43053588819382,42.89945156355181,35.844876825111314,1.886930970433295,2.3219140300565755,3.244389580289219,2.603570391121817,12.494591696228309,16.059190964014913,3.6189635377551883,22.494215784007576,23.734304627422734
4.696038699889027,0.3485054642308126,3.488704162864795,0.1302792464472247,3.488704162864795,0.1302792464472247,100.0,100.0,2.3653330711610487,2.412969450686642,2.268016129837703,709.0559666429963,370.9079164473839,628.4357200882733,67.97874955173093,45.8340763063001,31.71968679452264,3.848249139794765,0.9610648822862771,1.7047591855472235,4.272936271028865,14.125512753041205,1.03374486798845,4.255282321505735,17.192274062691787,32.51130469250502
4.565341621637119,0.2463312640484114,3.48870250475504,0.0878076272143538,3.48870250475504,0.0878076272143538,100.0,100.0,2.4385867415730336,2.496521223470661,2.351636791510612,633.8092488126018,274.7246283324875,512.2515363734043,68.6639904508286,47.218032915354655,39.3477953044919,0.8704576596327804,4.45695495693142,5.454564641731471,6.792757527558556,15.469345128465385,19.33046671284972,3.2901542946075963,14.69190078526711,16.281286586187438
4.69601883878113,0.3485057363113765,3.488702498159513,0.0878000904165766,3.488702498159513,0.0878000904165766,100.0,100.0,2.4111944444444444,2.442290074906367,2.320917178526841,665.1525906328576,312.1977038449272,572.9674412662799,68.03297086708575,52.76366638954431,34.485045531525344,1.983965672990063,2.1878692429442284,4.077003521383005,2.18344255399153,3.939168047714702,9.76890688720001,4.17891427171021,4.672689449784443,26.627562698882247
4.536685087553128,0.2463348143283437,3.488704017974213,0.0878001370148237,3.488704017974213,0.0878001370148237,100.0,100.0,2.442287615480649,2.506225630461923,2.357579525593009,631.9830295688789,254.56721049164037,482.1933002227215,67.41723520087544,45.92521252097677,41.076281481798176,0.7200156308679259,4.862997090457016,5.721054959327758,7.061319181047217,21.671627541033736,24.064047209020234,5.04614760440079,17.027619654965186,12.60365642170601
4.691280823774067,0.34796912496107,3.489651166765809,0.1303300122947847,3.489651166765809,0.1303300122947847,100.0,100.0,2.3655327215980027,2.402289825218477,2.259747915106117,709.8167948250583,377.92995983483854,590.1199655615491,66.5655466507879,43.4898509579224,35.03798407713756,3.8401332683738745,0.5142186283881447,1.3339872244895548,4.3848227683909275,16.286141487642627,7.06772195881117,6.245708942552262,21.427550211522313,25.45109770821796
4.5366578840923735,0.3484796320840833,3.488702969854117,0.0878007557297441,3.488702969854117,0.0878007557297441,100.0,100.0,2.4368692384519357,2.482148714107366,2.351027290886392,652.0922858575451,318.13403670126365,580.3780817858544,67.62461349091731,51.9109133916116,44.45753336516796,0.940274859677409,3.855594732525775,5.427232775174533,4.104075609184543,2.1126040919188758,8.601876884117415,4.7540655057502645,6.2133452726077705,5.409503478366039
4.536658387122855,0.2463822642874511,3.488712053427488,0.1303317680301399,3.488712053427488,0.1303317680301399,100.0,100.0,2.39236620474407,2.465970124843945,2.301977528089888,680.4942219206482,301.8333095749182,541.3137958864343,68.67316143159512,46.204627253074,32.36380898608614,2.749341270566253,3.1786663114621265,3.2276918425958843,0.0726796942129728,7.128212438486711,14.753732931270193,3.277237420288565,16.522805324166214,31.14083194449757
4.566643726898198,0.3464786816296958,3.488702928324094,0.0878004564464533,3.488702928324094,0.0878004564464533,100.0,100.0,2.43243443196005,2.4320564169787766,2.3124161672908863,654.6608047431328,303.260271741485,471.4458992400874,68.0954885694261,52.83388079517786,39.75910585661439,1.120551546339423,1.7596827187772588,3.6957922551966953,3.7263522436569474,6.689147156466158,25.75655130077364,4.090861169822401,4.545834155053549,15.406157751884278
4.538570017615228,0.2463348143283437,3.4887037269664787,0.09116342947191,3.4887037269664787,0.09116342947191,100.0,100.0,2.4372601872659176,2.50074265917603,2.3505435580524345,637.3968374093469,303.73526388485124,439.11846344759294,67.79810590405305,47.8558437039902,42.36287899502789,0.924382631466761,4.633584065942673,5.405540719840115,6.265170969213696,6.542995727738081,30.847486071245203,4.509709994291486,13.53957777056874,9.866214904195974
4.536685087553128,0.2759964915991659,3.490088242615021,0.0878001360914144,3.490088242615021,0.0878001360914144,100.0,100.0,2.440011348314606,2.5005540449438204,2.3546349937578026,638.1773521653748,294.7418364426424,469.4659632965661,69.296066842626,50.45990123172733,41.72945490453654,0.8125468164794214,4.625692257063609,5.589013172995633,6.150389387444878,9.310204171494645,26.068352236761246,2.399905855456332,8.834866790013862,11.213925735028642
4.539836614352348,0.3501181570890652,3.4887226923040413,0.130208704244669,3.4887226923040413,0.130208704244669,100.0,100.0,2.387901335830212,2.446357128589264,2.296668689138577,700.1197270752995,347.1703219144998,619.4917082084418,67.46358825896935,41.95112185810271,36.25640839206223,2.9308400069019536,2.3580388531072756,2.9896273156312474,2.958783393426392,6.821637512153791,2.442250675835943,4.980861607085419,24.20754858518029,22.858705548803773
4.539836131953237,0.3501182745148553,3.6776788392932738,0.1302087547107343,3.6776788392932738,0.1302087547107343,100.0,100.0,2.308788052434457,2.3627306242197257,2.19849684144819,720.7843218194283,334.3625676331834,666.2345373608691,68.7446407048028,52.56613553231329,33.64820717740167,6.146827136810687,1.1409780661202695,1.4126976929062862,5.997694385210048,2.8807900409795084,4.918824781239232,3.1765623876016833,5.0295654339416656,28.40806983531559
4.695828644278459,0.3501368931212056,3.488717376737732,0.130203439807431,3.488717376737732,0.130203439807431,100.0,100.0,2.3651751810237203,2.402469837702871,2.259958377028714,709.4649522222093,336.59297891351974,628.3733087522356,66.42989142111458,52.68948611680196,35.72720043356656,3.8546674380601504,0.5217505315008749,1.3434249788661066,4.333081209148421,3.567070434929152,1.0435734248447828,6.4367726463174995,4.806709816075957,23.98467992858179
4.539970468886857,0.3501367784929931,3.677671544888577,0.1302080532432991,3.677671544888577,0.1302080532432991,100.0,100.0,2.308668352059925,2.362817215980025,2.1974596629213483,721.5473403661674,357.9548899632778,674.4752001712711,67.07285452962697,57.15035106703375,34.91243197549406,6.151693005694098,1.1373549799152711,1.4592079407467118,6.10990299502462,10.13996614254702,6.216566956105689,5.531190803342302,3.2526667877755226,25.71822983937434
4.695830503166811,0.2495956408105104,3.488721085119147,0.0885795144615039,3.488721085119147,0.0885795144615039,100.0,100.0,2.41850836454432,2.4115444444444445,2.3286441947565546,647.0408167737395,384.3021480965667,523.2532685806337,65.1163269050289,48.75307825113411,35.46317316289713,1.6866518477918617,0.9014411901441157,4.423506491325319,4.846938709744192,18.246814798943607,17.597910459742717,8.286863514043805,11.91855781186249,24.54644007894228
4.539839601069956,0.2495513487997338,3.48871728663985,0.0886152428531382,3.48871728663985,0.0886152428531382,100.0,100.0,2.440274082397004,2.485971186017478,2.355060536828964,633.4944648612554,349.81702709388645,479.1187721680026,70.19682867094807,50.64153019951267,40.09390856971776,0.8018665692274807,4.015530795710372,5.608095821926632,6.839049285109494,7.636008336580447,24.548224855432665,1.1312272240168098,8.506720506752176,14.693811553791996
4.539836148554333,0.3501344773666884,3.677671544888577,0.1302087547107343,3.677671544888577,0.1302087547107343,100.0,100.0,2.308747078651685,2.3628499375780274,2.186701473158552,723.2535627527075,398.2958771844769,668.259263213964,65.94652389254047,51.97807116269368,33.77459682698175,6.148492737736379,1.1359858753963477,1.9416379749528188,6.360818051868745,22.552577595223667,5.237679246293544,7.117571982337368,6.092012352856948,28.139155687272876
4.69583555099791,0.3501368752429596,3.488742545491931,0.0885814740961431,3.488742545491931,0.0885814740961431,100.0,100.0,2.410021598002497,2.433792159800249,2.319256791510612,667.7029736285313,361.0001581077032,548.3236249453008,67.74728053372132,50.64456068599357,34.43350031136308,2.031642357622079,1.8323079414330068,4.002546704511746,1.808386231098345,11.076971725447143,13.649822843259713,4.581295022927714,8.50124537309202,26.737233380078543
4.539837669151079,0.3501358353373274,3.660493081341981,0.1299433461195051,3.660493081341981,0.1299433461195051,100.0,100.0,2.3163486267166045,2.371114019975032,2.202036279650437,721.2052200535641,373.6717190926159,657.050650526029,65.41098178736935,50.8077399773365,36.86187987624428,5.8394867188372155,0.7902083692455367,1.2539784910117868,6.059591184347656,14.975913566958734,3.4725433899258293,7.871856637507956,8.206431838597107,21.570468348416423
4.539837964984428,0.3501203901478184,3.5408834491586143,0.1297315029589756,3.5408834491586143,0.1297315029589756,100.0,100.0,2.3668687890137328,2.4151794257178527,2.2703459051186017,711.7663039234475,338.6717842167215,588.1822634370404,66.40826170967455,45.556083587232095,36.436816051216326,3.7858215848076098,1.0535324568139157,1.8092334133902108,4.671515282859923,4.206702835914309,7.372871899678671,6.467237028627397,17.694519264259995,22.47485946549718
4.542466177643848,0.3539893270811174,3.493164788079141,0.0902175785206512,3.493164788079141,0.0902175785206512,100.0,100.0,2.430513058676654,2.490549450686642,2.343703445692884,657.4898812253125,269.7910093623917,474.4394149569483,67.33714558702403,49.39271790699759,39.21668940415564,1.1986561513555218,4.207089986888778,5.098809223896145,3.3103115845128674,16.9873817346487,25.285131502842784,5.15894987743095,10.762930610663798,16.560235310307156
4.542466072036832,0.3539889201616923,3.678807454235068,0.1314530006285778,3.678807454235068,0.1314530006285778,100.0,100.0,2.3067122471910118,2.360400224719101,2.18272975031211,723.1191286567857,369.6231979970692,658.7612003231669,68.38358661090156,52.35008017572088,32.54673890817189,6.231209463780009,1.238484321376535,2.1197421384704067,6.341048331880255,13.730214768328988,3.7419213107349476,3.6850892804203386,5.41990934829109,30.751619344315127
4.546537172952245,0.2548469431526683,3.493199524430898,0.0902194935826817,3.493199524430898,0.0902194935826817,100.0,100.0,2.435081335830212,2.4422952434456926,2.348517902621723,637.2601894253535,333.4813207158123,601.2704948631254,68.09460255473343,49.004920803700585,35.77739606607523,1.0129538280401646,2.1880854998197687,5.314704153440489,6.28526626097743,2.6096371433268533,5.311733092421204,4.092109077840243,11.463557716891447,23.877880710478244
4.542466071896213,0.3539889201616923,3.678807454235068,0.13145294861464,3.678807454235068,0.13145294861464,100.0,100.0,2.3066882521847694,2.360620736579276,2.1950162671660425,720.9512894530897,343.52306751631505,672.476777528319,65.77404293502698,51.38863894200127,38.16218382169174,6.2321848705378295,1.229257883712299,1.568777257128139,6.022248448983773,5.699405389635401,5.901854728869128,7.360502908412699,7.156930547423179,18.80386420916651
4.5424660930091205,0.3539893768983754,3.493159570228181,0.1314531155277203,3.493159570228181,0.1314531155277203,100.0,100.0,2.3844889013732837,2.435799762796504,2.292369038701623,704.4886814830664,342.94304514637,587.1506375438485,69.07736798069365,47.84539109309135,38.47246387502689,3.069556854744562,1.9163080667993255,2.796817878996553,3.6012766886862417,5.520936968113854,7.535332670260085,2.7079324215582377,13.55846234310506,18.14369388292151
4.542466196691498,0.2540556695459519,3.4931594886403463,0.0902194935826817,3.4931594886403463,0.0902194935826817,100.0,100.0,2.4356297378277154,2.424132559300874,2.349606629213483,638.538658699314,339.82564394960474,500.7878818821212,66.7970269332103,39.84057589320141,32.30790686278255,0.9906610639140062,1.4281405565219107,5.363525973698798,6.097256073630286,4.561736599878381,21.135766632736814,5.919680375760135,28.020639759347045,31.25977263237755
4.542466316989957,0.353989166217922,3.5141300497951486,0.1314530006285778,3.5141300497951486,0.1314530006285778,100.0,100.0,2.375861473158552,2.426735755305868,2.282174993757802,706.9610835663411,394.55715057089367,613.0003771487617,68.93476685279148,47.02979619434564,37.10944807845546,3.4202653187580516,1.5370608914589041,2.3396858187355254,3.9648652303442837,21.40220017565959,3.464507535628081,2.9087790805753753,15.031985195400829,21.043727492647964
4.542466170004921,0.3539888257800138,3.5859911439005705,0.1314530890111229,3.5859911439005705,0.1314530890111229,100.0,100.0,2.3462397627965044,2.4039937827715354,2.243719051186017,718.7498672702644,357.1290605417885,640.866910143508,67.87104552479701,55.80169507329799,36.27591472583618,4.624399886320959,0.5855139234952004,0.615204089059069,5.698509892685943,9.885864782088762,0.9239228572453534,4.406978134088716,0.8160705931309679,22.81720271098685
4.54246618168795,0.3539893845783146,3.609495145527265,0.1314527347395782,3.609495145527265,0.1314527347395782,100.0,100.0,2.336088576779026,2.39284404494382,2.23153734082397,720.6177757294565,277.94023604342846,660.7814490986086,68.69318564873399,51.44638853520122,33.89399134014434,5.037049724429835,0.1189976963941358,0.06893905040223475,5.9732023131553715,14.479927371252781,4.060070724190334,3.2490342975577646,7.052595239022184,27.885124808203535
4.542466216564962,0.3539874802888635,3.645992250356796,0.1314304544639831,3.645992250356796,0.1314304544639831,100.0,100.0,2.320638352059925,2.37578481897628,2.191005218476904,724.0594520720791,319.1910414804911,642.8526050630237,66.98040235266548,54.72522030126213,32.76426018175265,5.665107639840447,0.5947774486912176,1.7486449113495859,6.479331187070461,1.7873718521565864,1.2366307185864098,5.661405137090875,1.1287799435191959,30.288808123930536
4.542489085116832,0.3576221081342718,3.679427813313442,0.1326286278303302,3.679427813313442,0.1326286278303302,100.0,100.0,2.3051311360799,2.358805642946317,2.193172784019975,723.9285942568887,437.1410578071486,675.8803323352789,66.53945415410088,49.24580638363054,36.45769519380851,6.295482273174793,1.3052032240034823,1.6514446627813966,6.460087390718924,34.50494086373804,6.437847611854949,6.282458937886084,11.028353417108336,22.430435757854234
4.542488503751422,0.2583134140479712,3.4971736902903103,0.091755766001779,3.4971736902903103,0.091755766001779,100.0,100.0,2.431761036204744,2.484115980024969,2.3154048064918853,643.6814866393327,276.1728039223476,505.7206771493984,66.61139766636829,49.63190585861673,39.77560160178971,1.147925357530733,3.9379071140154256,3.829811950308758,5.340957847156962,15.023752639277658,20.3589484804097,6.181130047368605,10.330793390033005,15.371060421724023
4.542488099745247,0.3576221085616058,3.679428394794625,0.1326289766916805,3.679428394794625,0.1326289766916805,100.0,100.0,2.305203333333333,2.358447665418227,2.172672297128589,723.6715107615822,345.2916639265299,660.5257505648729,67.50015796593394,53.07431065720898,33.96789343050495,6.292547425474265,1.3201813632540995,2.570749007686601,6.422280994350328,6.2435889004707406,4.019803238562654,4.929354977557836,4.1114531938410455,27.727886318074574
4.542508859789647,0.3576221775976338,3.679453595452128,0.0917918743250713,3.679453595452128,0.0917918743250713,100.0,100.0,2.3518203245942573,2.394742559300874,2.227667765293383,693.2789146604568,369.7752781697818,638.1313965507885,68.69018582881236,47.872087748437,35.432952353784415,4.397547780721248,0.19843344355120757,0.10458451599178517,1.9527815677142424,13.777008667625173,0.4931333150848045,3.2532593960389287,13.510229903456183,24.610739672799117
4.542487967191256,0.3576206978350708,3.4971723391939844,0.0917492285407685,3.4971723391939844,0.0917492285407685,100.0,100.0,2.4267834207240946,2.4564946691635456,2.3382600249687893,661.5615279348674,273.19375384734934,513.3045179082617,67.22818703188602,49.9507266592572,35.27590377160776,1.350267450240056,2.782203730692281,4.854709639856021,2.7115400095783238,15.940383431584817,19.164642849092647,5.312412631146446,9.754784716789164,24.944885592323917
4.542588765680186,0.2583138982315392,3.497181862912253,0.1326265851335077,3.497181862912253,0.1326265851335077,100.0,100.0,2.385341647940075,2.438375218476904,2.29407670411985,687.115858975573,312.6112101549513,509.56775325335343,67.88378380774772,44.56211628416544,39.93238416906625,3.034892360159557,2.024067718698901,2.8733948035807177,1.0464498493489733,3.8119353369380544,19.753109723881348,4.389036890496171,19.4903048163226,15.037480491348395
4.623813726920306,0.2592298744867166,3.4971736902903103,0.0917493223600597,3.4971736902903103,0.0917493223600597,100.0,100.0,2.420706129837703,2.460900936329588,2.300218027465668,650.4513828693397,312.9582465069166,523.0800731202186,69.2836224089705,48.61879804531692,35.91593484503299,1.5973117952153304,2.9665663736229306,3.1487904693124698,4.345384872155929,3.7051549209487313,17.62518533539865,2.417433226802111,12.161159809725529,23.583117350993632
4.690948729527949,0.3576220543900963,3.497171952326892,0.0917705751019476,3.497171952326892,0.0917705751019476,100.0,100.0,2.403214943820225,2.4263703995006245,2.3114584144818973,671.2196711898157,341.6056205723389,593.2948321736592,67.73175573210203,51.60079732014084,28.947368466522683,2.30833561706403,1.521774037683028,3.6528436987397885,1.291224825027103,5.109421714565822,6.5677429647780805,4.603160940701366,6.773627244551327,38.40985432654748
4.616716703023497,0.2620092610673478,3.497314736049958,0.0918303930357396,3.497314736049958,0.0918303930357396,100.0,100.0,2.421467490636704,2.477886516853933,2.3316913358302123,648.5408584648171,320.308947607725,503.8176125271228,66.41039407181839,48.13076408905113,40.07959691808597,1.5663621692396748,3.6772601194114087,4.560149588798757,4.626344343409247,1.4434007360846233,20.658643696516098,6.464233701664242,13.04288330794738,14.724261876412832
4.557707518140409,0.258311502134264,3.497173683332732,0.091755766001779,3.497173683332732,0.091755766001779,100.0,100.0,2.429651947565543,2.4393098377028712,2.3425383895131087,643.1178699407963,329.6883282484837,619.0888108596,67.57491522619156,43.30894804169418,40.71497243714444,1.2336606680673503,2.063173125643143,5.04656455215734,5.423842655765257,1.4425625379949802,2.505699077228344,4.824063061702023,21.754384748520003,13.372399069905448
4.677117390824269,0.2611977339256362,3.4999347578065114,0.0923715609645936,3.4999347578065114,0.0923715609645936,100.0,100.0,2.4108863545568044,2.422511722846442,2.320278851435705,654.2103296094521,333.46126379926966,496.2099981052238,65.78289594954757,47.85180778609936,38.99520108626497,1.9964896521624196,1.3603231316502833,4.048378988148213,3.792598586845285,2.6034657843906643,21.856693211775777,7.348033873876668,13.546869401807848,17.031487050500065
4.544107450905004,0.2608441093408203,3.4999359362476503,0.092368459019921,3.4999359362476503,0.092368459019921,100.0,100.0,2.4292987765293383,2.4257722721598003,2.342163745318352,645.4347497559943,298.1776857496872,543.1029184302361,66.49528804264729,29.564308798764024,39.43394293523704,1.2480172142545374,1.4967477891129777,5.029764364051666,5.083125035883192,8.253019769327011,14.471981349569125,6.344664728665791,46.58661463637936,16.097993754814805
4.689125260997574,0.2617830073203748,3.50013853349088,0.0923708427085378,3.50013853349088,0.0923708427085378,100.0,100.0,2.409019300873908,2.4576620848938826,2.3087885018726597,655.918429409379,340.33870606011385,571.9474794969327,68.7713219837344,45.75646092007656,34.59779591287901,2.0723861433370794,2.8310495771498942,3.533116675904024,3.5414074397972097,4.719601864650415,9.92953078788461,3.1389831215008512,17.33250059606764,26.387668270470197
4.544101263158675,0.3588573253739284,3.678925051693113,0.132515481459731,3.678925051693113,0.132515481459731,100.0,100.0,2.305457265917603,2.358917016229713,2.192418651685393,723.9413326282832,339.93691128218734,661.8872442953492,66.6514649256459,53.07353858613908,34.81787878877553,6.2822249626990585,1.3005432539869064,1.6852622562603945,6.461960680629891,4.595972702211489,4.234211700054993,6.124697287822681,4.112848082856227,25.919406832392486
4.566451866581451,0.2680775143604758,3.677674262464686,0.0924418771983804,3.677674262464686,0.0924418771983804,100.0,100.0,2.3517745443196003,2.413300599250936,2.2293846441947567,677.0625518475231,349.1075990775489,632.3084984808664,65.06887425997556,41.09125359122234,33.116638063430656,4.399408767495921,0.9749204707504544,0.02759443072839913,0.4319776694818997,7.417722793091973,0.423858506950168,8.353698225386538,25.761059455786196,29.539067950147544
4.5441009054017405,0.3588030775825762,3.499934225858875,0.092368459019921,3.499934225858875,0.092368459019921,100.0,100.0,2.4244625717852686,2.4739842446941323,2.336386117353308,664.309650891422,314.6310894875897,516.1289361855384,67.16013282504974,46.06743706557002,39.19419470879003,1.444610903037861,3.5139851336456953,4.770677908220092,2.307404280673228,3.190434003818557,18.71985256920656,5.408263626690503,16.770664741517585,16.608096364276534
4.688049037425433,0.3583674663666281,3.500291727693328,0.0925255353628513,3.500291727693328,0.0925255353628513,100.0,100.0,2.4013488764044943,2.396463782771536,2.3086253308364544,674.1901523562458,346.9542580893666,574.344737165784,67.05856208028453,48.51464617739869,38.816567450770734,2.3841920160774643,0.2704511619889413,3.5257995890786726,0.8543893593756192,6.75515633518972,9.552009895152134,5.551321013683759,12.349329399460366,17.41155861538142
4.544255287343099,0.2608821837369385,3.678916745641131,0.0950549773281623,3.678916745641131,0.0950549773281623,100.0,100.0,2.35041961298377,2.4126571036204747,2.2431435580524344,678.4874768800896,343.0538730550013,596.5547317491105,67.19827021552301,42.75263084042394,34.906157315341545,4.454487277082519,0.9479959673838733,0.5893972220822596,0.22242987057505642,5.555037863077325,6.054372952895986,5.354548992221113,22.759474543046178,25.73158018012437
4.544100741704728,0.3588516747940914,3.499935576718941,0.132515580429097,3.499935576718941,0.132515580429097,100.0,100.0,2.3804964918851432,2.44675581772784,2.287731822721598,708.5684344289209,382.68387850933925,576.7885889151908,68.13234357262019,45.589797872622725,33.66783988387098,3.23184992336816,2.374720407022594,2.588870974062688,4.201240357194251,17.748885695181308,9.167151351938463,4.038952714619455,17.63360817954341,28.36629811942344
4.544215225901118,0.358801652330011,3.5478169427128767,0.1293897355027433,3.5478169427128767,0.1293897355027433,100.0,100.0,2.3636837578027468,2.415739600499376,2.267307265917603,713.0407608203268,357.188405524255,619.531465740213,67.63110194760287,49.74191618243644,33.22607792088977,3.9152943982623256,1.0769707321914535,1.672971565811785,4.85893541475394,9.904124776693852,2.435989647210554,4.744926834362152,10.132039417459007,29.30621718959623
4.575,0.265,3.65,0.11,3.457076515,0.098264456,80.0,80.0,2.3454808614232205,2.400581647940075,2.220825118601748,708.9696421261974,337.3629854083807,659.0963105782422,63.554255528976384,50.90261543778077,37.74145006430688,4.65524953564144,0.44274677573534127,0.41142965911443746,4.260241489146678,3.8039955102709917,3.7946945792507396,10.486964043695233,8.035021792627344,19.699042416368336
4.575,0.265,3.65,0.11,3.457076515,0.098264456,100.0,100.0,2.34064963795256,2.3955242696629213,2.215651473158552,690.9149149078294,347.3488231749121,660.2210912163101,64.14735231964727,50.41816396127797,35.740812507926535,4.851640733635767,0.23114099008038444,0.6434316969259116,1.605134545269025,6.876560976896039,3.971825388395296,9.651616451201031,8.910272879353265,23.955718068241417
4.575,0.265,3.65,0.11,3.457076515,0.098264456,120.0,120.0,2.337202372034956,2.4003429463171035,2.2174114232209736,677.4662252352782,357.2746516495375,642.712224074064,67.60894224363852,43.21031991632847,33.91098015670726,4.991773494513975,0.4327592601298501,0.5645101694630655,0.3726139359884976,9.93066204601153,1.2145234762305528,4.776137685016164,21.93257467691333,27.848978389984552
4.575,0.265,3.65,0.11,3.457076515,0.098264456,130.0,130.0,2.3360883520599254,2.3994228214731588,2.2202774282147315,674.2610115796048,338.904152449129,626.9449378681159,66.01903976790857,47.1232973932014,33.21758104072428,5.0370588593526255,0.39426031268446227,0.435989766155537,0.8439688853522398,4.278200753578158,1.2685137215565578,7.015436946607653,14.863058006862879,29.324295658033442
4.575,0.265,3.65,0.11,3.457076515,0.098264456,140.0,140.0,2.3350380399500623,2.395271448189763,2.222588651685393,670.6273339325375,392.3336165280611,626.7127951442264,68.43012035487929,47.669035057148704,31.76518335832551,5.079754473574702,0.2205626857641281,0.3323474580541152,1.3783332452150803,20.71803585478803,1.3050716308304806,3.619548795944658,13.877082100905685,32.41450349292445
4.575,0.265,3.65,0.11,3.457076515,0.098264456,150.0,150.0,2.334247141073658,2.393676716604245,2.2125390137328336,665.7221241566315,430.5487099224837,647.1979252127667,68.5974397427579,48.014425420285605,35.84713726672672,5.111904834404143,0.15383751482196004,0.7830038684827988,2.0996876240247824,32.47652612999498,1.920933104372705,3.3838876862564797,13.25307060472339,23.729495177177196
4.575,0.265,3.65,0.11,3.457076515,0.098264456,160.0,160.0,2.333444843945069,2.3903939325842694,2.1932246441947565,660.7903716263647,378.27636496634057,639.3990756710831,68.4548450626156,45.71850153444523,35.86548946599539,5.144518538818331,0.016482534906662336,1.6491190944055378,2.82494534906401,16.392727681950944,0.6927678222178105,3.5847252639216847,17.401081238581337,23.690447944690664
4.575,0.265,3.65,0.11,3.457076515,0.098264456,170.0,170.0,2.333028202247191,2.3898321473158552,2.207496978776529,663.6750372171972,375.5950874449175,620.0949947513996,69.42484904638331,46.30668860105656,37.60903972931139,5.161455193203612,0.007023124859618232,1.0091040907386064,2.4007298210004118,15.567719213820771,2.34724492103944,2.218522469882655,16.338412644884272,19.980766533380017
4.575,0.265,3.65,0.11,3.457076515,0.098264456,190.0,190.0,2.3318611985018727,2.385118938826467,2.1997226966292134,657.2243880330113,371.504948968411,612.5243165409215,70.1987355351337,45.49171174514157,37.80560071943813,5.2088943698425725,0.20422850098464607,1.357726608555453,3.3493547010277447,14.309215067203382,3.5394777100910995,1.1285414998117,17.810818888633115,19.56255166076993
4.575,0.265,3.65,0.11,3.457076515,0.098264456,200.0,200.0,2.33147897627965,2.381348676654182,2.199549213483146,657.0375060841587,423.1536079155216,637.8080300492346,69.7487116805423,45.17091397176182,40.13980320708815,5.224431858550805,0.3619800563103801,1.365506121832016,3.376837340564892,30.201110127852804,0.4422094565723806,1.762377914729155,18.390399328343598,14.596163389174148
4.575,0.265,3.65,0.11,3.457076515,0.098264456,210.0,210.0,2.330929350811485,2.380932996254681,2.2082011111111117,652.7237931399445,427.7122370654208,648.0277341742237,70.12041128810036,46.255380856618686,35.37776656299614,5.246774357256706,0.3793725416451507,0.9775286497259308,4.01120689118463,31.60376525089871,2.051611680980114,1.2388573407037229,16.43110956347121,24.728156248944376
4.575,0.265,3.65,0.11,3.457076515,0.098264456,220.0,220.0,2.330672197253433,2.3813501622971285,2.197179213483146,650.3097500536596,406.1304822628609,638.0030898923291,67.96084075171241,45.02147134062762,34.54887033398055,5.257227753925487,0.361917895517642,1.471784148737845,4.366213227402996,24.963225311649502,0.47292754209906424,4.280505983503647,18.660395048549923,26.491765246849887
4.575,0.265,3.65,0.11,3.457076515,0.098264456,230.0,230.0,2.330349675405743,2.379130873907616,2.1968555805243444,648.6489741002158,385.9726433814741,650.5004470131831,70.37844038905504,45.216626635155805,37.52675758856414,5.270338398140532,0.45477515030895843,1.4862968374733456,4.610444985262381,18.76081334814587,2.441015277666635,0.8754360717534597,18.30781095726142,20.155834917948646
4.575,0.265,3.65,0.11,3.457076515,0.098264456,250.0,250.0,2.3297742197253437,2.379135917602996,2.197160898876404,649.6443349179897,392.8509296130328,627.9637214355205,69.4576788796506,45.55543542804032,35.52144200091068,5.293730905473832,0.4545641170294599,1.4726054315513804,4.464068394413282,20.877209111702403,1.1080753644849632,2.1722832680977455,17.695690283576663,24.422463827849615
4.575,0.265,3.65,0.11,3.457076515,0.098264456,100.0,100.0,2.340488651685393,2.395549762796505,2.235046404494382,689.3848607001254,344.6083381662185,652.7320145245724,67.08453388647735,49.61318504976268,34.696125823623504,4.858184890837686,0.23220764838932534,0.22629616566735852,1.380126573547851,6.033334820374928,2.7924432322161223,5.514741004961485,10.36461598958866,26.178455694418076
4.575,0.265,3.65,0.11,3.457076515,0.098264456,120.0,120.0,2.337210024968789,2.402749163545568,2.2107863420724096,680.3286263183101,367.2928781068332,637.9983205454254,67.71660206819654,44.74065448971861,34.25933129166049,4.99146239964272,0.5334378052538767,0.8615990102058445,0.04832739975147901,13.013193263640984,0.4721764638465153,4.624504129300653,19.16774256600071,27.107805762424494
4.575,0.265,3.65,0.11,3.457076515,0.098264456,130.0,130.0,2.3360809612983773,2.400017028714107,2.225008177278402,673.992425840123,335.2357007283006,666.8904026122816,69.87782199357318,41.10303504308697,33.327484971332154,5.03735929681393,0.41912254033920643,0.22384855253802363,0.883466788217203,3.149446377938655,5.0221106476034025,1.5805324034180586,25.73977408656374,29.090457507803926
4.575,0.265,3.65,0.11,3.457076515,0.098264456,140.0,140.0,2.3349103495630463,2.395526928838952,2.2153265917603,669.9417212650494,409.65566139522366,642.3619069237733,68.73517419217347,46.570937487993575,37.90049674763347,5.084945139713563,0.23125225267580218,0.6580003694932727,1.479158637492734,26.04789581391497,1.15935542106666,3.189895503981022,15.860998215007093,19.36064521780113
4.575,0.265,3.65,0.11,3.457076515,0.098264456,150.0,150.0,2.3344571535580525,2.3936859675405744,2.20244468164794,667.8300171896925,362.894358145744,624.7543626910611,65.82751196941024,46.84287386485305,35.8910319416809,5.10336774154258,0.15422458328762612,1.2356645000923687,1.7897033544569836,11.659802506382764,1.6134861903840714,7.285194409281354,15.369694914447976,23.636102251742763
4.575,0.265,3.65,0.11,3.457076515,0.098264456,160.0,160.0,2.333329762796504,2.392000436953808,2.203868389513109,661.6440734484362,401.471426427506,618.5353102561828,70.98521911656346,47.66308601074751,40.5130459264623,5.149196634288447,0.08370029095431074,1.1718210980668684,2.6994009634652665,23.529669670001848,2.5928645265853842,0.020818145685272522,13.887830152217685,13.80202994369724
4.575,0.265,3.65,0.11,3.457076515,0.098264456,170.0,170.0,2.3331034581772787,2.389925493133583,2.209256903870162,662.0288463401021,348.08922397184483,634.9027248671558,68.92048068337984,45.91916337670363,37.03796686269629,5.1583960090537095,0.0031174421094965652,0.9301836829523688,2.642816714690873,7.104376606721487,0.015318918558137724,2.9289004459438934,17.038548551574294,21.19581518575258
4.575,0.265,3.65,0.11,3.457076515,0.098264456,190.0,190.0,2.331693645443196,2.3845735081148565,2.211361011235955,655.3808711847507,400.85970717817486,664.7211609477207,71.02290636770002,43.6793006787813,35.15114925223075,5.215705469788787,0.22704986967128277,0.8358290925580725,3.6204601198895983,23.34144836251534,4.680497787042631,0.032262489718333766,21.085274293078047,25.21032073993457
4.575,0.265,3.65,0.11,3.457076515,0.098264456,200.0,200.0,2.3313668664169787,2.3835716853932585,2.1955068414481897,654.3989351189078,399.60664598559504,648.5723992205047,67.48119809571702,46.48181178814608,41.16439951646147,5.228989170041516,0.2689671383573911,1.5467784103950777,3.7648624825135526,22.955891072490783,2.1373857040164936,4.956059020116874,16.02202025628531,12.416171241571337
4.575,0.265,3.65,0.11,3.457076515,0.098264456,210.0,210.0,2.3309968414481896,2.3848852808988763,2.201555093632958,653.4457064988158,413.0477852969162,655.7212241988509,70.0298069035432,45.54596086628654,35.25375885114882,5.244030835439444,0.21400498331062012,1.2755563393292277,3.9050431619388597,27.091626245204974,3.2631849132048667,1.36646914993915,17.712807829653944,24.99200244436422
4.575,0.265,3.65,0.11,3.457076515,0.098264456,220.0,220.0,2.330667702871411,2.385034756554307,2.202149288389513,652.8658401437036,390.4997651132325,627.6366887007758,67.05709465908028,48.20532675935901,35.464108472234585,5.257410452381669,0.2077507717863292,1.2489108345509825,3.990317625925938,20.15377388099462,1.1595765825549866,5.553387804112285,12.908172069812089,24.544450059075352
4.575,0.265,3.65,0.11,3.457076515,0.098264456,230.0,230.0,2.330287016229713,2.3789258676654184,2.2054791260923845,649.4350152643817,403.7589135970148,641.8467328224679,69.75353331503035,47.02525901806435,39.32115604701832,5.27288551911736,0.46335281734651734,1.099590758189035,4.494850696414453,24.23351187600455,1.0782256413335207,1.7555868802389396,15.040182442521509,16.33796585740783
4.575,0.265,3.65,0.11,3.457076515,0.098264456,250.0,250.0,2.3295813857677903,2.382751235955056,2.200975118601748,648.3188236022742,427.3698960075787,621.9794617679727,71.06797783894157,48.3847546509793,38.75712897783696,5.301569684236166,0.303295566734073,1.301564188262416,4.658996529077329,31.498429540793442,2.050478461736586,0.09574343512897614,12.584002437255101,17.538023451410716
4.575,0.265,3.65,0.11,3.35,0.05,170.0,170.0,2.3322873782771536,2.3897180649188514,2.2040335580524344,662.7666661446303,332.5265423685243,625.9676639005932,71.25775373163397,45.59437823211064,36.49728374575093,5.191569988733592,0.011796446909987856,1.1644144371105645,2.534313802260245,2.3158591903151704,1.422415133764858,0.3630334248365755,17.625332913982582,22.346204796274623
4.575,0.265,3.65,0.11,3.35,0.06,170.0,170.0,2.3326723720349563,2.389900786516854,2.215168876404494,660.4686484331748,415.0186788207344,634.1911566589333,69.01115232792299,45.80323668641047,34.25343094361808,5.175919835977386,0.00415119176344532,0.6650728069733574,2.8722575833566397,27.698055021764432,0.12737690410498845,2.801193904333823,17.24799153313375,27.120359694429624
4.575,0.265,3.65,0.11,3.35,0.085,170.0,170.0,2.3326788888888887,2.387074906367041,2.201538926342072,663.1942107859796,369.34149417064623,613.7137719165444,70.08412110387559,47.74322282373608,37.286739356079416,5.1756549232159035,0.12238885493552336,1.2762813299519205,2.4714395902971127,13.643536667891148,3.352161902906398,1.2899702762315652,13.743048195598767,20.66651200834167
4.575,0.265,3.65,0.11,3.35,0.13,170.0,170.0,2.3331857553058675,2.3900103495630463,2.2055555305867665,660.8399537614317,321.6839509112941,606.7558346464972,68.35019611173834,44.28655141965945,37.711009236923566,5.155050597322459,0.0004330361107167501,1.0961645476786335,2.817653858612981,1.0203227965248867,4.4479000556697335,3.732118152481209,19.988163650118423,19.76381013420518
4.575,0.265,3.65,0.11,3.4,0.04,170.0,170.0,2.33215722846442,2.389813970037453,2.208646292134832,660.9642126962566,385.75516660485965,638.1306621195718,67.42891940532081,45.78789413355675,36.7513326951219,5.196860631527646,0.007783680441293201,0.9575653751196309,2.7993804858446185,18.693897416879892,0.49301765662547287,5.0296909784213915,17.275710689147704,21.805675116761908
4.575,0.265,3.65,0.11,3.4,0.05,170.0,170.0,2.332204656679151,2.387761573033708,2.2075511985018728,660.314942557678,368.64717653223767,651.5902838441955,68.7732906747436,45.34451108199634,40.06186252210198,5.194932655319064,0.09365803206243865,1.0066727129205033,2.894861388576761,13.429900471457742,2.612643125070155,3.1362103172625266,18.076764079500748,14.761994633825568
4.575,0.265,3.65,0.11,3.4,0.06,170.0,170.0,2.332449213483146,2.390129563046192,2.202264332084894,662.3830874974266,384.19196369581687,629.7007848252,67.15032844797182,45.70421268224848,38.745786101195804,5.184991321823339,0.005421047957812398,1.2437519244442232,2.5907224268490334,18.21291190640519,0.8345220747716531,5.4220726084904,17.42689668970464,17.56215723149829
4.575,0.265,3.65,0.11,3.4,0.085,170.0,170.0,2.332670312109862,2.3897112234706617,2.2020448938826465,660.3758654364802,387.08447171675743,627.823098118219,69.39699087042911,46.32644230713457,34.73420514665794,5.176003572769828,0.01208269997232019,1.2535922025719068,2.8859021416940824,19.102914374386902,1.1302207687844037,2.2577593374237925,16.302723925682802,26.09743585817459
4.575,0.265,3.65,0.11,3.4,0.13,170.0,170.0,2.33310670411985,2.390496329588015,2.214941947565543,661.6123136236833,398.4481092694039,629.1143492975903,67.66713922287686,47.29066281649372,36.75737910242752,5.158264060168703,0.020766928368816318,0.6752489880922428,2.7040715259289194,22.599418236739666,0.9268741263637399,4.694170108624148,14.560681451682528,21.792810420366976
4.575,0.265,3.65,0.11,3.45,0.04,170.0,170.0,2.332258352059925,2.389702347066168,2.195791897627965,661.4412035002465,411.6766588053069,625.9218867553146,69.20435985703648,49.50734522259052,36.35892860982926,5.192749916263204,0.012454097649878842,1.5339956220643438,2.7292347793755143,26.66974117086366,1.429624133021318,2.5290706238922827,10.555835189538353,22.640577425895184
4.575,0.265,3.65,0.11,3.45,0.05,170.0,170.0,2.332398102372035,2.3898306491885144,2.210983595505618,660.8496397201795,365.7642864935978,650.895636172364,66.65299291662791,44.06915496585019,38.18732904576443,5.187069009266875,0.007085808011955,0.8527535647704992,2.8162294529147736,12.54285738264548,2.5032497909234634,6.122545187848016,20.380930504335705,18.75036373241611
4.575,0.265,3.65,0.11,3.45,0.06,170.0,170.0,2.332427665418227,2.389917740324594,2.21757950062422,662.3400613675028,420.66001002964543,654.0527271407245,69.2508825134727,43.003505241858136,37.39645546625795,5.185867259421657,0.003441827422844449,0.5569730661784725,2.597049798896645,29.433849239890904,3.0004294709802406,2.463545755672249,22.306223591945557,20.43307347604692
4.575,0.265,3.65,0.11,3.45,0.085,170.0,170.0,2.332586379525593,2.3905338077403244,2.201513907615481,661.3088539914671,405.5612838582392,645.0668759937885,68.29304939865088,46.31541238988645,37.13272251248745,5.179415466439316,0.022335051896414188,1.277403245942563,2.7486979424313063,24.788087340996682,1.5853348021714129,3.8126064807734092,16.322651508786908,20.994207420239473
4.575,0.265,3.65,0.11,3.45,0.13,170.0,170.0,2.333130936329588,2.390472284644195,2.2088698751560547,661.6681217512826,342.56284145478713,628.7493847854994,66.9534595507885,45.441909830093934,37.59364593855105,5.157279010992365,0.01976086377383628,0.9475392306701917,2.6958644483407985,5.403951216857579,0.9843488526772618,5.6993527453683175,17.900795248249445,20.01351927967862
4.575,0.265,3.65,0.11,3.35,0.04,190.0,190.0,2.330936816479401,2.385316267166042,2.196590024968789,657.454500337923,418.9658340131837,646.8743359673767,67.86166551107985,44.49165301346137,38.246859319746335,5.246470874821101,0.19597208510284325,1.4982051583502747,3.315514656187789,28.912564311748838,1.8699741680908248,4.420189421014297,19.61760973177712,18.6237035750078
4.575,0.265,3.65,0.11,3.35,0.05,190.0,190.0,2.331218838951311,2.3879945942571785,2.2018065293383278,657.7656611932304,371.0928641261995,606.1377463051386,69.46899599586715,46.54405452634149,36.723206369485695,5.235006546694678,0.08390819007621747,1.2642811955906823,3.2697557068778886,14.18241973113831,4.54523680234037,2.1563436677927514,15.909567251415558,21.865518362796394
4.575,0.265,3.65,0.11,3.35,0.06,190.0,190.0,2.3311911235955054,2.3853997378277154,2.2046376529338327,657.4191264057106,386.0759738368218,627.7580363378851,67.52464208667092,45.39310481880763,33.95378713857168,5.236133187174576,0.19247958879852334,1.1373249805456165,3.320716705042561,18.792607334406704,1.1404667184432955,4.894870300463489,17.98897051705939,27.757899705166647
4.575,0.265,3.65,0.11,3.35,0.085,190.0,190.0,2.331809288389513,2.3854308988764044,2.2122851810237205,655.8955721948021,388.19725001507567,679.6092928877129,70.44530970042322,45.14724007764265,35.244952736758506,5.211004537011667,0.1911757792299483,0.7943865011784514,3.5447687948820485,19.44530769694636,7.0250854941280085,0.7812539430658826,18.43317059143153,25.01073885796063
4.575,0.265,3.65,0.11,3.35,0.13,190.0,190.0,2.3320336953807743,2.3879837078651684,2.199980099875156,657.2697536568627,375.6456681793396,629.6274698365671,66.3609655649355,46.82744890425885,38.98179333478896,5.201882301594538,0.08436368764986094,1.3461838621006184,3.342683285755487,15.583282516719885,0.8460677422728952,6.533851316992257,15.397562955268565,17.060014181300083
4.575,0.265,3.65,0.11,3.4,0.04,190.0,190.0,2.331201036204744,2.385418302122347,2.2070346441947564,659.0283396615774,388.93005074922246,642.2768774015774,68.23103794281656,49.013792667114046,37.8555540499662,5.235730235579504,0.1917028400691609,1.0298365831947809,3.084067696826848,19.670784845914604,1.1459649451302982,3.8999465594133014,11.447529056704525,19.456267978795317
4.575,0.265,3.65,0.11,3.4,0.05,190.0,190.0,2.331385780274657,2.3855357927590517,2.2078496629213484,658.993938250004,377.6428106938549,617.9006357502898,68.2357428519265,44.64343405489835,39.536132778920894,5.228220314038335,0.18678691384721446,0.9932886582354955,3.089126727940585,16.197787905801516,2.6928132676709007,3.8933199268640806,19.343389241376062,15.880568555487459
4.575,0.265,3.65,0.11,3.4,0.085,190.0,190.0,2.331746092384519,2.385339662921348,2.2068688014981275,656.9996519717619,403.9015443296447,604.9326564866752,68.99283566718012,46.168937599423245,35.21375477509681,5.213573480304103,0.19499318320719614,1.037273475420292,3.382404121799726,24.277398255275298,4.735014726507838,2.8269920180561736,16.58728527656144,25.077117499794024
4.575,0.265,3.65,0.11,3.4,0.13,190.0,190.0,2.332186716604245,2.383610961298377,2.20534822721598,655.5303330865039,389.00953216797353,612.1834376104541,69.50959873097383,47.15824599189692,36.78274017002863,5.195661926656709,0.26732379504699655,1.1054606629605321,3.5984804284553085,19.695240667068777,3.593159431424548,2.099156716938261,14.799916907141974,21.738850702066742
4.575,0.265,3.65,0.11,3.45,0.04,190.0,190.0,2.330904556803995,2.3881014357053685,2.204272546816479,655.9916848715285,345.6241480694888,630.2899274510546,70.09650229954347,48.88923461021478,38.91123723348899,5.247782243740031,0.07943783659546627,1.153697452175819,3.5306345777163983,6.345891713688861,0.7417437084953371,1.2725319724739808,11.672566196540602,17.21013354576811
4.575,0.265,3.65,0.11,3.45,0.05,190.0,190.0,2.3312624469413232,2.387920049937578,2.197373283395755,654.8973854599662,369.5180965032536,628.7289070601277,69.4300684193492,46.82079230560936,36.143181432733016,5.233233864173851,0.0870271992645285,1.4630814620737613,3.69156096176967,13.69787584715496,0.9875736913184797,2.211171240353243,15.40958933042573,23.09961397290848
4.575,0.265,3.65,0.11,3.45,0.06,190.0,190.0,2.331343645443196,2.385390661672909,2.2124216229712856,657.3785366257566,361.8460707516504,635.7747291684104,69.11702497051442,48.19606904317588,33.24848394493936,5.229933112065195,0.1928593442297529,0.7882680281934683,3.326685790329908,11.337252538969357,0.1220045934504616,2.652077506317716,12.924897844307353,29.258544798001363
4.575,0.265,3.65,0.11,3.45,0.085,190.0,190.0,2.33168986267166,2.3832183895131087,2.2108306242197253,659.4168772270301,385.6504444262781,636.2636682109354,68.80689800085466,45.8619990321867,33.9086835616685,5.215859240989438,0.2837493927569627,0.8596132636894469,3.026929819554395,18.661675208085576,0.1990028678638436,3.0888760551342833,17.141826500114362,27.853864762407454
4.575,0.265,3.65,0.11,3.45,0.13,190.0,190.0,2.332034706616729,2.385348327091136,2.198262634207241,656.2302195358194,372.0282185075674,647.3300738040499,67.4964636887042,46.95053278789458,35.79482856304646,5.201841194441916,0.1946306656428513,1.423200259764972,3.495555950614794,14.470221079251498,1.941743906149591,4.9345581849236675,15.175189181762278,23.840790291390515
