optimizers,sc_r,sc_eps,oc_r,oc_eps,ocx_r,ocx_eps,sos_ktheta,oso_ktheta,so_kr,D_11,D_11H,D_14,SE_T11,SE_T11H,SE_T14,BM_T11,BM_T11H,BM_T14,D_11_std,D_11H_std,D_14_std,SE_T11_std,SE_T11H_std,SE_T14_std,BM_T11_std,BM_T11H_std,BM_T14_std,error_D_11,error_D_11_std,error_D_11H,error_D_11H_std,error_D_14,error_D_14_std,error_SE_T11,error_SE_T11_std,error_SE_T11H,error_SE_T11H_std,error_SE_T14,error_SE_T14_std,error_BM_T11,error_BM_T11_std,error_BM_T11H,error_BM_T11H_std,error_BM_T14,error_BM_T14_std
,4.5,0.22,3.45,0.06,3.45,0.06,100.0,100.0,350.0,2.5137647690387017,2.58420479400749,2.4370994506866417,569.725976454273,276.528731454333,532.9091463343632,65.90461087495572,52.887027583621645,41.529276605840394,0.001528476194724734,0.0037170310718050263,0.005025267599628661,17.190018693208174,28.885343729093567,18.533327400566616,,,,2.1855597170203964,0.0621331786473469,8.12572359863975,0.15552431262782537,9.286970882809044,0.2253483228533032,16.216768168489264,2.5279439254717904,14.914236475589844,8.887798070490328,16.077299789864067,2.9186342363097033,7.176604401470814,,4.449814663736868,,11.639837008850227,
,4.5,0.22,3.5500000000000003,0.08499999999999999,3.5500000000000003,0.08499999999999999,100.0,100.0,350.0,2.4266431710362046,2.474423458177278,2.337677652933833,632.7867050001588,322.39781168290045,476.1072144020937,66.80657060467243,47.01063630526347,30.287951522483013,0.0013773089457198944,0.010787096534798462,0.005870580506593402,17.25258899605935,20.92332827725,22.679784890238412,,,,1.3559686570648506,0.055988168525198966,3.5323622668317167,0.4513429512467975,4.828594301965606,0.2632547312373723,6.943131617623706,2.5371454405969636,0.800673328338322,6.43794716223077,25.022485920930126,3.5716196677540806,5.906238584968408,,15.066601074501415,,35.557549952163804,
,4.5,0.22,3.6500000000000004,0.11,3.6500000000000004,0.11,100.0,100.0,350.0,2.349953245942572,2.4104981647940074,2.230710299625468,680.0414307194504,309.42003019708494,626.5823461110817,65.76740819039921,51.103723012865835,34.50643078443201,0.0013249210167729395,0.002500949670187109,0.006430107437680372,16.597571173506623,18.391549984435184,20.707103222571355,,,,4.473445286887323,0.05385857791759917,0.8576637989124365,0.1046422456145234,0.031852001142071866,0.28834562500808847,0.0060927528603576106,2.440819290221562,4.793836862435403,5.658938456749287,1.32561478565642,3.260961137412812,7.369847619156044,,7.671683806927129,,26.58206216078295,
,4.5,0.22,3.75,0.135,3.75,0.135,100.0,100.0,350.0,2.2783208489388262,2.332799887640449,2.1590263545568043,691.6866182368088,278.6849777570989,637.9286805961247,65.03935506255819,50.306078525074234,31.629645637863547,0.001239109066386817,0.0022611971082503097,0.005570899047203454,17.08223360464757,15.317675913020235,31.334217868148357,,,,7.38533134395015,0.05037028725149663,2.393310140566984,0.09461075766737696,3.182674683551378,0.24981610077145533,1.7186203289424764,2.5120931771540542,14.250776074738793,4.713131050160072,0.46120954269679526,4.934522498921001,8.395274559777203,,9.11277592579181,,32.702881621566924,
,4.5,0.22,3.85,0.16,3.85,0.16,100.0,100.0,350.0,2.2107437453183523,2.2607251810237203,2.093800461922597,642.2640533138109,103.9195063926766,631.058222246367,65.63233398622022,48.60420198195399,34.06395248817515,0.0011306647182326808,0.002369084580262903,0.006710865008429301,17.042193820061637,19.431375316674195,24.052433398405576,,,,10.132368076489744,0.04596198041596263,5.408988241685346,0.0991248778352679,6.107602604367849,0.3009356506022108,5.549403924439573,2.506204973538476,68.02476726379182,5.978884712822829,0.62075240214693,3.787784787150484,7.560092977154624,,12.187530294572737,,27.5235053443082,
,4.575,0.265,3.45,0.06,3.45,0.06,100.0,100.0,350.0,2.4986391885143573,2.5609381523096126,2.4175805992509365,585.1139290925671,221.1996791286608,630.7449339528083,70.82586210725772,49.4223579284485,40.86295455676242,0.001485582954825451,0.0037423622328380773,0.005171790564248465,17.175309677636612,19.28846245531957,23.812634870961766,,,,1.5706987200958262,0.060389551009164676,7.152223946008891,0.15658419384259736,8.411686065064417,0.23191885938333925,13.953833956975426,2.5257808349465605,31.93856026810437,5.934911524713714,0.6700891412900299,3.750021239521538,0.24526463766518322,,10.709380436407413,,13.057543496250174,
,4.575,0.265,3.5500000000000003,0.08499999999999999,3.5500000000000003,0.08499999999999999,100.0,100.0,350.0,2.415214669163545,2.471036217228465,2.3233464294631707,649.7600058595496,310.2506362495088,523.5911231911219,66.73574061199808,48.56106822768902,36.465209458161866,0.0014214378008412538,0.009084688329698101,0.005418677304963899,17.33695707745812,14.691104108415042,20.43239391600685,,,,1.820541903920925,0.057782024424441206,3.39063670411986,0.38011248241414647,4.18593854094936,0.24299001367551118,4.447057961830948,2.5495525113908997,4.538265769381916,4.520339725666166,17.544705009272135,3.217699829292417,6.00599913803087,,12.265459389902404,,22.41444796135773,
,4.575,0.265,3.6500000000000004,0.11,3.6500000000000004,0.11,100.0,100.0,350.0,2.3404353807740326,2.395252446941323,2.2248799375780273,691.8962223478431,293.2013080066947,643.3663057208807,66.8670172580514,52.16528570618301,33.93142196711017,0.001229613307540181,0.0028698797021815695,0.005608447300376344,17.34086254933131,17.52593949132215,27.002529935871866,,,,4.860350375039325,0.049984280794316306,0.2197676544486651,0.12007864862684392,0.2295992117476554,0.25149987894064324,1.7494444629181103,2.550126845489898,9.78421292101701,5.392596766560661,1.3175284599812198,4.25236691903494,5.8211024534487255,,5.753774695242978,,27.805485176361344,
,4.575,0.265,3.75,0.135,3.75,0.135,100.0,100.0,350.0,2.2708705617977527,2.320722833957553,2.1554439950062423,699.1895189850886,237.56209266146288,620.9535229836304,66.25911997900738,48.32478282970207,36.35104948380646,0.001224932267102458,0.0024713982041843145,0.005432991857160751,16.765198326331692,18.299974756392473,24.062725023883118,,,,7.688188544806799,0.049793994597660894,2.8986261942446414,0.10340578260185415,3.343318609585547,0.24363192184577362,2.821988086042445,2.4654703421076016,26.903971488780652,5.630761463505377,2.2120436246251396,3.7894055155721444,6.677295804214958,,12.692352611197702,,22.657341523816033,
,4.575,0.265,3.85,0.16,3.85,0.16,100.0,100.0,350.0,2.204712684144819,2.2511891760299627,2.0916150436953806,645.4891773428378,77.8693174150576,617.8379169759062,63.789685763433326,46.46057927523971,34.765645598393434,0.0011188259075302096,0.002293716377459238,0.0065496603941989475,16.7504116923046,49.990193315558166,22.540642940227514,,,,10.377533164844763,0.0454807279483825,5.807984266528762,0.09597139654641162,6.205603421731809,0.29370674413448195,5.0751209789944385,2.4632958371036175,76.04021002613612,15.381597943248666,2.7026902400147743,3.549707549642128,10.155372164178413,,16.060380713207394,,26.030541280013967,
,4.65,0.31,3.45,0.06,3.45,0.06,100.0,100.0,350.0,2.4817418476903867,2.4658736079900128,2.3610825093632957,605.538170564669,359.42636968678664,674.6502150649615,68.69664919996318,28.069712514400898,35.86910537726074,0.001453201493865458,0.0030681425310985885,0.011107273239649088,17.594029590951124,14.970816519633846,36.42230280643159,,,,0.8838149467636904,0.05907323145794545,3.1746279493729137,0.1283741644811125,5.878139433331645,0.49808400177798595,10.950269034607494,2.5873572927869297,10.59272913439589,4.606405082964261,6.2441283566868435,5.735795717548282,3.2441560563898935,,49.28687892610497,,23.682754516466517,
,4.65,0.31,3.5500000000000003,0.08499999999999999,3.5500000000000003,0.08499999999999999,100.0,100.0,350.0,2.40175177278402,2.4157737453183525,2.306991061173533,662.278350833943,312.28860004482436,548.7866431241891,69.10672220377506,50.188962297474916,39.961940048109035,0.0012975292302327393,0.027923497590829426,0.006109940895581815,17.035287294643297,21.721391785557334,28.332961342000157,,,,2.367814114470736,0.052745090659867454,1.078399385705122,1.168347179532612,3.452513953970087,0.2739883809677944,2.6061248773613204,2.5051893080357788,3.911199986207888,6.683505164786872,13.576906594615883,4.461883675905536,2.6665884453872337,,9.324368026242249,,14.974595642321201,
,4.65,0.31,3.6500000000000004,0.11,3.6500000000000004,0.11,100.0,100.0,350.0,2.3292530212234706,2.378196154806492,2.210808177278402,701.0574274442808,373.2216147242051,668.199010166886,65.50608144554752,51.11414228356663,34.13061051307223,0.0011803326271856533,0.0024690982050143357,0.008053558525492513,16.469736021404426,13.572014671091898,23.236705793247655,,,,5.314917836444285,0.04798100110510786,0.4938847361300451,0.10330954832695964,0.8606198529864637,0.3611461222193952,3.0966805065118894,2.42202000314771,14.837419915140032,4.1760045141821225,5.228190577462355,3.659323746968135,7.7379134569753205,,7.652859469617655,,27.381679759420795,
,4.65,0.31,3.75,0.135,3.75,0.135,100.0,100.0,350.0,2.261760424469413,2.3066441573033702,2.142280449438202,702.6265631926973,240.99491387813148,652.1176456272134,66.33501153716219,49.05786480297921,33.54672561466283,0.0011732510684420887,0.0022816217522246495,0.004928007310034435,17.23587719506514,17.703225928232172,22.947743485764494,,,,8.05851933051166,0.04769313286349954,3.487692163038907,0.09546534528136609,3.9336121328160454,0.22098687488943652,3.3274357636319545,2.5346878228036966,25.847718806728775,5.447146439456053,2.6956922247580146,3.613817871773936,6.570406285687059,,11.367904601663579,,28.623988053908867,
,4.65,0.31,3.85,0.16,3.85,0.16,100.0,100.0,350.0,2.1970159675405743,2.238993782771536,2.08343252184769,643.6976991119926,106.20016836996308,613.5889444944048,67.39635024431524,49.08482376778018,31.31331250102897,0.0011527288683576356,0.002271715441632771,0.0052855309934134904,16.54109701074913,23.359230481714512,19.34904047143273,,,,10.69040782355389,0.04685889708770877,6.318251766881351,0.09505085529844229,6.572532652569949,0.23701932705890094,5.338573660001085,2.432514266286637,67.32302511693445,7.1874555328352345,3.371819764660659,3.0470929876272015,5.075563036175713,,11.319198251526327,,33.37593084887453,
,4.725,0.355,3.45,0.06,3.45,0.06,100.0,100.0,350.0,2.4631122471910114,2.4965466916354555,2.3756841198501872,620.6563013362622,358.0376454324732,548.8499918600065,68.15844053312792,50.12081121632653,30.382164378403175,0.001368874791140601,0.027689330010241174,0.0046336566020388275,17.818207844942837,15.653122587893705,50.80615913827928,,,,0.12651411345574964,0.055645316713032564,4.458020570521145,1.1585493728134382,6.532920172654137,0.20778729157124787,8.727014509373202,2.6203246830798292,10.165429363837907,4.816345411659602,13.566930415747004,8.000969943036107,4.002196432214204,,9.447495544125513,,35.357097067227286,
,4.725,0.355,3.5500000000000003,0.08499999999999999,3.5500000000000003,0.08499999999999999,100.0,100.0,350.0,2.3862651935081147,2.4277581897627964,2.290640836454432,675.5876328682419,309.6714900462903,651.3770413155925,66.95839348055561,48.7912673386232,35.223614538286164,0.0012733925136256305,0.005541109012999568,0.005656815329712422,16.603290005391056,14.134436286972175,26.343948382785424,,,,2.997349857393709,0.05176392331811506,1.5798405758492184,0.23184556539747145,2.719320020378125,0.2536688488660279,0.6488775193761853,2.4416602949104496,4.716464601141454,4.349057319068361,2.5790616245027502,4.148653288627626,5.692403548513219,,11.849562170509126,,25.056139280242206,
,4.725,0.355,3.6500000000000004,0.11,3.6500000000000004,0.11,100.0,100.0,350.0,2.3165209488139826,2.3560648689138577,2.1859339200998753,707.9454122646007,353.73216216070745,699.5359020900183,68.2202655202014,46.90256446084673,34.896182312253686,0.001191436779114491,0.005049102149297921,0.013505447951238337,17.05646001717382,24.753006240984135,24.19818057799847,,,,5.83248175552916,0.04843238939489801,1.4198799617632816,0.21125950415472475,1.976057394624425,0.6056254686653962,4.109619450676572,2.508302943702032,8.840665280217676,7.616309612610504,10.163134187404463,3.8107370988973974,3.915118985631839,,15.26185282593183,,25.752803590949604,
,4.725,0.355,3.75,0.135,3.75,0.135,100.0,100.0,350.0,2.250853108614232,2.2899426217228465,2.133034656679151,702.202722835554,333.1939380310193,674.8955474418912,66.67892179036437,50.79327896949869,37.69977962761634,0.0011752993020665722,0.0022367525272093793,0.005461539312614477,16.143072331811325,15.639597521272542,25.07735148822863,,,,8.501906153893005,0.04777639439295009,4.186501183144505,0.09358797184976482,4.348221673580675,0.2449120767988555,3.2651062993461806,2.3739812252663715,2.521211701852088,4.812183852699244,6.2827633766757724,3.949189210744666,6.086025647374126,,8.232558320688915,,19.787702919965238,
,4.725,0.355,3.85,0.16,3.85,0.16,100.0,100.0,350.0,2.1877247066167294,2.225199413233458,2.07819354556804,632.9557779295126,92.88331036275103,617.4797086696557,64.24881764084911,48.253704349599715,35.6931652597424,0.0010685285186033359,0.002250130780704679,0.003921550575121216,16.598735465275112,23.582423547379722,20.557264591338704,,,,11.06810135704352,0.04343611864241202,6.895422040441091,0.09414773141023762,6.8074643243031465,0.17585428587987514,6.918267951542268,2.440990509599281,71.42051988838429,7.256130322270684,2.7591009969046176,3.237364502573024,9.508707548099844,,12.82076901608001,,24.057095192037448,
,4.8,0.4,3.45,0.06,3.45,0.06,100.0,100.0,350.0,2.442170399500624,2.408901198501873,2.3499362546816482,633.9343164589693,316.27691096321837,597.3325070847768,66.83219364460781,43.329583746665605,27.698688861632156,0.0013938113538782002,0.0031455755533443693,0.005135463655314504,17.538509020595125,33.96103825226477,82.66074421888194,,,,0.7247805081047104,0.05665899812513009,0.7908451256013712,0.13161403988888573,5.378307384827276,0.23028985001410332,6.774365226622161,2.5791925030286946,2.684027395932809,10.449550231466084,5.931888648066645,13.017440034469596,5.870149796327024,,21.717102535382832,,41.06661944333584,
,4.8,0.4,3.5500000000000003,0.08499999999999999,3.5500000000000003,0.08499999999999999,100.0,100.0,350.0,2.3688820474406995,2.375421697877653,2.232792297128589,684.9040144888702,333.42261754544273,663.6194724638628,70.11627593559466,42.56818997247748,33.75101230515749,0.0012688850628589565,0.006930351947311763,0.013410175491640818,16.956581762238752,17.88619187408717,23.810353846606404,,,,3.7039818113536764,0.05158069361215271,0.6099708000982151,0.28997288482475997,0.1252151178739549,0.6013531610601264,0.7211786013044396,2.4936149650351105,2.591574629366995,5.5034436535652835,4.507003537616197,3.7496620230876228,1.244681780852595,,23.092701043401128,,28.189335520941516,
,4.8,0.4,3.6500000000000004,0.11,3.6500000000000004,0.11,100.0,100.0,350.0,2.3019891136079895,2.289086129837703,2.159895093632959,709.0374381027989,336.0476130444694,695.5737266125498,67.57960979896171,28.230722617876342,31.14353697292838,0.0011637995266913796,0.0034126869916710893,0.004966949267153018,16.760229791325102,15.873024480708073,23.041279252421162,,,,6.423206763902863,0.047308923849243074,4.22233766369444,0.14279025069753512,3.143717774306778,0.22273315099340885,4.270211485705719,2.4647396751948683,3.3992655521444353,4.884007532525561,9.539169545283427,3.6285479137671124,4.81745098737787,,48.99598443021438,,33.73715537674813,
,4.8,0.4,3.75,0.135,3.75,0.135,100.0,100.0,350.0,2.238298352059925,2.270954019975031,2.11310936329588,696.9649361270318,260.1409090866154,672.9697458726245,67.55952691522457,50.615543255129424,37.986653988578766,0.001166658489404204,0.002338277211880682,0.0044329695711905325,17.5699902882229,17.80873939879532,24.973515886583645,,,,9.012262111385157,0.04742514184569935,4.981003348325063,0.09783586660588627,5.241732587628691,0.19878787314755753,2.4948435480929145,2.58382210120925,19.956643357964488,5.479612122706253,5.979487538995977,3.9328371474934873,4.845736739120329,,8.553670722440067,,19.177331939194115,
,4.8,0.4,3.85,0.16,3.85,0.16,100.0,100.0,350.0,2.17676961298377,2.2086921972534337,2.064736579275905,619.3176143066248,25.890726634206644,624.6208388906862,66.49896999622402,48.372572004461304,32.89170226160946,0.0010415830379913124,0.002262427825598524,0.005220560078575855,17.071385116846482,21.30432809587481,22.815737215906378,,,,11.513430366513408,0.04234077390208587,7.586100533329139,0.09466225211709305,7.410915727537895,0.23410583311999353,8.923880249025762,2.510497811300953,92.03362257409026,6.555177875653787,1.6345135605218626,3.5930294828199023,6.339478878557719,,12.606012638732967,,30.017654762533066,
,4.2,0.04,3.15,0.015074999999999998,3.15,0.015074999999999998,100.0,100.0,350.0,2.913244556803995,3.0837834082396998,2.7257080149812736,242.26182118314512,37.16261151235237,341.651250292184,69.06583442783003,46.19450701422738,32.623910750415945,0.0019983447737019155,0.012976272384409243,0.007752874027080231,38.71774674182408,19.635239667115524,33.52329295089023,,,,18.4245754798372,0.08123352738625673,29.02859448701672,0.5429402671300938,22.229058967770115,0.34766251242512247,64.37326159071395,5.693786285562365,88.56535030389158,6.041612205266316,46.19665349729386,5.279258732423658,2.724176862211231,,16.541089405189915,,30.587423935285226,
,4.2,0.04,3.25,0.030049999999999997,3.25,0.030049999999999997,100.0,100.0,350.0,2.757471835205992,2.9011209113607994,2.5469193133583024,346.7106764066366,198.67343270682292,358.5907022535694,68.08993005888351,52.902920525764216,33.26102579505718,0.0017036422754818554,0.003554048050235568,0.007581684750300151,16.892195668502268,30.441397220685985,32.19806057967256,,,,12.092351024633828,0.06925375103584777,21.38581219082842,0.14870493934040033,14.211628401717595,0.33998586324215924,49.01313582255344,2.484146421838569,38.869713013285256,9.366583760211073,43.52902326715442,5.070560721208277,4.098690057910549,,4.421101127797264,,29.231860010516638,
,4.2,0.04,3.35,0.045024999999999996,3.35,0.045024999999999996,100.0,100.0,350.0,2.646642983770287,2.762351672908864,2.499312459425718,427.21718358705664,290.0970493107657,404.3146679816629,65.26306153721514,50.49120024550979,29.88764352446361,0.0015825204456771684,0.0034164016812836388,0.007153046820667685,16.005450793634527,16.07007602860237,24.935164774285308,,,,7.587113161393781,0.06433009941777107,15.57956790413656,0.14294567704115643,12.07679190249857,0.3207644314200756,37.17394359013873,2.3537427637697834,10.739369442841316,4.944638778031498,36.328398743045206,3.9267976022496547,8.08019501800685,,8.778319339639049,,36.40926909688594,
,4.2,0.04,3.45,0.06,3.45,0.06,100.0,100.0,350.0,2.555606941323346,2.5609181273408237,2.491979825218477,499.13223828228433,251.00424250990667,422.777944988596,66.25609412871984,35.278596180721564,44.64160918324164,0.0017213159959178774,0.010121334941042313,0.0047226614021559105,15.919242120943833,16.360935379041333,31.816657156219186,,,,3.88646102940431,0.06997219495601129,7.151386081206007,0.42348681761683316,11.747974225043805,0.21177853821326953,26.598200252605245,2.341065017785858,22.767925381567178,5.034133962781948,33.420796064788036,5.010497189955777,6.681557565183327,,36.26269886048498,,5.017852801613529,
,4.275,0.08499999999999999,3.15,0.015074999999999998,3.15,0.015074999999999998,100.0,100.0,350.0,2.8828579900124844,2.9570495255930087,2.7118740574282145,418.0988257398367,284.7436706395207,425.69659401765085,66.7195542860407,45.695719997519326,34.452007596160485,0.002119878022410755,0.003965418108429004,0.006664034205471766,41.297775930364544,23.843947313890354,35.92899212693883,,,,17.18934918749937,0.0861739033500307,23.725921572929227,0.1659170756664855,21.608702126825765,0.29883561459514646,38.514878567671076,6.073202342700668,12.386562880147476,7.336599173504724,32.961166296432935,5.65810899636832,6.02879678022436,,17.442240293551354,,26.69785617838195,
,4.275,0.08499999999999999,3.25,0.030049999999999997,3.25,0.030049999999999997,100.0,100.0,350.0,2.7392846816479404,2.874746479400749,2.553920699126092,375.777323849509,263.335412954915,367.7117684181412,69.02571998038087,57.932052478111835,37.85190744924519,0.0015986672354731221,0.0033985749719386274,0.016621370483826288,16.1707296269608,24.18209218384034,26.868966805847833,,,,11.353035839347172,0.06498647298671228,20.282279472834674,0.14219978962086305,14.525591889062417,0.7453529364944523,44.738628845660436,2.378048474553059,18.973719090795385,7.440643748873951,42.09263489478091,4.231333355251627,2.7806760839706053,,4.664954793336646,,19.46402670373364,
,4.275,0.08499999999999999,3.35,0.045024999999999996,3.35,0.045024999999999996,100.0,100.0,350.0,2.634371697877653,2.743739825218477,2.5362363920099873,450.29679647695036,342.06424992423337,375.5266988293663,65.74303175487465,51.01217956455842,37.75027845366642,0.0015462243089564903,0.0030813179354641806,0.004976821082893793,16.294452039087176,19.335968981696674,22.605977040678553,,,,7.088280401530604,0.06285464670554838,14.800829507049231,0.12892543663030043,13.732573632734857,0.22317583331362298,33.77988287103671,2.3962429469245845,5.250538438225651,5.9495289174451305,40.86193719222578,3.5599963843588274,7.404180626937111,,7.83707395743736,,19.680258609220388,
,4.275,0.08499999999999999,3.45,0.06,3.45,0.06,100.0,100.0,350.0,2.5471285892634206,2.5675233208489385,2.4405605493133584,517.804374671473,353.0102007818036,385.8225960948183,68.25897839739687,44.367635647344244,38.11455206023922,0.0016029607394863422,0.018667991240574798,0.005268566877992306,16.0565033332656,23.109499236530926,19.831787829839282,,,,3.541812571683764,0.0651610056701765,7.427754010415833,0.7810874996056401,9.442177099253742,0.23625860439427385,23.852297842430435,2.3612504901861175,8.618523317478024,7.110615149701824,39.24053604806011,3.1231161936754774,3.8605938064832768,,19.84167001383154,,18.905208382469745,
,4.35,0.13,3.15,0.015074999999999998,3.15,0.015074999999999998,100.0,100.0,350.0,2.840794981273408,2.937279263420724,2.6690241198501874,546.5618270997124,219.19492451219725,534.5516062852058,61.06813260852539,47.1925532821107,40.01295008047137,0.006799860589078193,0.019959795924101346,0.007467709739646958,28.01879800682389,15.682711852563147,35.15770863267338,,,,15.479470783471875,0.2764170971169997,22.898713950657903,0.8351379047741149,19.687180262340245,0.33487487621735235,19.623260720630523,4.120411471591749,32.55540784240085,4.825449800788661,15.818644679495147,5.5366470287674625,13.988545621795227,,14.737934449664497,,14.866063658571553,
,4.35,0.13,3.25,0.030049999999999997,3.25,0.030049999999999997,100.0,100.0,350.0,2.720705518102372,2.849847665418227,2.5479685018726594,404.3425426731428,312.43667222082274,368.99717185791627,69.94184185511193,56.102366443869826,53.21542547980852,0.0016166503216479401,0.0032188456654389493,0.017573233730671454,16.067747506625935,17.056068620617037,27.844749885550634,,,,10.597785288714302,0.06571749274991627,19.240488092812846,0.13467973495560456,14.258677214020604,0.7880373870256258,40.53786137159665,2.362904045092049,3.865639316669925,5.248021114036011,41.89020915623366,4.384999981976478,1.490363584349392,,1.3592889681478315,,13.224309531507496,
,4.35,0.13,3.35,0.045024999999999996,3.35,0.045024999999999996,100.0,100.0,350.0,2.6213496129837703,2.7242948189762797,2.510687041198502,472.0713053163257,293.81112004518775,357.02426078573586,66.09254026052787,52.770702510015795,36.40675922392693,0.0015552420953122406,0.0028234533816656935,0.0075556207461432625,15.294777615687925,16.726664097773806,22.568985431649804,,,,6.558927357063836,0.06322122338667645,13.987230919509603,0.11813612475588676,12.586862834013536,0.3388170738180835,30.577749218187396,2.249232002307048,9.596578447634538,5.146665876238094,43.77570696287624,3.5541709341180794,6.911915126017086,,4.65997739834545,,22.53881016185759,
,4.35,0.13,3.45,0.06,3.45,0.06,100.0,100.0,350.0,2.5378467290886393,2.6284636579275906,2.4685272284644197,534.4777447863195,269.9355768715147,488.3577081167643,68.70905783572637,47.96945490263494,41.61100095068701,0.0016224241238853947,0.0030086836785943763,0.004808955116133729,16.485052129251706,16.457000995852773,39.39373029418678,,,,3.1645011824650133,0.06595220015794288,9.977558909104205,0.12588634638470192,10.696288271947076,0.21564821148581742,21.400331649070665,2.4242723719487804,16.942899424149328,5.063692614108545,23.093274312320585,6.203737054202643,3.226679104610747,,13.334318152421062,,11.465955424070197,
,4.425,0.17500000000000002,3.15,0.015074999999999998,3.15,0.015074999999999998,100.0,100.0,350.0,2.79010872659176,2.9437382896379525,2.6183005992509365,238.01646940922248,132.51758819777265,544.8014317427834,66.49002078855042,48.028403429287636,36.786266554356,0.001967278037391886,0.022505390902981568,0.005177161422097016,20.209374325178644,21.229459425508505,22.395744954517674,,,,13.419053926494316,0.07997065192649942,23.168966093638172,0.9416481549364673,17.412582926050963,0.232159705026772,64.99757802805551,2.9719668125262713,59.22535747760842,6.532141361694924,14.204498938144349,3.5268889692153813,6.352083396407853,,13.2278167492545,,21.73134775668937,
,4.425,0.17500000000000002,3.25,0.030049999999999997,3.25,0.030049999999999997,100.0,100.0,350.0,2.7006965043695383,2.822796429463171,2.532895655430712,438.6678214322924,256.8105993764119,515.1761074822851,68.77471659842587,55.11734742596312,54.14741340993325,0.0016686612943594703,0.0030817395631900515,0.00399697167879929,16.92186131526107,23.402732007748607,34.27557316939819,,,,9.784410746729202,0.06783175993331181,18.108637216032257,0.12894307795774274,13.58276481752071,0.17923639815243456,35.490026259957,2.4885090169501574,20.981354038027103,7.200840617768803,18.8699043334984,5.397728058172944,3.1342019740480724,,0.42032985372517373,,15.207262574326064,
,4.425,0.17500000000000002,3.35,0.045024999999999996,3.35,0.045024999999999996,100.0,100.0,350.0,2.606575330836454,2.6905261173533086,2.442373233458177,494.24301973630685,269.11723715318533,437.9793379978013,68.94632197992894,56.39454544367152,34.08533307839388,0.0014496239759539083,0.011320279690944518,0.007374337879205094,15.575626426431922,24.72325967082359,35.3134208767168,,,,5.95834678196968,0.05892780390056538,12.574314533611233,0.4736518699139965,9.523463383774759,0.330687797273771,27.317202979954875,2.2905332980046946,17.194696260558363,7.607156821791874,31.02687590585807,5.561168642002645,2.8925042536212127,,1.8871643065429389,,27.47801472682153,
,4.425,0.17500000000000002,3.45,0.06,3.45,0.06,100.0,100.0,350.0,2.526557715355805,2.60500506866417,2.4519630212234707,553.3305344424879,246.621656566622,508.49223995445146,67.06366923179661,53.64429293900724,43.565723958550876,0.0017135181349715565,0.003958837332668427,0.005773233765473133,16.566154527453694,17.366704932667783,25.98801363930506,,,,2.705598185195335,0.06965520873868115,8.996027977580335,0.1656417294003526,9.953498709572676,0.2588894065234589,18.627862581987078,2.4361991952137783,24.11641336411631,5.3436015177439335,19.922481896936777,4.092600573118907,5.544127842539987,,3.0816749069426645,,7.306970300955583,
,4.5,0.22,3.15,0.015074999999999998,3.15,0.015074999999999998,100.0,100.0,350.0,2.7593868664169787,2.825017852684145,2.6074934456928838,535.1239276258713,315.5742252522058,406.85898357170726,67.01072166349061,32.40290452153549,50.56798609492316,0.001787409450401127,0.01045205981533166,0.008834545566261991,25.881372675029198,33.96057685144285,34.03754667144754,,,,12.170197821828406,0.07265892074801329,18.20158379431568,0.43732467846575984,16.927957205958915,0.39616796261264536,21.305304760901286,3.8060842169160582,2.900238383936679,10.449408261982416,35.92771912256579,5.360243570306698,5.618701882407586,,41.45816707943001,,7.591459776432249,
,4.5,0.22,3.25,0.030049999999999997,3.25,0.030049999999999997,100.0,100.0,350.0,2.678627590511861,2.790452359550562,2.507523233458177,497.0257748679831,257.01912705623295,542.8341655463933,69.14110140118903,58.90846010654871,49.899357209226466,0.0016511244084289555,0.00864735676669824,0.007538634767428326,16.797676950643755,17.108922429459337,42.912464615225396,,,,8.887300427311418,0.06711887839142096,16.75532885148794,0.3618140906568301,12.444988047451893,0.3380553707366962,26.907974284120133,2.4702466103887875,20.91719167500525,5.264283824449027,14.514304638363267,6.757868443342582,2.6181670405788267,,6.429015549320159,,6.168845126013757,
,4.5,0.22,3.35,0.045024999999999996,3.35,0.045024999999999996,100.0,100.0,350.0,2.589876329588015,2.5948111360799,2.4175391136079902,514.9451893114499,320.6069269031884,467.8407802736865,69.44157536405768,31.071281181138204,39.767395818149616,0.0015199489337592818,0.0027989753630050223,0.008579133032441393,15.96919676281755,20.685112185322193,55.90353712280703,,,,5.2795255930087395,0.06178654202273504,8.56950360166946,0.11711193987468713,8.4098257223314,0.38471448575970374,24.272766277727957,2.3484112886496398,1.3517147990189466,6.364649903176058,26.324286571072992,8.803706633512919,2.194964275975093,,43.86399063931671,,15.38851953585188,
,4.5,0.22,3.45,0.06,3.45,0.06,100.0,100.0,350.0,2.513631248439451,2.5901683021223465,2.437929425717853,572.0420439796288,292.84470815085996,492.915361711053,68.29791341662249,49.47470067603321,41.68964056647727,0.0014997048674491587,0.0031461579924739846,0.004464753259676036,17.102566646814513,19.781905647620015,20.836410776237305,,,,2.180132050384187,0.06096361249793328,8.375242766625371,0.13163840972694496,9.324189494074126,0.2002131506581182,15.87617000299576,2.5150833304138986,9.89393595358155,6.086740199267697,22.375533588810555,3.281324531690914,3.8057557512359264,,10.61481359343594,,11.298637092601547,
,4.2,0.04,3.5833333333333335,0.09333333333333332,3.5833333333333335,0.09333333333333332,100.0,100.0,350.0,2.4267455555555557,2.514601111111111,2.340525393258427,588.2718871633458,186.95733130065136,475.1685013166005,65.3065785822516,45.55540403523359,35.54909041594835,0.0016015547827727434,0.006480540227395316,0.005769650823611814,17.348162833965638,15.348336876686576,22.454133542521678,,,,1.3518066847335062,0.0651038529582416,5.213435611343544,0.2711523107696785,4.956295661812876,0.2587287364848347,13.489428358331498,2.5512004167596527,42.47466729210727,4.722565192826639,25.170314753291258,3.5360840224443586,8.018903405279431,,17.695747000481315,,24.363637412875853,
,4.2,0.04,3.716666666666667,0.12666666666666665,3.716666666666667,0.12666666666666665,100.0,100.0,350.0,2.319027852684145,2.3842494132334586,2.2007741697877656,637.263663526619,282.99221336230227,535.795545097918,61.35625853104909,45.09632412493907,32.988108450686106,0.0013829299090231924,0.004023826944623062,0.00721782930257679,16.678740617345852,15.351742425354512,23.25116493596228,,,,5.730575094140454,0.05621666296842246,0.24061032495989534,0.16836096002606954,1.3105753458401053,0.323669475451874,6.284755363732502,2.4527559731390958,12.925472811599304,4.723613053955234,15.622748803477485,3.6616007773168944,13.582734463311137,,18.525159665873403,,29.812535211306155,
,4.2,0.04,3.85,0.16,3.85,0.16,100.0,100.0,350.0,2.2217321348314605,2.2717638576779025,2.1093960923845194,593.2074270598268,149.9971143010651,584.0834069344045,61.144358628525104,40.82498292828549,31.98801188004082,0.0012466628701448335,0.0030678262214015855,0.004782623975021919,16.990329785712774,27.261321539413174,22.41473461276852,,,,9.68568557595689,0.05067735244491193,4.947118925610781,0.12836092976575672,5.408246978272671,0.21446744282609503,12.763613667672523,2.498577909663643,53.84704175351843,8.388098935204054,8.018361112692208,3.52987946657772,13.881185030246332,,26.242126597496853,,31.940400255232298,
,4.3,0.1,3.5833333333333335,0.09333333333333332,3.5833333333333335,0.09333333333333332,100.0,100.0,350.0,2.42074315855181,2.5018060049937576,2.3320766666666666,610.6508896268441,275.835683577266,448.1727254907185,66.65684985385806,45.32845477928579,36.09341522417516,0.0015155225620491163,0.00394833819726414,0.005693885492350543,17.66792166239677,17.122004570279604,21.16638672681502,,,,1.5958065629345426,0.06160660821337872,4.678075522751358,0.16520243503197238,4.577428998505228,0.2553311879977822,10.19839858428763,2.5982237738818776,15.127481976225837,5.2683090985475705,29.421618032957713,3.3332892483173264,6.117112881890052,,18.10577275648457,,23.205499523031573,
,4.3,0.1,3.716666666666667,0.12666666666666665,3.716666666666667,0.12666666666666665,100.0,100.0,350.0,2.3158097128589263,2.3813024469413233,2.2035394756554307,658.22986479966,321.7915043112981,584.6374204241214,63.42149753063728,43.64972857227134,33.889524636105605,0.001312672861929785,0.002472809840039015,0.004786117212806136,16.668909061716953,22.175117103580163,21.75413536341481,,,,5.861393786222505,0.05336068544430019,0.3639143539195318,0.10346484686355711,1.186570598411177,0.21462409026036483,3.201490470638228,2.451310156134846,0.9872294426774995,6.823112954947743,7.931114893839151,3.425848088726742,10.67394713994749,,21.13870176644744,,27.89462843381786,
,4.3,0.1,3.85,0.16,3.85,0.16,100.0,100.0,350.0,2.220571598002497,2.2760179026217227,2.1084976654182275,616.4781155205676,92.51444417279117,569.5742428385396,60.50781322632551,46.364260081118516,32.20651246437488,0.0012193207917508876,0.002490409774616537,0.005532567434556503,16.577355065160447,14.098260535857943,24.28454975982717,,,,9.732861869817198,0.04956588584353202,4.769125413317049,0.10420124579985511,5.448535183039126,0.2480971943747311,9.34145359991653,2.43784633311183,71.5340171776027,4.33792631872552,10.303268844324473,3.824338544854672,14.777727850245759,,16.234399130770523,,31.47550539494706,
,4.4,0.16,3.5833333333333335,0.09333333333333332,3.5833333333333335,0.09333333333333332,100.0,100.0,350.0,2.4120551560549313,2.4825850187265917,2.3217076404494383,629.5801095113393,319.9708298630533,500.5091474444684,66.49398193755843,48.45634080735001,33.117823931180745,0.0014416664860037527,0.003854228558466516,0.0051891100923531965,17.455449053646223,15.702860336071247,27.819513231406155,,,,1.9489773961410042,0.05860432869933955,3.8738501559243317,0.16126479324127682,4.112450244369433,0.2326955198364662,7.414689777744222,2.5669778020067975,1.5474369652143616,4.8316493341757685,21.179661819768757,4.3810257057332525,6.346504313297985,,12.454668821409197,,29.536544827275012,
,4.4,0.16,3.716666666666667,0.12666666666666665,3.716666666666667,0.12666666666666665,100.0,100.0,350.0,2.3100206741573035,2.3715975905118603,2.1961577028714108,677.9280191025777,321.1080942681614,592.1609466505222,65.08638016182124,47.276872346907325,34.4547749500314,0.00120734214079681,0.0024196950349392983,0.005460140608684385,16.695369755811555,22.26253115804625,21.916191627669214,,,,6.096720562711239,0.04907894881287845,0.7699752923907895,0.10124247008114219,1.5175917994883057,0.244849354649524,0.30470307315034556,2.4552014346781696,1.1975094559503445,6.8500095870911535,6.746307614090993,3.451368760262868,8.329042025603888,,14.58559648255226,,26.691968191422557,
,4.4,0.16,3.85,0.16,3.85,0.16,100.0,100.0,350.0,2.217115131086142,2.270191548064919,2.0960435580524344,634.0165368561292,185.47047637345932,583.4188211057725,62.30842665215414,41.742276217824525,30.929109485364673,0.0011682543661570215,0.0025180748798436054,0.005408226298837557,17.471799962849452,26.638750957946293,24.64241526170525,,,,9.873368655034874,0.04749001488443177,5.0129059387063295,0.10535878158341444,6.007015333971553,0.2425213586922671,6.762273991745711,2.5693823474778608,42.93216111585867,8.196538756291167,8.12302029830354,3.8806953168039766,12.241652602599803,,24.584866815131843,,34.19338407369219,
,4.6,0.28,3.183333333333333,0.020066666666666663,3.183333333333333,0.020066666666666663,100.0,100.0,350.0,2.684671810237204,2.770613033707865,2.532146691635456,398.4504668887084,220.53116391981345,539.8095513592352,67.08850734893153,52.87298380858353,53.25191872615318,0.0016713936083236304,0.007532511560569442,0.015791911384187875,17.953555433992438,16.578757713303645,26.99206316680852,,,,9.133000416146498,0.06794282960665164,15.925231535893925,0.3151678477225708,13.549178997105653,0.7081574611743442,41.404343104601715,2.6402287402930056,32.144257255442014,5.101156219478044,14.990621833191302,4.250718608946224,5.509144578969678,,4.475187337699141,,13.301954736496125,
,4.6,0.28,3.316666666666667,0.04003333333333333,3.316666666666667,0.04003333333333333,100.0,100.0,350.0,2.5907364419475654,2.590566604244694,2.429483370786517,524.4155894225205,317.19513368784874,446.2734152109977,66.60053457418377,53.62888955246419,42.38738149020139,0.001529178684601057,0.0024961189784206894,0.02025095501756881,16.06549941501705,38.62449871430467,28.078239639796156,,,,5.314489510063634,0.06216173514638443,8.391908127393057,0.10444012462011253,8.945442636166677,0.9081145747788704,22.880060379041105,2.36257344338486,2.4014973268157727,11.884461142862977,29.72072201401611,4.421770022015143,6.19643017720596,,3.1095039702544067,,9.814081935741719,
,4.7,0.34,3.183333333333333,0.020066666666666663,3.183333333333333,0.020066666666666663,100.0,100.0,350.0,2.6449654057428216,2.727072484394507,2.4982007990012485,574.8294312463596,238.0194516903097,575.2560485450628,70.00211655789305,38.57308787632647,51.6728901435249,0.001639505906185453,0.006682883935477907,0.0030965987971965135,17.97615994913254,53.42642417379555,49.5431077940233,,,,7.5189189326350245,0.0666465815522542,14.103451229895681,0.27961857470618856,12.026941659248811,0.13886093260970914,15.46626011082947,2.643552933695962,26.763245633750866,16.438899745783246,9.408496292116103,7.802064219531228,1.4054696367703572,,30.310591009346943,,9.942319454308304,
,4.7,0.34,3.316666666666667,0.04003333333333333,3.316666666666667,0.04003333333333333,100.0,100.0,350.0,2.5594265293383276,2.6330919350811484,2.383083033707865,558.2892350142005,286.3523127410691,564.2955654509587,69.42817627354121,49.352805730691905,45.86414752102701,0.0017318400444182808,0.0033441410893950453,0.005077233292858664,16.73563172650014,16.973421020282085,27.992601865174084,,,,4.041728834891367,0.07040000180562117,10.171210672851391,0.13992222131360021,6.864710031742827,0.22767862299814637,17.8986419096764,2.461122312720609,11.891596079671043,5.222591083163718,11.13455662189626,4.4082837582951315,2.2138362344489977,,10.835039330276595,,2.4167074020701973,
,4.8,0.4,3.183333333333333,0.020066666666666663,3.183333333333333,0.020066666666666663,100.0,100.0,350.0,2.604219438202247,2.5713549188514357,2.4618384144818974,592.5983013006697,291.5725140705591,606.040078773661,66.38561928070982,40.77313947152094,41.61399859532786,0.0015190093182692337,0.006343801188928973,0.003032447791469792,17.433013387320432,20.612219466421436,36.403318932663524,,,,5.862578788709229,0.061748346271107056,7.588071918470109,0.2654310120890783,10.39634145658733,0.13598420589550636,12.853190985195628,2.563678439311828,10.285380285981809,6.342221374283519,4.560617515958901,5.732806131128114,6.499127773648143,,26.33579137936596,,11.459577456749239,
,4.8,0.4,3.316666666666667,0.04003333333333333,3.316666666666667,0.04003333333333333,100.0,100.0,350.0,2.5212833957553062,2.5609055056179777,2.3527471036204743,599.5337655052617,292.06579593502425,566.5081640242784,63.014144942474005,46.936150785344786,46.48013559161119,0.002061807205931716,0.003701996289204097,0.005201069707329385,18.300795262145034,23.687730432553202,27.501462870591492,,,,2.4911949494026944,0.08381330105413479,7.150857975647596,0.15489524222611284,5.5043544224427965,0.2332318254407796,11.833269778637982,2.6912934209036816,10.13360125076177,7.288532440785601,10.786115901688447,4.330939034738817,11.247683179614079,,15.20117292620635,,1.106094485933644,
,4.544017104338829,0.1837346572801993,3.6581306056301024,0.1522562385887176,3.6581306056301024,0.1522562385887176,100.0,100.0,350.0,2.301252334581773,2.3583150686641696,2.190142347066167,698.8664275653127,324.0993274569684,617.7077641186426,65.6177933643142,49.40921317410602,34.9083268225019,0.0012597277157842864,0.002625657589353449,0.005142554130429207,16.813727776940325,15.006637715706402,25.23570369721229,,,,6.453157130822242,0.05120844373106856,1.3257293445954184,0.10986015018215267,1.787338696584431,0.2306078085394263,2.774474641957755,2.472607026020636,0.27713001324048914,4.6174269894481235,2.723186752969676,3.974126566490124,7.580572726318034,,10.733128863403758,,25.72696420744277,
,4.553424270719841,0.32561226527818643,3.7805894923290304,0.1405356794644367,3.7805894923290304,0.1405356794644367,100.0,100.0,350.0,2.2533069787765294,2.302626654182272,2.1331788639201,700.8107662528315,205.80367749020184,660.7641721706254,65.8870436635715,52.49996253280127,34.58149400661365,0.0011751601426184424,0.002189015827149416,0.008842754227768018,16.500011209669175,22.380246496440947,28.666776902021386,,,,8.402155334287421,0.04777073750481473,3.6557885279384164,0.09159062038282076,4.341754981161437,0.39653606402547165,3.0604068018869874,2.426472236716055,36.67579154147636,6.886229691212598,4.057349948129991,4.514453055436439,7.201346952716192,,5.149119181930861,,26.42235317741776,
,4.488699498305926,0.30152156340021463,3.751599287587919,0.021561935452814412,3.751599287587919,0.021561935452814412,100.0,100.0,350.0,2.5213376903870164,2.5338551310861424,2.433894843945069,549.8610652895389,295.28833713841885,588.4752020203208,66.77548117751255,51.08634730312992,29.676377298802866,0.0015529833495630174,0.02436732809550618,0.005510339962912123,17.419725574525117,19.76714419531378,32.10714708651348,,,,2.4934020482527,0.0631294044537812,6.019043141679591,1.0195534767994217,9.143266544621925,0.2471004467673598,19.138078633891332,2.5617243491948702,9.142050111255736,6.082198213942701,7.326739839319557,5.0562436356714135,5.95002651054571,,7.703076236440979,,36.85877170467475,
,4.772592289927677,0.29409671790303604,3.5696940634085044,0.11207161269690397,3.5696940634085044,0.11207161269690397,100.0,100.0,350.0,2.3429136329588016,2.370219850187266,2.234175131086142,693.3020753357085,323.0505558907626,647.3503653070836,66.84354228144066,45.254123004426425,32.049366312426216,0.001259771669832421,0.0057839092080986185,0.011916602452630737,16.450192604834623,14.768069658535765,24.725775280421445,,,,4.759608416308876,0.05121023048099273,0.8276213310767416,0.24200456937651124,0.18722560924403503,0.5343767915977908,1.9561875493689025,2.419145971299209,0.5998289566884278,4.54402143339562,1.9449394184383655,3.8938228788065268,5.8541658007878,,18.240066839337988,,31.809858909731457,
,4.374897479995657,0.33411915153216076,3.156918221632616,0.057065942377849024,3.156918221632616,0.057065942377849024,100.0,100.0,350.0,2.643601073657927,2.7510409113607994,2.4829541448189762,492.56734488172026,247.2682676074292,391.0598088552961,70.95488018655632,56.991527869330994,38.77887822043873,0.0014612956052139992,0.0026600144817995417,0.008464479815617805,15.558447084541386,16.33079285193197,50.63657469077985,,,,7.463458278777529,0.05940226037455281,15.10631428287863,0.11129767706274234,11.343235193676065,0.3795730859021437,27.563625752688196,2.288006924197263,23.917456120791012,5.0248593390559915,38.41577813302423,7.974263730831473,0.06354903301926275,,2.965723341158072,,17.49174846715164,
,4.783425251906325,0.2602048300793555,3.6156045023333228,0.03897130846524323,3.6156045023333228,0.03897130846524323,100.0,100.0,350.0,2.4527965792759048,2.420649712858926,2.273236966292135,597.136635616545,320.5946605690786,610.559723126435,67.53097193727612,47.76022468178171,36.34830527980801,0.0014476166737157964,0.0029592876748378116,0.009636155063619116,17.420764553724748,16.31095143683724,40.37418058182295,,,,0.29282198065427595,0.05884620624860961,1.2824147639718007,0.12381956798484567,1.9388774122033645,0.43211457684390653,12.185788879919846,2.5618771402536393,1.3554890556681234,5.018754288257612,3.848862499774022,6.358138674302826,4.885955017920956,,13.712331198226366,,22.66318025572764,
,4.226967468197057,0.07913966194752772,3.367913372094077,0.05813348729654995,3.367913372094077,0.05813348729654995,100.0,100.0,350.0,2.5925753308364548,2.7021456803995005,2.4844915355805246,483.37255680617363,219.35710051236055,403.6903949849111,66.08185047515441,47.06651698937965,41.826831741669665,0.0016375421129425668,0.0029878322941102064,0.008965761889769596,16.13848211867705,20.370317636476933,53.919794779077755,,,,5.389241090912797,0.06656675255864093,13.060488719644368,0.12501390351925548,11.412176483431598,0.40205210268025093,28.91580046968035,2.3733061939230957,32.50550753465829,6.267790041992903,36.4267094511951,8.491306264421693,6.92697116175435,,14.96564229561039,,11.006740975170928,
,4.210088897222818,0.1734736333762267,3.2848305677292178,0.10098990762471592,3.2848305677292178,0.10098990762471592,100.0,100.0,350.0,2.5459813732833956,2.580792896379526,2.485428589263421,546.7112134551004,203.74030485997076,367.52057041544595,63.98410648615122,49.25288746294402,44.951347594313305,0.0015681077328217254,0.023796565883557642,0.004194442201572767,16.3522030582386,21.356002443419026,26.810471095500745,,,,3.495177775747789,0.06374421678137096,7.982966375712375,0.9956722127011566,11.454196827956094,0.18809157854586397,19.601292138955824,2.404735743858618,37.310675427701305,6.571077674898161,42.12274481646521,4.2221214323623215,9.881540160350394,,11.01556013921587,,4.358834905716374,
,4.505659168797134,0.38135424143888086,3.342620453477149,0.09142266721779048,3.342620453477149,0.09142266721779048,100.0,100.0,350.0,2.4918552309612982,2.4983899500624216,2.416405930087391,621.148465685392,246.2878370455539,548.3984881428244,67.54430011398372,50.810026076812875,41.893251267974776,0.0014074560305175421,0.008696810435297717,0.00448973859652275,17.418604647893453,27.496508715614187,37.648043859384494,,,,1.2949280878576535,0.057213659777135856,4.535144354076212,0.36388328181161994,8.359010317820216,0.20133356935079597,8.654637399207058,2.561559507043155,24.219127062906487,8.46046422018898,13.638033363334747,5.928825804627479,4.867182938051093,,8.20230157757385,,10.865422834096222,
,4.306565825275454,0.22556377881828893,3.445611862203779,0.08006982219294025,3.445611862203779,0.08006982219294025,100.0,100.0,350.0,2.4988329712858928,2.555471672908864,2.4250119600499374,582.1354662549995,276.9107401451139,486.48373733132615,67.25474488216298,48.85563174864703,46.54147486587717,0.0015574505322559914,0.0027073215449734786,0.005289853521450473,17.629056097826926,15.163078009145943,47.07865052390252,,,,1.5785760685322279,0.06331099724617852,6.9235009585298695,0.11327705209094054,8.74493094394338,0.2372131623968822,14.391843197794188,2.59250824968043,14.796695339964957,4.665562464352598,23.3883878218384,7.413960712425593,5.275007208221153,,11.73327597353744,,0.9755853917507021,
,4.335313480660086,0.14446493759099227,3.451558898199649,0.06268994951128776,3.451558898199649,0.06268994951128776,100.0,100.0,350.0,2.531081223470662,2.620911622971286,2.4596211360799,542.9707644016819,301.53715819952754,486.60928300779824,68.28191915548007,46.69553637480337,34.425182565482096,0.0014849586698788776,0.0028786503977856768,0.004994001760383072,17.396788331931656,15.573481334799375,22.35909328082484,,,,2.889480628888696,0.060364173572312094,9.661574182898994,0.12044562333831284,10.296911931834085,0.22394626728175213,20.15135817622325,2.558351225284067,7.219335938606911,4.7918404107075006,23.368616849165633,3.5211170520984,3.828282879605538,,15.635887308395002,,26.754930711740222,
,4.6870379006233,0.10795373460446395,3.2596387912738134,0.12180193612281492,3.2596387912738134,0.12180193612281492,100.0,100.0,350.0,2.490221747815231,2.5649602247191012,2.416565867665418,592.437334607656,285.646998529877,545.6330278749502,66.47572756724918,47.060505463940444,41.634386673286556,0.0015619655698264807,0.00277866486814049,0.00512681292592832,17.35303708614993,12.876034581260523,20.747235026047893,,,,1.2285263339524848,0.06349453535880002,7.320511494523058,0.11626212837407908,8.36618240652099,0.22990192492952108,12.876862557697647,2.55191721855146,12.10861583696092,3.9618567942340075,14.073538917330671,3.267281106464235,6.3722146940152395,,14.976503226846534,,11.416198567475414,
,4.465728609057547,0.04513313742508541,3.377699997052902,0.13424492448978548,3.377699997052902,0.13424492448978548,100.0,100.0,350.0,2.4580484394506867,2.561338551810237,2.3829742072409483,592.6944181029827,252.2562847556051,529.8292459777679,65.94475629854225,44.73956789579816,37.35417473246588,0.0015244014191287312,0.003663208177284608,0.005228713240559049,18.05064725143841,16.869160346221992,37.880604033178955,,,,0.07933172964687905,0.06196753736295655,7.168977063189835,0.15327230867299613,6.85982992111876,0.23447144576497977,12.839056161326075,2.6545069487409423,22.382681613659972,5.190510875760613,16.562323468068055,5.96544945404393,7.12006155134895,,19.16970569864831,,20.523032484115152,
,4.796812374478104,0.36971440421214563,3.136983436895141,0.11006290250837343,3.136983436895141,0.11006290250837343,100.0,100.0,350.0,2.4848513108614227,2.4744075280898876,2.403070224719101,627.2177206355002,314.31342133928825,561.512828255182,67.1360702179773,50.51876285047864,43.381842369806066,0.0015120356822821309,0.007345044699116716,0.004983424746039444,17.343888158424303,14.496120291474758,47.47243783183349,,,,1.0102158886757229,0.061464865133419956,3.531695735978556,0.3073240459881471,7.76099662417494,0.22347196170580466,7.762099906544088,2.5505717880035736,3.288178049449768,4.460344705069156,11.572782951939852,7.475974461706061,5.442154622567175,,8.728522402025952,,7.698207723816882,
,4.563692030065045,0.25098963592224577,3.2117726536088513,0.1275500197389502,3.2117726536088513,0.1275500197389502,100.0,100.0,350.0,2.501123383270911,2.5766785518102377,2.4310502996254684,610.7261618214022,321.1992156072433,543.2015882142266,68.11759001271258,52.40321287785899,46.80410548560373,0.0014970262737072392,0.0023114590954903015,0.003976922448340228,16.78739101292956,22.675188090330998,30.38209908924524,,,,1.6716822467850103,0.06085472657346501,7.810818067373958,0.09671376968578667,9.015708503384232,0.1783373295219833,10.187329143911438,2.468733972489641,1.169472120848223,6.976980950871076,14.456442800909194,4.784582533739408,4.059732376461151,,5.323915306487825,,0.4167968391410048,
,4.402335983026889,0.1489988165736186,3.4889421848944195,0.15967843228853948,3.4889421848944195,0.15967843228853948,100.0,100.0,350.0,2.3822428089887637,2.4575411735330834,2.290035905118602,673.5425452433759,329.59201663699275,547.6429104936262,67.1079550593286,48.84845888278795,34.95325325299563,0.0013737942803488138,0.003964419329624284,0.005886787469493554,17.703673022005542,15.160040942640396,23.27463635234689,,,,3.1608614232209855,0.05584529594913877,2.825990524396791,0.16587528575833824,2.6921930546458253,0.2639815008741504,0.9496256995035424,2.603481326765521,1.4129281959977702,4.664627982350891,13.757021969507681,3.665297063361715,5.481753437565348,,11.746235080780576,,25.631376057456105,
,4.274920672381986,0.39166567888016907,3.8399458744645627,0.007279821719329148,3.8399458744645627,0.007279821719329148,100.0,100.0,350.0,2.661439263420724,2.76621606741573,2.4890442197253435,465.00498329656347,312.7459590736712,507.0974159709645,69.70745503930954,55.213965935969874,46.11075229515632,0.0015710344782253417,0.0027915673716479455,0.0043227812715496555,15.839198549430385,29.8756838341091,26.4487007364524,,,,8.188587943931871,0.06386319017176185,15.741258050867353,0.11680198207731989,11.616332723109574,0.19384669379146438,31.616914221093605,2.3292939043279977,3.7704741311780916,9.1925181028028,20.142139217170943,4.165149722275968,1.8204858601274134,,0.2457706667210974,,1.892016393284432,
,4.727115620875361,0.10407792020992593,3.7294539467181806,0.08352502512065808,3.7294539467181806,0.08352502512065808,100.0,100.0,350.0,2.339011822721598,2.3903177028714104,2.210202459425718,639.0204007445866,290.6744431805312,604.5968793918735,64.22508269191496,38.67186940641736,34.51195286501139,0.0013451354666103696,0.0028717813229081793,0.008331513192011654,16.569839434780377,15.417871436600215,25.39932203715818,,,,4.91821858855292,0.05468030352074673,0.013293007171979416,0.12015821434762254,0.8877820885328183,0.3736104570408813,6.026411655207854,2.4367410933500553,10.561709790605777,4.7439604420308354,4.787893009153784,3.999893234198138,9.542137053640896,,30.13212392697858,,26.57031305316726,
,4.223696043751494,0.2776835167954646,3.2964864445509834,0.10713316901216433,3.2964864445509834,0.10713316901216433,100.0,100.0,350.0,2.5295182397003746,2.6253280149812737,2.4658876654182276,576.1553799046126,287.6406695392276,436.09845644120617,67.62703893354066,48.620718284353416,44.264980893918384,0.001541359147788701,0.0027898113609660553,0.004156637753992416,17.398320174759125,16.986809092473585,23.632527482862926,,,,2.8259447032672615,0.06265687592636995,9.846360459467512,0.11672850882703159,10.577922216064017,0.18639631183822494,15.271267661086387,2.5585764962881066,11.495178603314589,5.226710489991873,31.323077725794302,3.721657871316996,4.750649389379351,,12.157690543173596,,5.819189587407693,
,4.761070087092334,0.19481314554702608,3.6542336163453086,0.015179783571976248,3.6542336163453086,0.015179783571976248,100.0,100.0,350.0,2.567115081148564,2.5424836704119853,2.3739752933832707,514.5757765411503,299.2687625563356,550.7274180310333,62.7468460670939,37.881901241227666,41.46224082595633,0.001727098947558222,0.026069889384330653,0.005778180959010254,15.929815499091786,14.83064824763011,31.845123274008223,,,,4.354271591405047,0.07020727429098464,6.380069891714861,1.090790350808814,6.456291183106312,0.25911125376727595,24.327091685124962,2.342619926337027,7.917303828819811,4.563276383886188,13.271272751018383,5.014980043150901,11.624160468881835,,31.559347350988862,,11.782466327752493,
,4.4486929429074085,0.09150327105692205,3.3092326755284622,0.07676592111656771,3.3092326755284622,0.07676592111656771,100.0,100.0,350.0,2.5593802122347062,2.655088464419476,2.443653720349563,521.891075819899,342.9780918152465,403.28726666598914,65.89067255902785,48.528984290060606,40.74372904192778,0.0015822658847046262,0.003262510921674426,0.007807859478864734,16.053928412579946,15.563390898377648,24.898849052599388,,,,4.039846025801069,0.06431975141075716,11.091567548932039,0.13650673312445297,9.580884320608206,0.35012822775178176,23.251312379426615,2.360871825379404,5.531720558537385,4.788735661039276,36.49019422582848,3.921078590960534,7.196235832355143,,12.323424950206675,,13.31121480440898,
,4.26756053109615,0.24356484156959712,3.794360986179453,0.027812528523106107,3.794360986179453,0.027812528523106107,100.0,100.0,350.0,2.497633058676654,2.5511008364544323,2.411617365792759,553.6802606388013,273.37252350788594,546.5878660932237,64.41112645123675,49.475724380205556,37.73365033323923,0.0015950959243264107,0.02024010713100278,0.005782893927548596,16.88920048049315,16.334231313814296,25.323305049770223,,,,1.5297991331973264,0.06484129773684597,6.740620772151974,0.846866407154928,8.14427649294883,0.2593225976479191,18.576432258999805,2.483705953013699,15.88537738218894,5.025917327327476,13.923170693980513,3.987922055081925,9.28010358980739,,10.612964082736125,,19.715637588852697,
,4.4373792379742785,0.35030397259075124,3.552043498693612,0.08682292687081875,3.552043498693612,0.08682292687081875,100.0,100.0,350.0,2.425333945068664,2.4895520224719103,2.3368806242197255,656.1616164995424,248.49402485147027,475.40807471755596,68.5967676150114,50.73325234672552,40.593066946759976,0.0013661628442388485,0.004808530170904035,0.005048005730965714,17.10357905437099,14.1575349073972,27.62280171662281,,,,1.4091892248510574,0.055535074969058885,4.165356588782853,0.20119373100016882,4.792853104023568,0.22636796999846248,3.5056446324202284,2.5152322138780865,23.540300045701454,4.356164586891445,25.132586658652606,4.350047514428789,3.384834345054364,,8.341007503657597,,13.631772453702181,
,4.580170317319177,0.33907281001829553,3.0644509607348374,0.10273097203702573,3.0644509607348374,0.10273097203702573,100.0,100.0,350.0,2.567505742821473,2.6266171910112357,2.4535685393258424,566.4047356229636,318.175564249724,448.31900348074214,68.89049561053596,59.79204650665298,32.113817962941326,0.001469130177614125,0.029208729970245532,0.00691157129303923,16.502770438402734,19.378596572060587,19.95455280153277,,,,4.370152147214348,0.059720738927403455,9.900300879131196,1.2221225928973025,10.025495037033293,0.3099359324232839,16.705185937799474,2.426878005647461,2.0998263847003065,5.962645099095566,29.398582129016987,3.1424492600839007,2.9711329429070923,,8.025377609129139,,31.67272773842271,
,4.316590020490089,0.1376507822059138,3.1233870259567404,0.050893976413531335,3.1233870259567404,0.050893976413531335,100.0,100.0,350.0,2.701388277153558,2.8281164169787765,2.55326354556804,421.1340322317853,320.087360037066,263.37409691297466,70.12133777529456,54.81009244686736,46.82086937977569,0.0016381439277700467,0.003173883350236958,0.0024647513897416568,15.561180628910213,15.965902500056105,20.727037928236893,,,,9.81253159160805,0.06659121657601816,18.331230835932065,0.1327984665371112,14.496123119643046,0.11052696814985008,38.06852467179628,2.2884089160162078,1.511581527056618,4.9125853846326475,58.523764265673286,3.264100461139668,1.237552429162587,,0.9754427337536461,,0.38112897920066696,
,4.657135343817487,0.1888772453362831,3.0849431280782658,0.04604628337306649,3.0849431280782658,0.04604628337306649,100.0,100.0,350.0,2.658029151061174,2.76745684144819,2.501932559300874,538.4636969973984,277.89642770733286,611.166719195244,65.41287283813854,57.63083923552238,50.260369714931954,0.0018861063141832664,0.0031080416480607077,0.004027497990910921,16.67319446987081,24.156895600498693,33.8396978116747,,,,8.049965490291637,0.0766709883814336,15.793173282351036,0.13004358360086643,12.194285170442784,0.1806052910722386,20.81416220626494,2.4519403632162957,14.493406859282198,7.432890953999598,3.753272567678108,5.32908626955507,7.869193185720367,,4.120757426418028,,6.936956840280754,
,4.358259181803232,0.30702976340504146,3.7608133869942035,0.042501061393496305,3.7608133869942035,0.042501061393496305,100.0,100.0,350.0,2.4413976029962545,2.4635435081148565,2.3489026716604244,606.3962735828128,311.5070593288244,482.90165426884226,65.62943383020698,48.217919925617245,35.2934964944755,0.0014456392175058767,0.029021537537710616,0.005294830389475048,17.99292500937868,14.200251026933625,22.714680114897877,,,,0.7561950001522537,0.05876582184983238,3.0771342307471263,1.2142902735443772,5.331958370422622,0.23743634033520394,10.824077414292237,2.6460183837321587,4.151674052669407,4.369308008287269,23.9524953907335,3.5771149787240755,7.564177703933835,,12.885420188586732,,24.90745426707341,
,4.455506613895899,0.2747596772964942,3.678987072920112,0.06484786004982854,3.678987072920112,0.06484786004982854,100.0,100.0,350.0,2.410029138576779,2.473241947565543,2.3146224219725346,636.3870319682983,308.4904173050713,494.55666986669274,64.97281360660033,45.236595376988234,35.383033634445255,0.0014005886733879061,0.006796691268716512,0.005649473814145581,16.74652533040128,13.600927615032859,21.76659580236493,,,,2.0313358302122286,0.056934498918207566,3.482926676382554,0.2843803878124064,3.794727442714559,0.2533396329213265,6.413671769367899,2.4627243132943057,5.079871598439608,4.184900804625495,22.117059863512956,3.427810362577154,8.488994920281232,,18.271733736245288,,24.716949713946267,
,4.641724381137714,0.12001184225019754,3.5322830104462266,0.1282486035272656,3.5322830104462266,0.1282486035272656,100.0,100.0,350.0,2.373963945068664,2.411340674157304,2.2777351935081147,660.6756321064175,326.3712277670358,581.2085261228384,64.839336430286,40.19949602713942,35.80151529444155,0.0013370598030674496,0.03572138187479515,0.00578230049320837,17.467955913636004,15.949431136267938,21.449246432396578,,,,3.497400606964875,0.05435202451493698,0.8929152367072667,1.4946184884851526,2.1405916371351896,0.2592959862425278,2.8418188078797737,2.5688170461229416,0.42191623601101685,4.907517272697827,8.471098248371904,3.3778340838419805,8.676990943259161,,27.372184232810447,,23.82656320331585,
,4.327518663536647,0.11605049254730038,3.3880351510315987,0.03457919695113936,3.3880351510315987,0.03457919695113936,100.0,100.0,350.0,2.6471918352059927,2.7562331210986266,2.464796916354557,446.6073009091099,319.42497799525825,404.51738393632684,63.95016757937002,51.44468773382732,36.90385187796507,0.0014989506338799097,0.0032443686591641803,0.012115400461984109,16.299109383472743,32.2773536134983,24.113332215016502,,,,7.609424195365557,0.0609329525967443,15.323561552243786,0.13574764264285272,10.529009701998067,0.543291500537404,34.32245574866031,2.3969278505106977,1.715391386074386,9.931493419537938,36.296474970657194,3.797375151971103,9.929341437507016,,7.055668050899148,,21.481166217095602,
,4.671541005560757,0.16741933811973755,3.0768908858660824,0.1204955925999257,3.0768908858660824,0.1204955925999257,100.0,100.0,350.0,2.5510496379525596,2.5461666042446938,2.4405108489388265,558.711917337575,337.47576480127657,456.5842858139868,70.00418791347087,49.317913201038735,36.95207853822569,0.0015360288062916676,0.002927883357381568,0.005780390581820741,15.908780501837848,14.804398521951816,31.636463550521228,,,,3.701204794819496,0.06244019537771007,6.534167541618981,0.12250557980676015,9.43994838290702,0.25921033999196147,17.83648274447427,2.339526544387919,3.838696861931252,4.5551995452159435,28.096962863939083,4.9821202441765715,1.4025522345480672,,10.898079130914665,,21.378556301647464,
,4.618163824600051,0.127093172154213,3.805816457119892,0.06968084263397088,3.805816457119892,0.06968084263397088,100.0,100.0,350.0,2.3368661922596754,2.3897582896379523,2.2120709488139823,633.3275067673293,305.19515426374426,600.1993253299628,61.106895002546025,48.346312457504325,32.942354806609885,0.0013691497755870267,0.0027306498211973258,0.009567871320133167,16.33974799134796,16.474145783562005,24.837651618655364,,,,5.005439339037584,0.05565649494256206,0.010113404269781872,0.11425313059403036,0.8039933267272525,0.42905252556650975,6.863601945980987,2.4029041163746996,6.0937986880786905,5.068967933403694,5.480421207879876,3.9114411997882463,13.9339507006394,,12.653455361329135,,29.909883390191734,
,4.254430683086959,0.3482249073226188,3.4142069071457053,0.09543509837546647,3.4142069071457053,0.09543509837546647,100.0,100.0,350.0,2.4913999875156057,2.5762376529338327,2.417638664169788,610.4632881572727,306.46910067749803,464.6664327109161,70.27143809355013,47.10992546225128,42.82347312898206,0.0014178588169644919,0.003282307151135382,0.005125110226944103,17.907928240994327,14.270348063239082,23.348547641235534,,,,1.2764222567319385,0.05763653727497934,7.792370415641528,0.13733502724415822,8.414289873084654,0.2298255707149822,10.22598703569519,2.633518858969754,5.701815176154451,4.390876327150487,26.82418382505258,3.676936636415044,1.026143530211083,,14.887216870368054,,8.886227385144556,
,4.350212735414061,0.2668065352685501,3.3270478274346096,0.14246433754558982,3.3270478274346096,0.14246433754558982,100.0,100.0,350.0,2.467596079900125,2.5388287765293382,2.3942284893882646,637.0123702001356,297.516429112406,460.2711822393911,66.74647422568034,47.65971094741212,41.65116487295535,0.0015638066100410208,0.010875272352968842,0.005141683852610915,17.121368035970047,17.60027449006729,68.35511228603869,,,,0.30878373577744384,0.06356937439191142,6.227145461478583,0.45503231602380084,7.364506250594826,0.23056878262829217,6.321710264685942,2.5178482405838305,8.456483350028922,5.415469073866858,27.51634925363919,10.764584611974596,5.990881372281205,,13.893927827620377,,11.380500270307769,
,4.60382487415412,0.08551984690929171,3.231534910329983,0.03642846691384628,3.231534910329983,0.03642846691384628,100.0,100.0,350.0,2.6770750561797754,2.7915852933832714,2.4984278776529334,433.3153893812396,315.09233355512396,391.3212663649859,67.89681941218613,53.174883373408406,45.15908847305309,0.0016289314068093455,0.0032290080435125423,0.008013091787195033,15.69513761027643,28.224095205986156,22.481260131175446,,,,8.824189275600625,0.06621672385403844,16.802731940722648,0.13510493905910217,12.037124558427507,0.3593314702778042,36.277148620405946,2.308108472099475,3.0485127522695517,8.684336986457279,38.374603722049464,3.5403559261693616,4.370676884244883,,3.9297500028755112,,3.9168330360572576,
,4.741731612223043,0.06371644602542617,3.1845673340946803,0.15666954826709922,3.1845673340946803,0.15666954826709922,100.0,100.0,350.0,2.4933082397003745,2.573541310861423,2.424945193508115,587.7449818013384,293.8461667140642,448.6368989550923,67.1470711669763,47.09257370498163,41.040739604061585,0.0014945634889398074,0.00269578896698061,0.004777428674900102,16.460100892324668,19.223601707647866,44.147612765674026,,,,1.3539934837550631,0.060754613371536884,7.679552755708066,0.11279451744688744,8.741936928615022,0.21423446972646198,13.566914440979641,2.420603072400686,9.585794857211008,5.914954371583958,29.348519849591764,6.952379963098273,5.42666032820239,,14.918566025326774,,12.679277438166842,
,4.532250848961615,0.3746874221609418,3.470717149207963,0.1357294804306328,3.470717149207963,0.1357294804306328,100.0,100.0,350.0,2.390531011235955,2.455231298377029,2.30035049937578,706.6345180452795,310.9638359611935,568.2324014341244,69.14879864769782,46.08860432910058,39.13367167516415,0.0013088590837533258,0.007456180293026032,0.005834809165715022,17.32555019232924,14.128503452371364,22.930355855865837,,,,2.823942632684754,0.0532056538111108,2.7293430283275595,0.3119740708379093,3.1547309137121164,0.2616506352338575,3.91684088901169,2.5478750282837113,4.318819704248146,4.347231831498881,10.514582451318988,3.611079662341077,2.6073258483129345,,16.732422169646643,,16.736868776246485,
,4.483409551943385,0.39823357557166283,3.4337123751306873,0.05293999191548796,3.4337123751306873,0.05293999191548796,100.0,100.0,350.0,2.5260291510611736,2.60170720349563,2.4499751810237202,584.0010586466544,290.70773751597,542.3849654195968,68.98690113091206,50.21586291510823,41.33532328405555,0.0013880245056921657,0.002541819509679581,0.004259605586018437,16.636962038477243,15.243738234407756,25.475410360856525,,,,2.684111831755028,0.05642376039399048,8.858041987264844,0.10635228073973141,9.86435789344037,0.19101370340889853,14.117491375491998,2.4466120644819473,10.55146537970154,4.6903809952023865,14.585044815811523,4.0118756473789805,2.83535051984217,,9.27576709104204,,12.052503650945642,
,4.405584682129721,0.28871023113272554,3.5299130005931842,0.017121347771659908,3.5299130005931842,0.017121347771659908,100.0,100.0,350.0,2.653916179775281,2.7580041573033705,2.4640818352059926,471.0904507193722,322.254120340504,441.562572855488,68.98640550903163,52.23731476775937,39.710951423927526,0.0015932880742792392,0.0028376361765076056,0.006754203802285579,15.905944560455419,12.821346609702655,28.008586481528653,,,,7.882771535580531,0.06476780789753006,15.397663485496667,0.11872954713420944,10.496943282779936,0.30287909427289594,30.721992541268794,2.3391094941846204,0.8448860490756872,3.9450297260623555,30.462586951891655,4.410801020713174,2.836048578828694,,5.623640889323631,,15.508613991643562,
,4.695248595623777,0.2139378181199075,3.113301372263722,0.11589624521131965,3.113301372263722,0.11589624521131965,100.0,100.0,350.0,2.530203570536829,2.526016279650437,2.415876229712859,581.1847205358489,258.3640429744662,637.102843439932,67.77550917867708,30.51071682611142,38.53412079738545,0.001522194792177016,0.0025771679013401267,0.0074219926581185775,16.575712048638376,13.337189373848576,23.099760585570817,,,,2.853803680358908,0.0618778370803665,5.691057725959695,0.10783129294310152,8.335256937796363,0.33282478287527256,14.531658744728103,2.4376047130350553,20.503371392471937,4.1037505765687925,0.3311564472333906,3.637757572530837,4.541536368060446,,44.87675370169572,,18.01250894173309,
,4.290406377970653,0.36305264013379085,3.204007664514917,0.07963269550461383,3.204007664514917,0.07963269550461383,100.0,100.0,350.0,2.5956290761548066,2.6926082521847694,2.536736079900125,534.0457981928362,241.36202773462298,369.36113914014084,67.33647428959448,55.20373739990112,47.34693775523362,0.0015918254129907473,0.0029656625214820698,0.003966493333362357,15.777081517411421,29.49902229187576,30.679362441719377,,,,5.5133770794636865,0.0647083501215751,12.661433145806246,0.12408629796996107,13.754981161440586,0.17786965620458997,21.463853206935855,2.32015904667815,25.734760697039082,9.07662224365408,41.83289147399357,4.831395660113288,5.159895366768342,,0.2642504066827085,,0.7381654366672731,
,4.389604290241733,0.05721235531703991,3.7176866904873,0.024478812524153033,3.7176866904873,0.024478812524153033,100.0,100.0,350.0,2.555803458177278,2.616737053682896,2.4791570411985018,487.6016961074362,309.7845155534275,486.10134132595573,65.16304889876966,46.67844239717545,42.659304249624455,0.0015666155881584954,0.02893124279318752,0.005789143879672588,16.13749127301939,28.796908047177673,25.63239492677834,,,,3.894449519401544,0.06368356049424778,9.486906011836648,1.210512250760984,11.172961488722054,0.25960286455930887,28.293868219494673,2.373160481326381,4.6816875220223,8.860587091439283,23.448607665203824,4.036597626264305,8.221057889056818,,15.666770736810387,,9.235522873139457,
,4.517400412792561,0.31950184667940146,3.5018457230119924,0.14487295120528343,3.5018457230119924,0.14487295120528343,100.0,100.0,350.0,2.373295630461923,2.4375393757802746,2.277300237203496,708.9737462458465,307.30058289663316,614.2143692863393,68.95505777442708,49.19292199294745,30.929796120273025,0.0012665497950222525,0.0029876813099563764,0.007503274256527227,17.50968697758408,21.59363366248629,22.160029158501914,,,,3.52456786740151,0.051485764025294825,1.9890952209319852,0.12500758619064337,2.1210868701119217,0.3364696976021178,4.260845036153903,2.5749539672917767,5.445974493343643,6.644194973072705,3.273327671442627,3.489768371417624,2.8802003177083444,,11.123898838396665,,34.191923148355265,
,4.707622135105174,0.07333250903121835,3.2537121277507404,0.0029156066403796792,3.2537121277507404,0.0029156066403796792,100.0,100.0,350.0,2.895699101123596,2.9305013857677906,2.592126754057428,148.3499151661132,53.659954720316485,334.2682430797924,72.29273750178626,45.20175841269841,30.229526484851313,0.004268925911867204,0.1371511944641834,0.005464296244777235,28.217496358177286,48.13728464017003,38.31590884130753,,,,17.71134557412993,0.17353357365313837,22.615120743422196,5.738543701430267,16.238867894951927,0.24503570604382224,78.18383600498335,4.149631817379013,83.48924470144108,14.811472196975393,47.35933179845789,6.034001392331895,1.8207570447693846,,18.334673147789683,,35.68185854286955,
,4.246045402537278,0.23467057888100387,3.173918926242859,0.0034354733582244437,3.173918926242859,0.0034354733582244437,100.0,100.0,350.0,2.9595608988764046,3.0082382771535583,2.6488660799001247,64.80125329117313,163.62325916114088,222.4231704809852,73.43825761512464,37.582745993092544,32.79394584361687,0.0030607021973741958,0.008184277062031177,0.016409091622134612,31.077011331784686,50.12944446151482,49.14054508900252,,,,20.307353612861977,0.12441878851114618,25.86771034115306,0.3424383707962836,18.783232282516803,0.735833705028458,90.47040392776866,4.570148725262453,49.65438179657203,15.424444449696868,64.97272905811258,7.738668517953154,3.4341656551051285,,32.09982657074518,,30.225647141240707,
,4.631521152385892,0.22829211945872765,3.5913121186185575,0.030992876825912525,3.5913121186185575,0.030992876825912525,100.0,100.0,350.0,2.5218970037453183,2.563417602996255,2.3912878027465667,550.4539785760157,304.3093497078415,558.5930274309243,67.6780713008476,47.92964815333572,31.449853761796916,0.0014943210034112288,0.012185039987508904,0.005285364241567695,16.821814145470793,19.99271155438611,21.767251765873922,,,,2.516138363630828,0.06074475623622882,7.255966652562964,0.509834309100791,7.232636894464876,0.2370118493976545,19.0508855035271,2.4737961978633516,6.366353936048777,6.1516035551957255,12.032594105366254,3.427913663917153,4.678772815707598,,13.40623639867079,,33.08541752809167,
,4.653548998944062,0.2071238065056278,3.8209526860631264,0.07138900393455698,3.8209526860631264,0.07138900393455698,100.0,100.0,350.0,2.3175958676654185,2.3635802746566794,2.186633133583021,652.3748460956407,336.3779278986468,613.2860223575916,62.999549732776515,50.08076197784091,33.89591495566546,0.0012364307612906086,0.0028042150282154596,0.008841010323678136,17.726625252858152,17.668813900589573,21.862392518506663,,,,5.78878586725941,0.05026141306059385,1.1054278386326657,0.1173311727286803,1.9447025299093652,0.3964578620483469,4.062522632994016,2.606856654832081,3.5009008918913285,5.43655812325833,3.41952403817455,3.4428964596073484,11.268239812990823,,9.519851891886349,,27.88103200922242,
,4.425798071011929,0.2021346116287726,3.608223021664517,0.1498978853202367,3.608223021664517,0.1498978853202367,100.0,100.0,350.0,2.33455847690387,2.3995520349563044,2.2266042696629214,700.1622673457425,309.2631963538521,632.4023672412081,63.75009897985707,49.157348075868086,35.6252651439108,0.0012668146775588062,0.0027743748356659666,0.006212495734178897,17.715543336655337,13.35639039407565,25.688298452867347,,,,5.099248906346743,0.051496531608081555,0.3996667345734017,0.11608262910736261,0.15227490300801025,0.27858725265376216,2.9650393155503707,2.6052269612728436,4.84209342958397,4.109658582792507,0.4090760250065922,4.045401331160212,10.211128197384408,,11.18816969129524,,24.20156352359404,
,4.737000447259475,0.04833058808721805,3.630276913339176,0.09790440314075184,3.630276913339176,0.09790440314075184,100.0,100.0,350.0,2.3710946441947565,2.3513040324594257,2.2680649438202245,624.5148698334768,237.46659048876384,578.3658955767927,63.51315235157996,29.699659256474625,33.485159607852296,0.0014219324542658078,0.010992593374356442,0.006865095467514627,17.149534894793145,18.014294193975438,22.531248227255347,,,,3.614038853871687,0.057802132287227956,1.6190781397729903,0.45994114537056235,1.7069481533732966,0.3078518146867546,8.15957796566517,2.5219904257048746,26.933356772688047,5.5428597519924425,8.91875660207989,3.5482280672843065,10.544855842845125,,46.342079030759486,,28.75497955776107,
,4.590617871607094,0.15950260279786851,3.6917088634871797,0.012706639201358217,3.6917088634871797,0.012706639201358217,100.0,100.0,350.0,2.617298177278402,2.707636754057428,2.4402618851435705,471.20625409563087,296.299433535584,480.5324115487332,65.59563407562752,53.15883325250699,40.36283386011546,0.0016062153260173642,0.00339268989161796,0.006095196454323003,15.829737095918826,18.47911036133959,47.671174593918415,,,,6.394234848715533,0.06529330593566521,13.290240755540914,0.14195355195054224,9.428784087155625,0.2733271952611212,30.70496263299546,2.32790251410571,8.830943527512614,5.685880111181413,24.325604480514457,7.507271589593451,7.611782992073922,,3.9587475112791584,,14.121630084860726,
,4.617613454097934,0.34006381427369486,3.66113046722053,0.1104956807871078,3.66113046722053,0.1104956807871078,100.0,100.0,350.0,2.327322734082397,2.3771798626716607,2.2091649188514357,707.2112188590761,326.0593124140078,648.7106354346647,66.45270781804172,54.89081942481509,35.37400568259432,0.0011781750253886095,0.0023611406366663874,0.009845747230386162,17.075372619219333,15.638412925194157,29.815071513284355,,,,5.393384793398487,0.047893293714984124,0.5364074195957916,0.09879249525800783,0.9343085716844955,0.4415133287168682,4.0016498322170735,2.5110842087087257,0.3259422812331755,4.811819361598202,2.1591551865613714,4.695286852485725,6.404636875997583,,0.829594535112754,,24.736158122139738,
,4.333767809110523,0.31131371777283784,3.4570765153322442,0.09826445576286255,3.4570765153322442,0.09826445576286255,100.0,100.0,350.0,2.4618556429463174,2.526832759051186,2.3823061672908867,630.5586480407959,308.6516319819213,450.72625544234575,65.73091333590497,47.85620891232987,37.886363775120245,0.001412649325683239,0.023030841376361418,0.005341387663049629,17.76898960997736,17.056429065761574,28.98609923669962,,,,0.07543264009420567,0.05742476933671703,5.725220043982676,0.9636335303916911,6.8298729726855045,0.23952411045065597,7.270787052824131,2.613086707349612,5.0302670824857545,5.248132020234331,29.019487331914053,4.564740037275531,7.421248822669053,,13.538917954236915,,19.390715372084586,
,4.477951386872567,0.30998869958355424,3.3901186259871814,0.06020879291180238,3.3901186259871814,0.06020879291180238,100.0,100.0,350.0,2.533305118601748,2.561614406991261,2.4089845443196007,570.7797871783283,303.2789776428004,412.2033132855114,68.1703727183495,54.1586078437864,41.754885449820165,0.0015471263740128127,0.037461490262390144,0.004970199475206789,16.654294606887042,19.40310293283423,33.540891653575244,,,,2.9798828699897535,0.06289131601678101,7.180519120973266,1.567426370811303,8.026212749757882,0.22287890023348828,16.061796003187013,2.4491609716010356,6.683391494522959,5.970185517795148,35.086092395982455,5.282030181665393,3.9853905375359187,,2.1524700202594444,,11.15981819187199,
,4.601441631369828,0.17063483116725708,3.306936941366365,0.06820508651031272,3.306936941366365,0.06820508651031272,100.0,100.0,350.0,2.54509684144819,2.6109782771535586,2.4305028714107366,548.2247635828843,252.5506767741948,488.78387233962354,69.06981302192816,55.17409784696824,39.71000999906611,0.0015415606981497342,0.01824212141660311,0.007550661891165184,16.278378510737515,19.46548729772437,24.619145838205146,,,,3.4592211970808884,0.062665069030477,9.24595301897734,0.7632686785189585,8.991160152947831,0.3385947036396944,19.37871123781113,2.3938791927555165,22.292099454093904,5.9893807069921134,23.02616183627976,3.8770308406622274,2.718573208551894,,0.3177997344747316,,15.510617023263597,
,4.45735218454061,0.30276630021967516,3.607803609110443,0.12123718238933595,3.607803609110443,0.12123718238933595,100.0,100.0,350.0,2.3575393508114857,2.420990262172285,2.2566951685393257,697.9909540407606,312.3140088797552,589.1121447642441,67.90758324479606,54.98351780622633,34.92586780404923,0.0012370033662150888,0.0023527152518270753,0.006080758299982741,16.88313011170593,15.34788312530524,22.39794210658273,,,,4.165067040183507,0.0502846896835402,1.296663689216939,0.09843996869569352,1.19709275961102,0.2726797443938449,2.6457285354059685,2.4828132517214607,3.9033818831522487,4.722425577016996,7.226433895394625,3.5272349774146026,4.355516556625271,,0.6621177845956105,,25.689642970108014,
,4.743100340834249,0.24331044533288454,3.145988842420479,0.10200781025605933,3.145988842420479,0.10200781025605933,100.0,100.0,350.0,2.519461872659176,2.50899049937578,2.398973832709114,586.6297952878884,286.53893625285,467.3835175804898,68.62328216710574,34.67048206383652,41.159218977777776,0.0014675726519542498,0.007670840957829337,0.007009905039797533,17.15028052275902,16.517160393760875,24.235017260941362,,,,2.417149295088465,0.05965742487618902,4.978681982250208,0.3209556886121061,7.577301915206902,0.31434551747971,13.730912457663464,2.522100076876326,11.834173460661532,5.082203198080269,26.396296444017352,3.8165381513293486,3.34748990548487,,37.36136935169554,,12.427193664302603,
,4.79941,0.3966994,3.6514697,0.114572905,3.6514697,0.114572905,100.0,100.0,350.0,2.296969937578027,2.330991248439451,2.175740162297129,710.8312324011614,365.4833102357708,686.4837589182953,67.51263348501585,48.751906956912215,32.44341453383107,0.0011923995224330695,0.002609898214385124,0.006096796954026486,17.115000590604115,15.324341421412184,21.794951578435978,,,,6.627238309836297,0.0484715253021573,2.4689854209434854,0.10920076210816418,2.4331765786040864,0.27339896654827295,4.534004764876677,2.5169118515594286,12.45640314946793,4.715181975819133,8.10767856981028,3.4322758391237755,4.911783823921332,,11.920673971251645,,30.971458438657304,
,4.279137,0.34988853,3.2422378,0.093613744,3.2422378,0.093613744,100.0,100.0,350.0,2.5617278277153557,2.642590349563046,2.500279013732834,560.8264869882164,300.21940344967817,439.1046419052185,70.35383649589934,60.275637155852955,42.86257180603158,0.0016395793744984986,0.010787218298878215,0.003852121707716565,16.279316082197518,20.0842974967273,19.15982597415824,,,,4.135277549404703,0.06664956806904465,10.568633872930782,0.4513480459781679,12.120135144970131,0.17274088375410604,17.525516619379943,2.3940170709113997,7.624798938560565,6.179783845146861,30.849662692091577,3.017295429001298,0.91008944239529,,8.899073452308858,,8.803038710571103,
,4.646228,0.2899699,3.2230704,0.12624323,3.2230704,0.12624323,100.0,100.0,350.0,2.4812297877652933,2.4613641448189765,2.3676038701622972,631.1295586857897,318.79939495576457,555.233240841453,70.78343089805423,50.8807851222194,38.029907782951625,0.0014627852986341216,0.02782739496968771,0.005375197671074168,16.998037853938175,16.96722300195155,35.3789779394817,,,,0.8629995026542027,0.059462817017647225,2.9859474819655376,1.1643261493593182,6.170577137322747,0.2410402543082587,7.186829605030931,2.4997114491085553,1.9078784751493634,5.220684000600476,12.561694355676686,5.571492588894756,0.3050269041489653,,8.074462290479858,,19.08530258946463,
,4.7710786,0.047386765,3.2359207,0.057025366,3.2359207,0.057025366,100.0,100.0,350.0,2.610166479400749,2.7070954182272158,2.4370162297128592,474.68382948491995,226.75720464610959,481.1002465808448,68.21323393736469,45.534125725432915,37.23585195589891,0.0015213621659183106,0.0033359502928127314,0.012310078554467717,15.860316616556428,25.129294237912216,25.904780372426575,,,,6.104328430924752,0.061843990484484176,13.267590720804002,0.13957951015952852,9.28323900057665,0.5520214598416017,30.193554487511772,2.332399502434769,30.228552416581667,7.732090534742221,24.236181640811846,4.079492972035681,3.9250226234300123,,17.734190197953183,,20.774783072555515,
,4.468645,0.06618245,3.3669822,0.12240486,3.3669822,0.12240486,100.0,100.0,350.0,2.472353920099875,2.5553360674157304,2.398761910112359,589.1450446204011,281.15839641322117,520.1322822147245,65.30494944887874,41.9364241519644,40.8795082893647,0.0015742677229772571,0.004546776730877533,0.004939046362599782,17.54547331925287,24.722477961925424,45.1989615296986,,,,0.5021918739786592,0.06399462288525436,6.917827088524278,0.19024170422081726,7.567798659747048,0.22148189966815165,13.361022849941012,2.5802166645960107,13.489724180547332,7.6069162959770535,18.089404375633944,7.11794669759033,8.021197959325711,,24.234102706478044,,13.022322788585743,
,4.4962425,0.3881491,3.5503647,0.0055966103,3.5503647,0.0055966103,100.0,100.0,350.0,2.714763283395755,2.819168726591761,2.556920349563046,530.7569823068872,161.53623002941669,498.3403170886375,69.23396679227176,44.922491769388586,51.82317398322181,0.0016122554328754652,0.005547907837771323,0.009326916632931424,17.843417337583787,31.980137023797177,23.360250657126755,,,,10.356231032347763,0.065538838734775,17.95685048501091,0.23213003505319343,14.660105361571567,0.41824738264266476,21.94750260192836,2.6240319614093806,50.29654460633333,9.840042161168363,21.52120990730118,3.678779631043583,2.4873707151102,,18.839219928837245,,10.262072304727248,
,4.522021,0.3766643,3.5520666,0.058506228,3.5520666,0.058506228,100.0,100.0,350.0,2.4627887265917603,2.4534923220973783,2.377106766541823,623.5826526545236,309.63031021035897,666.0612782813723,67.168405900715,43.97378669838437,35.43408196242647,0.0015038094548194857,0.011220771190124301,0.004894704756844801,17.333844948950716,15.936436179569156,44.76529624459017,,,,0.11336286958375312,0.06113046564306853,2.656582514534653,0.4694883343148243,6.59671598842255,0.21949348685402695,8.296668727275941,2.549094845433929,4.729135319889547,4.903518824482817,4.891539886830287,7.049652951903964,5.39661140744366,,20.553230897227873,,24.608336250156448,
,4.4617496,0.16623498,3.6302967,0.11823335,3.6302967,0.11823335,100.0,100.0,350.0,2.3540964918851435,2.418280811485643,2.251750911360799,670.6868339846385,304.73516673470255,581.5206626211942,64.61076094502607,49.61762538900646,32.480507153381424,0.0012943900311523419,0.0029731790587968097,0.005341663181386793,17.138149209986917,14.645613746869891,22.961711407412036,,,,4.3050206550754675,0.05261748094115211,1.183297551700534,0.12440079743919706,0.9753771910672291,0.23953646553304006,1.3695832375531622,2.5203160602921937,6.2353333123992165,4.5063426913445825,8.421942894300122,3.616017544474336,8.998928246442151,,10.356593696465291,,30.892537971528885,
,4.4902377,0.09897135,3.7203133,0.01828806,3.7203133,0.01828806,100.0,100.0,350.0,2.581241997503121,2.5848867290886393,2.413150174781523,480.4554697580211,255.35002945089255,528.8536754459428,65.75521913993497,38.88628025038954,36.44201730282202,0.0016376923566389881,0.004319724243255038,0.007246353304898488,15.848450271049742,15.162632933712931,22.369965889948183,,,,4.928536483866704,0.06657286002597512,8.154256447223393,0.18074160013619406,8.213012322041388,0.3249485786949995,29.34478385911455,2.330654451624962,21.430760168956137,4.6654255180655175,16.715956622686168,3.522829274007588,7.387015295866245,,29.744751128474185,,22.463792972719098,
,4.247417,0.12826791,3.7235994,0.060805257,3.7235994,0.060805257,100.0,100.0,350.0,2.4199814232209738,2.458128377028714,2.324813820224719,595.2779914274616,271.3094062915542,473.98560764934024,63.081172583233055,42.48432400128933,35.07469235995172,0.0015329581605217119,0.04281564036205311,0.006390706681396083,17.065764751662876,12.52215864379579,22.996139913449312,,,,1.626771413781553,0.06231537237893138,2.8505597083143837,1.7914493875336028,4.251740817251976,0.286578774950497,12.45911890772623,2.5096712870092466,16.52018267952179,3.8529718903987047,25.35659722057634,3.62143935644871,11.153278051784428,,23.24422041320808,,25.37299497882613,
,4.64216,0.31082588,3.7492075,0.08394386,3.7492075,0.08394386,100.0,100.0,350.0,2.3228372159800252,2.369128252184769,2.1902135955056177,683.547956952794,284.62188346516433,633.0531315274859,64.92999704754274,49.366998571087706,34.94647892720307,0.0012687348480058063,0.0024458534688985988,0.006907611041900077,16.686210479959186,21.63452825202811,26.944568385694662,,,,5.575722927641249,0.051574587317309205,0.8732948876665755,0.10233696522588279,1.784143699299655,0.3097583426861021,0.521758375410888,2.453854482346939,12.424035856872514,6.6567779237009574,0.30659346023844053,4.243239115857427,8.549299933038393,,10.809397342208303,,25.64578951658922,
,4.371107,0.17731376,3.1529343,0.03278648,3.1529343,0.03278648,100.0,100.0,350.0,2.7352629213483146,2.8708066541822723,2.550540049937578,565.8627758220446,293.7033515383942,445.1458077131747,65.33396968575407,60.48049523569793,36.81270838997415,0.0016382118926000255,0.003200322177767518,0.006302731550486912,17.084758313812248,17.962509734976077,28.492155754132746,,,,11.189549648305473,0.06659397937398479,20.117433229383774,0.13390469363044008,14.373993270743401,0.2826337018155566,16.784885908522856,2.512464457913566,9.6297379881864,5.5269260723003315,29.898297997925244,4.4869536620681485,7.980324386261872,,9.269187417701769,,21.675088531969898,
,4.3408537,0.083347365,3.4755263,0.15790755,3.4755263,0.15790755,100.0,100.0,350.0,2.3953878027465665,2.4753554931335833,2.306308813982522,647.4914177184861,303.73020350460763,505.8649951102411,65.60484812632244,48.38905069827338,39.029662694479526,0.0014493290399500201,0.004020945820048481,0.006570109090921107,16.590794743930395,14.730169323971555,23.01709802512031,,,,2.626512083472906,0.05891581463211465,3.5713595453382068,0.16824041088068958,3.421919909530129,0.29462372605027387,4.780673864928514,2.4398227564603525,6.544552767813037,4.532359791991248,20.336221242481713,3.6247398464756393,7.59880545588389,,12.576240834194438,,16.958164479830796,
,4.5563364,0.14074485,3.4328985,0.05430054,3.4328985,0.05430054,100.0,100.0,350.0,2.535436828963795,2.493833957553059,2.461613133583021,540.9777882961424,264.471801193312,529.0494806294295,66.3101669354052,29.770212167895263,40.41123014636137,0.0015210967036845679,0.005526084707385146,0.004847601911603645,16.56933770929756,22.204518106594822,36.29458072214432,,,,3.066537762755903,0.061833199336771054,4.344517052429243,0.23121693336339522,10.3862391741265,0.21738125164141905,20.444442897626114,2.436667310190818,18.62406117128862,6.832159417413792,16.685121160719767,5.715682003487294,6.605398682527879,,46.21461216279086,,14.018659263060918,
,4.7427735,0.29065716,3.3944278,0.13475668,3.3944278,0.13475668,100.0,100.0,350.0,2.3937626716604243,2.4377333832709116,2.304594981273408,688.2171490838599,335.4351725058121,576.7119176739815,67.61477947262416,46.360287238371434,42.614893754113695,0.0013721692145316372,0.0035233907907255674,0.005499934729694423,16.886354476676576,13.976888111855148,20.95738397543185,,,,2.6925743227469767,0.055779236363074684,1.997212689159476,0.14742220881696935,3.3450664248165083,0.2466338443809158,1.2084042770382217,2.483287423040673,3.210822309480643,4.300580957493892,9.179225563152523,3.300375429201866,4.767916235740614,,16.241576805110327,,9.3300132891198,
,4.640996,0.09017995,3.5014682,0.013015271,3.5014682,0.013015271,100.0,100.0,350.0,2.7019349313358307,2.816201223470662,2.509308501872659,580.2386069517528,205.01074660683392,492.91651350623573,66.01862365612482,50.05141131914672,47.40393731189906,0.001796962166137432,0.002914476411166929,0.020500010030553864,17.76736948155845,35.38227553981067,41.073453600085536,,,,9.834753306334584,0.07304724252591187,17.832687174504677,0.12194461971409745,12.525044927025062,0.9192829610113841,14.670793095330472,2.6128484531703604,36.91977027482033,10.886854012249437,22.375352203742406,6.468260409462288,7.016023019542512,,9.572879278867712,,0.8594410891469294,
,4.23118,0.2649674,3.58252,0.10225291,3.58252,0.10225291,100.0,100.0,350.0,2.411111011235955,2.4840246441947564,2.320870936329588,650.761705064258,313.5423946239605,535.92109077437,66.44797576857468,44.53377089188727,38.3789881235883,0.0015517532346103194,0.02089991770688331,0.005869814562419414,17.73133593691815,25.64543737165829,22.562786231213252,,,,1.9873572668311028,0.06307939978090729,3.934085531161352,0.8744735442210589,4.074929880250577,0.26322038396499614,4.299749255256181,2.607549402487963,3.5254170387813875,7.890903806664089,15.602977830807877,3.5531946820808273,6.41130173440186,,19.541516003817037,,18.342578460450426,
,4.5120244,0.37555507,3.549809,0.12229385,3.549809,0.12229385,100.0,100.0,350.0,2.373339850187266,2.427349475655431,2.2772253558052435,708.1364878354376,320.35809555416256,585.0255754054862,68.4087521131143,48.27232409198437,37.1117711058381,0.001248217620260219,0.0055783918134816495,0.005720980086881472,16.66087633217666,21.214875317460212,21.710237575593098,,,,3.5227703175908114,0.0507405536691146,1.5627395671728408,0.2334055152084372,2.117728959876393,0.25654619223683733,4.137718799329059,2.4501288723789205,1.4282782910269047,6.5276539438339105,7.8699881251202894,3.418935051274503,3.649644911106615,,12.787129011771686,,21.03878488119553,
,4.4847355,0.1385264,3.7340438,0.08531594,3.7340438,0.08531594,100.0,100.0,350.0,2.3512516729088637,2.411686054931336,2.2372670037453184,642.7909586758284,305.8811928070451,556.410375532719,64.68120243289863,48.76216516354852,32.85831612694964,0.0013282500509609076,0.00301565360527014,0.009500158170327266,17.241476301104065,23.292834246644905,21.921071246435492,,,,4.4206637028917175,0.053993904510606004,0.9073663151186525,0.12617797511590542,0.3258746074133817,0.4260160614496532,5.471917841789942,2.535511220750598,5.882709905524577,7.167025922044587,12.376318813745048,3.452137204163069,8.899714883241368,,11.90214062592861,,30.08868909159651,
,4.734532,0.18863147,3.746143,0.0029481885,3.746143,0.0029481885,100.0,100.0,350.0,2.70116,2.7342423096129838,2.513772808988764,330.8282433516957,238.86845724391364,651.9794302035898,68.45950976364507,42.39773713856066,22.073298156005347,0.0018543659293677737,0.007497612422232832,0.006863233183035467,22.147138714577792,15.780717670614457,39.08095373240092,,,,9.803252032520318,0.07538072883608836,14.403443916861239,0.3137076327294072,12.725238071245018,0.307768304171994,51.34878774239769,3.2569321639084987,26.50201315571888,4.855605437112141,2.6739260163133545,6.1544809027403025,3.578155262471728,,23.400655576222842,,53.03553583828649,
,4.6434746,0.1833109,3.794249,0.08496124,3.794249,0.08496124,100.0,100.0,350.0,2.308693495630462,2.356291847690387,2.1747072534332084,658.4441010457488,296.57279755284486,624.7026163496694,64.10466424597692,47.59129721817221,33.197822021416115,0.0012651581977339427,0.002641452788102187,0.006138499608775858,16.755076582369828,14.692841894293124,21.629952312286708,,,,6.150670909330816,0.05142919502983507,1.4103829418248206,0.11052103715908732,2.4794953617395343,0.27526904075228065,3.1699851403310637,2.463981850348504,8.746831522201582,4.5208744290132685,1.6216352205245086,3.4062917027223163,9.711740498624057,,14.01752986780089,,29.366336124646562,
,4.2615895,0.14406063,3.1980493,0.040493112,3.1980493,0.040493112,100.0,100.0,350.0,2.7089014731585515,2.836984044943821,2.5320340699126094,410.5449715059789,243.70664988262277,405.2522292719734,66.3622536225909,53.553772071806506,40.86567552257075,0.0015915634065569364,0.0031677117321463333,0.008522845309232474,15.555850339973,17.294886593072516,22.68893762834411,,,,10.117946063355753,0.064697699453534,18.702261294720532,0.1325402398387587,13.54412869563271,0.3821903726113217,39.62573948441487,2.28762504999603,25.013338497654534,5.321503567099235,36.180751295752216,3.573061043833718,6.5320371512804245,,3.2452175757786725,,13.051754207296284,
,4.2705836,0.079511225,3.202816,0.091659516,3.202816,0.091659516,100.0,100.0,350.0,2.5962917977528086,2.7004570661672904,2.5435175031210986,491.7509310790459,209.62288823126852,356.68102581704267,67.78107470521178,51.031534790046535,43.71987526818214,0.0015755131748242917,0.003061172978919421,0.003736847335362097,15.368569962933158,22.08180306572716,18.522108409904398,,,,5.54031698182149,0.06404525100911755,12.989835404489133,0.12808255141922262,14.059080857448368,0.16757162938843487,27.68368660602266,2.2600838180784057,35.5006497749943,6.794400943300666,43.829759713851544,2.9168674661266767,4.533697598293269,,7.802105167034266,,6.978988791101823,
,4.7985206,0.34740013,3.281493,0.082838215,3.281493,0.082838215,100.0,100.0,350.0,2.4702906117353307,2.445369875156055,2.342579388264669,624.7638470924431,304.25064653745653,599.9562965434187,68.82321527765922,45.55381221508809,37.192394629517466,0.001425851149423433,0.01813724706879174,0.0055097354519352435,17.058062456290983,13.182898857779728,85.31688615601853,,,,0.418317550216697,0.05796142883835093,2.3167311780776134,0.7588806304933781,5.0484030611959225,0.24707333865180464,8.122963662876009,2.50853859651338,6.384416450013375,4.056276571624532,5.518693457729336,13.435730103310004,3.065893975127865,,17.6986229176367,,20.867245469111772,
,4.2998614,0.23850608,3.3804924,0.15964933,3.3804924,0.15964933,100.0,100.0,350.0,2.4356362172284642,2.527853420724095,2.3569040823970036,656.3758527456513,284.8663339806036,420.84868803374076,67.09973360958047,48.07926924068117,39.62634199293639,0.001548355998390811,0.007887214529478694,0.005750751293370481,17.964067400417512,13.95289080525986,22.85565663338409,,,,0.9903976736396636,0.06294130074759395,5.76792555330941,0.3300089761288156,5.690766026771461,0.25788122391795876,3.474139302110105,2.6417746177084576,12.34882031366043,4.293197170849187,33.72461605767862,3.599316005257337,5.493332944252861,,13.135918264351996,,15.688634057582153,
,4.533519,0.1597003,3.6276596,0.04312555,3.6276596,0.04312555,100.0,100.0,350.0,2.4856623970037455,2.5560693008739075,2.352748913857678,567.4666525833387,310.0605080708372,593.4970290789834,69.03730939304651,50.07456551274612,34.51082708931774,0.0015644419922742471,0.0031696122808021377,0.006549890719990695,16.988509943511485,21.546887290152217,28.285104637781814,,,,1.0431868700709557,0.06359520293797753,6.948506312715789,0.1326197607030183,5.504435598999016,0.2937170726453226,16.549021678920777,2.4983102858105126,4.596766747434703,6.62981147389299,6.535900932443566,4.454347187052254,2.7643529675401224,,9.531046950774854,,26.572708320600547,
,4.5493636,0.206827,3.6692758,0.02090782,3.6692758,0.02090782,100.0,100.0,350.0,2.5582392883895135,2.5523635081148566,2.3761419850187266,518.8176542138074,264.21596051048937,525.6966048111354,65.98176916149926,25.4650867448783,29.834210408432142,0.0016028305799358643,0.003025422375924815,0.007834846962753989,15.942172320092808,18.571735254420343,24.110434730862977,,,,3.9934670077038037,0.0651557146315392,6.79345222237893,0.1265867102897412,6.553452242992227,0.35133842882304883,23.70328614502833,2.3444371058960014,18.702781381387886,5.714380078283183,17.21313310060859,3.796918855254012,7.067930758451749,,53.99261654041861,,36.52295657780395,
,4.477201,0.21748465,3.6206362,0.1255734,3.6206362,0.1255734,100.0,100.0,350.0,2.3474823096129835,2.410076404494382,2.2444102996254682,688.2032526786967,324.9833796794335,605.2038754606824,69.34701141013534,52.59789157095285,34.09518266765134,0.0012667050896005702,0.0025919697251665,0.005390231132346034,16.69921567123939,15.394931352665278,23.481671487334356,,,,4.573889853130749,0.05149207681303131,0.8400169244511285,0.10845061611575314,0.6462017769268272,0.2417144005536338,1.2063606880436302,2.455767010476381,0.005113944789697528,4.73690195466624,4.692303077057888,3.6979010216274575,2.328152943471356,,4.972192283734697,,27.457058153933314,
,4.371726,0.29024833,3.785914,0.058127355,3.785914,0.058127355,100.0,100.0,350.0,2.3859607116104873,2.437538252184769,2.2825274282147316,642.2918461241069,326.6384586172264,579.2896353247287,68.31372671444484,41.15698286846046,33.96566668053941,0.001424712380790428,0.003702842582574011,0.006360724791849816,17.934503169170423,14.086912466788956,28.128960540480037,,,,3.0097271703053936,0.057915137430505206,1.9890482085677375,0.1549306519905444,2.355490054472272,0.28523429559864644,5.54531674645487,2.637426936642709,0.5041411129927312,4.334434605165833,8.773285775633276,4.429757565429927,3.7834835007819154,,25.64230737405518,,27.732624083958708,
,4.679065,0.1364828,3.7716286,0.059772898,3.7716286,0.059772898,100.0,100.0,350.0,2.366349837702871,2.417695630461923,2.239392284644195,623.6834015918504,294.70218160143423,580.3988140993858,63.27752846521287,41.70274995372236,31.22962416493128,0.0014511679257159403,0.007639648757192372,0.006469600965196871,16.884255096144692,16.766373775678023,25.17458323133386,,,,3.8069171665499537,0.05899056608601383,1.1588129900386064,0.3196505756147436,0.42117868359618604,0.29011663521062203,8.281852707080827,2.4829786906095133,9.322405661097159,5.158884238670161,8.598611952852623,3.9645012962730486,10.876720471531172,,24.656278313058067,,33.55399113844408,
,4.316574,0.22603025,3.842891,0.13859126,3.842891,0.13859126,100.0,100.0,350.0,2.2444454806491883,2.3011807990012487,2.131813208489388,664.8538179221122,212.7218899268844,609.8064490676427,64.86311683190287,48.35729937547336,34.71571989459754,0.001216150812990548,0.0023091306504394735,0.005557789832094036,17.352697418650006,23.03606198558491,20.811455247332788,,,,8.76237883539885,0.049437024918314955,3.7162845606172135,0.09661634520667252,4.402995135005015,0.2492282435916608,2.2273797173364454,2.5518672674485305,34.54711079172788,7.088019072487665,3.967488335804301,3.2773945271390215,8.64349741985511,,12.633605464366108,,26.136766181707358,
,4.5398107,0.23358116,3.094139,0.07934597,3.094139,0.07934597,100.0,100.0,350.0,2.6067595006242197,2.6855691011235954,2.47833240948814,517.6549883161055,267.6277537258444,453.84992401645013,70.50076866050904,56.20655671309857,37.89921934974576,0.0015373134847233056,0.030837411142004303,0.007455484830787989,15.404882851516355,16.32922243339088,49.49142683894165,,,,5.965833358708119,0.062492418078183155,12.366907996803148,1.2902682486194268,11.135982488257392,0.3343266740263672,23.87426642410214,2.265423948752405,17.65299885358634,5.02437613335104,28.527571021031477,7.793925486447504,0.7031427316774106,,1.5475279369441188,,19.363363085647315,
,4.781792,0.37462795,3.3178515,0.07756687,3.3178515,0.07756687,100.0,100.0,350.0,2.465941885143571,2.4386008988764045,2.3126910237203497,628.5100863146442,324.86334483853017,685.1384621282915,68.24337469812124,45.72897718808193,41.03164443102105,0.001402447705546099,0.0026154100904086106,0.019769135342768196,18.183393649715367,15.186847589062351,61.07532587781758,,,,0.24154004648662022,0.057010069331142235,2.0335104132386776,0.10943138453592513,3.708117655621065,0.8865083113348967,7.572046130199376,2.6740284778993186,0.04204774199071765,4.672876181249954,7.895820807604961,9.618161555561825,3.882570847716558,,17.382155035082338,,12.698628870167978,
,4.619386,0.350607,3.3076475,0.13442522,3.3076475,0.13442522,100.0,100.0,350.0,2.442977702871411,2.450993957553059,2.363238052434457,669.4118388119637,327.5128730057611,589.4461653713342,70.94347130647131,46.65543160249201,41.775527400902945,0.0013081467679906,0.0042313596152059665,0.004963124741757669,17.26129906113888,17.52550221894069,19.45685632546543,,,,0.6919632979101284,0.05317669788579675,2.5520484331823816,0.17704433536426636,5.974800557598977,0.22256164761245156,1.5570825276524027,2.538426332520424,0.7731916940803365,5.39246222121252,7.173832224986733,3.0640718622780208,0.0796178782094234,,15.70834398827099,,11.11589914701501,
,4.7804737,0.18345886,3.313624,0.1465366,3.313624,0.1465366,100.0,100.0,350.0,2.4209725717852684,2.4246818102372036,2.336299650436954,659.1250248981984,332.03389329111394,509.6935623448576,69.24389186494926,44.104052831672014,39.249020801487404,0.001424843544973596,0.016841173224984803,0.004821873404357783,17.250300427227877,15.559045764311271,22.45464077396082,,,,1.5864808217370567,0.05792046930786976,1.451121767247009,0.704651599371749,4.766800468024843,0.2162275069218737,3.0698492796767094,2.536808886357041,2.1642748588042897,4.78739869671116,19.733297268526364,3.5361639014111526,2.4733917395080818,,20.317881062923192,,16.49144510321829,
,4.2239046,0.24026422,3.5373533,0.079038136,3.5373533,0.079038136,100.0,100.0,350.0,2.4674582147315856,2.548659650436954,2.3867141573033708,601.8023536463252,296.8391522363089,534.9731633272937,68.1330785543433,44.443130836258774,39.57616374954253,0.0015385434455460517,0.004134730659626207,0.005619145203696434,17.816469293150412,27.233330409477556,52.60691533219954,,,,0.3031794606335605,0.06254241648561186,6.638479097780491,0.17300128282954838,7.027540686249812,0.2519796055469253,11.499653875540416,2.6200690136985902,8.664876234981875,8.379486279839249,15.752257743733272,8.284553595621976,4.037917529093944,,19.705274008565905,,15.795396277569084,
,4.6732836,0.08196807,3.525219,0.071675055,3.525219,0.071675055,100.0,100.0,350.0,2.4571018601747814,2.466739525593009,2.3712281023720347,585.1081389237644,293.9337833862553,608.0545685731083,65.12405216984419,42.4120661551881,38.04303409746186,0.0014991124575642989,0.012401964522794622,0.005231213161830331,17.806390489544473,26.7638484150392,23.933864643447727,,,,0.11781056200075536,0.0609395307952967,3.2108588114229706,0.5189106494893146,6.333098761077792,0.23458354985786234,13.95468545238759,2.618586836697717,9.558835881152216,8.235030281550522,4.243375027856956,3.7691125422752325,8.275982859374379,,23.374767560635775,,19.057374260719442,
,4.6329846,0.17502217,3.7234836,0.0056134094,3.7234836,0.0056134094,100.0,100.0,350.0,2.675683595505618,2.7070357303370782,2.5211218976279652,574.3071580193863,59.194699903013976,496.5423647862084,62.43713526030682,33.31725341644625,47.72473515108281,0.002296702049935905,0.007740445271248355,0.009232735504416171,18.826452894956986,33.289486804467295,25.33461914126943,,,,8.767625833561707,0.09336187194861403,13.265093319543016,0.3238680029811027,13.054793615603824,0.4140240136509494,15.543064997149074,2.7685960139642627,81.786246183688,10.242919016759169,21.804352002171907,3.9897038017747137,12.060372872807298,,39.806226889889345,,1.5419896831549171,
,4.2493353,0.20586157,3.7200038,0.14765604,3.7200038,0.14765604,100.0,100.0,350.0,2.2966724094881394,2.3622726092384516,2.1835437078651685,692.7369548595378,237.63481449937996,634.5919299105907,65.9607751740571,46.69564512563306,32.662601445325954,0.001227762522685008,0.0024375672930945975,0.0045781847777859016,16.517704488519154,18.10392807468505,26.9273916653376,,,,6.639332947636607,0.04990904563760195,1.1601418728681383,0.10199026330939738,2.083241799768228,0.20529976581999557,1.8730815969908576,2.429074189488111,26.881595538652324,5.5704394075954,0.06426300620619008,4.240534120525607,7.0974997548491485,,15.635690829931248,,30.50510330781712,
,4.6798215,0.29016888,3.7649348,0.029583015,3.7649348,0.029583015,100.0,100.0,350.0,2.4448908863920105,2.462231897627965,2.2757951810237205,595.6265595900265,350.31686427846176,509.5369181980883,66.48063427824144,43.567147685771985,33.609060571682534,0.001405654238540579,0.013823890747344138,0.007771054609796496,17.44521948728384,13.786251343426406,58.92090816177858,,,,0.614191610080874,0.05714041620083655,3.0222551308771872,0.5784054706001731,2.0535955616018158,0.348477785192668,12.407858883819625,2.5654734540123294,7.78980439337285,4.241923490285048,19.75796563809633,9.27888317508324,6.365303833462762,,21.287899393365883,,28.49136048578184,
,4.771497,0.379359,3.7846007,0.03872461,3.7846007,0.03872461,100.0,100.0,350.0,2.3801307365792757,2.3979512734082395,2.2244241448189763,637.8878437247079,327.4366465009533,617.8413723614947,67.21516624234408,46.650625588808126,33.20388232236911,0.001271711870579488,0.027753124835347903,0.014234637817626456,16.874197055055458,18.256017247560578,27.370100110592755,,,,3.2467180252326955,0.05169560449510114,0.3326892639430721,1.161218612357653,0.25003834892482774,0.6383245658128456,6.192964158131197,2.4814995669199202,0.7497373849087126,5.617236076172485,2.7021460848039878,4.310251985920119,5.330751771346363,,15.71702693982272,,29.353441867299765,
BO,4.5073915,0.21472055,3.1976323,0.08564274,3.1976323,0.08564274,100.0,100.0,350.0,2.566609488139825,2.572064132334581,2.502043220973783,545.1281813015207,265.94814211983186,475.67529120326026,66.64139658615632,34.28355273412403,48.21279108240766,0.0015041486338363188,0.003306903465096265,0.004484760513378552,15.981874633094614,25.22664614973101,48.060110630492474,,,,4.333719030074194,0.061144253407980444,7.617746122785818,0.13836416171950897,12.199247577299682,0.20111033692280503,19.834090985070482,2.3502756813374432,18.16980242466712,7.762044969148003,25.09050532232122,7.5685213591326725,6.138878047667157,,38.0604286646359,,2.580406558314175,
BO,4.5355954,0.042277545,3.1648755,0.06536395,3.1648755,0.06536395,100.0,100.0,350.0,2.648523358302122,2.761642134831461,2.458797365792759,441.10085036765537,298.1779349874872,365.18933693683124,68.17328556796133,53.73045595122536,38.52897461470654,0.0015935559553116178,0.0032761927311740647,0.008238525106308679,15.82899549638377,17.1418786293243,19.695910561821286,,,,7.663551150492772,0.06477869737039096,15.549880118471158,0.1370791937729734,10.259971560213403,0.36944058772684657,35.13222788710951,2.3277934553505544,8.252943080773163,5.274424193638246,42.48986819892421,3.1017181987120135,3.981287932448832,,2.9260055081746024,,18.023458266581827,
BO,4.4913044,0.21406089,3.3347292,0.050695997,3.3347292,0.050695997,100.0,100.0,350.0,2.582925106117354,2.623158164794008,2.4627897877652933,521.1823591571634,256.0886379975081,547.2766396209958,67.21209615709785,55.81564849350754,48.036350370323746,0.001520305321300643,0.03821559566790513,0.004741301201136677,16.239127588102637,18.455096911213296,38.37915622346771,,,,4.996955533225771,0.061801029321164345,9.755571748703252,1.5989788982387085,10.43900393566338,0.212614403638416,23.355535418064203,2.3881069982503877,21.203496000766737,5.678491357296399,13.814702421890432,6.043961609994915,5.3350758350734555,,0.8412800244038606,,2.205000787922863,
BO,4.791515,0.1458706,3.2545583,0.12701938,3.2545583,0.12701938,100.0,100.0,350.0,2.4647701622971288,2.4935635955056177,2.3852524219725346,616.1897651136794,278.3607960699764,584.2872746842712,65.75068406421586,52.891712844674814,44.0864560930195,0.0014017465350863922,0.008164699997928874,0.005195003813927047,17.221820032033893,18.865744465717498,59.87427194840193,,,,0.19390903646864993,0.056981566466926516,4.3332048328710275,0.34161924677526667,6.961992016705589,0.2329598122837241,9.383858071517734,2.5326205929461607,14.350524286161106,5.804844450989999,7.986255955232879,9.429019204472745,7.393402726456533,,4.44134987411958,,6.1990295893202125,
BO,4.6105714,0.09929926,3.429963,0.03615691,3.429963,0.03615691,100.0,100.0,350.0,2.592798027465668,2.627535468164794,2.4240645942571786,489.8123825603501,340.3837621514943,495.88929690954507,67.78093753807102,48.19508726878284,48.88637282956033,0.0015678692082711156,0.018406990854341127,0.01224290822747671,15.67641521834298,18.857147573086454,26.89482063606427,,,,5.398293799417405,0.06373452066142747,9.93872251735539,0.7701669813531852,8.70244817296765,0.5490093375550094,27.968767270536752,2.3053551791680853,4.7334652773828605,5.8021992532573705,21.907197337079516,4.23540482457705,4.5338907914492745,,12.926671601115013,,4.013559211830488,
BO,4.340714,0.3692793,3.646728,0.009751372,3.646728,0.009751372,100.0,100.0,350.0,2.686918851435705,2.799890524344569,2.521489213483146,524.040386483418,247.620486629662,561.5450785206821,68.91377329821896,58.761932569544896,51.92867757334092,0.0018350089043792281,0.0027323175556144765,0.005172487724066434,16.121779621849953,29.539315791644725,23.06970511269794,,,,9.224343554296953,0.07459385790159465,17.150231144124223,0.11432291027675633,13.07126517861642,0.2319501221554455,22.935237281850288,2.370849944389699,23.809081037027077,9.089020243582993,11.567704169971327,3.633024427196526,2.9383474672972447,,6.164286485175961,,10.486548028384936,
BO,4.318298,0.36122754,3.778562,0.012422368,3.778562,0.012422368,100.0,100.0,350.0,2.6074765293383275,2.6109188389513105,2.432247315855181,492.32647385909405,248.9198418783467,450.94970371054103,68.69697237385736,39.0177931251673,42.61107299146508,0.001598140541207395,0.0028622340095248787,0.007350858005114832,15.909284404292848,14.046587517388922,39.34097201000297,,,,5.994980867411689,0.0649650626507071,9.243466064908382,0.11975874516840497,9.069386361218877,0.32963488812174135,27.599047961897934,2.3396006476901245,23.409279422047174,4.32202692842736,28.984298628261254,6.195428662992594,3.2437008818910376,,29.507148825352665,,9.338142571350895,
BO,4.296181,0.10834061,3.665731,0.10084805,3.665731,0.10084805,100.0,100.0,350.0,2.371447041198502,2.4436719850187267,2.268632808988764,639.6295265037639,257.8970461116584,546.3540516682626,62.651346075521836,47.99714863192443,31.960050845800062,0.0014506365359905156,0.0027800173434306633,0.007215576084050331,17.394384058205336,16.934631227521134,25.07676711281669,,,,3.5997137724186246,0.05896896487766323,2.245689749737515,0.11631871729835412,1.732412959137408,0.3235684342623467,5.936834337681773,2.557997655618432,20.64706273487433,5.210655762314195,13.95999186326573,3.949097183120738,11.75866749926502,,13.284284314499672,,31.999891817446674,
BO,4.7831173,0.18769094,3.714706,0.086636305,3.714706,0.086636305,100.0,100.0,350.0,2.324249288389513,2.33362645443196,2.188118277153558,658.6988684735584,259.6923117249724,655.1353490432144,64.2568818594977,39.097764257891754,34.525094268034564,0.0012642045396127678,0.057759545545850985,0.007550807607672825,16.813055704296602,13.975299634970847,21.723596909775406,,,,5.51832161018239,0.051390428439543404,2.35872575598495,2.4167173868556895,1.8781041635175728,0.3386012380122343,3.132519342123768,2.472508191808324,20.09467331539311,4.300092195375646,3.1709211091676273,3.4210388834291976,9.497349493665217,,29.362666200737575,,26.542352621203058,
BO,4.541202,0.1748606,3.7653527,0.14059742,3.7653527,0.14059742,100.0,100.0,350.0,2.2642363670411987,2.3163367665418226,2.1431600624219724,676.6483917948484,280.19286068560456,625.2762103577552,62.91558589476939,49.38608956939149,31.92550444086578,0.001243198057476107,0.002226368771492978,0.006025076607073025,17.032287862141168,12.903165775574635,26.267884185935564,,,,7.957871258487857,0.050536506401467764,3.0821436593379703,0.09315350508338818,3.894167604395854,0.2701828074920639,0.4928835595811165,2.50474821502076,13.78681209673706,3.9702048540229646,1.5313054554716237,4.136674674950482,11.38649873976142,,10.77490592702532,,32.07339480666855,
NSGA2,4.691851942038319,0.22349610527846772,3.4764499830253657,0.12749368376277342,3.4764499830253657,0.12749368376277342,100.0,100.0,350.0,2.382286754057428,2.4350757677902624,2.287766054931336,679.4323049602731,340.26723197748174,577.4444594192423,65.21909194680103,45.21042978418226,31.421364061703706,0.0013229996034340408,0.005605566090147475,0.005933967700196793,16.847567185978562,21.23978379733184,25.269763420948948,,,,3.159075038315926,0.053780471684310605,1.8860153887139008,0.2345425142321119,2.590406050732552,0.2660972062868517,0.08348456466572263,2.4775834097027296,4.6976098392251515,6.53531809148672,9.063864658387036,3.9794903025116453,8.1421240185901,,18.319006713311186,,33.14603391126871,
NSGA2,4.512338636152707,0.33479026400213363,3.705841922080124,0.12750142423060537,3.705841922080124,0.12750142423060537,100.0,100.0,350.0,2.3022399500624218,2.357124631710362,2.1847008739076155,716.3805301918538,357.4655085630207,635.5387055624841,65.60790426109124,49.46154960435017,34.57940321027209,0.0012090540713727972,0.0022134895291017745,0.006680345087293831,17.125596610995505,19.526164275254892,24.39633842449334,,,,6.413010160064155,0.049148539486699075,1.3755384221605902,0.09261462464860981,2.0313509458468393,0.29956704427326597,5.35007796939027,2.51847008985228,9.989387250160217,6.008050546232274,0.08483552165103887,3.8419430589753296,7.594501040716571,,10.638573433875038,,26.42680168027215,
NSGA2,4.512338645377614,0.334790349106112,3.705841922080124,0.12750142423060537,3.705841922080124,0.12750142423060537,100.0,100.0,350.0,2.3025959675405745,2.3572402372034955,2.1873671285892633,716.253146477949,283.53806523009735,646.5199209700994,66.02409830208475,49.08039499684618,35.803126479864794,0.0012211142837364008,0.0023145027692064134,0.0070825529644821,16.753452023747315,15.401343906554448,27.996578637202457,,,,6.3985379048546935,0.04963879202180491,1.3707013722386865,0.09684112005047754,1.9117879556384163,0.3176032719498699,5.3313450702866225,2.4637429446687227,12.757518390739278,4.738875048170599,1.8141607826928199,4.408910021606686,7.008312250584856,,11.327199644361013,,23.823135149223845,
NSGA2,4.691858306635542,0.33478968921992985,3.5001680618303532,0.08046875204430814,3.5001680618303532,0.08046875204430814,100.0,100.0,350.0,2.418782384519351,2.442821697877653,2.3276451310861423,657.1772121094141,351.69419836540726,534.978922303268,67.59406957925987,42.002593895503665,36.17795045727714,0.0013218187023794352,0.006543324374017231,0.005695897428329001,17.503272319046616,22.25856672088078,22.11169446676231,,,,1.675512824416633,0.05373246757639981,2.2101128819101583,0.2737792625111812,4.378705429871855,0.25542140934210766,3.3562923368508697,2.5740106351539143,8.213599497048389,6.84878976027101,15.751350818382999,3.4821566089389466,4.797085099633992,,24.114554841005123,,23.025637324942252,
NSGA2,4.512340599519481,0.334791354012397,3.7058447147221396,0.12736856795387785,3.7058447147221396,0.12736856795387785,100.0,100.0,350.0,2.3024613857677902,2.357226379525593,2.18865074906367,717.0672442131063,346.48713953673825,662.997503057517,67.98218316272494,49.85267776534286,33.36462573272589,0.0011737778547268641,0.002281798331531569,0.004709145191879549,17.139666493746844,19.10592611642661,24.700757977885896,,,,6.404008708626411,0.04771454694011643,1.3712811913977878,0.09547273353688573,1.8542264993869864,0.21117243012912776,5.451065325456805,2.5205391902568888,6.611427549765617,5.878746497362033,4.409055599608969,3.889883146123763,4.250446249683188,,9.931928156562131,,29.01143461122151,
NSGA2,4.691858306635542,0.3347900971097315,3.4764414895135998,0.08046875204430814,3.4764414895135998,0.08046875204430814,100.0,100.0,350.0,2.4279358426966295,2.475265293383271,2.3375679900124844,651.32566750666,350.41849961821566,472.50094364048994,68.40359217249937,49.857437734902255,31.667895705126,0.001327325250353027,0.005702061617964905,0.00563834754869723,17.71632827494738,14.449903788436592,21.965794454383754,,,,1.3034210285922936,0.05395631098996045,3.5675854972079795,0.238579984015268,4.823676682174189,0.2528406972509969,4.216813601961763,2.6053423933746145,7.82107680560482,4.446124242595874,25.590402576300797,3.4591802290368117,3.656912433099475,,9.923328392227184,,32.62149849973191,
NSGA2,4.691857344331658,0.22349580879833172,3.4764388810752473,0.08016805796157772,3.4764388810752473,0.08016805796157772,100.0,100.0,350.0,2.438999513108614,2.420124069912609,2.3514812609238454,628.2402644479636,337.03855760701686,540.8887834587779,68.53230842267448,41.101226653306234,36.87363846844929,0.001371210099744183,0.014617299217540368,0.004620073785458794,17.058610536325435,13.941373685535364,21.96685390279411,,,,0.8536783289181213,0.055740247957080616,1.2604213352556004,0.6116024777213542,5.447590175957192,0.20717819665734502,7.611725816475946,2.5086191965184463,3.704171571389802,4.289653441703189,14.820664022239706,3.459347071306159,3.475621939895105,,25.74304127677284,,21.545450067129163,
NSGA2,4.512338513515519,0.22353699624677467,3.476445137867258,0.08016778779542448,3.476445137867258,0.08016778779542448,100.0,100.0,350.0,2.463080324594257,2.4677768164794007,2.380687041198502,612.3300385827165,314.8005700366985,456.79160894942197,64.33788193127285,50.42285106915219,39.118321039734916,0.0014872441442166982,0.014067771651101247,0.005005979185888668,17.59435276984728,35.12975962310014,28.269595212993114,,,,0.12521644692101627,0.06045707903319912,3.2542601037406107,0.5886096925146964,6.757266421457487,0.22448337156451428,9.951464914306397,2.5874048190951884,3.138286142554307,10.809156807107737,28.064313551272132,4.451904757951671,9.383264885531203,,8.90180475311258,,16.769529702691667,
NSGA2,4.512340701397292,0.3347777749088511,3.658576727716641,0.12725248908925213,3.658576727716641,0.12725248908925213,100.0,100.0,350.0,2.3231328214731586,2.3798542446941324,2.2068339700374535,715.6428626850233,350.0426240944898,656.2744744929657,67.3282512363331,49.66618976466583,33.12060820704861,0.001152606515398179,0.0022786193648896163,0.008176051719448768,16.41813246659029,19.384941400959914,22.136219137187418,,,,5.563706444180544,0.04685392339016988,0.4245085902036694,0.09533972238031867,1.0388354243294378,0.36663909055824073,5.2415974536798915,2.4144312450868073,7.705422798304549,5.964597354141512,3.3503109437741316,3.486018761761798,5.171477131925208,,10.268853180368872,,29.53062083606678,
NSGA2,4.512338446266564,0.3347914981687993,3.525793890155466,0.12748860128213887,3.525793890155466,0.12748860128213887,100.0,100.0,350.0,2.379056629213483,2.4291261922596754,2.285466179775281,701.498638307873,347.3343927568892,589.7306587849813,67.16032070609053,43.477379537737704,39.821006456150926,0.0013358388277017199,0.004366555405349855,0.006118939952119192,17.428748233480405,13.506476695188281,22.003263324992236,,,,3.29038092628118,0.054302391369988615,1.637079174044991,0.18270106298534955,2.4872726356628205,0.27439192610399965,3.161564457040142,2.563051210805942,6.8721208482736005,4.1558389831348554,7.12903011260137,3.4650808385814544,5.407999005506295,,21.450082135975244,,15.27445434861505,
BO,4.523739,0.19429211,3.1983902,0.15570356,3.1983902,0.15570356,100.0,100.0,350.0,2.4923634581772784,2.5721505368289637,2.4239909737827716,614.6681087495149,334.00439224882547,539.2831809542269,66.87921536603051,49.368672945956554,41.42856125094268,0.0014685833823999137,0.002741127794622941,0.0043130402039120615,16.63734993546876,13.678151059262168,18.38610244314355,,,,1.315587730783678,0.059698511479671285,7.6213613735968,0.11469153952397243,8.699146806402315,0.19340987461489065,9.60763106624781,2.4466691081571703,2.7705822304078365,4.208661864388359,15.073514810357977,2.8954492036446533,5.803922019675341,,10.806372274694574,,11.854124997994303,
BO,4.3967123,0.35020784,3.4186614,0.0041327854,3.4186614,0.0041327854,100.0,100.0,350.0,2.813905205992509,2.844583945068664,2.6773287265917602,333.8263927632293,217.80540924775934,313.0694524801197,74.61382147501149,39.023831170174915,49.10153394810411,0.0021816851832388686,0.0314695413124656,0.004450994257062625,22.807447727859,40.429811911522584,33.3853103426094,,,,14.386390487500366,0.08868638956255565,19.02024874764283,1.316717209726594,20.05958415209687,0.19959615502522984,50.90788341717216,3.3540364305674997,32.98295100068943,12.439942126622334,50.69772401887878,5.257529187812504,5.089889401424635,,29.496239981617137,,4.471348825753431,
BO,4.4446797,0.05420892,3.4077277,0.07432122,3.4077277,0.07432122,100.0,100.0,350.0,2.5279675655430713,2.6197976404494385,2.4602880399500626,533.1471639929919,194.3732064353856,540.1274468336055,64.97719586822751,46.23348522588459,45.671793261410855,0.0016178594472361512,0.0032602201690318084,0.004561785508811432,15.945419680672876,29.1708809616337,27.420772056749165,,,,2.7629091684175355,0.06576664419659152,9.614964035541355,0.13641088573354845,10.326817934980388,0.2045643725924409,21.596005295148256,2.3449146589224816,40.19285955834289,8.975655680502676,14.940559553762911,4.3182318199604985,8.482822720806322,,16.470668065249157,,2.8259717842322236,
BO,4.2974086,0.38523746,3.5024917,0.066775635,3.5024917,0.066775635,100.0,100.0,350.0,2.496455143570537,2.5712577403245938,2.4199616354556808,599.1666688024994,292.46445179353213,564.648014781255,68.86392732811724,53.86888857471132,44.524331028368124,0.001559651727345486,0.0027833178515010507,0.005053846673271888,17.096228526025175,15.454707541666457,58.50078769581274,,,,1.481916405306379,0.06340047672136122,7.584005871321908,0.11645681387033684,8.518458989043982,0.2266298956624165,11.887254587867732,2.5141512538272317,10.01093790968242,4.755294628205064,11.07905279035354,9.212722471781534,3.0085530589897997,,2.675901400702224,,5.267380790706119,
BO,4.3298764,0.09756361,3.5202882,0.043622494,3.5202882,0.043622494,100.0,100.0,350.0,2.5571184644194758,2.597834269662921,2.488605006242197,508.4972573209333,342.61535879235686,564.2172433775842,64.09582427229194,44.9305154168435,37.27453006466283,0.0016125041903960885,0.01836909290757688,0.00508003846257201,15.99017381444182,21.817375262196684,25.527365199411566,,,,3.9479050577022683,0.06554895082910929,8.69599454656573,0.7685812932040534,11.596637051219604,0.22780441536197352,25.220991570450987,2.3514961491826205,5.420110397648264,6.713038542214364,11.146890806679659,4.020057511718357,9.724191165786007,,18.82472372747336,,20.692489224121644,
BO,4.2928834,0.16839465,3.4937534,0.14631718,3.4937534,0.14631718,100.0,100.0,350.0,2.39836240948814,2.477317990012484,2.309409263420724,662.044428013868,334.60281411993526,528.1084639535305,67.67970801990994,54.32750989837068,40.60742800912905,0.001373771291776721,0.003966886730157556,0.00605635532575268,17.32348947242743,14.138190657403536,22.961687168791862,,,,2.505593110238212,0.05584436145433826,3.653472385459585,0.16597852427437473,3.560953516624393,0.27158544061671214,2.6405252920782334,2.547571981239328,2.954712036903157,4.350212509970318,16.83331276322354,3.6160137273687973,4.6764675775916364,,1.8473172567828782,,13.601217001853081,
BO,4.3610325,0.22926126,3.6933143,0.03375533,3.6933143,0.03375533,100.0,100.0,350.0,2.505477166042447,2.582741223470661,2.4218810237203496,556.3275258202732,239.86115413989873,531.0029252834452,66.21447448605376,50.716832294626215,40.214436536545854,0.0014749536716946185,0.002996390036568743,0.00591809377677362,16.67140320631884,18.888457949389934,19.232189016968853,,,,1.848665286278329,0.05995746632904953,8.064486337684556,0.12537196805726958,8.604530211674872,0.26538537115576777,18.18712855584218,2.4516769421057116,26.196567956954237,5.811833215196903,16.377492081347217,3.0286911837746224,6.740176780205972,,8.370673361108917,,14.437369071179033,
BO,4.209177,0.34706545,3.6354308,0.14506693,3.6354308,0.14506693,100.0,100.0,350.0,2.3423717852684143,2.4158611985018728,2.2319903121098625,712.1421266205027,316.4547728077801,624.471105515094,66.67334261469264,50.873525572919036,32.52334148328447,0.0012898373672028277,0.0023871976377748314,0.007601804327096669,16.6164818514968,15.309687154703335,26.74850780987046,,,,4.78163474518641,0.05243241330092795,1.082058514722704,0.09988274635041135,0.0892516641193972,0.340888086416891,4.726783326544518,2.443600272278941,2.6293006745291994,4.710672970677949,1.658093619670237,4.21236343462527,6.0938836412779676,,8.087578007373018,,30.80140109939475,
BO,4.676564,0.05277969,3.6896358,0.08167881,3.6896358,0.08167881,100.0,100.0,350.0,2.372660986267166,2.3405280399500623,2.25607695380774,614.7352747077732,285.05558599254863,573.933787658956,66.0934510092002,36.04474491408893,32.885591109022414,0.0014276521463792127,0.0063648316967852385,0.012275966375773176,16.19620577261629,20.593157943009523,26.80175026455979,,,,3.5503664119038225,0.05803464009671597,2.0699564874450966,0.2663109496562861,1.1693701259076283,0.5504917657297388,9.597753719445116,2.381794966561219,12.290588925369653,6.336356290156776,9.616726352920312,4.220748073159022,6.910632381408177,,34.87850964030907,,30.030657214845927,
BO,4.760402,0.34939605,3.7710052,0.14765637,3.7710052,0.14765637,100.0,100.0,350.0,2.226803620474407,2.2631598377028714,2.1069731710362043,685.7667496420581,77.90436408394937,661.0797640546101,63.78036507185841,47.8400376033248,34.63838510196317,0.0011432288160207816,0.0022774753782701385,0.0051879938012646155,16.4859341538193,12.65861684296811,24.056579359916686,,,,9.47952762299159,0.04647271609840575,5.307119761386137,0.09529185683138654,5.516898159811466,0.2326454619401173,0.848051417949725,2.424402081444015,76.02942643570789,3.8949590286055726,4.107049457418915,3.7884376944750686,10.16849989879097,,13.568134411337306,,26.301308293695374,
BO,4.498573,0.39488235,3.2193618,0.022464596,3.2193618,0.022464596,100.0,100.0,350.0,2.674874906367041,2.7913603870162302,2.5158070037453184,593.066146940779,178.7117262801738,596.4018565656637,65.03483512253513,55.85035041144393,49.80836187781566,0.0017531995814715144,0.01477930278210144,0.00939603022617723,17.614986712631236,25.21471613142126,27.565999039311432,,,,8.73475229134313,0.07126827566957375,16.793321632478246,0.6183808695439933,12.81645756705464,0.42134664691377716,12.784390155767786,2.5904392224457697,45.0117765291773,7.758374194283465,6.078447784934849,4.341102210915186,8.401640672485735,,0.9039754497631892,,5.975238037905666,
BO,4.2811766,0.120403275,3.2718892,0.1501721,3.2718892,0.1501721,100.0,100.0,350.0,2.4941751810237203,2.588799425717853,2.42763975031211,590.1305313524292,244.25688258401976,485.5312027034786,68.05756696152987,42.627630587437835,44.358818372630765,0.0015656181681493846,0.004216150337664417,0.005450297669630353,17.3937822682519,19.4761318847109,26.132505399659742,,,,1.38923500096424,0.06364301496542214,8.317967603257435,0.17640796391901326,8.862769072291924,0.24440796724799788,13.216098330525117,2.557909157095868,24.844036127993917,5.99265596452643,23.53839327504274,4.115355181048778,4.144271885169194,,22.985310591801564,,5.619535377381352,
BO,4.4936857,0.28707692,3.2549527,0.055233654,3.2549527,0.055233654,100.0,100.0,350.0,2.5942964669163544,2.665943033707865,2.423264406991261,525.0142928778204,277.7474793645926,523.0463240629879,67.8946527347791,60.41036542471941,37.42004853884024,0.0015513496145990392,0.02970017662254069,0.008118992390016826,15.983509361632066,30.88677966836571,22.911917226173614,,,,5.4592059722095305,0.06306299246337559,11.545733627944132,1.2426852143322464,8.666565335930997,0.3640803762339384,22.792015753261712,2.350516082592951,14.53923711858689,9.503624513343295,17.630500147560966,3.608175941129703,4.373728542564647,,9.142484958842651,,20.38287544927608,
BO,4.6032043,0.1650227,3.2379344,0.11961015,3.2379344,0.11961015,100.0,100.0,350.0,2.5019433832709113,2.579573021223471,2.4322081148564294,591.5004852936687,338.3510553565226,518.0475329082626,68.43331384041136,48.86595364608429,44.87202248968354,0.0015410460454411401,0.002336339147212791,0.0042237501484807885,17.448863021921685,16.093699656311927,35.526127125702956,,,,1.7050155801183453,0.06264414818866423,7.931925574203796,0.09775477603400799,9.06762846889818,0.18940583625474386,13.014634515636956,2.5660092679296596,4.1080170327761785,4.951907586557516,18.41771135302951,5.59466568908708,3.615050928998087,,11.714627559016638,,4.5276117240775795,
BO,4.372389,0.3338892,3.5048828,0.017894335,3.5048828,0.017894335,100.0,100.0,350.0,2.6596670287141073,2.766254719101123,2.491053083645443,477.1307548254055,274.2296699758971,456.94825309623155,67.07957531147837,56.420770305780465,47.91320907289555,0.0016641369866764277,0.0027084507937651693,0.006916940082452987,16.614098950449662,19.911759923290393,34.06175669217964,,,,8.11654588268729,0.06764784498684666,15.742875276197612,0.11332430099435854,11.706416306970539,0.31017668531179315,29.833712525675658,2.4432498456543623,15.621640007416282,6.126695361012429,28.039645181695818,5.364056171996794,5.521724913410753,,1.934544364553683,,1.942998027437335,
BO,4.3770685,0.32780695,3.6094303,0.082648344,3.6094303,0.082648344,100.0,100.0,350.0,2.4147053058676655,2.4710210362047444,2.322851922596754,652.8635363434847,292.12712760555803,494.2687210674368,66.51607071860417,44.373437683233306,36.48471271616965,0.0014062227553193764,0.0040398686302821245,0.0056768665695964005,17.063139976294387,13.409740954543375,22.819107658854858,,,,1.8412477289566849,0.05716352663899905,3.3900015148428584,0.1690321602628504,4.163763345145925,0.25456800760521975,3.990656420075776,2.5092852906315275,10.114729967520606,4.1260741398595,22.162406131112316,3.593560261236986,6.315393354078635,,19.83118756416747,,22.37295166772414,
BO,4.693992,0.14907128,3.4194853,0.14324632,3.4194853,0.14324632,100.0,100.0,350.0,2.3981898377028714,2.456693970037453,2.3103277528089885,662.4022604465418,345.19479362183495,532.121318419665,66.64250164509409,41.90788099772703,41.42107847219686,0.0013191318541475366,0.005800278395827314,0.004846566665570607,17.60720512294689,16.88306960193781,20.975889992415215,,,,2.51260822346051,0.053623246103558404,2.7905426793913355,0.2426894726287579,3.602141381568992,0.2173348280524936,2.587902875508552,2.5892948710216017,6.2137826528722915,5.1947906467500955,16.201367178005505,3.3032897625850732,6.137321626628048,,24.28567118748505,,11.870045803836467,
BO,4.3565226,0.33205113,3.7079763,0.07587847,3.7079763,0.07587847,100.0,100.0,350.0,2.3849696254681647,2.4492505493133585,2.28652127340824,662.8446293439026,297.3140345996246,554.9107381863114,66.56199934578034,48.629556932781455,41.81575930242866,0.0012659745690773495,0.004069731956514793,0.005866986993031808,16.687597565041596,19.540228349202817,25.388424305979264,,,,3.050015224871352,0.051462380856802825,2.479102481730476,0.1702816718207026,2.534586251490587,0.26309358713147124,2.522848625896673,2.4540584654472934,8.518758584730886,6.012377953600867,12.612482175384033,3.9981770560597267,6.250705146788259,,12.141721891993761,,11.030299356534766,
BO,4.7963905,0.15458332,3.5016851,0.016122773,3.5016851,0.016122773,100.0,100.0,350.0,2.614736292134831,2.7057762546816484,2.4300177403245944,533.6821755913799,265.487278424079,439.06893625410964,62.528254252464535,49.19512011457901,39.188218691243286,0.0025141881611268797,0.003984965301612582,0.0054002611059544466,16.595348401301294,21.542794909416436,31.94630790397024,,,,6.29009317621265,0.10220277077751543,13.212395593374403,0.166734949858267,8.969405395721722,0.24216417515490793,21.51732711891473,2.4404924119560727,18.311606638744916,6.6285522798204415,30.85528562927407,5.030914630546495,11.932036264134458,,11.11992752560251,,16.62081129522705,
BO,4.6004767,0.14488989,3.657701,0.12945147,3.657701,0.12945147,100.0,100.0,350.0,2.3195382646691636,2.3760384893882645,2.2031292509363296,678.1283589435234,331.64662760002,653.8752850977422,63.761664397502145,48.868795928054524,31.975423400284733,0.0012879193918342415,0.0026648968723385403,0.006675500894180322,16.03614847355921,14.144896348352743,24.719040621702234,,,,5.709826639464894,0.05235444682253015,0.5841636239219946,0.11150196118571297,1.2049663257251289,0.2993498158825256,0.27524133183479693,2.3582571284645892,2.0451161846215373,4.352275799493151,2.9724858421641294,3.892762302630273,10.194838876757542,,11.709492451572677,,31.967184254713334,
NSGA2,4.5123382600840385,0.33476050275576824,3.7058456999175897,0.08016777622562817,3.7058456999175897,0.08016777622562817,100.0,100.0,350.0,2.3621436329588015,2.4166697877652936,2.258615293383271,678.2603747924826,342.4129642795755,627.3459863266397,63.76483773239838,47.92764385966561,32.75110744007801,0.0012719092578137626,0.01008368106545919,0.0069327784794459306,16.650393029979355,22.81498771707667,24.36557903953494,,,,3.977901099235711,0.05170362836641311,1.1158907014767152,0.4219113416510122,1.2831970127027286,0.3108869273294139,0.2558272363996186,2.4485872102910817,5.357835162946301,7.019996220638975,1.2053564839937452,3.837099061344085,10.190369390988202,,13.409857525446059,,30.31679268068509,
NSGA2,4.512338127822179,0.2235581220878882,3.4764391784624924,0.12748552666531912,3.4764391784624924,0.12748552666531912,100.0,100.0,350.0,2.4040145443196006,2.474221410736579,2.3157325717852686,667.8647057050302,327.49359733788526,525.4259329398627,66.56505360443833,44.69979648484174,29.923112162347266,0.0014044589966765858,0.007763589384578161,0.005603920380202855,16.958985205656067,19.638023437202644,21.979473920827328,,,,2.2758315317235516,0.05709182913319454,3.5239083990200353,0.3248363759237724,3.84450994552774,0.2512968780360025,1.7846021022014344,2.4939684125964807,0.7672607193493115,6.0424687499085055,17.255758592147604,3.461334475720839,6.246403374030517,,19.241560099653586,,36.33380390989944,
NSGA2,4.691837944522891,0.33479153639948667,3.4764394553557985,0.12749466137563964,3.4764394553557985,0.12749466137563964,100.0,100.0,350.0,2.3739771285892632,2.420903820224719,2.2798994881398253,702.9218618021671,409.2513426650359,617.1687239664827,65.78137642980117,49.19801264000745,32.30457732828459,0.0012989751709305839,0.006734997114894732,0.005465781724755545,17.454509348479675,12.783267730685694,21.43185762572311,,,,3.496864691493363,0.052803868737015605,1.2930468713271428,0.2817990424642147,2.2376452080639178,0.24510231949576436,3.370862029730454,2.5668396100705406,25.923490050780277,3.93331314790329,2.8080749659082316,3.3750956890902537,7.3501740425335615,,11.114701644069653,,31.266856748330664,
NSGA2,4.5145568004474566,0.3347873973470998,3.7057724829690337,0.08016775586732286,3.7057724829690337,0.08016775586732286,100.0,100.0,350.0,2.362010436953808,2.4067678152309613,2.2531198876404495,677.5458679609038,327.8861200293229,604.3999224132241,64.84967195065553,45.496332105837425,35.318263337674,0.0012831874118119772,0.00452660442228142,0.0083055195871396,17.280801668403683,21.42957390501091,24.0569739859528,,,,3.9833155709834145,0.05216208991105598,0.7015822272368685,0.18939767457244433,1.036766261903564,0.3724448245354081,0.36090177045532057,2.541294363000542,0.8880369320993571,6.593715047695664,4.818909856185183,3.7884998403075274,8.66243387231615,,17.80247135350059,,24.854758856012772,
NSGA2,4.512338458237462,0.33479150992401596,3.4764480288506587,0.12748580484776648,3.4764480288506587,0.12748580484776648,100.0,100.0,350.0,2.399625930087391,2.4636097503121097,2.310302059925094,692.5250346809662,360.34897324501884,579.2182240225313,68.10327580197963,49.41373008411094,40.07157453429457,0.0013522122300534394,0.0042147498665493855,0.005456789750064083,17.282751009666868,13.701722864484003,21.233343647095975,,,,2.4542304842523968,0.05496797683144063,3.079905870799564,0.1763493668012295,3.600989234309142,0.2446990919311248,1.8419168648479707,2.541581030833363,10.87660715231349,4.215914727533539,8.784531649995065,3.343833645211965,4.0798932366484015,,10.724968231055218,,14.74133077809666,
NSGA2,4.691453408320892,0.3345305013095921,3.4764393550801564,0.08130876260568594,3.4764393550801564,0.08130876260568594,100.0,100.0,350.0,2.4268201373283396,2.4638637328339574,2.3378699375780276,651.7842488766809,323.7322136004616,553.3270197905149,67.9127783070592,52.86475185479118,30.235039104268637,0.001399955662196969,0.02684114438084809,0.004859280540481132,17.859609873910532,15.761314543692052,28.754918527237013,,,,1.3487749053520488,0.056908766755974345,3.090532754558883,1.1230604343451083,4.837216931750119,0.21790495697224807,4.149375165193991,2.626413216751549,0.390088122934895,4.849635244212939,12.861886647163008,4.528333626336537,4.348199567522255,,4.4900598829427665,,35.67012956538588,
NSGA2,4.512361394665136,0.22353818272585854,3.4764390050654597,0.08016790702326795,3.4764390050654597,0.08016790702326795,100.0,100.0,350.0,2.463413171036205,2.5223378401997505,2.3816914357053682,614.0612990578951,320.1443108739978,571.5000444078266,66.7171310023303,47.0650975233557,36.01922083599008,0.0014291060779242613,0.00701713497122807,0.004796763811276677,18.412366167597767,25.524868875256466,35.97383876559555,,,,0.13874679008962867,0.05809374300505127,5.537148125512568,0.293603973691551,6.802306533873016,0.21510151620074786,9.696867785603661,2.707700906999672,1.494058192616054,7.85380580777122,9.999993006641475,5.6651714591489055,6.03220985587281,,14.968206823205596,,23.363359923425353,
NSGA2,4.5123380846975545,0.3347914223239466,3.47643913362868,0.08016775687553408,3.47643913362868,0.08016775687553408,100.0,100.0,350.0,2.4569885892634207,2.517633395755306,2.3741295630461923,634.9360156636777,312.0695583643159,553.1093304982937,67.2413194424231,50.472844922869236,41.47172643791026,0.0014148510106490391,0.0030337876004150233,0.0048356575492721505,17.0853138141782,14.66225293846881,38.50855220334393,,,,0.12241507059265405,0.0575142687255707,5.340309445828692,0.12693671968263695,6.463209105210416,0.21684563001220405,6.627056520047394,2.512546149143853,3.978597426364331,4.511462442605787,12.896168425465554,6.064338929660462,5.293916278277317,,8.811481620832458,,11.762284174659015,
NSGA2,4.5123754318977305,0.33478754658282867,3.7057724829690337,0.08060465829694131,3.7057724829690337,0.08060465829694131,100.0,100.0,350.0,2.3615687390761546,2.407109163545568,2.2528516604244695,678.7328525676463,324.37882464128415,628.6624882367522,64.71079378224889,44.93202832076433,34.731842236037686,0.0012415960627690768,0.004092921899385508,0.009011846071396483,16.65782663741197,16.686000317216582,23.33533999275309,,,,4.001270769262006,0.05047138466540963,0.7158645834965605,0.17125196231738526,1.0247381356264356,0.4041186579101562,0.18634521064024726,2.449680387854701,0.19113087960487554,5.134153943758948,0.998033348542959,3.6748566917721406,8.858036926410021,,18.821990387056314,,26.102463327579393,
NSGA2,4.5123382600840385,0.33479100206080065,3.7058442705436923,0.0801677623196433,3.7058442705436923,0.0801677623196433,100.0,100.0,350.0,2.3621613483146064,2.410868451935081,2.2395766916354556,676.7086095504948,349.48275355914717,602.4867905911087,66.68129276066676,42.899018748780534,33.48804682999206,0.0013475730702916626,0.009877538805314777,0.007286611346575474,17.06237248731307,19.4925976265361,22.205884763450705,,,,3.9771809628208747,0.054779393101287106,0.8731569847314234,0.4132861424817898,0.42944805540159653,0.32675387204374323,0.4840280072801808,2.5091724246048632,7.5331549412760515,5.9977223466264915,5.120190458093114,3.4969897265276697,6.082686252582022,,22.494997743847275,,28.74883653193179,
BO,4.295262,0.32362565,3.1289618,0.049917135,3.1289618,0.049917135,100.0,100.0,350.0,2.6854387640449437,2.806904357053683,2.5231726217228467,458.6728546823056,356.94594169689833,326.8241907219892,69.46333341269714,57.52380715571287,46.93870291838374,0.0014560269041146248,0.0028264114823134466,0.004671924027419285,16.252149185095146,39.03551141902831,30.653455862547077,,,,9.164177400200966,0.05918808553311483,17.443696947852835,0.11825989465746639,13.146754337347389,0.20950331961521457,32.54810960554329,2.3900219389845803,9.829520522122563,12.01092659047025,48.531623508348154,4.827315883865682,2.164319137046283,,3.9273842018299403,,0.13041932258778752,
BO,4.3234468,0.11814443,3.3423014,0.027432708,3.3423014,0.027432708,100.0,100.0,350.0,2.7007507865168536,2.823337965043695,2.521957490636704,410.8020550013056,242.49140663925382,366.30427468746257,68.56993780357207,53.83422427278735,49.76802373993768,0.0015582075457454322,0.003163822605453182,0.014197263277485017,15.83554360383233,32.40087874199124,29.053990955943423,,,,9.786617338083483,0.06334177015225334,18.1312956085228,0.13237751487251806,13.092264154112296,0.6366485774656958,39.5879330880433,2.328756412328284,25.38725949561421,9.96950115138192,42.314287450793294,4.575431646605264,3.422622811870318,,2.7385288657861766,,5.889412212633367,
BO,4.696238,0.340077,3.1175938,0.121682875,3.1175938,0.121682875,100.0,100.0,350.0,2.50695,2.5626292259675405,2.416758302122347,617.1393527990614,326.49739577499406,583.1481492344797,68.20909253268519,54.95732184378994,46.87121445209289,0.001436733360787584,0.02049722131534235,0.0034786893169134756,17.570706211396164,17.523224670885185,36.100442527152836,,,,1.9085365853658465,0.058403795153966834,7.222980166005873,0.8576243228176715,8.374811754365332,0.1559950366328913,9.244212823667445,2.5839273840288475,0.46073716153663413,5.391761437195441,8.165645789845723,5.685109059394147,3.9308555877673377,,0.709445630009142,,0.27401180405767434,
BO,4.699713,0.3659726,3.1616702,0.07713025,3.1616702,0.07713025,100.0,100.0,350.0,2.5369897128589263,2.5575326217228467,2.4179525717852686,584.2349814667091,295.9244341785846,561.2778620349978,69.51014438785718,55.76193848974876,36.8395926403241,0.001543493291999337,0.02822555446077148,0.004701895429255409,16.31597697816475,17.31567935137425,25.225028606156513,,,,3.1296631243465978,0.0627436297560706,7.0097331264789355,1.1809855422916937,8.428366447769893,0.21084732866616185,14.083090960778076,2.399408379141875,8.946327945050896,5.327901338884384,11.609785506299554,3.972445449788427,2.098388186116646,,0.7442429805758922,,21.617887999310426,
BO,4.362187,0.36103868,3.5740016,0.07403733,3.5740016,0.07403733,100.0,100.0,350.0,2.4454279650436956,2.4980240199750314,2.359518027465668,637.2219743111699,307.98224060633214,421.5950513213559,68.45253039421354,49.36873131475136,42.19853914748934,0.001424249268483761,0.017532744104092786,0.005283145971317166,17.35900133841169,16.745906689143972,22.393513771714698,,,,0.5923591445652164,0.057896311726982154,4.5198334717586315,0.7335876194181081,5.807983294424574,0.2369123753953886,6.290886130710308,2.5527943144723073,5.236233659590111,5.152586673582761,33.607078532069934,3.5265376018448342,3.5879853602626204,,10.806266820684089,,10.215874154277996,
BO,4.528998,0.18272783,3.4526482,0.10501469,3.4526482,0.10501469,100.0,100.0,350.0,2.4391005243445694,2.5070897627965043,2.355850549313358,629.9124652012442,329.719936978404,437.3746455194183,67.17896602372579,46.886056997748,40.46422768798874,0.0014222403013271303,0.0031782927915256884,0.0048969254076285116,17.39596296574831,23.730920360739404,25.175155771631978,,,,0.849572181115065,0.057814646395411805,4.899153255083856,0.13298296198852252,5.643522390733549,0.21959306760665973,7.365813940993496,2.558229847904163,1.4522883010473868,7.301821649458279,31.122103067808137,3.9645914600995247,5.381737994752406,,15.291676607501357,,13.905898536194172,
BO,4.7389355,0.12882178,3.454863,0.012412483,3.454863,0.012412483,100.0,100.0,350.0,2.670211161048689,2.6850959800249687,2.510459463171036,525.4462394712834,284.97322632068597,584.9495569224973,58.53268737542133,45.16348685161104,42.03281009717352,0.0029002564154365583,0.005909419309001557,0.003303632937608901,17.31789589959163,23.38212430276253,27.98348066756008,,,,8.5451691483207,0.11789660225351864,12.347112134935925,0.24725603803353793,12.576657541302072,0.1481449747806682,22.728494195399495,2.546749396998769,12.315930362865856,7.1944997854653945,7.8819595397642015,4.40684734922206,17.559595245885447,,18.403817792933985,,10.568489154949964,
BO,4.696755,0.21802098,3.59072,0.048873115,3.59072,0.048873115,100.0,100.0,350.0,2.455499388264669,2.5031339450686643,2.3653513108614233,597.9078861024846,340.76752317572823,576.7361053731216,67.99542473494319,50.11026757770021,33.021992252542006,0.001429339882712329,0.004861622302995035,0.004945180295448722,17.859759332766828,13.002832208226424,68.71928006175165,,,,0.18295169655817098,0.058103247264728826,4.733637868981763,0.20341515912113114,6.0695655094808645,0.22175696392146738,12.072369690811096,2.6264351959951218,4.851545592531763,4.000871448685054,9.17541647667376,10.821933867992387,4.231796147967344,,9.466544575067369,,29.740442015868073,
BO,4.7601314,0.19406642,3.5648432,0.1318143,3.5648432,0.1318143,100.0,100.0,350.0,2.335960561797753,2.3815288139825217,2.219599063670412,688.570349381459,348.52159866514774,640.4660854149718,64.55634424773403,46.02126015313338,34.05380205298414,0.0012310857236556587,0.009111173180035832,0.005832156333397705,16.784100396487524,25.23851207924186,23.636159940203214,,,,5.0422535854572015,0.05004413510795361,0.3544429296016078,0.38122063514794274,0.46640970087837796,0.26153167414339484,1.2603454972733796,2.468250058306989,7.237414973891611,7.765696024382111,0.8608008527514579,3.722229911843026,9.075571482064744,,16.854091864257665,,27.545102014927366,
BO,4.7419615,0.13259006,3.8498352,0.022135621,3.8498352,0.022135621,100.0,100.0,350.0,2.461881423220974,2.440113370786517,2.2962833083645444,554.4352986520605,266.260933639571,620.3315535772643,63.09635451791017,35.258857707762424,31.965585950813207,0.0015014701035685376,0.008560842766550237,0.00693709374781994,17.63842893555552,13.257237482579246,21.048908715511526,,,,0.07648061873877413,0.061035370063761696,2.0967937567580197,0.35819425801465427,2.9723456665714996,0.3110804371219704,18.465397257049922,2.5938866081699294,18.073558880131994,4.079149994639768,2.3099915626355365,3.314788774096303,11.131895045196941,,36.29836005824314,,31.988114998269776,
BO,4.3947906,0.1971692,3.1666596,0.020418577,3.1666596,0.020418577,100.0,100.0,350.0,2.7776567665418233,2.8873589513108615,2.59028556803995,559.9672259363244,206.42225119592936,464.1677053906365,66.60421286710957,57.78671311622902,32.083347343625974,0.0038945109650223297,0.002684158368814404,0.004806834973054233,18.425653670048245,25.170590314272715,34.16226934569317,,,,12.912876688692004,0.15831345386269632,20.809997962797546,0.11230788154035162,16.156303499549324,0.21555313780512256,17.65187853877582,2.7096549514776833,36.48546117048327,7.744797019776219,26.902723560529683,5.379884936329632,6.191249482944272,,4.402372387044304,,31.737558843348992,
BO,4.235398,0.31315362,3.2654662,0.14161131,3.2654662,0.14161131,100.0,100.0,350.0,2.5046282147315853,2.5980134956304624,2.438865293383271,610.120510163551,287.312591468342,424.3351720948668,68.48641718916429,47.95782947301196,43.03726091985523,0.0014812589860766193,0.003728707821121602,0.004683990493699648,18.23469938782826,15.312428015159053,24.27136214895717,,,,1.814155070389646,0.060213779921813794,8.703493541023525,0.1560128795448369,9.366156653958335,0.21004441675783175,10.276395564183678,2.681573439386509,11.596125702048608,4.711516312356632,33.175563449627276,3.8222617557412866,3.540257480050302,,13.355321638641442,,8.431359744988876,
BO,4.5439863,0.04245787,3.1800797,0.060287975,3.1800797,0.060287975,100.0,100.0,350.0,2.652706129837703,2.766901535580524,2.4929811111111113,438.74193559308173,304.69048223188054,463.38794004229817,68.072884254613,50.961725316263376,35.07960328067374,0.001603664554425604,0.003103563438057127,0.008905758917065342,15.785094092630565,15.800087532487945,23.13688273433521,,,,7.833582513727767,0.06518961603356113,15.76993872721858,0.1298562107973693,11.792874937717997,0.3993613864154862,35.47912711866445,2.3213373665633186,6.249082390190604,4.8615653946116755,27.025521253181388,3.643603580210269,4.1226982329394355,,7.928228877572946,,25.362546211332475,
BO,4.4925647,0.2248274,3.351489,0.13816713,3.351489,0.13816713,100.0,100.0,350.0,2.447743982521848,2.486305131086142,2.3694206117353307,645.33979098745,303.21414130537585,529.2902058255879,67.53467876811538,49.5355041869142,40.83254148550074,0.0014177604680248826,0.02372741559913437,0.00492184812852978,17.88963289909868,14.834472266491808,33.5460837907217,,,,0.4982120926078082,0.057632539350604986,4.029503392725608,0.9927788953612706,6.252045369297341,0.22071067840940717,5.09708956066912,2.6308283675145114,6.703341136807432,4.5644530050744025,16.64721168100978,5.282847841058536,4.880734129414952,,10.504960818583195,,13.122252158509061,
BO,4.711199,0.049918212,3.1832852,0.15243767,3.1832852,0.15243767,100.0,100.0,350.0,2.505093595505618,2.5521904744069914,2.437300099875156,574.5931923587473,284.2170944396322,540.8761137116064,66.01507599793776,50.41594365419863,40.46925843727863,0.0015796849547234971,0.02980019898464869,0.004896687654937005,16.71692969604237,25.907777824760057,28.169125570432108,,,,1.8330729880332601,0.06421483555786574,6.786212318284154,1.2468702504037106,9.295968604267093,0.21958240605098678,15.501001123713635,2.458372014123878,12.548586326267014,7.971623946080017,14.822659258014738,4.436082766997182,7.021019721214427,,8.914284274257223,,13.895194814300782,
BO,4.644722,0.39867488,3.4289136,0.13614601,3.4289136,0.13614601,100.0,100.0,350.0,2.3888338701622973,2.437779675405743,2.296968639200999,712.3679432042375,340.6229556665899,622.7952435035485,69.55136841140617,50.24494662784159,30.737495481928995,0.0012138947660819308,0.003996912263798999,0.007030863817548408,16.646967323409385,14.592292110805882,21.743034290298727,,,,2.892932107223685,0.04934531569438744,1.9991495985666394,0.16723482275309617,3.0030779910761853,0.31528537298423354,4.7599916476819795,2.448083429913145,4.807063282027666,4.489936034094117,1.92200889707898,3.4240998882360203,2.0403261811180657,,9.223221991252771,,34.60107344270427,
BO,4.5396333,0.2588037,3.5518088,0.05349059,3.5518088,0.05349059,100.0,100.0,350.0,2.4786955305867666,2.4767841947565543,2.3939866416978774,594.1465924413516,288.2886411966154,570.2653199567176,69.12390222436693,47.60464579741134,40.560007750820745,0.0014780789049897711,0.002771124885677735,0.004938235826963832,16.787924307870277,13.567668487000402,34.78065637685892,,,,0.759980918161246,0.06008450833291752,3.6311378559227694,0.11594664793630689,7.353661062685088,0.22144555277864716,12.625501111565946,2.4688123982162176,11.295802708733722,4.174667226769354,10.19443780209172,5.477268720765184,2.6423912332860144,,13.993413193475455,,13.7021111684665,
BO,4.291853,0.22513156,3.7260334,0.14148127,3.7260334,0.14148127,100.0,100.0,350.0,2.297215905118602,2.3615965168539326,2.182450661672909,695.3321085216629,350.4894691226951,619.8328262570047,63.80814244805832,47.04410748159184,38.31278735548413,0.001218460795834746,0.0023789476092440716,0.00530739817958307,16.61794216767448,15.720121381715762,30.573661016527346,,,,6.617239629325127,0.04953092665994902,1.1884302571576382,0.09953755687213689,2.1322573240847915,0.23799991836695383,2.2547218414210173,2.443815024658012,7.8429135762138715,4.836960425143311,2.38853129810949,4.814749766382259,10.129376833720675,,15.006129211216196,,18.4834311585444,
BO,4.4213815,0.2780287,3.8377917,0.08840417,3.8377917,0.08840417,100.0,100.0,350.0,2.3007897503121097,2.3554782397003744,2.169333358302122,676.797778150216,372.5364523476154,603.5061293403824,64.99566646639845,52.52390915389358,31.462508448781584,0.0013264496551237952,0.0023932524464569047,0.008062164912894621,17.15478648499965,15.752667449496217,28.159798297901567,,,,6.471961369426432,0.05392071768795916,1.4444251171391516,0.1001360856258119,2.7204772061828626,0.36153205887419826,0.47091497790941117,2.522762718382302,14.626600722343204,4.84697459984499,4.959664670805928,4.434613905181349,8.456807793805003,,5.1058551871841455,,33.05849266216684,
BO,4.4721365,0.26742423,3.8095489,0.10997133,3.8095489,0.10997133,100.0,100.0,350.0,2.280146853932584,2.332510474406991,2.1579184644194758,685.8512861067352,297.4025274385422,627.7940346582535,64.41817838072114,49.08359303538937,31.051385909839276,0.0012311792476677123,0.0029248572229523748,0.005305696232733734,16.881461728290546,23.03947021808887,22.51989930661615,,,,7.311103498675446,0.050047936897061475,2.405419480879038,0.12237896330344665,3.2323558556288887,0.23792359788043652,0.8604832509904687,2.482567901219198,8.491530018910087,7.089067759411959,1.1347976916136207,3.5464408356875823,9.270171294758951,,11.321421796947844,,33.93322146842707,
BO,4.4802012,0.3782131,3.1883245,0.14437015,3.1883245,0.14437015,100.0,100.0,350.0,2.500165218476904,2.535486779026217,2.4316366292134832,632.9106146127777,174.58848568660238,488.7170682181974,68.105074066766,45.954635835575225,43.35527832597454,0.0013985235012176822,0.008916587007502343,0.00420286793435096,17.76790171459615,20.63411289021877,31.74236051294712,,,,1.632732458410737,0.05685054882998708,6.087312929967233,0.3730789542888009,9.042001310021671,0.18846941409645562,6.9249096157679775,2.612926722734728,46.28046594258388,6.348957812375007,23.03668217036261,4.998796931172775,4.077360469343671,,16.97446100167078,,7.754726966011621,
BO,4.3014646,0.18620546,3.3962092,0.02887933,3.3962092,0.02887933,100.0,100.0,350.0,2.663990961298377,2.777820087390761,2.4996649687890136,446.792586311144,278.96535110814114,324.5586095695977,70.20836861453748,47.679084870988504,47.348891979714,0.0016528980457821106,0.0028189804215980815,0.010275998383625539,15.197875731514573,23.36062765175765,24.971582533080802,,,,8.292315499934025,0.06719097747081751,16.226781899195014,0.1179489716149825,12.092599497265184,0.4608071024047327,34.29520789542,2.2349817252227315,14.164507351341191,7.187885431310046,48.888407941795634,3.932532682374929,1.1149737823415817,,13.85892525566666,,0.7423233610936109,
BO,4.370277,0.28974512,3.4989681,0.09704197,3.4989681,0.09704197,100.0,100.0,350.0,2.442414357053683,2.514893108614232,2.3577046566791506,640.6485962149011,308.8803114963601,403.9587632658184,67.33235319770976,48.70064876660879,39.99794431649043,0.001369094816787099,0.011884649572008348,0.006058720154721899,17.097433673850396,14.908412319002524,25.32913484310176,,,,0.7148635344031316,0.05565426084500402,5.225653080093387,0.4972656724689685,5.726666218795994,0.2716914867588296,5.786971144867486,2.5143284814485876,4.959904154966125,4.587203790462316,36.38444672979238,3.988840132771931,5.165699721535543,,12.013281361140393,,14.897990815977805,
BO,4.426889,0.25475666,3.4813783,0.0047906637,3.4813783,0.0047906637,100.0,100.0,350.0,2.7899583895131084,2.843823995006242,2.6093279400749063,222.4791304155405,269.5544443474604,449.11604575702336,71.65062381135037,46.249791048818835,41.10885060747888,0.0018956405983439676,0.0057620948031054655,0.007726034453482881,29.32508096779097,31.19718230023432,30.605429820275145,,,,13.41294266313449,0.07705856090829137,18.988451673901327,0.24109183276591903,17.010221528022708,0.3464589441023713,67.28248082124405,4.312511907028084,17.060170970012187,9.599133015456715,29.273063660311283,4.819752727602385,0.9163715652822131,,16.44120858388648,,12.534360409619408,
BO,4.574704,0.28624624,3.409327,0.02666524,3.409327,0.02666524,100.0,100.0,350.0,2.61011379525593,2.7005932709113605,2.4278605368289634,511.6911144383582,294.8458729438307,492.9337904341988,66.57503971204417,53.78947193702811,41.85981585132794,0.001644229782611741,0.0031610164168768998,0.007437953336533807,16.329256764313904,15.222560351132985,28.801792445451593,,,,6.102186799021552,0.06683860904925776,12.995534347755662,0.13226010112455647,8.872669812958002,0.3335405083647447,24.751306700241436,2.401361288869692,9.278192940359776,4.683864723425534,22.37263142768523,4.5357153457404085,6.232338433740601,,2.8193822275914915,,10.936562018451196,
BO,4.584481,0.32228157,3.4117866,0.05953789,3.4117866,0.05953789,100.0,100.0,350.0,2.507566004993758,2.567567253433208,2.4290982646691637,591.0905413416887,252.63916961311244,573.6826963060319,66.68354238086874,52.13628940193241,42.350067871087916,0.001510118876107119,0.00383655877016648,0.004207228643639747,17.028738164098584,14.776209719109165,23.6608623056744,,,,1.9335774387706532,0.061386946183216225,7.429592193858076,0.16052547155508284,8.928173303549942,0.18866496159819493,13.074920390928138,2.5042262006027327,22.264870888273094,4.546526067418204,9.656268298262699,3.726120048137701,6.079517773424304,,5.806161875460872,,9.893472614706562,
BO,4.6534514,0.3526109,3.4454918,0.13914014,3.4454918,0.13914014,100.0,100.0,350.0,2.380867315855181,2.432284107365793,2.2891072034956306,709.4798070001395,346.1708433501084,570.9690668220468,68.36887272989875,45.99747730495678,29.46906653095216,0.0012460988770401824,0.004811468017503416,0.005757380300083345,16.85652574711234,15.109500421627418,20.56224124527894,,,,3.2167757782446746,0.05065442589594237,1.7692095132130832,0.2013166534520258,2.6505472419565286,0.2581784887929751,4.335265735314639,2.4789008451635794,6.514105646187195,4.649077052808436,10.08361152408712,3.238148227602983,3.7058130564806278,,16.89705997297781,,37.29985844478264,
BO,4.5757875,0.26342615,3.6176903,0.093651414,3.6176903,0.093651414,100.0,100.0,350.0,2.3746502496878903,2.430147203495631,2.2749781647940077,672.5524263762934,313.875337978302,605.8362110237941,65.23115425891869,45.66306630845653,30.839639486756134,0.001306654578524106,0.0066995259847087525,0.006748843771551467,17.03953595266004,14.327742767231054,23.317289056127333,,,,3.4695020452077103,0.05311603977740268,1.679799309440616,0.2803148947576884,2.0169580625115575,0.30263873415029,1.095231415250971,2.5058141106853,3.4229729297532265,4.408536236071094,4.592722673418247,3.6720140245869817,8.12513484659339,,17.501235215074022,,34.383745772859285,
BO,4.615802,0.3936036,3.7365985,0.12168964,3.7365985,0.12168964,100.0,100.0,350.0,2.282078963795256,2.3283008239700376,2.156913770287141,718.2299101108284,321.2561664441598,690.8755540042318,64.57456570922142,48.256122721823296,36.927015759989814,0.0011448273013592858,0.002213123713267006,0.0051383474256969115,17.217713645217202,16.77419513649896,25.438707509483933,,,,7.23256244734732,0.04653769517720674,2.581555482425211,0.09259931854673664,3.277409404164078,0.2304191670716104,5.622045604533592,2.5320167125319415,1.151948786412364,5.161290811230449,8.799299843186118,4.006095670784871,9.04990745180082,,12.816399779903714,,21.4318813617238,
BO,4.6855946,0.23704691,3.6883376,0.15801762,3.6883376,0.15801762,100.0,100.0,350.0,2.2676571036204747,2.3136747191011238,2.149639488139825,704.2709711356717,280.40664536576924,668.8682031763093,64.65428815735123,52.47249594158113,34.469638472740925,0.0011269610022087606,0.0026243287622260956,0.006996657870917494,16.74722449867131,30.360578501257525,23.571569951937402,,,,7.818816925996963,0.04581142285401466,3.1935263974425254,0.10980455072075714,3.60361039731726,0.3137514740321746,3.5692604611281977,2.462827132157546,13.721032195147927,9.341716461925392,5.333575303355794,3.712058260147623,8.937622313589815,,5.198742652969958,,26.660343675019305,
BO,4.451063,0.36339167,3.068741,0.10745674,3.068741,0.10745674,100.0,100.0,350.0,2.583673445692884,2.675529887640449,2.5242969163545568,556.4792282431578,319.70710367972276,518.0751759929913,72.29413407812348,55.4189279486705,48.89070036468955,0.00151539148815069,0.0025398008509250427,0.00322086185736748,15.753622769784515,19.81202511754088,35.24204006613385,,,,5.027375841174149,0.06160128000612561,11.94685722344975,0.1062678180303365,13.19717113697564,0.14443326714652377,18.16481937600621,2.316709230850664,1.6285834831622266,6.096007728474117,18.41335811133996,5.549927569469898,1.8227240536950382,,0.1245310725754273,,4.0227667333820225,
BO,4.7205563,0.113314755,3.104789,0.039772574,3.104789,0.039772574,100.0,100.0,350.0,2.6807649937578026,2.77937152309613,2.5160893508114857,524.7456290448881,331.4722704223336,540.198858135823,67.97857763330695,50.03026918408408,50.518899061596485,0.001803914017133573,0.003299401336193945,0.0031956809255661604,24.21874978592772,23.059852515421312,24.313867129854053,,,,8.974186738122059,0.0733298380948607,16.291695527034715,0.13805026511271737,12.829118870470209,0.14330407737964845,22.83152514045763,3.5615808508717235,1.9914678222564992,7.09533923551425,14.929313679397954,3.828955453520323,4.255524460131049,,9.611076451519287,,7.487019279992523,
BO,4.7373753,0.1107199,3.3164594,0.009391954,3.3164594,0.009391954,100.0,100.0,350.0,2.740246416978777,2.822856741573034,2.589264731585518,443.22005215331063,315.1019713890696,560.2377909721525,68.41931819947871,30.369189623722146,43.14854171820109,0.0019058602443283636,0.024523568347497512,0.006830196608379123,18.023150561268274,22.39659444658128,47.219425671711356,,,,11.392130771494994,0.0774739936718847,18.111160735273376,1.0260907258367158,16.110526080068073,0.3062868434250728,34.82058056568961,2.6504633178335695,3.04554726490166,6.891259829717317,11.773576224857868,7.436130027041159,3.634763099325761,,45.13244873762937,,8.194592088933856,
BO,4.3357,0.05360103,3.2641842,0.14342803,3.2641842,0.14342803,100.0,100.0,350.0,2.505017390761548,2.6028931835205995,2.441083882646692,566.4834819188276,258.2992066370264,377.56076914714214,68.72670638211358,44.41342755771353,44.543344486984495,0.0016807023259234684,0.004012943773282658,0.004897105832143212,16.82206423174255,22.016005019223524,46.039331981895195,,,,1.829975234209272,0.06832123276111661,8.907664582451856,0.1679055972084794,9.465644961735071,0.21960115839207225,16.693605600172415,2.473832975256258,20.523321034761118,6.774155390530316,40.541611157930376,7.2502885010858575,3.201821997023132,,19.758938468448907,,5.226926623437246,
BO,4.338,0.14630888,3.3833613,0.13423322,3.3833613,0.13423322,100.0,100.0,350.0,2.456324382022472,2.5237586392009987,2.3799862921348316,619.1821243563901,323.0996212272019,486.74404304583317,66.3111791963161,44.45262484591828,39.73165785957404,0.001460641177317827,0.030493793307342254,0.005182350321963055,16.906304689618864,15.587258509364617,53.350086880797136,,,,0.14941536494016805,0.059375657614545815,5.596595782468561,1.2758909333616004,6.72584269662922,0.2323923911194195,8.94380524170734,2.486221277885127,0.5847319300917206,4.7960795413429596,23.347394795931784,8.401588485164902,6.603972962935065,,19.68812132625424,,15.464557745587143,
BO,4.572176,0.20567292,3.458492,0.09656294,3.458492,0.09656294,100.0,100.0,350.0,2.4407681023720347,2.5050337702871412,2.3560771161048693,629.1111058374612,301.1455116747858,534.4099354759937,68.48376928066874,45.96903913545472,33.05541864071964,0.0014212534589252129,0.0029196981465839955,0.0057327181203817084,17.494722582868114,17.67036688981037,22.07532517731328,,,,0.7817844564213532,0.057774530850618414,4.813128463897118,0.12216310236753118,5.653682336541223,0.2570725614520945,7.483660906255706,2.572753321010017,7.339842561604375,5.4370359660954986,15.840955043150593,3.4764291617816188,3.5439869286355794,,16.94843877966627,,29.669322041022053,
BO,4.452213,0.12073773,3.5135865,0.06659673,3.5135865,0.06659673,100.0,100.0,350.0,2.4873258177278403,2.565482222222222,2.40813975031211,569.1967550247485,271.07809827696656,437.1776885407488,67.81759225680335,48.41534828139092,40.03478066484259,0.001512353831527311,0.002723516028143686,0.005697936024349341,17.015172347070028,20.656407911943518,30.264386433749603,,,,1.1108055986926981,0.06147779802956548,7.342352394235233,0.11395464552902451,7.988329610408522,0.2555128262040063,16.294594849301685,2.5022312275102983,16.591354376317984,6.355817819059543,31.153119914842705,4.766045107677103,4.482264427037533,,12.528729392247664,,14.819615606717887,
BO,4.656955,0.23805906,3.5775042,0.028356588,3.5775042,0.028356588,100.0,100.0,350.0,2.532205530586767,2.599424656679151,2.3614724719101123,545.4860137341944,335.2546821610862,548.0080295710538,68.23692023832673,53.26980447528089,44.79102406342079,0.0015613287608238532,0.0036035748102729156,0.006350502018110265,16.668521051657407,14.52912490394173,20.76362986953726,,,,2.9351841701937733,0.06346864881397778,8.762537936366146,0.15077718871434792,5.895626543054366,0.28477587525158143,19.781468568500816,2.4512530958319716,3.1552868187957475,4.470499970443609,13.699522902196245,3.2698629715806713,3.891661636159532,,3.7582574972341622,,4.699948801232357,
BO,4.769458,0.06669541,3.7389088,0.04134065,3.7389088,0.04134065,100.0,100.0,350.0,2.4356864794007493,2.422417066167291,2.315825268414482,570.8596915079204,272.7603383831433,670.0176947828465,66.79741833652636,35.68248317817484,32.6654841394195,0.0015477769832529559,0.0062190550131725345,0.018247656910110772,16.971545790794742,15.579761818891482,31.779034423874585,,,,0.988354495904497,0.06291776354686812,1.3563626011418786,0.26021150682730265,3.8486667450440364,0.8182805789287342,16.050045366482294,2.495815557469815,16.073742035955913,4.793772867351225,5.514597603597881,5.0045723502164705,5.919129103483996,,35.53300238812134,,30.49896991612873,
BO,4.202676,0.09062533,3.7679198,0.08407015,3.7679198,0.08407015,100.0,100.0,350.0,2.353947016229713,2.422638401997503,2.229579975031211,624.5542429813886,283.51528489531546,548.8281077512722,64.17038063409434,44.871291056671325,33.0907427028173,0.001504180245511245,0.0035219975785335178,0.007425813389749021,17.21143608586084,15.60716291280077,29.169446565317706,,,,4.31109690123118,0.06114553843541646,1.3656235145398654,0.14736391541981245,0.018835200394121135,0.3329961161322431,8.153787796854617,2.531093542038359,12.764527724518318,4.802203973169468,13.570376732083115,4.593613632333497,9.619182205500927,,18.931723474848557,,29.59416446209085,
BO,4.347369,0.3243235,3.2572477,0.0573268,3.2572477,0.0573268,100.0,100.0,350.0,2.610032147315855,2.7087399875156057,2.4986787515605493,514.5873568787761,290.4939528358053,346.4185306122936,69.1178150490734,56.50401033746934,47.543920845559015,0.001504360539654941,0.0026222998731731525,0.007998560710493515,15.457676209363106,19.156607514972507,27.26281997061439,,,,6.0988677770672775,0.061152867465648006,13.336401151280569,0.10971965996540385,12.048374509441674,0.35867985248849843,24.32538869429764,2.2731876778475155,10.617245281290671,5.894340773837694,45.44590069097739,4.293357475687306,2.65096471961493,,2.084932859023193,,1.1572783948064145,
BO,4.440769,0.28290814,3.2316427,0.13746715,3.2316427,0.13746715,100.0,100.0,350.0,2.4996402372034954,2.5811996129837707,2.43174202247191,615.9940574077679,283.78689657912327,533.0819156139128,68.86350291848541,50.495557161028856,41.28486797906984,0.001474483153062174,0.002660606974927183,0.00407664818257529,18.010174489695423,19.192312561312775,28.20386031016973,,,,1.611391756239651,0.05993833955537293,7.999983806852323,0.11132246757017503,9.04672746510807,0.18280933554149284,9.412638616504728,2.648555072014033,12.680954898731303,5.905326941942392,16.050092029305077,4.441552804751138,3.009150819034635,,8.770447766885539,,12.159855363681197,
BO,4.3264217,0.11982819,3.3912313,0.03181284,3.3912313,0.03181284,100.0,100.0,350.0,2.6576037328339575,2.768976367041198,2.4651391760299624,438.9608039742451,318.48660343602546,494.9920484511349,67.5167490400213,52.34872294435984,34.23625093433587,0.001504602579930353,0.003039798045941925,0.007318185452707837,16.287601497830877,14.788867824600363,26.92460496940001,,,,8.032672066421037,0.061162706501233864,15.856751759045942,0.12718820275907636,10.54435766950504,0.3281697512425039,35.44694059202278,2.395235514386894,2.0041220196844733,4.550420869107804,22.04849630690789,4.240095270771655,4.90598726757564,,5.422361437470928,,27.15691290566836,
BO,4.358798,0.36751038,3.40928,0.06286112,3.40928,0.06286112,100.0,100.0,350.0,2.5350772284644196,2.60253443196005,2.4640066791510615,575.0540897963054,250.3821641373038,430.2738281302882,69.32112281553245,53.67566195004876,45.18547646348335,0.0015166215114486446,0.010452788310215467,0.0042971700522759495,17.555891552079288,18.20665337014248,45.44966674661692,,,,3.0519198562772223,0.061651280953196934,8.892654056905846,0.4373551594232412,10.493573056101415,0.19269820862223988,15.43322208877861,2.581748757658719,22.959334111598835,5.602047190813071,32.24034202672626,7.157427834112901,2.3646157527712006,,3.0250009935885065,,3.8606883755673462,
BO,4.707752,0.048688717,3.412177,0.026476575,3.412177,0.026476575,100.0,100.0,350.0,2.6515385018726594,2.7504418851435704,2.479721448189763,435.7901075320719,340.65362150186445,484.85164353726935,63.58548475686607,47.971747678287684,44.78335876223004,0.0016648897869856155,0.002568956707846894,0.0073318357626262235,16.138983951419945,40.34820755688991,27.071645512082796,,,,7.786117962303228,0.06767844662543153,15.081250424417163,0.10748772836179472,11.198271219271891,0.3287818727635078,35.913219480577666,2.3733799928558743,4.8164989236506,12.414833094427665,23.645410466571754,4.263251261745322,10.442979215681587,,13.330175829651882,,4.7162579527020485,
BO,4.216014,0.28872895,3.5731966,0.114118196,3.5731966,0.114118196,100.0,100.0,350.0,2.4014113108614232,2.497270711610487,2.31083290886392,665.1027951810684,290.0698881423819,502.12972328655655,66.77477729748179,43.59484496093733,33.01268468206458,0.0013634409244607604,0.006048193397038277,0.0059938662525062985,17.644899029290432,23.583788883240985,21.18866470080189,,,,2.3816540300234443,0.055424427823608145,4.4883142933258044,0.25306248523172703,3.6247941194583024,0.26878324002270393,2.1907654145487707,2.5948380925427106,10.747726725420955,7.256550425612611,20.924453025739126,3.336797590677463,5.951017890870718,,21.23785914916472,,29.760245357309405,
BO,4.8,0.04,3.4298804,0.16,3.4298804,0.16,100.0,100.0,350.0,2.3913261173533082,2.467727915106117,2.30337240948814,642.2327864022292,292.2497909466409,509.35954173774735,63.333119184523675,44.60163833947014,34.713322932537416,0.0014635982308034534,0.005646700299536364,0.00514079870371423,16.714991196852075,15.0409069889414,21.954425581393657,,,,2.7916212458004765,0.05949586304079079,3.2522140211764428,0.23626361085926206,3.2902425779434905,0.23052908985265605,5.554001999672179,2.45808694071354,10.076987401033561,4.627971381212738,19.785898938937425,3.457389855337584,10.798423683769473,,19.4189009223665,,26.14186610098422,
BO,4.66272,0.19291879,3.537951,0.12879516,3.537951,0.12879516,100.0,100.0,350.0,2.361960961298377,2.4226624094881397,2.239236129837703,681.7970099036494,294.90895694781756,584.4853834581235,67.3349076117664,44.28125481940348,35.33548268385694,0.0012929138408070049,0.004556523407391842,0.005454624116574951,17.638021064360938,21.440271402814226,21.59886399447088,,,,3.9853267764887312,0.052557473203536785,1.3666280120560497,0.19064951495363358,0.41417622590595665,0.24460197832174668,0.2642661623013797,2.5938266271119024,9.258782477594597,6.597006585481299,7.955057723130162,3.4013959046410833,5.162101955258596,,19.99773293694042,,24.81812194924056,
BO,4.3299417,0.1664417,3.6664648,0.0167082,3.6664648,0.0167082,100.0,100.0,350.0,2.626170649188514,2.7186305617977533,2.5391503620474403,459.379255277524,332.2056219686361,477.819933859951,69.00592295476326,52.94443609263295,32.846050016276365,0.0015564329661207645,0.0027054045093088666,0.0026827040451301706,15.854643098855444,21.044529507969123,24.74767991295015,,,,6.754904438557488,0.06326963276913677,13.750232711203061,0.1131968413936764,13.863244934862792,0.12030062982646504,32.44422716507,2.331565161596389,2.217114451888025,6.475239848605884,24.752766321267558,3.8972724272362447,2.80855921864329,,4.346095586932345,,30.11478719941199,
BO,4.239229,0.30488354,3.7139,0.07910521,3.7139,0.07910521,100.0,100.0,350.0,2.3864161548064917,2.4648150811485645,2.2869722721598005,655.0765388639359,291.25096088360084,572.4168733846055,65.17192380797219,43.684275628410134,37.56579070359434,0.001414114633261744,0.00400156978880248,0.0062914458855525815,17.001963166719204,19.5595295103592,23.246857447595342,,,,2.9912132192483027,0.057484334685436754,3.130338123370895,0.16742969827625437,2.5548104107533853,0.2821276181862144,3.665214872950608,2.500288700988118,10.384319728122819,6.018316772418216,9.855610490613302,3.66092243269218,8.208558016940575,,21.076286127533635,,20.072785737033325,
BO,4.3039117,0.2965177,3.1128864,0.023184594,3.1128864,0.023184594,100.0,100.0,350.0,2.778546004993758,2.8755879650436955,2.6004274032459427,313.7472453524066,172.19917903578053,376.92958537925347,60.640385003138334,60.68048840287044,39.48036847393807,0.004750095027467887,0.014910911783951266,0.007534924717503121,17.92550140120983,27.15343947921248,34.46670963135688,,,,12.94902459324219,0.1930932937995076,20.317488077142066,0.6238875223410572,16.611094315961555,0.3378890007848933,53.86069921288138,2.6361031472367396,47.01563721975984,8.354904455142302,40.64101017649551,5.427828288402658,14.59100703783333,,9.63051201963945,,15.999216012897719,
BO,4.431342,0.058099616,3.1469862,0.012023381,3.1469862,0.012023381,100.0,100.0,350.0,2.886199413233458,2.891788963795256,2.726091847690387,220.9192589372126,81.1304099542347,379.04543315603274,65.61188004679111,44.041936641491255,49.124025374091104,0.010564895126326376,0.04221482587669807,0.004714949822826619,27.865541919573882,56.95296449102175,34.52844839497283,,,,17.325179399734072,0.4294672815579828,20.995354133692718,1.7663107061379946,22.246271196878343,0.2114327274810143,67.51187368570403,4.0978738117020415,75.03679693715856,17.52398907416054,40.30780580219957,5.437550928342178,7.588901342547727,,20.430105435426825,,4.519202923598095,
BO,4.6683927,0.110405244,3.1436846,0.088301,3.1436846,0.088301,100.0,100.0,350.0,2.57750327091136,2.5984761672908863,2.4211282646691634,521.9663480144976,318.1273750800266,396.03326051567836,65.39931319619956,28.686853769686728,33.64647225641136,0.0015151057843481729,0.005567043395463945,0.014098844601947455,15.675684327607044,21.118060474917158,19.415496912071443,,,,4.776555728104071,0.06158966603041354,8.722852187903186,0.23293068600267552,8.570774200410918,0.632235183943832,23.240242939044467,2.30524769523633,2.1146538215302826,6.497864761512971,37.63255739910577,3.0575585688301485,7.88829127295837,,48.171899241758396,,28.41176115657158,
BO,4.475465,0.21661928,3.5271573,0.07989297,3.5271573,0.07989297,100.0,100.0,350.0,2.447529825218477,2.514871448189763,2.3620310986267166,617.8573337319057,289.310251594422,507.7435730764507,67.66269524035997,45.21851021582066,36.58906151030589,0.001429119823322469,0.0036236762962666615,0.005096608704963585,17.658679099246548,15.457132279322698,52.28771014589268,,,,0.5069176740456509,0.058094301761075974,5.2247467861825445,0.15161825507391888,5.920677068462627,0.22854747555890514,9.138627392366812,2.59686457341861,10.981461047870146,4.756040701330061,20.040382192684934,8.234285062345304,4.700429238929625,,18.304407920829888,,22.15093295679598,
BO,4.6051188,0.094560154,3.4869766,0.04411859,3.4869766,0.04411859,100.0,100.0,350.0,2.544022097378277,2.5459918851435708,2.4699277403245943,521.8308580642527,257.4090212475217,552.6382462627428,66.33610859800962,27.432280997580825,42.79865525298182,0.0015840315954884301,0.00581986411497653,0.004576219811425628,16.3255579458164,20.23539185486445,20.428946480889245,,,,3.4155324137510994,0.0643915282718874,6.526857118977851,0.2435089587856289,10.759091494376426,0.20521165073657527,23.26016793172755,2.400817344973,20.797224231531782,6.226274416881369,12.97035491925311,3.2171569261242903,6.5688611295639205,,50.438516716204475,,8.939031376634432,
BO,4.333149,0.10606298,3.6344647,0.112882,3.6344647,0.112882,100.0,100.0,350.0,2.36866581772784,2.439061972534332,2.267012983770287,645.8817507883892,237.73119283879018,561.6579544499826,63.53455404206704,47.24539289629903,30.59659087125197,0.0013792041588304995,0.00373007430948027,0.006288600437377641,17.19750243956678,19.052936759044346,25.67051693354252,,,,3.712771637079668,0.05606520970855689,2.0528021980891946,0.15607005478996944,1.6597750569635352,0.28200001961334714,5.017389589942759,2.529044476406879,26.851940664987637,5.862442079705953,11.5499284330736,4.04260109189646,10.514712616806982,,14.642469925385674,,34.90087048669794,
BO,4.8,0.039999995,3.481866,0.15776928,3.481866,0.15776928,100.0,100.0,350.0,2.370283033707865,2.4366061298377026,2.2415740324594253,648.811576207916,292.88325948662714,548.09902139162,64.66695605704658,45.428148997011334,36.962286975503616,0.001408835746321184,0.003402437325377369,0.00715869196110192,16.99777600715753,17.758845366863316,23.12642171901269,,,,3.647031150086784,0.05726974578541398,1.9500472735440382,0.14236139436725395,0.51901490849441,0.3210175767310278,4.586532910600588,2.4996729422290485,9.882074004114726,5.46426011288102,13.685193481634645,3.6419561762224713,8.919780201342851,,17.925656735300212,,21.35683622233273,
BO,4.7633677,0.044449586,3.531367,0.106569394,3.531367,0.106569394,100.0,100.0,350.0,2.402559413233458,2.4739486142322096,2.3097254182272158,616.8567925609659,310.867457621768,512.4279241423942,65.28286100958209,39.36212164771095,37.230766655309964,0.001460377358861286,0.004469213767794868,0.005678361436727801,17.291618388024947,12.03422992492645,21.403711997362283,,,,2.3349832018919585,0.059364933287044154,3.5124943193393072,0.18699639195794426,3.5751308622069864,0.254635042005731,9.285765799857954,2.542885057062492,4.3484745779175435,3.702839976900446,19.302689111433985,3.3706633066712257,8.052308437208321,,28.885055740359622,,20.78560286104263,
BO,4.8,0.039999995,3.557682,0.16,3.557682,0.16,100.0,100.0,350.0,2.3351367166042447,2.3952679650436957,2.2120778277153557,659.4909635671921,290.5325041715878,588.4210676460864,64.10284331889919,46.434917364875965,32.65547415317505,0.0013636030693850887,0.00350895439964337,0.00602299620415628,16.528709140280466,17.38332535851302,21.66464832361506,,,,5.075743227469726,0.055431019080694664,0.22041694743495951,0.1468181757172958,0.8036848558136468,0.27008951588144753,3.01603476953057,2.4306925206294805,10.605383331819143,5.348715494927084,7.335264937624191,3.411755641514183,9.714305184649028,,16.106743694894377,,30.52026775920202,
BO,4.4886913,0.062736474,3.797571,0.088424705,3.797571,0.088424705,100.0,100.0,350.0,2.321133208489388,2.3735693383270915,2.1899642571785267,628.7023199192499,270.1239527167333,570.7329488066799,64.19360517761173,44.26426293432961,31.098931583184694,0.0014156270051563088,0.0034228343425648958,0.004344999393414985,17.141711995051597,21.406583263308143,32.117856716705695,,,,5.644991524821621,0.057545813217736136,0.6874753838037083,0.1432148260487404,1.7953247902005949,0.1948430221262325,7.543776482463246,2.520839999272294,16.884937625620523,6.586641004094814,10.120795463514973,5.057930191607197,9.58647158082855,,20.028431916297006,,33.83206046130916,
BO,4.200656,0.250501,3.0993748,0.08800423,3.0993748,0.08800423,100.0,100.0,350.0,2.640182034956305,2.753557103620474,2.4972802372034955,483.10041887193535,212.52212391428256,268.56178247998946,68.91673099444415,58.903265006435404,33.62415575098487,0.001535558034975077,0.0028658471436033405,0.00603986711928865,16.077003510759887,30.48015409820883,29.992512923322863,,,,7.324472965703465,0.062421058332320215,15.211594293743667,0.1199099223264996,11.985660861143295,0.270846059160926,28.955820754127153,2.364265222170572,34.60857725714383,9.378508953295023,57.70680590866307,4.7232303816256485,2.9341816979659843,,6.419629641256373,,28.459243083010918,
BO,4.714875,0.04414414,3.0674858,0.054045573,3.0674858,0.054045573,100.0,100.0,350.0,2.694740961298377,2.817560424469413,2.5097786017478154,415.2199538058678,345.2797817938619,394.0418066201683,64.2819446507827,55.54696374810628,39.827718386792995,0.0015785912864799147,0.003380342522526454,0.011056000782038998,16.23190982993659,32.223688998737614,27.015582359443883,,,,9.542315499934018,0.06417037749918353,17.889557509180445,0.1414369256287219,12.546125638915491,0.49578478843224205,38.93824208737238,2.387045563225969,6.239932859649816,9.914981230380805,37.946172185800265,4.25442241881006,9.462049787629994,,0.3558513967593091,,15.260173645121288,
BO,4.526005,0.1500341,3.1060193,0.10415622,3.1060193,0.10415622,100.0,100.0,350.0,2.5828169288389518,2.618283196004994,2.422242484394507,526.4375163721347,321.11335126848985,407.43948835097024,67.01079207577038,49.74889039904356,32.98915324110722,0.001496004029466429,0.021053808682107475,0.008696828197398681,15.467126377891024,20.974557285087748,23.812905174443788,,,,4.992558082884219,0.06081317192952963,9.551598159204762,0.8809124971593085,8.620739210516009,0.38999229584747447,22.582718180568424,2.274577408513386,1.1958919173877383,6.453709933873154,35.836301047091304,3.750063806999022,5.61860271018256,,10.119439206786705,,29.810312252963367,
BO,4.722143,0.0655282,3.313498,0.0056964406,3.313498,0.0056964406,100.0,100.0,350.0,2.8253639575530585,2.7706201622971283,2.6733320848938824,369.8678775586459,192.65942432722315,425.48927088221564,72.50530191579043,38.16754042148419,45.21611352522815,0.002225928782148256,0.06950912673058572,0.004916474526811257,30.18875067172564,51.710902159278575,26.256986837597957,,,,14.852193396465792,0.09048490984342505,15.925529803227116,2.9083316623676034,19.880362551295175,0.22046970972247787,45.607665064905014,4.439522157606712,40.72017713008518,15.911046818239562,32.9938156090999,4.13495855710204,2.120143543366797,,31.043287404725945,,3.7955031378124415,
BO,4.587258,0.35613623,3.4497364,0.050448015,3.4497364,0.050448015,100.0,100.0,350.0,2.510101323345818,2.578241410736579,2.384544019975031,589.9857771320958,312.69338907035655,593.8241389149164,68.23298163656759,48.76669805703973,34.627540783304575,0.001450289883632503,0.0027883062748440255,0.004106086161979623,17.61997476600066,15.83413420342755,57.32592430505299,,,,2.0366391603990994,0.05895487331839443,7.876209654250169,0.11666553451230233,6.930225110987936,0.184129424304019,13.237385715868266,2.5911727597059793,3.7866495168133705,4.872041293362323,6.484387572454114,9.027704614968975,3.897208962580864,,11.893951116459384,,26.324381312117925,
BO,4.2022824,0.11881792,3.613416,0.1379967,3.613416,0.1379967,100.0,100.0,350.0,2.35666304619226,2.432219063670412,2.254833970037453,661.5661600699015,251.45984920533112,572.1922733211873,64.00092395215162,52.15961839532258,32.148101153271114,0.0014812512309239161,0.00248171412479179,0.0058785084178812844,16.921310756815124,15.367972163610968,22.36650151918359,,,,4.200689179176423,0.06021346467170391,1.7664880196825037,0.1038374110791544,1.1136309433835487,0.2636102429543177,2.7108588132497857,2.488428052472812,22.627738706051964,4.728606819572605,9.890980579340589,3.5222837038084394,9.85785358851884,,5.7640137392545965,,31.599784780274227,
BO,4.2830987,0.35517126,3.6635525,0.05888178,3.6635525,0.05888178,100.0,100.0,350.0,2.445939538077403,2.5182290012484394,2.3581847940074905,622.5369481668287,315.7485824298768,479.8827990576585,68.79443215905262,45.445394556625594,41.98860245083898,0.0013702238544707952,0.004299868893495291,0.005035217049816634,17.349397574872977,14.853882849818573,22.3109961100278,,,,0.5715634927884878,0.05570015668580468,5.365230177758965,0.1799108323638197,5.748197040694642,0.2257944865388625,8.450448798995785,2.55138199630485,2.8465900215763633,4.570425492251869,24.427905660211266,3.5135426944925667,3.1064335787991286,,17.894499446024223,,10.662547976938335,
BO,4.558476,0.041883618,3.6856318,0.14219059,3.6856318,0.14219059,100.0,100.0,350.0,2.3055323470661673,2.362887378277154,2.1910906866416977,650.8149746173127,277.5555988524834,559.687232868004,62.99705860914766,43.01107315231816,34.552958368513345,0.0013468368440143368,0.004178532950447744,0.004442756453254418,17.587544560478808,12.969825692570378,24.8080216760265,,,,6.279172883489133,0.054749465203834835,1.1344193189475456,0.1748340146630855,1.744812258219833,0.19922674678270935,4.291915497454013,2.586403611835119,14.598277276158955,3.9907155977139626,11.860278288503306,3.9067750670907877,11.271748437820202,,22.292550763652827,,26.483067301035433,
BO,4.7413616,0.29627457,3.6754668,0.14650989,3.6754668,0.14650989,100.0,100.0,350.0,2.272461048689139,2.314153670411985,2.145825443196005,711.3836145059577,244.7370219476639,677.4318004655554,65.3321069117663,50.835421859722885,34.19803378613496,0.0012072726075234165,0.002303157997453916,0.008695293875688261,17.378263939546372,15.564643662614214,26.095731568232097,,,,7.623534606132568,0.04907612225704945,3.173486593640793,0.09636644340811364,3.7746438028697256,0.3899234921833301,4.615237427346716,2.5556270499332903,24.696300939180343,4.78912112695822,6.682173301662267,4.109564026493243,7.982948011596757,,8.156419404294699,,27.2382259869469,
BO,4.7767377,0.37402046,3.788482,0.06514908,3.788482,0.06514908,100.0,100.0,350.0,2.3152104119850185,2.331570536828964,2.1730793508114856,670.4644915022097,324.05113828725564,662.1163797318467,67.3007192817137,47.52752881706784,34.915714653235895,0.0012469668019062,0.006406265514045943,0.004802746514030017,17.067671003540287,14.279387832331096,26.425268036830644,,,,5.8857556103650985,0.05068970739456098,2.44474741301406,0.26804458217765453,2.5524954793055765,0.21536979883542673,1.4022806614397443,2.5099516181676895,0.2919574500751878,4.393657794563414,4.270296020763256,4.161459533359157,5.21025453279761,,14.13273926455675,,25.71124541864703,
NSGA2,4.691856959232993,0.3347900071006947,3.476439168201431,0.08016851305053249,3.476439168201431,0.08016851305053249,100.0,100.0,350.0,2.428355081148564,2.42190759051186,2.3393093882646694,650.4270333068359,326.4369402711868,572.1922733211873,65.09307693533859,44.16784965214649,31.65211874476082,0.0014177367614111945,0.004222365694975966,0.004706372063523258,17.34097223326772,15.512683117784526,23.022737195744174,,,,1.2863788150990176,0.05763157566712172,1.335045628111287,0.17666802071029147,4.901766289895489,0.21104807459745553,4.348965690171186,2.550142975480547,0.44213546805748105,4.773133267010624,9.890980579340589,3.6256279048416022,8.319609950227342,,20.20262032132523,,32.655066500508894,
NSGA2,4.512338674828952,0.2235167725300972,3.4764392914194384,0.12745151490493906,3.4764392914194384,0.12745151490493906,100.0,100.0,350.0,2.404159013732834,2.4670687390761548,2.315308027465668,669.0597965481129,301.50999703114377,547.4885699372427,64.60737786510579,47.50994354391595,34.93086233000603,0.0013844765801779265,0.010958098718896612,0.00550470863027688,17.362487889272693,20.84791020260159,25.26832933223385,,,,2.2699587913482135,0.05627953577959051,3.2246334341487293,0.4584978543471385,3.8254720836622376,0.24684792064021882,1.6088534488069266,2.553307042540102,7.2276932211865335,6.414741600800489,13.78132756893816,3.9792644617691106,9.003693147738327,,14.16451030909494,,25.679016319136107,
NSGA2,4.5123381366315884,0.3347888141493061,3.476439046223811,0.08016775241881302,3.476439046223811,0.08016775241881302,100.0,100.0,350.0,2.457069213483146,2.504775617977528,2.373760861423221,634.2550918112281,312.41126338587657,432.51406978833666,67.47222003038718,48.30374911309705,39.48682087922417,0.001393721817873985,0.023502207234616847,0.004903255258705435,17.019671140880522,16.6151182560057,22.17157350177029,,,,0.11913766328674663,0.05665535845016199,4.802327112030446,0.9833559512391985,6.446675400144444,0.219876917430737,6.727192380701748,2.502892814835371,3.873457419730287,5.112344078770985,31.887548064828877,3.491586378231542,4.968704182553272,,12.730353905877061,,15.985487491012405,
NSGA2,4.512360144161016,0.22350598528339374,3.476439415070587,0.1274879317891213,3.476439415070587,0.1274879317891213,100.0,100.0,350.0,2.403967865168539,2.4761604619225963,2.3161288514357055,667.4431814154243,356.5043536690214,549.2680935165058,65.81987699725951,44.64772914097897,34.093456309656034,0.0014008943792441135,0.009357277724389766,0.005248303623948505,16.90636351024925,17.65915291899107,23.29563291717655,,,,2.277729058189461,0.056946925985533074,3.6050402478073718,0.3915178964179818,3.8622803334397076,0.23534993829365491,1.846590968319955,2.486229927977831,9.69364728277581,5.433585513535713,13.501087635195935,3.668603609004181,7.2959478911837845,,19.335629374925084,,27.460731256050988,
NSGA2,4.691856959232993,0.3347900071006947,3.476439168201431,0.08016860911976315,3.476439168201431,0.08016860911976315,100.0,100.0,350.0,2.4284636204744072,2.4510943196004993,2.338959188514357,650.0854133468425,309.50326603567413,510.0575296271023,67.89766514582419,47.833840339493264,38.312400441321444,0.001401791042124424,0.02692500007089559,0.005267980492149518,17.575498193549837,14.38812460050166,32.433346171739025,,,,1.2819666473818188,0.056983375696114794,2.5562476820292535,1.1265690406232465,4.886062265217805,0.23623230906500084,4.399203919581981,2.584632087286741,4.768225835177191,4.427115261692818,19.6759795862831,5.107613570352602,4.369485710106773,,13.579330913291304,,18.48425438016714,
NSGA2,4.512338684990745,0.33478619506729124,3.4764413815076383,0.12749208130787887,3.4764413815076383,0.12749208130787887,100.0,100.0,350.0,2.3997285143570535,2.462662883895131,2.3101198626716606,690.3791981187533,265.23581857487363,575.5854619713816,68.15060541468543,46.14657032009737,34.99159407298532,0.001342567471342179,0.0059864119928178085,0.0055417567256347,17.59579366118398,13.435014430461028,20.670542335590742,,,,2.4500603919896946,0.05457591346919427,3.0402880290849827,0.25047748923923885,3.5928189538861255,0.2485092702078341,1.5263526645225391,2.587616714879997,18.388978900038882,4.133850593988009,9.356620161987147,3.255203517415865,4.013231810302211,,16.627695898649744,,25.54979984471208,
NSGA2,4.512360144161016,0.22350598528339374,3.476439413776923,0.1274879317891213,3.476439413776923,0.1274879317891213,100.0,100.0,350.0,2.404071086142322,2.459880299625468,2.315228714107366,667.208100561601,294.60317476184446,535.5697932392967,68.19402922891443,48.3780705581665,40.898219756540456,0.0014371022732638818,0.004350072460328952,0.0056237147615622535,17.815647081345396,14.086203379047149,31.208038370629303,,,,2.273533083645454,0.05841879159609276,2.9238619090153946,0.18201140001376367,3.8219154308235868,0.25218451845570644,1.8811616821175021,2.619948100197852,9.352869304047859,4.3342164243222,15.65830027727611,4.9146517119101265,3.952071508571224,,12.596078485697385,,12.982511156296901,
NSGA2,4.512338121812684,0.22350216286364533,3.476439873737424,0.08017221242605886,3.476439873737424,0.08017221242605886,100.0,100.0,350.0,2.4635495131086143,2.5209969413233457,2.381331722846442,610.6219387827693,291.42093722765475,511.236967908774,66.73087142390617,49.46782829890755,42.0839262547468,0.0014601963524267757,0.008334136593421224,0.0050771052311420406,17.2694991990695,21.660665311231437,19.813069921877066,,,,0.1442891507566784,0.05935757530190146,5.48104357001446,0.34870864407620183,6.786175912396509,0.2276728803202709,10.202656061357448,2.5396322351572795,10.33201931456777,6.6648200957635195,19.49024127420882,3.1201684916341836,6.012857149427935,,10.627229812271821,,10.45973137287915,
NSGA2,4.513268420392195,0.22350598528339374,3.476439413776923,0.1274879317891213,3.476439413776923,0.1274879317891213,100.0,100.0,350.0,2.4039609488139826,2.4600392883895132,2.3149749188514357,666.912801952111,298.2173624899809,525.6943012207498,63.38007100176772,47.39125435516568,33.23069024837052,0.0013701024044306853,0.005056760115724055,0.005079255754995676,17.851740994678135,12.504100197688624,22.27193847246112,,,,2.2780102108137146,0.05569521969230428,2.9305141585570342,0.2115799211600023,3.810534477642857,0.22776931636751913,1.9245879482189774,2.6252560286291375,8.24081154154433,3.8474154454426537,17.21349587074806,3.507391885426948,10.73229436370744,,14.37894425444322,,29.29640372687123,
NSGA2,4.639648329841389,0.33479109999197193,3.476439152277678,0.08017722579063749,3.476439152277678,0.08017722579063749,100.0,100.0,350.0,2.4373678651685395,2.4913341822721597,2.347107228464419,647.1196888806695,320.1986332107502,506.91197694424346,66.25166244063477,46.95999553943608,27.003054244414496,0.0013964961732127084,0.0043009468854817694,0.00897935851322292,17.016889144998597,16.87105660870071,23.629140973104914,,,,0.9200054809536758,0.056768137122467824,4.239923944441825,0.17995593663103637,5.251445222619696,0.40266181673645385,4.835339870489777,2.5024836977939113,1.4773436274614806,5.19109434113868,20.171342213504964,3.7211245626936873,6.687799379387641,,15.158092973015215,,42.54669309699044,
BO,4.223098,0.2727621,3.087603,0.016465962,3.087603,0.016465962,100.0,100.0,350.0,2.82573013732834,2.9601364044943823,2.6498477528089888,569.6715488674295,257.8558662757117,407.52702478592767,65.99456625781036,49.78313882417028,43.633354281966206,0.0022523664457892623,0.0038230641906957024,0.012139939628919924,19.143754998011545,30.718138328584196,24.812245561126794,,,,14.86707875318455,0.09155961161744969,23.855079685957413,0.15996084479898337,18.827253489192323,0.544391911610759,16.224772225378018,2.8152580879428744,20.65973345362716,9.451734870333599,35.822515781743675,3.9074402458467388,7.049906679140335,,10.057563099963364,,7.163075995816584,
BO,4.414129,0.31139088,3.1731503,0.056238357,3.1731503,0.056238357,100.0,100.0,350.0,2.6341886142322095,2.7380402372034953,2.5098616354556804,498.4663688687464,294.6496115981196,395.9077148392264,68.55752102619726,52.86310371968125,35.46831088554356,0.00146161894905861,0.002708708191862706,0.006985788713305129,15.367646326251911,23.92048161530233,26.80849732741329,,,,7.080837976919087,0.05941540443327682,14.562353021066745,0.11333507078923455,12.549849123573114,0.3132640678612165,26.69612222518436,2.2599479891546927,9.338581046732438,7.360148189323794,37.65232837177537,4.22181060274225,3.4401112307080783,,4.493037543484649,,24.535508754162638,
BO,4.574314,0.28042975,3.1557944,0.060982123,3.1557944,0.060982123,100.0,100.0,350.0,2.602885593008739,2.667803670411985,2.431113008739076,523.9095286682275,244.2051887474316,461.57155901672326,69.65306244362031,58.79757987211425,42.07720410853991,0.0014870487312630646,0.035897109981323505,0.007925899936989715,16.07635912191261,14.780160350941234,48.63235843836388,,,,5.80835743937964,0.06044913541719774,11.62358453606632,1.5019711289256694,9.018520571259014,0.3554215218381038,22.954481078201837,2.3641704591047956,24.8599419238672,4.547741646443457,27.311565509177438,7.658639124151792,1.8970951498305435,,6.2286899225189645,,10.474033811617213,
BO,4.3938246,0.37200645,3.243462,0.083611295,3.243462,0.083611295,100.0,100.0,350.0,2.558492983770287,2.628967702871411,2.4934697253433207,566.76835822444,245.21453281112844,437.8342118030007,69.95761274395556,57.09452155602878,45.98694467042521,0.0014259622053148077,0.011652139405130902,0.0038131719964446245,16.8784486383907,20.02705646981171,29.875373456970962,,,,4.003779828060457,0.05796594330547999,9.998648655707573,0.48753721360380337,11.814785889835008,0.17099425993025222,16.651712025817645,2.4821247997633384,24.549374519652787,6.162171221480527,31.049730424724302,4.70478322157023,1.4681510648513172,,3.1518004625632865,,2.155436871435724,
BO,4.332112,0.22044979,3.312898,0.06484735,3.312898,0.06484735,100.0,100.0,350.0,2.5802910861423216,2.584260449438202,2.518386379525593,522.7700234457773,270.5436365765548,308.54980812732543,66.74290665819967,41.49145047267812,39.48222053907581,0.00162425696668361,0.004623765110573073,0.0037957317642030816,16.539154013513958,16.20042220377964,24.658490512227946,,,,4.88988155050088,0.06602670596274839,8.12805227774904,0.1934629753377855,12.932124642403283,0.17021218673556418,23.12205537562099,2.432228531399111,16.75580413029084,4.9847452934706595,51.40947903506686,3.8832268523193614,5.99590611521173,,25.03802985966013,,15.995275448774871,
BO,4.517791,0.08756159,3.421355,0.15378083,3.421355,0.15378083,100.0,100.0,350.0,2.411990149812734,2.499977578027466,2.3260132334581773,642.0602393715693,277.4127836768134,539.8498641911355,64.36001368539694,45.38709105119776,41.57430838566624,0.001429513895535157,0.005379545973101879,0.0057081192749170225,18.405969985056046,14.19868683493052,21.33565171966333,,,,1.9516199263116216,0.058110320956713694,4.601572302404421,0.22508560556911628,4.305526164043828,0.2559694742115257,5.579376563004513,2.706760291920007,14.642220407134346,4.36882671844016,14.9842733557267,3.3599451527028865,9.352093400849386,,17.999835499191047,,11.544024711348419,
BO,4.5032706,0.38169628,3.5373547,0.13090958,3.5373547,0.13090958,100.0,100.0,350.0,2.3710513358302125,2.4107782272159803,2.2761807990012484,715.8918399440302,305.13995576026537,576.3145483310337,69.80529862691883,37.615572854835044,35.17878980507255,0.0013403797366146185,0.004453973714932358,0.005283149308016857,17.556632740544558,17.03269446400453,20.56873354543364,,,,3.6157993564954234,0.05448698116319588,0.8693818918820174,0.18635873284235807,2.0708878475896135,0.23691252502317744,5.278211756475023,2.581857755962435,6.110782842995272,5.240829065847547,9.241803412435633,3.2391706370761644,1.6826779902551736,,32.04051878078583,,25.151511053037133,
BO,4.309126,0.105348095,3.5810592,0.14730291,3.5810592,0.14730291,100.0,100.0,350.0,2.3577517103620473,2.4317771036204743,2.2571841697877653,666.0570150015046,265.355853415777,554.5755657839983,64.05020585507924,52.345047180987095,35.35428698539566,0.0014267466299259317,0.002504592302251886,0.005737056417810107,17.09980152805394,19.648263481757645,21.23489844751904,,,,4.156434538128155,0.057997830484793976,1.7479959673838557,0.10479465699798686,1.2190210667159318,0.25726710393767294,2.050438970366967,2.51467669530205,18.352045102837845,6.045619532848506,12.665265230866412,3.34407849567229,9.788442457634872,,5.4290023830404825,,24.77811279703051,
BO,4.462603,0.15337266,3.5755336,0.12199899,3.5755336,0.12199899,100.0,100.0,350.0,2.3747886267166045,2.44286177278402,2.2762251186017477,664.0269818155504,304.78072740425114,542.6256906157552,65.02784145131487,52.71997401154638,33.067585514283216,0.0013244501167410366,0.0027261341865925017,0.006432640613866596,17.854401844191454,28.84184286043519,21.507274989743387,,,,3.4638769627396524,0.053839435639879536,2.2117896562351436,0.11406419190763604,2.0728752736209737,0.28845922035276217,2.348973262419065,2.625647330028155,6.221314644845804,8.874413187826212,14.547135336101551,3.3869724393296674,8.411490913641027,,4.7516278020842355,,29.643435075993157,
BO,4.3724613,0.34694937,3.7996035,0.09953286,3.7996035,0.09953286,100.0,100.0,350.0,2.306007265917603,2.363963995006242,2.1821326841448188,695.960920854786,336.5750654110998,645.9923987698882,64.1572241251718,52.65462171777625,37.00742323325102,0.001218651156176132,0.0022983666526416205,0.006164538175026637,16.934531280637763,14.65098144949582,26.186993010924883,,,,6.25986723912182,0.04953866488520862,1.089372593881098,0.09616596872977491,2.1465164060619384,0.2764366894630779,2.3471942433508777,2.4903722471526124,3.5615585880307035,4.50799429215256,1.7310864204548275,4.123935907232266,9.637712499758036,,4.869698793538843,,21.26080163138081,
NSGA2,4.517210662899055,0.228222663582779,3.4764395794148406,0.08217523113169445,3.4764395794148406,0.08217523113169445,100.0,100.0,350.0,2.4593490761548065,2.4595777278401996,2.377034556803995,616.3854728195506,327.7546950210209,590.306556383473,69.44968528127238,42.086038618082625,33.32081018229426,0.0014511196178961995,0.003720986271250741,0.00491794304913973,17.319176071714722,14.368089447831775,58.96626040735988,,,,0.026460318910304724,0.058988602353504054,2.911202001681985,0.15568980214438244,6.59347788358722,0.22053556274169192,9.355077526536675,2.546937657605106,0.8475984680064287,4.420950599332853,7.03833757740583,9.286025261001557,2.1835418573628447,,23.963796534629406,,29.104659186607957,
NSGA2,4.516472561123612,0.33702201094738327,3.695909667136789,0.12844773088767736,3.695909667136789,0.12844773088767736,100.0,100.0,350.0,2.3054221598002496,2.3602745443196005,2.1897910237203497,716.3944265970171,324.69161616100797,649.9730029705227,66.43472362626613,51.945024185387574,36.80762080791831,0.0012405449223756347,0.0021921125252472337,0.005372055630825752,16.73681686871875,25.964046825349122,22.092022732778652,,,,6.28365204064026,0.050428655381123365,1.2437429154978927,0.09172018934088844,1.8030931067107738,0.24089935564241038,5.352121558384861,2.4612965983409927,0.0948873350744704,7.988937484722808,2.3579532237043552,3.479058698075378,6.429966723568826,,6.151717822244675,,21.68591317464189,
NSGA2,4.690138479012511,0.3370213779852412,3.476439024205009,0.08221648479777317,3.476439024205009,0.08221648479777317,100.0,100.0,350.0,2.4256879026217226,2.442265418227216,2.3364432459425717,653.2317910800156,378.69853290322885,593.1848925806074,67.35877732495413,42.66883075474307,31.767295109149487,0.0012804713372448473,0.004849450366393838,0.004651198576784987,17.284421838121638,12.767639622180221,24.253203832180233,,,,1.3948007064340382,0.0520516803758068,2.1868375827286926,0.20290587307087188,4.773239728366445,0.2085739272100891,3.9365013117624166,2.541826740900241,16.5226255086858,3.9285044991323756,6.585056286518515,3.8194021782961,5.128482640909672,,22.910874878512974,,32.41001040606492,
NSGA2,4.5164682388660005,0.22822563058970657,3.476438952049008,0.12844798838247148,3.476438952049008,0.12844798838247148,100.0,100.0,350.0,2.4023900749063674,2.472094332084894,2.3133717602996255,670.5988234186859,278.9355614395931,535.3889613933873,66.50657760208766,44.763196762329834,34.60990040439745,0.0013041995607966,0.010926376461781908,0.005352746937084909,16.818025488012747,15.144654154123778,21.992702204731046,,,,2.3418668737249027,0.05301624230880488,3.4349092922549755,0.45717056325447314,3.738643959624465,0.240033494936543,1.3825259678403052,2.4732390423548156,14.17367340320213,4.659893585884239,15.686777733324842,3.463417670036385,6.328763940721606,,19.127015786215296,,26.361914033196918,
NSGA2,4.690140877044337,0.3370220314285647,3.6959099841450644,0.12844149839950036,3.6959099841450644,0.12844149839950036,100.0,100.0,350.0,2.2848086766541824,2.328541672908864,2.161457440699126,713.1646704329255,349.9996919251207,683.4579929359343,67.41898557719416,50.987664143340645,34.90426320568173,0.0012254167644384503,0.002273699616897015,0.007631067868705634,16.985001652950846,23.701978776436675,26.839763361097695,,,,7.121598509992584,0.04981368961131912,2.571478120968032,0.09513387518397552,3.073657367752195,0.34220035285675493,4.877157416606692,2.4977943607280655,7.692212900037143,7.2929165465959,7.631179989910909,4.22673438757444,5.0436822856420225,,7.881365594687185,,25.735610200677172,
NSGA2,4.69013083360887,0.22858727309035234,3.4764496359840567,0.0823076660987613,3.4764496359840567,0.0823076660987613,100.0,100.0,350.0,2.4352456554307116,2.4906558676654185,2.3471096878901374,628.946665043182,334.7354479974434,626.3070670589974,67.86375797627622,50.69016437636526,30.089080643825675,0.001379022063320092,0.003144408573558101,0.004714051604242963,16.613974318517,15.740208349797117,59.048674782352954,,,,1.0062741694832673,0.05605780745203626,4.211542580143027,0.13156521228276574,5.251555510768495,0.21139244862076068,7.507843376002655,2.4432315174289703,2.995522460751807,4.843141030706805,1.3689658174807238,9.299003902732748,4.417242286934903,,8.418853881905584,,35.98067948122197,
NSGA2,4.599179142242748,0.3370086483601908,3.6959096536490876,0.1284482661644861,3.6959096536490876,0.1284482661644861,100.0,100.0,350.0,2.296109038701623,2.345678838951311,2.175204881398252,717.4725560300521,281.38795209437103,680.4875131230308,65.93685844219758,49.319918490937624,33.86710557949729,0.0011707811280296221,0.0024178287315856136,0.0061691773371468275,16.507713296887655,21.183168580315908,21.51207909585626,,,,6.662234199121007,0.047592728781691955,1.8544418848823894,0.10116438207471186,2.4571802063564085,0.27664472363887116,5.510670004419433,2.427604896601126,13.419091663270452,6.517898024712586,7.163387893390676,3.387728991473427,7.131185292679471,,10.89445620426807,,27.942328554261078,
NSGA2,4.685933012850478,0.22821692943857308,3.4764400109879183,0.08221605129124515,3.4764400109879183,0.08221605129124515,100.0,100.0,350.0,2.435998414481898,2.3688661048689137,2.318295455680399,630.5818087160477,343.20239049608335,519.3813117463179,66.98833288877198,23.543067292965983,33.537624319963115,0.0013995578258828808,0.0061426653464915935,0.006687361424608791,17.538082954855806,14.099695243100552,24.12729355056588,,,,0.9756742080529335,0.05689259454808459,0.8842633946061269,0.2570152864640834,3.9594374744573635,0.2998816782335781,7.267381071169455,2.5791298463023247,5.6007355372564165,4.338367767107862,18.207667441524737,3.79957378749069,5.650235367926791,,57.465099741705544,,28.643352510716777,
NSGA2,4.689610769760803,0.33702156765674396,3.6958238235892806,0.12609179695223416,3.6958238235892806,0.12609179695223416,100.0,100.0,350.0,2.2872652559300874,2.3308291510611734,2.1667585518102372,712.9075869376394,335.6585950199072,681.5241288002876,67.02421709131467,50.56049531437377,36.81391798362057,0.0012059687871864321,0.002324466988021558,0.00553067558261419,16.990874068421313,13.834807671549283,21.133171423310817,,,,7.021737563817582,0.049023121430342764,2.475767738026223,0.09725803297161331,2.8359393807068494,0.24801235796476187,4.839351020241088,2.498657951238428,3.279567698432979,4.256863898938241,7.326634456738205,3.3280584918599714,5.599694237584974,,8.653124996614697,,21.67251492846687,
NSGA2,4.516469057581145,0.22843393732720946,3.4764390479039955,0.08219150985874683,3.4764390479039955,0.08219150985874683,100.0,100.0,350.0,2.459375892634207,2.5241185018726586,2.3768403370786517,615.0525759587262,300.8756523244463,568.983371902511,65.22319839870808,48.37719624168467,34.68269834204487,0.001415667769449514,0.005589357275466388,0.005106913844117196,16.207170921634358,14.2513159312772,47.583016467214456,,,,0.025370218121661823,0.057547470302825775,5.6116527980191835,0.23386432114922123,6.584768478863307,0.22900958942229577,9.551091770775566,2.383407488475641,7.4228762078626715,4.385020286546831,10.396319385431346,7.493388420033773,8.13634028350975,,12.597658099937362,,26.207024804159843,
NSGA2,4.523868984798507,0.33904467029427604,3.4832968587109887,0.08396643687072747,3.4832968587109887,0.08396643687072747,100.0,100.0,350.0,2.446653370786517,2.5097231335830212,2.3614408489388263,643.657167930292,311.6630170053308,552.2408769198153,66.88862728280665,48.584956714610854,40.45799232197765,0.0013990487388205958,0.0026379616265941545,0.005178335039218884,17.543320564202016,21.604179856869763,59.666141562779785,,,,0.5425459029871119,0.05687189995205674,5.009336133180799,0.11037496345582237,5.894208472593109,0.23221233359725937,5.344534127898241,2.5799000829708847,4.1036870752828305,6.6474399559599275,13.032932768533028,9.396242765792092,5.79066579886387,,12.222300425273978,,13.91916527238798,
NSGA2,4.523883226909039,0.33904023352375123,3.6974475140675387,0.08400437701901936,3.6974475140675387,0.08400437701901936,100.0,100.0,350.0,2.3580887890137325,2.4096723470661674,2.225058576779026,683.0164194557324,321.4410376225183,596.348873986612,67.28143384785619,44.59151686586286,33.87501738693058,0.0013486770023542125,0.006128434872330337,0.006921587640990326,17.046987281059607,21.665294248802713,22.63957403109239,,,,4.14273215391331,0.05482426838838262,0.8231107559065804,0.2564198691351605,0.22158848524546665,0.31038509600853476,0.4435910964312317,2.5069098942734716,1.0950653469174436,6.666244384246988,6.086791498171333,3.5652872489909275,5.237417115695504,,19.437187234213447,,27.925494921424296,
NSGA2,4.5238836101111835,0.23406906914282424,3.483633489627572,0.08610104805749316,3.483633489627572,0.08610104805749316,100.0,100.0,350.0,2.4491552559300875,2.5116882896379527,2.365070686641698,623.1483899935029,315.68374609243705,514.9733915276414,67.52923387094431,49.66396340948158,37.675450370731184,0.0014875223412332097,0.005246964545906997,0.005154256605266554,16.734243425503628,13.282841906421156,22.463631701157706,,,,0.4408432548744889,0.06046838785500853,5.091560235897595,0.2195382655191212,6.056981463753272,0.2311325831958096,8.360530883308403,2.460918150809357,2.866539663865524,4.087028278898817,18.90182810588324,3.5375797954579062,4.888402998669986,,10.272875502291635,,19.839467296316627,
NSGA2,4.523883034611105,0.3390456588727402,3.483297230951495,0.12921331702956307,3.483297230951495,0.12921331702956307,100.0,100.0,350.0,2.3936641448189766,2.4449304744069913,2.303820911360799,695.0020688993155,316.074516450437,579.8367380432686,69.78375403898448,49.21976289912804,39.96644029832116,0.0013696290735090515,0.004357557632970179,0.005417147154488535,17.512695156355296,18.169763909826752,23.313295208675505,,,,2.696579478903389,0.05567597859792893,2.2983462094975384,0.18232458715356395,3.310354769542548,0.2429213970622661,2.2061866028405195,2.5753963465228376,2.746302630634773,5.590696587639001,8.687127867201793,3.6713850722323627,1.7130224803035448,,11.075405782966502,,14.96502064186987,
NSGA2,4.5238836101111835,0.23252952109095895,3.4832971518622244,0.1292704923899879,3.4832971518622244,0.1292704923899879,100.0,100.0,350.0,2.3978099250936333,2.4698663920099873,2.307722097378277,673.9119580136755,299.6805609156645,538.3732627486451,66.70710639995949,41.67366671255624,41.6554568520759,0.001342330806612891,0.008253606338512645,0.0055140105499994875,17.49520028579059,15.769195140471908,22.283365478599148,,,,2.5280518254620583,0.054566292951743534,3.341690042258876,0.3453391773436253,3.48529584655951,0.2472650470851788,0.8953002921065396,2.572823571439793,7.790596641334,4.852060043222125,15.216809015961408,3.509191413952622,6.04632901414157,,24.708822560874,,11.37136839983851,
NSGA2,4.692919582869928,0.3390450577862015,3.483319884620342,0.08397537414244248,3.483319884620342,0.08397537414244248,100.0,100.0,350.0,2.419772808988764,2.3934015980024967,2.3293382147315853,656.0921344737872,362.54639938373145,512.9992145600743,65.83311879221374,45.13488644152007,33.662199541269516,0.0013863396859064181,0.009205549165758447,0.005496620819542925,17.42144041384796,15.134532115965586,33.62321530419592,,,,1.6352516671234127,0.05635527178481375,0.14232627625508867,0.3851694211614413,4.45462846329979,0.24648523854452575,3.515862577384242,2.5619765314482295,11.55273827191737,4.656779112604795,19.212722116523736,5.294994536093845,7.277297475755298,,18.45548971721759,,28.378298848362736,
NSGA2,4.523869377158533,0.3390448745399074,3.6974447890654814,0.12924372523890015,3.6974447890654814,0.12924372523890015,100.0,100.0,350.0,2.3031174406991264,2.3576007740324596,2.1813469163545567,718.8784090179379,360.28063224070365,694.3413057518264,66.9969990125254,50.05929812607407,37.91964046109498,0.0012088893939445078,0.002239496014759762,0.005075099762984441,17.056034806102762,21.733678313977855,24.22098674683414,,,,6.377339808978601,0.049141845282297064,1.3556161492694778,0.0937027621238394,2.1817526298405068,0.2275829490127552,5.717413090873218,2.508240412662171,10.85557915098574,6.687285635070109,9.345087519972667,3.814328621548683,5.63802955982339,,9.558630305195905,,19.319913912563877,
NSGA2,4.5246666494972825,0.24608712850201966,3.483297709431692,0.1292704923899879,3.483297709431692,0.1292704923899879,100.0,100.0,350.0,2.3969147440699126,2.4701778027465666,2.30622152309613,677.5342876232982,357.93513392600806,550.4152815326573,66.62318755619717,42.10651808273287,42.50844411239853,0.0013963082452194747,0.004555132096442698,0.006389418766779842,17.597906450445745,13.603743508685493,25.189561209182955,,,,2.5644412979710327,0.05676049777314938,3.3547197801910666,0.19059130110638905,3.4180055200058224,0.28652102093183146,0.36260476127968305,2.5879274191831976,10.133887361848636,4.18576723344169,13.320428105093333,3.966860032942198,6.164524568736385,,23.92679659849527,,9.556501888513768,
NSGA2,4.523868630477121,0.3390455746961414,3.6576849850217625,0.08396541133652187,3.6576849850217625,0.08396541133652187,100.0,100.0,350.0,2.3750751186017482,2.4224440574282147,2.275251897627965,677.1347659751754,310.4241172604687,576.1843954737701,67.34486993084109,47.06190509350202,31.431172030315963,0.0012949025126109074,0.005162143681814551,0.005671153599093126,16.605086471646352,18.402623936827087,22.879366497215962,,,,3.4522309511484437,0.052638313520768594,1.357491942603119,0.21598927538973017,2.0292330774872296,0.2543118205871357,0.4213579448271536,2.4419244811244636,4.484886996778869,5.662345826716027,9.262299925390534,3.6030498420812536,5.1480705199421335,,14.973974537485061,,33.12516589294476,
NSGA2,4.52386835743692,0.33904487866330424,3.580370546956358,0.12620409858176876,3.580370546956358,0.12620409858176876,100.0,100.0,350.0,2.3562645942571785,2.40531088639201,2.255646529338327,709.4821230676566,319.8437856883532,586.4019706658274,65.77203536351632,49.82358342100616,33.37774063334463,0.001223611709823414,0.00465884219397128,0.005857029894874251,16.605393011409063,15.503479111561555,19.60192396882976,,,,4.216886412309816,0.049740313407455855,0.6406228615903744,0.19493063573101588,1.1500685801940362,0.2626470804876346,4.335606333478916,2.441969560501333,1.5865274805067098,4.770301265095863,7.653232966011428,3.086917160445631,7.363330473920671,,9.984492464306845,,28.983530567351853,
NSGA2,4.525099401585172,0.3432597534186015,3.4883704518078575,0.13002661724611075,3.4883704518078575,0.13002661724611075,100.0,100.0,350.0,2.390456729088639,2.453958601747815,2.2992228963795256,698.6579814880471,273.70134144254024,525.5434160499548,66.32404597828402,51.703987528655354,37.5497805087659,0.0012884796419677272,0.004064804582319664,0.005198035407776613,17.404353726776392,15.15197655006683,22.613089654514937,,,,2.8269622321691386,0.05237722121820029,2.6760921233395436,0.1700755055363876,3.1041657569293997,0.2330957581962607,2.743820807065748,2.5594637833494693,15.78420263306454,4.6621466307897945,17.237257314967753,3.5611164810259743,6.585850734811241,,6.587195070180032,,20.10684998134915,
NSGA2,4.525102717075061,0.2466022102207075,3.500032933242382,0.12644202239641436,3.500032933242382,0.12644202239641436,100.0,100.0,350.0,2.3927609238451937,2.4442050312109864,2.3007418102372035,675.4046635337452,282.44373299435836,597.744849765302,66.10298466477133,46.92437207519423,36.150678302364895,0.0013222973929654352,0.0033303551282520315,0.005663382853378803,17.199798378688026,19.747671641496638,20.763033163303035,,,,2.733295778650662,0.053751926543310374,2.2679929376981716,0.13934540285573355,3.172278485973251,0.253963356653758,0.6757847744492383,2.529382114512945,13.094236001735888,6.076206658922042,5.86695279286583,3.269769002094966,6.897204697505173,,15.222453342015852,,23.08366318645767,
NSGA2,4.689610389465224,0.25074981549875885,3.4883704065800045,0.08559991953670787,3.4883704065800045,0.08559991953670787,100.0,100.0,350.0,2.4237137578027466,2.4308465917602993,2.3339539325842695,640.9462108919082,365.095168377935,554.4120108660318,66.84923535502256,50.25724464409612,31.232111755275337,0.001362379439167805,0.04186394279382178,0.005494023947931925,17.586343162282265,16.87470851913133,21.70455703477486,,,,1.475050495823309,0.055381278014951414,1.7090624167489181,1.7516294055992374,4.661611326648859,0.24636878690277686,5.743204280601734,2.5862269356297447,12.336974885518465,5.192218005886564,12.691021910861137,3.4180404779173013,5.846147387292173,,9.201003353033212,,33.548698393031195,
NSGA2,4.525099319389964,0.23801334836813667,3.488464473873522,0.08559970594961129,3.488464473873522,0.08559970594961129,100.0,100.0,350.0,2.4476517977528087,2.5032551810237202,2.3625827215980024,627.0359093347721,283.8745132513297,473.3279325918855,67.14882344572548,47.4052074605975,33.73976713198572,0.0014744165842952772,0.0032317441495946877,0.005557282886775281,17.86156156425381,18.997645717733064,20.286231096963437,,,,0.5019594409427335,0.059935633507938096,4.738710503084524,0.13521942048513336,5.945413524574101,0.2492055106177256,7.788836862533516,2.6267002300373252,12.653995922667788,5.8454294516101735,25.460168095766065,3.194682062513927,5.424192329964108,,14.353735391874434,,28.213261421306974,
NSGA2,4.525100489155048,0.2807599880852757,3.503187486465454,0.1292819633938474,3.503187486465454,0.1292819633938474,100.0,100.0,350.0,2.387205792759051,2.4371336079900128,2.294505343320849,690.0398942262971,341.49649388839816,592.7690945145139,69.96379405162261,49.79679044476124,37.96192082209325,0.0012997736926086397,0.00562322603948446,0.005953986430387072,16.799731790633242,13.410568192201715,22.588221555844868,,,,2.9591141154857263,0.05283632896783089,1.972117489121868,0.2352814242462117,2.8926162924147585,0.2669949071922454,1.47645503327898,2.4705487927401824,5.075844273353281,4.126328674523605,6.650536296926948,3.5572002450149394,1.4594449977146284,,10.032898925453946,,19.22995569767394,
NSGA2,4.525099661952331,0.3432594883473784,3.4883702395749983,0.08561670597616403,3.4883702395749983,0.08561670597616403,100.0,100.0,350.0,2.441981760299625,2.4649625468164795,2.3562619350811485,646.0068184347365,262.74662891775085,534.0770666640663,67.32118052254324,50.608745337810845,39.71620699404576,0.001414631231972448,0.026558438607260367,0.005342675114189541,17.964222246758684,12.320311733768895,22.930332479632312,,,,0.7324487683079166,0.057505334633026345,3.136508234999138,1.1112317408895551,5.661970183011142,0.23958184368562965,4.99899728900934,2.641797389229218,19.154883409922814,3.7908651488519673,15.893375328493502,3.6110759810444586,5.181435883741909,,8.565952415879234,,15.497431927562207,
NSGA2,4.6896450305436685,0.34324858013884235,3.488380149739398,0.11043855595376595,3.488380149739398,0.11043855595376595,100.0,100.0,350.0,2.386093258426966,2.430702309612984,2.292635593008739,690.325928565658,316.09904911865664,579.631718498219,65.77172409484817,51.80364095101075,34.820716756644416,0.0012953169474619046,0.004046383049591323,0.005489731567130679,17.433364777409082,15.20616061200677,20.780650952928436,,,,3.0043390883347203,0.052655160465931085,1.703025506819402,0.16930473010842353,2.8087709869389785,0.24617630345877484,1.5185189067144185,2.563730114324865,2.7387541173364194,4.678818649848237,8.71941440972929,3.2725434571540846,7.363768880495539,,6.407152753368115,,25.913368602884223,
NSGA2,4.525100489155048,0.32090317734143614,3.5027965250894844,0.12961852494036907,3.5027965250894844,0.12961852494036907,100.0,100.0,350.0,2.3855346067415732,2.4565274531835204,2.2930827215980023,696.1334678854257,305.4720229478805,569.487858198785,65.28656068658739,44.687954767402,34.22164806945385,0.0013101939270216856,0.007529830476552439,0.005874529669143352,17.204695082196213,15.467362118181587,24.599217560562998,,,,3.0270485064401105,0.05325991573258885,2.783575447009216,0.31505566847499744,2.828821596322974,0.2634318237284014,2.3725688066802526,2.530102217970031,6.008608323729084,4.759188344055873,10.316872724600781,3.8738925292225193,8.047097624524799,,19.26295434977056,,27.187982830949256,
NSGA2,4.689615388298153,0.2380018278584558,3.488394389214493,0.08559941403144534,3.488394389214493,0.08559941403144534,100.0,100.0,350.0,2.4248502122347064,2.4745435830212235,2.3352720599250936,639.0898827703419,308.40980996664626,529.3627689230084,66.84222397239813,46.99787783416201,29.66553058490342,0.001354343135951933,0.0035084908110056896,0.00474991269671397,17.776527460526264,23.324199039619085,20.243217204671424,,,,1.4288531611907942,0.0550545990224363,3.5373884109298466,0.1467987787031669,4.720720176013165,0.21300056935937084,6.01619371024384,2.614195214783274,5.104673856416534,7.176676627575103,16.635784421573483,3.1879082212080982,5.85602257408714,,15.089651609463395,,36.88184981935443,
NSGA2,4.68964290736872,0.343258622183242,3.4883702810566906,0.08560260426894245,3.4883702810566906,0.08560260426894245,100.0,100.0,350.0,2.4157721473158555,2.464567490636704,2.325155118601748,664.2296377240333,353.79261766453004,578.1182596094573,68.56120054797915,46.96008464033753,30.425123995916625,0.0013051753266404137,0.0031890357194965272,0.005515492567954926,17.096604893774792,17.24517197041618,23.836275959962567,,,,1.797880190412375,0.053055907587008684,3.1199786877281905,0.1334324568826999,4.267045677208434,0.24733150528945858,2.31917092293628,2.514206602025705,8.859266973701551,5.306206760128056,8.957754392211456,3.7537442456633965,3.434928805663162,,15.157931995776828,,35.26569362570931,
NSGA2,4.685241164894505,0.3378996279860822,3.4942107467289363,0.08718819189730571,3.4942107467289363,0.08718819189730571,100.0,100.0,350.0,2.4125239700374532,2.4447096379525592,2.3218284893882646,660.3826495644649,353.1205977887767,580.1120170953529,68.46789078012137,49.67279153947441,40.74375218394013,0.001365419246642256,0.00368717493397829,0.0052433132025656954,18.10216861375821,15.588934385782522,23.527089258622894,,,,1.9299199171766968,0.05550484742448195,2.289106190483645,0.1542751018400958,4.117869479294376,0.23512615258142133,2.884904475813979,2.662083619670325,8.652491627315909,4.796595195625391,8.64377683537749,3.7050534265547865,3.56635101391357,,10.256925854608115,,13.311165566084828,
NSGA2,4.5315174402519425,0.3451640508732405,3.4886832133212717,0.13035624510892135,3.4886832133212717,0.13035624510892135,100.0,100.0,350.0,2.3891641697877652,2.4415609113607992,2.29672822721598,699.7500073262252,313.2777922739188,600.4135592366155,69.98518342752959,44.993555158979,35.570727858687526,0.0012991372487678435,0.006645483544737984,0.006564335465476181,17.230564975800633,16.052569323998075,20.74885103139702,,,,2.879505293180273,0.05281045726698551,2.1573603079832258,0.2780537048007524,2.992297184573101,0.2943648190796494,2.904412842091935,2.533906614088328,3.6068331464865215,4.939252099691715,5.4466835847849655,3.267535595495594,1.429319116155505,,18.71083078775249,,24.31760030066484,
NSGA2,4.529773156155993,0.3451640508732405,3.4886639975468112,0.13043834412704894,3.4886639975468112,0.13043834412704894,100.0,100.0,350.0,2.389306579275905,2.442082933832709,2.297354881398252,698.9092748145305,369.10275496422025,587.817526962866,68.12892324589964,49.37461355447951,35.9673686069457,0.001367242035639616,0.0044135612895785615,0.005926468532538248,16.89429397921432,16.00470236158717,21.814920857641408,,,,2.8737162895973585,0.05557894453819578,2.179202252414598,0.18466783638404022,3.0203982689799136,0.2657609207416255,2.780775708019188,2.4844549969432825,13.57007845052931,4.924523803565283,7.430310714509283,3.435420607502584,4.043770076197687,,10.795639467968368,,23.473683815009156,
NSGA2,4.690649960816632,0.24182428876434411,3.4886479195165623,0.08693562657748868,3.4886479195165623,0.08693562657748868,100.0,100.0,350.0,2.4224469787765295,2.4594685518102373,2.333176853932584,640.8084048741463,377.7584060105584,595.3249280565268,69.13624632235339,49.5022062605526,40.88095832062986,0.0013825065500021971,0.0053159281786085925,0.0045984076145865645,17.561491871873983,15.022519306445474,22.77645636960398,,,,1.5265455781898571,0.056199453252121834,2.906633966955529,0.2224237731635394,4.6267647503400955,0.20620661948818675,5.763469871449077,2.582572334099115,16.233355695556437,4.622313632752453,6.248042825743811,3.58684352277228,2.6250051797839626,,10.565119673798382,,13.019237615681151,
NSGA2,4.690384884565237,0.2419878451305942,3.490554782029541,0.09162013465877021,3.490554782029541,0.09162013465877021,100.0,100.0,350.0,2.415242696629213,2.4474905493133585,2.3240369662921347,649.022338352719,345.2053076224918,538.626657691975,66.57778588180318,49.442773645622495,41.09475737681774,0.0014160034318818318,0.0041779221747033106,0.005441793400168025,18.11250279069571,19.683861773156014,22.623787013255036,,,,1.8194025760482468,0.057561115117147635,2.40546231436646,0.17480845919260712,4.216904318032949,0.2440266098730056,4.555538477541327,2.6636033515728985,6.217017729997469,6.056572853278773,15.176904300476382,3.562801104449612,6.228470589009605,,10.672495671865414,,12.564346006770768,
NSGA2,4.690649960816632,0.24182385036467985,3.4886516337906044,0.08693552603704068,3.4886516337906044,0.08693552603704068,100.0,100.0,350.0,2.422427116104869,2.447694806491885,2.3326356304619225,641.9374877927391,356.6962341811306,504.3722685350108,68.55038752186272,49.00892791665461,43.60838221153227,0.0013598778613363772,0.011487571686120523,0.004763782046155228,17.40705522643054,14.295403783053738,23.18936072625302,,,,1.527353003867106,0.055279587859202325,2.4140086398278227,0.4806515349841223,4.602494639548093,0.21362251328050352,5.5974282657736545,2.5598610627103735,9.752687440347875,4.39858577940115,20.57129629369909,3.6518678309059878,3.450158419911666,,11.456318127091938,,7.216208060569631,
NSGA2,4.69065883083244,0.3451625400948365,3.488648148503131,0.08693757557765981,3.488648148503131,0.08693757557765981,100.0,100.0,350.0,2.4135560799001246,2.459666604244694,2.3223311360799,662.8643159178483,322.4293536849015,599.315898413927,67.13917297736432,51.81220569345744,35.319746732946115,0.0013104259283179605,0.006741066807593,0.005025452276433345,17.050264531376957,21.142103134531762,37.14761324246173,,,,1.8879642317022527,0.0532693466795919,2.9149206796943123,0.28205300450179915,4.140409689681612,0.22535660432436522,2.5199535414928924,2.5073918428495525,0.7909680969533803,6.50526250293285,5.6195435568618874,5.85001783345854,5.437784538923486,,6.391678963943195,,24.85160269585933,
NSGA2,4.529545480258016,0.3451640508732405,3.4886639975468112,0.13043834412704894,3.4886639975468112,0.13043834412704894,100.0,100.0,350.0,2.38935695380774,2.4397112234706615,2.2908711735330836,698.4784862548157,342.5566556219873,596.3454186010033,66.90592096130916,49.63115425171597,35.52246013433904,0.0012689277793135473,0.0049214339629063755,0.008210704894897792,17.536874189903607,13.93750236421847,21.569995767501396,,,,2.871668544400805,0.05158243005339623,2.0799675092326932,0.20591773903373953,2.729649037358008,0.3681930446142508,2.717424449237606,2.5789520867505304,5.402047883688406,4.288462265913376,6.087335653385306,3.396849727165574,5.766308505198361,,10.332151306746217,,24.420297586512678,
NSGA2,4.690245022003577,0.3451625400948365,3.488648148503131,0.08822591803966749,3.488648148503131,0.08822591803966749,100.0,100.0,350.0,2.412211722846442,2.450837128589263,2.300886916354557,663.6760975854683,322.9033598814754,598.8736090582875,70.57702447472147,52.05423555210421,40.78319620021602,0.0013049132262682804,0.003211488555902716,0.006542839873040195,16.89554200976893,14.107112576513986,21.86938717253617,,,,1.9426128924210588,0.053045253100336594,2.5454865518520102,0.13437190610471617,3.1787854867514307,0.2934008911677217,2.4005738844899622,2.4846385308483723,0.6451200364691047,4.340650023542765,5.689195423891739,3.443997979926956,0.5957401764486352,,5.954407313271529,,13.227242127199961,
NSGA2,4.690542553680768,0.34029189044022357,3.489800849663267,0.08693542561066404,3.489800849663267,0.08693542561066404,100.0,100.0,350.0,2.413581498127341,2.4454937453183523,2.3023498876404496,662.2957213403716,358.89541265326557,532.3770169534007,68.43053588819382,42.89945156355181,35.844876825111314,0.0012436177076613954,0.009630160705048291,0.015340451928230784,17.44887081230212,18.16059787882338,26.60670274005159,,,,1.886930970433295,0.05055356535208925,2.3219140300565755,0.40293559435348497,3.244389580289219,0.6879126425215598,2.603570391121817,2.566010413573841,10.429357739466328,5.587876270407195,16.161099692377842,4.190031927567179,3.6189635377551883,,22.494215784007576,,23.734304627422734,
NSGA2,4.696038699889027,0.34850546423081263,3.488704162864795,0.13027924644722472,3.488704162864795,0.13027924644722472,100.0,100.0,350.0,2.3653330711610487,2.412969450686642,2.268016129837703,709.0559666429963,370.5738388903965,628.2294132426957,67.97874955173093,45.8340763063001,31.71968679452264,0.0012407782058771793,0.0055986713555876534,0.0073620896661967606,17.336785232179658,13.16418688568961,23.34527481521999,,,,3.848249139794765,0.050438138450291846,0.9610648822862771,0.23425403161454614,1.7047591855472235,0.3301385500536664,4.272936271028865,2.54952724002642,14.02271965858353,4.05051904175065,1.066234135008547,3.6764212307433057,4.255282321505735,,17.192274062691787,,32.51130469250502,
NSGA2,4.565341621637119,0.24633126404841146,3.48870250475504,0.08780762721435388,3.48870250475504,0.08780762721435388,100.0,100.0,350.0,2.4385867415730336,2.4965212234706615,2.351636791510612,633.8092488126018,273.2019264110049,510.58274823690783,68.6639904508286,47.218032915354655,39.3477953044919,0.001467331419408041,0.006173771335354787,0.005191547608153843,17.6129412873739,13.655422188590766,32.83604949371293,,,,0.8704576596327804,0.05964761867512361,4.456954956931439,0.25831679227425886,5.454564641731471,0.23280482547775078,6.792757527558556,2.590138424613809,15.937868796613884,4.201668365720236,19.593267994187745,5.171031416332744,3.2901542946075963,,14.69190078526711,,16.281286586187438,
NSGA2,4.69601883878113,0.34850573631137655,3.488702498159513,0.0878000904165766,3.488702498159513,0.0878000904165766,100.0,100.0,350.0,2.4111944444444444,2.442290074906367,2.320917178526841,665.1525906328576,309.72143154944075,572.8511001738448,68.03297086708575,52.763666389544305,34.485045531525344,0.0012922537375539824,0.0035192147908847515,0.00515043508155751,17.621752441391166,21.909762969397423,21.927749796762686,,,,1.983965672990063,0.05253063973796677,2.1878692429442284,0.14724748079015695,4.077003521383005,0.23096121441961925,2.18344255399153,2.5914341825575242,4.701097984787461,6.741465529045361,9.787228319079563,3.4531889443720765,4.17891427171021,,4.672689449784456,,26.627562698882247,
NSGA2,4.536685087553128,0.24633481432834373,3.4887040179742135,0.08780013701482378,3.4887040179742135,0.08780013701482378,100.0,100.0,350.0,2.442287615480649,2.506225630461923,2.357579525593009,631.9830295688789,254.52292806532873,482.1933002227215,67.41723520087544,45.92521252097677,41.076281481798176,0.0013458718111172626,0.003065045290574175,0.005114607440914373,17.141141404956716,15.02273133521429,22.213844504447025,,,,0.7200156308679259,0.05471023622427897,4.862997090457016,0.12824457282737134,5.721054959327758,0.22935459376297634,7.061319181047217,2.520756088964223,21.685252902975776,4.622378872373628,24.064047209020234,3.4982432290467753,5.04614760440079,,17.027619654965186,,12.60365642170601,
NSGA2,4.691280823774067,0.34796912496107,3.4896511667658086,0.13033001229478472,3.4896511667658086,0.13033001229478472,100.0,100.0,350.0,2.3655327215980027,2.402289825218477,2.2597479151061175,709.8167948250583,367.5694632007838,590.1199655615491,66.5655466507879,43.4898509579224,35.03798407713756,0.0012749165006561952,0.004852020993298895,0.010772278334817764,17.50294515411885,21.166326265851946,20.489026153795848,,,,3.8401332683738745,0.05182587401041444,0.5142186283881447,0.20301343068196212,1.3339872244895747,0.4830618087362226,4.3848227683909275,2.573962522664537,13.098296369471933,6.51271577410829,7.06772195881117,3.226618291936354,6.245708942552262,,21.427550211522313,,25.45109770821796,
NSGA2,4.5366578840923735,0.3484796320840833,3.488702969854117,0.08780075572974419,3.488702969854117,0.08780075572974419,100.0,100.0,350.0,2.4368692384519353,2.482148714107366,2.351027290886392,652.0922858575451,317.56312371106674,580.3780817858544,67.62461349091731,51.9109133916116,44.45753336516796,0.0013564242678157819,0.004367080600288163,0.0049166895902150775,17.540531424125067,16.0232448229229,24.277595142181443,,,,0.9402748596774271,0.055139197878690316,3.855594732525775,0.18272303766896078,5.427232775174533,0.22047935382130393,4.104075609184543,2.57948991531251,2.288269627364081,4.93022917628397,8.601876884117415,3.8232433294773926,4.7540655057502645,,6.2133452726077705,,5.409503478366039,
NSGA2,4.536658387122855,0.24638226428745114,3.488712053427488,0.13033176803013996,3.488712053427488,0.13033176803013996,100.0,100.0,350.0,2.39236620474407,2.465970124843945,2.3019775280898878,680.4942219206482,296.2757770340909,541.3137958864343,68.67316143159512,46.204627253074,32.36380898608614,0.001344875302036388,0.0052204738754632685,0.004658533554888544,17.31749417282285,16.442976705855767,21.593864160769744,,,,2.749341270566253,0.05466972772505642,3.1786663114621265,0.21842986926624552,3.2276918425958643,0.208902849995002,0.0726796942129728,2.546690319532772,8.83822245104896,5.059377447955621,14.753732931270193,3.400608529255078,3.277237420288565,,16.522805324166214,,31.14083194449757,
NSGA2,4.566643726898198,0.34647868162969586,3.488702928324094,0.0878004564464533,3.488702928324094,0.0878004564464533,100.0,100.0,350.0,2.43243443196005,2.4320564169787766,2.3124161672908863,654.6608047431328,298.3373973308996,471.44589924008744,68.0954885694261,52.83388079517786,39.75910585661439,0.001299323942739942,0.023472553941165233,0.005352774039409742,18.142077639315865,16.66197577030071,24.313375288808494,,,,1.120551546339423,0.052818046452843166,1.7596827187772588,0.9821152276638171,3.6957922551966953,0.2400347102874324,3.7263522436569474,2.6679525940170388,8.203877744338586,5.126761775477141,25.756551300773634,3.828877998237558,4.090861169822401,,4.545834155053549,,15.406157751884278,
NSGA2,4.5385700176152275,0.24633481432834373,3.4887037269664787,0.09116342947191006,3.4887037269664787,0.09116342947191006,100.0,100.0,350.0,2.4372601872659176,2.50074265917603,2.3505435580524345,637.3968374093469,296.8207527351595,439.11846344759294,67.79810590405305,47.8558437039902,42.362878995027884,0.001457899890214557,0.0032106038442859756,0.005225075831931834,17.553593891460572,19.659426872017697,25.124719159023577,,,,0.924382631466761,0.059264223179453526,4.633584065942673,0.1343348888822584,5.405540719840115,0.23430833327048586,6.265170969213696,2.581410866391261,8.670537619950927,6.0490544221592915,30.847486071245203,3.9566486864604054,4.509709994291486,,13.53957777056874,,9.86621490419599,
NSGA2,4.536685087553128,0.27599649159916595,3.4900882426150215,0.0878001360914144,3.4900882426150215,0.0878001360914144,100.0,100.0,350.0,2.4400113483146066,2.5005540449438204,2.3546349937578026,638.1773521653748,295.4223906469004,469.4659632965661,69.296066842626,50.45990123172733,41.72945490453654,0.0013992557592432124,0.006210176154343572,0.0051028707637182985,17.466342255212382,16.19324274048438,32.499341203513836,,,,0.8125468164794033,0.056880315416390756,4.625692257063609,0.25984000645789,5.589013172995633,0.22882828536853353,6.150389387444878,2.5685797434135855,9.100802877876802,4.982536227841347,26.068352236761246,5.118006488742337,2.399905855456332,,8.834866790013862,,11.213925735028642,
NSGA2,4.539836614352348,0.3501181570890652,3.4887226923040413,0.13020870424466907,3.4887226923040413,0.13020870424466907,100.0,100.0,350.0,2.387901335830212,2.4463571285892636,2.296668689138577,700.2329074052664,321.80026597851725,609.308873542566,67.46358825896935,41.95112185810271,36.25640839206223,0.0013096715574246502,0.010055524364482154,0.0053336690377726245,17.185510745711493,18.873592713728716,22.416234314691543,,,,2.9308400069019536,0.05323868119612399,2.3580388531072574,0.42073323700762144,2.9896273156312474,0.23917798375661994,2.975427559597994,2.527280992016396,0.9845335450716168,5.807259296531912,4.045846686210087,3.5301156401089044,4.980861607085419,,24.20754858518029,,22.858705548803773,
NSGA2,4.539836131953237,0.35011827451485533,3.6776788392932738,0.1302087547107343,3.6776788392932738,0.1302087547107343,100.0,100.0,350.0,2.308788052434457,2.3627306242197257,2.19849684144819,721.7225399390292,306.3516943367436,650.3358184575645,68.7446407048028,52.56613553231329,33.64820717740167,0.0011885660277187833,0.0022364375376617827,0.00558047017607655,17.121857197589563,15.012386131045591,21.677592698417367,,,,6.146827136810687,0.048315692183690376,1.1409780661202695,0.09357479237078588,1.4126976929062862,0.25024529937563,6.1356676380925235,2.517920176116112,5.737940204078891,4.619195732629413,2.4150895208763035,3.413794125735018,3.1765623876016833,,5.0295654339416656,,28.40806983531559,
NSGA2,4.695828644278459,0.35013689312120566,3.488717376737732,0.13020343980743104,3.488717376737732,0.13020343980743104,100.0,100.0,350.0,2.3651751810237203,2.402469837702871,2.259958377028714,709.0084872587241,323.22140840154293,603.047714852003,66.42989142111458,52.68948611680196,35.72720043356656,0.0012280433617912045,0.005422530737453381,0.009404220215555974,16.911761057789185,19.18836637035257,22.99627973314628,,,,3.8546674380601504,0.04992046186143108,0.5217505315008749,0.22688413127420004,1.3434249788661066,0.42171391101147865,4.265954008635902,2.4870236849689977,0.547258953371406,5.904112729339252,5.03185592881843,3.621461375298627,6.4367726463174995,,4.806709816075957,,23.98467992858179,
NSGA2,4.539970468886857,0.3501367784929931,3.677671544888577,0.13020805324329915,3.677671544888577,0.13020805324329915,100.0,100.0,350.0,2.308668352059925,2.362817215980025,2.1974596629213483,721.7781255596414,326.2249079244598,663.8567422744327,67.07285452962697,57.15035106703375,34.91243197549406,0.0012090414719516003,0.002201299358230127,0.005713433053885895,16.609838988886096,15.194892436418318,24.736042894828195,,,,6.151693005694098,0.0491480273151057,1.1373549799152711,0.0921045756581643,1.4592079407467118,0.25620776026394154,6.143841994064905,2.4426233807185436,0.3768947459876262,4.675351518897944,4.544368862115384,3.8954398259571965,5.531190803342302,,3.2526667877755226,,25.71822983937434,
NSGA2,4.695830503166811,0.2495956408105104,3.488721085119147,0.08857951446150393,3.488721085119147,0.08857951446150393,100.0,100.0,350.0,2.4185083645443197,2.4115444444444445,2.3286441947565546,647.8411439148198,375.5785032062994,521.3485779426878,65.1163269050289,48.75307825113411,35.46317316289713,0.0013197423790048315,0.0320089018981005,0.005012348140544755,18.07318974597164,14.398784824991461,22.582828495318907,,,,1.6866518477918797,0.053648064187188274,0.9014411901441157,1.3392845982468828,4.423506491325319,0.2247689749123209,4.729243541938267,2.657822021466418,15.562616371169044,4.430395330766603,17.897861741309004,3.55635094414471,8.286863514043805,,11.91855781186249,,24.54644007894228,
NSGA2,4.539839601069956,0.2495513487997338,3.48871728663985,0.08861524285313822,3.48871728663985,0.08861524285313822,100.0,100.0,350.0,2.440274082397004,2.485971186017478,2.355060536828964,635.4629210256851,317.3300633630261,451.38047511421195,70.19682867094807,50.64153019951267,40.093908569717755,0.0013567668142323683,0.005052329063571001,0.004718131339466344,17.9253499327994,18.297846795409498,23.831405320683857,,,,0.8018665692274807,0.055153122529771066,4.015530795710372,0.2113945214883264,5.608095821926632,0.2115753963886253,6.549570437399251,2.6360808724705,2.3599805036842727,5.630106706279846,28.916460611935126,3.7529772158557257,1.1312272240168098,,8.506720506752176,,14.69381155379201,
NSGA2,4.539836148554333,0.3501344773666884,3.677671544888577,0.1302087547107343,3.677671544888577,0.1302087547107343,100.0,100.0,350.0,2.3087470786516855,2.3628499375780274,2.186701473158552,722.6617053205337,370.5773435572872,652.919295084286,65.94652389254047,51.97807116269368,33.77459682698175,0.0011635323180110577,0.00229543636834015,0.006177955129093371,16.826036579520526,22.673702797795528,24.473628027634994,,,,6.148492737736361,0.04729806170776657,1.1359858753963477,0.09604336269205649,1.9416379749528188,0.2770383465961153,6.273780194196126,2.4744171440471363,14.023798017626824,6.976523937783239,2.821936233745823,3.854114650021259,7.117571982337368,,6.092012352856948,,28.139155687272876,
NSGA2,4.69583555099791,0.35013687524295967,3.488742545491931,0.0885814740961431,3.488742545491931,0.0885814740961431,100.0,100.0,350.0,2.410021598002497,2.4337921598002494,2.319256791510612,666.410215299124,344.0627862170399,550.3450220256427,67.74728053372132,50.64456068599357,34.433500311363076,0.0013716747767586912,0.003705746679743769,0.004976387250579264,16.725117656176472,16.49197210188574,21.2962137587708,,,,2.031642357622079,0.05575913726661347,1.8323079414330254,0.15505216233237526,4.002546704511746,0.22315637894974275,1.9984977501288166,2.4595761259083044,5.865472682166123,5.0744529544263814,13.331492594386972,3.353734450200126,4.581295022927714,,8.50124537309202,,26.73723338007856,
NSGA2,4.539837669151079,0.35013583533732745,3.6604930813419814,0.12994334611950514,3.6604930813419814,0.12994334611950514,100.0,100.0,350.0,2.3163486267166045,2.3711140199750314,2.202036279650437,721.9414083201723,353.2406326296801,645.7367002361726,65.41098178736935,50.8077399773365,36.86187987624428,0.0012247233817214954,0.002226469698783375,0.007404532304048505,17.181118153883336,16.205663746003413,24.378768739709365,,,,5.8394867188372155,0.04978550332201201,0.7902083692455554,0.09315772798256798,1.2539784910117868,0.33204180735643524,6.167854164731218,2.526635022629902,8.689425424516946,4.986358075693357,1.6908189348303344,3.83917617948179,7.871856637507956,,8.206431838597107,,21.570468348416423,
NSGA2,4.539837964984428,0.3501203901478184,3.5408834491586143,0.1297315029589756,3.5408834491586143,0.1297315029589756,100.0,100.0,350.0,2.3668687890137328,2.4151794257178527,2.2703459051186017,710.8219681310525,317.85751572964114,583.631903217182,66.40826170967455,45.556083587232095,36.436816051216326,0.0012468326498288143,0.004628565994969482,0.005988594614847981,17.26830465531972,16.271305601646986,21.407738474845722,,,,3.7858215848076098,0.050684254058081885,1.0535324568139157,0.193663849161903,1.8092334133902108,0.26854684371515614,4.532642372213599,2.5394565669587825,2.1976874678027274,5.006555569737534,8.089464060286307,3.3712973976134997,6.467237028627397,,17.694519264259995,,22.47485946549718,
NSGA2,4.542466177643848,0.35398932708111747,3.493164788079141,0.09021757852065121,3.493164788079141,0.09021757852065121,100.0,100.0,350.0,2.430513058676654,2.490549450686642,2.343703445692884,657.4898812253125,269.7910093623917,474.4394149569483,67.33714558702403,49.39271790699759,39.21668940415564,0.0013740142858801546,0.0029283969075037746,0.0053070197250772964,17.059140618894098,18.251928673426836,24.99012441560574,,,,1.1986561513555218,0.05585423926342092,4.207089986888778,0.12252706725957216,5.098809223896145,0.23798294731288325,3.3103115845128674,2.5086971498373676,16.9873817346487,5.615978053362103,25.285131502842784,3.93545266387492,5.15894987743095,,10.762930610663798,,16.560235310307156,
NSGA2,4.542466072036832,0.35398892016169237,3.678807454235068,0.13145300062857784,3.678807454235068,0.13145300062857784,100.0,100.0,350.0,2.3067122471910113,2.360400224719101,2.18272975031211,723.1191286567857,369.6231979970692,658.7612003231669,68.38358661090156,52.350080175720876,32.54673890817189,0.0012276183013543924,0.0021576994576256907,0.005432765220178217,16.945918575622482,26.306432240560312,22.946863106665816,,,,6.231209463780027,0.04990318298188587,1.238484321376535,0.09028031203454773,2.1197421384704067,0.24362175875238642,6.341048331880255,2.4920468493562473,13.730214768328988,8.094286843249327,3.7419213107349476,3.6136792293961912,3.6850892804203386,,5.419909348291101,,30.751619344315127,
NSGA2,4.546537172952245,0.25484694315266837,3.493199524430898,0.09021949358268172,3.493199524430898,0.09021949358268172,100.0,100.0,350.0,2.435081335830212,2.4422952434456926,2.348517902621723,637.2601894253535,333.4813207158123,601.2704948631254,68.09460255473343,49.004920803700585,35.77739606607523,0.0013905952280685763,0.02486496984659162,0.005804656587215611,17.02576309737135,18.458493356369466,32.539308324234696,,,,1.0129538280401646,0.05652826130360066,2.1880854998197687,1.0403753073887707,5.314704153440489,0.2602985016688615,6.28526626097743,2.5037886907899045,2.6096371433268533,5.679536417344451,5.311733092421204,5.124300523501527,4.092109077840243,,11.463557716891447,,23.877880710478244,
NSGA2,4.542466071896213,0.35398892016169237,3.678807454235068,0.13145294861464005,3.678807454235068,0.13145294861464005,100.0,100.0,350.0,2.3066882521847694,2.360620736579276,2.1950162671660425,720.9512894530897,343.52306751631505,672.476777528319,65.77404293502698,51.38863894200127,38.16218382169174,0.0011981788019003457,0.002274931555403981,0.005784398989828854,16.799455880446274,15.219987951864315,27.839427578948534,,,,6.2321848705378295,0.04870645536180267,1.229257883712299,0.09518542072820005,1.568777257128139,0.25939008922999346,6.022248448983773,2.470508217712687,5.699405389635401,4.683073215958251,5.901854728869128,4.384161823456462,7.360502908412699,,7.156930547423179,,18.80386420916651,
NSGA2,4.5424660930091205,0.35398937689837545,3.4931595702281806,0.1314531155277203,3.4931595702281806,0.1314531155277203,100.0,100.0,350.0,2.3844889013732833,2.435799762796504,2.292369038701623,704.4886814830664,342.94304514637,587.1506375438485,69.07736798069365,47.84539109309135,38.47246387502689,0.001210390036934632,0.005691619151758498,0.00513592827050285,17.267386147491745,17.542607664607317,30.059107230113145,,,,3.0695568547445804,0.049202847029863085,1.9163080667993255,0.23814306074303337,2.796817878996553,0.23031068477591254,3.6012766886862417,2.539321492278198,5.520936968113854,5.39772543526379,7.535332670260085,4.733717674033566,2.7079324215582377,,13.55846234310506,,18.14369388292151,
NSGA2,4.542466196691498,0.25405566954595193,3.4931594886403463,0.09021949358268172,3.4931594886403463,0.09021949358268172,100.0,100.0,350.0,2.4356297378277154,2.424132559300874,2.349606629213483,638.538658699314,339.82564394960474,500.78788188212116,66.7970269332103,39.840575893201404,32.30790686278255,0.0013243327777336692,0.004917983384151627,0.005271948181042322,17.770758349943687,14.827232178513626,27.76870357884423,,,,0.9906610639140062,0.053834665761531265,1.4281405565219107,0.20577336335362453,5.363525973698798,0.2364102323337364,6.097256073630286,2.6133468161681894,4.561736599878381,4.5622252856965,21.13576663273683,4.373024185644761,5.919680375760135,,28.02063975934706,,31.25977263237755,
NSGA2,4.542466316989957,0.353989166217922,3.5141300497951486,0.13145300062857784,3.5141300497951486,0.13145300062857784,100.0,100.0,350.0,2.375861473158552,2.426735755305868,2.2821749937578026,706.9610835663411,394.55715057089367,613.0003771487617,68.93476685279148,47.02979619434564,37.10944807845546,0.0012770102102532893,0.0047066200940855596,0.005818468551192057,17.080759919358893,16.864794628267212,21.81660631570718,,,,3.4202653187580516,0.05191098415663778,1.5370608914589041,0.196929711049605,2.3396858187355454,0.26091787225076485,3.9648652303442837,2.511876458729249,21.40220017565959,5.189167577928373,3.464507535628081,3.4356860339696347,2.9087790805753753,,15.031985195400829,,21.043727492647964,
NSGA2,4.542466170004921,0.3539888257800138,3.5859911439005705,0.1314530890111229,3.5859911439005705,0.1314530890111229,100.0,100.0,350.0,2.3462397627965044,2.4039937827715354,2.243719051186017,718.7498672702644,357.1290605417885,640.866910143508,67.87104552479701,55.80169507329799,36.27591472583618,0.0012199058646732445,0.0022794791176391094,0.005526240571005456,16.993560557333804,21.834710100511284,22.362122110983353,,,,4.624399886320959,0.049589669295660346,0.5855139234952004,0.0953756952987075,0.615204089059069,0.24781347852042404,5.698509892685943,2.499053023137324,9.885864782088762,6.718372338618856,0.9239228572453534,3.521594033225725,4.406978134088716,,0.8160705931309679,,22.81720271098685,
NSGA2,4.54246618168795,0.3539893845783146,3.609495145527265,0.13145273473957828,3.609495145527265,0.13145273473957828,100.0,100.0,350.0,2.336088576779026,2.39284404494382,2.23153734082397,720.6177757294565,277.94023604342846,660.7814490986086,68.69318564873399,51.44638853520122,33.89399134014434,0.0012439099532965004,0.0022660419497391336,0.005735692377119238,16.650139012398668,17.43537153826346,27.99008167314215,,,,5.037049724429835,0.0505654452559553,0.1189976963941358,0.09481347070038215,0.06893905040223475,0.2572059361936878,5.9732023131553715,2.44854985476451,14.479927371252781,5.364729704081064,4.060070724190334,4.407886877660181,3.2490342975577646,,7.052595239022184,,27.885124808203535,
NSGA2,4.542466216564962,0.3539874802888635,3.6459922503567963,0.1314304544639831,3.6459922503567963,0.1314304544639831,100.0,100.0,350.0,2.320638352059925,2.3757848189762796,2.1910052184769038,724.0594520720791,319.1910414804911,642.8526050630237,66.98040235266548,54.72522030126213,32.76426018175265,0.0012086446048772495,0.0022678247834520757,0.006016725582362728,17.594582754089778,15.19039799464509,25.048093016366085,,,,5.665107639840447,0.049131894507205266,0.5947774486912363,0.09488806625322492,1.7486449113496059,0.2698083220790461,6.479331187070461,2.5874386403073206,1.7873718521565864,4.673968613736951,1.2366307185864098,3.9445815773804855,5.661405137090875,,1.1287799435191959,,30.288808123930536,
NSGA2,4.542489085116832,0.35762210813427187,3.679427813313442,0.1326286278303302,3.679427813313442,0.1326286278303302,100.0,100.0,350.0,2.3051311360799,2.358805642946317,2.193172784019975,723.9285942568887,435.0947047570497,675.8803323352789,66.53945415410088,49.24580638363054,36.45769519380851,0.00116916619122737,0.0022263510206958063,0.005283903113659858,15.995929853035209,13.091851624281519,20.12520221650364,,,,6.295482273174793,0.047527080944202035,1.3052032240034823,0.09315276237220946,1.6514446627813966,0.23694632796680978,6.460087390718924,2.3523426254463544,33.87529377139992,4.0282620382404675,6.437847611854949,3.169323183701361,6.282458937886084,,11.028353417108336,,22.430435757854234,
NSGA2,4.542488503751422,0.25831341404797126,3.4971736902903103,0.09175576600177907,3.4971736902903103,0.09175576600177907,100.0,100.0,350.0,2.431761036204744,2.484115980024969,2.3154048064918853,643.6814866393327,275.10758903130727,504.13154333885245,66.61139766636829,49.63190585861673,39.77560160178971,0.0014077504395089294,0.004053232021436775,0.006235769077969272,17.661835749592125,13.273274180456173,22.00626232153605,,,,1.147925357530733,0.0572256276223142,3.9379071140154256,0.16959129796806588,3.829811950308758,0.2796309003573665,5.340957847156962,2.5973287867047246,15.35151106729007,4.0840843632172845,20.609205773409062,3.46555312150174,6.181130047368605,,10.330793390033005,,15.371060421724023,
NSGA2,4.542488099745247,0.3576221085616058,3.679428394794625,0.13262897669168058,3.679428394794625,0.13262897669168058,100.0,100.0,350.0,2.305203333333333,2.358447665418227,2.1726722971285892,723.6715107615822,328.5590160717874,660.5257505648729,67.50015796593394,53.07431065720898,33.96789343050495,0.0012043374734683027,0.0023912233621966603,0.006021616350001401,17.324555497291698,16.9081254666471,21.64489028495152,,,,6.292547425474265,0.048956807864565154,1.3201813632540995,0.10005118670278913,2.570749007686581,0.27002763901351573,6.422280994350328,2.5477287496017205,1.0950818682422847,5.202500143583723,4.019803238562654,3.408644139362444,4.929354977557836,,4.1114531938410455,,27.727886318074574,
NSGA2,4.542508859789647,0.3576221775976338,3.679453595452128,0.0917918743250713,3.679453595452128,0.0917918743250713,100.0,100.0,350.0,2.3518203245942573,2.394742559300874,2.227667765293383,693.2789146604568,361.8910266756898,638.1313965507885,68.69018582881236,47.872087748436996,35.432952353784415,0.0012538623905783545,0.004301233609883512,0.005558980853074056,17.168269810794442,14.54034840657988,21.772166543629957,,,,4.397547780721248,0.05097001587716888,0.19843344355120757,0.1799679334679294,0.10458451599178517,0.24928165260421775,1.9527815677142424,2.524745560410947,11.351085130981469,4.473953355870733,0.4931333150848045,3.4286876446661347,3.2532593960389287,,13.510229903456196,,24.610739672799117,
NSGA2,4.5424879671912555,0.35762069783507083,3.4971723391939844,0.09174922854076856,3.4971723391939844,0.09174922854076856,100.0,100.0,350.0,2.4267834207240946,2.4564946691635456,2.3382600249687893,661.5615279348674,264.07139300136635,512.9900001985114,67.22818703188602,49.9507266592572,35.27590377160776,0.0013551216860562597,0.0292561149363968,0.005549350727731649,16.94462475775532,12.176894146045482,21.32958685104939,,,,1.350267450240056,0.05508624740066097,2.782203730692281,1.2241052274643012,4.854709639856021,0.2488498084184596,2.7115400095783238,2.4918565820228413,18.74726369188728,3.7467366603216865,19.21417319708481,3.3589900552833685,5.312412631146446,,9.754784716789164,,24.944885592323917,
NSGA2,4.542588765680186,0.2583138982315392,3.497181862912253,0.13262658513350772,3.497181862912253,0.13262658513350772,100.0,100.0,350.0,2.385341647940075,2.438375218476904,2.29407670411985,687.115858975573,308.5491204754408,503.83553197323664,67.88378380774772,44.56211628416544,39.93238416906625,0.001381915258219146,0.007758894878361105,0.0053312187746889115,17.66164286995988,13.531149008167564,22.612622287524317,,,,3.034892360159557,0.05617541700077829,2.024067718698901,0.3246399530695023,2.8733948035807177,0.239068106488292,1.0464498493489733,2.5973004220529234,5.061809084479749,4.163430464051558,20.655821736498165,3.5610428799250897,4.389036890496171,,19.4903048163226,,15.037480491348395,
NSGA2,4.623813726920306,0.25922987448671664,3.4971736902903103,0.09174932236005975,3.4971736902903103,0.09174932236005975,100.0,100.0,350.0,2.420706129837703,2.460900936329588,2.3002180274656676,649.8526485605565,306.38236017201814,523.3699785133122,69.2836224089705,48.61879804531692,35.91593484503299,0.0014031943034095826,0.004723162711276314,0.005951476044162884,16.67917581436181,15.89571536374465,21.426351704324784,,,,1.5973117952153304,0.05704041883778791,2.9665663736229306,0.19762187076469934,3.1487904693124498,0.2668823338189634,4.433434035212275,2.452819972700266,5.728504562455957,4.890989342690662,17.579530942785485,3.374228614854297,2.417433226802111,,12.161159809725529,,23.583117350993632,
NSGA2,4.690948729527949,0.3576220543900963,3.4971719523268914,0.0917705751019476,3.4971719523268914,0.0917705751019476,100.0,100.0,350.0,2.403214943820225,2.4263703995006245,2.3114584144818973,671.5183022262446,322.95067288446165,593.239026954862,67.73175573210203,51.60079732014084,28.947368466522683,0.0013025246746568373,0.028746048290855558,0.005333323458031583,16.275515942311152,19.696436599064747,21.054547702095547,,,,2.30833561706403,0.0529481575063755,1.521774037683028,1.20276352681404,3.6528436987397885,0.2391624869072459,1.2473084961404999,2.3934582268104636,0.6305621893964144,6.06044203048146,6.576531188210714,3.315676803479614,4.603160940701366,,6.773627244551327,,38.40985432654748,
NSGA2,4.616716703023497,0.26200926106734784,3.497314736049958,0.09183039303573962,3.497314736049958,0.09183039303573962,100.0,100.0,350.0,2.421467490636704,2.477886516853933,2.3316913358302123,648.921589415372,297.8511248002006,487.7772033375013,66.41039407181839,48.13076408905113,40.07959691808597,0.0014014358066728216,0.0030252832474874296,0.004982347949343475,18.29691242431726,20.558393696859017,23.294979185474062,,,,1.5663621692396748,0.05696893523060251,3.6772601194114087,0.12658088901621045,4.560149588798757,0.2234236748584518,4.570354497739419,2.6907224153407734,8.353500061476746,6.325659599033544,23.18469238779507,3.6685006591297737,6.464233701664242,,13.04288330794738,,14.724261876412832,
NSGA2,4.557707518140409,0.258311502134264,3.4971736833327314,0.09175576600177907,3.4971736833327314,0.09175576600177907,100.0,100.0,350.0,2.429651947565543,2.4393098377028712,2.3425383895131087,642.6566267593522,320.1329207066145,606.5468686603006,67.57491522619156,43.30894804169418,40.71497243714444,0.0013189101380485179,0.02071711534211813,0.005258108431564512,17.45761668936902,20.499127142896725,29.053116117255225,,,,1.2336606680673503,0.053614233254004794,2.063173125643143,0.8668249097120556,5.04656455215734,0.23578961576522475,5.491672535389381,2.567296571966032,1.4975628595032224,6.307423736275915,4.480808084992038,4.575293876733107,4.824063061702023,,21.754384748520003,,13.372399069905448,
NSGA2,4.677117390824269,0.2611977339256362,3.4999347578065114,0.09237156096459365,3.4999347578065114,0.09237156096459365,100.0,100.0,350.0,2.4108863545568044,2.422511722846442,2.320278851435705,654.2103296094521,321.8072753122833,494.4771959980951,65.78289594954757,47.85180778609936,38.99520108626497,0.0014302562512124668,0.0042478515779261665,0.005846591629244435,17.833209100966997,15.932403861653826,20.530668597158105,,,,1.9964896521624196,0.05814049801676694,1.3603231316502833,0.17773437564544628,4.048378988148213,0.2621789968271047,3.792598586845285,2.6225307501422055,0.982376826989751,4.9022781112781,22.129575433370846,3.2331761570327724,7.348033873876668,,13.546869401807848,,17.031487050500065,
NSGA2,4.544107450905004,0.2608441093408203,3.4999359362476503,0.09236845901992101,3.4999359362476503,0.09236845901992101,100.0,100.0,350.0,2.4292987765293383,2.4257722721598003,2.342163745318352,645.4347497559943,292.619533303312,542.4126085043256,66.49528804264729,29.564308798764024,39.43394293523704,0.0014479215280008943,0.004706230187829374,0.005196034421080775,17.096070305582643,20.118808635964157,22.678037492644535,,,,1.2480172142545374,0.05885859869922335,1.4967477891129777,0.19691339698030852,5.029764364051666,0.23300602785115584,5.083125035883192,2.5141279861150947,9.963220522057851,6.190402657219741,14.580691574121955,3.5713444870306352,6.344664728665791,,46.58661463637936,,16.097993754814805,
NSGA2,4.689125260997574,0.2617830073203748,3.5001385334908797,0.0923708427085378,3.5001385334908797,0.0923708427085378,100.0,100.0,350.0,2.409019300873908,2.4576620848938826,2.3087885018726593,655.918429409379,336.040603710688,571.5990987947728,68.7713219837344,45.75646092007656,34.59779591287901,0.001381638614331457,0.004093238176894182,0.011709573988954895,18.198324060962513,15.312906683362002,24.182020114687816,,,,2.0723861433370794,0.056164171314286866,2.8310495771498942,0.17126519568594903,3.533116675904004,0.5250930039890088,3.5414074397972097,2.6762241266121345,3.397108834057847,4.7116635948806165,9.984393890586965,3.8081921440453255,3.1389831215008512,,17.33250059606764,,26.387668270470197,
NSGA2,4.544101263158675,0.35885732537392845,3.6789250516931125,0.13251548145973102,3.6789250516931125,0.13251548145973102,100.0,100.0,350.0,2.305457265917603,2.358917016229713,2.192418651685393,723.9413326282832,316.4915718100943,650.0271373447771,66.6514649256459,53.07353858613908,34.81787878877553,0.0012347745302076117,0.0021575443705718353,0.005481463324676656,16.727018932092538,14.205000990679723,23.429382422419803,,,,6.2822249626990585,0.05019408659380536,1.3005432539869064,0.09027382303647846,1.6852622562603945,0.2458055302545586,6.461960680629891,2.459855725307726,2.6179779045863736,4.370769535593761,2.36647832201214,3.689666523215717,6.124697287822681,,4.112848082856227,,25.919406832392486,
NSGA2,4.566451866581451,0.26807751436047583,3.677674262464686,0.09244187719838044,3.677674262464686,0.09244187719838044,100.0,100.0,350.0,2.3517745443196003,2.413300599250936,2.2293846441947567,677.2853103642914,330.9386848886637,630.385573851355,65.06887425997556,41.09125359122234,33.116638063430656,0.0013569918287689947,0.0066066602864419625,0.008198678271800548,16.98525082241816,23.85141533658522,22.475110011649598,,,,4.399408767495921,0.05516226946215426,0.9749204707504544,0.2764293006879482,0.02759443072839913,0.3676537341614596,0.39921906407479757,2.497831003296788,1.8272876580503739,7.338897026641606,0.7266812832511735,3.5393874034093855,8.353698225386538,,25.761059455786196,,29.539067950147544,
NSGA2,4.5441009054017405,0.35880307758257624,3.499934225858875,0.09236845901992101,3.499934225858875,0.09236845901992101,100.0,100.0,350.0,2.4244625717852686,2.4739842446941323,2.336386117353308,663.8555928186794,300.4813772995556,517.5315286600401,67.16013282504974,46.06743706557002,39.19419470879003,0.0014027044869297752,0.0036511991126272508,0.005787517648457839,17.213106542362652,20.300755953092054,22.223030036779008,,,,1.444610903037861,0.05702050759877136,3.5139851336456953,0.15276983734842053,4.770677908220092,0.2595299393927282,2.3741775266647966,2.5313391974062722,7.544191600136734,6.246386447105247,18.49897186456062,3.4996897695714977,5.408263626690503,,16.770664741517585,,16.608096364276534,
NSGA2,4.688049037425433,0.3583674663666281,3.5002917276933276,0.0925255353628513,3.5002917276933276,0.0925255353628513,100.0,100.0,350.0,2.4013488764044943,2.3964637827715354,2.3086253308364544,673.8482661567232,343.95501771023106,578.0917683199112,67.05856208028453,48.51464617739869,38.816567450770734,0.0013060101400659357,0.004294288014066222,0.005554814616318034,16.71835224890506,13.874799050377137,21.411253692667795,,,,2.3841920160774643,0.05308984309211121,0.2704511619889227,0.1796773227642771,3.5257995890786726,0.249094825843858,0.9046667416583553,2.4585812130742735,5.832313141609557,4.269168938577581,8.961926248832874,3.3718509752232753,5.551321013683759,,12.349329399460366,,17.41155861538142,
NSGA2,4.544255287343099,0.2608821837369385,3.678916745641131,0.09505497732816233,3.678916745641131,0.09505497732816233,100.0,100.0,350.0,2.35041961298377,2.4126571036204747,2.2431435580524344,679.0107806706874,330.77747021181364,595.8478430759264,67.19827021552301,42.75263084042394,34.906157315341545,0.0013457411433968995,0.005904465056251869,0.00786287912913827,17.042361829601397,18.32528856532915,21.213573781700696,,,,4.454487277082519,0.05470492452832926,0.9479959673838733,0.24704874712350913,0.5893972220822596,0.35259547664297175,0.1454734307812674,2.506229680823735,1.7776831420965034,5.638550327793585,6.165694003791111,3.340720280582787,5.354548992221113,,22.759474543046178,,25.73158018012437,
NSGA2,4.544100741704728,0.35885167479409147,3.499935576718941,0.13251558042909706,3.499935576718941,0.13251558042909706,100.0,100.0,350.0,2.3804964918851432,2.44675581772784,2.287731822721598,708.5684344289209,376.72452927864197,575.975920543132,68.13234357262019,45.589797872622725,33.66783988387098,0.0013008940397843962,0.008223324897007007,0.005035717915405214,17.098726017511275,15.312935338769751,24.306670701613136,,,,3.23184992336816,0.05288187153595107,2.374720407022594,0.3440721714228873,2.588870974062688,0.22581694687915754,4.201240357194251,2.5145185319869525,15.915239778043683,4.711672411929154,9.295130623128816,3.8278221577343516,4.038952714619455,,17.63360817954341,,28.36629811942344,
NSGA2,4.544215225901118,0.35880165233001104,3.5478169427128767,0.12938973550274335,3.5478169427128767,0.12938973550274335,100.0,100.0,350.0,2.3636837578027468,2.415739600499376,2.267307265917603,713.0407608203268,344.78737609610795,614.0485107779871,67.63110194760287,49.74191618243644,33.22607792088977,0.001266027442936042,0.007361047384047988,0.0058501636849279184,16.88179659652621,14.079139005300089,25.3095526359101,,,,3.9152943982623256,0.05146453020065212,1.0769707321914535,0.30799361439531325,1.672971565811785,0.2623391786963192,4.85893541475394,2.4826171465479723,6.088423414187061,4.332042770861566,3.2994471215768386,3.9857563206157636,4.744926834362152,,10.132039417459007,,29.30621718959623,
ocxktheta,4.5,0.22,3.65,0.11,3.7,0.12,170.0,170.0,350.0,2.341941360799001,2.4051830711610487,2.2151852059925092,651.6683650327885,363.11495487123466,611.822755959159,69.30737472561533,42.8152402441754,36.38719837865678,0.0012655177876708616,0.004232707296303363,0.0060557698510399225,16.899522472808684,19.18593827584853,22.235168344030015,,,,4.79913167483735,0.05144381250694559,0.635274943976927,0.1771007236947014,0.6643405384525,0.271559186145288,4.166416906942864,2.485223893060101,11.727678421918357,5.90336562333801,3.649959691471015,3.501601314020475,2.383979259696715,,22.646359089114007,,22.580428981581328,
ocxktheta,4.5,0.22,3.65,0.11,3.7,0.12,150.0,150.0,350.0,2.3433605742821477,2.410742247191011,2.213090424469413,658.324672388881,352.25540219793237,620.3029485990888,69.45095188153411,42.353169567538245,34.6374184451686,0.0012714315434925183,0.003496758526667264,0.006426601848535544,17.543329493689292,18.354235604312358,20.39559740326337,,,,4.741440069831392,0.05168420908506172,0.8678764515067376,0.1463078881450738,0.7582769296227267,0.28818842370114545,3.1875481781057315,2.579901396130778,8.386277599363806,5.647457109019187,2.314496283608057,3.211905102876121,2.1817579133322402,,23.48117512639884,,26.303365010279578,
ocxktheta,4.5,0.22,3.65,0.11,3.7,0.12,100.0,100.0,350.0,2.3498714232209736,2.4103911485642944,2.245267802746567,679.8915259772134,357.1848711043258,623.2862151225854,64.576172384426,52.70024894985899,30.374008343960398,0.001304571470602561,0.0024691280200003947,0.005977370129583956,17.940082929074418,16.24585797587182,22.34284551820832,,,,4.476771413781558,0.053031360593600044,0.8531861323972488,0.10331079581591608,0.684654831684625,0.26804350356878726,0.015952062174499265,2.638247489569767,9.903037262869475,4.998725531037484,1.8446905318763123,3.5185583493241452,9.047644528977463,,4.787264769902463,,35.37445033199916,
ocxktheta,4.5,0.22,3.65,0.11,3.7,0.12,80.0,80.0,350.0,2.3549559925093635,2.4161070411985017,2.2513876529338326,695.6769678463526,384.2590999708793,604.448158071624,66.3714225833024,49.59861338061587,33.028368046899516,0.0012987648151008017,0.0025387036769876424,0.005624321979971855,17.000219565036833,21.233513077100557,22.449545657249136,,,,4.270081605310426,0.05279531768702446,1.0923448200209875,0.10622191117103107,0.9590875755081885,0.2522117479808007,2.3054364479930247,2.500032288976005,18.23356922180901,6.533388639107863,4.811313689508032,3.5353615208266356,6.519123122109289,,10.390942401778009,,29.72687649595848,
ocxktheta,4.575,0.265,3.65,0.11,3.7,0.12,170.0,170.0,350.0,2.33280506866417,2.3904551186017478,2.2117906367041202,663.3013590984162,391.502929396369,630.4791233833095,70.39285258754475,48.15889820936469,37.17648155754118,0.0012409827865564188,0.0026722574758368638,0.008398908141484883,16.16251279745851,13.905493878027592,22.52356808702998,,,,5.170525664058132,0.050446454738065805,0.019042619319984445,0.11180993622748384,0.8165633764968495,0.3766326520845239,2.4556824855270234,2.3768401172733107,20.46243981426738,4.2786135009315664,0.7119490734945738,3.547018596382674,0.8551372006411945,,12.992053822286014,,20.901103069061318,
ocxktheta,4.575,0.265,3.65,0.11,3.7,0.12,150.0,150.0,350.0,2.3343146816479403,2.3882813982521847,2.200163021223471,666.5349895353179,374.1424659489996,639.2931550131617,67.77494755417226,44.868018580287455,36.61040407767108,0.0013009684584090729,0.0032175351268396283,0.005240535574805216,17.278974783499642,24.133073136993232,23.957313039420285,,,,5.109159282604051,0.05288489668329564,0.07190802292114905,0.13462490070458696,1.337981111055118,0.2350015952827451,1.980148597747369,2.5410257034558295,15.120758753538334,7.425560965228687,0.6760874036475132,3.772805203058313,4.542327388489778,,18.937635807972082,,22.105523238997705,
ocxktheta,4.575,0.265,3.65,0.11,3.7,0.12,100.0,100.0,350.0,2.3404315605493133,2.395185480649188,2.226694981273408,690.8737094163095,389.1962974916055,634.7125271336097,67.90442531218989,46.9132397898052,35.95648724056578,0.0013001528512608484,0.0024971939852437472,0.007872824685644845,16.178893614586016,12.98050574349284,23.069609072874407,,,,4.860505668727098,0.0528517419211727,0.2169657175392469,0.10448510398509402,0.14820711778439222,0.3530414657239841,1.5990749141631548,2.3792490609685317,19.752706920494,3.9940017672285664,0.0452713175417822,3.633009302814867,4.3599643490283295,,15.242565872077321,,23.496835658370685,
ocxktheta,4.575,0.265,3.65,0.11,3.7,0.12,80.0,80.0,350.0,2.3455164419475656,2.4012466791510607,2.2331386766541823,709.0587204659214,338.05909807048005,622.0065770433757,64.47213652821942,53.42905718784115,32.18912785927969,0.0012676211774178432,0.002526973131669044,0.00918037402541785,17.15947747477982,25.785136370272756,25.988917317106687,,,,4.653803172863186,0.05152931615519689,0.47057234941676107,0.10573109337527378,0.1407478320261133,0.4116759652653744,4.2733412449884405,2.5234525698205617,4.018184021686168,7.933888113930079,2.0462083396258697,4.09274288458373,9.194173903916305,,3.4705380526808467,,31.5124939164262,
ocxktheta,4.65,0.31,3.65,0.11,3.7,0.12,170.0,170.0,350.0,2.3219347565543074,2.3734869912609238,2.204180936329588,671.7109563073922,394.6082727906877,663.2988079798249,70.49604933899465,48.01335744211671,37.66681337078064,0.0012544819536008131,0.002613081095407021,0.005927224814126011,17.337135116632876,15.874980422635238,31.161702172631745,,,,5.612408270150106,0.050995201365886714,0.6909208677437804,0.10933393704631887,1.1578055457583798,0.26579483471417087,1.2189770136187992,2.5495786936224816,21.41793008944237,4.884609360810843,4.456505193673215,4.9073546728553925,0.7097896633878139,,13.255000104576864,,19.85784389195609,
ocxktheta,4.65,0.31,3.65,0.11,3.7,0.12,150.0,150.0,350.0,2.323317328339576,2.3763860299625468,2.1852091011235957,678.3571705610002,370.85278964816047,649.2902122887709,67.04747416857734,46.902223516026154,36.48687794818823,0.0012606974670032335,0.0028274783322071854,0.00469971979920199,16.911580852208747,20.570239989522452,23.623509893124925,,,,5.556206165057892,0.05124786451232656,0.5696221772993033,0.11830453272833412,2.0085604877311347,0.2107497667803583,0.24159256455879372,2.486997184148345,14.108550660972453,6.329304612160755,2.2504271320899103,3.72023777844487,5.5669377907361435,,15.26246880573414,,22.368344791088873,
ocxktheta,4.65,0.31,3.65,0.11,3.7,0.12,100.0,100.0,350.0,2.3293933583021222,2.378165892634207,2.1957439825218477,701.1285212639793,344.161718665114,666.7976538591888,68.1646554167801,53.16535522405809,33.80379357496714,0.0012624091383973482,0.0024624528388292335,0.006915766316518666,16.26314134912035,20.41829228200955,22.028488884724116,,,,5.309213077149501,0.05131744465029871,0.49515093580724034,0.1030314995326039,1.5361442815314943,0.3101240500681016,3.1071354799969613,2.391638433694169,5.895913435419691,6.282551471387554,5.007504544754144,3.469053367673089,3.9934430749575958,,3.9469643648453694,,28.07703494687843,
ocxktheta,4.65,0.31,3.65,0.11,3.7,0.12,80.0,80.0,350.0,2.334207815230961,2.3835872284644197,2.218602833957553,717.1967618705306,313.00312532238763,676.5675344853281,63.39270004929001,49.897905307924546,32.799977387207264,0.00129011166021307,0.002399992303943657,0.0049489177436733995,16.904911436273917,14.799590567824925,23.596545390508275,,,,5.113503445895889,0.05244356342329553,0.26831680065189945,0.10041808803111535,0.5110836790334979,0.221924562496565,5.470112039783915,2.4860163876873407,3.6913460546499595,4.5537201747153615,6.546068422886316,3.7159914000800436,10.714506972830968,,9.850216245845449,,30.212814069771778,
ocxktheta,4.617613454097934,0.3400638142736948,3.66113046722053,0.1104956807871078,3.7,0.12,170.0,170.0,350.0,2.3197534082397,2.372371373283396,2.196339238451935,675.4875883019388,408.93892732558555,668.0467471077548,68.19089443401236,47.21209699988907,37.071867170263786,0.0012685795183519308,0.0026109832174365482,0.007155033825518899,17.933115518866316,16.574932935909203,21.713341278810454,,,,5.7010809658658435,0.051568273103737024,0.7375994442093784,0.10924615972537859,1.5094511904961818,0.3208535347766322,0.6635899555972374,2.637222870421517,25.827362254026326,5.099979364895139,5.204212142953504,3.419423823434717,3.9564867126586423,,14.702625113118213,,21.123686871779178,
ocxktheta,4.617613454097934,0.3400638142736948,3.66113046722053,0.1104956807871078,3.7,0.12,150.0,150.0,350.0,2.3210209488139824,2.3763153932584267,2.1936647191011236,685.9355075622202,374.9441254366942,666.1431049273416,69.0762616412425,49.71767160549474,37.63121130323751,0.0011410395911740819,0.0030283421828460016,0.007102141011853202,17.164166879131102,14.639077476026456,25.699258908621715,,,,5.649554926260879,0.046383723218458614,0.5725776879319437,0.12670887794334734,1.6293847936715868,0.3184816597243588,0.8728687591500308,2.5241421881075152,15.367423211290527,4.504331531085063,4.9044259728097,4.0471273871845215,2.7094906461373296,,10.175841724490079,,19.933592971835093,
ocxktheta,4.617613454097934,0.3400638142736948,3.66113046722053,0.1104956807871078,3.7,0.12,100.0,100.0,350.0,2.3271903495630464,2.377025018726592,2.2071157053682895,706.7016840034973,377.3775024345985,697.3638824673333,66.2715060280134,49.367524738513524,31.989802983678764,0.0011896731179836459,0.0025324584460359625,0.005566496993898728,17.357067095533584,13.875447128161186,25.91143545424161,,,,5.398766277924943,0.04836069585299373,0.5428862457492939,0.10596060443665113,1.0262015529915018,0.24961869927796984,3.9267182358084334,2.552509866990233,16.11615459526108,4.269368347126519,9.82108385312335,4.080541016416001,6.659850664769851,,10.808446723552805,,31.93658939642816,
ocxktheta,4.617613454097934,0.3400638142736948,3.66113046722053,0.1104956807871078,3.7,0.12,80.0,80.0,350.0,2.332044219725343,2.382605493133583,2.209479675405743,725.9979217896533,385.2830654278237,689.4180164312274,65.19830548059346,52.314354630177775,32.462199786823476,0.001201104875379516,0.00231500087208737,0.00895491746999976,16.206670893431063,17.269101177088306,21.94981037238455,,,,5.201454482709631,0.04882540143819171,0.3093935927371113,0.09686196117520376,0.9201939279935929,0.4015658058295856,6.7644002631843145,2.3833339549163326,18.54863551625345,5.313569592950247,8.569766367122432,3.4566630507692206,8.171400731558505,,5.4844541460202825,,30.9314898152692,
ocxktheta,4.542466170004921,0.3539888257800138,3.5859911439005705,0.1314530890111229,3.7,0.12,170.0,170.0,350.0,2.338057540574282,2.3990321598002495,2.223987865168539,689.9979969808059,363.2004876143384,651.728662495592,68.69399879601093,46.43245556913932,35.42715638752141,0.0011602859857225583,0.0034709158668040367,0.006956522752913106,18.36266367356795,18.245348024110523,20.214012438649878,,,,4.9570105457609,0.04716609698059181,0.377914635993699,0.14522660530560824,0.26960245880990097,0.31195169295574465,1.4702936736479193,2.7003917167011693,11.753996189027195,5.613953238187854,2.6344350386758975,3.1833090454566735,3.2478890197029147,,16.1111913836688,,24.6230715159119,
ocxktheta,4.542466170004921,0.3539888257800138,3.5859911439005705,0.1314530890111229,3.7,0.12,150.0,150.0,350.0,2.3393271036204744,2.4038094132334584,2.204740024968789,697.1344373702173,353.01876988490824,670.1347971341994,69.89173891817504,49.914908082127084,36.60862675085901,0.001252633765511445,0.0031163193482495787,0.005244659521777917,17.320496676797703,20.794513286199525,20.80908677133824,,,,4.905402291850635,0.05092007176875793,0.5777997168811004,0.1303899308891037,1.132734306332333,0.23518652564026532,2.5197702015025376,2.5471318642349563,8.62115996458715,6.3983117803690845,5.53303891877156,3.2770215387934236,1.5609311011619202,,9.819497593266336,,22.109304785406362,
ocxktheta,4.542466170004921,0.3539888257800138,3.5859911439005705,0.1314530890111229,3.7,0.12,100.0,100.0,350.0,2.345999238451935,2.403895031210986,2.244329662921348,721.0936929342155,379.84809268667095,671.7423766613539,70.60661444433097,56.361123466953124,32.696631589322266,0.0012621481863551536,0.0023942407523627695,0.0057253601206593,17.466908502527687,18.82821017371703,22.077983102696695,,,,4.634177298701827,0.05130683684370543,0.5813820590370714,0.10017743733735437,0.642585781226371,0.25674260630759194,6.043190137384631,2.5686630150776013,16.87633621128337,5.793295438066778,5.786201049032108,3.4768477327081406,0.5540641629141233,,1.8267813314419563,,30.432698746122842,
ocxktheta,4.542466170004921,0.3539888257800138,3.5859911439005705,0.1314530890111229,3.7,0.12,80.0,80.0,350.0,2.3512385143570538,2.4095558926342076,2.241978189762796,735.700456840617,384.67439265723056,647.9002256082898,66.28593714664453,54.25783720935311,33.38532463916436,0.0012354551449187134,0.0022779371662664818,0.0060080381859593055,16.189988675542075,15.905880226768781,22.065379049129433,,,,4.4211986033717965,0.050221753858484285,0.8182381855316915,0.09531117850487371,0.5371385543854793,0.26941875273360116,8.19124365303191,2.3808806875797166,18.361351586840172,4.894116992851933,2.031531591856664,3.474862842382588,6.639525145571087,,1.9731938403737823,,28.96739438475668,
ocxktheta,4.54246618168795,0.3539893845783146,3.609495145527265,0.1314527347395782,3.7,0.12,170.0,170.0,350.0,2.328001036204744,2.388624556803995,2.195506554307116,691.966377183731,361.2069605456268,657.7751663439827,69.69678866885576,49.05714019722714,37.43736827054804,0.0012570161295455112,0.0026276682314519393,0.0063866834203958785,17.828818084818202,12.939798884844697,21.210221282482284,,,,5.365811536392516,0.051098216648191516,0.05754992451904321,0.10994427746660834,1.5467912866764044,0.286398359659008,1.759761350548672,2.621885012473265,11.140603244808254,3.9814765799522145,3.586640369131139,3.340192327949966,1.8355089171045635,,11.369213735813657,,20.34602495628076,
ocxktheta,4.54246618168795,0.3539893845783146,3.609495145527265,0.1314527347395782,3.7,0.12,150.0,150.0,350.0,2.3296583770287143,2.391744107365793,2.2147737827715357,697.7653586199706,356.282430299496,657.4008000492331,67.19278771939031,47.32586178529648,35.236215934387815,0.001241686499351451,0.002768440261854712,0.007354143733144798,17.951539364251772,25.97290735650422,20.607498748572006,,,,5.298439958182346,0.050475060949245976,0.0729752035896514,0.11583432057969506,0.6827900102450354,0.3297822301858654,2.6125527382309683,2.63993225944879,9.625363169075696,7.991663802001298,3.5276850471233248,3.2452753934759064,5.362270817760127,,14.497088012111147,,25.02932779917486,
ocxktheta,4.54246618168795,0.3539893845783146,3.609495145527265,0.1314527347395782,3.7,0.12,100.0,100.0,350.0,2.335967952559301,2.392835855181024,2.224004756554307,721.424335631793,403.76429770510094,661.7386070388426,67.8160101929654,49.86345252165788,31.665562854787787,0.0012738348804874897,0.002376736060020397,0.007928231248009234,16.467212150390285,18.122960817057212,23.853175077190787,,,,5.041953147995897,0.051781905710873564,0.11865502849472452,0.09944502343181577,0.2688449975647045,0.35552606493314953,6.091814063498976,2.42164884564563,24.235168524646443,5.576295636017604,4.210804258085447,3.756405523967053,4.484492685964235,,9.91246156882046,,32.62646201108982,
ocxktheta,4.54246618168795,0.3539893845783146,3.609495145527265,0.1314527347395782,3.7,0.12,80.0,80.0,350.0,2.340950099875156,2.398196092384519,2.2276803870162296,738.7519806714188,385.1839780466721,648.8898375069747,68.38738168000154,51.54678115707122,33.635606942466744,0.001222352645521116,0.0023452978673197166,0.007952881064433896,17.21441386313864,23.02783245488302,22.486780635205108,,,,4.83942683434325,0.049689131931752686,0.3429327357539337,0.09812961787948604,0.10401851945158608,0.3566314378669908,8.639997157561584,2.5315314504615647,18.518147091283726,7.085486909194775,2.1873759853503443,3.5412252968826943,3.679744112673889,,6.87121742173221,,28.43487884581544,
ocxktheta,4.575,0.265,3.65,0.11,3.35,0.04,170.0,170.0,350.0,2.33202481897628,2.3904755430711613,2.2075581647940075,660.9847655525717,387.1323401887167,643.7309499766084,67.05508105340428,46.82828825182111,35.05731250673104,0.001307109883842779,0.0027500316336280676,0.006438174586232432,16.95770925343154,14.525864436818143,20.32855129367179,,,,5.202243131045536,0.0531345481236902,0.01989719963017386,0.1150640850890405,1.0063603231386782,0.28870738054853956,2.796358006974746,2.4937807725634613,19.11764313498975,4.469496749790197,1.3749527522217908,3.201346660420754,5.556223868444676,,15.396046518841723,,25.409973389933963,
ocxktheta,4.575,0.265,3.65,0.11,3.35,0.05,170.0,170.0,350.0,2.3322873782771536,2.3897180649188514,2.2040335580524344,662.7666661446303,332.5265423685243,625.9676639005932,71.25775373163397,45.59437823211064,36.497283745750934,0.0013029670440872735,0.003560207420331048,0.0063056464537300455,17.679890514547107,19.746295674455364,28.66817233578547,,,,5.191569988733592,0.0529661400035477,0.011796446909987856,0.14896265357033672,1.1644144371105645,0.28276441496547294,2.534313802260245,2.599983899198104,2.3158591903151704,6.075783284447804,1.422415133764858,4.514672808785114,0.3630334248365755,,17.625332913982582,,22.34620479627461,
ocxktheta,4.575,0.265,3.65,0.11,3.35,0.06,170.0,170.0,350.0,2.3326723720349563,2.389900786516854,2.215168876404494,660.4686484331748,415.01867882073435,634.1911566589333,69.01115232792299,45.80323668641047,34.25343094361808,0.0012939620807492767,0.0035271005097130353,0.006345783697539252,17.833760606908175,13.258258892210934,24.134391464316913,,,,5.175919835977386,0.052600084583303924,0.00415119176344532,0.1475774271846458,0.6650728069733574,0.2845642913694732,2.8722575833566397,2.6226118539570846,27.698055021764414,4.079464274526441,0.12737690410498845,3.800691569183766,2.801193904333823,,17.24799153313375,,27.120359694429624,
ocxktheta,4.575,0.265,3.65,0.11,3.35,0.085,170.0,170.0,350.0,2.3326788888888887,2.387074906367041,2.201538926342072,663.1942107859796,369.34149417064623,613.7137719165444,70.08412110387559,47.743222823736076,37.286739356079416,0.001278527527622655,0.002835466676311313,0.007496409296844567,17.859313919599366,15.296843639356146,22.394319152592924,,,,5.1756549232159035,0.051972663724498165,0.12238885493552336,0.11863877306741895,1.2762813299519205,0.336161851876438,2.4714395902971127,2.62636969405873,13.643536667891148,4.706721119801891,3.352161902906398,3.5266644334792008,1.2899702762315652,,13.743048195598782,,20.66651200834167,
ocxktheta,4.575,0.265,3.65,0.11,3.45,0.085,190.0,190.0,350.0,2.3316898626716602,2.3832183895131087,2.2108306242197253,659.4168772270301,385.6504444262781,636.2636682109354,68.80689800085466,45.8619990321867,33.9086835616685,0.0012288287537803465,0.0031065780656680604,0.006874687746353481,18.018647780037515,19.06826722602058,20.65527298471268,,,,5.21585924098942,0.04995238836505474,0.2837493927569627,0.12998234584385188,0.8596132636894469,0.30828196171988703,3.026929819554395,2.649801144123164,18.661675208085576,5.867159146467871,0.1990028678638436,3.252798895230344,3.0888760551342833,,17.141826500114362,,27.853864762407454,
ocxktheta,4.575,0.265,3.65,0.11,3.45,0.13,190.0,190.0,350.0,2.332034706616729,2.385348327091136,2.198262634207241,656.2302195358194,372.0282185075674,647.3300738040499,67.4964636887042,46.95053278789458,35.79482856304646,0.0012047375004824328,0.0036060059550529927,0.005741683152811409,17.247308008932023,13.404126860696334,22.16263711983658,,,,5.201841194441916,0.04897306912530215,0.1946306656428513,0.15087891025326328,1.423200259764972,0.257474580843561,3.495555950614794,2.5363688248429446,14.470221079251498,4.124346726368103,1.941743906149591,3.4901790739900127,4.9345581849236675,,15.175189181762278,,23.840790291390515,
ocxktheta,4.575,0.265,3.65,0.11,3.457076515,0.098264456,100.0,100.0,350.0,2.340488651685393,2.3955497627965046,2.235046404494382,689.3848607001254,344.6083381662185,652.7320145245724,67.08453388647735,49.61318504976268,34.696125823623504,0.0012905499524525532,0.0023347509114816003,0.005542465792062207,16.95105884351052,15.153106853389923,20.267226657367928,,,,4.858184890837686,0.0524613801809981,0.23220764838930674,0.0976883226561339,0.22629616566735852,0.24854106690861918,1.380126573547851,2.4928027711044884,6.033334820374928,4.662494416427668,2.7924432322161223,3.191689237380776,5.514741004961485,,10.36461598958866,,26.178455694418076,
ocxktheta,4.575,0.265,3.65,0.11,3.457076515,0.098264456,120.0,120.0,350.0,2.337210024968789,2.402749163545568,2.2107863420724096,680.3286263183101,367.2928781068332,637.9983205454254,67.71660206819654,44.74065448971861,34.25933129166049,0.0011739914818156762,0.0034379308711010165,0.008040775210005568,17.16526199877823,21.253485479339442,21.44047819937819,,,,4.99146239964272,0.04772323096811692,0.5334378052538767,0.14384647996238561,0.8615990102058445,0.36057287937244703,0.04832739975147901,2.524303235114446,13.013193263640984,6.539533993642905,0.4721764638465153,3.3764532597445966,4.624504129300653,,19.16774256600071,,27.107805762424494,
ocxktheta,4.575,0.265,3.65,0.11,3.457076515,0.098264456,130.0,130.0,350.0,2.3360809612983773,2.400017028714107,2.225008177278402,673.992425840123,335.2357007283006,666.8904026122816,69.87782199357318,41.10303504308697,33.327484971332154,0.0013296660106020184,0.0035551813470517213,0.0073808339924112225,17.73529849931586,17.534341852291032,22.12388342113531,,,,5.03735929681393,0.0540514638456105,0.41912254033920643,0.14875235761722683,0.22384855253802363,0.3309791027987095,0.883466788217203,2.608132132252332,3.149446377938655,5.395182108397241,5.0221106476034025,3.484076129312647,1.5805324034180586,,25.73977408656374,,29.090457507803926,
ocxktheta,4.575,0.265,3.65,0.11,3.457076515,0.098264456,140.0,140.0,350.0,2.3349103495630463,2.3955269288389514,2.2153265917602996,669.9417212650494,409.65566139522366,642.3619069237733,68.73517419217347,46.570937487993575,37.90049674763347,0.001271623717006303,0.002918363892008632,0.010354240073244484,16.621148897691874,22.13327197513755,20.497509664855535,,,,5.084945139713563,0.05169202101651638,0.2312522526757836,0.12210727581626074,0.6580003694932927,0.4643156983517706,1.479158637492734,2.4442866026017462,26.04789581391497,6.810237530811554,1.15935542106666,3.2279542779300052,3.189895503981022,,15.860998215007093,,19.36064521780113,
ocxktheta,4.575,0.265,3.65,0.11,3.457076515,0.098264456,150.0,150.0,350.0,2.3344571535580525,2.3936859675405744,2.20244468164794,667.8300171896925,362.89435814574404,624.7543626910611,65.82751196941024,46.84287386485305,35.8910319416809,0.0012333713502592986,0.0026274805601459858,0.0085117847088478,18.1191835729111,15.34209151946346,22.983749084581373,,,,5.10336774154258,0.05013704675850807,0.15422458328762612,0.10993642511071068,1.2356645000923687,0.3816943815626816,1.7897033544569836,2.66458581954575,11.65980250638278,4.720643544450295,1.6134861903840714,3.6194880448159643,7.285194409281354,,15.369694914447976,,23.636102251742763,
ocxktheta,4.575,0.265,3.65,0.11,3.457076515,0.098264456,160.0,160.0,350.0,2.333329762796504,2.3920004369538077,2.203868389513109,661.6440734484362,401.471426427506,618.5353102561828,70.98521911656346,47.66308601074751,40.5130459264623,0.0012853928654945061,0.0026359622405931252,0.00501738532784656,17.81925518808185,17.972379258442107,25.562626309164006,,,,5.149196634288447,0.052251742499776675,0.08370029095429217,0.11029130713778768,1.1718210980668684,0.2249948577509668,2.6994009634652665,2.6204787041296838,23.529669670001848,5.529962848751417,2.5928645265853842,4.025610442388032,0.020818145685272522,,13.887830152217685,,13.80202994369724,
ocxktheta,4.575,0.265,3.65,0.11,3.457076515,0.098264456,170.0,170.0,350.0,2.3331034581772787,2.389925493133583,2.209256903870162,662.0288463401021,348.08922397184483,634.9027248671558,68.92048068337984,45.91916337670363,37.03796686269629,0.0012144210147478432,0.0035641398734849398,0.008165045186770095,17.427641651272133,21.27751823532702,21.57432235251208,,,,5.1583960090537095,0.04936670791657899,0.0031174421094965652,0.1491271913592025,0.9301836829523688,0.36614552407040785,2.642816714690873,2.562888478128255,7.104376606721487,6.54692868779293,0.015318918558137724,3.397531079135761,2.9289004459438934,,17.038548551574294,,21.19581518575258,
ocxktheta,4.575,0.265,3.65,0.11,3.457076515,0.098264456,190.0,190.0,350.0,2.3316936454431962,2.3845735081148565,2.211361011235955,655.3808711847507,400.85970717817486,664.7211609477207,71.02290636770002,43.6793006787813,35.15114925223075,0.0012279465355349703,0.003503173533062075,0.006089673706457815,18.07300913991177,14.919050761836587,21.087996248121183,,,,5.2157054697887695,0.04991652583475489,0.22704986967128277,0.14657629845448011,0.8358290925580725,0.27307953840618004,3.6204601198895983,2.6577954617517308,23.34144836251534,4.590477157488181,4.680497787042631,3.3209442910427054,0.032262489718333766,,21.085274293078047,,25.21032073993457,
ocxktheta,4.575,0.265,3.65,0.11,3.457076515,0.098264456,200.0,200.0,350.0,2.3313668664169787,2.3835716853932585,2.1955068414481897,654.3989351189078,399.60664598559504,648.5723992205047,67.48119809571702,46.481811788146075,41.16439951646147,0.0012936559795336988,0.0035283271221499416,0.005850594041298701,17.319839970716092,15.79189715725729,26.940512888176862,,,,5.228989170041516,0.0525876414444593,0.2689671383573911,0.1476287498807507,1.5467784103950777,0.2623584771882826,3.7648624825135526,2.5470352898111903,22.955891072490783,4.859045279156089,2.1373857040164936,4.242600454831002,4.956059020116874,,16.022020256285323,,12.416171241571337,
ocxktheta,4.575,0.265,3.65,0.11,3.457076515,0.098264456,210.0,210.0,350.0,2.3309968414481896,2.3848852808988763,2.2015550936329586,653.4457064988158,413.04778529691623,655.7212241988509,70.0298069035432,45.54596086628654,35.25375885114882,0.0013419341027337815,0.003397335014720696,0.008013871038547598,17.63519223502984,14.4579051460496,21.04393033771916,,,,5.244030835439444,0.05455016677779599,0.21400498331062012,0.1421479085657195,1.2755563393292078,0.3593664142846456,3.9050431619388597,2.593410622798506,27.091626245204992,4.448586198784493,3.2631849132048667,3.314004777593569,1.36646914993915,,17.712807829653944,,24.99200244436422,
ocxktheta,4.575,0.265,3.65,0.11,3.457076515,0.098264456,220.0,220.0,350.0,2.330667702871411,2.385034756554307,2.202149288389513,652.8658401437036,390.4997651132325,627.6366887007758,67.05709465908028,48.205326759359004,35.464108472234585,0.001251101900967397,0.002612246298094828,0.005349360089578705,17.996610489632246,20.68309215948363,20.721591596705203,,,,5.257410452381669,0.050857800852333206,0.2077507717863292,0.10929900828848652,1.2489108345509825,0.2398816183667581,3.990317625925938,2.6465603661223893,20.15377388099462,6.364028356764193,1.1595765825549866,3.2632427711346774,5.553387804112285,,12.908172069812101,,24.544450059075352,
ocxktheta,4.575,0.265,3.65,0.11,3.457076515,0.098264456,230.0,230.0,350.0,2.330287016229713,2.3789258676654184,2.2054791260923845,649.4350152643817,403.7589135970148,641.8467328224679,69.75353331503035,47.02525901806435,39.32115604701832,0.001244182145421755,0.003234460160129607,0.007432468515596332,16.79729834401181,15.701361715286646,19.59392959824598,,,,5.27288551911736,0.05057650997649411,0.46335281734651734,0.135333061093289,1.099590758189035,0.3332945522688938,4.494850696414453,2.4701909329429133,24.23351187600455,4.831188220088198,1.0782256413335207,3.0856582044481855,1.7555868802389396,,15.040182442521509,,16.33796585740783,
ocxktheta,4.575,0.265,3.65,0.11,3.457076515,0.098264456,250.0,250.0,350.0,2.3295813857677903,2.3827512359550562,2.2009751186017477,648.3188236022742,427.3698960075787,621.9794617679727,71.06797783894157,48.3847546509793,38.757128977836956,0.0012019193825906886,0.0025143967657284276,0.005737390784770197,18.37712506118265,16.058759858381073,25.16054169391069,,,,5.301569684236166,0.04885851148742637,0.3032955667340544,0.1052048855953317,1.301564188262436,0.2572820979717577,4.658996529077329,2.7025183913503894,31.498429540793442,4.941156879501868,2.050478461736586,3.9622900305371167,0.09574343512897614,,12.584002437255101,,17.538023451410734,
ocxktheta,4.575,0.265,3.65,0.11,3.457076515,0.098264456,80.0,80.0,350.0,2.3454808614232205,2.400581647940075,2.220825118601748,708.9696421261974,337.3629854083807,659.0963105782422,63.554255528976384,50.90261543778077,37.74145006430688,0.0012769962341457664,0.0033292617846752233,0.005447869103343626,16.854593070725976,17.809586870789445,24.19900104851541,,,,4.65524953564144,0.05191041602218562,0.44274677573534127,0.13929965626256163,0.41142965911443746,0.24429906293020748,4.260241489146678,2.4786166280479374,3.8039955102709917,5.479872883319829,3.7946945792507396,3.810866306852821,10.486964043695233,,8.035021792627344,,19.699042416368336,
ocxktheta,4.575,0.265,3.65,0.11,3.457076515,0.098264456,100.0,100.0,350.0,2.3406496379525596,2.3955242696629213,2.2156514731585517,690.9149149078294,347.3488231749121,660.2210912163101,64.14735231964727,50.41816396127797,35.740812507926535,0.0013406480685689973,0.002383224285960304,0.008054942897196174,16.699557240194654,12.154138346522975,21.02637385414418,,,,4.851640733635786,0.054497888966219404,0.23114099008038444,0.0997164973205148,0.6434316969259315,0.36120820166798984,1.605134545269025,2.455817241205096,6.876560976896039,3.739734875853223,3.971825388395296,3.3112399770305796,9.651616451201031,,8.910272879353265,,23.955718068241417,
ocxktheta,4.575,0.265,3.65,0.11,3.457076515,0.098264456,120.0,120.0,350.0,2.337202372034956,2.4003429463171035,2.2174114232209736,677.4662252352782,357.2746516495375,642.712224074064,67.60894224363852,43.21031991632847,33.91098015670726,0.0013376446151414714,0.003403855543110571,0.010053048043847707,16.796348423882844,14.547252956281326,24.339131535389672,,,,4.991773494513975,0.05437579736347445,0.4327592601298501,0.1424207340213628,0.5645101694630655,0.45080932932052503,0.3726139359884976,2.4700512388063007,9.93066204601153,4.476077832701947,1.2145234762305528,3.832934100061366,4.776137685016164,,21.93257467691333,,27.848978389984552,
ocxktheta,4.575,0.265,3.65,0.11,3.457076515,0.098264456,130.0,130.0,350.0,2.3360883520599254,2.3994228214731588,2.2202774282147315,674.2610115796048,338.904152449129,626.9449378681159,66.01903976790857,47.1232973932014,33.21758104072428,0.0012435860568930828,0.004081358937821847,0.00741218187362216,15.936420748435616,15.153395720425147,24.70079998553948,,,,5.0370588593526255,0.05055227873549117,0.39426031268446227,0.17076815639421955,0.435989766155537,0.3323848373821596,0.8439688853522398,2.3435912865346493,4.278200753578158,4.662583298592352,1.2685137215565578,3.88988976150228,7.015436946607653,,14.863058006862879,,29.324295658033442,
ocxktheta,4.575,0.265,3.65,0.11,3.457076515,0.098264456,140.0,140.0,350.0,2.3350380399500623,2.395271448189763,2.222588651685393,670.6273339325375,392.3336165280611,626.7127951442264,68.43012035487929,47.669035057148704,31.76518335832551,0.0012205681170676195,0.002842735109032299,0.0058848634588897055,17.234720504058682,17.37639122273116,22.423998904317497,,,,5.079754473574702,0.049616590124699975,0.2205626857641281,0.11894289159130957,0.3323474580541152,0.2638952223717357,1.3783332452150803,2.5345177211851,20.71803585478803,5.346581914686511,1.3050716308304806,3.5313384101287393,3.619548795944658,,13.877082100905685,,32.41450349292445,
ocxktheta,4.575,0.265,3.65,0.11,3.457076515,0.098264456,150.0,150.0,350.0,2.334247141073658,2.393676716604245,2.2125390137328336,665.7221241566315,430.54870992248374,647.1979252127667,68.5974397427579,48.014425420285605,35.84713726672672,0.0013003288781394309,0.0025807063627690083,0.011152306393794113,17.72976947956443,16.926243595607144,21.738153501046547,,,,5.111904834404143,0.05285889748534272,0.15383751482196004,0.10797934572255265,0.7830038684827988,0.5001034257306778,2.0996876240247824,2.607319041112416,32.476526129994994,5.208074952494505,1.920933104372705,3.42333126000733,3.3838876862564797,,13.25307060472339,,23.729495177177196,
ocxktheta,4.575,0.265,3.65,0.11,3.457076515,0.098264456,160.0,160.0,350.0,2.3334448439450686,2.3903939325842694,2.1932246441947565,660.7903716263647,378.27636496634057,639.3990756710831,68.4548450626156,45.71850153444523,35.86548946599539,0.0014074139429700217,0.003747125917346445,0.005319066755972738,17.05559935586437,17.66113976314842,20.658497237936956,,,,5.14451853881835,0.057211948901220396,0.016482534906662336,0.15678351118604372,1.6491190944055378,0.2385231729135757,2.82494534906401,2.508176375862407,16.392727681950944,5.4341968501995135,0.6927678222178105,3.253306651643615,3.5847252639216847,,17.401081238581337,,23.690447944690664,
ocxktheta,4.575,0.265,3.65,0.11,3.457076515,0.098264456,170.0,170.0,350.0,2.333028202247191,2.3898321473158552,2.2074969787765295,663.6750372171972,375.59508744491745,620.0949947513996,69.42484904638331,46.30668860105656,37.60903972931139,0.0012689730154912488,0.003388540560959969,0.008322154069758557,17.556533594278573,30.610621106656673,22.598127056907074,,,,5.161455193203612,0.051584268922408485,0.007023124859618232,0.14177993978912004,1.0091040907385864,0.37319076546002494,2.4007298210004118,2.581843175629202,15.567719213820755,9.418652648202054,2.34724492103944,3.5587601664420587,2.218522469882655,,16.338412644884272,,19.980766533380017,
ocxktheta,4.575,0.265,3.65,0.11,3.457076515,0.098264456,190.0,190.0,350.0,2.3318611985018727,2.385118938826467,2.1997226966292134,657.2243880330113,371.504948968411,612.5243165409215,70.1987355351337,45.49171174514157,37.80560071943813,0.0012977731164567075,0.003611382595004734,0.007863285125766529,19.018500061827133,14.936024543144987,27.615651110003103,,,,5.2088943698425725,0.0527550047340125,0.20422850098464607,0.1511038742679805,1.357726608555453,0.3526136827697995,3.3493547010277447,2.796838244386343,14.309215067203382,4.595699859429226,3.5394777100910995,4.348921434646158,1.1285414998117,,17.810818888633115,,19.56255166076993,
ocxktheta,4.575,0.265,3.65,0.11,3.457076515,0.098264456,200.0,200.0,350.0,2.33147897627965,2.381348676654182,2.199549213483146,657.0375060841587,423.1536079155216,637.8080300492346,69.7487116805423,45.17091397176182,40.13980320708815,0.0012613054549500077,0.0027923523231438356,0.009354520551883884,17.760462820121454,18.36657594771222,23.648843839922982,,,,5.224431858550805,0.05127257946951251,0.3619800563103801,0.11683482523614375,1.365506121832016,0.4194852265418782,3.376837340564892,2.61183276766492,30.201110127852804,5.651254137757607,0.4422094565723806,3.7242273763658242,1.762377914729155,,18.390399328343598,,14.596163389174148,
ocxktheta,4.575,0.265,3.65,0.11,3.457076515,0.098264456,210.0,210.0,350.0,2.3309293508114854,2.3809329962546815,2.2082011111111113,652.7237931399445,427.7122370654208,648.0277341742237,70.12041128810036,46.255380856618686,35.37776656299614,0.0012484468663213069,0.002892470572233354,0.007275256998133397,17.77570823799876,15.552586882089193,21.796248506811988,,,,5.246774357256688,0.050749872614687275,0.3793725416451321,0.12102387331520308,0.9775286497259508,0.3262447084364752,4.01120689118463,2.6140747408821707,31.60376525089871,4.785411348335136,2.051611680980114,3.432480079812912,1.2388573407037229,,16.43110956347121,,24.728156248944376,
ocxktheta,4.575,0.265,3.65,0.11,3.457076515,0.098264456,220.0,220.0,350.0,2.330672197253433,2.3813501622971285,2.197179213483146,650.3097500536596,406.1304822628609,638.0030898923291,67.96084075171241,45.02147134062762,34.54887033398055,0.0013378154454342464,0.0033435978897927788,0.004143188356280457,18.17819898909146,15.457498823634634,21.63939739085809,,,,5.257227753925487,0.05438274168431896,0.361917895517642,0.13989949329676898,1.471784148737845,0.18579319983320436,4.366213227402996,2.673264557219332,24.963225311649502,4.756153484195272,0.47292754209906424,3.4077791166705653,4.280505983503647,,18.660395048549923,,26.491765246849887,
ocxktheta,4.575,0.265,3.65,0.11,3.457076515,0.098264456,230.0,230.0,350.0,2.330349675405743,2.3791308739076156,2.1968555805243444,648.6489741002158,385.9726433814741,650.5004470131831,70.37844038905504,45.216626635155805,37.52675758856414,0.0012033530838897074,0.0031492064056410857,0.009055928552270066,17.823233506502817,19.134746223643656,20.503634118321962,,,,5.270338398140532,0.048916792028036886,0.454775150308977,0.1317659583950245,1.4862968374733456,0.4060954507744424,4.610444985262381,2.6210637509562966,18.76081334814587,5.887614222659586,2.441015277666635,3.22891875879086,0.8754360717534597,,18.30781095726142,,20.155834917948646,
ocxktheta,4.575,0.265,3.65,0.11,3.457076515,0.098264456,250.0,250.0,350.0,2.3297742197253433,2.379135917602996,2.197160898876404,649.6443349179897,392.85092961303275,627.9637214355205,69.4576788796506,45.55543542804032,35.52144200091068,0.0012255498446250223,0.0033902266426010957,0.005551696379577256,18.229374766800937,18.688736839983783,20.961930965538535,,,,5.29373090547385,0.04981909937500091,0.4545641170294599,0.14185048713812115,1.4726054315513804,0.24895499459987694,4.464068394413282,2.680790406882491,20.877209111702385,5.7503805661488565,1.1080753644849632,3.30109149063599,2.1722832680977455,,17.695690283576663,,24.422463827849615,
ocxktheta,4.575,0.265,3.65,0.11,3.4,0.085,170.0,170.0,350.0,2.3377940449438204,2.412738464419476,2.2129232459425716,646.9160321649595,386.1476267044694,615.041176592604,69.74622309499526,45.56092949094632,37.54846104049735,0.0014823050859986712,0.003197017362174458,0.00549344424752692,18.228450428149706,16.20146322315716,19.69885634511934,,,,4.967721750251203,0.06025630430888907,0.9514001849153008,0.13376641682738316,0.7657737245483572,0.24634279136892018,4.865289387505961,2.680654474727898,18.814654370605975,4.9850656071252795,3.143121796440321,3.1021821015935966,1.7658829647954106,,17.685764243999422,,20.109657360643933,
ocxktheta,4.575,0.265,3.65,0.11,3.4,0.098264456,170.0,170.0,350.0,2.338175942571785,2.4046664918851435,2.2104255056179776,646.3557300561492,366.8680372754216,607.1409753950807,67.56495197386198,46.245666803575446,38.79572965416107,0.0013449097150730503,0.003022200366082061,0.004035114220846905,18.43578092537098,14.180505160265716,21.33260380891167,,,,4.952197456431495,0.05467112662898578,0.6136607483323577,0.12645189816242933,0.8777800171310498,0.18094682604694642,4.947686756448641,2.711144253731027,12.882473007822034,4.3632323570048355,4.387247969278636,3.3594651667577438,4.838095811462,,16.44865979480498,,17.455894352848784,
ocxktheta,4.575,0.265,3.65,0.11,3.4,0.13,170.0,170.0,350.0,2.3388828464419475,2.4071919101123593,2.214263583021223,651.3775129503255,366.54658676300664,615.1377744879501,69.26953517842193,46.71181553799941,37.85205629421299,0.0012887137531820058,0.003992105737816838,0.004802662440866668,18.567499902868416,24.355622634317776,27.22303015010046,,,,4.923461526750098,0.05238673793422788,0.7193267829439,0.16703371287936558,0.7056689228151037,0.2153660287384156,4.209189272010961,2.7305146915982967,12.783565157848198,7.4940377336362385,3.12790952945668,4.287091362220544,2.437274396588827,,15.606475992774323,,19.46371001231278,
ocxktheta,4.575,0.265,3.65,0.11,3.45,0.085,170.0,170.0,350.0,2.337256891385768,2.4071489513108615,2.219644269662921,650.7634756369121,390.24364806792084,605.076440508636,67.76630731506,46.79776209294083,37.58068149348144,0.001312792995653993,0.0043146380090195715,0.004372143181231722,17.945341274081205,18.47150788116273,21.124875615379686,,,,4.989557260741142,0.0533655689290241,0.7175293435506844,0.18052878698826658,0.4643825263264093,0.1960602323422297,4.299488876924697,2.639020775600177,20.074968636283334,5.683540886511609,4.712371573443153,3.326752065414124,4.554496739352107,,15.451197664063546,,20.04110320535863,
ocxktheta,4.575,0.265,3.65,0.11,3.45,0.098264456,170.0,170.0,350.0,2.3374270287141075,2.405675905118602,2.220221260923845,649.7906589830101,366.8406854055398,604.083373872899,70.05154843660743,44.379025129444955,36.21697483872635,0.001298390603949552,0.00419210728166471,0.0050040394465954915,18.652449449510023,21.548956210288388,20.85465236070752,,,,4.982641109182622,0.05278010585160781,0.6558956116569761,0.17540197831233098,0.4385084787513357,0.22439638773970816,4.442550149557341,2.743007271986768,12.874057047858392,6.63044806470412,4.868760020015912,3.284197222158664,1.3358472723838968,,19.821092810397555,,22.942606726114146,
ocxktheta,4.575,0.265,3.65,0.11,3.45,0.13,170.0,170.0,350.0,2.3379037827715354,2.399309850187266,2.2075382397003747,656.4420251039008,423.13799345169116,612.8724040329483,68.85826758092037,48.81762875950978,37.342162031152725,0.0014224447433038732,0.0029059965549752638,0.004656495492585801,17.34238790650053,14.918638984092553,20.03897789838813,,,,4.963260862945713,0.05782295704487289,0.38953348063874194,0.1215898140157014,1.0072538250953058,0.20881145706662785,3.464408072955758,2.5503511627206663,30.196305677443434,4.590350456643863,3.48466078221286,3.1557445509272646,3.0165245339149727,,11.801935393839605,,20.54859142307931,
ocxktheta,4.575,0.265,3.65,0.11,3.457076515,0.085,170.0,170.0,350.0,2.337141797752809,2.4084174157303373,2.2117242571785267,649.0132037824135,368.0671054276773,609.7922996419792,67.23895940270287,45.76123432742291,37.73076217753339,0.0013842647918822927,0.0029543249970513195,0.007645055606650385,18.374707368667824,42.804966861760626,25.90258187557514,,,,4.9942358637069475,0.056270926499280186,0.7706031686333544,0.12361192456281672,0.819540036837366,0.34282760567938947,4.556881796703899,2.7021628483335034,13.251417054669934,13.170759034387883,3.9697165918143016,4.079146752059078,5.297240277883275,,17.323876553888148,,19.721782600992782,
ocxktheta,4.575,0.265,3.65,0.11,3.457076515,0.098264456,170.0,170.0,350.0,2.3370693133583025,2.4048004619225964,2.2141931335830214,651.104876294056,357.82404850232126,609.2211372092532,67.63154989215658,45.50054643485926,38.9563009234452,0.0013228563425156286,0.004188820587153479,0.005167448770271777,18.599926893447748,20.19942389671867,23.29916724317923,,,,4.997182383808841,0.053774648069741006,0.6192661892299715,0.1752644597135347,0.7088280904474705,0.23172416010187338,4.249282897932941,2.7352833666834924,10.099707231483466,6.215207352836514,4.059663431613663,3.6691601957762567,4.744295926540022,,17.794857389594835,,17.114253354371918,
ocxktheta,4.575,0.265,3.65,0.11,3.457076515,0.13,170.0,170.0,350.0,2.337980936329588,2.402436129837703,2.202927540574282,655.916074973275,382.13730350566243,620.4913748669983,68.63450727623785,46.980711489153634,39.43044073561805,0.001290106486764173,0.004039813764658107,0.007297892337426215,17.481488545703318,13.834529168898971,23.67341360211182,,,,4.96012453944764,0.05244335312049485,0.5203401605733441,0.16902986463004632,1.2140116334402644,0.32725974607292446,3.5417536804007286,2.5708071390740175,17.580708770973054,4.256778205815068,2.2848228555908214,3.7280966302538303,3.3316798926227396,,15.120665782920264,,16.105445243365853,
ocxktheta,4.575,0.265,3.65,0.11,3.4,0.085,160.0,160.0,350.0,2.3385886641697877,2.414436716604245,2.2218060923845195,650.1001043602795,416.1211492973826,616.4921807973454,69.34946560606565,48.57615646946299,37.60231369657926,0.001351852188046865,0.0031674308723058887,0.0049296571215911664,18.22554456317404,15.586102335987034,23.015169366400823,,,,4.935420155699685,0.05495334097751483,1.0224567616838893,0.1325284883809995,0.36743980338477333,0.2210608574704559,4.397043476429487,2.680227141643241,28.037276706886953,4.7957237956883185,2.9146171972684347,3.624436120693043,2.3246963294850005,,12.238199693833812,,19.995077241320725,
ocxktheta,4.575,0.265,3.65,0.11,3.4,0.098264456,160.0,160.0,350.0,2.339096928838951,2.412610074906367,2.2218841198501873,654.6078829106506,373.026657148105,619.6100397475046,67.68389603908494,47.6770117753893,39.984100114515286,0.0014242141890108253,0.004099784353399826,0.004435322170442414,17.842591875708838,19.732449913584006,23.5979196285124,,,,4.914758990286537,0.05789488573214737,0.9460282387601122,0.17153909428451156,0.36394081389294536,0.19889337087185713,3.734134866080798,2.623910569957182,14.777432968647696,6.07152305033354,2.423615787794547,3.716207815513764,4.670568959035292,,13.862670685836852,,14.927446564861095,
ocxktheta,4.575,0.265,3.65,0.11,3.4,0.13,160.0,160.0,350.0,2.3394443196004993,2.4101684019975034,2.2180060049937578,656.611475881146,387.7149264185918,622.3068947694659,66.16671973434742,45.270142029883715,36.50924685836759,0.001336829389910257,0.0029815600686881995,0.005328308387281563,17.807596976327194,15.953225380081912,22.306340646725666,,,,4.90063741461385,0.05434265812643321,0.8438661923641526,0.12475146730912967,0.53784730969696,0.23893759584222254,3.4394888410079383,2.6187642612245874,19.296900436489786,4.908684732332897,1.9989142095329315,3.5128095506654593,6.807436993876867,,18.211125510598528,,22.32075136517534,
ocxktheta,4.575,0.265,3.65,0.11,3.45,0.085,160.0,160.0,350.0,2.3380265418227215,2.4104304619225965,2.218085156054931,650.8996725972468,384.90764914300485,611.2095199047551,67.45154639204961,43.39915260938845,35.785735220090075,0.0013039298873256857,0.004322220512810605,0.0054606939812505955,17.480533920829572,17.664952002609642,20.927179905154755,,,,4.958270657612945,0.05300527997258885,0.8548310427864578,0.18084604656111314,0.5342979347564538,0.24487416956280694,4.279459912169593,2.5706667530631724,18.43312281323226,5.435369846956813,3.746532298463764,3.295618882701536,4.997821983028722,,21.591413533173533,,23.860137829595583,
ocxktheta,4.575,0.265,3.65,0.11,3.45,0.098264456,160.0,160.0,350.0,2.3381815605493133,2.4092239575530585,2.2087825468164795,652.8644652475854,353.32792225347754,627.0836325108589,67.15394163692638,46.608258043906126,41.66606731804378,0.0013505421824740232,0.0029777701713188066,0.0045610923040010996,18.244386288019662,23.60912091989115,22.3990988489053,,,,4.951969083361249,0.05490008871845623,0.8043496884124849,0.1245928941974396,0.9514552997094408,0.2045332871749372,3.990519816531563,2.682997983532303,8.71628377030078,7.264344898428047,1.246672045534026,3.52741714155989,5.41698360996285,,15.793571736393632,,11.348792940332382,
ocxktheta,4.575,0.265,3.65,0.11,3.45,0.13,160.0,160.0,350.0,2.338740836454432,2.4061451310861424,2.2170935330836454,657.5404569565601,366.61268779106285,626.3271418021928,67.74478847767706,46.01425025264959,38.08906233011735,0.001283488088947232,0.0030581035404389045,0.006415470277128297,17.192910659202266,12.727966406054332,23.11457946458816,,,,4.9292342904702435,0.052174312558830566,0.6755284973281271,0.1279541230309165,0.5787653325719531,0.28768925009543933,3.302873976976457,2.528369214588569,12.803903935711647,3.916297355709025,1.3658044405995526,3.640091254265852,4.584804961018222,,16.866756544445188,,18.959441850814148,
ocxktheta,4.575,0.265,3.65,0.11,3.457076515,0.085,160.0,160.0,350.0,2.3379862172284644,2.410032509363296,2.213882459425718,651.1256572125671,410.65411759301213,623.9999291359203,67.30394702959802,45.54407700065329,34.464365766662524,0.0013198012341836874,0.004286567049542637,0.004813219563729063,17.597452151988215,16.27983707488586,18.968826815848615,,,,4.959909868761606,0.05365045667413363,0.8381803080877002,0.17935426985534045,0.7227596670081687,0.21583944231968893,4.246226880504831,2.587860610586502,26.35511310554219,5.009180638426419,1.73229462426452,2.9872168213934827,5.205708409016872,,17.716211380933537,,26.671562198590372,
ocxktheta,4.575,0.265,3.65,0.11,3.457076515,0.13,160.0,160.0,350.0,2.3386602247191015,2.4057368664169787,2.2114713483146065,659.300117740336,366.7031585449854,618.8069321866795,68.92780813928067,43.41982188461672,37.66631153174603,0.0013340621984893376,0.0036969268377103834,0.006712758146229851,19.328052963275162,23.846407737146134,21.37602966446561,,,,4.932511190280425,0.05423017067029827,0.65844629359743,0.15468313128495328,0.8308812414974676,0.30102054467398437,3.0441003323035347,2.8423607298934064,12.831741090764739,7.337356226814195,2.550089419420544,3.3663038841678126,2.9185800855201816,,21.554070669165824,,19.85891163458291,
ocxktheta,4.783425252,0.26020483,3.615604502,0.038971308,3.615604502,0.038971308,70.0,70.0,350.0,2.4639954806491886,2.5117668664169788,2.2894219350811484,608.7283580289456,373.17611546822286,663.2965008635174,62.40382560079533,52.80573082966469,35.10580135085123,0.0014731386730167677,0.0038531286694559394,0.009173264774647052,17.423967576806195,13.176536644368825,40.466112323551826,,,,0.16241791256864402,0.05988368589499055,5.0948479672376,0.16121877278058325,2.664660765970783,0.411357164782379,10.481123819272698,2.5623481730597346,14.823420144068573,4.0543189674981,4.456141868270456,6.37261611394517,12.107287886203762,,4.596692267995143,,25.306805636486747,
ocxktheta,4.783425252,0.26020483,3.615604502,0.038971308,3.615604502,0.038971308,80.0,80.0,350.0,2.4592154681647935,2.488037003745318,2.292803171036205,605.7160311064212,346.74165357088253,581.9518165705596,66.92876529531215,48.53171672183531,37.07409730650196,0.0015037237318728993,0.00801657690421766,0.01922152850144754,17.087082129624413,19.08219944495025,35.71995867358124,,,,0.03189153801652182,0.061126980970443064,4.101966683904518,0.3354216277915339,2.8162856966908034,0.8619519507375579,10.924113072585124,2.512806195533002,6.6897395602715495,5.871445983061615,8.354044634557548,5.625190342296259,5.7341333868843005,,12.318488307433952,,21.118941901059657,
ocxktheta,4.783425252,0.26020483,3.615604502,0.038971308,3.615604502,0.038971308,90.0,90.0,350.0,2.45554581772784,2.3996755930087392,2.282772234706617,601.0273479532924,301.49889480586484,717.2360325078888,66.22907224852122,43.105401631356585,40.494478765462134,0.0014439799554479074,0.02082191469171725,0.005622114315348268,17.070052327408842,15.573905881606812,41.13043976786532,,,,0.18106432000650366,0.05869837217267916,0.40483652756230554,0.8712098197371233,2.366467924063536,0.2521127495671869,11.61362530098641,2.5103018128542414,7.2311092905031265,4.7919710404944045,12.950556300454931,6.4772346091126485,6.7196165513785635,,22.12212894063851,,13.841534541569928,
ocxktheta,4.783425252,0.26020483,3.615604502,0.038971308,3.615604502,0.038971308,100.0,100.0,350.0,2.4527748689138575,2.4713564419475653,2.2849194506866417,596.7787332120389,322.20404049523074,758.42997167356,65.67160716166325,46.45201105336737,41.02218651542279,0.0014123597325203373,0.023225586272459048,0.012810272126222674,17.1624234645995,13.266681245673963,59.25432672640366,,,,0.2937045156968464,0.05741299725692429,3.404035227931598,0.9717818524041443,2.4627556361722744,0.5744516648530348,12.238421586464868,2.5238858036175733,0.8602952322366946,4.082055767899681,19.437790814733855,9.33139003565412,7.504778645544723,,16.075860788857508,,12.718752094845131,
ocxktheta,4.783425252,0.26020483,3.615604502,0.038971308,3.615604502,0.038971308,110.0,110.0,350.0,2.4505262671660426,2.423594731585518,2.315447016229713,593.7864545007469,329.56175626185893,671.3136054155547,66.87039624523652,43.451042032481105,38.59899247307523,0.001534194389095807,0.0026959544152514105,0.004845415122668675,18.04023693987698,14.960793648631958,52.2791594702312,,,,0.3851110908112748,0.06236562557300029,1.4056373048333826,0.11280143996867825,3.8317047636642583,0.2172831893573397,12.678462573419571,2.652976020570144,1.4036173113412098,4.603321122655987,5.7186780181975845,8.232938499249007,5.816343316568281,,21.497665704641182,,17.874484099839943,
ocxktheta,4.783425252,0.26020483,3.615604502,0.038971308,3.615604502,0.038971308,120.0,120.0,350.0,2.448450274656679,2.4798081897627964,2.353571410736579,589.1396445261347,360.94369132044903,650.0993367173957,70.62126325785772,50.5499991392119,20.973944664338745,0.0014358000120035551,0.0063278461654772454,0.00544230522226884,18.028257961007697,28.137286511243797,81.01361712223176,,,,0.4695010302163006,0.058365854146485985,3.757664843631642,0.2647634378860772,5.541318867111169,0.2440495615367193,13.361816981450778,2.6512144060305434,11.059597329368934,8.657626618844246,2.3778483019520724,12.75804994050894,0.5334320311863099,,8.672088276039933,,55.37458582055586,
ocxktheta,4.783425252,0.26020483,3.615604502,0.038971308,3.615604502,0.038971308,130.0,130.0,350.0,2.4471734831460674,2.4133895505617975,2.3399295505617976,587.5036506126731,397.7323050750378,732.9721340820817,68.41772225112095,45.651773634300454,28.197189949927516,0.0014325389968611864,0.0035693118101046886,0.018824335739880772,17.83458073698156,17.83519153431348,86.84666598819388,,,,0.5214031241435995,0.058233292555332786,0.9786422829203919,0.1493435903809493,4.929576258376576,0.8441406161381513,13.602404321665714,2.6227324613208176,22.379170792319325,5.487751241327225,15.428682532611283,13.676640313101398,3.637010913914156,,17.521637517072353,,40.005978829941455,
ocxktheta,4.783425252,0.26020483,3.615604502,0.038971308,3.615604502,0.038971308,140.0,140.0,350.0,2.445685805243446,2.4431604369538076,2.350680611735331,586.8977923741312,345.34612641830614,654.7898609276999,67.74954373136455,42.399368055508894,32.640127157003434,0.0015074294782915945,0.005649069961846171,0.0050659105795811425,18.37815801963844,26.418880337190735,48.25687250090595,,,,0.5818778356322827,0.061277621068764006,2.224286065012864,0.2363627599098816,5.4116866249027336,0.22717087800812297,13.691501121451294,2.702670297005653,6.2603465902480435,8.128886257597149,3.1165135319212474,7.599507480457629,4.578107420613304,,23.39770902347083,,30.55292094254588,
ocxktheta,4.783425252,0.26020483,3.615604502,0.038971308,3.615604502,0.038971308,150.0,150.0,350.0,2.4446235330836457,2.407513483146068,2.3100059425717854,585.7465418819461,360.3555513763201,531.9598009209286,66.70951275079946,34.50688207654072,35.793794728710026,0.001384911324495759,0.017687539667164805,0.0058195306848317155,17.223502347629914,15.948699139383102,45.32143748363684,,,,0.6250596307461099,0.05629720831283573,0.7327817215927912,0.7400644212202847,3.5877104292280446,0.2609655015619603,13.860802664419694,2.5328679922985167,10.878631192713872,4.907292042887108,16.226803004578173,7.137234249391629,6.042939787606392,,37.65694295114594,,23.842989938914837,
ocxktheta,4.783425252,0.26020483,3.615604502,0.038971308,3.615604502,0.038971308,160.0,160.0,350.0,2.443500961298377,2.405411560549313,2.307744556803995,585.3650670730823,355.0847577041803,598.0682031239558,70.23375252476325,35.38488213260397,32.96758622696624,0.0014527952194821935,0.010421256447120065,0.009436433984010152,19.32943582763292,17.765500379305834,25.77401266799907,,,,0.6706926301472698,0.059056716239113564,0.6448351694273234,0.43603583460753403,3.4863029956948406,0.42315847461928935,13.916901901017312,2.8425640922989586,9.25684852436316,5.46630780901718,5.816031004101456,4.058899632755759,1.0792217961081028,,36.07067365383203,,29.856199517093103,
ocxktheta,4.783425252,0.26020483,3.615604502,0.038971308,3.615604502,0.038971308,170.0,170.0,350.0,2.442761872659176,2.407223383270911,2.3132187016229713,584.1369486449049,378.68518352207013,594.1118038209553,69.7080703962545,39.18708661495644,27.59423005771661,0.001462055740648783,0.005171860246968181,0.011738313978681516,19.81092041265989,23.91588273449356,37.39829173006667,,,,0.7007368837733322,0.05943316018897492,0.7206436515025522,0.21639582623297826,3.7317803418372777,0.5263817927659873,14.097507552219865,2.913370648920572,16.51851800679081,7.358733149074942,6.439086012447986,5.88949476064042,1.8196191602049314,,29.201288861867315,,41.28887221762423,
ocxktheta,4.783425252,0.26020483,3.615604502,0.038971308,3.615604502,0.038971308,180.0,180.0,350.0,2.4417998127340823,2.4127138701622974,2.2746843820224716,584.0635955334014,368.79889714444323,567.8556033144802,69.45825824451526,36.50672422727357,42.503423617621195,0.0013962560975292562,0.0044524196795811015,0.009670591328811106,17.443090236103547,16.86649163543315,26.720202117500634,,,,0.7398450108096608,0.05675837794834375,0.9503711364977954,0.18629371044272391,2.003783947196036,0.4336588039825608,14.108294774499788,2.5651603288387568,13.476583736751765,5.189689733979431,10.57392073787714,4.207905845275691,2.1714672612461072,,34.043858667979094,,9.56718379229533,
ocxktheta,4.783425252,0.26020483,3.615604502,0.038971308,3.615604502,0.038971308,190.0,190.0,350.0,2.4413283645443196,2.407964581772784,2.343112571785268,580.4038910635154,330.0370534062295,622.088614818656,70.8706811725176,35.855099128637576,44.449550139904325,0.0013805397303016421,0.011719335757888217,0.00845731293778661,18.790721638241603,21.463524931935375,68.22497052359178,,,,0.7590095713691221,0.05611950123177407,0.7516561411206617,0.4903487764806785,5.072312636110678,0.37925170124603635,14.646486608306558,2.763341417388471,1.5498625865321594,6.604161517518577,2.033289004936068,10.744089846234926,0.18213919363717368,,35.221139785659304,,5.426489064033351,
ocxktheta,4.783425252,0.26020483,3.615604502,0.038971308,3.615604502,0.038971308,200.0,200.0,350.0,2.4406045193508112,2.4484389513108615,2.3293116354556807,581.3243885592659,382.22797269859365,573.5054644029854,72.79842373460747,41.866465812647505,29.865466136504356,0.0014341072309759727,0.018368230029016847,0.017696362371881436,18.566278979769866,14.975244126634669,44.89517909993437,,,,0.7884341727312489,0.05829704190959239,2.4451444063121928,0.7685451894986128,4.453436567519312,0.793558850757015,14.511119329519719,2.7303351440838037,17.60860698418266,4.607767423579898,9.684178834175535,7.0701069448715534,2.5329911755034757,,24.36049537010388,,36.45645502871414,
ocxktheta,4.783425252,0.26020483,3.615604502,0.038971308,3.615604502,0.038971308,90.0,90.0,330.0,2.4618888514357056,2.4293103745318354,2.282205218476904,593.8988022274278,290.1981225812867,628.1321593153813,67.1208736781968,31.848739567124568,31.02534219382362,0.0014202336706158887,0.0025738068322138236,0.015186676388646007,17.059720631994907,21.19705324328257,51.16571443390597,,,,0.07678257868721981,0.05773307604129629,1.6447855452650744,0.10769066243572482,2.3410411873051102,0.6810168784146192,12.66194084890767,2.5087824458816037,10.7082699749887,6.52217022870233,1.0815497141131853,8.05759282423716,5.463558199722815,,42.4593684424127,,33.98863363016251,
ocxktheta,4.783425252,0.26020483,3.615604502,0.038971308,3.615604502,0.038971308,90.0,90.0,340.0,2.458564756554307,2.479415830212235,2.362557016229713,596.2255979361627,329.4964941826646,561.4208420790322,65.68182571906515,51.09945363068504,29.6611371228086,0.0014217862785630296,0.03206633206871556,0.005386623567782167,16.690572084619422,16.76000673810449,52.0023532256065,,,,0.05834322949970695,0.057796190185489,3.741248126034927,1.341687534255881,5.944260817475917,0.24155262635794472,12.319765009387844,2.454495894796974,1.3835366715891093,5.156925150185996,11.58726896393193,8.18934696466244,7.490386311175851,,7.679397234534708,,36.891197611045534,
ocxktheta,4.783425252,0.26020483,3.615604502,0.038971308,3.615604502,0.038971308,90.0,90.0,350.0,2.4557583645443195,2.452189687890137,2.2826199625468164,598.8247048112542,346.33536122234534,602.6105133850817,64.29170581447283,44.598684783625586,40.61663986525179,0.001390791212562593,0.017788825425740333,0.007272153850379918,17.00865285179823,20.7333946014011,36.630189914376004,,,,0.17242420551546583,0.05653622815295093,2.602078991219117,0.7443023190686332,2.3596395760904234,0.32610555382869594,11.937543410109683,2.5012724782056224,6.564726529952413,6.3795060312003375,5.100706553530436,5.768533844783623,9.448301669756571,,19.424237066620442,,13.581617307974913,
ocxktheta,4.783425252,0.26020483,3.615604502,0.038971308,3.615604502,0.038971308,90.0,90.0,360.0,2.4527251560549317,2.3804022097378277,2.276983695380774,606.706942458602,348.7712499563097,601.927768017572,65.72132011196327,22.327521795512375,37.31969970588288,0.0014458476776155979,0.003588323039520702,0.007418914868570139,17.279527938684748,15.652012233682692,64.1824538447908,,,,0.29572536362066165,0.05877429583803244,0.4015811825176755,0.1501390393104896,2.106892169541428,0.3326867654067327,10.778390814911464,2.5411070498065804,7.314230755787601,4.816003764210059,5.208225509043777,10.107473046423747,7.43476040568554,,59.66120723484666,,20.596383604504503,
ocxktheta,4.783425252,0.26020483,3.615604502,0.038971308,3.615604502,0.038971308,90.0,90.0,370.0,2.450292446941323,2.408674169787765,2.2875327091136084,606.4587111619177,337.724792673684,668.6114460073045,66.84403552130553,27.09545796593507,29.527752145908153,0.0013586982759221287,0.022155786018355026,0.01765327811701071,16.68451420098401,18.216315679406378,73.98118170493511,,,,0.3946159779949905,0.05523163723260686,0.7813460162244785,0.9270203354960261,2.579942112717866,0.7916268213906149,10.814895417365047,2.4536050295564724,3.9153208226720064,5.605020209048116,5.293141103512519,11.650579796052773,5.853471096752777,,51.047049745374764,,37.17499543423797,
ocxktheta,4.783425252,0.26020483,3.615604502,0.038971308,3.615604502,0.038971308,95.0,95.0,330.0,2.4602743445692883,2.4215149313358304,2.294592784019975,591.9421667039479,332.17906505315756,635.8647576273124,66.6728016087018,48.09663880066485,34.60909484783664,0.0014767365544075815,0.014629733226430661,0.026228660847716655,17.422673803185994,15.57387963689972,37.50500211085593,,,,0.01115221826375287,0.06002994123608055,1.318616373884112,0.6121227291393582,2.8965373999988757,1.1761731321846034,12.949681367066484,2.5621579122332343,2.2089430932792484,4.7919629651999145,0.13618230351376828,5.906299545016683,6.094645621546756,,13.104536945501632,,26.363627983326307,
ocxktheta,4.783425252,0.26020483,3.615604502,0.038971308,3.615604502,0.038971308,95.0,95.0,340.0,2.4571131460674156,2.446719238451935,2.285206491885144,595.4228371641481,380.52416742865455,700.7973902469658,65.55506481341027,39.105704289299936,37.024985608030775,0.001517562796027773,0.043631906674408805,0.009865439767326468,17.269107736035554,14.955882954934578,48.317471984350554,,,,0.11735178587741324,0.06168954455397451,2.373189893386394,1.8256027897242177,2.4756274387956867,0.44239640212226317,12.437818064095874,2.5395746670640524,17.08435920881678,4.60181013997987,10.36179373967966,7.609050706196937,7.668922798013706,,29.348321067208786,,21.223434876530266,
ocxktheta,4.783425252,0.26020483,3.615604502,0.038971308,3.615604502,0.038971308,95.0,95.0,350.0,2.4542812109862675,2.4225279650436953,2.2851192009987518,597.1933159134493,382.8691050430113,632.3468701796852,64.25487649283923,43.292852245048906,41.0275625691152,0.001430568036368477,0.0025913660931594614,0.006708975526173802,17.193907845589052,15.088596366184262,50.02576223890771,,,,0.23247109811920574,0.05815317221010069,1.361002721493521,0.10842535954642096,2.4717130492713806,0.30085092045622436,12.177453542139812,2.5285158596454487,17.805878474772708,4.642645035749004,0.41781571973461457,7.878072793528773,9.500173953747563,,21.783464778592762,,12.707313682733623,
ocxktheta,4.783425252,0.26020483,3.615604502,0.038971308,3.615604502,0.038971308,95.0,95.0,360.0,2.45132379525593,2.4262490387016227,2.279192609238452,599.9357040523346,318.311023700147,707.9257480427516,68.00774682221964,42.028955281007434,36.93844093535266,0.001411121035924089,0.003697971430358853,0.00529919699656133,17.30856992456771,19.751801922525274,55.28573445819985,,,,0.35269124975894506,0.05736264373675158,1.516696179984207,0.15472683809032856,2.2059466026211574,0.23763215231216725,11.774161168774326,2.545377930083487,2.0581465538009174,6.077477514623161,11.484369770512062,8.706414875307063,4.21444109546529,,24.066928128261186,,21.407572477973066,
ocxktheta,4.783425252,0.26020483,3.615604502,0.038971308,3.615604502,0.038971308,95.0,95.0,370.0,2.4487197378277155,2.38401202247191,2.3544222471910117,604.2679195948085,364.84991547823876,683.6379691625823,66.32895239924622,42.26565881836247,21.71049243957312,0.0015051264253144248,0.012628741273559074,0.006366126329552401,17.06098898893204,16.81206503998481,34.29570644313689,,,,0.4585472427757929,0.06118400102904166,0.250542992807122,0.5283992164669068,5.579472968206803,0.28547651702028704,11.137070647822277,2.508968968960594,12.261512454842693,5.172943089226095,7.659522702768865,5.4008986524625024,6.5789402827518035,,23.639279460953084,,53.80746289452528,
ocxktheta,4.783425252,0.26020483,3.615604502,0.038971308,3.615604502,0.038971308,90.0,90.0,300.0,2.472540012484395,2.4537415355805243,2.2935936329588014,577.6075143107811,366.6094000011355,616.0876886466115,63.965844835382484,48.06310213428598,33.68884764287573,0.0015590654652207364,0.003190158187934415,0.009418398054346206,17.25596980947727,20.83728897242746,45.02114767647196,,,,0.5097566050567011,0.06337664492767221,2.6670098569256986,0.13347942208930605,2.8517324196771923,0.4223496885357043,15.057718483708666,2.537642619040775,12.802892308041692,6.4114735299776795,2.978316748565123,7.089944515979837,9.907260795235938,,13.165127128661291,,28.321600759838876,
ocxktheta,4.783425252,0.26020483,3.615604502,0.038971308,3.615604502,0.038971308,90.0,90.0,310.0,2.4685487016229715,2.5139913358302124,2.3234872284644195,582.8894043176831,317.05489797313567,666.5475612056983,64.97851612055888,46.435711365859994,35.024652615791446,0.001470878755067818,0.006393233343803986,0.028566616955967836,17.724879362050924,18.977586941454188,49.10849915140382,,,,0.347508196055752,0.059791819311699926,5.187922001264111,0.2674993030880329,4.1922523975076,1.2810142132721003,14.280969953281895,2.6065999061839595,2.4446467774967178,5.839257520447442,4.968119874913125,7.733621913606901,8.480963210480452,,16.105309185438134,,25.479462519592666,
ocxktheta,4.783425252,0.26020483,3.615604502,0.038971308,3.615604502,0.038971308,90.0,90.0,320.0,2.4652202621722847,2.432286978776529,2.2864611860174784,587.3492875008919,354.1266309532304,653.8017018388684,64.28671765202215,46.260007571728366,35.73967298735862,0.0014080476043727347,0.00261186032566809,0.009323619909488172,17.258692157558333,15.040477832025676,45.924926564902826,,,,0.21220577936116963,0.057237707494826616,1.7693296559217147,0.10928285881456443,2.5318917496627087,0.41809954751068035,13.625104779280598,2.5380429643468134,8.962040293301664,4.627839332930978,2.9608979273808567,7.232271899984697,9.455327250673031,,16.422750547916234,,23.958142580088047,
ocxktheta,4.783425252,0.26020483,3.615604502,0.038971308,3.615604502,0.038971308,90.0,90.0,380.0,2.4476194756554306,2.415865443196005,2.2793831460674157,607.1951479351386,355.31817878485936,678.3593656704768,69.95060671390432,36.634104303475205,27.992472874474558,0.001430693966129404,0.02607835862040749,0.016027797839687392,18.035415312691963,13.824775077878735,25.572520187323505,,,,0.5032733473402186,0.05815829130607333,1.0822361169876489,1.0911447121509408,2.2144908550410616,0.7187353291339638,10.70659589189138,2.652266957748818,9.32867039534134,4.2537769470396105,6.828246562279809,4.027168533436773,1.4780187128108153,,33.813723028951756,,40.441547075586044,
ocxktheta,4.783425252,0.26020483,3.615604502,0.038971308,3.615604502,0.038971308,90.0,90.0,390.0,2.4452894881398253,2.4175136079900126,2.275974981273408,611.7556538364167,326.03579446911624,670.1195469701773,67.2720584610523,41.87952516141222,37.175755255180654,0.001454892302774214,0.004926281822138885,0.0071026741112695645,17.78488901123482,21.529320067125283,36.235066018860486,,,,0.5979882869989712,0.05914196352740708,1.1511969870298098,0.2061205783321709,2.0616583530676253,0.31850556552778314,10.035933259350479,2.615424854593356,0.3187059904973047,6.624406174500087,5.530637318138163,5.7063096092693675,5.250621885841836,,24.336901244061035,,20.90264839323265,
ocxktheta,4.783425252,0.26020483,3.615604502,0.038971308,3.615604502,0.038971308,90.0,90.0,400.0,2.4427918726591757,2.4741336579275903,2.3155620474406993,611.8669129501069,361.9717236683801,585.0017089112274,65.71583072406375,50.80582394829234,35.486099847851804,0.0013899958592614742,0.029246285674044834,0.022982874130594425,16.980012385234406,13.581118439616738,46.6126083533528,,,,0.6995173715782204,0.0565038967179461,3.520236733371975,1.223693961257106,3.8368631139327034,1.0306221583226198,10.01957162498428,2.4970606448874126,11.375914974886182,4.178805673728227,7.873746628153163,7.340568244622488,7.442491937938381,,8.209893499020161,,24.497659898187653,
ocxktheta,4.783425252,0.26020483,3.615604502,0.038971308,3.615604502,0.038971308,90.0,90.0,410.0,2.4404384519350812,2.3710235830212234,2.2748386392009987,614.7123807166416,342.34549324999506,603.7229030201291,69.55489201265334,7.562807688573334,37.783233938360844,0.0013950886532759761,0.003931736864403744,0.008434461380011847,16.587187439433034,18.946159274060406,42.73852401551934,,,,0.795184880687753,0.056710920864877085,0.793992342208231,0.1645078185942989,2.0107013094618265,0.37822696771353576,9.601120482846818,2.439292270504858,5.337074846152325,5.829587468941663,4.92552708344423,6.730476222916431,2.035363362460084,,86.33639080655223,,19.610140556679056,
ocxktheta,4.783425252,0.26020483,3.615604502,0.038971308,3.615604502,0.038971308,90.0,90.0,420.0,2.438465967540574,2.4490040699126094,2.301974956304619,617.2050991195238,291.4152421439631,621.1997224791287,67.02411388126944,52.318285093371266,38.54690210685906,0.0013854853279429075,0.04059626315210683,0.017756364021931367,16.88963368048285,16.015036309940406,31.007529052695148,,,,0.8753671731473884,0.05632054178629705,2.46878953609244,1.6985884164061436,3.2275765159021987,0.7962495077099268,9.234544247128857,2.4837696588945364,10.333771648011355,4.9277034799816635,2.173272050530914,4.883075441369315,5.599839603845855,,5.477353038172964,,17.985314666257324,
ocxktheta,4.783425252,0.26020483,3.615604502,0.038971308,3.615604502,0.038971308,90.0,90.0,430.0,2.4365098876404496,2.4202046441947567,2.2839162546816483,616.5476114985555,335.1923571892306,632.8197026012951,69.00152410868245,49.23337606175059,30.870372049308862,0.0014102587926900347,0.011750868102165652,0.018870883834761314,17.320995743235496,18.057631724215828,60.295321612740445,,,,0.9548826162418839,0.057327593198781904,1.263792644132073,0.4916681214295252,2.4177692682353493,0.8462279746529737,9.331233603153603,2.5472052563581613,3.1361099043786522,5.556194376681793,0.34335392105588214,9.495326238226841,2.814754776503597,,11.0508110898815,,34.31835734189604,
ocxktheta,4.783425252,0.26020483,3.615604502,0.038971308,3.615604502,0.038971308,90.0,90.0,440.0,2.43456620474407,2.4110528589263422,2.3350988514357054,617.7465764159635,345.6813705484769,645.2380270057142,67.71810689795004,28.647079667159264,36.87083683332581,0.001513380265507475,0.009704031659126186,0.019404175006403932,17.91048238965765,13.458813912670289,50.08764281154644,,,,1.033894116094717,0.06151952298810875,0.8808727584243565,0.40602642925214166,4.712952979179615,0.8701423769687862,9.154915232946538,2.633894469067301,6.363498630300579,4.141173511590858,1.6122877174353119,7.887817765597864,4.622384650774596,,48.24375850558398,,21.551410992923806,
ocxktheta,4.783425252,0.26020483,3.615604502,0.038971308,3.615604502,0.038971308,90.0,90.0,450.0,2.432706304619226,2.36478177278402,2.3104150187265917,619.3017387164867,332.44067017880633,588.3916641935082,69.02591242024899,23.084712506170327,32.90633694143966,0.0013305515123779106,0.003928009464513596,0.014036164790671948,17.643683995455255,17.540469279318156,47.63817989922197,,,,1.1094998122265889,0.0540874598527606,1.055155950459414,0.16435186043989938,3.60605465141667,0.6294244300749753,8.926214894634303,2.594659411096361,2.289436978094255,5.397067470559433,7.339895402597137,7.502075574680625,2.7804050419028368,,58.29320233754232,,29.98651714587306,
ocxktheta,4.783425252,0.26020483,3.615604502,0.038971308,3.615604502,0.038971308,90.0,90.0,460.0,2.430875480649189,2.4047808739076153,2.3318047440699123,622.173492489137,254.22506866356616,589.1337071164252,67.40045796039593,34.708753802366715,25.713515105243523,0.0013163385012744896,0.003459309936292336,0.018720854026076584,16.486450550285667,14.669116653818538,39.1595905504715,,,,1.1839235508459827,0.053509695173759746,0.6184466070131873,0.1447410015185078,4.565235160085756,0.8395001805415508,8.503898163362212,2.4244780221008333,21.77690194967195,4.513574355021088,7.223038249381862,6.166864653617559,5.069777520569119,,37.292224385968,,45.29039339309889,
ocxktheta,4.783425252,0.26020483,3.615604502,0.038971308,3.615604502,0.038971308,90.0,90.0,470.0,2.4291419975031214,2.4096100873907615,2.3300973033707866,623.6019821102751,346.51479070947795,678.7731999567333,70.92086975456559,34.44446288130433,21.097711659847118,0.0014290972692555786,0.004362700238081144,0.019685265066010697,17.241451216479085,13.97580074466091,23.587478169902425,,,,1.2543903454015664,0.05809338492908857,0.8205057485674234,0.18253975891552904,4.488668312591327,0.8827473123771613,8.29382616025366,2.53550753183516,6.619935602916292,4.300246382972587,6.893417316020986,3.7145634913232164,0.11145104990762449,,37.769714758257756,,55.111251787559326,
ocxktheta,4.783425252,0.26020483,3.615604502,0.038971308,3.615604502,0.038971308,90.0,90.0,480.0,2.427782759051186,2.406955905118602,2.329716629213483,623.6345574906455,320.87566782876377,642.4673468418357,69.00475137404784,31.705113353079106,35.302906939944805,0.0013901343471481738,0.002607868135275678,0.01910915661727633,17.658339532781316,25.168825786015777,63.578532877559475,,,,1.3096439410086973,0.05650952630683634,0.7094520970126225,0.10911582155965178,4.471597722577713,0.8569128527926605,8.289035663140364,2.596814637173723,1.2690252834573026,7.744254088004855,1.1759601325725522,10.01236738229283,2.810209332326983,,42.718855730661055,,24.88743204267063,
ocxktheta,4.783425252,0.26020483,3.615604502,0.038971308,3.615604502,0.038971308,90.0,90.0,490.0,2.4258403745318353,2.3972012234706614,2.3397701373283395,623.7243523007721,318.9404999664665,569.4310474713351,69.79786397776262,49.95087332411355,23.57546867948803,0.0013798550139600034,0.02655593046291635,0.00555658544936703,16.461319327101354,18.73388463233121,56.74683355281897,,,,1.388602661307506,0.056091667234146485,0.3013064213665825,1.1111267976115626,4.92242768288518,0.24917423539762465,8.2758305440041,2.420782253985493,1.8644615487795329,5.764272194563449,10.32581929585274,8.936509220916374,1.6931493270949056,,9.754519739632249,,49.839428341514825,
ocxktheta,4.783425252,0.26020483,3.615604502,0.038971308,3.615604502,0.038971308,90.0,90.0,500.0,2.424417627965044,2.4750907490636704,2.3066759550561797,626.4767200315325,329.90706287935166,603.2715021237581,71.2518474950329,51.42561553642348,29.170385813551285,0.0013812503815083552,0.00593718371268755,0.023279049446186098,17.047394263429357,14.76895601868585,51.365001431046714,,,,1.4464378875998356,0.05614838949220956,3.560282387601268,0.24841772856433264,3.4383836348062666,1.043903562609242,7.871070583598159,2.5069697446219643,1.5098655013389712,4.544294159595647,4.996613838778257,8.088976603314443,0.35471478173648596,,7.090125498783239,,37.935349332869606,
ocxktheta,4.783425252,0.26020483,3.615604502,0.038971308,3.615604502,0.038971308,95.0,95.0,300.0,2.4710942072409483,2.4239848689138577,2.304111622971286,577.6026073916215,270.6549097502543,625.4973094609292,63.52282030357462,39.35992007436199,35.43890079066296,0.0013857521069792764,0.010278742713194297,0.015732886173956503,16.6188825049616,19.81018944000749,45.708946984416,,,,0.45098403418489186,0.056331386462572214,1.4219610424208178,0.4300729168700543,3.323391164631656,0.7055105907603814,15.058440089467425,2.4439533095531765,16.72156623069098,6.0954429046176895,1.4964866990662742,7.1982593676245665,10.531239009049832,,28.889033289318906,,24.598083424121356,
ocxktheta,4.783425252,0.26020483,3.615604502,0.038971308,3.615604502,0.038971308,95.0,95.0,310.0,2.4672445443196005,2.4098403995006246,2.2894509488139825,581.6649195546107,323.7704015490958,677.7150728948907,65.67447664475418,40.42518247861659,40.63395179579065,0.0014902029470329982,0.004387189543454867,0.007138730303676331,18.301392672951675,20.52568499901495,34.18344322884904,,,,0.29449367152847694,0.06057735557044708,0.830142238519851,0.18356441604413667,2.6659618302234303,0.3201224351424363,14.461041241969012,2.6913812754340696,0.378337984893593,6.315595384312291,6.726783133053651,5.383219406117959,7.500737120064536,,26.964439966365692,,13.54478341321138,
ocxktheta,4.783425252,0.26020483,3.615604502,0.038971308,3.615604502,0.038971308,95.0,95.0,320.0,2.4637674032459427,2.4273125967540574,2.2927223220973785,585.0439512236329,374.0455780995747,608.9718118646986,67.42594453514333,35.5503476093494,42.63902447956483,0.0015436605839495422,0.011518190602192661,0.01206369917774493,17.056693740357513,14.147260757168388,57.20579675319292,,,,0.15314647341230542,0.06275043024185131,1.5611965169061628,0.48193266117960926,2.812660183738946,0.540973057297979,13.964124820053982,2.508337314758458,15.090947107561444,4.353003309897965,4.098927265401801,9.0087868902666,5.033880936417845,,35.771729703072445,,9.278671320074828,
ocxktheta,4.783425252,0.26020483,3.615604502,0.038971308,3.615604502,0.038971308,95.0,95.0,380.0,2.4460606367041198,2.4072659800249685,2.2728030711610487,606.4329869840391,321.01789103994275,693.7446829219072,68.95798580831271,32.1238017356379,29.387077706556852,0.0014804925596236993,0.02172934227765766,0.01724972220953659,17.197344685311123,18.27198796390249,69.91396851321555,,,,0.5666407843853737,0.060182624374947126,0.722425942467296,0.9091775011572242,1.919420231437164,0.7735301439254076,10.818678384700137,2.5290212772516356,1.2252642954022297,5.622150142739227,9.251131168804276,11.010073781608748,2.876076326320122,,41.96241782179242,,37.4743027520067,
ocxktheta,4.783425252,0.26020483,3.615604502,0.038971308,3.615604502,0.038971308,95.0,95.0,390.0,2.443701747815231,2.4077078277153556,2.273012684144819,609.6971770190743,313.7362923571149,618.7885351312733,68.03654832952324,33.45705952972525,34.394268999626725,0.0013142019218230314,0.014664683060853407,0.007204315506094994,17.507276983022216,15.354102357914094,69.24560726772725,,,,0.6625305766166256,0.05342284235052973,0.7409132935295191,0.6135850653076739,1.92881991680803,0.323063475609641,10.33865043837143,2.5745995563267963,3.4657561978107982,4.72433918705049,2.552986593500267,10.904820042161772,4.173875592220786,,39.55364131937625,,26.820704256113352,
ocxktheta,4.783425252,0.26020483,3.615604502,0.038971308,3.615604502,0.038971308,95.0,95.0,400.0,2.44099581772784,2.412094556803995,2.328672334581773,610.9130398997879,311.824827088278,651.4326780314135,68.07373208225901,35.192999110212,29.32660692706894,0.0014485959104371857,0.002651145428787677,0.022858552019275297,16.91727383839124,23.77299498268521,69.72684803674763,,,,0.7725277346406435,0.05888601261939779,0.9244584436817979,0.11092658697856388,4.424768366895653,1.0250471757522555,10.1598470735606,2.4878343879987117,4.053899357452915,7.314767686980065,2.5878233120336223,10.980605990038995,4.121504109494347,,36.41734578100813,,37.6029639849597,
ocxktheta,4.783425252,0.26020483,3.615604502,0.038971308,3.615604502,0.038971308,95.0,95.0,410.0,2.439025742821473,2.418693945068664,2.346913945068664,613.7945594502343,342.99544232780704,618.3286931938537,67.2455917318826,44.43013937055112,28.537817794751057,0.00143832705904343,0.006572589266566017,0.006702013665084456,17.30739858007087,17.28830159448921,86.02792334903384,,,,0.8526120804279165,0.05846857963591179,1.2005834756763116,0.2750037350027622,5.242777805769688,0.3005387293759846,9.73609419849496,2.545205673539834,5.537059177786782,5.319477413688987,2.625402646637209,13.547704464414778,5.287898969179439,,19.728745491325896,,39.28123873457222,
ocxktheta,4.783425252,0.26020483,3.615604502,0.038971308,3.615604502,0.038971308,95.0,95.0,420.0,2.4370090262172286,2.4229406991260922,2.2878996254681647,614.3430343114968,334.4005902291032,734.223374352287,69.76577325136404,49.33375919839017,31.17542411015181,0.0013991367161795868,0.028969613351935018,0.017033084808969583,16.99438122262356,15.296982910978864,44.04690015806764,,,,0.9345924301939583,0.05687547626746288,1.3782719299620125,1.2121177134700845,2.5963957609042483,0.7638154622856316,9.655436130662233,2.499173709209347,2.892489301262528,4.706763972608881,15.625728244454647,6.936519709931913,1.7383475332900868,,10.869450409412524,,33.66931040393232,
ocxktheta,4.783425252,0.26020483,3.615604502,0.038971308,3.615604502,0.038971308,95.0,95.0,430.0,2.4349327340823965,2.407619313358302,2.2958138202247196,616.0459380200554,334.8235045012563,613.0253948865314,68.63759387318629,43.394236718581986,38.58143267353945,0.0014580126509908789,0.014051954166696315,0.020926394502819655,16.541858370843467,21.01039553252805,34.06738104708382,,,,1.0189945494960748,0.05926880695084873,0.737209763945682,0.5879478730835278,2.9512923867587264,0.9384033409336169,9.40500911469774,2.432626231006392,3.022616769617326,6.464737086931708,3.460567734404497,5.3649418971785545,3.327332572977056,,21.600294998045193,,17.911845375447975,
ocxktheta,4.783425252,0.26020483,3.615604502,0.038971308,3.615604502,0.038971308,95.0,95.0,440.0,2.433041847690387,2.4073518352059926,2.2754695131086144,617.3390200096028,332.2585839412782,568.9360007554387,66.51014677204284,24.512964757901347,37.71173561258081,0.001358152727705099,0.0068990998871453525,0.01777659160631308,17.540503732920612,21.20275454483699,39.309016024275955,,,,1.0958598499842667,0.055209460475817033,0.7260182094557524,0.2886652672445754,2.0389916192203796,0.7971565742741292,9.214849998587825,2.5794858430765606,2.233410443470208,6.523924475334458,10.403779408592326,6.1903962242954265,6.323736940784726,,55.712800798732886,,19.76226465408338,
ocxktheta,4.783425252,0.26020483,3.615604502,0.038971308,3.615604502,0.038971308,95.0,95.0,450.0,2.4310881398252184,2.4408065168539324,2.3159890761548065,619.1899982925491,336.29793574112233,576.8668544060362,69.03302925420053,50.72763595076609,24.14717070312053,0.001402619392573927,0.03395058252044474,0.02001128511354138,16.892756987265486,20.795078303138745,54.639280592572135,,,,1.1752788688935583,0.05701704847861492,2.1257956842649466,1.420526465290575,3.856012383623612,0.8973670454502862,8.942647309919241,2.4842289687155126,3.4762879203453325,6.398485631734998,9.154826077789581,8.604611116940493,2.770381332111932,,8.351154560494866,,48.62304105719036,
ocxktheta,4.783425252,0.26020483,3.615604502,0.038971308,3.615604502,0.038971308,95.0,95.0,460.0,2.4293561423220975,2.447976878901373,2.3282877278401997,619.3824537958448,336.6895403216969,551.0466798049417,70.35272958909104,52.08553642666564,30.748594045019086,0.0014862081700485704,0.03496941628046666,0.01668840068223544,15.88141554112914,17.580502261307966,43.94862637492406,,,,1.2456852714594493,0.060414966262137014,2.4258108326934327,1.4631554929065547,4.407521427811645,0.7483587749881363,8.91434503002283,2.335502285460168,3.5967816374451944,5.409385311171682,13.220995306308387,6.921043523610089,0.9116484660689564,,5.897856501055754,,34.5774594786828,
ocxktheta,4.783425252,0.26020483,3.615604502,0.038971308,3.615604502,0.038971308,95.0,95.0,470.0,2.427471410736579,2.379968489388265,2.312603645443196,621.7065054129674,352.76106956821394,589.7922237117764,70.29520571633518,39.03614146633546,33.12591279518479,0.0013626686619771448,0.020560472455422807,0.018754239905795497,16.51520514721178,13.485316501117087,31.83041232084466,,,,1.3223003765618226,0.05539303503972133,0.41972847747846187,0.8602708140344271,3.7041993472285193,0.8409973051926232,8.572572733387142,2.42870663929585,8.541867559450443,4.149328154189873,7.119334848539151,5.012663357613332,0.9926680051617248,,29.473999157478847,,29.519334478330236,
ocxktheta,4.783425252,0.26020483,3.615604502,0.038971308,3.615604502,0.038971308,95.0,95.0,480.0,2.4259853807740326,2.3997141822721595,2.33857049937578,621.9630266340486,305.0798094917589,629.5994031959224,67.43217992310429,42.23009521655665,24.782112414800622,0.0013506064882414506,0.002716821324955943,0.006403021513341342,16.6348058070803,28.003749332853893,66.28040633771136,,,,1.38270809861656,0.05490270277404271,0.4064511410945341,0.11367453242493485,4.868632259003593,0.2871310095668763,8.534849024404624,2.446294971629456,6.129289387151105,8.616538256262738,0.8504876856815153,10.437859265781317,5.025098699853118,,23.70353167740443,,47.27210124510506,
ocxktheta,4.783425252,0.26020483,3.615604502,0.038971308,3.615604502,0.038971308,95.0,95.0,490.0,2.424225368289638,2.4220143945068666,2.255121210986267,621.9777212553381,345.1577522755232,540.0990436573084,68.69776186381742,49.11712302479147,36.75405632345671,0.0013439806157244953,0.0075397231656188675,0.005579031426392863,17.907401549292793,15.205361974818613,46.69254415684247,,,,1.4542533215594216,0.05463335836278436,1.3395144145132425,0.31546958851961787,1.126511703420048,0.25018078145259476,8.532688050685572,2.6334414043077636,6.202385315545598,4.678572915328804,14.94503249491207,7.353156560132672,3.242588924200818,,11.260843676980187,,21.799880162858067,
ocxktheta,4.783425252,0.26020483,3.615604502,0.038971308,3.615604502,0.038971308,95.0,95.0,500.0,2.4229061548064914,2.474891622971286,2.3135068789013733,620.492555362232,313.83021773480095,613.93243127257,68.98885706672246,53.7299803757853,33.59217139903974,0.0013620890007649995,0.0029013911512706615,0.01906482167492177,16.41704785360989,20.161204863408482,44.832029324893526,,,,1.507879885914982,0.055369471575812984,3.55195075193665,0.12139711930002767,3.7447030897476825,0.8549247387857296,8.751094799671765,2.4142717431779253,3.4368560815997067,6.203447650279533,3.3177273586503846,7.06016209840843,2.8325956806725916,,2.926864723061786,,28.527294895660123,
