frame,time_ns,coverage_hull,hull_area,coverage_grid
900,8.99,0.6897852,1846.221593090753,0.3605015673981191
901,9.0,0.67924035,1817.998080195163,0.3683385579937304
902,9.01,0.6810212,1822.764562560092,0.3620689655172414
903,9.02,0.6534918,1749.0816234490735,0.34796238244514105
904,9.03,0.66474444,1779.199600580256,0.3573667711598746
905,9.04,0.69274896,1854.1541321884267,0.37460815047021945
906,9.05,0.6667399,1784.540393952319,0.33699059561128525
907,9.06,0.6783841,1815.7063567831024,0.35893416927899685
908,9.07,0.7042136,1884.8394380305592,0.3573667711598746
909,9.08,0.70938665,1898.685001733234,0.3495297805642633
910,9.09,0.6624659,1773.100915501411,0.3557993730407524
911,9.1,0.67080873,1795.430644917424,0.36363636363636365
912,9.11,0.8046484,2153.654852457837,0.38087774294670845
913,9.12,0.77410877,2071.915013921108,0.3667711598746082
914,9.13,0.7694111,2059.3414804688196,0.3683385579937304
915,9.14,0.69171494,1851.3865659320413,0.38087774294670845
916,9.15,0.67927504,1818.090984543012,0.3761755485893417
917,9.16,0.6572458,1759.1294416404246,0.3730407523510972
918,9.17,0.88543355,2369.8776087350584,0.4090909090909091
919,9.18,0.69009924,1847.0621868902015,0.38087774294670845
920,9.19,0.68834174,1842.3579865801562,0.3887147335423197
921,9.2,0.6729786,1801.238291541168,0.3777429467084639
922,9.21,0.6495507,1738.5332163374278,0.3652037617554859
923,9.22,0.6563858,1756.827546005506,0.36363636363636365
924,9.23,0.68415415,1831.1499838872855,0.3714733542319749
925,9.24,0.6654232,1781.016334227433,0.3824451410658307
926,9.25,0.6706757,1795.0745957415172,0.39184952978056425
927,9.26,0.6980195,1868.260795288014,0.390282131661442
928,9.27,0.7085542,1896.4571768705016,0.3793103448275862
929,9.28,0.8033954,2150.301040660909,0.390282131661442
930,9.29,0.71074814,1902.3292800836296,0.3887147335423197
931,9.3,0.71434605,1911.9591366447457,0.384012539184953
932,9.31,0.7055669,1888.461368871694,0.3949843260188088
933,9.32,0.7056271,1888.6226520444745,0.384012539184953
934,9.33,0.7002537,1874.2407769365127,0.38557993730407525
935,9.34,0.70445,1885.4721862702127,0.3761755485893417
936,9.35,0.7197516,1926.427167366831,0.3605015673981191
937,9.36,0.71414226,1911.4136856566754,0.3871473354231975
938,9.37,0.7292274,1951.7892695621263,0.38557993730407525
939,9.38,0.73116505,1956.9755237813172,0.38087774294670845
940,9.39,0.6669665,1785.1469770309072,0.3463949843260188
941,9.4,0.6815487,1824.1764191949333,0.3495297805642633
942,9.41,0.8240148,2205.4891691041917,0.3401253918495298
943,9.42,0.87674683,2346.6274011020673,0.34169278996865204
944,9.43,0.6965299,1864.2739341495392,0.3322884012539185
945,9.44,0.6787696,1816.7380921967372,0.3448275862068966
946,9.45,0.71939576,1925.4746935149856,0.3385579937304075
947,9.46,0.65164876,1744.148726444434,0.33072100313479624
948,9.47,0.6496473,1738.7917774142134,0.34796238244514105
949,9.48,0.6554279,1754.2635522391506,0.3432601880877743
950,9.49,0.66068256,1768.3277180813327,0.34796238244514105
951,9.5,0.66812795,1788.255559757757,0.33072100313479624
952,9.51,0.6589563,1763.7074644541844,0.335423197492163
953,9.52,0.67664874,1811.0614657661351,0.3338557993730408
954,9.53,0.63580686,1701.7475931571203,0.3213166144200627
955,9.54,0.6692695,1791.3108785480101,0.3181818181818182
956,9.55,0.6725342,1800.0489774003977,0.3401253918495298
957,9.56,0.68244123,1826.5653039286997,0.3166144200626959
958,9.57,0.67931974,1818.2105691330723,0.32445141065830724
959,9.58,0.67939234,1818.4049488083347,0.3166144200626959
960,9.59,0.68851364,1842.8181739611566,0.30250783699059564
961,9.6,0.6990213,1870.9420868144953,0.3056426332288401
962,9.61,0.11064803,296.1512646602191,0.009404388714733543
963,9.62,0.9283137,2484.6469753150977,0.30250783699059564
964,9.63,0.9486049,2538.9568549162527,0.2993730407523511
965,9.64,0.1034317,276.8366826081493,0.009404388714733543
966,9.65,0.8735872,2338.170740074732,0.2852664576802508
967,9.66,0.95385695,2553.0138168858984,0.29153605015673983
968,9.67,0.100561485,269.1544916060042,0.009404388714733543
969,9.68,0.6582995,1761.9496199305484,0.26489028213166144
970,9.69,0.6410407,1715.7559979033167,0.26959247648902823
971,9.7,0.6621605,1772.2836877574168,0.26332288401253917
972,9.71,0.62913567,1683.8921221186322,0.25705329153605017
973,9.72,0.106812276,285.8848292387188,0.009404388714733543
974,9.73,0.10143312,271.4874280963386,0.009404388714733543
975,9.74,0.10086992,269.98001080648555,0.009404388714733543
976,9.75,0.8866419,2373.111801279543,0.27586206896551724
977,9.76,0.62442684,1671.2888700691046,0.2711598746081505
978,9.77,0.6325528,1693.0380680239298,0.2962382445141066
979,9.78,0.68495417,1833.2912225026741,0.30250783699059564
980,9.79,0.6691808,1791.0735693754993,0.29310344827586204
981,9.8,0.6697456,1792.5851486845806,0.3056426332288401
982,9.81,0.7415703,1984.8252508446317,0.2852664576802508
983,9.82,0.1030519,275.82012550402214,0.009404388714733543
984,9.83,0.7249622,1940.3733209945085,0.2962382445141066
985,9.84,0.09305116,249.0529626734338,0.009404388714733543
986,9.85,0.10072032,269.57963387935297,0.009404388714733543
987,9.86,0.10120492,270.8766499462758,0.009404388714733543
988,9.87,0.098196656,262.82497883473434,0.009404388714733543
989,9.88,0.097567186,261.14019141612016,0.009404388714733543
990,9.89,0.75360066,2017.024701824505,0.26802507836990597
991,9.9,0.7251483,1940.8715707772542,0.25862068965517243
992,9.91,0.8167791,2186.1228557357595,0.28056426332288403
993,9.92,0.09587901,256.6217586434714,0.009404388714733543
994,9.93,0.08923965,238.85141422517114,0.009404388714733543
995,9.94,0.09653368,258.37397934330374,0.009404388714733543
996,9.95,0.88811827,2377.0632377209204,0.3213166144200627
997,9.96,0.10235638,273.958550388862,0.009404388714733543
998,9.97,0.10771652,288.3050665617702,0.009404388714733543
999,9.98,0.1179127,315.59530390945247,0.009404388714733543
1000,9.99,0.10574455,283.02705038058775,0.009404388714733543
1001,10.0,0.9481578,2537.7599945482534,0.30877742946708464
1002,10.01,0.84851223,2271.05713191047,0.29310344827586204
1003,10.02,0.11208317,299.992472017389,0.009404388714733543
1004,10.03,0.9252718,2476.5053680018505,0.3072100313479624
1005,10.04,0.10434278,279.27518342470603,0.009404388714733543
1006,10.05,0.104490384,279.6702670307632,0.009404388714733543
1007,10.06,0.73527515,1967.9762039555508,0.32445141065830724
1008,10.07,0.0974523,260.83268785057635,0.009404388714733543
1009,10.08,0.10183359,272.5592817636634,0.009404388714733543
1010,10.09,0.7387774,1977.349938713766,0.3103448275862069
1011,10.1,0.7420071,1985.9942091367325,0.30250783699059564
1012,10.11,0.77299666,2068.938530420863,0.3072100313479624
1013,10.12,0.09740387,260.70305196143636,0.009404388714733543
1014,10.13,0.10861899,290.7205193915316,0.009404388714733543
1015,10.14,0.70405847,1884.4242045193043,0.31504702194357365
1016,10.15,0.6938874,1857.201198213005,0.3072100313479624
1017,10.16,0.6931247,1855.1597872243487,0.32445141065830724
1018,10.17,0.09450295,252.93871126399878,0.009404388714733543
1019,10.18,0.10073382,269.61571141635204,0.009404388714733543
1020,10.19,0.70625055,1890.2913642678732,0.3056426332288401
1021,10.2,0.09904842,265.1047340556602,0.009404388714733543
1022,10.21,0.6685431,1789.3666636731236,0.28213166144200624
1023,10.22,0.6470487,1731.8367161391452,0.28213166144200624
1024,10.23,0.08711631,233.16824717864256,0.009404388714733543
1025,10.24,0.64886814,1736.706451057941,0.28996865203761757
1026,10.25,0.09387725,251.26401970515644,0.009404388714733543
1027,10.26,0.6489051,1736.8053506671774,0.28056426332288403
1028,10.27,0.095745906,256.2654997257883,0.009404388714733543
1029,10.28,0.09398684,251.55733877468487,0.009404388714733543
1030,10.29,0.68110174,1822.9800904378308,0.2962382445141066
1031,10.3,0.65449244,1751.759828467873,0.2852664576802508
1032,10.31,0.6758329,1808.878091213289,0.3056426332288401
1033,10.32,0.094219245,252.17936405124507,0.009404388714733543
1034,10.33,0.6829103,1827.8208583189635,0.30877742946708464
1035,10.34,0.7048665,1886.5869793409886,0.30094043887147337
1036,10.35,0.7103647,1901.3028612829594,0.3166144200626959
1037,10.36,0.6807904,1822.14683542186,0.31191222570532917
1038,10.37,0.09675009,258.95321034743347,0.009404388714733543
1039,10.38,0.6878812,1841.1254070249634,0.3166144200626959
1040,10.39,0.09349302,250.23562782141383,0.009404388714733543
1041,10.4,0.090040684,240.9953976811639,0.009404388714733543
1042,10.41,0.09479123,253.71031105483235,0.009404388714733543
1043,10.42,0.09963172,266.6659521327738,0.009404388714733543
1044,10.43,0.08755467,234.3415245132883,0.009404388714733543
1045,10.44,0.09999843,267.64745398961213,0.009404388714733543
1046,10.45,0.10085403,269.9375029213355,0.009404388714733543
1047,10.46,0.6651304,1780.2324307120953,0.32445141065830724
1048,10.47,0.09665333,258.6942392441274,0.009404388714733543
1049,10.48,0.09393678,251.4233582337364,0.009404388714733543
1050,10.49,0.09755609,261.11050651195814,0.009404388714733543
1051,10.5,0.09785978,261.9233015819485,0.009404388714733543
1052,10.51,0.10128624,271.09430144810085,0.009404388714733543
1053,10.52,0.101000585,270.3297325943536,0.009404388714733543
1054,10.53,0.09520809,254.82603199174716,0.009404388714733543
1055,10.54,0.1007258,269.59427434640156,0.009404388714733543
1056,10.55,0.6157407,1648.040224317218,0.30877742946708464
1057,10.56,0.68830174,1842.2511219588155,0.31974921630094044
1058,10.57,0.63074356,1688.195598830781,0.2946708463949843
1059,10.58,0.09717448,260.08910268657877,0.009404388714733543
1060,10.59,0.6916217,1851.13704052914,0.3072100313479624
1061,10.6,0.6876993,1840.638622302239,0.30250783699059564
1062,10.61,0.69289774,1854.5523117661412,0.28683385579937304
1063,10.62,0.70181984,1878.432375826631,0.3072100313479624
1064,10.63,0.7361647,1970.3570979261497,0.2993730407523511
1065,10.64,0.6873449,1839.690033989897,0.29310344827586204
1066,10.65,0.08631483,231.0230723122944,0.009404388714733543
1067,10.66,0.70040596,1874.6482250521412,0.30250783699059564
1068,10.67,0.69948256,1872.1767856318909,0.29310344827586204
1069,10.68,0.7010492,1876.3698287390337,0.2993730407523511
1070,10.69,0.6825184,1826.7718527890931,0.29153605015673983
1071,10.7,0.096139595,257.31921371354656,0.009404388714733543
1072,10.71,0.09331526,249.7598460040722,0.009404388714733543
1073,10.72,0.094589695,253.17088481239585,0.009404388714733543
1074,10.73,0.6507885,1741.8461639492355,0.30250783699059564
1075,10.74,0.09707823,259.8314884004676,0.009404388714733543
1076,10.75,0.09639275,257.9967941068226,0.009404388714733543
1077,10.76,0.6608389,1768.7461716715727,0.2836990595611285
1078,10.77,0.6293237,1684.3954046696936,0.28056426332288403
1079,10.78,0.6300114,1686.2359387524393,0.2836990595611285
1080,10.79,0.09503762,254.3697611066555,0.009404388714733543
1081,10.8,0.63850945,1708.9810758606116,0.29780564263322884
1082,10.81,0.6320052,1691.5723598575469,0.2993730407523511
1083,10.82,0.6278964,1680.5752531555372,0.2774294670846395
1084,10.83,0.08948112,239.49770835224535,0.009404388714733543
1085,10.84,0.09889714,264.6998385432407,0.009404388714733543
1086,10.85,0.6082547,1628.0036637806159,0.2601880877742947
1087,10.86,0.6118146,1637.531951020733,0.274294670846395
1088,10.87,0.08991486,240.65861609351077,0.009404388714733543
1089,10.88,0.59507084,1592.7169076251023,0.28683385579937304
1090,10.89,0.606551,1623.443863970719,0.27899686520376177
1091,10.9,0.6682864,1788.6795905373435,0.3103448275862069
1092,10.91,0.68562657,1835.0909633856822,0.30250783699059564
1093,10.92,0.6753539,1807.5959690400778,0.30407523510971785
1094,10.93,0.6605052,1767.852990722125,0.28683385579937304
1095,10.94,0.0945266,253.00200865552918,0.009404388714733543
1096,10.95,0.08511457,227.81053933218388,0.009404388714733543
1097,10.96,0.94678205,2534.0779979195127,0.322884012539185
1098,10.97,0.7100473,1900.4534251245493,0.3213166144200627
1099,10.98,0.09591745,256.7246320515483,0.009404388714733543
1100,10.99,0.09599813,256.9405748798704,0.009404388714733543
1101,11.0,0.1051031,281.3101861477594,0.009404388714733543
1102,11.01,0.09596251,256.8452400880798,0.009404388714733543
1103,11.02,0.60754955,1626.1164577255188,0.29310344827586204
1104,11.03,0.10549449,282.357755920872,0.009404388714733543
1105,11.04,0.08952044,239.60293581618907,0.009404388714733543
1106,11.05,0.095892236,256.6571626075752,0.009404388714733543
1107,11.06,0.087087736,233.09177250501213,0.009404388714733543
1108,11.07,0.6167198,1650.660798604444,0.2946708463949843
1109,11.08,0.5847277,1565.033502727044,0.27586206896551724
1110,11.09,0.60115105,1608.990763555686,0.27586206896551724
1111,11.1,0.090199895,241.42151082356173,0.009404388714733543
1112,11.11,0.09073395,242.85092002971624,0.009404388714733543
1113,11.12,0.097315624,260.46689539213907,0.009404388714733543
1114,11.13,0.09201915,246.29076897572264,0.009404388714733543
1115,11.14,0.5904783,1580.424954164114,0.25391849529780564
1116,11.15,0.08652584,231.58785346132984,0.009404388714733543
1117,11.16,0.08517801,227.98035567406032,0.009404388714733543
1118,11.17,0.58958775,1578.041382761446,0.24921630094043887
1119,11.18,0.6044741,1617.8849626755425,0.2617554858934169
1120,11.19,0.08856376,237.04237361543125,0.009404388714733543
1121,11.2,0.087078966,233.06830159988658,0.009404388714733543
1122,11.21,0.6271677,1678.6247778780664,0.2617554858934169
1123,11.22,0.7036129,1883.2316657742404,0.274294670846395
1124,11.23,0.09557951,255.82015023733348,0.009404388714733543
1125,11.24,0.6508183,1741.9259563669777,0.2617554858934169
1126,11.25,0.093027174,248.9887881251284,0.009404388714733543
1127,11.26,0.64528817,1727.124453159747,0.26332288401253917
1128,11.27,0.637938,1707.4517456584026,0.24608150470219436
1129,11.28,0.6424787,1719.6049226535442,0.23510971786833856
1130,11.29,0.08247826,220.75443958619286,0.009404388714733543
1131,11.3,0.08837166,236.52820749935606,0.009404388714733543
1132,11.31,0.6463333,1729.9217559633046,0.23667711598746083
1133,11.32,0.44828528,1199.8429913928094,0.0438871473354232
1134,11.33,0.62442356,1671.2800619478496,0.23824451410658307
1135,11.34,0.6224847,1666.090532828629,0.2476489028213166
1136,11.35,0.6387376,1709.5918174625183,0.2476489028213166
1137,11.36,0.10085217,269.9325042086051,0.009404388714733543
1138,11.37,0.094369754,252.58221176857342,0.009404388714733543
1139,11.38,0.090127595,241.22801436262992,0.009404388714733543
1140,11.39,0.5767688,1543.7313594387388,0.22100313479623823
1141,11.4,0.0869884,232.8258813615384,0.009404388714733543
1142,11.41,0.6504212,1740.863209124751,0.2507836990595611
1143,11.42,0.09192684,246.04372079817225,0.009404388714733543
1144,11.43,0.62408197,1670.3657287798028,0.2554858934169279
1145,11.44,0.088214844,236.10848775353676,0.009404388714733543
1146,11.45,0.67567,1808.4420614732842,0.27586206896551724
1147,11.46,0.09124616,244.2218692535666,0.009404388714733543
1148,11.47,0.096531056,258.3669645856525,0.009404388714733543
1149,11.48,0.6794415,1818.5365177421077,0.27899686520376177
1150,11.49,0.086620554,231.8413484328594,0.009404388714733543
1151,11.5,0.091502145,244.90701292092984,0.009404388714733543
1152,11.51,0.65733004,1759.3547050349127,0.26332288401253917
1153,11.52,0.65389425,1750.1588542652435,0.2664576802507837
1154,11.53,0.084389925,225.8710329898717,0.009404388714733543
1155,11.54,0.086692095,232.03281854793346,0.009404388714733543
1156,11.55,0.6602646,1767.2091772256992,0.26332288401253917
1157,11.56,0.6439603,1723.5704577286706,0.22727272727272727
1158,11.57,0.653092,1748.0117235801836,0.24294670846394983
1159,11.58,0.6457438,1728.3440031593152,0.22100313479623823
1160,11.59,0.6518231,1744.6153637129974,0.21786833855799373
1161,11.6,0.6688966,1790.312811191023,0.22413793103448276
1162,11.61,0.08486373,227.13917247758263,0.009404388714733543
1163,11.62,0.69095963,1849.364849942916,0.22413793103448276
1164,11.63,0.6809375,1822.5406535425236,0.21003134796238246
1165,11.64,0.08781838,235.0473512099861,0.009404388714733543
1166,11.65,0.10001748,267.69845082365464,0.009404388714733543
1167,11.66,0.6461452,1729.4184098316075,0.22727272727272727
1168,11.67,0.64395183,1723.5477080901885,0.219435736677116
1169,11.68,0.6523602,1746.0528641195078,0.23197492163009403
1170,11.69,0.6509487,1742.2750313979727,0.22884012539184953
1171,11.7,0.6830795,1828.2735856874167,0.2304075235109718
1172,11.71,0.087053776,233.0008882242987,0.009404388714733543
1173,11.72,0.69472927,1859.4542901385937,0.2335423197492163
1174,11.73,0.6964572,1864.0792062125176,0.23510971786833856
1175,11.74,0.7083684,1895.9598116629634,0.2304075235109718
1176,11.75,0.09410072,251.86213483862002,0.009404388714733543
1177,11.76,0.6936758,1856.63488285275,0.219435736677116
1178,11.77,0.086255044,230.86305006678916,0.009404388714733543
1179,11.78,0.709812,1899.823580889511,0.22100313479623823
1180,11.79,0.10513832,281.40443967997356,0.009404388714733543
1181,11.8,0.7031679,1882.040592822668,0.23824451410658307
1182,11.81,0.71070284,1902.2078823137997,0.2664576802507837
1183,11.82,0.7097473,1899.6503788337186,0.25235109717868337
1184,11.83,0.70662844,1891.302784099412,0.2413793103448276
1185,11.84,0.7306737,1955.6602526440868,0.25862068965517243
1186,11.85,0.70565057,1888.6853775409513,0.2727272727272727
1187,11.86,0.6882967,1842.2376081322898,0.2664576802507837
1188,11.87,0.69418275,1857.9917056187885,0.28056426332288403
1189,11.88,0.69473237,1859.4627961309632,0.27586206896551724
1190,11.89,0.69445056,1858.708449103202,0.2554858934169279
1191,11.9,0.5216807,1396.2871170194062,0.050156739811912224
1192,11.91,0.71384704,1910.623536804767,0.28213166144200624
1193,11.92,0.7116265,1904.680182801018,0.27899686520376177
1194,11.93,0.70568556,1888.7792041647647,0.28213166144200624
1195,11.94,0.7152276,1914.318522036137,0.274294670846395
1196,11.95,0.71325356,1909.0349909424865,0.28056426332288403
1197,11.96,0.118358254,316.7878325541069,0.009404388714733543
1198,11.97,0.12781203,342.0910229094051,0.009404388714733543
1199,11.98,0.7067969,1891.7534973391867,0.274294670846395
1200,11.99,0.73251885,1960.5988639135164,0.26802507836990597
1201,12.0,0.72641796,1944.269761033432,0.2664576802507837
1202,12.01,0.72853756,1949.9429111989693,0.25862068965517243
1203,12.02,0.73219854,1959.7415563599059,0.2711598746081505
1204,12.03,0.7300393,1953.9622234104647,0.24921630094043887
1205,12.04,0.71524644,1914.3689961996572,0.2554858934169279
1206,12.05,0.1245662,333.40349742812566,0.009404388714733543
1207,12.06,0.71988326,1926.779490003903,0.2507836990595611
1208,12.07,0.7061585,1890.0449466929642,0.25391849529780564
1209,12.08,0.7060837,1889.8447516518775,0.2774294670846395
1210,12.09,0.73520714,1967.7941679861178,0.26959247648902823
1211,12.1,0.71418047,1911.5159127821744,0.27899686520376177
1212,12.11,0.7114189,1904.1245575993,0.2774294670846395
1213,12.12,0.71715695,1919.4823677861411,0.28213166144200624
1214,12.13,0.71833456,1922.6344091317578,0.29153605015673983
1215,12.14,0.7174671,1920.3127406920826,0.28996865203761757
1216,12.15,0.7153978,1914.7740080520568,0.2774294670846395
1217,12.16,0.6985019,1869.5518603027056,0.26332288401253917
1218,12.17,0.71684086,1918.636480190841,0.2884012539184953
1219,12.18,0.72852486,1949.908761007494,0.28996865203761757
1220,12.19,0.71007943,1900.53943918317,0.2711598746081505
1221,12.2,0.71639526,1917.4436759731943,0.26959247648902823
1222,12.21,0.7167822,1918.4795224443878,0.2664576802507837
1223,12.22,0.6945849,1859.067986123762,0.28683385579937304
1224,12.23,0.69808567,1868.4378733533072,0.28683385579937304
1225,12.24,0.71375334,1910.3726371863174,0.3072100313479624
1226,12.25,0.71503145,1913.793491861204,0.29310344827586204
1227,12.26,0.6969824,1865.485024541471,0.2774294670846395
1228,12.27,0.71919113,1924.9270462849483,0.28683385579937304
1229,12.28,0.70997375,1900.256474072183,0.28683385579937304
1230,12.29,0.71326476,1909.064998709761,0.28213166144200624
1231,12.3,0.7190757,1924.6179315073616,0.2836990595611285
1232,12.31,0.7157926,1915.8306340821744,0.28683385579937304
1233,12.32,0.7252867,1941.2418995059172,0.26489028213166144
1234,12.33,0.72458416,1939.361529865309,0.274294670846395
1235,12.34,0.7189558,1924.2971414252206,0.2711598746081505
1236,12.35,0.71061,1901.9593376301425,0.2836990595611285
1237,12.36,0.710538,1901.7668113070158,0.2946708463949843
1238,12.37,0.7126,1907.2857725803035,0.2993730407523511
1239,12.38,0.709912,1900.0911580484053,0.29153605015673983
1240,12.39,0.7388834,1977.6336959843522,0.29780564263322884
1241,12.4,0.7147554,1913.0546769071793,0.2946708463949843
1242,12.41,0.7089964,1897.6406740811572,0.30250783699059564
1243,12.42,0.7074917,1893.613289647725,0.3056426332288401
1244,12.43,0.7044176,1885.3853888406754,0.28056426332288403
1245,12.44,0.69530237,1860.9883889447553,0.30094043887147337
1246,12.45,0.71674645,1918.3838083829105,0.322884012539185
1247,12.46,0.7393211,1978.8052700224025,0.3072100313479624
1248,12.47,0.7295679,1952.7005458690564,0.30094043887147337
1249,12.48,0.7295207,1952.5742478859986,0.30407523510971785
1250,12.49,0.72166276,1931.5424172580308,0.28996865203761757
1251,12.5,0.72621477,1943.7257798876158,0.31191222570532917
1252,12.51,0.70490307,1886.6847154160203,0.2993730407523511
1253,12.52,0.697111,1865.8292655174218,0.3072100313479624
1254,12.53,0.6964579,1864.081185666222,0.3166144200626959
1255,12.54,0.6943443,1858.4239330147097,0.2962382445141066
1256,12.55,0.7016035,1877.8533858437563,0.2946708463949843
1257,12.56,0.71230465,1906.4952070234206,0.3181818181818182
1258,12.57,0.7025253,1880.320731009349,0.30250783699059564
1259,12.58,0.70871806,1896.895662194334,0.29310344827586204
1260,12.59,0.7407833,1982.7187679942938,0.30250783699059564
1261,12.6,0.7121521,1906.0870137416748,0.31974921630094044
1262,12.61,0.7066831,1891.4491072237108,0.3056426332288401
1263,12.62,0.7099314,1900.143063400447,0.30407523510971785
1264,12.63,0.70005125,1873.6989102647349,0.31974921630094044
1265,12.64,0.698271,1868.9337913456357,0.2993730407523511
1266,12.65,0.71663463,1918.084503285651,0.31974921630094044
1267,12.66,0.736658,1971.6772533472795,0.3432601880877743
1268,12.67,0.7181248,1922.0729866422937,0.3510971786833856
1269,12.68,0.733636,1963.589035229462,0.3495297805642633
1270,12.69,0.73557,1968.765431227068,0.32601880877742945
1271,12.7,0.7320108,1959.2390388130007,0.3166144200626959
1272,12.71,0.7185191,1923.1282495831986,0.29310344827586204
1273,12.72,0.7084872,1896.2777933676475,0.2962382445141066
1274,12.73,0.73733574,1973.491341025318,0.2962382445141066
1275,12.74,0.7299546,1953.735587744956,0.31191222570532917
1276,12.75,0.72574514,1942.4690446138934,0.29153605015673983
1277,12.76,0.7085925,1896.5594080490496,0.30094043887147337
1278,12.77,0.7265935,1944.7396823222407,0.28996865203761757
1279,12.78,0.72873944,1950.4832931194203,0.30407523510971785
1280,12.79,0.71751434,1920.439037300344,0.29780564263322884
1281,12.8,0.73419964,1965.0975081879049,0.3072100313479624
1282,12.81,0.70868164,1896.798213045098,0.322884012539185
1283,12.82,0.7154783,1914.989576263963,0.3166144200626959
1284,12.83,0.70198715,1878.88027374664,0.31347962382445144
1285,12.84,0.69940126,1871.9591672291663,0.3072100313479624
1286,12.85,0.7051486,1887.3419622497902,0.3166144200626959
1287,12.86,0.69639623,1863.9161970010261,0.28683385579937304
1288,12.87,0.7112305,1903.620277927224,0.28996865203761757
1289,12.88,0.7016536,1877.987522604869,0.30094043887147337
1290,12.89,0.6840147,1830.7766667146009,0.30094043887147337
1291,12.9,0.6944324,1858.6598355204865,0.28056426332288403
1292,12.91,0.67463994,1805.6850420946755,0.31504702194357365
1293,12.92,0.6949926,1860.1592940365927,0.29310344827586204
1294,12.93,0.6868769,1838.4373245057154,0.31504702194357365
1295,12.94,0.6982834,1868.9670463245209,0.3213166144200627
1296,12.95,0.6980786,1868.4188245952373,0.3056426332288401
1297,12.96,0.6877929,1840.889065253703,0.30877742946708464
1298,12.97,0.7000058,1873.5772971116648,0.3072100313479624
1299,12.98,0.70348316,1882.884391691922,0.2946708463949843
1300,12.99,0.7140245,1911.0984413506437,0.31191222570532917
1301,13.0,0.71894825,1924.2768789970423,0.30407523510971785
1302,13.01,0.71636945,1917.374723489462,0.29780564263322884
1303,13.02,0.7178239,1921.267664588972,0.29153605015673983
1304,13.03,0.7226505,1934.186187716857,0.31347962382445144
1305,13.04,0.7095577,1899.142962184714,0.30877742946708464
1306,13.05,0.73891085,1977.7070950013417,0.3385579937304075
1307,13.06,0.7242678,1938.5147196280413,0.3275862068965517
1308,13.07,0.7268775,1945.4997850091713,0.335423197492163
1309,13.08,0.7023685,1879.9008487487183,0.3166144200626959
1310,13.09,0.7135496,1909.8273553272566,0.33072100313479624
1311,13.1,0.726067,1943.3303752764377,0.3166144200626959
1312,13.11,0.7225631,1933.9520819149072,0.33699059561128525
1313,13.12,0.81628025,2184.7875900366016,0.3714733542319749
1314,13.13,0.937841,2510.1468929221437,0.3605015673981191
1315,13.14,0.9427034,2523.1613289456805,0.3761755485893417
1316,13.15,0.9375812,2509.4516839729204,0.3949843260188088
1317,13.16,0.9449956,2529.2963631178623,0.3761755485893417
1318,13.17,0.89996827,2408.7799852247595,0.3730407523510972
1319,13.18,0.9303915,2490.20815730188,0.37460815047021945
1320,13.19,0.82257706,2201.6411421578723,0.37460815047021945
1321,13.2,0.82123864,2198.0587933014035,0.3777429467084639
1322,13.21,0.8137251,2177.9488320458477,0.3824451410658307
1323,13.22,0.90103406,2411.6326262646367,0.39184952978056425
1324,13.23,0.80753183,2161.3722410854307,0.35893416927899685
1325,13.24,0.7850526,2101.206192774352,0.3510971786833856
1326,13.25,0.7531827,2015.9059585617051,0.3683385579937304
1327,13.26,0.7254122,1941.5777847163438,0.3495297805642633
1328,13.27,0.79649997,2131.845518226601,0.3793103448275862
1329,13.28,0.8023785,2147.5793631088754,0.3683385579937304
1330,13.29,0.81036204,2168.9475869608923,0.35266457680250785
1331,13.3,0.85074747,2277.0398954071184,0.35266457680250785
1332,13.31,0.89845854,2404.7392034416866,0.35893416927899685
1333,13.32,0.8825308,2362.1083698957195,0.3401253918495298
1334,13.33,0.9096695,2434.7455035004864,0.35266457680250785
1335,13.34,0.9028519,2416.4979994027904,0.34796238244514105
1336,13.35,0.8836278,2365.044340788874,0.335423197492163
1337,13.36,0.8897054,2381.3113623210816,0.33072100313479624
1338,13.37,0.9378873,2510.271029642805,0.329153605015674
1339,13.38,0.9064226,2426.0551267872556,0.33072100313479624
1340,13.39,0.90581685,2424.433764226295,0.30250783699059564
1341,13.4,0.9462805,2532.7352587061305,0.329153605015674
1342,13.41,0.9079303,2430.0906196846436,0.3275862068965517
1343,13.42,0.7971306,2133.533323197508,0.34796238244514105
1344,13.43,0.8149877,2181.3282181375607,0.3275862068965517
1345,13.44,0.9432364,2524.5879172976756,0.3432601880877743
1346,13.45,0.9204863,2463.696747735416,0.3401253918495298
1347,13.46,0.7859057,2103.4897252114592,0.31347962382445144
1348,13.47,0.791439,2118.29963019546,0.3213166144200627
1349,13.48,0.8192055,2192.6172721512007,0.33699059561128525
1350,13.49,0.8098493,2167.5751167762564,0.3463949843260188
1351,13.5,0.8008298,2143.4342460261305,0.34169278996865204
1352,13.51,0.84076774,2250.3288160933325,0.3448275862068966
1353,13.52,0.82382554,2204.9826687774034,0.3432601880877743
1354,13.53,0.8278985,2215.8840769585754,0.3166144200626959
1355,13.54,0.8727919,2336.041938286006,0.3463949843260188
1356,13.55,0.9814833,2626.9562935756708,0.3338557993730408
1357,13.56,0.8276885,2215.3220868053627,0.3463949843260188
1358,13.57,0.97791666,2617.4101887831393,0.33072100313479624
1359,13.58,0.97086054,2598.524303330546,0.3166144200626959
1360,13.59,0.9679944,2590.8530860412116,0.31191222570532917
1361,13.6,0.97504026,2609.71152040962,0.31504702194357365
1362,13.61,0.9829633,2630.917724069565,0.3275862068965517
1363,13.62,0.9694276,2594.6890625870187,0.3432601880877743
1364,13.63,0.9864172,2640.1618461758953,0.3401253918495298
1365,13.64,0.8412212,2251.5425287527814,0.3401253918495298
1366,13.65,0.83565664,2236.649047206122,0.3166144200626959
1367,13.66,0.8670398,2320.6463724096657,0.3573667711598746
1368,13.67,0.96590966,2585.2733094437244,0.34169278996865204
1369,13.68,0.79845905,2137.0889423030258,0.31974921630094044
1370,13.69,0.8019401,2146.405926769695,0.33699059561128525
1371,13.7,0.79211444,2120.10746796109,0.33699059561128525
1372,13.71,0.8245533,2206.930669688343,0.31974921630094044
1373,13.72,0.7641245,2045.1920039870245,0.3072100313479624
1374,13.73,0.74459165,1992.911876631563,0.3166144200626959
1375,13.74,0.7536427,2017.1371140270512,0.32601880877742945
1376,13.75,0.7760472,2077.1033785685418,0.30877742946708464
1377,13.76,0.7821662,2093.480826676191,0.3103448275862069
1378,13.77,0.72359145,1936.7044192259395,0.30407523510971785
1379,13.78,0.8123158,2174.1767313484534,0.322884012539185
1380,13.79,0.8164595,2185.267375012487,0.3166144200626959
1381,13.8,0.7748629,2073.933297308817,0.3166144200626959
1382,13.81,0.7655773,2049.080383662435,0.3181818181818182
1383,13.82,0.79134035,2118.0357608352488,0.30407523510971785
1384,13.83,0.82167345,2199.222673400933,0.3213166144200627
1385,13.84,0.8138902,2178.390609278499,0.3181818181818182
1386,13.85,0.7625065,2040.861356749288,0.3322884012539185
1387,13.86,0.7524543,2013.9564538580123,0.3103448275862069
1388,13.87,0.75960755,2033.1021739736013,0.33072100313479624
1389,13.88,0.72376174,1937.1603136460285,0.31191222570532917
1390,13.89,0.7257011,1942.351027780275,0.31504702194357365
1391,13.9,0.7210553,1929.916596220403,0.31347962382445144
1392,13.91,0.7105531,1901.8072567381375,0.31347962382445144
1393,13.92,0.731379,1957.5479596593702,0.3056426332288401
1394,13.93,0.72986335,1953.4913691005686,0.2962382445141066
1395,13.94,0.7421698,1986.4298237191601,0.29780564263322884
1396,13.95,0.7134911,1909.6706185779908,0.31191222570532917
1397,13.96,0.6989802,1870.83211674793,0.30877742946708464
1398,13.97,0.7226055,1934.0657114325547,0.3056426332288401
1399,13.98,0.7346952,1966.4238263674426,0.31347962382445144
1400,13.99,0.78604484,2103.861957859838,0.30877742946708464
1401,14.0,0.832531,2228.282957801576,0.3056426332288401
1402,14.01,0.95734465,2562.348963758646,0.2993730407523511
1403,14.02,0.78962624,2113.4478294419164,0.30407523510971785
1404,14.03,0.7633279,2043.0597770954607,0.31347962382445144
1405,14.04,0.7656505,2049.2763633608524,0.30250783699059564
1406,14.05,0.9450253,2529.375974688436,0.30250783699059564
1407,14.06,0.9610773,2572.3394363136426,0.30877742946708464
1408,14.07,0.9741672,2607.3747465399215,0.31347962382445144
1409,14.08,0.97744054,2616.135829757433,0.2946708463949843
1410,14.09,0.9839371,2633.524004122414,0.3056426332288401
1411,14.1,0.97362286,2605.9177564976626,0.30250783699059564
1412,14.11,0.99185294,2654.710817739513,0.2993730407523511
1413,14.12,0.97373986,2606.2309424229056,0.2946708463949843
1414,14.13,0.93134034,2492.747831884041,0.28996865203761757
1415,14.14,0.9543105,2554.2278123840565,0.3056426332288401
1416,14.15,0.806502,2158.616011435734,0.3072100313479624
1417,14.16,0.77427584,2072.362010988935,0.2962382445141066
1418,14.17,0.76666784,2051.9992542727023,0.30407523510971785
1419,14.18,0.7275616,1947.3307470575378,0.30407523510971785
1420,14.19,0.7253719,1941.4700056488662,0.30094043887147337
1421,14.2,0.7180587,1921.896050432813,0.30407523510971785
1422,14.21,0.67517793,1807.124838024306,0.29310344827586204
1423,14.22,0.6821915,1825.8968174285342,0.28683385579937304
1424,14.23,0.6868096,1838.2573503510803,0.26959247648902823
1425,14.24,0.69994205,1873.4064482700107,0.2962382445141066
1426,14.25,0.7138688,1910.6815825176286,0.29310344827586204
1427,14.26,0.7022211,1879.5065155167977,0.28683385579937304
1428,14.27,0.70603466,1889.7134475686762,0.2774294670846395
1429,14.28,0.7135821,1909.9143409162077,0.2946708463949843
1430,14.29,0.69332796,1855.7036946857424,0.28213166144200624
1431,14.3,0.6810684,1822.8910424713672,0.2727272727272727
1432,14.31,0.71059924,1901.9307092021998,0.28683385579937304
1433,14.32,0.69235116,1853.0894113063039,0.26802507836990597
1434,14.33,0.6950804,1860.3941101984915,0.28213166144200624
1435,14.34,0.70202875,1878.9915733651937,0.2852664576802508
1436,14.35,0.6901416,1847.1755469290085,0.2884012539184953
1437,14.36,0.71476793,1913.0882608462837,0.26959247648902823
1438,14.37,0.698037,1868.307793982506,0.2727272727272727
1439,14.38,0.69227916,1852.8967236614042,0.2852664576802508
1440,14.39,0.70673335,1891.5834674623393,0.2946708463949843
1441,14.4,0.77040917,2062.012949453171,0.2852664576802508
1442,14.41,0.68528414,1834.1744823019424,0.29153605015673983
1443,14.42,0.6917796,1851.5596001422268,0.29780564263322884
1444,14.43,0.68763167,1840.4575738447313,0.28683385579937304
1445,14.44,0.68478227,1832.8311987757127,0.274294670846395
1446,14.45,0.6864007,1837.1629127420156,0.27586206896551724
1447,14.46,0.6658187,1782.074782866034,0.2774294670846395
1448,14.47,0.68664503,1837.8167116622806,0.2727272727272727
1449,14.48,0.67446357,1805.2130463870897,0.27899686520376177
1450,14.49,0.6937774,1856.9066893136126,0.30094043887147337
1451,14.5,0.6846583,1832.4992195034058,0.27899686520376177
1452,14.51,0.6892728,1844.8502619359197,0.2727272727272727
1453,14.52,0.6687646,1789.959635340302,0.2884012539184953
1454,14.53,0.69834733,1869.1381796244377,0.28056426332288403
1455,14.54,0.69718534,1866.0280382668927,0.2993730407523511
1456,14.55,0.69988984,1873.2666839711576,0.2962382445141066
1457,14.56,0.6968632,1865.1658998890632,0.2946708463949843
1458,14.57,0.69238013,1853.1668310054617,0.274294670846395
1459,14.58,0.6947503,1859.5107282036702,0.27899686520376177
1460,14.59,0.70194745,1878.7740011866074,0.27586206896551724
1461,14.6,0.6833394,1828.969407280012,0.27899686520376177
1462,14.61,0.6941019,1857.7753408438236,0.2962382445141066
1463,14.62,0.703137,1881.957817240271,0.28056426332288403
1464,14.63,0.69111013,1849.7677593939125,0.2774294670846395
1465,14.64,0.68449116,1832.0519531908253,0.274294670846395
1466,14.65,0.7029371,1881.4228442516703,0.26802507836990597
1467,14.66,0.7055928,1888.5308758590327,0.2884012539184953
1468,14.67,0.7051017,1887.2164643357871,0.30250783699059564
1469,14.68,0.7024657,1880.1611039937695,0.28996865203761757
1470,14.69,0.6987004,1870.0833577727844,0.30250783699059564
1471,14.7,0.6952923,1860.9614060821257,0.2852664576802508
1472,14.71,0.69827354,1868.9408179581435,0.2993730407523511
1473,14.72,0.7044806,1885.5540153414734,0.29153605015673983
1474,14.73,0.67532134,1807.508812250505,0.28683385579937304
1475,14.74,0.70044357,1874.7489074281275,0.31191222570532917
1476,14.75,0.7036012,1883.2003606551027,0.30407523510971785
1477,14.76,0.7077349,1894.2641961528395,0.3056426332288401
1478,14.77,0.6994269,1872.0276763990591,0.2946708463949843
1479,14.78,0.7043043,1885.082186564002,0.3322884012539185
1480,14.79,0.7193792,1925.4302668148503,0.3166144200626959
1481,14.8,0.7211509,1930.1723620712155,0.3275862068965517
1482,14.81,0.7302265,1954.4633989812983,0.3338557993730408
1483,14.82,0.71755165,1920.538903676336,0.3275862068965517
1484,14.83,0.71832347,1922.604597743805,0.31504702194357365
1485,14.84,0.721161,1930.1994898801927,0.3166144200626959
1486,14.85,0.7141317,1911.3853742350143,0.31191222570532917
1487,14.86,0.7151498,1914.110304506892,0.29153605015673983
1488,14.87,0.6989321,1870.7033830696066,0.2884012539184953
1489,14.88,0.7188695,1924.066195837313,0.2884012539184953
1490,14.89,0.69008005,1847.0107780364215,0.2727272727272727
1491,14.9,0.7018055,1878.3940376128967,0.30094043887147337
1492,14.91,0.71601105,1916.4155297332513,0.2852664576802508
1493,14.92,0.7082319,1895.5944596924992,0.30250783699059564
1494,14.93,0.713109,1908.6480637105599,0.3056426332288401
1495,14.94,0.7113222,1903.8657440136103,0.31504702194357365
1496,14.95,0.70439804,1885.3330384879712,0.2946708463949843
1497,14.96,0.7058245,1889.15098794082,0.30094043887147337
1498,14.97,0.7285998,1950.1093895848671,0.30094043887147337
1499,14.98,0.70473063,1886.2232174234562,0.3072100313479624
1500,14.99,0.71355045,1909.82956902164,0.3072100313479624
1501,15.0,0.71739954,1920.1318795994896,0.28056426332288403
1502,15.01,0.7251904,1940.9841387852503,0.2774294670846395
1503,15.02,0.70257425,1880.4516514177867,0.30407523510971785
1504,15.03,0.70208067,1879.1305417441245,0.3056426332288401
1505,15.04,0.70923847,1898.2885756938883,0.31974921630094044
1506,15.05,0.7033334,1882.4834958599838,0.3056426332288401
1507,15.06,0.71036667,1901.3080799993827,0.3072100313479624
1508,15.07,0.7222898,1933.220620463705,0.30407523510971785
1509,15.08,0.72161645,1931.4183264221074,0.29153605015673983
1510,15.09,0.7128791,1908.0328684215115,0.30094043887147337
1511,15.1,0.70762545,1893.9712878428008,0.3181818181818182
1512,15.11,0.68648756,1837.3953701155913,0.3275862068965517
1513,15.12,0.69092643,1849.2761077038647,0.3072100313479624
1514,15.13,0.6891787,1844.5983162566656,0.30407523510971785
1515,15.14,0.67770535,1813.8896156227677,0.31504702194357365
1516,15.15,0.65894353,1763.6733501846766,0.335423197492163
1517,15.16,0.6672536,1785.9154106094277,0.3338557993730408
1518,15.17,0.6637674,1776.5844389172994,0.3275862068965517
1519,15.18,0.706275,1890.3566753865628,0.3275862068965517
1520,15.19,0.6976602,1867.2991935303232,0.31347962382445144
1521,15.2,0.66193134,1771.6703225688411,0.32601880877742945
1522,15.21,0.70409995,1884.535280374691,0.322884012539185
1523,15.22,0.67462796,1805.6529668882235,0.33699059561128525
1524,15.23,0.692784,1854.2478800641168,0.3432601880877743
1525,15.24,0.6593763,1764.831703292348,0.32445141065830724
1526,15.25,0.693251,1855.497886474401,0.34796238244514105
1527,15.26,0.70185226,1878.5192163607246,0.3573667711598746
1528,15.27,0.7153448,1914.6322269638295,0.3338557993730408
1529,15.28,0.7155237,1915.1110765964931,0.33072100313479624
1530,15.29,0.6815465,1824.1705799813092,0.329153605015674
1531,15.3,0.6840005,1830.7386011800586,0.32601880877742945
1532,15.31,0.69208795,1852.3849247055377,0.3166144200626959
1533,15.32,0.7050928,1887.1924690634892,0.3072100313479624
1534,15.33,0.7066914,1891.4712336629575,0.3181818181818182
1535,15.34,0.7039003,1884.0009026750722,0.3322884012539185
1536,15.35,0.6838704,1830.3903701267536,0.329153605015674
1537,15.36,0.6876222,1840.4322427296147,0.32445141065830724
1538,15.37,0.6952921,1860.960829569806,0.322884012539185
1539,15.38,0.69606185,1863.0210613556371,0.33072100313479624
1540,15.39,0.6923621,1853.118749464338,0.3573667711598746
1541,15.4,0.65814036,1761.523642698495,0.31347962382445144
1542,15.41,0.6772185,1812.5865232650365,0.3275862068965517
1543,15.42,0.67131644,1796.7895284351318,0.3448275862068966
1544,15.43,0.7003819,1874.5837379434536,0.3495297805642633
1545,15.44,0.69018024,1847.278843221666,0.3338557993730408
1546,15.45,0.6812713,1823.4339800921973,0.3181818181818182
1547,15.46,0.70119524,1876.7607941362076,0.3432601880877743
1548,15.47,0.7181607,1922.1691069458984,0.31974921630094044
1549,15.48,0.67633945,1810.2337150206579,0.33699059561128525
1550,15.49,0.69067657,1848.6073441882968,0.32601880877742945
1551,15.5,0.6960993,1863.1213491682315,0.31974921630094044
1552,15.51,0.6728804,1800.9755541958125,0.3213166144200627
1553,15.52,0.6596969,1765.6895679184247,0.3338557993730408
1554,15.53,0.6985556,1869.6956719187215,0.3275862068965517
1555,15.54,0.69162613,1851.1487440845383,0.3275862068965517
1556,15.55,0.6839948,1830.7235257605532,0.3432601880877743
1557,15.56,0.69549626,1861.5073466426961,0.3557993730407524
1558,15.57,0.6775793,1813.552273448149,0.322884012539185
1559,15.58,0.7108856,1902.6970857011,0.335423197492163
1560,15.59,0.7132847,1909.1182707815215,0.32601880877742945
1561,15.6,0.668787,1790.0195586087168,0.3166144200626959
1562,15.61,0.6344089,1698.0059187678,0.3103448275862069
1563,15.62,0.6835964,1829.6571292748752,0.2946708463949843
1564,15.63,0.6717342,1797.907886108606,0.30407523510971785
1565,15.64,0.66446805,1778.4597271455314,0.329153605015674
1566,15.65,0.6545639,1751.9511315972563,0.32445141065830724
1567,15.66,0.65141755,1743.5298894829637,0.3103448275862069
1568,15.67,0.674389,1805.013452575844,0.3103448275862069
1569,15.68,0.7001344,1873.9213970727426,0.3103448275862069
1570,15.69,0.67903,1817.4350932116126,0.3103448275862069
1571,15.7,0.6716375,1797.6488711448017,0.3213166144200627
1572,15.71,0.641448,1716.8463184249804,0.3072100313479624
1573,15.72,0.6826341,1827.0815322337514,0.3275862068965517
1574,15.73,0.70717174,1892.757007182265,0.3495297805642633
1575,15.74,0.6981779,1868.6846861210438,0.329153605015674
1576,15.75,0.6456659,1728.1354558606893,0.3166144200626959
1577,15.76,0.6968637,1865.1673266967955,0.3432601880877743
1578,15.77,0.67359114,1802.877925038892,0.3322884012539185
1579,15.78,0.66502005,1779.9371730276341,0.329153605015674
1580,15.79,0.7004854,1874.8608083461452,0.34796238244514105
1581,15.8,0.7185773,1923.2842215797373,0.35266457680250785
1582,15.81,0.705713,1888.8523950341514,0.3432601880877743
1583,15.82,0.6767996,1811.4653149222897,0.3338557993730408
1584,15.83,0.69568807,1862.0205836396267,0.35893416927899685
1585,15.84,0.67828655,1815.4452445632983,0.34796238244514105
1586,15.85,0.68334156,1828.9749358128438,0.3463949843260188
1587,15.86,0.69709665,1865.790832280874,0.3557993730407524
1588,15.87,0.6699366,1793.0963900387276,0.33072100313479624
1589,15.88,0.68293816,1827.8954251124248,0.33699059561128525
1590,15.89,0.67919636,1817.8803118692963,0.3103448275862069
1591,15.9,0.6776478,1813.7357560161797,0.322884012539185
1592,15.91,0.6514383,1743.5854723576813,0.31974921630094044
1593,15.92,0.6993458,1871.8106612835277,0.30250783699059564
1594,15.93,0.70449734,1885.5988311787721,0.335423197492163
1595,15.94,0.73746556,1973.838877632466,0.33072100313479624
1596,15.95,0.7008182,1875.7514947876373,0.3401253918495298
1597,15.96,0.68477786,1832.8193127454285,0.3181818181818182
1598,15.97,0.7015528,1877.7177403280655,0.3401253918495298
1599,15.98,0.70271164,1880.819348526037,0.322884012539185
1600,15.99,0.70549434,1888.2673263211432,0.3181818181818182
1601,16.0,0.69135904,1850.433960388622,0.3322884012539185
1602,16.01,0.7140464,1911.1570759161425,0.3338557993730408
1603,16.02,0.70090157,1875.974575163273,0.3542319749216301
1604,16.03,0.66331947,1775.38563217085,0.3322884012539185
1605,16.04,0.692338,1853.054070866603,0.31504702194357365
1606,16.05,0.7069231,1892.091555811118,0.3432601880877743
1607,16.06,0.7063997,1890.6904701960907,0.3213166144200627
1608,16.07,0.701976,1878.8504121752999,0.3432601880877743
1609,16.08,0.71645874,1917.6138137309295,0.32601880877742945
1610,16.09,0.7106968,1902.19190780936,0.33072100313479624
1611,16.1,0.70628303,1890.3783556020908,0.32601880877742945
1612,16.11,0.7158502,1915.984852347617,0.3322884012539185
1613,16.12,0.7075406,1893.744174268435,0.3275862068965517
1614,16.13,0.68273604,1827.3543411607143,0.31191222570532917
1615,16.14,0.70354974,1883.062611083555,0.3338557993730408
1616,16.15,0.7106248,1901.9991069906364,0.32445141065830724
1617,16.16,0.7128415,1907.9321575076342,0.31974921630094044
1618,16.17,0.7019722,1878.840263141648,0.31974921630094044
1619,16.18,0.69498754,1860.1455894897445,0.30877742946708464
1620,16.19,0.6899919,1846.774749911171,0.31974921630094044
1621,16.2,0.6705332,1794.6931883219252,0.30877742946708464
1622,16.21,0.65954703,1765.2885363177609,0.31504702194357365
1623,16.22,0.67733496,1812.898294972428,0.3072100313479624
1624,16.23,0.6873209,1839.6257785092735,0.2993730407523511
1625,16.24,0.68811035,1841.7387440052073,0.33072100313479624
1626,16.25,0.6943948,1858.5592947014775,0.3166144200626959
1627,16.26,0.6597366,1765.795911114582,0.2993730407523511
1628,16.27,0.68715876,1839.1918499905937,0.3103448275862069
1629,16.28,0.67680997,1811.4931304557786,0.3103448275862069
1630,16.29,0.688774,1843.5149682074107,0.30094043887147337
1631,16.3,0.7049023,1886.6827544880389,0.29310344827586204
1632,16.31,0.71222115,1906.271669426412,0.2836990595611285
1633,16.32,0.69759196,1867.116410538092,0.2884012539184953
1634,16.33,0.7090055,1897.664974085328,0.30250783699059564
1635,16.34,0.72098446,1929.7268019764176,0.2946708463949843
1636,16.35,0.71292937,1908.1673131058787,0.2727272727272727
1637,16.36,0.7099029,1900.0667395127546,0.2962382445141066
1638,16.37,0.7251023,1940.7483281555792,0.28213166144200624
1639,16.38,0.73698175,1972.543787985373,0.28056426332288403
1640,16.39,0.7410317,1983.383671660222,0.274294670846395
1641,16.4,0.7277203,1947.7554427364512,0.2617554858934169
1642,16.41,0.737388,1973.6312544839075,0.26802507836990597
1643,16.42,0.7364393,1971.0918649311868,0.26802507836990597
1644,16.43,0.7351403,1967.615388523824,0.26489028213166144
1645,16.44,0.7333067,1962.707616528852,0.2507836990595611
1646,16.45,0.73159224,1958.1187971508496,0.2601880877742947
1647,16.46,0.732792,1961.3299667921995,0.25862068965517243
1648,16.47,0.72614896,1943.5497481704515,0.2617554858934169
1649,16.48,0.72018945,1927.5989669894414,0.25862068965517243
1650,16.49,0.7291317,1951.5331340835196,0.26802507836990597
1651,16.5,0.7282195,1949.091702674071,0.274294670846395
1652,16.51,0.75416166,2018.5261447469327,0.2664576802507837
1653,16.52,0.7236713,1936.9182809687711,0.2711598746081505
1654,16.53,0.7139283,1910.8408372656752,0.2554858934169279
1655,16.54,0.7674989,2054.223620534074,0.25862068965517243
1656,16.55,0.75587773,2023.1192563939167,0.27586206896551724
1657,16.56,0.7322382,1959.8477052036421,0.2617554858934169
1658,16.57,0.74565834,1995.766888758237,0.2507836990595611
1659,16.58,0.71400565,1911.0480071724605,0.2507836990595611
1660,16.59,0.70360273,1883.2045083041182,0.2554858934169279
1661,16.6,0.7093162,1898.4965283322626,0.26802507836990597
1662,16.61,0.7377389,1974.570417542421,0.26489028213166144
1663,16.62,0.7289659,1951.0893610589842,0.25391849529780564
1664,16.63,0.7296519,1952.9254984275674,0.25705329153605017
1665,16.64,0.69435555,1858.4542104967943,0.26332288401253917
1666,16.65,0.6958212,1862.377033710064,0.26489028213166144
1667,16.66,0.69514173,1860.5583020398356,0.2601880877742947
1668,16.67,0.7009987,1876.2347447690165,0.2711598746081505
1669,16.68,0.7053184,1887.7963733222794,0.2445141065830721
1670,16.69,0.6993231,1871.7498351082702,0.23981191222570533
1671,16.7,0.7139018,1910.7699824719164,0.25235109717868337
1672,16.71,0.69832295,1869.073023345623,0.25705329153605017
1673,16.72,0.696977,1865.4705345131474,0.2727272727272727
1674,16.73,0.7193621,1925.384512642183,0.26332288401253917
1675,16.74,0.69917125,1871.34345901981,0.2711598746081505
1676,16.75,0.72564846,1942.2101376983035,0.2664576802507837
1677,16.76,0.73667324,1971.7181602012613,0.25705329153605017
1678,16.77,0.68453074,1832.1577808616348,0.25235109717868337
1679,16.78,0.7059932,1889.6023900246485,0.2507836990595611
1680,16.79,0.70160604,1877.8602219597751,0.2413793103448276
1681,16.8,0.70581496,1889.125499667019,0.25705329153605017
1682,16.81,0.720602,1928.703160874052,0.25862068965517243
1683,16.82,0.70493484,1886.769832419087,0.2507836990595611
1684,16.83,0.73155516,1958.0195119731213,0.24294670846394983
1685,16.84,0.73605126,1970.0534545787548,0.2445141065830721
1686,16.85,0.7169472,1918.9211107922486,0.24294670846394983
1687,16.86,0.7286437,1950.226920052968,0.24921630094043887
1688,16.87,0.72494304,1940.3219728140207,0.24921630094043887
1689,16.88,0.70708144,1892.5152641470859,0.2664576802507837
1690,16.89,0.7176904,1920.9102604021982,0.27586206896551724
1691,16.9,0.72656107,1944.6527350814188,0.2507836990595611
1692,16.91,0.72297436,1935.052896506193,0.2617554858934169
1693,16.92,0.7281184,1948.8210220401481,0.23197492163009403
1694,16.93,0.7085482,1896.4410101804306,0.25391849529780564
1695,16.94,0.7074608,1893.5306270883648,0.2445141065830721
1696,16.95,0.7130062,1908.3728843633735,0.2445141065830721
1697,16.96,0.72358006,1936.6740445721584,0.2413793103448276
1698,16.97,0.72153217,1931.1927480414631,0.24921630094043887
1699,16.98,0.7374039,1973.673781898249,0.2445141065830721
1700,16.99,0.74318767,1989.1541647118872,0.2413793103448276
1701,17.0,0.71340203,1909.4324235815377,0.23197492163009403
1702,17.01,0.7256664,1942.2582228975136,0.2507836990595611
1703,17.02,0.7156987,1915.579469001861,0.2507836990595611
1704,17.03,0.7232444,1935.7757367397458,0.26489028213166144
1705,17.04,0.72673297,1945.1128194524408,0.2617554858934169
1706,17.05,0.7090037,1897.6602169175405,0.2554858934169279
1707,17.06,0.7355976,1968.8392128193775,0.2476489028213166
1708,17.07,0.7200603,1927.2533307932783,0.2554858934169279
1709,17.08,0.72364396,1936.8450378917603,0.2507836990595611
1710,17.09,0.7369818,1972.5440072584195,0.2507836990595611
1711,17.1,0.7398302,1980.1678901537707,0.26489028213166144
1712,17.11,0.7404577,1981.8473466028513,0.24608150470219436
1713,17.12,0.7787159,2084.2461270357057,0.2554858934169279
1714,17.13,0.76978546,2060.3435504455874,0.25705329153605017
1715,17.14,0.7695917,2059.824964032541,0.26332288401253917
1716,17.15,0.77510065,2074.5697681317038,0.2774294670846395
1717,17.16,0.7656288,2049.218330626536,0.2711598746081505
1718,17.17,0.73757565,1974.1335553637289,0.26959247648902823
1719,17.18,0.74436873,1992.3153445181183,0.2884012539184953
1720,17.19,0.7354551,1968.4577594045768,0.29153605015673983
1721,17.2,0.7345711,1966.0917149843576,0.30094043887147337
1722,17.21,0.76448333,2046.1523277173244,0.3072100313479624
1723,17.22,0.73253757,1960.6489609568896,0.30877742946708464
1724,17.23,0.7722913,2067.0504868407947,0.2852664576802508
1725,17.24,0.76090723,2036.580837452077,0.31191222570532917
1726,17.25,0.76717573,2053.3586795255223,0.322884012539185
1727,17.26,0.759152,2031.8829308068866,0.28213166144200624
1728,17.27,0.73036534,1954.8349817609521,0.28683385579937304
1729,17.28,0.7378629,1974.9022779239635,0.28213166144200624
1730,17.29,0.767498,2054.2212892133794,0.28996865203761757
1731,17.3,0.7718376,2065.8362872697753,0.2852664576802508
1732,17.31,0.7773398,2080.5629736693677,0.28213166144200624
1733,17.32,0.7683984,2056.6312179085985,0.2727272727272727
1734,17.33,0.77183014,2065.816268505721,0.2852664576802508
1735,17.34,0.7802826,2088.4393531991677,0.2664576802507837
1736,17.35,0.7843496,2099.324789924804,0.25705329153605017
1737,17.36,0.7857476,2103.066447056853,0.2664576802507837
1738,17.37,0.75538665,2021.8049081267127,0.274294670846395
1739,17.38,0.7357629,1969.281557988336,0.27586206896551724
1740,17.39,0.7734639,2070.1890475105597,0.25862068965517243
1741,17.4,0.7630843,2042.4078849530047,0.2664576802507837
1742,17.41,0.78499734,2101.0582738348958,0.27586206896551724
1743,17.42,0.7853522,2102.0081757808807,0.28213166144200624
1744,17.43,0.77111006,2063.888973238327,0.28996865203761757
1745,17.44,0.76047784,2035.4315923732781,0.2774294670846395
1746,17.45,0.7846173,2100.041256066015,0.2664576802507837
1747,17.46,0.7604567,2035.3750362339804,0.28683385579937304
1748,17.47,0.7768217,2079.1760816388514,0.29310344827586204
1749,17.48,0.7705387,2062.3595677517787,0.29153605015673983
1750,17.49,0.7736891,2070.791771398126,0.27586206896551724
1751,17.5,0.7811074,2090.6470009225404,0.28996865203761757
1752,17.51,0.7757296,2076.253150121523,0.2852664576802508
1753,17.52,0.7799508,2087.5511653135513,0.2711598746081505
1754,17.53,0.77641344,2078.083409312241,0.27899686520376177
1755,17.54,0.7365972,1971.5146757289517,0.2711598746081505
1756,17.55,0.7853037,2101.8784141980523,0.2727272727272727
1757,17.56,0.7787195,2084.2555048759696,0.28683385579937304
1758,17.57,0.7760756,2077.1792749232186,0.26489028213166144
1759,17.58,0.7712658,2064.305573666857,0.2554858934169279
1760,17.59,0.77519214,2074.814592147517,0.26959247648902823
1761,17.6,0.7687589,2057.595862714372,0.26802507836990597
1762,17.61,0.7690048,2058.2542435133323,0.2601880877742947
1763,17.62,0.7771346,2080.0135614434603,0.27899686520376177
1764,17.63,0.761499,2038.164721403067,0.2852664576802508
1765,17.64,0.7692873,2059.0101376055395,0.3072100313479624
1766,17.65,0.76431525,2045.7025582264205,0.29310344827586204
1767,17.66,0.73646605,1971.1635915101156,0.28213166144200624
1768,17.67,0.7131054,1908.6384414860308,0.2962382445141066
1769,17.68,0.7671193,2053.207446327433,0.30407523510971785
1770,17.69,0.75429976,2018.8958249736181,0.2946708463949843
1771,17.7,0.7417265,1985.2433051517946,0.30877742946708464
1772,17.71,0.7854212,2102.192828910393,0.3072100313479624
1773,17.72,0.76443017,2046.0100290953467,0.335423197492163
1774,17.73,0.7767753,2079.0520227115285,0.3385579937304075
1775,17.74,0.79800886,2135.8840807384636,0.35266457680250785
1776,17.75,0.8004491,2142.4153424751707,0.37460815047021945
1777,17.76,0.7902547,2115.1298900991533,0.36990595611285265
1778,17.77,0.7997802,2140.6250629852348,0.3542319749216301
1779,17.78,0.7767598,2079.010602042272,0.335423197492163
1780,17.79,0.7489105,2004.4712655907463,0.3275862068965517
1781,17.8,0.76075715,2036.1791394147656,0.3213166144200627
1782,17.81,0.7562262,2024.0519674174598,0.3275862068965517
1783,17.82,0.74938554,2005.7428211877382,0.2962382445141066
1784,17.83,0.7593619,2032.4448102701106,0.30877742946708464
1785,17.84,0.74472874,1993.2787986592516,0.3072100313479624
1786,17.85,0.74581003,1996.17298573086,0.2836990595611285
1787,17.86,0.74124,1983.9412459985047,0.2993730407523511
1788,17.87,0.7352861,1968.0055020685747,0.2727272727272727
1789,17.88,0.7357712,1969.303762858938,0.2962382445141066
1790,17.89,0.7454326,1995.1626727478827,0.29310344827586204
1791,17.9,0.7391061,1978.229822383111,0.2946708463949843
1792,17.91,0.7651876,2048.037303935493,0.28213166144200624
1793,17.92,0.7353713,1968.2334689457923,0.2727272727272727
1794,17.93,0.7445299,1992.7466377657438,0.30250783699059564
1795,17.94,0.74350584,1990.0057705597758,0.29780564263322884
1796,17.95,0.7359477,1969.7762085426475,0.2852664576802508
1797,17.96,0.7437508,1990.661363584825,0.2852664576802508
1798,17.97,0.73594123,1969.75887869336,0.28683385579937304
1799,17.98,0.7297452,1953.1751271246796,0.2711598746081505
1800,17.99,0.71846753,1922.9903462295963,0.25391849529780564
1801,18.0,0.68537617,1834.4206668193376,0.27899686520376177
1802,18.01,0.65598065,1755.7430164619889,0.25862068965517243
1803,18.02,0.7105088,1901.6885425268324,0.27586206896551724
1804,18.03,0.65482426,1752.6479117983695,0.2727272727272727
1805,18.04,0.6943849,1858.5326744191586,0.26489028213166144
1806,18.05,0.7188845,1924.1064149157812,0.28996865203761757
1807,18.06,0.7207492,1929.0971990058333,0.28683385579937304
1808,18.07,0.7264537,1944.3654580929374,0.2962382445141066
1809,18.08,0.7025679,1880.4346226564062,0.30094043887147337
1810,18.09,0.7231894,1935.628368288631,0.29780564263322884
1811,18.1,0.7163618,1917.3542830952922,0.28996865203761757
1812,18.11,0.711712,1904.9089809860693,0.2836990595611285
1813,18.12,0.75525224,2021.4451673285523,0.29310344827586204
1814,18.13,0.76802826,2055.6403957546363,0.2852664576802508
1815,18.14,0.72561896,1942.13122485305,0.30407523510971785
1816,18.15,0.71581465,1915.8897935755306,0.2774294670846395
1817,18.16,0.724998,1940.4692487130956,0.28056426332288403
1818,18.17,0.7094713,1898.911761905681,0.2836990595611285
1819,18.18,0.73059505,1955.449725178303,0.28213166144200624
1820,18.19,0.7337439,1963.8778234400475,0.2774294670846395
1821,18.2,0.7730226,2069.007802462033,0.27586206896551724
1822,18.21,0.73898315,1977.900784929442,0.28996865203761757
1823,18.22,0.7284887,1949.8119706270236,0.2993730407523511
1824,18.23,0.713799,1910.4949203618185,0.2774294670846395
1825,18.24,0.7352119,1967.806826604121,0.2836990595611285
1826,18.25,0.7168783,1918.7366976235116,0.2852664576802508
1827,18.26,0.7488251,2004.2428587212241,0.28996865203761757
1828,18.27,0.7234953,1936.4471073566272,0.2711598746081505
1829,18.28,0.712484,1906.9751652176963,0.2852664576802508
1830,18.29,0.73309,1962.127423658502,0.27899686520376177
1831,18.3,0.74756074,2000.8587495693027,0.28056426332288403
1832,18.31,0.70891136,1897.4129802177104,0.27586206896551724
1833,18.32,0.724161,1938.2289696715613,0.274294670846395
1834,18.33,0.73674846,1971.91947749582,0.2884012539184953
1835,18.34,0.7702313,2061.536879884832,0.2836990595611285
1836,18.35,0.7711551,2064.009403293784,0.29153605015673983
1837,18.36,0.76763093,2054.5769536081307,0.2946708463949843
1838,18.37,0.7604118,2035.254807723578,0.28213166144200624
1839,18.38,0.7511417,2010.4432471231846,0.29153605015673983
1840,18.39,0.73958343,1979.507379561298,0.29780564263322884
1841,18.4,0.7403568,1981.5772548976456,0.3056426332288401
1842,18.41,0.7380987,1975.533454664774,0.28683385579937304
1843,18.42,0.7482592,2002.7281377763634,0.3181818181818182
1844,18.43,0.72027165,1927.8189402744522,0.3213166144200627
1845,18.44,0.74192,1985.7612876300764,0.3166144200626959
1846,18.45,0.7806174,2089.33533056319,0.29153605015673983
1847,18.46,0.7498451,2006.9727432752682,0.29153605015673983
1848,18.47,0.73505604,1967.3897918211455,0.28213166144200624
1849,18.48,0.7404949,1981.9468454181335,0.30094043887147337
1850,18.49,0.74060655,1982.2457712003359,0.30094043887147337
1851,18.5,0.73176086,1958.570039896862,0.274294670846395
1852,18.51,0.7388312,1977.4940241592567,0.29153605015673983
1853,18.52,0.7265712,1944.6799916737468,0.29780564263322884
1854,18.53,0.73533845,1968.145680016668,0.30407523510971785
1855,18.54,0.73792,1975.054994279541,0.2884012539184953
1856,18.55,0.7202657,1927.8031597916574,0.2774294670846395
1857,18.56,0.74436104,1992.2947058813736,0.30407523510971785
1858,18.57,0.75691336,2025.8912577635328,0.29780564263322884
1859,18.58,0.7613779,2037.8404701604568,0.29780564263322884
1860,18.59,0.74082714,1982.8361781647798,0.2946708463949843
1861,18.6,0.7327727,1961.278324296815,0.30250783699059564
1862,18.61,0.7142638,1911.7389102054346,0.3213166144200627
1863,18.62,0.7116871,1904.8422598021878,0.31347962382445144
1864,18.63,0.71332633,1909.2297083269766,0.3322884012539185
1865,18.64,0.7161913,1916.8979733651886,0.3166144200626959
1866,18.65,0.71634007,1917.296129905682,0.30407523510971785
1867,18.66,0.7248259,1940.0086356476452,0.30250783699059564
1868,18.67,0.7068541,1891.9067335469538,0.3056426332288401
1869,18.68,0.7281312,1948.8551035472058,0.28683385579937304
1870,18.69,0.74168384,1985.129131634293,0.30407523510971785
1871,18.7,0.7308943,1956.250837976324,0.29310344827586204
1872,18.71,0.73704994,1972.7263780716082,0.28213166144200624
1873,18.72,0.73507357,1967.4366149329041,0.29153605015673983
1874,18.73,0.72609204,1943.397407183826,0.29780564263322884
1875,18.74,0.7337135,1963.7963833911756,0.28683385579937304
1876,18.75,0.7406946,1982.4813831941121,0.29780564263322884
1877,18.76,0.7123211,1906.5391679682373,0.30407523510971785
1878,18.77,0.71247905,1906.9620000630123,0.2962382445141066
1879,18.78,0.71919364,1924.9337239067986,0.31191222570532917
1880,18.79,0.76207596,2039.7089277128941,0.3056426332288401
1881,18.8,0.74040765,1981.7133341383576,0.2993730407523511
1882,18.81,0.7313271,1957.4091957551136,0.30094043887147337
1883,18.82,0.73620474,1970.464221980947,0.29780564263322884
1884,18.83,0.7349298,1967.0517181964867,0.28996865203761757
1885,18.84,0.77020884,2061.476783303131,0.31504702194357365
1886,18.85,0.7598548,2033.7639603479913,0.3103448275862069
1887,18.86,0.7710744,2063.7935664979173,0.30877742946708464
1888,18.87,0.7424358,1987.1418743840925,0.3166144200626959
1889,18.88,0.76157993,2038.3813209523826,0.31191222570532917
1890,18.89,0.75650585,2024.800371136704,0.29310344827586204
1891,18.9,0.70303184,1881.6763552524533,0.28996865203761757
1892,18.91,0.7483155,2002.878888585933,0.29153605015673983
1893,18.92,0.72961366,1952.8231490325811,0.2993730407523511
1894,18.93,0.70542264,1888.0754905694996,0.2884012539184953
1895,18.94,0.71135163,1903.9444203793014,0.28996865203761757
1896,18.95,0.7160189,1916.436558034655,0.2727272727272727
1897,18.96,0.7362629,1970.6199813187955,0.28996865203761757
1898,18.97,0.72502923,1940.5527632405588,0.2962382445141066
1899,18.98,0.7279534,1948.379242350392,0.29310344827586204
1900,18.99,0.7231011,1935.3921274980912,0.28996865203761757
1901,19.0,0.7105281,1901.7401188611925,0.27586206896551724
1902,19.01,0.72618604,1943.6490271993487,0.2836990595611285
1903,19.02,0.7202631,1927.7961997822633,0.2884012539184953
1904,19.03,0.70772976,1894.2505160921073,0.24921630094043887
1905,19.04,0.71019554,1900.85025869728,0.274294670846395
1906,19.05,0.6871226,1839.0949341890998,0.2664576802507837
1907,19.06,0.71044505,1901.5179968966588,0.2601880877742947
1908,19.07,0.70526797,1887.6613911058316,0.2836990595611285
1909,19.08,0.69711155,1865.8305258009366,0.26959247648902823
1910,19.09,0.7135005,1909.6958774686882,0.28213166144200624
1911,19.1,0.69852847,1869.6229970962609,0.2836990595611285
1912,19.11,0.6973369,1866.43389017593,0.27586206896551724
1913,19.12,0.6701993,1793.7995157160115,0.274294670846395
1914,19.13,0.69674647,1864.853575644692,0.274294670846395
1915,19.14,0.69215375,1852.5610604708347,0.274294670846395
1916,19.15,0.7065574,1891.1126182228113,0.26489028213166144
1917,19.16,0.6937146,1856.738697362505,0.26489028213166144
1918,19.17,0.68262964,1827.0695459189142,0.2617554858934169
1919,19.18,0.68004626,1820.155030945906,0.2664576802507837
1920,19.19,0.69610804,1863.1448334327806,0.25235109717868337
1921,19.2,0.70205814,1879.0702134316984,0.26332288401253917
1922,19.21,0.69446975,1858.7597475606858,0.2601880877742947
1923,19.22,0.6958101,1862.347318950679,0.2617554858934169
1924,19.23,0.69646555,1864.1015046173977,0.26489028213166144
1925,19.24,0.70256025,1880.414125391061,0.28056426332288403
1926,19.25,0.69465584,1859.2579033288735,0.2774294670846395
1927,19.26,0.70783424,1894.5300491908515,0.27899686520376177
1928,19.27,0.71217734,1906.1544388298405,0.2711598746081505
1929,19.28,0.7168876,1918.7616089006672,0.2774294670846395
1930,19.29,0.7168045,1918.539168887626,0.26332288401253917
1931,19.3,0.709118,1897.9662152925675,0.2617554858934169
1932,19.31,0.7072536,1892.9759093323007,0.2554858934169279
1933,19.32,0.7091918,1898.1637337874015,0.2476489028213166
1934,19.33,0.71675193,1918.3983879064906,0.25235109717868337
1935,19.34,0.72459686,1939.3955457587406,0.24294670846394983
1936,19.35,0.728643,1950.2251107265656,0.2476489028213166
1937,19.36,0.7133161,1909.2023234686949,0.2554858934169279
1938,19.37,0.7078302,1894.519230852811,0.2507836990595611
1939,19.38,0.7181593,1922.1652979458427,0.2617554858934169
1940,19.39,0.7082147,1895.5483787094356,0.25235109717868337
1941,19.4,0.7153228,1914.573381813062,0.25235109717868337
1942,19.41,0.7110076,1903.023501415621,0.2413793103448276
1943,19.42,0.70627165,1890.3477855237704,0.2617554858934169
1944,19.43,0.7252528,1941.1512295529865,0.2664576802507837
1945,19.44,0.6897252,1846.0610811299275,0.23824451410658307
1946,19.45,0.72246414,1933.6872254748923,0.2476489028213166
1947,19.46,0.6798239,1819.5598413287078,0.25391849529780564
1948,19.47,0.6976799,1867.3518656555568,0.23981191222570533
1949,19.48,0.71558064,1915.2633843667206,0.2445141065830721
1950,19.49,0.6955481,1861.6460808750653,0.2335423197492163
1951,19.5,0.69584036,1862.4282995011401,0.23510971786833856
1952,19.51,0.690469,1848.0518841656196,0.2335423197492163
1953,19.52,0.69729555,1866.3230591264676,0.22727272727272727
1954,19.53,0.7002513,1874.234094148741,0.24608150470219436
1955,19.54,0.70031905,1874.4155295239646,0.23981191222570533
1956,19.55,0.43933105,1175.8768538720828,0.03134796238244514
1957,19.56,0.69020754,1847.3519642621693,0.2335423197492163
1958,19.57,0.68033135,1820.9180974487222,0.24921630094043887
1959,19.58,0.6758845,1809.0161693997115,0.22727272727272727
1960,19.59,0.6832699,1828.7833287078554,0.23824451410658307
1961,19.6,0.695468,1861.4316996800358,0.23510971786833856
1962,19.61,0.7138698,1910.684373696266,0.2413793103448276
1963,19.62,0.69695663,1865.4160739344,0.2413793103448276
1964,19.63,0.6867681,1838.1462084882019,0.2445141065830721
1965,19.64,0.694113,1857.805108183248,0.2507836990595611
1966,19.65,0.7144759,1912.3067399159252,0.25705329153605017
1967,19.66,0.7038005,1883.7337790784184,0.2445141065830721
1968,19.67,0.69369775,1856.6935709356305,0.23981191222570533
1969,19.68,0.7077421,1894.2835073492197,0.25391849529780564
1970,19.69,0.6861685,1836.5413377309744,0.26332288401253917
1971,19.7,0.69541323,1861.2849883512108,0.23667711598746083
1972,19.71,0.7131725,1908.8179826713258,0.2445141065830721
1973,19.72,0.7104042,1901.408671698553,0.24294670846394983
1974,19.73,0.7234453,1936.313353737956,0.26489028213166144
1975,19.74,0.71171147,1904.9076377131832,0.2413793103448276
1976,19.75,0.70881313,1897.150185223983,0.26332288401253917
1977,19.76,0.7175556,1920.5493869341224,0.2711598746081505
1978,19.77,0.6952617,1860.87946455358,0.2727272727272727
1979,19.78,0.6891876,1844.6220515940572,0.2617554858934169
1980,19.79,0.109582126,293.2983796280291,0.009404388714733543
1981,19.8,0.70348686,1882.8943286150966,0.29780564263322884
1982,19.81,0.72915024,1951.582664076417,0.30250783699059564
1983,19.82,0.72748125,1947.115584560979,0.29153605015673983
1984,19.83,0.72045153,1928.3004534368968,0.3056426332288401
1985,19.84,0.73016363,1954.2950444460514,0.2884012539184953
1986,19.85,0.7339558,1964.4449799677275,0.2884012539184953
1987,19.86,0.7277114,1947.731567637177,0.2993730407523511
1988,19.87,0.72750974,1947.1918340006266,0.27586206896551724
1989,19.88,0.70858705,1896.5450564293608,0.28683385579937304
1990,19.89,0.72016174,1927.5248909171878,0.28213166144200624
1991,19.9,0.107985616,289.02528794155745,0.009404388714733543
1992,19.91,0.71127576,1903.7412807134697,0.26802507836990597
1993,19.92,0.71111053,1903.2992202977505,0.2617554858934169
1994,19.93,0.70546806,1888.1969657862996,0.274294670846395
1995,19.94,0.7018173,1878.4255200484267,0.2507836990595611
1996,19.95,0.7118275,1905.2181365874637,0.2617554858934169
1997,19.96,0.68686986,1838.4185504226123,0.2774294670846395
1998,19.97,0.69900477,1870.8978393621792,0.26959247648902823
1999,19.98,0.7027113,1880.818418879332,0.2554858934169279
2000,19.99,0.6834501,1829.265485321178,0.26802507836990597
2001,20.0,0.6696179,1792.2434116839395,0.2774294670846395
2002,20.01,0.65054303,1741.1891842951925,0.25235109717868337
2003,20.02,0.65238994,1746.132583098927,0.23197492163009403
2004,20.03,0.63777006,1707.0020805920344,0.2554858934169279
2005,20.04,0.6689548,1790.468660057201,0.24608150470219436
2006,20.05,0.66189253,1771.5663870342928,0.2445141065830721
2007,20.06,0.63197297,1691.4862321557744,0.24608150470219436
2008,20.07,0.65049,1741.0472130788726,0.26802507836990597
2009,20.08,0.636149,1702.663376943084,0.2413793103448276
2010,20.09,0.62941587,1684.6420984556553,0.21473354231974923
2011,20.1,0.64296097,1720.8956751249846,0.2225705329153605
2012,20.11,0.6953316,1861.066569700725,0.219435736677116
2013,20.12,0.6898679,1846.4429828069929,0.25235109717868337
2014,20.13,0.6759139,1809.094779944795,0.22884012539184953
2015,20.14,0.6911828,1849.962234143909,0.25235109717868337
2016,20.15,0.11153874,298.5352739890581,0.009404388714733543
2017,20.16,0.72279114,1934.562493275717,0.2084639498432602
2018,20.17,0.44492215,1190.841592481747,0.045454545454545456
2019,20.18,0.975891,2611.9886351208806,0.21630094043887146
2020,20.19,0.8011115,2144.1882277044447,0.20689655172413793
2021,20.2,0.10917545,292.2099079360395,0.009404388714733543
2022,20.21,0.8733298,2337.4817675887066,0.21473354231974923
2023,20.22,0.71560496,1915.3286043921173,0.219435736677116
2024,20.23,0.55666,1489.9097076551257,0.1896551724137931
2025,20.24,0.54618186,1461.8647741790555,0.19905956112852666
2026,20.25,0.56616396,1515.3471501934232,0.1896551724137931
2027,20.26,0.5644595,1510.7851676289547,0.19592476489028213
2028,20.27,0.5673186,1518.4378048313827,0.1865203761755486
2029,20.28,0.67546076,1807.881925755171,0.1865203761755486
2030,20.29,0.69237345,1853.149024266346,0.1833855799373041
2031,20.3,0.7459575,1996.5676843104611,0.1974921630094044
2032,20.31,0.6941328,1857.8579895450175,0.18495297805642633
2033,20.32,0.7110182,1903.0520555919288,0.20219435736677116
2034,20.33,0.7039186,1884.0497561104014,0.19592476489028213
2035,20.34,0.6932895,1855.6008028479544,0.21003134796238246
2036,20.35,0.7173502,1919.9996629424859,0.19122257053291536
2037,20.36,0.7609086,2036.5844922445133,0.18808777429467086
2038,20.37,0.97451496,2608.3054317385363,0.20376175548589343
2039,20.38,0.7296238,1952.8501748391423,0.19278996865203762
2040,20.39,0.6968647,1865.1700159336895,0.20689655172413793
2041,20.4,0.8833032,2364.175819929575,0.2225705329153605
2042,20.41,0.8063763,2158.279455273661,0.21473354231974923
2043,20.42,0.8590506,2299.2630706983336,0.22884012539184953
2044,20.43,0.82547295,2209.392088369911,0.22100313479623823
2045,20.44,0.73509127,1967.4840664562048,0.22570532915360503
2046,20.45,0.7603728,2035.1503621321876,0.21473354231974923
2047,20.46,0.85256207,2281.8964064870715,0.219435736677116
2048,20.47,0.8680736,2323.413366878612,0.219435736677116
2049,20.48,0.8686258,2324.8912664671807,0.23667711598746083
2050,20.49,0.7816174,2092.0118477099827,0.22727272727272727
2051,20.5,0.72038937,1928.1342126284153,0.2507836990595611
2052,20.51,0.7471388,1999.7293244600637,0.26332288401253917
2053,20.52,0.87838906,2351.0229901208154,0.28213166144200624
2054,20.53,0.73158455,1958.0981596343777,0.28213166144200624
2055,20.54,0.7032144,1882.165030538152,0.29310344827586204
2056,20.55,0.7098927,1900.0395138084182,0.2946708463949843
2057,20.56,0.725074,1940.6726581698845,0.2962382445141066
2058,20.57,0.833157,2229.9585820272814,0.32445141065830724
2059,20.58,0.8725568,2335.412736778537,0.2993730407523511
2060,20.59,0.878618,2351.6357618770567,0.3275862068965517
2061,20.6,0.87713915,2347.6775267954663,0.32445141065830724
2062,20.61,0.44585392,1193.3354123900378,0.0438871473354232
2063,20.62,0.874229,2339.888386511866,0.31347962382445144
2064,20.63,0.8332814,2230.291505396852,0.29780564263322884
2065,20.64,0.8456308,2263.344855545901,0.274294670846395
2066,20.65,0.734325,1965.433103568477,0.274294670846395
2067,20.66,0.73477113,1966.6272396061904,0.2554858934169279
2068,20.67,0.85042816,2276.185004852939,0.28056426332288403
2069,20.68,0.98147035,2626.921612303223,0.2617554858934169
2070,20.69,0.74445474,1992.5455428586156,0.25391849529780564
2071,20.7,0.7324222,1960.340064511782,0.25705329153605017
2072,20.71,0.7109553,1902.883824795803,0.2711598746081505
2073,20.72,0.75752854,2027.537731410783,0.27586206896551724
2074,20.73,0.75279737,2014.874676782234,0.28683385579937304
2075,20.74,0.76253736,2040.9439755965711,0.27586206896551724
2076,20.75,0.76862013,2057.2246907782283,0.28683385579937304
2077,20.76,0.70312697,1881.9310240410796,0.26959247648902823
2078,20.77,0.7115109,1904.370690709231,0.29153605015673983
2079,20.78,0.7271758,1946.2980828582333,0.29153605015673983
2080,20.79,0.7697085,2060.1377370719765,0.26332288401253917
2081,20.8,0.7754295,2075.4498944204056,0.2852664576802508
2082,20.81,0.85312986,2283.4162127883346,0.2664576802507837
2083,20.82,0.87580556,2344.108052353889,0.27586206896551724
2084,20.83,0.79663455,2132.205609348237,0.25235109717868337
2085,20.84,0.78060234,2089.2952196202054,0.2601880877742947
2086,20.85,0.7790483,2085.135674889747,0.29310344827586204
2087,20.86,0.7823095,2093.8642414566266,0.2774294670846395
2088,20.87,0.7814968,2091.689208818366,0.2884012539184953
2089,20.88,0.781346,2091.2855797193624,0.2617554858934169
2090,20.89,0.7967849,2132.6078275196232,0.28683385579937304
2091,20.9,0.111756444,299.11797056061135,0.009404388714733543
2092,20.91,0.7953359,2128.729841427852,0.2852664576802508
2093,20.92,0.7970358,2133.2796049653525,0.26802507836990597
2094,20.93,0.107764475,288.43340465498517,0.009404388714733543
2095,20.94,0.10946686,292.98987083891194,0.009404388714733543
2096,20.95,0.9304073,2490.25059361645,0.2617554858934169
2097,20.96,0.89518964,2395.989887804708,0.25391849529780564
2098,20.97,0.9208987,2464.8004738466157,0.2601880877742947
2099,20.98,0.9111584,2438.7303888437245,0.27899686520376177
2100,20.99,0.90353626,2418.3299170773876,0.2727272727272727
2101,21.0,0.9295353,2487.916802642829,0.26802507836990597
2102,21.01,0.112403564,300.8500157476101,0.009404388714733543
2103,21.02,0.9623078,2575.6328113594077,0.23981191222570533
2104,21.03,0.9878754,2644.0648844974166,0.219435736677116
2105,21.04,0.9842835,2634.451279462208,0.23510971786833856
2106,21.05,0.99100983,2652.4542500348666,0.23667711598746083
2107,21.06,0.9838288,2633.2340863943537,0.2335423197492163
2108,21.07,0.9473063,2535.4809902952634,0.2225705329153605
2109,21.08,0.9446762,2528.441673945113,0.2335423197492163
2110,21.09,0.9482877,2538.107950252896,0.2507836990595611
2111,21.1,0.10854843,290.53167541993747,0.009404388714733543
2112,21.11,0.11470141,307.0002389705651,0.009404388714733543
2113,21.12,0.9478428,2536.9169771121456,0.22570532915360503
2114,21.13,0.9230579,2470.5797723930164,0.20689655172413793
2115,21.14,0.90697384,2427.5304962242285,0.21786833855799373
2116,21.15,0.9679428,2590.71496402058,0.23510971786833856
2117,21.16,0.9463954,2533.042906957924,0.2476489028213166
2118,21.17,0.96777064,2590.254092558487,0.2413793103448276
2119,21.18,0.9744751,2608.198843460386,0.25705329153605017
2120,21.19,0.79366547,2124.2588130712243,0.22413793103448276
2121,21.2,0.9050075,2422.267528527654,0.2115987460815047
2122,21.21,0.71474826,1913.0354664311021,0.19122257053291536
2123,21.22,0.7163748,1917.389170946057,0.21316614420062696
2124,21.23,0.7500059,2007.4032872990829,0.23981191222570533
2125,21.24,0.74898535,2004.6718102297298,0.24294670846394983
2126,21.25,0.7203968,1928.1540560726885,0.24294670846394983
2127,21.26,0.71145326,1904.2164446626919,0.23824451410658307
2128,21.27,0.6753434,1807.5677012686351,0.23824451410658307
2129,21.28,0.6745303,1805.3915873415115,0.2304075235109718
2130,21.29,0.6846544,1832.4888818553077,0.22727272727272727
2131,21.3,0.69014263,1847.1781950285108,0.22727272727272727
2132,21.31,0.68918025,1844.6024007681601,0.22727272727272727
2133,21.32,0.6952209,1860.7702454377193,0.22100313479623823
2134,21.33,0.7141821,1911.5201512350313,0.21786833855799373
2135,21.34,0.8277511,2215.4895970547113,0.22727272727272727
2136,21.35,0.8594899,2300.4390583409336,0.22100313479623823
2137,21.36,0.67040104,1794.3394667768446,0.20689655172413793
2138,21.37,0.6788047,1816.832074889184,0.1974921630094044
2139,21.38,0.71341187,1909.4587164710035,0.21473354231974923
2140,21.39,0.7130264,1908.427007027361,0.22570532915360503
2141,21.4,0.9676575,2589.9513035565565,0.2507836990595611
2142,21.41,0.91600996,2451.715739740603,0.2413793103448276
2143,21.42,0.92900664,2486.5017768821767,0.2617554858934169
2144,21.43,0.9295792,2488.034266922924,0.25705329153605017
2145,21.44,0.11384889,304.71844960879025,0.009404388714733543
2146,21.45,0.97338945,2605.2928605380002,0.2601880877742947
2147,21.46,0.8283001,2216.9589037354776,0.24294670846394983
2148,21.47,0.87880987,2352.1491825944604,0.25705329153605017
2149,21.48,0.11489146,307.50892437606507,0.009404388714733543
2150,21.49,0.9024436,2415.405262402089,0.24921630094043887
2151,21.5,0.8958693,2397.809076116715,0.22884012539184953
2152,21.51,0.8461416,2264.7120208296906,0.2335423197492163
2153,21.52,0.95557994,2557.625606300338,0.219435736677116
2154,21.53,0.8950597,2395.642071712183,0.22570532915360503
2155,21.54,0.9872471,2642.38341412748,0.21786833855799373
2156,21.55,0.1099593,294.30789487106404,0.009404388714733543
2157,21.56,0.97612673,2612.619290503162,0.2413793103448276
2158,21.57,0.45124537,1207.7656976006826,0.045454545454545456
2159,21.58,0.10989187,294.12740765333905,0.009404388714733543
2160,21.59,0.11354792,303.91289066694486,0.009404388714733543
2161,21.6,0.891299,2385.5765514217683,0.23197492163009403
2162,21.61,0.855061,2288.5849408117538,0.21473354231974923
2163,21.62,0.9086764,2432.0873818701675,0.21786833855799373
2164,21.63,0.79264766,2121.534728365135,0.21630094043887146
2165,21.64,0.7817373,2092.3330843778435,0.21630094043887146
2166,21.65,0.74662256,1998.3476494026652,0.2084639498432602
2167,21.66,0.7673342,2053.7827844770195,0.2084639498432602
2168,21.67,0.77189946,2066.001651879969,0.21316614420062696
2169,21.68,0.7703994,2061.986775429999,0.19905956112852666
2170,21.69,0.73144466,1957.7237740326668,0.19122257053291536
2171,21.7,0.763732,2044.141414040902,0.22100313479623823
2172,21.71,0.71995103,1926.9609203945076,0.19435736677115986
2173,21.72,0.7305744,1955.394637653302,0.19122257053291536
2174,21.73,0.8140991,2178.949766092229,0.2006269592476489
2175,21.74,0.44853184,1200.5028961530402,0.05172413793103448
2176,21.75,0.7290441,1951.2986235325366,0.1833855799373041
2177,21.76,0.6804928,1821.3503726428241,0.1865203761755486
2178,21.77,0.72587466,1942.8155902775752,0.19435736677115986
2179,21.78,0.8350995,2235.157806826525,0.19435736677115986
2180,21.79,0.10885365,291.34858849077136,0.009404388714733543
2181,21.8,0.82558614,2209.6950400750648,0.20376175548589343
2182,21.81,0.8512778,2278.4591092902633,0.21473354231974923
2183,21.82,0.82004935,2194.875673479825,0.21003134796238246
2184,21.83,0.79771245,2135.0905734430994,0.2225705329153605
2185,21.84,0.78844327,2110.2814099686557,0.19905956112852666
2186,21.85,0.95146406,2546.609268609625,0.2084639498432602
2187,21.86,0.9778696,2617.2842848359546,0.21003134796238246
2188,21.87,0.9362032,2505.763376834852,0.20376175548589343
2189,21.88,0.97944516,2621.50133593519,0.20689655172413793
2190,21.89,0.8876627,2375.844000543736,0.1974921630094044
2191,21.9,0.114076085,305.326550185233,0.009404388714733543
2192,21.91,0.9522279,2548.6538069063054,0.21003134796238246
2193,21.92,0.79109293,2117.37333059631,0.19592476489028213
2194,21.93,0.76085216,2036.433426078602,0.19905956112852666
2195,21.94,0.7443006,1992.1329200174948,0.19905956112852666
2196,21.95,0.8195364,2193.5027633572604,0.22100313479623823
2197,21.96,0.81522304,2181.9579654640693,0.2601880877742947
2198,21.97,0.7929827,2122.431295313412,0.24294670846394983
2199,21.98,0.8606754,2303.611977590662,0.26959247648902823
2200,21.99,0.8054642,2155.8384353738606,0.2445141065830721
2201,22.0,0.7941534,2125.5647556793847,0.26332288401253917
2202,22.01,0.78990483,2114.193458123392,0.26959247648902823
2203,22.02,0.87557673,2343.4956747555607,0.2617554858934169
2204,22.03,0.8577288,2295.72533699818,0.2664576802507837
2205,22.04,0.8879642,2376.650999181861,0.2664576802507837
2206,22.05,0.88074124,2357.3186959496666,0.26489028213166144
2207,22.06,0.87075174,2330.5815950658066,0.2601880877742947
2208,22.07,0.86844987,2324.420484843239,0.2711598746081505
2209,22.08,0.8452035,2262.2011419553387,0.2507836990595611
2210,22.09,0.8609476,2304.340519691699,0.26332288401253917
2211,22.1,0.84457856,2260.5285796623143,0.2836990595611285
2212,22.11,0.84878343,2271.782858888536,0.29310344827586204
2213,22.12,0.8630148,2309.8735195095646,0.26489028213166144
2214,22.13,0.9001903,2409.374226104302,0.30877742946708464
2215,22.14,0.45217377,1210.2506391494812,0.050156739811912224
2216,22.15,0.8824403,2361.8661235986515,0.25391849529780564
2217,22.16,0.87511414,2342.2576219418556,0.274294670846395
2218,22.17,0.8449863,2261.61997778366,0.2774294670846395
2219,22.18,0.86547756,2316.465171555875,0.26959247648902823
2220,22.19,0.8784459,2351.1751588525653,0.25705329153605017
2221,22.2,0.87627536,2345.365481023953,0.24608150470219436
2222,22.21,0.8685542,2324.699596030578,0.2664576802507837
2223,22.22,0.87994355,2355.1837138817427,0.26332288401253917
2224,22.23,0.84481317,2261.156564631995,0.2727272727272727
2225,22.24,0.11348701,303.74986589687023,0.009404388714733543
2226,22.25,0.9490916,2540.2595662281033,0.2601880877742947
2227,22.26,0.8914142,2385.884976437968,0.26802507836990597
2228,22.27,0.93530583,2503.3615134735837,0.28056426332288403
2229,22.28,0.9475476,2536.1269444935606,0.27586206896551724
2230,22.29,0.9665547,2586.9998662886014,0.274294670846395
2231,22.3,0.94537634,2530.315458235628,0.2727272727272727
2232,22.31,0.9675359,2589.625966133944,0.26489028213166144
2233,22.32,0.70999444,1900.3119498688518,0.23824451410658307
2234,22.33,0.11925241,319.1810571400424,0.009404388714733543
2235,22.34,0.7100353,1900.4213710305507,0.24608150470219436
2236,22.35,0.69969183,1872.7368284116435,0.20532915360501566
2237,22.36,0.73004454,1953.976328083708,0.21786833855799373
2238,22.37,0.72211576,1932.7547288854616,0.2304075235109718
2239,22.38,0.72875243,1950.518069273717,0.22884012539184953
2240,22.39,0.6961268,1863.1948855002913,0.23667711598746083
2241,22.4,0.72483754,1940.0396860683081,0.23824451410658307
2242,22.41,0.7043502,1885.2049771945362,0.22884012539184953
2243,22.42,0.65150267,1743.7576477967866,0.2084639498432602
2244,22.43,0.6968554,1865.1451584139531,0.21003134796238246
2245,22.44,0.68509555,1833.6696861045139,0.22727272727272727
2246,22.45,0.74168646,1985.1361088182903,0.219435736677116
2247,22.46,0.7656551,2049.288549615388,0.21316614420062696
2248,22.47,0.69946355,1872.1256855807474,0.23197492163009403
2249,22.48,0.7408803,1982.9785643829994,0.22100313479623823
2250,22.49,0.7263814,1944.171821766892,0.23824451410658307
2251,22.5,0.7269348,1945.6530942325037,0.20689655172413793
2252,22.51,0.7806166,2089.3332811950822,0.23510971786833856
2253,22.52,0.7681064,2055.8496638691845,0.2413793103448276
2254,22.53,0.10466497,280.137516835573,0.009404388714733543
2255,22.54,0.74661523,1998.3281407994639,0.23510971786833856
2256,22.55,0.7592673,2032.191501828236,0.22413793103448276
2257,22.56,0.7530402,2015.524648203511,0.2413793103448276
2258,22.57,0.76458097,2046.4136967569916,0.22100313479623823
2259,22.58,0.7261083,1943.4409376005895,0.21473354231974923
2260,22.59,0.7212916,1930.5489163982343,0.22570532915360503
2261,22.6,0.7314203,1957.6583921671902,0.219435736677116
2262,22.61,0.69407666,1857.7076025754313,0.21473354231974923
2263,22.62,0.71855265,1923.218104620184,0.21786833855799373
2264,22.63,0.73671734,1971.8362363475915,0.22884012539184953
2265,22.64,0.74438614,1992.3618320159871,0.23824451410658307
2266,22.65,0.75306624,2015.594239366329,0.23981191222570533
2267,22.66,0.7634786,2043.4630635449666,0.2304075235109718
2268,22.67,0.77766484,2081.432816447579,0.2335423197492163
2269,22.68,0.73423356,1965.1882244338146,0.2335423197492163
2270,22.69,0.7463728,1997.679215785075,0.22100313479623823
2271,22.7,0.77017003,2061.372815551562,0.219435736677116
2272,22.71,0.9757305,2611.558876822627,0.2445141065830721
2273,22.72,0.25454912,681.3049513430697,0.023510971786833857
2274,22.73,0.9810904,2625.904771595258,0.23197492163009403
2275,22.74,0.97731966,2615.8122457867125,0.2335423197492163
2276,22.75,0.9822193,2628.926372456365,0.2554858934169279
2277,22.76,0.8248226,2207.6513146266575,0.2445141065830721
2278,22.77,0.811143,2171.0375828750225,0.23197492163009403
2279,22.78,0.841007,2250.9693428387527,0.22570532915360503
2280,22.79,0.79664695,2132.2388266838075,0.23824451410658307
2281,22.8,0.8414648,2252.1946199866265,0.23510971786833856
2282,22.81,0.79503644,2127.928172946106,0.21473354231974923
2283,22.82,0.74815434,2002.4475051365707,0.1974921630094044
2284,22.83,0.10830962,289.89248686556357,0.009404388714733543
2285,22.84,0.77628905,2077.750393376446,0.21003134796238246
2286,22.85,0.72560716,1942.0996466641755,0.1896551724137931
2287,22.86,0.73214763,1959.6052212524253,0.1833855799373041
2288,22.87,0.7753008,2075.1055600826544,0.2006269592476489
2289,22.88,0.7697444,2060.2337253058795,0.2006269592476489
2290,22.89,0.70876604,1897.0240264289348,0.20689655172413793
2291,22.9,0.69488555,1859.872674798424,0.1974921630094044
2292,22.91,0.6881465,1841.8354058840605,0.19122257053291536
2293,22.92,0.66421777,1777.78995667499,0.2006269592476489
2294,22.93,0.67481166,1806.144610773528,0.18808777429467086
2295,22.94,0.62445116,1671.353833494113,0.1833855799373041
2296,22.95,0.668121,1788.236819610075,0.19905956112852666
2297,22.96,0.5961325,1595.558569131007,0.2006269592476489
2298,22.97,0.68735594,1839.7196577683594,0.2084639498432602
2299,22.98,0.599072,1603.4260199855162,0.19592476489028213
2300,22.99,0.6891497,1844.5204818225945,0.19592476489028213
2301,23.0,0.58518255,1566.2507300531868,0.19278996865203762
2302,23.01,0.104546234,279.8197218803366,0.009404388714733543
2303,23.02,0.6476586,1733.4690444936273,0.18025078369905956
2304,23.03,0.670571,1794.7945603303801,0.1677115987460815
2305,23.04,0.7524358,2013.9068797808275,0.17398119122257052
2306,23.05,0.7875974,2108.0175959456838,0.1724137931034483
2307,23.06,0.7169381,1918.896593215717,0.14890282131661442
2308,23.07,0.7504567,2008.6097093930746,0.1677115987460815
2309,23.08,0.7281617,1948.9368743982095,0.14733542319749215
2310,23.09,0.7368328,1972.1452287539075,0.15830721003134796
2311,23.1,0.10890716,291.4918186797932,0.009404388714733543
2312,23.11,0.22471392,601.4505380423561,0.023510971786833857
2313,23.12,0.7360701,1970.1039360863674,0.16927899686520376
2314,23.13,0.74626625,1997.3938804155744,0.16927899686520376
2315,23.14,0.71415305,1911.442448638087,0.15047021943573669
2316,23.15,0.8952577,2396.1721925002084,0.14576802507836992
2317,23.16,0.679481,1818.642295769536,0.13009404388714735
2318,23.17,0.11279525,301.8983610820338,0.009404388714733543
2319,23.18,0.1106753,296.2242659380699,0.009404388714733543
2320,23.19,0.6340335,1697.0011664539609,0.1238244514106583
2321,23.2,0.74892926,2004.5216616511623,0.13793103448275862
2322,23.21,0.6786904,1816.5261063885232,0.14106583072100312
2323,23.22,0.10731942,287.2422186826724,0.009404388714733543
2324,23.23,0.5487195,1468.6568263382867,0.13479623824451412
2325,23.24,0.6830241,1828.125379767863,0.13949843260188088
2326,23.25,0.70728,1893.0466789135437,0.1536050156739812
2327,23.26,0.7079572,1894.8592248333625,0.14420062695924765
2328,23.27,0.6776847,1813.834348867149,0.1426332288401254
2329,23.28,0.101817995,272.51755302202264,0.009404388714733543
2330,23.29,0.6297746,1685.602028809898,0.13636363636363635
2331,23.3,0.62023723,1660.0752660177989,0.12695924764890282
2332,23.31,0.62463146,1671.8364274364503,0.13166144200626959
2333,23.32,0.6162058,1649.2850409223474,0.13322884012539185
2334,23.33,0.6358018,1701.7340916062058,0.1238244514106583
2335,23.34,0.63110346,1689.1588952495565,0.1238244514106583
2336,23.35,0.64369965,1722.8727912024258,0.13636363636363635
2337,23.36,0.6227241,1666.731393277179,0.1426332288401254
2338,23.37,0.6131962,1641.229761110939,0.1206896551724138
2339,23.38,0.5994182,1604.3528238723295,0.1206896551724138
2340,23.39,0.629364,1684.5033361593091,0.1426332288401254
2341,23.4,0.6196169,1658.414904230474,0.13636363636363635
2342,23.41,0.6142289,1643.9938500678286,0.1238244514106583
2343,23.42,0.5888269,1576.00485409291,0.11442006269592477
2344,23.43,0.59249336,1585.8183225414061,0.10815047021943573
2345,23.44,0.6117692,1637.4104054899958,0.1238244514106583
2346,23.45,0.58197826,1557.674449708868,0.11442006269592477
2347,23.46,0.5971613,1598.3121218563529,0.11442006269592477
2348,23.47,0.60813224,1627.6760114735173,0.12225705329153605
2349,23.48,0.6111404,1635.727238973268,0.13479623824451412
2350,23.49,0.5892289,1577.0811079973903,0.13793103448275862
2351,23.5,0.59486556,1592.1675410689838,0.12695924764890282
2352,23.51,0.61442506,1644.5189090648325,0.13009404388714735
2353,23.52,0.5844948,1564.4102029387323,0.10815047021943573
2354,23.53,0.6064457,1623.1619966592104,0.1206896551724138
2355,23.54,0.61003023,1632.7561350645606,0.12695924764890282
2356,23.55,0.60032356,1606.77596137902,0.12225705329153605
2357,23.56,0.51304513,1373.173790536497,0.13009404388714735
2358,23.57,0.49923205,1336.2028246156265,0.13166144200626959
2359,23.58,0.503523,1347.6876641154508,0.13793103448275862
2360,23.59,0.50059944,1339.8626474113212,0.13479623824451412
2361,23.6,0.50141495,1342.0453870138497,0.12539184952978055
2362,23.61,0.4912762,1314.908936852008,0.12695924764890282
2363,23.62,0.5013536,1341.8813547240522,0.11755485893416928
2364,23.63,0.49733895,1331.1360221158377,0.11128526645768025
2365,23.64,0.4889636,1308.7192515425947,0.1238244514106583
2366,23.65,0.49087536,1313.8360952039102,0.11755485893416928
2367,23.66,0.47859722,1280.9733792055881,0.11598746081504702
2368,23.67,0.4854316,1299.2657280620747,0.11598746081504702
2369,23.68,0.51424754,1376.3921340600532,0.13166144200626959
2370,23.69,0.59116954,1582.2751726125064,0.12695924764890282
2371,23.7,0.5787694,1549.0857664347923,0.13009404388714735
2372,23.71,0.57767564,1546.1584458528796,0.13322884012539185
2373,23.72,0.58508563,1565.9914537306447,0.13949843260188088
2374,23.73,0.61558473,1647.6226494715243,0.14106583072100312
2375,23.74,0.26886776,719.629003135871,0.023510971786833857
2376,23.75,0.6041076,1616.9040073721096,0.13793103448275862
2377,23.76,0.12977253,347.3383314057173,0.009404388714733543
2378,23.77,0.6226722,1666.5924828240195,0.14733542319749215
2379,23.78,0.2654204,710.4020980198829,0.0219435736677116
2380,23.79,0.62095857,1662.0059243970031,0.14420062695924765
2381,23.8,0.12247826,327.8150955390928,0.009404388714733543
2382,23.81,0.5999822,1605.862339833494,0.14420062695924765
2383,23.82,0.61648417,1650.0301840534198,0.16927899686520376
2384,23.83,0.60742545,1625.784342447329,0.15987460815047022
2385,23.84,0.607252,1625.3200630947254,0.16927899686520376
2386,23.85,0.59826094,1601.2553524701932,0.15987460815047022
2387,23.86,0.12428756,332.6577180473045,0.009404388714733543
2388,23.87,0.6360682,1702.4471258190456,0.18808777429467086
2389,23.88,0.64382327,1723.203635236664,0.18181818181818182
2390,23.89,0.6344284,1698.05815717928,0.18025078369905956
2391,23.9,0.91613096,2452.0398242831034,0.19435736677115986
2392,23.91,0.124073155,332.083865642996,0.009404388714733543
2393,23.92,0.9262355,2479.084605149724,0.1896551724137931
2394,23.93,0.92984855,2488.7550128805597,0.1865203761755486
2395,23.94,0.12465957,333.6534261535144,0.009404388714733543
2396,23.95,0.9089779,2432.8946076831417,0.18025078369905956
2397,23.96,0.9352152,2503.1188157912443,0.1755485893416928
2398,23.97,0.4295719,1149.756346022403,0.02037617554858934
2399,23.98,0.9426582,2523.0402476635018,0.17398119122257052
2400,23.99,0.9606943,2571.314233281972,0.16614420062695925
2401,24.0,0.98960114,2648.683739348323,0.16614420062695925
2402,24.01,0.98666286,2640.8195408211527,0.1786833855799373
2403,24.02,0.9801944,2623.5065878421156,0.18495297805642633
2404,24.03,0.9852274,2636.9775602848304,0.1724137931034483
2405,24.04,0.111072816,297.2882264698615,0.009404388714733543
2406,24.05,0.9542343,2554.024030607939,0.18025078369905956
2407,24.06,0.98784834,2643.992527160284,0.1865203761755486
2408,24.07,0.98492676,2636.1729193957917,0.1865203761755486
2409,24.08,0.97039557,2597.2798793723164,0.16927899686520376
2410,24.09,0.9916128,2654.068147016785,0.1755485893416928
2411,24.1,0.11913099,318.8560932858786,0.009404388714733543
2412,24.11,0.97451866,2608.315481806257,0.17398119122257052
2413,24.12,0.94465107,2528.3743218357313,0.1865203761755486
2414,24.13,0.117751926,315.1649713431943,0.009404388714733543
2415,24.14,0.98537165,2637.3634205610288,0.1677115987460815
2416,24.15,0.9641416,2580.541084055345,0.1755485893416928
2417,24.16,0.97658473,2613.8452203724432,0.14733542319749215
2418,24.17,0.11168982,298.9396663454777,0.009404388714733543
2419,24.18,0.9121536,2441.394268772202,0.164576802507837
2420,24.19,0.11768645,314.9897467993636,0.009404388714733543
2421,24.2,0.9899022,2649.4896840464608,0.15830721003134796
2422,24.21,0.92324865,2471.0904087354247,0.14733542319749215
2423,24.22,0.94076854,2517.982589129532,0.14890282131661442
2424,24.23,0.9208577,2464.6909437997033,0.15830721003134796
2425,24.24,0.88394505,2365.893505778501,0.13793103448275862
2426,24.25,0.88446414,2367.2828632195915,0.14420062695924765
2427,24.26,0.110290125,295.19335517027275,0.009404388714733543
2428,24.27,0.6495262,1738.4675178816206,0.1426332288401254
2429,24.28,0.42817613,1146.0205469168795,0.0219435736677116
2430,24.29,0.9428531,2523.5619799481356,0.16614420062695925
2431,24.3,0.56919825,1523.4686649102778,0.15673981191222572
2432,24.31,0.6127971,1640.1616488580646,0.15673981191222572
2433,24.32,0.9437434,2525.944703062445,0.17398119122257052
2434,24.33,0.95286703,2550.364502012908,0.16300940438871472
2435,24.34,0.9316229,2493.5042602901617,0.1833855799373041
2436,24.35,0.2631163,704.2351430212055,0.0219435736677116
2437,24.36,0.9862227,2639.641256755363,0.14576802507836992
2438,24.37,0.9596664,2568.5629619608494,0.15830721003134796
2439,24.38,0.9544648,2554.6409073666614,0.164576802507837
2440,24.39,0.98392475,2633.4909284179785,0.15517241379310345
2441,24.4,0.9613075,2572.9556574584417,0.18495297805642633
2442,24.41,0.95389444,2553.1141739084596,0.18025078369905956
2443,24.42,0.98658377,2640.6079784270105,0.1833855799373041
2444,24.43,0.7712005,2064.130849233319,0.1724137931034483
2445,24.44,0.96506697,2583.017734164415,0.1755485893416928
2446,24.45,0.72798765,1948.4710881606634,0.19278996865203762
2447,24.46,0.9523895,2549.0861050360913,0.18808777429467086
2448,24.47,0.9522196,2548.631581061477,0.18181818181818182
2449,24.48,0.9784502,2618.8380708140744,0.17398119122257052
2450,24.49,0.9562611,2559.44870184048,0.1833855799373041
2451,24.5,0.9809516,2625.5331186361905,0.1865203761755486
2452,24.51,0.68521416,1833.9871163055905,0.1833855799373041
2453,24.52,0.9769652,2614.863569442834,0.18181818181818182
2454,24.53,0.9574425,2562.610919500236,0.17398119122257052
2455,24.54,0.97586846,2611.92823759346,0.18495297805642633
2456,24.55,0.9524089,2549.1382423239866,0.18495297805642633
2457,24.56,0.65772533,1760.412824730167,0.17711598746081506
2458,24.57,0.63962555,1711.9683280888278,0.16927899686520376
2459,24.58,0.6158875,1648.4330717927905,0.164576802507837
2460,24.59,0.6126883,1639.8703500842882,0.16614420062695925
2461,24.6,0.69482476,1859.709900701539,0.164576802507837
2462,24.61,0.11188221,299.4545850574609,0.009404388714733543
2463,24.62,0.6955183,1861.5663251613005,0.1724137931034483
2464,24.63,0.7277227,1947.7619068554698,0.18025078369905956
2465,24.64,0.64023215,1713.591929158302,0.16300940438871472
2466,24.65,0.91555095,2450.4873060233676,0.15987460815047022
2467,24.66,0.89001316,2382.135008882721,0.17398119122257052
2468,24.67,0.457768,1225.2236400544148,0.1724137931034483
2469,24.68,0.65179557,1744.5416485179117,0.15830721003134796
2470,24.69,0.6462114,1729.5956380894972,0.14420062695924765
2471,24.7,0.6691268,1790.929029757884,0.1536050156739812
2472,24.71,0.6605489,1767.9702699070808,0.1677115987460815
2473,24.72,0.67459613,1805.5677047355882,0.1677115987460815
2474,24.73,0.66886735,1790.2346247614148,0.14733542319749215
2475,24.74,0.7134454,1909.5485660903717,0.1724137931034483
2476,24.75,0.716161,1916.8167333205295,0.17084639498432602
2477,24.76,0.6787438,1816.6689754430176,0.1724137931034483
2478,24.77,0.69327796,1855.5699502541445,0.1536050156739812
2479,24.78,0.701796,1878.368648931379,0.17084639498432602
2480,24.79,0.6854733,1834.6807960750757,0.1724137931034483
2481,24.8,0.7155562,1915.1980423002105,0.17398119122257052
2482,24.81,0.72109807,1930.0310514755256,0.1755485893416928
2483,24.82,0.65985024,1766.1001026088727,0.1614420062695925
2484,24.83,0.70407104,1884.4578210911613,0.15830721003134796
2485,24.84,0.5256037,1406.7870085517516,0.164576802507837
2486,24.85,0.7318751,1958.8758709201068,0.18495297805642633
2487,24.86,0.11237325,300.76887118788636,0.009404388714733543
2488,24.87,0.6748852,1806.341557608331,0.17398119122257052
2489,24.88,0.25472903,681.7865003185191,0.032915360501567396
2490,24.89,0.68599916,1836.0881561532863,0.16927899686520376
2491,24.9,0.11482051,307.3190098023797,0.009404388714733543
2492,24.91,0.65128386,1743.172128319572,0.1755485893416928
2493,24.92,0.28371152,759.3585764343381,0.032915360501567396
2494,24.93,0.48274985,1292.0880120692664,0.18495297805642633
2495,24.94,0.50585335,1353.9248912653188,0.17398119122257052
2496,24.95,0.61800003,1654.087392174401,0.1677115987460815
2497,24.96,0.6077246,1626.5850020822306,0.1786833855799373
2498,24.97,0.624567,1671.6639769250712,0.16614420062695925
2499,24.98,0.10888578,291.4345919907282,0.009404388714733543
2500,24.99,0.7042766,1885.0080409085265,0.15987460815047022
2501,25.0,0.7004261,1874.702155236388,0.15987460815047022
2502,25.01,0.83496505,2234.7978855743727,0.1536050156739812
2503,25.02,0.66195756,1771.7404404569572,0.15203761755485892
2504,25.03,0.6732099,1801.8575027923093,0.14890282131661442
2505,25.04,0.86910456,2326.172914830574,0.14106583072100312
2506,25.05,0.85912377,2299.458998314606,0.14576802507836992
2507,25.06,0.8712942,2332.033396842722,0.15047021943573669
2508,25.07,0.7080106,1895.002197823567,0.15517241379310345
2509,25.08,0.6761742,1809.791492506984,0.13949843260188088
2510,25.09,0.6632517,1775.2040955928956,0.13949843260188088
2511,25.1,0.63156885,1690.404532485338,0.1426332288401254
2512,25.11,0.6394961,1711.6218541276426,0.14733542319749215
2513,25.12,0.65619177,1756.3080677395756,0.13949843260188088
2514,25.13,0.6163245,1649.602771466445,0.14106583072100312
2515,25.14,0.6798633,1819.6654389264984,0.13793103448275862
2516,25.15,0.68276536,1827.4328294726076,0.13949843260188088
2517,25.16,0.68769675,1840.6318564108565,0.13949843260188088
2518,25.17,0.6912001,1850.0083829053451,0.14890282131661442
2519,25.18,0.7004652,1874.8068066660433,0.14890282131661442
2520,25.19,0.7182813,1922.4919273609626,0.15673981191222572
2521,25.2,0.95525634,2556.7594387690265,0.15673981191222572
2522,25.21,0.66134745,1770.1074222193051,0.15830721003134796
2523,25.22,0.6548877,1752.8177071946657,0.15517241379310345
2524,25.23,0.69220763,1852.7051720850636,0.15203761755485892
2525,25.24,0.6754301,1807.7998849700275,0.1536050156739812
2526,25.25,0.4690318,1255.3714960792804,0.15830721003134796
2527,25.26,0.66750443,1786.5867289487414,0.15517241379310345
2528,25.27,0.6579963,1761.137982599128,0.14420062695924765
2529,25.28,0.66442055,1778.332589767787,0.13949843260188088
2530,25.29,0.66407794,1777.4155919847653,0.15673981191222572
2531,25.3,0.66330296,1775.341332951544,0.14576802507836992
2532,25.31,0.70480573,1886.4242530572044,0.1426332288401254
2533,25.32,0.64451957,1725.0674405656534,0.15047021943573669
2534,25.33,0.6493512,1737.9991812997805,0.13793103448275862
2535,25.34,0.61882275,1656.2894817390986,0.13166144200626959
2536,25.35,0.61719996,1651.9459201173695,0.12852664576802508
2537,25.36,0.7470261,1999.4277157510712,0.14106583072100312
2538,25.37,0.6130214,1640.761873152133,0.13636363636363635
2539,25.38,0.6879706,1841.3646333837114,0.14890282131661442
2540,25.39,0.71989924,1926.8222707575376,0.15987460815047022
2541,25.4,0.75532204,2021.6319754004242,0.15517241379310345
2542,25.41,0.6254264,1673.9642026614736,0.15203761755485892
2543,25.42,0.645208,1726.909903454394,0.14733542319749215
2544,25.43,0.69060725,1848.421700624858,0.15987460815047022
2545,25.44,0.6535666,1749.2818390495252,0.1614420062695925
2546,25.45,0.678005,1814.6916622111664,0.14576802507836992
2547,25.46,0.6814556,1823.9272866383444,0.13479623824451412
2548,25.47,0.68217075,1825.8412809694612,0.13793103448275862
2549,25.48,0.63510513,1699.8695270170472,0.12852664576802508
2550,25.49,0.58382136,1562.6076018535316,0.11755485893416928
2551,25.5,0.59823585,1601.1882541625093,0.13166144200626959
2552,25.51,0.66756374,1786.7454338877612,0.13636363636363635
2553,25.52,0.6501249,1740.070011173494,0.13166144200626959
2554,25.53,0.7083266,1895.8478566824256,0.1238244514106583
2555,25.54,0.7048436,1886.5254933089561,0.13166144200626959
2556,25.55,0.7364616,1971.1515758404596,0.13949843260188088
2557,25.56,0.7589152,2031.249135627446,0.14576802507836992
2558,25.57,0.75390345,2017.8351356581293,0.1426332288401254
2559,25.58,0.6494106,1738.1581715707928,0.13009404388714735
2560,25.59,0.7166524,1918.1320118566837,0.13793103448275862
2561,25.6,0.7076826,1894.1242851841678,0.14420062695924765
2562,25.61,0.66832036,1788.7705505712997,0.12852664576802508
2563,25.62,0.65392613,1750.244175111087,0.13166144200626959
2564,25.63,0.7539348,2017.919072014398,0.14420062695924765
2565,25.64,0.97902465,2620.3756538839207,0.14420062695924765
2566,25.65,0.71304584,1908.4789674572485,0.14576802507836992
2567,25.66,0.9734272,2605.3940776094046,0.12852664576802508
2568,25.67,0.69124746,1850.1354041959387,0.12852664576802508
2569,25.68,0.6801014,1820.3026280703086,0.13479623824451412
2570,25.69,0.70027,1874.2843014104442,0.14576802507836992
2571,25.7,0.69346553,1856.0720434278414,0.14576802507836992
2572,25.71,0.6671582,1785.6598572409148,0.13949843260188088
2573,25.72,0.6385706,1709.1448304232933,0.13636363636363635
2574,25.73,0.6841266,1831.0761916770575,0.14106583072100312
2575,25.74,0.6557652,1755.166421046069,0.12695924764890282
2576,25.75,0.6791066,1817.640133063893,0.13166144200626959
2577,25.76,0.6657979,1782.0190590891234,0.14106583072100312
2578,25.77,0.6998687,1873.2102082425922,0.13322884012539185
2579,25.78,0.6592783,1764.5692386498815,0.12852664576802508
2580,25.79,0.65232193,1745.9505238712477,0.1238244514106583
2581,25.8,0.7010659,1876.4145841494037,0.12852664576802508
2582,25.81,0.7060503,1889.755263880997,0.13166144200626959
2583,25.82,0.6673645,1786.212055878125,0.12225705329153605
2584,25.83,0.677348,1812.9332849514667,0.1206896551724138
2585,25.84,0.6819038,1825.126685863796,0.13793103448275862
2586,25.85,0.69999826,1873.5570497625615,0.13009404388714735
2587,25.86,0.6923333,1853.0415178802753,0.12225705329153605
2588,25.87,0.7106359,1902.0287682404287,0.13636363636363635
2589,25.88,0.709679,1899.4676372942342,0.13949843260188088
2590,25.89,0.6747396,1805.9516256737757,0.13322884012539185
2591,25.9,0.68211204,1825.6841632754526,0.13166144200626959
2592,25.91,0.6586936,1763.0044363201441,0.11912225705329153
2593,25.92,0.66300064,1774.5322343397138,0.13479623824451412
2594,25.93,0.6713408,1796.8548047011056,0.14576802507836992
2595,25.94,0.65453964,1751.8861702286545,0.13166144200626959
2596,25.95,0.66995865,1793.1555445747301,0.14576802507836992
2597,25.96,0.6256641,1674.6004770569284,0.14576802507836992
2598,25.97,0.64522684,1726.9602858451792,0.14420062695924765
2599,25.98,0.6333335,1695.127576808943,0.13793103448275862
2600,25.99,0.6478312,1733.93101356602,0.13636363636363635
2601,26.0,0.61884564,1656.3506778971846,0.13166144200626959
2602,26.01,0.60909843,1630.2621304768159,0.13793103448275862
2603,26.02,0.61067736,1634.488097507585,0.13166144200626959
2604,26.03,0.5903243,1580.0127340298438,0.13166144200626959
2605,26.04,0.5955327,1593.953163796837,0.12695924764890282
2606,26.05,0.5807402,1554.3608606682506,0.12695924764890282
2607,26.06,0.6370384,1705.0440032524114,0.13479623824451412
2608,26.07,0.6289334,1683.3507176236897,0.13166144200626959
2609,26.08,0.64950335,1738.4064809367123,0.13009404388714735
2610,26.09,0.6194394,1657.9398952561594,0.13009404388714735
2611,26.1,0.64868355,1736.2123376894633,0.13479623824451412
2612,26.11,0.6114157,1636.4642887423345,0.13166144200626959
2613,26.12,0.6032607,1614.6373326115543,0.12852664576802508
2614,26.13,0.62182426,1664.323041926803,0.12539184952978055
2615,26.14,0.6246589,1671.9098162910602,0.12695924764890282
2616,26.15,0.6342552,1697.5945230945053,0.13009404388714735
2617,26.16,0.6193702,1657.7547845537083,0.13793103448275862
2618,26.17,0.6192054,1657.3135398371103,0.14106583072100312
2619,26.18,0.68354636,1829.5232485936547,0.13166144200626959
2620,26.19,0.629036,1683.6254013860755,0.1206896551724138
2621,26.2,0.6136991,1642.5757511956454,0.13479623824451412
2622,26.21,0.6822762,1826.1235284298393,0.13949843260188088
2623,26.22,0.6565403,1757.2410194048316,0.14576802507836992
2624,26.23,0.64197516,1718.2571633892803,0.13009404388714735
2625,26.24,0.6317273,1690.8284832163313,0.12225705329153605
2626,26.25,0.6210794,1662.3291767843343,0.12695924764890282
2627,26.26,0.61937726,1657.7735421449318,0.1206896551724138
2628,26.27,0.6112626,1636.0545911080962,0.12225705329153605
2629,26.28,0.56488895,1511.9347312622654,0.11285266457680251
2630,26.29,0.5793181,1550.5545165352669,0.11755485893416928
2631,26.3,0.6371656,1705.384298278335,0.11755485893416928
2632,26.31,0.7025741,1880.4511903773073,0.11442006269592477
2633,26.32,0.6976067,1867.1558387080713,0.11598746081504702
2634,26.33,0.68329185,1828.8419759990652,0.109717868338558
2635,26.34,0.93003464,2489.2532723130967,0.11755485893416928
2636,26.35,0.97742426,2616.0921828066594,0.109717868338558
2637,26.36,0.98469627,2635.555955596551,0.11285266457680251
2638,26.37,0.9929657,2657.68912003387,0.1238244514106583
2639,26.38,0.98163944,2627.3743461630256,0.1238244514106583
2640,26.39,0.98285717,2630.633523178589,0.13009404388714735
2641,26.4,0.6916034,1851.0880053812505,0.11598746081504702
2642,26.41,0.97589606,2612.001932360574,0.1238244514106583
2643,26.42,0.98335797,2631.9738830276665,0.11598746081504702
2644,26.43,0.9762975,2613.0765203335836,0.1206896551724138
2645,26.44,0.7156942,1915.567434208207,0.12225705329153605
2646,26.45,0.59034365,1580.064581610245,0.11912225705329153
2647,26.46,0.581235,1555.685087529318,0.11755485893416928
2648,26.47,0.56936485,1523.9144217085693,0.1206896551724138
2649,26.48,0.5486035,1468.3463478816022,0.11442006269592477
2650,26.49,0.55732524,1491.6902737181904,0.12225705329153605
2651,26.5,0.5683402,1521.1718555573755,0.12539184952978055
2652,26.51,0.98272043,2630.267598147469,0.10815047021943573
2653,26.52,0.59663963,1596.9159018609573,0.11755485893416928
2654,26.53,0.56085104,1501.1270571506006,0.11442006269592477
2655,26.54,0.5822798,1558.4815696466314,0.12225705329153605
2656,26.55,0.569465,1524.1825083916242,0.12539184952978055
2657,26.56,0.5668917,1517.294951568882,0.1238244514106583
2658,26.57,0.5493676,1470.3914938229727,0.11128526645768025
2659,26.58,0.58511287,1566.0643324879018,0.13949843260188088
2660,26.59,0.5529949,1480.1000842152023,0.12852664576802508
2661,26.6,0.5590808,1496.389049066478,0.10188087774294671
2662,26.61,0.5604215,1499.9775414235417,0.10501567398119123
2663,26.62,0.55143625,1475.9282779699201,0.11285266457680251
2664,26.63,0.55926,1496.8687264480145,0.12225705329153605
2665,26.64,0.5419972,1450.6645408976844,0.10815047021943573
2666,26.65,0.5507203,1474.0119354254434,0.11912225705329153
2667,26.66,0.56554157,1513.6813520440219,0.11285266457680251
2668,26.67,0.54676896,1463.4361830973576,0.11442006269592477
2669,26.68,0.5530348,1480.206726202169,0.10815047021943573
2670,26.69,0.5504279,1473.2294730207377,0.11598746081504702
2671,26.7,0.5477618,1466.093471189056,0.10344827586206896
2672,26.71,0.54460156,1457.6351544170866,0.109717868338558
2673,26.72,0.54017276,1445.7813818090513,0.09717868338557993
2674,26.73,0.5389257,1442.4436162069348,0.11128526645768025
2675,26.74,0.5353356,1432.8346179731725,0.10501567398119123
2676,26.75,0.5426875,1452.5121052558218,0.10501567398119123
2677,26.76,0.553167,1480.5606329503642,0.109717868338558
2678,26.77,0.5247013,1404.3717440119644,0.109717868338558
2679,26.78,0.554416,1483.9037391877812,0.11285266457680251
2680,26.79,0.5420573,1450.8253242118492,0.109717868338558
2681,26.8,0.5468183,1463.568350350394,0.109717868338558
2682,26.81,0.54140764,1449.0865812276297,0.12852664576802508
2683,26.82,0.5391161,1442.953101783036,0.12695924764890282
2684,26.83,0.51832414,1387.3032486315851,0.1238244514106583
2685,26.84,0.5092685,1363.0656345050015,0.12225705329153605
2686,26.85,0.51933056,1389.996915926136,0.1206896551724138
2687,26.86,0.5997055,1605.1217279948796,0.13322884012539185
2688,26.87,0.53954536,1444.102123952867,0.13479623824451412
2689,26.88,0.572996,1533.6332732939181,0.1238244514106583
2690,26.89,0.5069603,1356.8876262027002,0.13166144200626959
2691,26.9,0.49345413,1320.7381542335943,0.11912225705329153
2692,26.91,0.5420047,1450.6846286937807,0.13009404388714735
2693,26.92,0.49214363,1317.230551151753,0.11598746081504702
2694,26.93,0.494144,1322.5845913597757,0.11755485893416928
2695,26.94,0.54521036,1459.2645514175128,0.13166144200626959
2696,26.95,0.49168262,1315.9967514421658,0.13636363636363635
2697,26.96,0.517946,1386.2911862566202,0.13166144200626959
2698,26.97,0.5633584,1507.8381361748125,0.13166144200626959
2699,26.98,0.58714724,1571.5094409686653,0.14106583072100312
2700,26.99,0.61840814,1655.1796317335495,0.13166144200626959
2701,27.0,0.52912647,1416.2157721390859,0.1238244514106583
2702,27.01,0.64285237,1720.6050310704327,0.13166144200626959
2703,27.02,0.5248258,1404.7049521391764,0.12852664576802508
2704,27.03,0.54889303,1469.1213383829838,0.12695924764890282
2705,27.04,0.60964715,1631.7306841327124,0.13949843260188088
2706,27.05,0.5399901,1445.2925547362404,0.12852664576802508
2707,27.06,0.61745256,1652.62209634303,0.15203761755485892
2708,27.07,0.54596287,1461.278636773774,0.11912225705329153
2709,27.08,0.64239776,1719.3882953008274,0.13793103448275862
2710,27.09,0.6316811,1690.7048364661712,0.13479623824451412
2711,27.1,0.65490246,1752.8572508326645,0.13322884012539185
2712,27.11,0.62947404,1684.7976771960148,0.12225705329153605
2713,27.12,0.6017743,1610.6587934618942,0.13009404388714735
2714,27.13,0.61768115,1653.233834171832,0.11755485893416928
2715,27.14,0.59197533,1584.4317964377276,0.11598746081504702
2716,27.15,0.6221337,1665.151140397857,0.13322884012539185
2717,27.16,0.59949094,1604.5474299382386,0.1238244514106583
2718,27.17,0.6386444,1709.3423531583842,0.1238244514106583
2719,27.18,0.6644599,1778.4379020260503,0.14890282131661442
2720,27.19,0.80326796,2149.9599868484174,0.14420062695924765
2721,27.2,0.622673,1666.5944693136712,0.1238244514106583
2722,27.21,0.5500995,1472.3504340952286,0.1238244514106583
2723,27.22,0.5616064,1503.1489065764904,0.13322884012539185
2724,27.23,0.66342014,1775.6549707653949,0.13793103448275862
2725,27.24,0.66384083,1776.781049183296,0.14106583072100312
2726,27.25,0.6267965,1677.6312212163718,0.13793103448275862
2727,27.26,0.63488704,1699.2856055428556,0.1614420062695925
2728,27.27,0.625341,1673.7355780158948,0.16927899686520376
2729,27.28,0.61355525,1642.190795006277,0.18025078369905956
2730,27.29,0.6100043,1632.6867026650887,0.1786833855799373
2731,27.3,0.63686657,1704.5840136939646,0.19122257053291536
2732,27.31,0.73041964,1954.9803689888602,0.1677115987460815
2733,27.32,0.7463399,1997.5911983601675,0.1755485893416928
2734,27.33,0.6949255,1859.979561004801,0.17084639498432602
2735,27.34,0.7359137,1969.6851298369788,0.17398119122257052
2736,27.35,0.7530654,2015.5920681967075,0.1614420062695925
2737,27.36,0.7714126,2064.6987131319574,0.1974921630094044
2738,27.37,0.72915024,1951.5827539401946,0.19278996865203762
2739,27.38,0.711372,1903.9990823539922,0.18495297805642633
2740,27.39,0.72417605,1938.2691893270292,0.20219435736677116
2741,27.4,0.7033517,1882.5325183468926,0.19278996865203762
2742,27.41,0.69677204,1864.9220146093244,0.1677115987460815
2743,27.42,0.68564695,1835.1455300477494,0.15830721003134796
2744,27.43,0.71328604,1909.1220029427677,0.14890282131661442
2745,27.44,0.69680554,1865.011613038013,0.15673981191222572
2746,27.45,0.71072644,1902.2711075765571,0.1865203761755486
2747,27.46,0.65317166,1748.2248196598616,0.15830721003134796
2748,27.47,0.6773395,1812.9103876547495,0.15517241379310345
2749,27.48,0.6714485,1797.143054707291,0.15517241379310345
2750,27.49,0.64043915,1714.1459673865768,0.15830721003134796
2751,27.5,0.6311117,1689.1809637586791,0.16614420062695925
2752,27.51,0.67255014,1800.0915271765982,0.15987460815047022
2753,27.52,0.64756,1733.205021649734,0.19435736677115986
2754,27.53,0.7050096,1886.969877048321,0.1896551724137931
2755,27.54,0.66641974,1783.6834722852107,0.18025078369905956
2756,27.55,0.1139602,305.01635167454276,0.009404388714733543
2757,27.56,0.11166137,298.8634886604491,0.009404388714733543
2758,27.57,0.69580466,1862.3327059023818,0.1786833855799373
2759,27.58,0.62783337,1680.406313755193,0.17398119122257052
2760,27.59,0.6772747,1812.7370571361266,0.16927899686520376
2761,27.6,0.62320125,1668.0085995145675,0.1755485893416928
2762,27.61,0.6491462,1737.4505870109724,0.1724137931034483
2763,27.62,0.66095483,1769.0566696289316,0.16300940438871472
2764,27.63,0.65321577,1748.3428303370029,0.16614420062695925
2765,27.64,0.6546835,1752.2710717991827,0.16300940438871472
2766,27.65,0.6509502,1742.279086332849,0.15830721003134796
2767,27.66,0.6665322,1783.9845811131938,0.16927899686520376
2768,27.67,0.6488575,1736.6777665090506,0.15830721003134796
2769,27.68,0.65591234,1755.560359301081,0.15987460815047022
2770,27.69,0.88222134,2361.279983479428,0.14733542319749215
2771,27.7,0.64938825,1738.0985081353613,0.14576802507836992
2772,27.71,0.6491672,1737.5066894099823,0.18025078369905956
2773,27.72,0.67310387,1801.5737053753835,0.15673981191222572
2774,27.73,0.6355472,1701.0525517631743,0.15830721003134796
2775,27.74,0.63603354,1702.3542440372605,0.15830721003134796
2776,27.75,0.66535306,1780.8284314649945,0.1677115987460815
2777,27.76,0.6594011,1764.8981192247793,0.1724137931034483
2778,27.77,0.725518,1941.8609747905298,0.17398119122257052
2779,27.78,0.72220606,1932.9964600722344,0.16927899686520376
2780,27.79,0.7146923,1912.8857164264248,0.17084639498432602
2781,27.8,0.71907896,1924.6267062991194,0.18495297805642633
2782,27.81,0.6564056,1756.8806198102427,0.1833855799373041
2783,27.82,0.65509796,1753.3805628237988,0.17084639498432602
2784,27.83,0.65742874,1759.6189607788988,0.1724137931034483
2785,27.84,0.63178205,1690.9750886406775,0.1677115987460815
2786,27.85,0.61483383,1645.6129223880262,0.1536050156739812
2787,27.86,0.60789466,1627.0402082371822,0.14576802507836992
2788,27.87,0.62032175,1660.3015155344387,0.1536050156739812
2789,27.88,0.6577922,1760.5918093496443,0.1724137931034483
2790,27.89,0.6730989,1801.5604075151607,0.16300940438871472
2791,27.9,0.64826864,1735.1017879335193,0.16300940438871472
2792,27.91,0.6947745,1859.5754334002777,0.164576802507837
2793,27.92,0.66697663,1785.1739129791965,0.1614420062695925
2794,27.93,0.70420164,1884.8073927730284,0.15673981191222572
2795,27.94,0.67593575,1809.1531752136323,0.15517241379310345
2796,27.95,0.68792087,1841.2317067827817,0.1614420062695925
2797,27.96,0.6661384,1782.930587687716,0.15673981191222572
2798,27.97,0.67418855,1804.4767684440897,0.15830721003134796
2799,27.98,0.6811281,1823.0506727314141,0.16614420062695925
2800,27.99,0.65516925,1753.5713815198887,0.16300940438871472
2801,28.0,0.67908853,1817.5916563729959,0.17711598746081506
2802,28.01,0.66891056,1790.3502524902938,0.18025078369905956
2803,28.02,0.66634405,1783.4808782986922,0.1755485893416928
2804,28.03,0.6924753,1853.421607630643,0.1865203761755486
2805,28.04,0.7322212,1959.8021653651056,0.1896551724137931
2806,28.05,0.6997275,1872.8323098277212,0.18025078369905956
2807,28.06,0.6753226,1807.512253321552,0.1786833855799373
2808,28.07,0.71033275,1901.2173710711188,0.18181818181818182
2809,28.08,0.7311577,1956.9558154069523,0.18181818181818182
2810,28.09,0.7122436,1906.3317700294408,0.1755485893416928
2811,28.1,0.7076048,1893.9159614470898,0.18025078369905956
2812,28.11,0.6863461,1837.016698954739,0.1755485893416928
2813,28.12,0.7133027,1909.1664566588895,0.18025078369905956
2814,28.13,0.72300243,1935.1280983223528,0.17398119122257052
2815,28.14,0.7336471,1963.6186378468751,0.17711598746081506
2816,28.15,0.7149586,1913.5984965197822,0.18025078369905956
2817,28.16,0.7208823,1929.4535223324026,0.1786833855799373
2818,28.17,0.70068383,1875.3919325608454,0.1677115987460815
2819,28.18,0.71493036,1913.522979103289,0.16927899686520376
2820,28.19,0.71816033,1922.1681082566936,0.164576802507837
2821,28.2,0.69880456,1870.3619644519845,0.17398119122257052
2822,28.21,0.7233823,1936.1446260822686,0.1677115987460815
2823,28.22,0.72044706,1928.2886319860272,0.18181818181818182
2824,28.23,0.6981521,1868.6156874082708,0.17084639498432602
2825,28.24,0.714939,1913.5460472854434,0.15517241379310345
2826,28.25,0.7125188,1907.0684512515893,0.164576802507837
2827,28.26,0.7281407,1948.8807028752096,0.16300940438871472
2828,28.27,0.7086453,1896.7008623157135,0.1755485893416928
2829,28.28,0.7413355,1984.1967193430064,0.17084639498432602
2830,28.29,0.74156785,1984.8187756709274,0.17084639498432602
2831,28.3,0.719011,1924.4449836182125,0.17084639498432602
2832,28.31,0.72614306,1943.5338841254968,0.16927899686520376
2833,28.32,0.6982308,1868.8263201267903,0.1724137931034483
2834,28.33,0.65312815,1748.1084003509113,0.14733542319749215
2835,28.34,0.6644554,1778.4260468585726,0.15673981191222572
2836,28.35,0.64753705,1733.1436508047695,0.15047021943573669
2837,28.36,0.67732394,1812.8687189266093,0.16614420062695925
2838,28.37,0.66573954,1781.8629249425767,0.18495297805642633
2839,28.38,0.7115779,1904.5501038296293,0.164576802507837
2840,28.39,0.67114717,1796.3365518049263,0.18181818181818182
2841,28.4,0.64187056,1717.9771826341303,0.16927899686520376
2842,28.41,0.639356,1711.2470906689962,0.15830721003134796
2843,28.42,0.6754972,1807.9794117786669,0.16927899686520376
2844,28.43,0.6505717,1741.2660392378762,0.1786833855799373
2845,28.44,0.64838374,1735.409852385466,0.17084639498432602
2846,28.45,0.65709496,1758.725608632005,0.15517241379310345
2847,28.46,0.6467019,1730.9083465300957,0.15987460815047022
2848,28.47,0.5977839,1599.9785889126913,0.16614420062695925
2849,28.48,0.6101378,1633.0440301986,0.17398119122257052
2850,28.49,0.617479,1652.6929260175186,0.18181818181818182
2851,28.5,0.6175182,1652.797696175708,0.18025078369905956
2852,28.51,0.68565863,1835.176793806694,0.18181818181818182
2853,28.52,0.6859854,1836.0513089832386,0.1833855799373041
2854,28.53,0.67282593,1800.8298186967581,0.1755485893416928
2855,28.54,0.23401247,626.3382440098387,0.029780564263322883
2856,28.55,0.6682789,1788.6594280914987,0.16614420062695925
2857,28.56,0.6531109,1748.0622018067525,0.1614420062695925
2858,28.57,0.6243208,1671.0049827065084,0.16300940438871472
2859,28.58,0.64371467,1722.912955908773,0.1833855799373041
2860,28.59,0.10419445,278.8781881480936,0.009404388714733543
2861,28.6,0.10848937,290.3735859818066,0.009404388714733543
2862,28.61,0.107062526,286.5546153238902,0.009404388714733543
2863,28.62,0.6637446,1776.523382161762,0.14420062695924765
2864,28.63,0.112090535,300.0121775802722,0.009404388714733543
2865,28.64,0.701516,1877.6191321828398,0.15203761755485892
2866,28.65,0.108366944,290.0459301524447,0.009404388714733543
2867,28.66,0.11058326,295.9779361934126,0.009404388714733543
2868,28.67,0.67850643,1816.0337535649228,0.15987460815047022
2869,28.68,0.11364905,304.1835747678319,0.009404388714733543
2870,28.69,0.12096847,323.77410570311224,0.009404388714733543
2871,28.7,0.119088486,318.7423010695075,0.009404388714733543
2872,28.71,0.1171468,313.5453433725166,0.009404388714733543
2873,28.72,0.70004284,1873.6763046377682,0.1677115987460815
2874,28.73,0.68703485,1838.8600942855767,0.164576802507837
2875,28.74,0.12187623,326.20375523238965,0.009404388714733543
2876,28.75,0.117576644,314.69583503489235,0.009404388714733543
2877,28.76,0.1179384,315.66408949957264,0.009404388714733543
2878,28.77,0.1146176,306.77591760130093,0.009404388714733543
2879,28.78,0.117397584,314.2165859564575,0.009404388714733543
2880,28.79,0.34603262,926.162028200877,0.032915360501567396
2881,28.8,0.66589946,1782.2910621565034,0.15987460815047022
2882,28.81,0.32784417,877.4803254189144,0.03605015673981191
2883,28.82,0.23882173,639.2103453536147,0.029780564263322883
2884,28.83,0.29197407,781.4734329489745,0.034482758620689655
2885,28.84,0.30164632,807.3613806604777,0.03605015673981191
2886,28.85,0.11088437,296.78383688956313,0.009404388714733543
2887,28.86,0.29379392,786.3443276045662,0.034482758620689655
2888,28.87,0.11321498,303.02174819625367,0.009404388714733543
2889,28.88,0.111426905,298.2359530370558,0.009404388714733543
2890,28.89,0.11588283,310.1623166485506,0.009404388714733543
2891,28.9,0.11460526,306.742896030847,0.009404388714733543
2892,28.91,0.11684477,312.7369758738263,0.009404388714733543
2893,28.92,0.11234911,300.704244300206,0.009404388714733543
2894,28.93,0.1208988,323.5876406994521,0.009404388714733543
2895,28.94,0.10979134,293.8583524629607,0.009404388714733543
2896,28.95,0.6703098,1794.0952435271017,0.1896551724137931
2897,28.96,0.63737404,1705.942108440165,0.18181818181818182
2898,28.97,0.10901819,291.788993846245,0.009404388714733543
2899,28.98,0.106991544,286.3646459343713,0.009404388714733543
2900,28.99,0.10853842,290.5048807567646,0.009404388714733543
2901,29.0,0.6090062,1630.0152332787893,0.15830721003134796
2902,29.01,0.39659408,1061.4906076397992,0.15987460815047022
2903,29.02,0.42189583,1129.2112335572697,0.1677115987460815
2904,29.03,0.6263822,1676.522168500362,0.16927899686520376
2905,29.04,0.6308471,1688.4727541048194,0.16927899686520376
2906,29.05,0.652015,1745.1288804543883,0.16927899686520376
2907,29.06,0.6505689,1741.258503764744,0.16927899686520376
2908,29.07,0.69644344,1864.042320354848,0.16927899686520376
2909,29.08,0.67429787,1804.7694489484143,0.18181818181818182
2910,29.09,0.6708474,1795.53427439525,0.17398119122257052
2911,29.1,0.67925036,1818.0248842717915,0.17711598746081506
2912,29.11,0.6516817,1744.2369942833552,0.17398119122257052
2913,29.12,0.68194413,1825.2346842918284,0.17398119122257052
2914,29.13,0.70072454,1875.5008078325448,0.18025078369905956
2915,29.14,0.63238686,1692.5939725054754,0.1786833855799373
2916,29.15,0.6551632,1753.5552453860225,0.1786833855799373
2917,29.16,0.62813896,1681.2243508641088,0.18181818181818182
2918,29.17,0.63051456,1687.582656281819,0.17711598746081506
2919,29.18,0.627435,1679.340250067317,0.1724137931034483
2920,29.19,0.60763955,1626.3573938046666,0.17398119122257052
2921,29.2,0.60895246,1629.8713034087239,0.17084639498432602
2922,29.21,0.5982875,1601.3264654805268,0.16614420062695925
2923,29.22,0.74464005,1993.0415338628222,0.17084639498432602
2924,29.23,0.7262462,1943.809885296922,0.1786833855799373
2925,29.24,0.7650193,2047.5867399535218,0.17084639498432602
2926,29.25,0.72106016,1929.9293921068272,0.16614420062695925
2927,29.26,0.7566227,2025.1132149321859,0.1865203761755486
2928,29.27,0.75910413,2031.7547474384178,0.17084639498432602
2929,29.28,0.7514975,2011.3955546224088,0.1755485893416928
2930,29.29,0.7408637,1982.9339470917894,0.164576802507837
2931,29.3,0.66628236,1783.315811073956,0.15203761755485892
2932,29.31,0.69118947,1849.9800834105324,0.15987460815047022
2933,29.32,0.09314647,249.30808503593968,0.009404388714733543
2934,29.33,0.67509335,1806.8985245299184,0.1614420062695925
2935,29.34,0.6893075,1844.9430118178252,0.1677115987460815
2936,29.35,0.69106865,1849.6567379738733,0.1724137931034483
2937,29.36,0.7210636,1929.9387112937475,0.1865203761755486
2938,29.37,0.69587386,1862.5179306785471,0.1677115987460815
2939,29.38,0.7625379,2040.945318775639,0.20219435736677116
2940,29.39,0.73797154,1975.1931461524603,0.18808777429467086
2941,29.4,0.7058986,1889.349300879416,0.19435736677115986
2942,29.41,0.7163762,1917.392694372873,0.18808777429467086
2943,29.42,0.73999137,1980.599214560488,0.20219435736677116
2944,29.43,0.71778566,1921.1651729713528,0.18181818181818182
2945,29.44,0.7066739,1891.4244275839603,0.1865203761755486
2946,29.45,0.6937823,1856.9198630161793,0.1896551724137931
2947,29.46,0.75693905,2025.9600000927544,0.20532915360501566
2948,29.47,0.7786578,2084.090559363224,0.19905956112852666
2949,29.48,0.7541686,2018.544860372042,0.19435736677115986
2950,29.49,0.7162332,1917.0100137968866,0.19278996865203762
2951,29.5,0.7304615,1955.0922554898664,0.1974921630094044
2952,29.51,0.73442894,1965.7111373072073,0.19905956112852666
2953,29.52,0.72735304,1946.7724619959708,0.19278996865203762
2954,29.53,0.7245707,1939.3254949142834,0.1865203761755486
2955,29.54,0.9831801,2631.4977453852025,0.17711598746081506
2956,29.55,0.9507751,2544.7653465439735,0.19592476489028213
2957,29.56,0.76348156,2043.4710640745695,0.18495297805642633
2958,29.57,0.75021374,2007.9594504723625,0.1896551724137931
2959,29.58,0.7452095,1994.565641994281,0.19122257053291536
2960,29.59,0.9276838,2482.960864508042,0.19278996865203762
2961,29.6,0.93687683,2507.5665005663545,0.18495297805642633
2962,29.61,0.7280463,1948.6279212183488,0.17398119122257052
2963,29.62,0.8911904,2385.285814063319,0.1755485893416928
2964,29.63,0.8651514,2315.5921478476425,0.164576802507837
2965,29.64,0.9623422,2575.7249518092494,0.17084639498432602
2966,29.65,0.9576176,2563.0794115598424,0.16614420062695925
2967,29.66,0.97859377,2619.2223659470314,0.17711598746081506
2968,29.67,0.97588366,2611.9688583572465,0.1614420062695925
2969,29.68,0.97454566,2608.387653156211,0.164576802507837
2970,29.69,0.9835234,2632.41680731541,0.19278996865203762
2971,29.7,0.98211986,2628.660214176761,0.18181818181818182
2972,29.71,0.97714525,2615.345389251966,0.1677115987460815
2973,29.72,0.9589657,2566.687633513423,0.15673981191222572
2974,29.73,0.9850686,2636.5525767981467,0.17084639498432602
2975,29.74,0.9927283,2657.0537173991424,0.1724137931034483
2976,29.75,0.98723364,2642.347279563855,0.18808777429467086
2977,29.76,0.9841499,2634.093473917031,0.18495297805642633
2978,29.77,0.9851247,2636.702645286073,0.1896551724137931
2979,29.78,0.9822939,2629.125919723061,0.16927899686520376
2980,29.79,0.9878874,2644.0968586425934,0.1786833855799373
2981,29.8,0.9800594,2623.1451602628813,0.18025078369905956
2982,29.81,0.9839968,2633.683794936439,0.15517241379310345
2983,29.82,0.97871304,2619.5416670856257,0.15830721003134796
2984,29.83,0.7468398,1998.929224219607,0.15047021943573669
2985,29.84,0.97465295,2608.674924133193,0.164576802507837
2986,29.85,0.96616095,2585.945717866545,0.16927899686520376
2987,29.86,0.95721424,2561.999772918675,0.15830721003134796
2988,29.87,0.9579746,2564.0348194394273,0.17084639498432602
2989,29.88,0.9480708,2537.527357827568,0.17084639498432602
2990,29.89,0.9596315,2568.469817690902,0.18181818181818182
2991,29.9,0.94896173,2539.9117789796387,0.1755485893416928
2992,29.91,0.95738196,2562.448770765827,0.1786833855799373
2993,29.92,0.969533,2594.9710750397253,0.18495297805642633
2994,29.93,0.96260816,2576.4367155017458,0.20532915360501566
2995,29.94,0.96894264,2593.3911178395715,0.19592476489028213
2996,29.95,0.9814196,2626.786004878765,0.2304075235109718
2997,29.96,0.98135275,2626.607012542214,0.24294670846394983
2998,29.97,0.9793435,2621.2290061671647,0.23667711598746083
2999,29.98,0.97747797,2616.2361336347262,0.23197492163009403
3000,29.99,0.9836593,2632.7805432219716,0.2507836990595611
3001,30.0,0.9732294,2604.8646889330976,0.2413793103448276
3002,30.01,0.9699873,2596.1871047463014,0.2304075235109718
3003,30.02,0.9869526,2641.5949635024826,0.24921630094043887
3004,30.03,0.974018,2606.975408070662,0.2335423197492163
3005,30.04,0.97997874,2622.929539975155,0.23824451410658307
3006,30.05,0.98766756,2643.5084625671398,0.22570532915360503
3007,30.06,0.98315847,2631.4399712757117,0.219435736677116
3008,30.07,0.9775631,2616.463910913664,0.2335423197492163
3009,30.08,0.97776276,2616.9983827008023,0.23667711598746083
3010,30.09,0.97967565,2622.1182507587473,0.21003134796238246
3011,30.1,0.9826174,2629.991751052267,0.2413793103448276
3012,30.11,0.9896031,2648.68932744961,0.23667711598746083
3013,30.12,0.997308,2669.3114531309593,0.23667711598746083
3014,30.13,0.99485797,2662.7539202510507,0.25235109717868337
3015,30.14,0.9806324,2624.6788398060635,0.2304075235109718
3016,30.15,0.9902669,2650.4657515027925,0.2335423197492163
3017,30.16,0.97738945,2615.998970970933,0.22570532915360503
3018,30.17,0.9791676,2620.7582589364456,0.21630094043887146
3019,30.18,0.98187745,2628.0113038993586,0.2304075235109718
3020,30.19,0.98448956,2635.0026441903424,0.23824451410658307
3021,30.2,0.9739698,2606.846526403192,0.24294670846394983
3022,30.21,0.9848057,2635.8489955321347,0.25705329153605017
3023,30.22,0.975258,2610.29409217829,0.274294670846395
3024,30.23,0.9748186,2609.118151453075,0.2774294670846395
3025,30.24,0.975613,2611.2442811341043,0.27586206896551724
3026,30.25,0.98050433,2624.336180584472,0.274294670846395
3027,30.26,0.9910005,2652.4291381431294,0.26332288401253917
3028,30.27,0.9768156,2614.463173899063,0.24294670846394983
3029,30.28,0.97722065,2615.547368654707,0.26489028213166144
3030,30.29,0.97937083,2621.302339870195,0.27586206896551724
3031,30.3,0.98890215,2646.8129908293004,0.27899686520376177
3032,30.31,0.97365296,2605.9982524843654,0.27899686520376177
3033,30.32,0.9739555,2606.80799927005,0.26332288401253917
3034,30.33,0.9845157,2635.0727595441776,0.2711598746081505
3035,30.34,0.9933257,2658.6527790288915,0.26802507836990597
3036,30.35,0.98207563,2628.5418649344347,0.2601880877742947
3037,30.36,0.9746567,2608.6848310236674,0.25391849529780564
3038,30.37,0.9762129,2612.8501684454523,0.2507836990595611
3039,30.38,0.9879189,2644.181500281139,0.24608150470219436
3040,30.39,0.9844914,2635.0076506919295,0.24294670846394983
3041,30.4,0.9826318,2630.030320172052,0.24921630094043887
3042,30.41,0.98896015,2646.968290698391,0.24294670846394983
3043,30.42,0.97821736,2618.215012374647,0.26332288401253917
3044,30.43,0.9823663,2629.3197085005204,0.2554858934169279
3045,30.44,0.9835437,2632.470972646917,0.24921630094043887
3046,30.45,0.98590267,2638.7849971842948,0.25235109717868337
3047,30.46,0.98411393,2633.997219789714,0.25235109717868337
3048,30.47,0.9826468,2630.070511864041,0.2664576802507837
3049,30.48,0.99345624,2659.002159341162,0.26489028213166144
3050,30.49,0.98842317,2645.5308954773195,0.25705329153605017
3051,30.5,0.98399335,2633.67452949906,0.2617554858934169
3052,30.51,0.9830923,2631.2630309435094,0.26332288401253917
3053,30.52,0.98175275,2627.6773696861283,0.27586206896551724
3054,30.53,0.98897886,2647.0184265723174,0.274294670846395
3055,30.54,0.9838998,2633.424059075327,0.28056426332288403
3056,30.55,0.9803421,2623.9019274111733,0.29310344827586204
3057,30.56,0.980027,2623.0586202610903,0.29780564263322884
3058,30.57,0.9878829,2644.084871366899,0.30094043887147337
3059,30.58,0.9827254,2630.2807243871175,0.3181818181818182
3060,30.59,0.98343146,2632.170534877695,0.30407523510971785
3061,30.6,0.98417217,2634.152961269446,0.30877742946708464
3062,30.61,0.97733706,2615.858899328196,0.2946708463949843
3063,30.62,0.97918755,2620.8118196636633,0.27899686520376177
3064,30.63,0.9828948,2630.7341352973367,0.24921630094043887
3065,30.64,0.9806084,2624.614850903341,0.2617554858934169
3066,30.65,0.98201597,2628.382123196486,0.2445141065830721
3067,30.66,0.9841832,2634.1826753363202,0.25705329153605017
3068,30.67,0.98213595,2628.703246869774,0.25235109717868337
3069,30.68,0.9810268,2625.73454518494,0.25862068965517243
3070,30.69,0.9874894,2643.0317059340778,0.2727272727272727
3071,30.7,0.9793248,2621.1792183435687,0.2774294670846395
3072,30.71,0.9768804,2614.6365548201356,0.26489028213166144
3073,30.72,0.99315697,2658.2012579171924,0.24921630094043887
3074,30.73,0.9880309,2644.4812592080316,0.24294670846394983
3075,30.74,0.9747162,2608.8439664776074,0.2304075235109718
3076,30.75,0.97583836,2611.8477654202466,0.24608150470219436
3077,30.76,0.992738,2657.079894456416,0.2507836990595611
3078,30.77,0.9865177,2640.4311576169525,0.24608150470219436
3079,30.78,0.9847068,2635.5843233208693,0.23667711598746083
3080,30.79,0.983192,2631.529761412495,0.25705329153605017
3081,30.8,0.9846084,2635.3208741311573,0.2727272727272727
3082,30.81,0.97365594,2606.006368471535,0.24294670846394983
3083,30.82,0.98563206,2638.0604272969535,0.26332288401253917
3084,30.83,0.9864628,2640.2840154883197,0.2445141065830721
3085,30.84,0.9910905,2652.670224095244,0.2507836990595611
3086,30.85,0.9789627,2620.2099586658455,0.26959247648902823
3087,30.86,0.9921511,2655.508760105871,0.27586206896551724
3088,30.87,0.9891194,2647.3945929491965,0.274294670846395
3089,30.88,0.9858553,2638.6579874218473,0.274294670846395
3090,30.89,0.97633827,2613.185516677221,0.25705329153605017
3091,30.9,0.9743487,2607.8606576746306,0.2335423197492163
3092,30.91,0.9773176,2615.806538050449,0.23197492163009403
3093,30.92,0.9805018,2624.329327743801,0.2445141065830721
3094,30.93,0.08225672,220.1614822055944,0.009404388714733543
3095,30.94,0.978456,2618.8537378394153,0.26332288401253917
3096,30.95,0.98037,2623.9765833884403,0.2727272727272727
3097,30.96,0.98355395,2632.498463805701,0.29780564263322884
3098,30.97,0.97262174,2603.2383917527973,0.2711598746081505
3099,30.98,0.97722125,2615.5489342613255,0.2774294670846395
3100,30.99,0.9768677,2614.602489407684,0.2711598746081505
3101,31.0,0.976684,2614.1109264227266,0.2664576802507837
3102,31.01,0.9801259,2623.323207113296,0.26959247648902823
3103,31.02,0.9916885,2654.2706720826404,0.26332288401253917
3104,31.03,0.9753213,2610.463687145958,0.26489028213166144
3105,31.04,0.96981156,2595.7167637823095,0.2601880877742947
3106,31.05,0.9775205,2616.3498415247623,0.2617554858934169
3107,31.06,0.98227376,2629.071910205597,0.28213166144200624
3108,31.07,0.97673815,2614.2557668429076,0.28683385579937304
3109,31.08,0.9707931,2598.3439439180343,0.2476489028213166
3110,31.09,0.9798753,2622.652559498842,0.26332288401253917
3111,31.1,0.98591876,2638.827987578252,0.2617554858934169
3112,31.11,0.9845943,2635.2829695197006,0.2601880877742947
3113,31.12,0.98570806,2638.264015524057,0.2711598746081505
3114,31.13,0.98491544,2636.1426819391463,0.28056426332288403
3115,31.14,0.97877854,2619.716962665762,0.29780564263322884
3116,31.15,0.98109096,2625.906269014103,0.2711598746081505
3117,31.16,0.98459667,2635.2893275603296,0.2884012539184953
3118,31.17,0.985661,2638.1379405429943,0.28213166144200624
3119,31.18,0.9916656,2654.2095339729885,0.3103448275862069
3120,31.19,0.98466307,2635.467119573516,0.2852664576802508
3121,31.2,0.98773,2643.6757806098312,0.29310344827586204
3122,31.21,0.9719734,2601.5029891280783,0.26489028213166144
3123,31.22,0.982531,2629.7604653512453,0.29310344827586204
3124,31.23,0.9940655,2660.6328767239693,0.29310344827586204
3125,31.24,0.9877459,2643.718155056762,0.28996865203761757
3126,31.25,0.98812085,2644.721994034479,0.28683385579937304
3127,31.26,0.9823188,2629.192711222752,0.28683385579937304
3128,31.27,0.98504317,2636.4844344828125,0.30407523510971785
3129,31.28,0.9830655,2631.1912654991565,0.2993730407523511
3130,31.29,0.9813247,2626.5317375348322,0.3166144200626959
3131,31.3,0.9793483,2621.241902283695,0.2962382445141066
3132,31.31,0.98391306,2633.4596605769702,0.30250783699059564
3133,31.32,0.9829577,2630.9026728605622,0.2946708463949843
3134,31.33,0.9747749,2609.001175281386,0.2774294670846395
3135,31.34,0.98112077,2625.9861269060943,0.30407523510971785
3136,31.35,0.9805151,2624.3651016232975,0.29780564263322884
3137,31.36,0.9799598,2622.878764143943,0.3166144200626959
3138,31.37,0.9876031,2643.33609808435,0.32601880877742945
3139,31.38,0.9833293,2631.8973003635865,0.3338557993730408
3140,31.39,0.08081668,216.30719691457085,0.009404388714733543
3141,31.4,0.9827563,2630.3634583762546,0.3103448275862069
3142,31.41,0.983621,2632.678043612564,0.3322884012539185
3143,31.42,0.9782539,2618.3126434316473,0.31504702194357365
3144,31.43,0.9781444,2618.019736442707,0.3557993730407524
3145,31.44,0.9826012,2629.948460515714,0.3338557993730408
3146,31.45,0.9833021,2631.82438825494,0.3213166144200627
3147,31.46,0.98330486,2631.8318838785904,0.3275862068965517
3148,31.47,0.9787821,2619.726498670427,0.335423197492163
3149,31.48,0.9849802,2636.315957084111,0.3432601880877743
3150,31.49,0.9892878,2647.8451411982446,0.3448275862068966
3151,31.5,0.9816998,2627.535865844888,0.3448275862068966
3152,31.51,0.9744433,2608.1137290161496,0.30877742946708464
3153,31.52,0.9735902,2605.830428123601,0.32601880877742945
3154,31.53,0.9779971,2617.6254199232485,0.33699059561128525
3155,31.54,0.9812337,2626.288342116527,0.3213166144200627
3156,31.55,0.9853536,2637.3151483728698,0.3432601880877743
3157,31.56,0.98797256,2644.325052767865,0.31974921630094044
3158,31.57,0.9910811,2652.645009976295,0.2884012539184953
3159,31.58,0.97399247,2606.9070058842176,0.29153605015673983
3160,31.59,0.97847646,2618.9084412942902,0.2962382445141066
3161,31.6,0.97423136,2607.546399774987,0.3072100313479624
3162,31.61,0.9790884,2620.546279182083,0.3181818181818182
3163,31.62,0.98003525,2623.080558735953,0.3166144200626959
3164,31.63,0.9710683,2599.0805189084153,0.30407523510971785
3165,31.64,0.97447455,2608.197146006799,0.2962382445141066
3166,31.65,0.97872365,2619.5700904786813,0.3103448275862069
3167,31.66,0.9756275,2611.2832883196197,0.2946708463949843
3168,31.67,0.98152936,2627.0794908823436,0.30094043887147337
3169,31.68,0.9830345,2631.1080545560053,0.31504702194357365
3170,31.69,0.9793303,2621.1939125148915,0.30407523510971785
3171,31.7,0.9792176,2620.8921388736453,0.31504702194357365
3172,31.71,0.9776114,2616.59333534634,0.31191222570532917
3173,31.72,0.9879942,2644.3828144605322,0.30877742946708464
3174,31.73,0.98808897,2644.6365805583946,0.29780564263322884
3175,31.74,0.97669864,2614.150035127541,0.28683385579937304
3176,31.75,0.9745521,2608.4048968898724,0.27586206896551724
3177,31.76,0.9791077,2620.5979398718605,0.2836990595611285
3178,31.77,0.98204523,2628.4604911775446,0.28996865203761757
3179,31.78,0.97987807,2622.6598594735583,0.29780564263322884
3180,31.79,0.9692512,2594.217142780844,0.30094043887147337
3181,31.8,0.9811912,2626.174645951443,0.2962382445141066
3182,31.81,0.9913457,2653.3532736399575,0.31191222570532917
3183,31.82,0.9885254,2645.804759982568,0.322884012539185
3184,31.83,0.97619593,2612.8046398361967,0.31347962382445144
3185,31.84,0.9802921,2623.768029245189,0.3166144200626959
3186,31.85,0.98953223,2648.499562551607,0.30094043887147337
3187,31.86,0.9904841,2651.047214527676,0.2946708463949843
3188,31.87,0.9921152,2655.412724201923,0.3166144200626959
3189,31.88,0.9921977,2655.6336508724917,0.3072100313479624
3190,31.89,0.9908653,2652.0674117725707,0.29153605015673983
3191,31.9,0.9935952,2659.373913106329,0.3056426332288401
3192,31.91,0.99255496,2656.5897722492005,0.2993730407523511
3193,31.92,0.9974172,2669.6036575972607,0.2962382445141066
3194,31.93,0.9916568,2654.185875067335,0.29780564263322884
3195,31.94,0.9875763,2643.264524037753,0.28996865203761757
3196,31.95,0.99122596,2653.0326113381984,0.2617554858934169
3197,31.96,0.9884112,2645.499020962753,0.28683385579937304
3198,31.97,0.9919009,2654.839272153721,0.29153605015673983
3199,31.98,0.9908727,2652.0870503593883,0.27899686520376177
3200,31.99,0.98990196,2649.4889193854397,0.2617554858934169
3201,32.0,0.98499155,2636.346114244027,0.28213166144200624
3202,32.01,0.9861345,2639.4055132622234,0.28056426332288403
3203,32.02,0.9889431,2646.9224947463326,0.28683385579937304
3204,32.03,0.998838,2673.4064949774997,0.3166144200626959
3205,32.04,0.08318332,222.64152973816675,0.009404388714733543
3206,32.05,0.9795412,2621.7583034946756,0.31347962382445144
3207,32.06,0.979112,2620.6096452784877,0.2946708463949843
3208,32.07,0.9823083,2629.1645861247093,0.27586206896551724
3209,32.08,0.98076177,2625.0252500864644,0.2852664576802508
3210,32.09,0.9698279,2595.7605184925283,0.29780564263322884
3211,32.1,0.9605195,2570.8464035546967,0.29780564263322884
3212,32.11,0.9782371,2618.2679330650076,0.2946708463949843
3213,32.12,0.9579539,2563.979419910714,0.29780564263322884
3214,32.13,0.08250756,220.83284690885787,0.009404388714733543
3215,32.14,0.9374595,2509.1259117800387,0.27899686520376177
3216,32.15,0.970361,2597.187137473703,0.27586206896551724
3217,32.16,0.97348803,2605.5569515459592,0.26802507836990597
3218,32.17,0.960795,2571.583768768395,0.28213166144200624
3219,32.18,0.97440356,2608.0072920129214,0.29780564263322884
3220,32.19,0.96500367,2582.8483141540733,0.2993730407523511
3221,32.2,0.9683152,2591.7116598321504,0.31347962382445144
3222,32.21,0.9832234,2631.6136865549533,0.30407523510971785
3223,32.22,0.96898097,2593.4936384005205,0.29780564263322884
3224,32.23,0.960586,2571.0243638536176,0.28056426332288403
