frame,time_ns,coverage_hull,hull_area,coverage_grid
900,8.99,0.9659498,2585.3805067867215,0.2774294670846395
901,9.0,0.8616944,2306.339404490271,0.2993730407523511
902,9.01,0.85587984,2290.7766373572435,0.30094043887147337
903,9.02,0.12343132,330.36597216262487,0.007836990595611285
904,9.03,0.87376773,2338.65389476768,0.31191222570532917
905,9.04,0.90794766,2430.13708048062,0.3072100313479624
906,9.05,0.12504233,334.6778825744538,0.007836990595611285
907,9.06,0.12609178,337.48672181990867,0.007836990595611285
908,9.07,0.9404529,2517.1377270989137,0.322884012539185
909,9.08,0.12305756,329.36561441531114,0.007836990595611285
910,9.09,0.12106077,324.0211605939379,0.007836990595611285
911,9.1,0.11973341,320.46844315394054,0.007836990595611285
912,9.11,0.85588413,2290.787968262058,0.26959247648902823
913,9.12,0.8963643,2399.1337999180914,0.31974921630094044
914,9.13,0.12785138,342.19633894831094,0.007836990595611285
915,9.14,0.88931054,2380.2543288743614,0.30094043887147337
916,9.15,0.12718801,340.4208002252372,0.007836990595611285
917,9.16,0.906198,2425.4539921380992,0.3181818181818182
918,9.17,0.9018694,2413.8684424488038,0.3056426332288401
919,9.18,0.8766514,2346.3721205959064,0.29153605015673983
920,9.19,0.12177675,325.9374876187569,0.007836990595611285
921,9.2,0.12491684,334.34197452953015,0.007836990595611285
922,9.21,0.12916431,345.710411911546,0.007836990595611285
923,9.22,0.11891129,318.2680341334595,0.007836990595611285
924,9.23,0.12136992,324.8485889093223,0.007836990595611285
925,9.24,0.12492388,334.3608469195068,0.007836990595611285
926,9.25,0.9769432,2614.8045847573258,0.3275862068965517
927,9.26,0.9829989,2631.0130479971817,0.322884012539185
928,9.27,0.12643684,338.410298568641,0.007836990595611285
929,9.28,0.91285187,2443.2632467808576,0.3213166144200627
930,9.29,0.8840625,2366.208031598858,0.31504702194357365
931,9.3,0.8979735,2403.4410131634168,0.32601880877742945
932,9.31,0.7918458,2119.3884241919395,0.3166144200626959
933,9.32,0.12129248,324.6413135694868,0.007836990595611285
934,9.33,0.8349105,2234.651759953389,0.3056426332288401
935,9.34,0.12062659,322.85905483457805,0.007836990595611285
936,9.35,0.12800248,342.6007808608837,0.007836990595611285
937,9.36,0.119479015,319.78756496258984,0.007836990595611285
938,9.37,0.8002607,2141.9111728871467,0.2884012539184953
939,9.38,0.12203827,326.6374476820474,0.007836990595611285
940,9.39,0.12228868,327.3076809467276,0.007836990595611285
941,9.4,0.119531944,319.92923076377497,0.007836990595611285
942,9.41,0.12086216,323.48960125811936,0.007836990595611285
943,9.42,0.12324391,329.8643769217049,0.007836990595611285
944,9.43,0.12326398,329.9181058826547,0.007836990595611285
945,9.44,0.9415419,2520.0524293716135,0.30877742946708464
946,9.45,0.12434871,332.8213953283141,0.007836990595611285
947,9.46,0.12932244,346.1336675192837,0.007836990595611285
948,9.47,0.12735106,340.8571963159336,0.007836990595611285
949,9.48,0.8614409,2305.6609975099122,0.30250783699059564
950,9.49,0.12314609,329.60252940427955,0.007836990595611285
951,9.5,0.12419157,332.4007947900044,0.007836990595611285
952,9.51,0.8029475,2149.1023230219944,0.31974921630094044
953,9.52,0.12510878,334.8557264550681,0.007836990595611285
954,9.53,0.8666335,2319.558782915716,0.31974921630094044
955,9.54,0.80217427,2147.0327539408245,0.32445141065830724
956,9.55,0.13031293,348.78472558117636,0.007836990595611285
957,9.56,0.8743112,2340.1083850258065,0.30877742946708464
958,9.57,0.124754585,333.9077241121165,0.007836990595611285
959,9.58,0.11229351,300.5554377549769,0.007836990595611285
960,9.59,0.9637674,2579.539650213441,0.31504702194357365
961,9.6,0.13000093,347.9496771453226,0.007836990595611285
962,9.61,0.12998898,347.9176540939884,0.007836990595611285
963,9.62,0.12652461,338.6452443882425,0.007836990595611285
964,9.63,0.12472485,333.82813241145493,0.007836990595611285
965,9.64,0.12869014,344.44128952112453,0.007836990595611285
966,9.65,0.12695329,339.7925819235072,0.007836990595611285
967,9.66,0.124906614,334.3146325537284,0.007836990595611285
968,9.67,0.12422414,332.48797873395154,0.007836990595611285
969,9.68,0.12915404,345.682940943811,0.007836990595611285
970,9.69,0.12645501,338.4589254550938,0.007836990595611285
971,9.7,0.12568326,336.3933440648494,0.007836990595611285
972,9.71,0.13138045,351.6419691253119,0.007836990595611285
973,9.72,0.72028184,1927.8463262356124,0.2617554858934169
974,9.73,0.13419837,359.1841452418874,0.007836990595611285
975,9.74,0.122866265,328.85361184656,0.007836990595611285
976,9.75,0.12974943,347.27653173629983,0.007836990595611285
977,9.76,0.8359559,2237.4498356920585,0.2993730407523511
978,9.77,0.12562712,336.24307535693674,0.007836990595611285
979,9.78,0.12306158,329.3763875244614,0.007836990595611285
980,9.79,0.79510707,2128.117229172148,0.2993730407523511
981,9.8,0.12579863,336.702103612056,0.007836990595611285
982,9.81,0.12960862,346.89960657424336,0.007836990595611285
983,9.82,0.7478531,2001.6411926315393,0.28683385579937304
984,9.83,0.122330286,327.4190463192475,0.007836990595611285
985,9.84,0.12660773,338.8676921059258,0.007836990595611285
986,9.85,0.1261322,337.59493441966833,0.007836990595611285
987,9.86,0.82599944,2210.8013206766104,0.2962382445141066
988,9.87,0.75104946,2010.196450051226,0.29310344827586204
989,9.88,0.8202715,2195.4702146378986,0.2962382445141066
990,9.89,0.82158333,2198.981399169972,0.31974921630094044
991,9.9,0.9127082,2442.8785545331048,0.3103448275862069
992,9.91,0.13517655,361.80231835624454,0.007836990595611285
993,9.92,0.8784482,2351.1811841294425,0.3573667711598746
994,9.93,0.129609,346.9006228407457,0.007836990595611285
995,9.94,0.12452648,333.29719380566144,0.007836990595611285
996,9.95,0.13527334,362.061332420794,0.007836990595611285
997,9.96,0.13219047,353.8099664877197,0.007836990595611285
998,9.97,0.89721054,2401.398836416129,0.3322884012539185
999,9.98,0.12579471,336.6916077424926,0.007836990595611285
1000,9.99,0.89837027,2404.5030348539726,0.3573667711598746
1001,10.0,0.13195357,353.175903585461,0.007836990595611285
1002,10.01,0.9377578,2509.9243419267036,0.36363636363636365
1003,10.02,0.8605078,2303.1632263125603,0.36363636363636365
1004,10.03,0.9014759,2412.815157048015,0.37460815047021945
1005,10.04,0.8962821,2398.9139202757074,0.3777429467084639
1006,10.05,0.13139737,351.6872344562761,0.007836990595611285
1007,10.06,0.1300459,348.07004799546587,0.007836990595611285
1008,10.07,0.8700782,2328.7788009181672,0.3652037617554859
1009,10.08,0.7694446,2059.431080334473,0.3103448275862069
1010,10.09,0.8391661,2246.0419169674115,0.29780564263322884
1011,10.1,0.76234293,2040.4236151435202,0.3103448275862069
1012,10.11,0.13611959,364.3263412054706,0.007836990595611285
1013,10.12,0.13865983,371.12537801318433,0.007836990595611285
1014,10.13,0.13700092,366.68523186317896,0.007836990595611285
1015,10.14,0.13987315,374.3727969177479,0.007836990595611285
1016,10.15,0.7594636,2032.7169569851153,0.31504702194357365
1017,10.16,0.7534504,2016.622603625935,0.3275862068965517
1018,10.17,0.1421496,380.4657469086477,0.007836990595611285
1019,10.18,0.12916498,345.71222647603884,0.007836990595611285
1020,10.19,0.7845408,2099.836382624983,0.3072100313479624
1021,10.2,0.1310447,350.74331858155915,0.007836990595611285
1022,10.21,0.7502365,2008.0205389071546,0.2993730407523511
1023,10.22,0.7645372,2046.296464521819,0.28683385579937304
1024,10.23,0.7515748,2011.6023923367661,0.29780564263322884
1025,10.24,0.1252847,335.32655567602336,0.007836990595611285
1026,10.25,0.12678824,339.3508353709565,0.007836990595611285
1027,10.26,0.13661005,365.6390358143849,0.007836990595611285
1028,10.27,0.13351884,357.3654310210097,0.007836990595611285
1029,10.28,0.738072,1975.4619170726048,0.2852664576802508
1030,10.29,0.7661159,2050.521951654199,0.2962382445141066
1031,10.3,0.7595169,2032.8596604469553,0.28683385579937304
1032,10.31,0.7636612,2043.9518825669004,0.3463949843260188
1033,10.32,0.7753515,2075.2411705786717,0.3542319749216301
1034,10.33,0.76393116,2044.6744772050572,0.3448275862068966
1035,10.34,0.7616273,2038.5081889851615,0.329153605015674
1036,10.35,0.7511034,2010.3407542355876,0.3557993730407524
1037,10.36,0.77220386,2066.8163195297993,0.3573667711598746
1038,10.37,0.7400563,1980.7729914220502,0.38087774294670845
1039,10.38,0.12177591,325.9352484084635,0.007836990595611285
1040,10.39,0.12595616,337.12377307221993,0.007836990595611285
1041,10.4,0.12597422,337.17208650316417,0.007836990595611285
1042,10.41,0.77112824,2063.937556867538,0.33699059561128525
1043,10.42,0.11698687,313.1173101808805,0.007836990595611285
1044,10.43,0.74448156,1992.617216667941,0.3573667711598746
1045,10.44,0.13183801,352.86659379801614,0.007836990595611285
1046,10.45,0.743182,1989.138952646013,0.36363636363636365
1047,10.46,0.74325556,1989.335832828594,0.36363636363636365
1048,10.47,0.146232,391.3923522538465,0.007836990595611285
1049,10.48,0.13980049,374.17834517830715,0.007836990595611285
1050,10.49,0.74805725,2002.1875654553903,0.390282131661442
1051,10.5,0.7533395,2016.3257005970747,0.3777429467084639
1052,10.51,0.7396577,1979.7060082615048,0.3652037617554859
1053,10.52,0.13932435,372.90395191876604,0.007836990595611285
1054,10.53,0.7806375,2089.3892081444124,0.3730407523510972
1055,10.54,0.78820544,2109.644990825541,0.3652037617554859
1056,10.55,0.7519705,2012.6616768885342,0.3620689655172414
1057,10.56,0.7365646,1971.4273905136818,0.3605015673981191
1058,10.57,0.7416632,1985.0738675714545,0.329153605015674
1059,10.58,0.13157563,352.1643369458002,0.007836990595611285
1060,10.59,0.13170783,352.51821754224216,0.007836990595611285
1061,10.6,0.77305573,2069.096437800558,0.3448275862068966
1062,10.61,0.13347733,357.2543003585508,0.007836990595611285
1063,10.62,0.13819602,369.88395249662346,0.007836990595611285
1064,10.63,0.13652274,365.4053814469335,0.007836990595611285
1065,10.64,0.72521436,1941.04837885171,0.34796238244514105
1066,10.65,0.13675444,366.0255521089129,0.007836990595611285
1067,10.66,0.72574455,1942.467296479593,0.35266457680250785
1068,10.67,0.12799387,342.57768868359176,0.007836990595611285
1069,10.68,0.13169964,352.49624996347126,0.007836990595611285
1070,10.69,0.7315702,1958.0597324206722,0.36363636363636365
1071,10.7,0.7381739,1975.7346815175847,0.3510971786833856
1072,10.71,0.13040526,349.03184831638805,0.007836990595611285
1073,10.72,0.7363297,1970.798587105143,0.33072100313479624
1074,10.73,0.12906669,345.4491607999329,0.007836990595611285
1075,10.74,0.7674868,2054.191069476599,0.322884012539185
1076,10.75,0.77307713,2069.153829621442,0.30877742946708464
1077,10.76,0.12984979,347.545093041064,0.007836990595611285
1078,10.77,0.12384825,331.4819000653763,0.007836990595611285
1079,10.78,0.78077877,2089.7672828831614,0.31191222570532917
1080,10.79,0.12200615,326.5514812950885,0.007836990595611285
1081,10.8,0.774579,2073.173514445196,0.31347962382445144
1082,10.81,0.13477464,360.7265559500099,0.007836990595611285
1083,10.82,0.12801751,342.64100158733316,0.007836990595611285
1084,10.83,0.13439834,359.71939686694304,0.007836990595611285
1085,10.84,0.13175483,352.64399239239856,0.007836990595611285
1086,10.85,0.7457207,1995.933721647492,0.3448275862068966
1087,10.86,0.7082619,1895.6748166550096,0.3385579937304075
1088,10.87,0.12532336,335.43006170605645,0.007836990595611285
1089,10.88,0.7169853,1919.0231197287737,0.30877742946708464
1090,10.89,0.7601104,2034.4480009211813,0.3385579937304075
1091,10.9,0.13418351,359.14436560743457,0.007836990595611285
1092,10.91,0.13465838,360.41538762981793,0.007836990595611285
1093,10.92,0.12584768,336.83341103077237,0.007836990595611285
1094,10.93,0.12940897,346.36526808646283,0.007836990595611285
1095,10.94,0.7563771,2024.4559314454896,0.35266457680250785
1096,10.95,0.73898554,1977.9070810500539,0.3652037617554859
1097,10.96,0.7420099,1986.0016828459077,0.3495297805642633
1098,10.97,0.7504813,2008.6757066536427,0.3557993730407524
1099,10.98,0.67187893,1798.2951199204304,0.3557993730407524
1100,10.99,0.13693717,366.51463110916063,0.007836990595611285
1101,11.0,0.7040096,1884.293321234553,0.3432601880877743
1102,11.01,0.7329988,1961.8834392733984,0.3620689655172414
1103,11.02,0.71459985,1912.63826764649,0.329153605015674
1104,11.03,0.7566482,2025.181354510944,0.37460815047021945
1105,11.04,0.7348863,1966.9354789735407,0.3322884012539185
1106,11.05,0.71140784,1904.094818206178,0.3981191222570533
1107,11.06,0.7287066,1950.395380065908,0.37460815047021945
1108,11.07,0.68583417,1835.646580996978,0.3652037617554859
1109,11.08,0.67454433,1805.4290705166347,0.30250783699059564
1110,11.09,0.67247164,1799.8815390347972,0.3463949843260188
1111,11.1,0.6824412,1826.5651343280038,0.3463949843260188
1112,11.11,0.67959803,1818.9554031342898,0.32445141065830724
1113,11.12,0.68435055,1831.6756990365234,0.3448275862068966
1114,11.13,0.67152035,1797.3353919242759,0.31347962382445144
1115,11.14,0.68419945,1831.271213305933,0.3072100313479624
1116,11.15,0.6953986,1861.2459399322788,0.3275862068965517
1117,11.16,0.6787855,1816.7806086213743,0.30250783699059564
1118,11.17,0.69657874,1864.4045165777566,0.3338557993730408
1119,11.18,0.65624326,1756.4459883693733,0.3056426332288401
1120,11.19,0.63699275,1704.9217209505014,0.29310344827586204
1121,11.2,0.64444643,1724.8716280021242,0.28213166144200624
1122,11.21,0.6436607,1722.7685642948356,0.28056426332288403
1123,11.22,0.63356227,1695.7399279472047,0.27899686520376177
1124,11.23,0.6583151,1761.9913475100802,0.29153605015673983
1125,11.24,0.69178146,1851.5646113818927,0.3432601880877743
1126,11.25,0.7007683,1875.618055096789,0.3495297805642633
1127,11.26,0.66664577,1784.2884083558845,0.27899686520376177
1128,11.27,0.6361559,1702.681707113186,0.2727272727272727
1129,11.28,0.6830466,1828.1855964509118,0.2852664576802508
1130,11.29,0.69206166,1852.3145719571396,0.3620689655172414
1131,11.3,0.70982087,1899.8474512278742,0.35266457680250785
1132,11.31,0.7212515,1930.441567624875,0.3542319749216301
1133,11.32,0.73061854,1955.5125254304999,0.3495297805642633
1134,11.33,0.6794557,1818.574404652614,0.2727272727272727
1135,11.34,0.68305725,1828.2141165072612,0.25862068965517243
1136,11.35,0.680171,1820.4889954316768,0.25862068965517243
1137,11.36,0.7100857,1900.556194168056,0.33072100313479624
1138,11.37,0.66396946,1777.125224109558,0.2601880877742947
1139,11.38,0.6682012,1788.4516690540668,0.26959247648902823
1140,11.39,0.6585505,1762.62133963207,0.26489028213166144
1141,11.4,0.66294706,1774.3888519381462,0.2774294670846395
1142,11.41,0.63502043,1699.6426911410674,0.25862068965517243
1143,11.42,0.63357896,1695.7845632575459,0.26332288401253917
1144,11.43,0.6457072,1728.2459907860546,0.2727272727272727
1145,11.44,0.6469716,1731.6301927278737,0.2617554858934169
1146,11.45,0.6564391,1756.9701860740806,0.26332288401253917
1147,11.46,0.6553366,1754.0194576002111,0.27586206896551724
1148,11.47,0.71148807,1904.3095455698337,0.32445141065830724
1149,11.48,0.650109,1740.0275292754116,0.26802507836990597
1150,11.49,0.7261289,1943.49600916139,0.3275862068965517
1151,11.5,0.7185314,1923.1613510022069,0.329153605015674
1152,11.51,0.6990275,1870.9586043894587,0.3056426332288401
1153,11.52,0.6994643,1872.1278246165882,0.2774294670846395
1154,11.53,0.73108923,1956.772451137971,0.33072100313479624
1155,11.54,0.693241,1855.471106823505,0.3385579937304075
1156,11.55,0.72622967,1943.7657208887304,0.3542319749216301
1157,11.56,0.13258931,354.8775029919037,0.007836990595611285
1158,11.57,0.6966524,1864.6017632391026,0.3495297805642633
1159,11.58,0.14164089,379.10419584728487,0.007836990595611285
1160,11.59,0.7230626,1935.2891038273376,0.29780564263322884
1161,11.6,0.72820556,1949.054145606963,0.322884012539185
1162,11.61,0.7268361,1945.3888262347953,0.3495297805642633
1163,11.62,0.67416346,1804.4097231482,0.3072100313479624
1164,11.63,0.67242116,1799.7464446110878,0.28056426332288403
1165,11.64,0.6774967,1813.3311066576111,0.2884012539184953
1166,11.65,0.63737136,1705.9350891498484,0.28056426332288403
1167,11.66,0.6365735,1703.7995930712468,0.2884012539184953
1168,11.67,0.64347625,1722.274804680874,0.32445141065830724
1169,11.68,0.64510417,1726.6320914725136,0.33072100313479624
1170,11.69,0.63652784,1703.6772600170932,0.2852664576802508
1171,11.7,0.64527047,1727.077190379644,0.27586206896551724
1172,11.71,0.1289633,345.1724213366922,0.007836990595611285
1173,11.72,0.12749596,341.245064682662,0.007836990595611285
1174,11.73,0.6780961,1814.9355506374588,0.32445141065830724
1175,11.74,0.6756925,1808.5021522027848,0.2727272727272727
1176,11.75,0.12532651,335.43849232783,0.007836990595611285
1177,11.76,0.6963911,1863.902367207331,0.26959247648902823
1178,11.77,0.62112594,1662.4538146337934,0.2413793103448276
1179,11.78,0.6520609,1745.2518223930815,0.27899686520376177
1180,11.79,0.68133354,1823.600497549544,0.28683385579937304
1181,11.8,0.6601236,1766.831631575818,0.28213166144200624
1182,11.81,0.6573775,1759.4817355551615,0.2836990595611285
1183,11.82,0.6606062,1768.1234490222187,0.27899686520376177
1184,11.83,0.681159,1823.133420125245,0.28683385579937304
1185,11.84,0.6617442,1771.1692903330484,0.26332288401253917
1186,11.85,0.7160791,1916.5975965227603,0.3448275862068966
1187,11.86,0.68098444,1822.666089516,0.28213166144200624
1188,11.87,0.6755747,1808.186906717066,0.2884012539184953
1189,11.88,0.69667834,1864.6711726664294,0.28056426332288403
1190,11.89,0.70782983,1894.5183174389424,0.2836990595611285
1191,11.9,0.71107006,1903.1907412079704,0.274294670846395
1192,11.91,0.7229827,1935.0751988897443,0.2946708463949843
1193,11.92,0.76036966,2035.1420209553494,0.29780564263322884
1194,11.93,0.6982184,1868.7930740163358,0.28996865203761757
1195,11.94,0.7449994,1994.0032978001518,0.2946708463949843
1196,11.95,0.7281465,1948.8961085508704,0.28996865203761757
1197,11.96,0.75278246,2014.834696907014,0.2993730407523511
1198,11.97,0.77374756,2070.9482884662616,0.29153605015673983
1199,11.98,0.7585677,2030.3189504924394,0.2884012539184953
1200,11.99,0.7438126,1990.826875999851,0.28996865203761757
1201,12.0,0.76314205,2042.562411060579,0.33072100313479624
1202,12.01,0.7429403,1988.4920534835785,0.29310344827586204
1203,12.02,0.7888633,2111.405797680906,0.29153605015673983
1204,12.03,0.74494845,1993.866984823704,0.31191222570532917
1205,12.04,0.71007997,1900.540879572719,0.29310344827586204
1206,12.05,0.7419284,1985.783731293035,0.30250783699059564
1207,12.06,0.7510051,2010.0776069410088,0.2962382445141066
1208,12.07,0.77409565,2071.8800027392217,0.29153605015673983
1209,12.08,0.742441,1987.15559729283,0.30250783699059564
1210,12.09,0.75779104,2028.2402402062337,0.2836990595611285
1211,12.1,0.8138829,2178.371208787982,0.33699059561128525
1212,12.11,0.79867935,2137.6783757349385,0.28056426332288403
1213,12.12,0.8532438,2283.7212525927725,0.3385579937304075
1214,12.13,0.790791,2116.565227987164,0.2836990595611285
1215,12.14,0.7815832,2091.920471373275,0.2774294670846395
1216,12.15,0.7481409,2002.4114391970897,0.2852664576802508
1217,12.16,0.76533574,2048.433814550926,0.2946708463949843
1218,12.17,0.7645462,2046.3206431877193,0.32445141065830724
1219,12.18,0.71052974,1901.7446438177083,0.335423197492163
1220,12.19,0.75891215,2031.2409533511418,0.3981191222570533
1221,12.2,0.6881362,1841.8079626418344,0.3166144200626959
1222,12.21,0.71877635,1923.816802356361,0.31191222570532917
1223,12.22,0.75219446,2013.2610201367293,0.31191222570532917
1224,12.23,0.7905968,2116.0454371010755,0.3056426332288401
1225,12.24,0.8050827,2154.817197142373,0.29310344827586204
1226,12.25,0.81205976,2173.491443293472,0.30407523510971785
1227,12.26,0.78545994,2102.296672088341,0.3056426332288401
1228,12.27,0.78098947,2090.331407556871,0.31974921630094044
1229,12.28,0.76388013,2044.5378581771101,0.30250783699059564
1230,12.29,0.7563703,2024.437620664029,0.3056426332288401
1231,12.3,0.78387994,2098.0677033104976,0.3620689655172414
1232,12.31,0.8072947,2160.7376991295623,0.36990595611285265
1233,12.32,0.77805626,2082.4804211497367,0.3181818181818182
1234,12.33,0.7939839,2125.1110799940716,0.30877742946708464
1235,12.34,0.7936672,2124.263338092544,0.3072100313479624
1236,12.35,0.78910315,2112.0475803430263,0.2993730407523511
1237,12.36,0.7833475,2096.6424712484336,0.28056426332288403
1238,12.37,0.8386572,2244.68001319239,0.2711598746081505
1239,12.38,0.84408927,2259.219069982879,0.3103448275862069
1240,12.39,0.80333805,2150.1477158548964,0.2962382445141066
1241,12.4,0.79442364,2126.2879703985336,0.2946708463949843
1242,12.41,0.83108544,2224.4141735355665,0.32601880877742945
1243,12.42,0.8514185,2278.835592798101,0.3667711598746082
1244,12.43,0.78203547,2093.130798575651,0.274294670846395
1245,12.44,0.77418643,2072.122849454629,0.2774294670846395
1246,12.45,0.80111414,2144.1954105751192,0.31504702194357365
1247,12.46,0.7931614,2122.909664619469,0.3557993730407524
1248,12.47,0.7999886,2141.182930423636,0.3072100313479624
1249,12.48,0.8361004,2237.8367402750455,0.3448275862068966
1250,12.49,0.8210462,2197.5436720457014,0.2993730407523511
1251,12.5,0.78778094,2108.508782606575,0.28056426332288403
1252,12.51,0.7352312,1967.8585721771688,0.29780564263322884
1253,12.52,0.8081343,2162.9848854738657,0.27899686520376177
1254,12.53,0.82352734,2204.184623370086,0.2993730407523511
1255,12.54,0.93905306,2513.3910017269795,0.3463949843260188
1256,12.55,0.83439535,2233.2729372161775,0.2507836990595611
1257,12.56,0.7808564,2089.9750155830525,0.26802507836990597
1258,12.57,0.7654389,2048.709907363248,0.23197492163009403
1259,12.58,0.854353,2286.6900071138657,0.2711598746081505
1260,12.59,0.83441913,2233.336608214761,0.28213166144200624
1261,12.6,0.8016557,2145.6447317578604,0.27899686520376177
1262,12.61,0.7376559,1974.3482624716705,0.2711598746081505
1263,12.62,0.7619151,2039.2783439743714,0.2711598746081505
1264,12.63,0.7054507,1888.1505192692061,0.3385579937304075
1265,12.64,0.69426244,1858.2049088577141,0.32601880877742945
1266,12.65,0.63282824,1693.7752133721112,0.31347962382445144
1267,12.66,0.098506406,263.6540189529899,0.007836990595611285
1268,12.67,0.77493185,2074.1179092968277,0.31974921630094044
1269,12.68,0.69427687,1858.2435524125983,0.3213166144200627
1270,12.69,0.76789016,2055.270767262571,0.34169278996865204
1271,12.7,0.79621834,2131.0914490187915,0.3557993730407524
1272,12.71,0.7281043,1948.783219558227,0.322884012539185
1273,12.72,0.68665016,1837.8306044886933,0.26959247648902823
1274,12.73,0.7498418,2006.9639573007084,0.30250783699059564
1275,12.74,0.6606985,1768.3704595286533,0.25705329153605017
1276,12.75,0.6717684,1797.9992908041102,0.2711598746081505
1277,12.76,0.09655776,258.4384449719047,0.007836990595611285
1278,12.77,0.6187027,1655.9679733002322,0.22413793103448276
1279,12.78,0.62684065,1677.7493428134062,0.2335423197492163
1280,12.79,0.6767642,1811.3706020439638,0.27586206896551724
1281,12.8,0.76360345,2043.7973905830981,0.3181818181818182
1282,12.81,0.6584653,1762.3932515155702,0.25705329153605017
1283,12.82,0.6489403,1736.8995119377382,0.25705329153605017
1284,12.83,0.72584563,1942.737931153522,0.329153605015674
1285,12.84,0.6729528,1801.1693369431052,0.27899686520376177
1286,12.85,0.691643,1851.1939778897488,0.2884012539184953
1287,12.86,0.7082318,1895.5941408158483,0.3652037617554859
1288,12.87,0.6921638,1852.5878640191956,0.30094043887147337
1289,12.88,0.6902016,1847.3359622976184,0.2946708463949843
1290,12.89,0.6520174,1745.1355062038167,0.2962382445141066
1291,12.9,0.68832856,1842.322815732764,0.3510971786833856
1292,12.91,0.6887749,1843.5174289915208,0.26959247648902823
1293,12.92,0.69096166,1849.3703438486023,0.26332288401253917
1294,12.93,0.6778683,1814.3257657498752,0.27899686520376177
1295,12.94,0.64864945,1736.121098399199,0.26489028213166144
1296,12.95,0.64837813,1735.3949561123109,0.25705329153605017
1297,12.96,0.6682697,1788.6348712539068,0.2554858934169279
1298,12.97,0.634645,1698.6378442923522,0.2476489028213166
1299,12.98,0.64900017,1737.0596650734876,0.24294670846394983
1300,12.99,0.66633606,1783.4595203289327,0.26802507836990597
1301,13.0,0.68026865,1820.7502174720794,0.2601880877742947
1302,13.01,0.7729624,2068.8465629425336,0.2601880877742947
1303,13.02,0.7930023,2122.4838590223667,0.2476489028213166
1304,13.03,0.6578982,1760.875326212502,0.2225705329153605
1305,13.04,0.61714244,1651.7919445006182,0.22413793103448276
1306,13.05,0.69018775,1847.2989207025191,0.3338557993730408
1307,13.06,0.668306,1788.7320957782997,0.25705329153605017
1308,13.07,0.82723427,2214.1061892923617,0.34169278996865204
1309,13.08,0.6555549,1754.603499772669,0.24294670846394983
1310,13.09,0.8032226,2149.83867059683,0.2445141065830721
1311,13.1,0.63872784,1709.5656534594686,0.2476489028213166
1312,13.11,0.6246952,1672.0069089534773,0.23981191222570533
1313,13.12,0.6507173,1741.6555833242198,0.2225705329153605
1314,13.13,0.62361026,1669.1032403987113,0.24608150470219436
1315,13.14,0.8207583,2196.7733049821236,0.3605015673981191
1316,13.15,0.72276896,1934.5030039350618,0.3510971786833856
1317,13.16,0.71683395,1918.6179449837282,0.3557993730407524
1318,13.17,0.6367873,1704.3717180905587,0.2476489028213166
1319,13.18,0.74537903,1995.01922918256,0.3620689655172414
1320,13.19,0.6553058,1753.9368618897875,0.24608150470219436
1321,13.2,0.6325602,1693.0578059165505,0.24294670846394983
1322,13.21,0.6360173,1702.310880887296,0.25391849529780564
1323,13.22,0.6529524,1747.6379643595835,0.24608150470219436
1324,13.23,0.7455561,1995.4932537533468,0.23510971786833856
1325,13.24,0.69189686,1851.8734437384157,0.3401253918495298
1326,13.25,0.7672256,2053.492260624715,0.33072100313479624
1327,13.26,0.6942174,1858.0843114217932,0.3072100313479624
1328,13.27,0.655919,1755.578166934137,0.2335423197492163
1329,13.28,0.7405058,1981.976039054798,0.23981191222570533
1330,13.29,0.7158765,1916.0554508589232,0.23510971786833856
1331,13.3,0.6371556,1705.3575405280692,0.2304075235109718
1332,13.31,0.6994548,1872.1023769157289,0.31974921630094044
1333,13.32,0.7112816,1903.756907932775,0.329153605015674
1334,13.33,0.63816303,1708.0539420553937,0.2445141065830721
1335,13.34,0.6835563,1829.549780394486,0.32601880877742945
1336,13.35,0.62261313,1666.4344424848425,0.21003134796238246
1337,13.36,0.6231309,1667.820370479533,0.22884012539184953
1338,13.37,0.6994529,1872.097267829704,0.3322884012539185
1339,13.38,0.6937683,1856.8824153934581,0.3338557993730408
1340,13.39,0.6539557,1750.3232806648784,0.329153605015674
1341,13.4,0.66538733,1780.9201052232331,0.335423197492163
1342,13.41,0.66310686,1774.816551971831,0.32601880877742945
1343,13.42,0.67693955,1811.8399982516921,0.33072100313479624
1344,13.43,0.6756307,1808.336811162404,0.3275862068965517
1345,13.44,0.6713031,1796.7539311270277,0.32445141065830724
1346,13.45,0.8034613,2150.477431236787,0.34169278996865204
1347,13.46,0.6177996,1653.5507725803373,0.23197492163009403
1348,13.47,0.9830593,2631.1746782842656,0.33699059561128525
1349,13.48,0.84566206,2263.4284345650613,0.34169278996865204
1350,13.49,0.66613436,1782.9196985782319,0.3510971786833856
1351,13.5,0.6743717,1804.9671494022189,0.27586206896551724
1352,13.51,0.6281487,1681.250322963961,0.25705329153605017
1353,13.52,0.60863173,1629.0128841714427,0.26332288401253917
1354,13.53,0.6333286,1695.1146008707067,0.26802507836990597
1355,13.54,0.7117399,1904.9836640896012,0.3385579937304075
1356,13.55,0.6512314,1743.0317090479061,0.26959247648902823
1357,13.56,0.6220739,1664.991098301191,0.24921630094043887
1358,13.57,0.676856,1811.616347913473,0.329153605015674
1359,13.58,0.6331789,1694.7137728489688,0.27586206896551724
1360,13.59,0.63948345,1711.5881228691712,0.2554858934169279
1361,13.6,0.7021673,1879.3623982827469,0.34796238244514105
1362,13.61,0.6164225,1649.8649297096526,0.25391849529780564
1363,13.62,0.6238686,1669.7944962683623,0.27899686520376177
1364,13.63,0.63300914,1694.2594592109656,0.2774294670846395
1365,13.64,0.6380027,1707.6248704460545,0.3103448275862069
1366,13.65,0.7068005,1891.7633050211273,0.36990595611285265
1367,13.66,0.6717577,1797.9706265937402,0.2962382445141066
1368,13.67,0.708411,1896.073688464099,0.36363636363636365
1369,13.68,0.6774767,1813.2776141284573,0.36363636363636365
1370,13.69,0.6878597,1841.0679451966328,0.33072100313479624
1371,13.7,0.6949322,1859.9975576934255,0.3463949843260188
1372,13.71,0.7130428,1908.471005679716,0.35266457680250785
1373,13.72,0.67124265,1796.5920120088272,0.2664576802507837
1374,13.73,0.64949703,1738.3896312529896,0.25862068965517243
1375,13.74,0.63809466,1707.8709300802504,0.2727272727272727
1376,13.75,0.75066036,2009.1549400005379,0.3448275862068966
1377,13.76,0.67639613,1810.3854687460766,0.2711598746081505
1378,13.77,0.6593121,1764.6597293917819,0.24608150470219436
1379,13.78,0.6615518,1770.6542922480994,0.3322884012539185
1380,13.79,0.6404907,1714.2840377081995,0.28213166144200624
1381,13.8,0.6451197,1726.6737009860392,0.27586206896551724
1382,13.81,0.6426296,1720.0089170856972,0.27586206896551724
1383,13.82,0.6520468,1745.2141212663182,0.2884012539184953
1384,13.83,0.6503166,1740.5831174699272,0.3495297805642633
1385,13.84,0.64878285,1736.477982937239,0.27899686520376177
1386,13.85,0.6661738,1783.025217824081,0.2962382445141066
1387,13.86,0.66766065,1787.0048137629428,0.35266457680250785
1388,13.87,0.64729846,1732.5049612594592,0.28683385579937304
1389,13.88,0.6578729,1760.8077848374378,0.29153605015673983
1390,13.89,0.6950992,1860.4444920426085,0.3605015673981191
1391,13.9,0.6823278,1826.261759162009,0.30094043887147337
1392,13.91,0.73313206,1962.2401664787935,0.3072100313479624
1393,13.92,0.7307616,1955.895520476128,0.2774294670846395
1394,13.93,0.7792572,2085.6948865420604,0.3495297805642633
1395,13.94,0.73372436,1963.8254665437607,0.3510971786833856
1396,13.95,0.6983697,1869.1980820108884,0.2993730407523511
1397,13.96,0.71380246,1910.5041607772396,0.32601880877742945
1398,13.97,0.7122241,1906.2796340646948,0.3510971786833856
1399,13.98,0.6821034,1825.660952848886,0.3401253918495298
1400,13.99,0.7184095,1922.8349158343467,0.3463949843260188
1401,14.0,0.6663649,1783.5366975675129,0.29780564263322884
1402,14.01,0.74301904,1988.7027830603854,0.27586206896551724
1403,14.02,0.74985766,2007.0064211330746,0.3510971786833856
1404,14.03,0.7466706,1998.4763432110426,0.3448275862068966
1405,14.04,0.7513329,2010.954971697266,0.3401253918495298
1406,14.05,0.6572814,1759.224659377312,0.28996865203761757
1407,14.06,0.6837299,1830.0143522524972,0.36363636363636365
1408,14.07,0.6546009,1752.050277200697,0.31191222570532917
1409,14.08,0.6545305,1751.8617826015154,0.32601880877742945
1410,14.09,0.7169251,1918.861905762903,0.3275862068965517
1411,14.1,0.6805127,1821.403621933137,0.3730407523510972
1412,14.11,0.7247946,1939.9248322161263,0.3166144200626959
1413,14.12,0.73225504,1959.8927294695793,0.3275862068965517
1414,14.13,0.7287127,1950.411663661148,0.3510971786833856
1415,14.14,0.6753973,1807.7120911646173,0.3338557993730408
1416,14.15,0.6527133,1746.9980963351286,0.34796238244514105
1417,14.16,0.64999473,1739.7217086996438,0.31347962382445144
1418,14.17,0.6259146,1675.2707711637847,0.30877742946708464
1419,14.18,0.650854,1742.0214803637311,0.3448275862068966
1420,14.19,0.63654625,1703.7265774989057,0.3213166144200627
1421,14.2,0.6598074,1765.9854869487383,0.3448275862068966
1422,14.21,0.63587034,1701.917492936485,0.31974921630094044
1423,14.22,0.660248,1767.1646650182695,0.3495297805642633
1424,14.23,0.6933799,1855.8428252034098,0.322884012539185
1425,14.24,0.6899159,1846.5713784553407,0.3385579937304075
1426,14.25,0.6445677,1725.1961596737524,0.28683385579937304
1427,14.26,0.696136,1863.2194921344856,0.33072100313479624
1428,14.27,0.64374924,1723.0054951440104,0.27586206896551724
1429,14.28,0.68387705,1830.4081856268176,0.28213166144200624
1430,14.29,0.67859817,1816.2793054826057,0.27899686520376177
1431,14.3,0.750732,2009.346710503238,0.2993730407523511
1432,14.31,0.8093576,2166.258964643646,0.36363636363636365
1433,14.32,0.75713944,2026.4962047382476,0.34796238244514105
1434,14.33,0.81224597,2173.9898127393744,0.3322884012539185
1435,14.34,0.7973773,2134.193483884087,0.3213166144200627
1436,14.35,0.81640637,2185.12531409311,0.3605015673981191
1437,14.36,0.72770834,1947.7235424942244,0.3385579937304075
1438,14.37,0.7623274,2040.3818169407073,0.3620689655172414
1439,14.38,0.70596427,1889.5249919064297,0.31347962382445144
1440,14.39,0.7604429,2035.3380107998191,0.34169278996865204
1441,14.4,0.7348084,1966.7267748974502,0.3432601880877743
1442,14.41,0.714918,1913.4898858760764,0.31347962382445144
1443,14.42,0.79726595,2133.895502974023,0.322884012539185
1444,14.43,0.79705185,2133.322506376656,0.32445141065830724
1445,14.44,0.78273016,2094.9902723778105,0.3322884012539185
1446,14.45,0.7277297,1947.780649208229,0.3275862068965517
1447,14.46,0.7693705,2059.2328537178287,0.31347962382445144
1448,14.47,0.70882475,1897.181119203994,0.3181818181818182
1449,14.48,0.6951586,1860.6034960519942,0.31347962382445144
1450,14.49,0.6906667,1848.580805304821,0.3166144200626959
1451,14.5,0.7055514,1888.420009597949,0.3213166144200627
1452,14.51,0.69997674,1873.499402848966,0.30877742946708464
1453,14.52,0.7088962,1897.3724307694972,0.30877742946708464
1454,14.53,0.7112478,1903.6665993687348,0.31191222570532917
1455,14.54,0.80277693,2148.6458622935447,0.3103448275862069
1456,14.55,0.82007843,2194.953548371075,0.32601880877742945
1457,14.56,0.8462116,2264.899381439721,0.33072100313479624
1458,14.57,0.8167653,2186.0858893073428,0.30877742946708464
1459,14.58,0.81764674,2188.445114106128,0.33072100313479624
1460,14.59,0.8427049,2255.513584466578,0.33072100313479624
1461,14.6,0.8054925,2155.9141475155966,0.33072100313479624
1462,14.61,0.8151742,2181.8273306695273,0.3275862068965517
1463,14.62,0.8077209,2161.878369097737,0.32445141065830724
1464,14.63,0.8125059,2174.6854252928388,0.3401253918495298
1465,14.64,0.8125733,2174.8659941510373,0.3275862068965517
1466,14.65,0.7926151,2121.4474842269924,0.30250783699059564
1467,14.66,0.83382493,2231.7463705927935,0.31974921630094044
1468,14.67,0.84475696,2261.0061005666425,0.335423197492163
1469,14.68,0.8561461,2291.4893297421204,0.29780564263322884
1470,14.69,0.8386871,2244.7600996517676,0.30250783699059564
1471,14.7,0.85640955,2292.194257909673,0.31974921630094044
1472,14.71,0.80852634,2164.0341965885973,0.3072100313479624
1473,14.72,0.74426126,1992.0277606525087,0.3432601880877743
1474,14.73,0.821288,2198.190841682375,0.3181818181818182
1475,14.74,0.81647426,2185.306913532995,0.32445141065830724
1476,14.75,0.73066217,1955.6294015644394,0.32445141065830724
1477,14.76,0.7472301,1999.9737777317832,0.3056426332288401
1478,14.77,0.738027,1975.3414410755163,0.3181818181818182
1479,14.78,0.79002935,2114.5266934563215,0.3213166144200627
1480,14.79,0.6923825,1853.1733049978861,0.31504702194357365
1481,14.8,0.73364156,1963.6037615858472,0.3181818181818182
1482,14.81,0.7868805,2106.0985134511925,0.31504702194357365
1483,14.82,0.7134411,1909.5368641384073,0.3338557993730408
1484,14.83,0.7086399,1896.6865180529876,0.3322884012539185
1485,14.84,0.69587797,1862.5288770059528,0.3103448275862069
1486,14.85,0.68063724,1821.7368802682447,0.29153605015673983
1487,14.86,0.6702032,1793.8099201666523,0.274294670846395
1488,14.87,0.66195166,1771.7246226379973,0.28056426332288403
1489,14.88,0.6705462,1794.7278848563587,0.27899686520376177
1490,14.89,0.6916272,1851.151728054738,0.274294670846395
1491,14.9,0.67511773,1806.9637747516801,0.2711598746081505
1492,14.91,0.65901077,1763.8532644368004,0.25391849529780564
1493,14.92,0.6801317,1820.3836592098994,0.2727272727272727
1494,14.93,0.6899113,1846.5590267518987,0.29310344827586204
1495,14.94,0.7148717,1913.3659643475319,0.2884012539184953
1496,14.95,0.72485584,1940.088668183612,0.29310344827586204
1497,14.96,0.73670304,1971.7979536644775,0.30094043887147337
1498,14.97,0.71740574,1920.1483724322022,0.2993730407523511
1499,14.98,0.70225567,1879.5990408948473,0.28213166144200624
1500,14.99,0.7347245,1966.50238153745,0.30094043887147337
1501,15.0,0.7386956,1977.1310604328883,0.3056426332288401
1502,15.01,0.72820544,1949.0539564120058,0.28996865203761757
1503,15.02,0.7103597,1901.289562784053,0.2993730407523511
1504,15.03,0.71348727,1909.6605149960149,0.3072100313479624
1505,15.04,0.70751977,1893.6884025464763,0.30407523510971785
1506,15.05,0.7056686,1888.7337920070395,0.31191222570532917
1507,15.06,0.69222075,1852.7403257839048,0.30407523510971785
1508,15.07,0.69987935,1873.2387237279254,0.3166144200626959
1509,15.08,0.70362407,1883.2614185895043,0.3213166144200627
1510,15.09,0.70538396,1887.9718953309728,0.33072100313479624
1511,15.1,0.6998961,1873.28348646663,0.329153605015674
1512,15.11,0.71323735,1908.9916329408632,0.3213166144200627
1513,15.12,0.7409294,1983.1099973059133,0.3072100313479624
1514,15.13,0.74861854,2003.689906647363,0.3166144200626959
1515,15.14,0.7362839,1970.6759869794646,0.2993730407523511
1516,15.15,0.7443969,1992.3907054671004,0.3213166144200627
1517,15.16,0.7585269,2030.2098355488774,0.3181818181818182
1518,15.17,0.7838858,2098.083254094036,0.322884012539185
1519,15.18,0.77661306,2078.6176576173475,0.33072100313479624
1520,15.19,0.76441026,2045.9568409725068,0.31191222570532917
1521,15.2,0.77017426,2061.3843622785325,0.2836990595611285
1522,15.21,0.75187975,2012.4186750411754,0.3166144200626959
1523,15.22,0.74922746,2005.3198523190865,0.32445141065830724
1524,15.23,0.7461948,1997.2027449893883,0.2836990595611285
1525,15.24,0.7181734,1922.2030112629802,0.30250783699059564
1526,15.25,0.73465496,1966.3161257060638,0.2993730407523511
1527,15.26,0.733106,1962.1703934162888,0.29310344827586204
1528,15.27,0.7158328,1915.9385022618587,0.2962382445141066
1529,15.28,0.7134427,1909.5412793368741,0.2884012539184953
1530,15.29,0.7161255,1916.7217006818678,0.2852664576802508
1531,15.3,0.7238657,1937.4384495115078,0.28683385579937304
1532,15.31,0.7238785,1937.4729008877603,0.2962382445141066
1533,15.32,0.74408346,1991.5517219785106,0.29780564263322884
1534,15.33,0.7182273,1922.3473284278155,0.2962382445141066
1535,15.34,0.7565342,2024.8764844236039,0.2962382445141066
1536,15.35,0.71527547,1914.4465978198828,0.31191222570532917
1537,15.36,0.74221444,1986.5491889931973,0.3056426332288401
1538,15.37,0.7502745,2008.1220969360645,0.3103448275862069
1539,15.38,0.7588342,2031.0322057707644,0.3103448275862069
1540,15.39,0.73929,1978.7219600571198,0.28056426332288403
1541,15.4,0.76466405,2046.6360969496022,0.29780564263322884
1542,15.41,0.7664612,2051.4460421329754,0.30250783699059564
1543,15.42,0.75537527,2021.7743968767395,0.28683385579937304
1544,15.43,0.7634091,2043.27704717462,0.3072100313479624
1545,15.44,0.7437493,1990.6574323224986,0.2993730407523511
1546,15.45,0.75609064,2023.6890339005483,0.2962382445141066
1547,15.46,0.77343404,2070.109060114443,0.3103448275862069
1548,15.47,0.6820982,1825.6472477867146,0.28683385579937304
1549,15.48,0.67652136,1810.7207363742518,0.28213166144200624
1550,15.49,0.67001206,1793.2984809004738,0.2993730407523511
1551,15.5,0.6661891,1783.066102002187,0.30250783699059564
1552,15.51,0.67441696,1805.0882081209595,0.3166144200626959
1553,15.52,0.6815624,1824.2131378474503,0.30250783699059564
1554,15.53,0.66548693,1781.1868930793205,0.30407523510971785
1555,15.54,0.7119377,1905.5132001701336,0.30877742946708464
1556,15.55,0.6901538,1847.208006284465,0.29780564263322884
1557,15.56,0.6679176,1787.6925998440129,0.3103448275862069
1558,15.57,0.6708272,1795.480046738734,0.31347962382445144
1559,15.58,0.68692666,1838.5705616311284,0.31504702194357365
1560,15.59,0.6822516,1826.0575826093304,0.3166144200626959
1561,15.6,0.6688691,1790.239195232964,0.30407523510971785
1562,15.61,0.69286674,1854.4693860892776,0.31347962382445144
1563,15.62,0.68391556,1830.511402894489,0.329153605015674
1564,15.63,0.69622743,1863.464329968853,0.3103448275862069
1565,15.64,0.684055,1830.8845201299278,0.335423197492163
1566,15.65,0.7633951,2043.2394735432706,0.3322884012539185
1567,15.66,0.77929705,2085.8015620350043,0.3338557993730408
1568,15.67,0.80679864,2159.4100128135515,0.3432601880877743
1569,15.68,0.7810224,2090.4195391642,0.33072100313479624
1570,15.69,0.78698784,2106.3859992224484,0.34169278996865204
1571,15.7,0.7816943,2092.2178347402564,0.3322884012539185
1572,15.71,0.75166917,2011.8550256643732,0.3338557993730408
1573,15.72,0.77722293,2080.249948617299,0.329153605015674
1574,15.73,0.7216612,1931.5381810997083,0.32445141065830724
1575,15.74,0.7434248,1989.7888509728955,0.3338557993730408
1576,15.75,0.7585836,2030.3615511793962,0.3213166144200627
1577,15.76,0.762802,2041.652245986127,0.31504702194357365
1578,15.77,0.75611764,2023.7613835426796,0.30877742946708464
1579,15.78,0.7098444,1899.910380678369,0.3181818181818182
1580,15.79,0.7166478,1918.1197312086547,0.32445141065830724
1581,15.8,0.71390516,1910.7790167820588,0.31504702194357365
1582,15.81,0.71283484,1907.9143050811779,0.3275862068965517
1583,15.82,0.73523366,1967.8650631129653,0.31974921630094044
1584,15.83,0.7139916,1911.0103825161736,0.31347962382445144
1585,15.84,0.70186156,1878.5441914205207,0.32601880877742945
1586,15.85,0.6951282,1860.5221123711517,0.30877742946708464
1587,15.86,0.6985268,1869.618583275057,0.3166144200626959
1588,15.87,0.70887566,1897.317327939733,0.29310344827586204
1589,15.88,0.6755474,1808.1139343859084,0.3103448275862069
1590,15.89,0.6982765,1868.9487452572503,0.2993730407523511
1591,15.9,0.7185187,1923.1272110622433,0.30877742946708464
1592,15.91,0.6781652,1815.120449538059,0.28996865203761757
1593,15.92,0.687911,1841.2051289094168,0.28056426332288403
1594,15.93,0.69517916,1860.6585756194424,0.2993730407523511
1595,15.94,0.6939033,1857.2437525437708,0.31347962382445144
1596,15.95,0.70159537,1877.8316374141798,0.3166144200626959
1597,15.96,0.7027395,1880.8938275889768,0.3072100313479624
1598,15.97,0.6956562,1861.9352702793485,0.31974921630094044
1599,15.98,0.6952136,1860.7507553334233,0.31347962382445144
1600,15.99,0.68053806,1821.4714673726887,0.3401253918495298
1601,16.0,0.68682027,1838.2858894601059,0.335423197492163
1602,16.01,0.7067866,1891.726087410606,0.32445141065830724
1603,16.02,0.6896275,1845.7995867280981,0.32445141065830724
1604,16.03,0.676074,1809.5234005475718,0.3401253918495298
1605,16.04,0.77635115,2077.916778415812,0.3557993730407524
1606,16.05,0.7402293,1981.2360014831484,0.335423197492163
1607,16.06,0.7267262,1945.094591159719,0.33699059561128525
1608,16.07,0.66593266,1782.3798955793127,0.3275862068965517
1609,16.08,0.7020065,1878.9321604068973,0.34796238244514105
1610,16.09,0.65754896,1759.940661136091,0.3401253918495298
1611,16.1,0.6604951,1767.826191134503,0.3463949843260188
1612,16.11,0.71537703,1914.7184645604978,0.3557993730407524
1613,16.12,0.7097636,1899.6941080612676,0.33072100313479624
1614,16.13,0.71786547,1921.3789324913803,0.3338557993730408
1615,16.14,0.7257236,1942.4112788940572,0.33699059561128525
1616,16.15,0.7129412,1908.1989443429384,0.329153605015674
1617,16.16,0.6884404,1842.6221547330647,0.3275862068965517
1618,16.17,0.734666,1966.345713464774,0.34796238244514105
1619,16.18,0.69577307,1862.2482009876962,0.3573667711598746
1620,16.19,0.69714767,1865.9273055002914,0.3322884012539185
1621,16.2,0.69972634,1872.8290450687427,0.3181818181818182
1622,16.21,0.7369879,1972.5602754711176,0.3275862068965517
1623,16.22,0.73436624,1965.5434962970808,0.3338557993730408
1624,16.23,0.7518986,2012.4691560011538,0.32601880877742945
1625,16.24,0.7703624,2061.8876590805676,0.3385579937304075
1626,16.25,0.72649425,1944.4739971521692,0.3166144200626959
1627,16.26,0.7010072,1876.2575035411405,0.31974921630094044
1628,16.27,0.727193,1946.3441409946827,0.3166144200626959
1629,16.28,0.69688123,1865.2142199413777,0.3181818181818182
1630,16.29,0.7031811,1882.0759247994774,0.30250783699059564
1631,16.3,0.7039736,1884.197061034146,0.30250783699059564
1632,16.31,0.709914,1900.096624639741,0.30877742946708464
1633,16.32,0.6909082,1849.2273330141409,0.29310344827586204
1634,16.33,0.6971572,1865.9528672755162,0.30407523510971785
1635,16.34,0.6852377,1834.0500759190097,0.2946708463949843
1636,16.35,0.6973466,1866.459861053188,0.28683385579937304
1637,16.36,0.68840486,1842.5269248236204,0.28213166144200624
1638,16.37,0.6783238,1815.5448915371592,0.2993730407523511
1639,16.38,0.67791116,1814.4405265319558,0.30407523510971785
1640,16.39,0.68279606,1827.5149950998502,0.29310344827586204
1641,16.4,0.6617009,1771.0535270568487,0.274294670846395
1642,16.41,0.67726505,1812.711202602737,0.29153605015673983
1643,16.42,0.6661872,1783.0611810936193,0.2852664576802508
1644,16.43,0.66917807,1791.0662601226438,0.29153605015673983
1645,16.44,0.6544198,1751.565432448605,0.274294670846395
1646,16.45,0.65997696,1766.4391758818592,0.27586206896551724
1647,16.46,0.66449815,1778.5404486650823,0.28213166144200624
1648,16.47,0.6815014,1824.0498273875767,0.29153605015673983
1649,16.48,0.69295615,1854.7086557277678,0.2836990595611285
1650,16.49,0.6725637,1800.1278212696245,0.2852664576802508
1651,16.5,0.6676371,1786.9417644896755,0.26802507836990597
1652,16.51,0.66341674,1775.6459802859845,0.27586206896551724
1653,16.52,0.6596157,1765.4724061965262,0.2852664576802508
1654,16.53,0.68161756,1824.3607745257054,0.2774294670846395
1655,16.54,0.6810301,1822.7882956444246,0.28996865203761757
1656,16.55,0.701124,1876.5700227998982,0.2727272727272727
1657,16.56,0.6878465,1841.032435794317,0.2617554858934169
1658,16.57,0.6791792,1817.8343332948727,0.2836990595611285
1659,16.58,0.684409,1831.8321406981831,0.29780564263322884
1660,16.59,0.6698777,1792.9388178080255,0.2962382445141066
1661,16.6,0.66526705,1780.5982976851242,0.26489028213166144
1662,16.61,0.675576,1808.1903437563913,0.27586206896551724
1663,16.62,0.67029697,1794.0610583724429,0.2664576802507837
1664,16.63,0.66447973,1778.4910771500122,0.2774294670846395
1665,16.64,0.66705936,1785.3953430677354,0.27586206896551724
1666,16.65,0.6746512,1805.7151149149809,0.2727272727272727
1667,16.66,0.6969272,1865.3372023136812,0.28056426332288403
1668,16.67,0.6901903,1847.305799638491,0.2727272727272727
1669,16.68,0.7159391,1916.222874063337,0.2946708463949843
1670,16.69,0.6913599,1850.4361807271084,0.2836990595611285
1671,16.7,0.70617723,1890.0951382262856,0.2946708463949843
1672,16.71,0.6993521,1871.8274556707865,0.28683385579937304
1673,16.72,0.69372,1856.7530307018699,0.28683385579937304
1674,16.73,0.8193373,2192.96995913205,0.3072100313479624
1675,16.74,0.70234364,1879.834338885857,0.30094043887147337
1676,16.75,0.80452234,2153.317299368792,0.29310344827586204
1677,16.76,0.70470905,1886.165419596129,0.29310344827586204
1678,16.77,0.6878813,1841.125769791711,0.3056426332288401
1679,16.78,0.699066,1871.0616541543757,0.30877742946708464
1680,16.79,0.6994981,1872.218278530724,0.3103448275862069
1681,16.8,0.7052591,1887.6375426565603,0.3072100313479624
1682,16.81,0.82061416,2196.3873473826666,0.31347962382445144
1683,16.82,0.72041094,1928.191863394538,0.30877742946708464
1684,16.83,0.8096616,2167.072779584551,0.329153605015674
1685,16.84,0.7888648,2111.4096461257045,0.322884012539185
1686,16.85,0.82013035,2195.092511403788,0.3056426332288401
1687,16.86,0.68386286,1830.3702101843135,0.3072100313479624
1688,16.87,0.6735704,1802.8224188767676,0.2946708463949843
1689,16.88,0.67867893,1816.4953035607987,0.2852664576802508
1690,16.89,0.7074599,1893.528246591503,0.322884012539185
1691,16.9,0.71792305,1921.532927142784,0.2946708463949843
1692,16.91,0.696702,1864.7345019883849,0.29780564263322884
1693,16.92,0.6972495,1866.1997909829422,0.30877742946708464
1694,16.93,0.6913512,1850.412792556326,0.3072100313479624
1695,16.94,0.70243895,1880.0894279639292,0.29310344827586204
1696,16.95,0.6938592,1857.125726903662,0.30407523510971785
1697,16.96,0.6800643,1820.2034796619462,0.30250783699059564
1698,16.97,0.6845957,1832.3318371086195,0.31347962382445144
1699,16.98,0.6888819,1843.803680329928,0.3181818181818182
1700,16.99,0.6894615,1845.3552743231517,0.32445141065830724
1701,17.0,0.68837863,1842.4567831383667,0.32445141065830724
1702,17.01,0.6806098,1821.6634603545554,0.3213166144200627
1703,17.02,0.6802987,1820.8307326603929,0.31974921630094044
1704,17.03,0.6658513,1782.1619570388928,0.30877742946708464
1705,17.04,0.66852725,1789.324251940107,0.322884012539185
1706,17.05,0.6847594,1832.7697232212447,0.30250783699059564
1707,17.06,0.66380036,1776.6727048192786,0.30877742946708464
1708,17.07,0.67311347,1801.5993103055366,0.2993730407523511
1709,17.08,0.67530614,1807.4680918675351,0.3072100313479624
1710,17.09,0.823306,2203.592167639152,0.3166144200626959
1711,17.1,0.81224686,2173.9922319060474,0.31504702194357365
1712,17.11,0.82622844,2211.4140844602275,0.3181818181818182
1713,17.12,0.80579454,2156.7225095371637,0.2962382445141066
1714,17.13,0.80592823,2157.080443998698,0.28996865203761757
1715,17.14,0.7873341,2107.312661047878,0.28996865203761757
1716,17.15,0.6755488,1808.1175182605523,0.28683385579937304
1717,17.16,0.65689105,1758.1798201584074,0.2727272727272727
1718,17.17,0.6657854,1781.985642865747,0.30250783699059564
1719,17.18,0.63880163,1709.7632075701308,0.2852664576802508
1720,17.19,0.65044725,1740.9329215467105,0.28683385579937304
1721,17.2,0.65913683,1764.1906338782053,0.2946708463949843
1722,17.21,0.6748153,1806.1543294777468,0.31191222570532917
1723,17.22,0.65951747,1765.2094495332424,0.3056426332288401
1724,17.23,0.66638094,1783.5797619373204,0.3166144200626959
1725,17.24,0.6812706,1823.432183347158,0.3103448275862069
1726,17.25,0.66126406,1769.8843030779797,0.3103448275862069
1727,17.26,0.67708284,1812.2234899553323,0.31191222570532917
1728,17.27,0.6761701,1809.7804804261418,0.3056426332288401
1729,17.28,0.65674794,1757.7968075355166,0.2962382445141066
1730,17.29,0.6360335,1702.3540987289593,0.3103448275862069
1731,17.3,0.66677725,1784.6403869118735,0.2946708463949843
1732,17.31,0.66080487,1768.655150572673,0.30094043887147337
1733,17.32,0.65185857,1744.7102054985587,0.31504702194357365
1734,17.33,0.6589745,1763.7562212775958,0.30250783699059564
1735,17.34,0.64526296,1727.0569472214556,0.29310344827586204
1736,17.35,0.64223766,1718.9598757747563,0.28683385579937304
1737,17.36,0.65415347,1750.8527169052647,0.29780564263322884
1738,17.37,0.67472,1805.8992357271816,0.2946708463949843
1739,17.38,0.66346437,1775.7733107225574,0.31504702194357365
1740,17.39,0.6505661,1741.2510117554584,0.29153605015673983
1741,17.4,0.66498184,1779.835013588202,0.2946708463949843
1742,17.41,0.67810893,1814.9697969460283,0.2993730407523511
1743,17.42,0.67843026,1815.82977756095,0.31191222570532917
1744,17.43,0.68011546,1820.3402797198835,0.30877742946708464
1745,17.44,0.698252,1868.8831367127593,0.31504702194357365
1746,17.45,0.67372704,1803.2416270491603,0.2884012539184953
1747,17.46,0.6941778,1857.978375598323,0.30250783699059564
1748,17.47,0.6904857,1848.096597749707,0.3072100313479624
1749,17.48,0.7076046,1893.9153963569595,0.31974921630094044
1750,17.49,0.7631171,2042.4954966087053,0.30250783699059564
1751,17.5,0.8349454,2234.745093476974,0.30094043887147337
1752,17.51,0.85789305,2296.165063275843,0.3072100313479624
1753,17.52,0.7258136,1942.652221185544,0.31504702194357365
1754,17.53,0.97369355,2606.1068462249104,0.31347962382445144
1755,17.54,0.7318247,1958.7409714048197,0.30250783699059564
1756,17.55,0.7184995,1923.0758606277345,0.3072100313479624
1757,17.56,0.6949281,1859.986666241949,0.30250783699059564
1758,17.57,0.68007314,1820.2270235593874,0.30250783699059564
1759,17.58,0.6815285,1824.1223282568924,0.3103448275862069
1760,17.59,0.6650714,1780.0747615014454,0.28996865203761757
1761,17.6,0.6808393,1822.2776535962207,0.30094043887147337
1762,17.61,0.67843807,1815.850803668593,0.2946708463949843
1763,17.62,0.6825245,1826.788064872391,0.29310344827586204
1764,17.63,0.67393,1803.7848274059104,0.2852664576802508
1765,17.64,0.68681127,1838.261883855164,0.2993730407523511
1766,17.65,0.6781683,1815.128835579941,0.29153605015673983
1767,17.66,0.67442816,1805.1181274756004,0.2884012539184953
1768,17.67,0.67470926,1805.870543498769,0.28996865203761757
1769,17.68,0.6522223,1745.6837471508998,0.2836990595611285
1770,17.69,0.6623861,1772.8874436345925,0.28683385579937304
1771,17.7,0.67317426,1801.7621170033028,0.30094043887147337
1772,17.71,0.6765842,1810.8887555582394,0.30094043887147337
1773,17.72,0.7020112,1878.9446432060179,0.30407523510971785
1774,17.73,0.69264585,1853.8779940789868,0.31347962382445144
1775,17.74,0.70807517,1895.174960570354,0.31347962382445144
1776,17.75,0.6935714,1856.3553553404174,0.3181818181818182
1777,17.76,0.704202,1884.808295267909,0.3275862068965517
1778,17.77,0.6915444,1850.930213019135,0.31504702194357365
1779,17.78,0.67243654,1799.7875134616554,0.2962382445141066
1780,17.79,0.66396976,1777.1261085003769,0.29310344827586204
1781,17.8,0.66498756,1779.850159368855,0.29153605015673983
1782,17.81,0.6798226,1819.556484502221,0.2993730407523511
1783,17.82,0.671832,1798.1695667070558,0.28996865203761757
1784,17.83,0.8047461,2153.916185510725,0.30250783699059564
1785,17.84,0.80525434,2155.276584693697,0.29780564263322884
1786,17.85,0.76727855,2053.633699720698,0.30407523510971785
1787,17.86,0.9451433,2529.691709669427,0.3322884012539185
1788,17.87,0.8085993,2164.229549176312,0.30877742946708464
1789,17.88,0.7313397,1957.4429209988682,0.2962382445141066
1790,17.89,0.75927484,2032.2116579901951,0.31191222570532917
1791,17.9,0.71253,1907.0983402090285,0.28996865203761757
1792,17.91,0.6900052,1846.8102466331002,0.30094043887147337
1793,17.92,0.6912809,1850.2248615684346,0.29310344827586204
1794,17.93,0.728414,1949.6122136884499,0.3056426332288401
1795,17.94,0.7242306,1938.41510642707,0.3213166144200627
1796,17.95,0.7185604,1923.2389073122922,0.3166144200626959
1797,17.96,0.71532357,1914.5754309731121,0.30250783699059564
1798,17.97,0.7015046,1877.5886030880208,0.3103448275862069
1799,17.98,0.70459056,1885.8482830771704,0.322884012539185
1800,17.99,0.69836175,1869.1767634212176,0.32601880877742945
1801,18.0,0.6990878,1871.1200773582186,0.32601880877742945
1802,18.01,0.68318194,1828.5478938114825,0.329153605015674
1803,18.02,0.7025457,1880.3752860376194,0.3056426332288401
1804,18.03,0.69685364,1865.1403751684488,0.30094043887147337
1805,18.04,0.69207,1852.3369023955065,0.3056426332288401
1806,18.05,0.71706027,1919.223668126648,0.30407523510971785
1807,18.06,0.69973767,1872.8594399280316,0.30877742946708464
1808,18.07,0.71519613,1914.2341946883698,0.2962382445141066
1809,18.08,0.7047624,1886.308186533164,0.32445141065830724
1810,18.09,0.68632615,1836.9632582300276,0.3072100313479624
1811,18.1,0.69371706,1856.745265042495,0.30094043887147337
1812,18.11,0.7291818,1951.6672520094874,0.31191222570532917
1813,18.12,0.69763494,1867.2314031410244,0.3056426332288401
1814,18.13,0.6959996,1862.8545441736712,0.3213166144200627
1815,18.14,0.71257585,1907.2210293778699,0.31504702194357365
1816,18.15,0.6872782,1839.5114485911129,0.3072100313479624
1817,18.16,0.7052773,1887.6865129530559,0.31347962382445144
1818,18.17,0.68444705,1831.9339516494408,0.31191222570532917
1819,18.18,0.68604606,1836.2137503151955,0.32445141065830724
1820,18.19,0.6910951,1849.72748379161,0.31347962382445144
1821,18.2,0.6797695,1819.4144340413025,0.32445141065830724
1822,18.21,0.68022263,1820.6272126815118,0.31347962382445144
1823,18.22,0.6793116,1818.18869489291,0.31504702194357365
1824,18.23,0.70776623,1894.3481090917278,0.31347962382445144
1825,18.24,0.6848639,1833.0497104755882,0.30250783699059564
1826,18.25,0.681163,1823.144055892273,0.30094043887147337
1827,18.26,0.67041856,1794.386347186709,0.3103448275862069
1828,18.27,0.6829199,1827.8464553247222,0.31347962382445144
1829,18.28,0.67458224,1805.5304692018433,0.31191222570532917
1830,18.29,0.6820404,1825.4923908140881,0.3072100313479624
1831,18.3,0.6658411,1782.1347674577044,0.2884012539184953
1832,18.31,0.67784745,1814.2699810149513,0.31191222570532917
1833,18.32,0.68958837,1845.6947131325308,0.30407523510971785
1834,18.33,0.6885515,1842.919566949864,0.30250783699059564
1835,18.34,0.68040186,1821.1069083905847,0.3181818181818182
1836,18.35,0.6891475,1844.5146266223712,0.2993730407523511
1837,18.36,0.6805908,1821.6127123192232,0.3072100313479624
1838,18.37,0.6830049,1828.0740024399634,0.3103448275862069
1839,18.38,0.68431133,1831.5705300958878,0.3103448275862069
1840,18.39,0.69499123,1860.155624791711,0.31504702194357365
1841,18.4,0.68779576,1840.8967431028136,0.30407523510971785
1842,18.41,0.69006276,1846.964485777304,0.3072100313479624
1843,18.42,0.6764572,1810.5489645922246,0.3072100313479624
1844,18.43,0.6855128,1834.786377783735,0.30094043887147337
1845,18.44,0.6871709,1839.224380353978,0.29780564263322884
1846,18.45,0.695173,1860.6421970400238,0.3385579937304075
1847,18.46,0.6688143,1790.092500411126,0.30250783699059564
1848,18.47,0.68202716,1825.457007859167,0.30250783699059564
1849,18.48,0.67308563,1801.5248479217255,0.30250783699059564
1850,18.49,0.67975265,1819.3692288758255,0.329153605015674
1851,18.5,0.691634,1851.1699263832506,0.34169278996865204
1852,18.51,0.672744,1800.6103338751936,0.30250783699059564
1853,18.52,0.6858419,1835.667331264626,0.3166144200626959
1854,18.53,0.6971863,1866.0306198621001,0.3103448275862069
1855,18.54,0.6975332,1866.9591533699909,0.31504702194357365
1856,18.55,0.6926367,1853.8535897266463,0.31347962382445144
1857,18.56,0.684912,1833.1784092059302,0.3181818181818182
1858,18.57,0.6911487,1849.8709402486547,0.31347962382445144
1859,18.58,0.6900185,1846.845808788595,0.3072100313479624
1860,18.59,0.69648945,1864.165616320059,0.31974921630094044
1861,18.6,0.68842727,1842.5870649029573,0.31504702194357365
1862,18.61,0.6999576,1873.4481248456561,0.3181818181818182
1863,18.62,0.6970263,1865.6025467524025,0.33699059561128525
1864,18.63,0.6909386,1849.3086120099852,0.2946708463949843
1865,18.64,0.68961763,1845.7731191290366,0.33699059561128525
1866,18.65,0.70211595,1879.2249204918503,0.31347962382445144
1867,18.66,0.6971822,1866.019663908017,0.3322884012539185
1868,18.67,0.6945127,1858.874867511242,0.33072100313479624
1869,18.68,0.68834275,1842.360882694239,0.31504702194357365
1870,18.69,0.67363876,1803.0054117854118,0.30877742946708464
1871,18.7,0.68235356,1826.3306379843716,0.3275862068965517
1872,18.71,0.66407645,1777.4116132885729,0.31974921630094044
1873,18.72,0.6749207,1806.4364313635415,0.31974921630094044
1874,18.73,0.66931427,1791.430753359059,0.3213166144200627
1875,18.74,0.6818041,1824.860161528788,0.3322884012539185
1876,18.75,0.69510585,1860.4622955098484,0.335423197492163
1877,18.76,0.6775371,1813.439297703092,0.3213166144200627
1878,18.77,0.6808528,1822.3136854363536,0.3275862068965517
1879,18.78,0.6720063,1798.6360903169666,0.3056426332288401
1880,18.79,0.6759463,1809.1815776346004,0.3103448275862069
1881,18.8,0.6925031,1853.496058413794,0.3275862068965517
1882,18.81,0.6941134,1857.8058644583216,0.3056426332288401
1883,18.82,0.6957238,1862.1162588678899,0.3448275862068966
1884,18.83,0.702646,1880.643772009568,0.31347962382445144
1885,18.84,0.6944032,1858.5816479174832,0.30407523510971785
1886,18.85,0.69921726,1871.4665630656,0.3213166144200627
1887,18.86,0.6902049,1847.3449625506632,0.31191222570532917
1888,18.87,0.69143504,1850.6372845830524,0.31347962382445144
1889,18.88,0.69908684,1871.1175343090708,0.3166144200626959
1890,18.89,0.69965374,1872.6349308511194,0.31974921630094044
1891,18.9,0.7077566,1894.3222907514212,0.3275862068965517
1892,18.91,0.6983612,1869.1753758607515,0.31974921630094044
1893,18.92,0.71209484,1905.933740213891,0.31347962382445144
1894,18.93,0.7024385,1880.0882159539324,0.2993730407523511
1895,18.94,0.69714534,1865.921163088361,0.28996865203761757
1896,18.95,0.6965499,1864.327441167185,0.3103448275862069
1897,18.96,0.7120156,1905.7216657328495,0.29310344827586204
1898,18.97,0.71170485,1904.8897736963706,0.30407523510971785
1899,18.98,0.68970394,1846.0040675204052,0.29780564263322884
1900,18.99,0.69556713,1861.6969563636478,0.3072100313479624
1901,19.0,0.70474803,1886.2697241634985,0.3072100313479624
1902,19.01,0.69522476,1860.7806592499603,0.3056426332288401
1903,19.02,0.70441896,1885.3890962513626,0.31347962382445144
1904,19.03,0.71754557,1920.522532416621,0.30250783699059564
1905,19.04,0.7130292,1908.4345217627965,0.31504702194357365
1906,19.05,0.6965254,1864.2616831473974,0.34796238244514105
1907,19.06,0.6786539,1816.428464499878,0.34169278996865204
1908,19.07,0.68342793,1829.2062084645816,0.322884012539185
1909,19.08,0.6994348,1872.0488591153623,0.329153605015674
1910,19.09,0.70594275,1889.467550646311,0.30877742946708464
1911,19.1,0.7072791,1893.0441932945496,0.3322884012539185
1912,19.11,0.70782197,1894.497262902975,0.33699059561128525
1913,19.12,0.69378203,1856.9190166246049,0.329153605015674
1914,19.13,0.69266176,1853.9207922318597,0.3072100313479624
1915,19.14,0.6940472,1857.6289294484218,0.3072100313479624
1916,19.15,0.699783,1872.9809702396626,0.3103448275862069
1917,19.16,0.7018569,1878.531583519784,0.3166144200626959
1918,19.17,0.6991565,1871.304100272431,0.33699059561128525
1919,19.18,0.71140355,1904.0834212510645,0.33072100313479624
1920,19.19,0.70663446,1891.3188738977638,0.3432601880877743
1921,19.2,0.7012163,1876.8170601974152,0.33072100313479624
1922,19.21,0.68535185,1834.3555509149705,0.32601880877742945
1923,19.22,0.6918072,1851.6335383588557,0.335423197492163
1924,19.23,0.6974493,1866.734753977124,0.3448275862068966
1925,19.24,0.68626773,1836.8070022293846,0.3432601880877743
1926,19.25,0.70905465,1897.7964680494852,0.34796238244514105
1927,19.26,0.6958637,1862.4908782247048,0.3463949843260188
1928,19.27,0.70011884,1873.8797484060935,0.335423197492163
1929,19.28,0.700903,1875.9785704398184,0.329153605015674
1930,19.29,0.67926276,1818.058156155647,0.335423197492163
1931,19.3,0.67118454,1796.4364835014585,0.3213166144200627
1932,19.31,0.68261594,1827.0327970538167,0.3667711598746082
1933,19.32,0.68831414,1842.2842899123686,0.3275862068965517
1934,19.33,0.7037151,1883.5051430202848,0.36990595611285265
1935,19.34,0.71584487,1915.9707055123706,0.3777429467084639
1936,19.35,0.70744586,1893.4905778340994,0.3667711598746082
1937,19.36,0.7048665,1886.5869802985226,0.3338557993730408
1938,19.37,0.7016842,1878.069353891273,0.3605015673981191
1939,19.38,0.7041472,1884.661705358902,0.3338557993730408
1940,19.39,0.70296013,1881.4844728318371,0.3667711598746082
1941,19.4,0.6856149,1835.0597001733188,0.322884012539185
1942,19.41,0.69514173,1860.5583767196945,0.3213166144200627
1943,19.42,0.70211697,1879.2276212866966,0.3072100313479624
1944,19.43,0.6872531,1839.4445176043637,0.30877742946708464
1945,19.44,0.70854104,1896.421856736557,0.3103448275862069
1946,19.45,0.6943725,1858.4993847998926,0.3213166144200627
1947,19.46,0.69546944,1861.4355869857097,0.335423197492163
1948,19.47,0.720276,1927.8306800143062,0.32601880877742945
1949,19.48,0.7112856,1903.7676489353785,0.31504702194357365
1950,19.49,0.69926924,1871.6056690074804,0.33072100313479624
1951,19.5,0.7002934,1874.3468706411206,0.3385579937304075
1952,19.51,0.69649994,1864.1937410948817,0.3573667711598746
1953,19.52,0.70461464,1885.9127453716912,0.3573667711598746
1954,19.53,0.68389976,1830.4689349240955,0.30407523510971785
1955,19.54,0.69730705,1866.3539412171249,0.3401253918495298
1956,19.55,0.6710826,1796.1636463676357,0.2993730407523511
1957,19.56,0.6887211,1843.3735362999714,0.29310344827586204
1958,19.57,0.6830067,1828.0788930390895,0.335423197492163
1959,19.58,0.67132425,1796.8105345629333,0.2946708463949843
1960,19.59,0.68821436,1842.0171215670412,0.3510971786833856
1961,19.6,0.66947335,1791.8565081928057,0.35266457680250785
1962,19.61,0.6772085,1812.5598230463002,0.34169278996865204
1963,19.62,0.6840067,1830.7552776769385,0.28683385579937304
1964,19.63,0.6956996,1862.051535490901,0.30250783699059564
1965,19.64,0.6904345,1847.9594206900194,0.2993730407523511
1966,19.65,0.6873526,1839.710702223926,0.3730407523510972
1967,19.66,0.7039704,1884.1883000486205,0.3181818181818182
1968,19.67,0.71308935,1908.5954513678926,0.31191222570532917
1969,19.68,0.71142846,1904.150181934363,0.3213166144200627
1970,19.69,0.7126253,1907.3535500005087,0.3166144200626959
1971,19.7,0.71364707,1910.0882107007635,0.30407523510971785
1972,19.71,0.7341507,1964.9665498063123,0.3103448275862069
1973,19.72,0.72257996,1933.9973716228021,0.30094043887147337
1974,19.73,0.74570006,1995.8785300346392,0.3103448275862069
1975,19.74,0.70878434,1897.0730265708785,0.3072100313479624
1976,19.75,0.75118285,2010.5533123802109,0.3181818181818182
1977,19.76,0.7426964,1987.8392317291884,0.30877742946708464
1978,19.77,0.7366717,1971.713987537267,0.3056426332288401
1979,19.78,0.75480676,2020.252828386414,0.32445141065830724
1980,19.79,0.76025975,2034.8478400397576,0.335423197492163
1981,19.8,0.7648589,2047.1574649664065,0.2946708463949843
1982,19.81,0.7642588,2045.5514041167248,0.29780564263322884
1983,19.82,0.76769876,2054.758615818398,0.30094043887147337
1984,19.83,0.7617175,2038.74949134316,0.29310344827586204
1985,19.84,0.7813702,2091.350309883992,0.2993730407523511
1986,19.85,0.78728074,2107.1698239913685,0.31974921630094044
1987,19.86,0.81178546,2172.757245258384,0.3213166144200627
1988,19.87,0.7829639,2095.615843415236,0.31191222570532917
1989,19.88,0.7802578,2088.373105930266,0.30877742946708464
1990,19.89,0.77980214,2087.1533197989597,0.329153605015674
1991,19.9,0.7600174,2034.1990452889404,0.31191222570532917
1992,19.91,0.74425805,1992.0190633664101,0.31191222570532917
1993,19.92,0.75016636,2007.8326246705979,0.2946708463949843
1994,19.93,0.7325466,1960.6731859479155,0.30407523510971785
1995,19.94,0.7523639,2013.714546295292,0.31504702194357365
1996,19.95,0.78741235,2107.5223081693603,0.32445141065830724
1997,19.96,0.8162987,2184.8370504568534,0.31974921630094044
1998,19.97,0.8294995,2220.1690817013064,0.32445141065830724
1999,19.98,0.85456854,2287.2667415819974,0.335423197492163
2000,19.99,0.8594217,2300.2563934050695,0.33072100313479624
2001,20.0,0.8421908,2254.137735769073,0.32445141065830724
2002,20.01,0.8211651,2197.8620667015794,0.3166144200626959
2003,20.02,0.7650689,2047.7196542459621,0.3166144200626959
2004,20.03,0.8434226,2257.434593622951,0.31974921630094044
2005,20.04,0.819102,2192.3401747934004,0.31504702194357365
2006,20.05,0.73619264,1970.4319105343814,0.2993730407523511
2007,20.06,0.7548325,2020.3216652715464,0.3385579937304075
2008,20.07,0.77128834,2064.365866453316,0.33699059561128525
2009,20.08,0.7660342,2050.303322169348,0.3181818181818182
2010,20.09,0.76664203,2051.930167339257,0.31347962382445144
2011,20.1,0.7579589,2028.689604124955,0.3385579937304075
2012,20.11,0.7749506,2074.168120307645,0.3056426332288401
2013,20.12,0.7747701,2073.685018009142,0.31191222570532917
2014,20.13,0.76583636,2049.773684742376,0.2993730407523511
2015,20.14,0.80377895,2151.327748959337,0.3181818181818182
2016,20.15,0.79512566,2128.1670595271103,0.3181818181818182
2017,20.16,0.8277217,2215.4108598503913,0.3181818181818182
2018,20.17,0.8367073,2239.4608836773696,0.33699059561128525
2019,20.18,0.8404422,2249.4575985522397,0.3213166144200627
2020,20.19,0.80397075,2151.8410384867316,0.31191222570532917
2021,20.2,0.774527,2073.0344435109555,0.31504702194357365
2022,20.21,0.7728265,2068.4827954100465,0.3166144200626959
2023,20.22,0.78068256,2089.5097780973256,0.322884012539185
2024,20.23,0.7636915,2044.0330045950448,0.2884012539184953
2025,20.24,0.78294736,2095.5715983263954,0.2993730407523511
2026,20.25,0.8442748,2259.715532908953,0.31347962382445144
2027,20.26,0.81295115,2175.8772762469,0.2946708463949843
2028,20.27,0.84878993,2271.8002350467805,0.3166144200626959
2029,20.28,0.8291224,2219.159971944416,0.29310344827586204
2030,20.29,0.90457857,2421.1196427387513,0.3103448275862069
2031,20.3,0.9770055,2614.9714338192316,0.30877742946708464
2032,20.31,0.95981807,2568.9689945903547,0.31347962382445144
2033,20.32,0.9832935,2631.8012098003937,0.3181818181818182
2034,20.33,0.86245096,2308.364373427805,0.33072100313479624
2035,20.34,0.77540004,2075.371088004691,0.32445141065830724
2036,20.35,0.80803394,2162.7163196638203,0.322884012539185
2037,20.36,0.7745794,2073.1745383226094,0.31974921630094044
2038,20.37,0.76065665,2035.9101778113725,0.30877742946708464
2039,20.38,0.8172489,2187.380211480372,0.3166144200626959
2040,20.39,0.8340168,2232.2598338283046,0.3072100313479624
2041,20.4,0.97702986,2615.0365033898356,0.3103448275862069
2042,20.41,0.73024696,1954.5180350562964,0.31347962382445144
2043,20.42,0.7626403,2041.219478242972,0.30407523510971785
2044,20.43,0.75104684,2010.1893520625463,0.30877742946708464
2045,20.44,0.73448855,1965.8707426370215,0.3072100313479624
2046,20.45,0.73873806,1977.2445837819107,0.3056426332288401
2047,20.46,0.7635931,2043.7695195171893,0.32445141065830724
2048,20.47,0.73832035,1976.1267347704884,0.31504702194357365
2049,20.48,0.757047,2026.2488264993565,0.37460815047021945
2050,20.49,0.7597308,2033.432088519831,0.31974921630094044
2051,20.5,0.7975577,2134.676550595971,0.31191222570532917
2052,20.51,0.85382265,2285.2704849414367,0.31191222570532917
2053,20.52,0.8316378,2225.892285342172,0.30250783699059564
2054,20.53,0.750064,2007.5588373282505,0.32445141065830724
2055,20.54,0.7372044,1973.1398152451725,0.3213166144200627
2056,20.55,0.74956965,2006.2356154784923,0.31347962382445144
2057,20.56,0.748296,2002.826839456256,0.30877742946708464
2058,20.57,0.72084755,1929.360404982711,0.31504702194357365
2059,20.58,0.7388162,1977.4538469040785,0.30877742946708464
2060,20.59,0.7537757,2017.4933109320714,0.32445141065830724
2061,20.6,0.7456887,1995.848145069434,0.31347962382445144
2062,20.61,0.7543629,2019.06482078358,0.322884012539185
2063,20.62,0.73697513,1972.5262098583762,0.30877742946708464
2064,20.63,0.7370997,1972.859662349902,0.30877742946708464
2065,20.64,0.74995464,2007.2660960477012,0.33072100313479624
2066,20.65,0.7402332,1981.2463403762506,0.2962382445141066
2067,20.66,0.72285265,1934.7271296227052,0.3181818181818182
2068,20.67,0.73181367,1958.711455344848,0.3056426332288401
2069,20.68,0.7353319,1968.128077483044,0.3322884012539185
2070,20.69,0.73596877,1969.8325850825374,0.31504702194357365
2071,20.7,0.7352767,1967.9802817664956,0.32445141065830724
2072,20.71,0.74327374,1989.3844862934804,0.3213166144200627
2073,20.72,0.7511433,2010.4475041281432,0.3213166144200627
2074,20.73,0.737987,1975.2343509926416,0.3275862068965517
2075,20.74,0.7453407,1994.916757829535,0.3213166144200627
2076,20.75,0.7699372,2060.7496584146415,0.31504702194357365
2077,20.76,0.7740686,2071.8073976002615,0.32445141065830724
2078,20.77,0.7530868,2015.6494486811625,0.335423197492163
2079,20.78,0.73427016,1965.2862741398565,0.31504702194357365
2080,20.79,0.7177715,1921.1271673518247,0.30407523510971785
2081,20.8,0.73929626,1978.7386523535556,0.31347962382445144
2082,20.81,0.74608064,1996.8972124054142,0.30250783699059564
2083,20.82,0.7308144,1956.0369162024608,0.30094043887147337
2084,20.83,0.74352777,1990.0644848980967,0.32445141065830724
2085,20.84,0.73517174,1967.6993979562528,0.31504702194357365
2086,20.85,0.73922735,1978.554349505959,0.31191222570532917
2087,20.86,0.7276953,1947.6885365906996,0.30877742946708464
2088,20.87,0.74662536,1998.3552698563014,0.31504702194357365
2089,20.88,0.73902977,1978.025486212117,0.3103448275862069
2090,20.89,0.102659844,274.7707880908208,0.007836990595611285
2091,20.9,0.10603668,283.80891881808157,0.007836990595611285
2092,20.91,0.085638665,229.21329616898672,0.007836990595611285
2093,20.92,0.09295276,248.78959210031684,0.007836990595611285
2094,20.93,0.0951802,254.75139532458445,0.007836990595611285
2095,20.94,0.083638534,223.85991871025217,0.007836990595611285
2096,20.95,0.09597664,256.8830852044173,0.007836990595611285
2097,20.96,0.097319365,260.4768953500635,0.007836990595611285
2098,20.97,0.09709403,259.87377786093504,0.007836990595611285
2099,20.98,0.75275105,2014.75076210882,0.3322884012539185
2100,20.99,0.09382868,251.13402546881565,0.007836990595611285
2101,21.0,0.097470716,260.88199540114215,0.007836990595611285
2102,21.01,0.08008457,214.34767379987673,0.007836990595611285
2103,21.02,0.07899368,211.42787966607344,0.007836990595611285
2104,21.03,0.099206574,265.5280545684069,0.007836990595611285
2105,21.04,0.74589825,1996.4090681535902,0.31974921630094044
2106,21.05,0.101018876,270.37868578224777,0.007836990595611285
2107,21.06,0.08022866,214.7333295579917,0.007836990595611285
2108,21.07,0.1007966,269.78378324573816,0.007836990595611285
2109,21.08,0.08008777,214.3562665136482,0.007836990595611285
2110,21.09,0.75472546,2020.035193200887,0.322884012539185
2111,21.1,0.7764459,2078.170521270385,0.3510971786833856
2112,21.11,0.095971175,256.86843208782204,0.007836990595611285
2113,21.12,0.09347794,250.1952631400709,0.007836990595611285
2114,21.13,0.102523886,274.40688455992404,0.007836990595611285
2115,21.14,0.10590904,283.46731180812407,0.007836990595611285
2116,21.15,0.093755126,250.93715464970052,0.007836990595611285
2117,21.16,0.09585766,256.5646055377914,0.007836990595611285
2118,21.17,0.7910606,2117.286774299144,0.3181818181818182
2119,21.18,0.098133594,262.65619148173454,0.007836990595611285
2120,21.19,0.1000964,267.9096658780299,0.007836990595611285
2121,21.2,0.103853256,277.96497061482734,0.007836990595611285
2122,21.21,0.76004064,2034.2613531097181,0.3072100313479624
2123,21.22,0.087531246,234.27881875606033,0.007836990595611285
2124,21.23,0.08263201,221.1659566875881,0.007836990595611285
2125,21.24,0.09255685,247.72993697714668,0.007836990595611285
2126,21.25,0.09123297,244.1865718390196,0.007836990595611285
2127,21.26,0.087398365,233.9231769435499,0.007836990595611285
2128,21.27,0.78081435,2089.8625198654786,0.31191222570532917
2129,21.28,0.08381097,224.32146295550643,0.007836990595611285
2130,21.29,0.08887847,237.88469054527897,0.007836990595611285
2131,21.3,0.093879305,251.26951876527562,0.007836990595611285
2132,21.31,0.7774325,2080.811072663051,0.2962382445141066
2133,21.32,0.10217349,273.4690453739778,0.007836990595611285
2134,21.33,0.78060955,2089.314543453197,0.30407523510971785
2135,21.34,0.78242487,2094.173201390934,0.3072100313479624
2136,21.35,0.76726514,2053.5978306079605,0.30094043887147337
2137,21.36,0.78577703,2103.145367925045,0.3072100313479624
2138,21.37,0.75360465,2017.0352242732447,0.33072100313479624
2139,21.38,0.7688014,2057.7097063739798,0.3103448275862069
2140,21.39,0.71535677,1914.6641672240646,0.2946708463949843
2141,21.4,0.7158198,1915.903412798151,0.2852664576802508
2142,21.41,0.11516282,308.2352034428483,0.007836990595611285
2143,21.42,0.1113231,297.9581298882272,0.007836990595611285
2144,21.43,0.10896637,291.6503087370393,0.007836990595611285
2145,21.44,0.7136213,1910.0192360600122,0.3072100313479624
2146,21.45,0.7197735,1926.485602444173,0.30094043887147337
2147,21.46,0.109971896,294.3416251421049,0.007836990595611285
2148,21.47,0.70797485,1894.9063439607812,0.2836990595611285
2149,21.48,0.70693576,1892.1253348230432,0.2993730407523511
2150,21.49,0.7153922,1914.7589819647753,0.29153605015673983
2151,21.5,0.1093542,292.6883279194599,0.007836990595611285
2152,21.51,0.112300605,300.57441729872664,0.007836990595611285
2153,21.52,0.705352,1887.8863754768913,0.3166144200626959
2154,21.53,0.10996918,294.33432883208366,0.007836990595611285
2155,21.54,0.6926233,1853.8178521857114,0.31191222570532917
2156,21.55,0.110999525,297.09207036084337,0.007836990595611285
2157,21.56,0.11495456,307.6778003441111,0.007836990595611285
2158,21.57,0.10685064,285.98750885070183,0.007836990595611285
2159,21.58,0.107574955,287.9261461956537,0.007836990595611285
2160,21.59,0.11087771,296.7660139072481,0.007836990595611285
2161,21.6,0.7110665,1903.1812898033425,0.33699059561128525
2162,21.61,0.7080934,1895.2237252615212,0.3322884012539185
2163,21.62,0.5372199,1437.8779107741002,0.33699059561128525
2164,21.63,0.7050983,1887.2072817191736,0.3338557993730408
2165,21.64,0.7117294,1904.9555578778784,0.3557993730407524
2166,21.65,0.71893907,1924.252278048456,0.3495297805642633
2167,21.66,0.7135701,1909.8823497892986,0.3322884012539185
2168,21.67,0.70437825,1885.2800915341559,0.33699059561128525
2169,21.68,0.7924732,2121.067615587573,0.34169278996865204
2170,21.69,0.80578876,2156.707105533563,0.3573667711598746
2171,21.7,0.7428307,1988.1987112725794,0.36363636363636365
2172,21.71,0.7288364,1950.7427451540784,0.3542319749216301
2173,21.72,0.73146796,1957.7860791706419,0.38087774294670845
2174,21.73,0.1111972,297.62115242999784,0.007836990595611285
2175,21.74,0.10471646,280.2753348556913,0.007836990595611285
2176,21.75,0.11033226,295.3061223311739,0.007836990595611285
2177,21.76,0.11238559,300.80190334170163,0.007836990595611285
2178,21.77,0.7210095,1929.793898412479,0.3542319749216301
2179,21.78,0.69768,1867.3520842351802,0.3605015673981191
2180,21.79,0.10739172,287.43573892125727,0.007836990595611285
2181,21.8,0.11117182,297.5532332741242,0.007836990595611285
2182,21.81,0.71082646,1902.5387692694135,0.35893416927899685
2183,21.82,0.7104114,1901.4280194710225,0.3605015673981191
2184,21.83,0.7075631,1893.804286424111,0.36363636363636365
2185,21.84,0.109253995,292.42013164231037,0.007836990595611285
2186,21.85,0.7020427,1879.0289351866334,0.3432601880877743
2187,21.86,0.10955554,293.22724140397844,0.007836990595611285
2188,21.87,0.70725,1892.9664445505607,0.36990595611285265
2189,21.88,0.7090183,1897.6991930454442,0.36363636363636365
2190,21.89,0.73929256,1978.7288529174812,0.3605015673981191
2191,21.9,0.7272643,1946.5349234363284,0.3714733542319749
2192,21.91,0.107339844,287.296870939544,0.007836990595611285
2193,21.92,0.11061759,296.06982926605264,0.007836990595611285
2194,21.93,0.7345071,1965.9204089338637,0.3620689655172414
2195,21.94,0.74719656,1999.8840164496426,0.36363636363636365
2196,21.95,0.11281362,301.9475451997189,0.007836990595611285
2197,21.96,0.7035978,1883.1911334413644,0.35893416927899685
2198,21.97,0.7197264,1926.3596059687645,0.335423197492163
2199,21.98,0.10670639,285.60141754572334,0.007836990595611285
2200,21.99,0.111027285,297.1663677500108,0.007836990595611285
2201,22.0,0.73164517,1958.260346794702,0.3557993730407524
2202,22.01,0.7708715,2063.250477302429,0.35266457680250785
2203,22.02,0.7220428,1932.5595784445106,0.32445141065830724
2204,22.03,0.10771705,288.3064809495943,0.007836990595611285
2205,22.04,0.112408035,300.86196539916676,0.007836990595611285
2206,22.05,0.1072505,287.0577344632828,0.007836990595611285
2207,22.06,0.71007687,1900.5325341674181,0.3463949843260188
2208,22.07,0.7142097,1911.5941609541815,0.3385579937304075
2209,22.08,0.7279506,1948.371774701775,0.3432601880877743
2210,22.09,0.7230757,1935.3241096726272,0.3542319749216301
2211,22.1,0.7098002,1899.7919783866091,0.3463949843260188
2212,22.11,0.7125152,1907.0586956745126,0.35893416927899685
2213,22.12,0.7215136,1931.1431978771525,0.36363636363636365
2214,22.13,0.70827043,1895.6975467399795,0.36363636363636365
2215,22.14,0.7016141,1877.8816934474553,0.34796238244514105
2216,22.15,0.70273095,1880.8710359620661,0.3542319749216301
2217,22.16,0.66721606,1785.8148519734082,0.33699059561128525
2218,22.17,0.71704787,1919.1906090254006,0.3463949843260188
2219,22.18,0.109392464,292.79073805411457,0.007836990595611285
2220,22.19,0.75208724,2012.9740084742941,0.3573667711598746
2221,22.2,0.72285813,1934.7418529382846,0.3338557993730408
2222,22.21,0.11913131,318.8569417409201,0.007836990595611285
2223,22.22,0.11067549,296.2248062232892,0.007836990595611285
2224,22.23,0.113403566,303.52650866696456,0.007836990595611285
2225,22.24,0.7190339,1924.5062779438265,0.3103448275862069
2226,22.25,0.106989026,286.3579021301815,0.007836990595611285
2227,22.26,0.7520318,2012.825507885956,0.3166144200626959
2228,22.27,0.7583805,2029.8178371877627,0.3056426332288401
2229,22.28,0.11899928,318.50354567257614,0.007836990595611285
2230,22.29,0.77370834,2070.843232286432,0.2962382445141066
2231,22.3,0.76934505,2059.164886209393,0.30094043887147337
2232,22.31,0.10807306,289.25934637962615,0.007836990595611285
2233,22.32,0.7657337,2049.4990285116464,0.31504702194357365
2234,22.33,0.81018776,2168.480940141427,0.27586206896551724
2235,22.34,0.109772354,293.80753008847927,0.007836990595611285
2236,22.35,0.113388866,303.4871820008948,0.007836990595611285
2237,22.36,0.11042719,295.5602228464252,0.007836990595611285
2238,22.37,0.11404485,305.24293976123977,0.007836990595611285
2239,22.38,0.7980532,2136.0026270428693,0.30250783699059564
2240,22.39,0.110755555,296.4390750208332,0.007836990595611285
2241,22.4,0.11276774,301.8247426030574,0.007836990595611285
2242,22.41,0.7578113,2028.2945924855148,0.2962382445141066
2243,22.42,0.7327864,1961.3149893218488,0.28996865203761757
2244,22.43,0.79978055,2140.625942567574,0.2962382445141066
2245,22.44,0.787197,2106.9458385827897,0.29153605015673983
2246,22.45,0.7993318,2139.4248117753327,0.2836990595611285
2247,22.46,0.79778814,2135.293295388081,0.29153605015673983
2248,22.47,0.7894045,2112.8543468932808,0.27899686520376177
2249,22.48,0.78591853,2103.5238597295843,0.29153605015673983
2250,22.49,0.80819416,2163.1450771755867,0.29153605015673983
2251,22.5,0.8128382,2175.5749325000493,0.31191222570532917
2252,22.51,0.8045244,2153.32309832168,0.31347962382445144
2253,22.52,0.7953806,2128.849422792643,0.3166144200626959
2254,22.53,0.8116951,2172.515377040422,0.30094043887147337
2255,22.54,0.083004095,222.16184024527166,0.007836990595611285
2256,22.55,0.69619906,1863.3883662843339,0.29780564263322884
2257,22.56,0.083628915,223.8341895450984,0.007836990595611285
2258,22.57,0.77328783,2069.717767634511,0.30094043887147337
2259,22.58,0.7926853,2121.6352274570745,0.31347962382445144
2260,22.59,0.78829944,2109.8963893357172,0.3166144200626959
2261,22.6,0.8016188,2145.5461988865272,0.31347962382445144
2262,22.61,0.8089644,2165.2064941604476,0.31347962382445144
2263,22.62,0.7353651,1968.2169167067493,0.30877742946708464
2264,22.63,0.69997257,1873.4881173578403,0.30094043887147337
2265,22.64,0.7394015,1979.020518062918,0.32601880877742945
2266,22.65,0.71864486,1923.464877284124,0.3181818181818182
2267,22.66,0.71196884,1905.596435156702,0.3072100313479624
2268,22.67,0.7111391,1903.3754535574387,0.31191222570532917
2269,22.68,0.7991416,2138.9158700787884,0.3103448275862069
2270,22.69,0.79061824,2116.1027629755863,0.31347962382445144
2271,22.7,0.70307606,1881.7947608651778,0.3103448275862069
2272,22.71,0.77417403,2072.0897083037835,0.2946708463949843
2273,22.72,0.81792486,2189.189409753042,0.31504702194357365
2274,22.73,0.83294106,2229.3806688723544,0.3103448275862069
2275,22.74,0.820831,2196.9678829573254,0.31974921630094044
2276,22.75,0.82544106,2209.3065488242864,0.30250783699059564
2277,22.76,0.7817261,2092.3029459001,0.3072100313479624
2278,22.77,0.83209807,2227.124380381407,0.2946708463949843
2279,22.78,0.7727197,2068.1969046056684,0.2993730407523511
2280,22.79,0.7836757,2097.5210848324105,0.30407523510971785
2281,22.8,0.7887052,2110.982709540826,0.29310344827586204
2282,22.81,0.7816042,2091.9764749276032,0.28213166144200624
2283,22.82,0.78426456,2099.0971843370103,0.2884012539184953
2284,22.83,0.79120135,2117.663680125655,0.322884012539185
2285,22.84,0.78886634,2111.4138253655437,0.31191222570532917
2286,22.85,0.8010721,2144.0828026773597,0.3103448275862069
2287,22.86,0.79730445,2133.9984706470623,0.31191222570532917
2288,22.87,0.8139013,2178.4204222568455,0.30877742946708464
2289,22.88,0.8079739,2162.555724602561,0.30877742946708464
2290,22.89,0.7626219,2041.1700871246278,0.2774294670846395
2291,22.9,0.7628462,2041.7704270708646,0.2774294670846395
2292,22.91,0.78553057,2102.4856859322413,0.2962382445141066
2293,22.92,0.8090777,2165.5096969040305,0.2884012539184953
2294,22.93,0.8065276,2158.684605895225,0.30094043887147337
2295,22.94,0.07986498,213.75992994800404,0.007836990595611285
2296,22.95,0.7698653,2060.5570935302158,0.29310344827586204
2297,22.96,0.79656404,2132.016746593308,0.3103448275862069
2298,22.97,0.77808005,2082.544201710156,0.3181818181818182
2299,22.98,0.7940379,2125.2555688390003,0.30877742946708464
2300,22.99,0.7803536,2088.6294582921496,0.3385579937304075
2301,23.0,0.7877321,2108.3782052140023,0.31347962382445144
2302,23.01,0.7901252,2114.7831224920496,0.30877742946708464
2303,23.02,0.7222077,1933.0009844641731,0.33072100313479624
2304,23.03,0.8225337,2201.525028372325,0.33072100313479624
2305,23.04,0.82360315,2204.3875019271945,0.32445141065830724
2306,23.05,0.844401,2260.0533223244915,0.31504702194357365
2307,23.06,0.8595873,2300.699628832286,0.31191222570532917
2308,23.07,0.96095216,2572.0045104581377,0.3213166144200627
2309,23.08,0.9748455,2609.1902803864623,0.29310344827586204
2310,23.09,0.882361,2361.6537984469364,0.30250783699059564
2311,23.1,0.8863956,2372.452350317428,0.2962382445141066
2312,23.11,0.9531102,2551.015445356891,0.3181818181818182
2313,23.12,0.8570664,2293.952322586052,0.29310344827586204
2314,23.13,0.8810926,2358.2591135936345,0.30877742946708464
2315,23.14,0.83116275,2224.6209614904283,0.2962382445141066
2316,23.15,0.80551785,2155.9819904070278,0.28996865203761757
2317,23.16,0.82425725,2206.1382659249,0.2836990595611285
2318,23.17,0.83579093,2237.008389143111,0.29153605015673983
2319,23.18,0.8344207,2233.340777861014,0.2774294670846395
2320,23.19,0.8158069,2183.520676324065,0.2962382445141066
2321,23.2,0.83592135,2237.357370595327,0.28213166144200624
2322,23.21,0.07987847,213.79604750768,0.007836990595611285
2323,23.22,0.84268546,2255.4616337863763,0.2774294670846395
2324,23.23,0.83503914,2234.996125231044,0.274294670846395
2325,23.24,0.08145859,218.02526318364124,0.007836990595611285
2326,23.25,0.8335223,2230.936222462922,0.2852664576802508
2327,23.26,0.8154871,2182.6648017093144,0.2836990595611285
2328,23.27,0.80304855,2149.3728691730253,0.30250783699059564
2329,23.28,0.8021015,2146.837813733696,0.30250783699059564
2330,23.29,0.8015842,2145.453377233489,0.3056426332288401
2331,23.3,0.7584616,2030.0349947450552,0.3103448275862069
2332,23.31,0.09171489,245.47643033629421,0.007836990595611285
2333,23.32,0.8032986,2150.0419363383103,0.29780564263322884
2334,23.33,0.794206,2125.7056080428288,0.28683385579937304
2335,23.34,0.09316541,249.35876060158762,0.007836990595611285
2336,23.35,0.73946065,1979.178666878452,0.3056426332288401
2337,23.36,0.08287045,221.80413586989138,0.007836990595611285
2338,23.37,0.74287075,1988.305955985718,0.31974921630094044
2339,23.38,0.75449383,2019.4152586854036,0.30250783699059564
2340,23.39,0.7132051,1908.9052859148892,0.3213166144200627
2341,23.4,0.69355947,1856.3233605503692,0.30407523510971785
2342,23.41,0.703128,1881.9337458569926,0.31191222570532917
2343,23.42,0.07966639,213.2284255402699,0.007836990595611285
2344,23.43,0.74289674,1988.3755471220666,0.32601880877742945
2345,23.44,0.08306544,222.32603200137777,0.007836990595611285
2346,23.45,0.76686597,2052.529575754069,0.3213166144200627
2347,23.46,0.7340867,1964.7951547222754,0.30094043887147337
2348,23.47,0.7197536,1926.432532941447,0.30877742946708464
2349,23.48,0.787047,2106.5444413132973,0.30877742946708464
2350,23.49,0.87036383,2329.5432369246228,0.31191222570532917
2351,23.5,0.95028,2543.440210614984,0.2993730407523511
2352,23.51,0.8985966,2405.108697370421,0.29780564263322884
2353,23.52,0.0787545,210.78773600255192,0.007836990595611285
2354,23.53,0.07777508,208.16629818730058,0.007836990595611285
2355,23.54,0.67234015,1799.5296985866432,0.30250783699059564
2356,23.55,0.6625521,1773.3318104536334,0.27899686520376177
2357,23.56,0.08618189,230.66725212135862,0.007836990595611285
2358,23.57,0.08473814,226.80303313978268,0.007836990595611285
2359,23.58,0.07885234,211.04960679388773,0.007836990595611285
2360,23.59,0.8072054,2160.4984439912555,0.274294670846395
2361,23.6,0.6498443,1739.3190277860758,0.2962382445141066
2362,23.61,0.6326959,1693.4210977848072,0.27899686520376177
2363,23.62,0.63892,1710.0800296507691,0.26802507836990597
2364,23.63,0.7774316,2080.808480658819,0.29153605015673983
2365,23.64,0.7901407,2114.8247802231117,0.28683385579937304
2366,23.65,0.08381567,224.33404488838434,0.007836990595611285
2367,23.66,0.08358247,223.70987001331653,0.007836990595611285
2368,23.67,0.08372806,224.0995265381016,0.007836990595611285
2369,23.68,0.08542381,228.63824778189064,0.007836990595611285
2370,23.69,0.083421096,223.27795875061017,0.007836990595611285
2371,23.7,0.08726686,233.57119464112031,0.007836990595611285
2372,23.71,0.08347538,223.423250985202,0.007836990595611285
2373,23.72,0.087759644,234.89013685980137,0.007836990595611285
2374,23.73,0.08365276,223.89799368711977,0.007836990595611285
2375,23.74,0.07911839,211.76169370891867,0.007836990595611285
2376,23.75,0.085423775,228.63815820942295,0.007836990595611285
2377,23.76,0.08296235,222.05010113740286,0.007836990595611285
2378,23.77,0.088143274,235.91692562050196,0.007836990595611285
2379,23.78,0.08903829,238.31245590828172,0.007836990595611285
2380,23.79,0.09376256,250.95706006592104,0.007836990595611285
2381,23.8,0.08825703,236.22140684059755,0.007836990595611285
2382,23.81,0.086058065,230.33583126468545,0.007836990595611285
2383,23.82,0.087684214,234.6882440610207,0.007836990595611285
2384,23.83,0.09214765,246.63471843117154,0.007836990595611285
2385,23.84,0.079014234,211.48291086966492,0.007836990595611285
2386,23.85,0.07942335,212.57793116412273,0.007836990595611285
2387,23.86,0.086939275,232.69441173794627,0.007836990595611285
2388,23.87,0.08474817,226.8298796731196,0.007836990595611285
2389,23.88,0.0849321,227.32217930844155,0.007836990595611285
2390,23.89,0.090285815,241.65149195441438,0.007836990595611285
2391,23.9,0.08186117,219.10278586681838,0.007836990595611285
2392,23.91,0.08861691,237.18462353906108,0.007836990595611285
2393,23.92,0.6867195,1838.016146743056,0.25862068965517243
2394,23.93,0.089647606,239.94330387860987,0.007836990595611285
2395,23.94,0.08697365,232.78642521719715,0.007836990595611285
2396,23.95,0.6730708,1801.4850573527985,0.26332288401253917
2397,23.96,0.68042904,1821.1797091633266,0.2711598746081505
2398,23.97,0.08930852,239.03574081278535,0.007836990595611285
2399,23.98,0.09219407,246.7589777071728,0.007836990595611285
2400,23.99,0.08801199,235.56555087978145,0.007836990595611285
2401,24.0,0.7065126,1890.9925732111021,0.2946708463949843
2402,24.01,0.72567666,1942.2856674466284,0.29310344827586204
2403,24.02,0.79717374,2133.6487198787895,0.28213166144200624
2404,24.03,0.088833794,237.76512099977413,0.007836990595611285
2405,24.04,0.66368806,1776.3720397287348,0.2554858934169279
2406,24.05,0.66527426,1780.617649494891,0.27586206896551724
2407,24.06,0.08639654,231.2417808978866,0.007836990595611285
2408,24.07,0.08649449,231.5039370840909,0.007836990595611285
2409,24.08,0.08526996,228.2264632590966,0.007836990595611285
2410,24.09,0.08505886,227.66145074436116,0.007836990595611285
2411,24.1,0.07647391,204.68368233736078,0.007836990595611285
2412,24.11,0.08481668,227.0132569902867,0.007836990595611285
2413,24.12,0.08196368,219.37715332981185,0.007836990595611285
2414,24.13,0.67970306,1819.2365962363172,0.2962382445141066
2415,24.14,0.08020993,214.68321422713913,0.007836990595611285
2416,24.15,0.08985258,240.4919154444304,0.007836990595611285
2417,24.16,0.08689444,232.57440519743201,0.007836990595611285
2418,24.17,0.089038,238.311687646316,0.007836990595611285
2419,24.18,0.081549466,218.268492879957,0.007836990595611285
2420,24.19,0.08926205,238.91135475452552,0.007836990595611285
2421,24.2,0.07942876,212.59239111956785,0.007836990595611285
2422,24.21,0.08191063,219.2351699500142,0.007836990595611285
2423,24.22,0.08114716,217.1917140963389,0.007836990595611285
2424,24.23,0.6740818,1804.1911266222162,0.2617554858934169
2425,24.24,0.08392749,224.63332159134762,0.007836990595611285
2426,24.25,0.08486383,227.13943088343876,0.007836990595611285
2427,24.26,0.766282,2050.966565205803,0.26489028213166144
2428,24.27,0.09150112,244.9042569835399,0.007836990595611285
2429,24.28,0.08441904,225.94895334954188,0.007836990595611285
2430,24.29,0.082031675,219.55914254531388,0.007836990595611285
2431,24.3,0.08214522,219.86305882777023,0.007836990595611285
2432,24.31,0.08721665,233.43680902223542,0.007836990595611285
2433,24.32,0.085980326,230.1277642825246,0.007836990595611285
2434,24.33,0.08753658,234.29312183375188,0.007836990595611285
2435,24.34,0.08718729,233.35822767583312,0.007836990595611285
2436,24.35,0.08525935,228.1980655609092,0.007836990595611285
2437,24.36,0.0846077,226.4539033864017,0.007836990595611285
2438,24.37,0.087282665,233.61349993641298,0.007836990595611285
2439,24.38,0.08444689,226.02352096309326,0.007836990595611285
2440,24.39,0.08484243,227.08216363502282,0.007836990595611285
2441,24.4,0.08793993,235.37267708398426,0.007836990595611285
2442,24.41,0.0878437,235.1151272173129,0.007836990595611285
2443,24.42,0.082311556,220.30824073644305,0.007836990595611285
2444,24.43,0.085899875,229.91243843288436,0.007836990595611285
2445,24.44,0.08786467,235.17123407296958,0.007836990595611285
2446,24.45,0.094798304,253.72923802915,0.007836990595611285
2447,24.46,0.08987883,240.56216066771896,0.007836990595611285
2448,24.47,0.09296653,248.82644094860214,0.007836990595611285
2449,24.48,0.098902635,264.7145381803237,0.007836990595611285
2450,24.49,0.0919963,246.22961956353333,0.007836990595611285
2451,24.5,0.08793313,235.3544849831714,0.007836990595611285
2452,24.51,0.08308362,222.37469974324,0.007836990595611285
2453,24.52,0.087727815,234.80494328034155,0.007836990595611285
2454,24.53,0.08531039,228.33466491550737,0.007836990595611285
2455,24.54,0.082392015,220.52359017016943,0.007836990595611285
2456,24.55,0.079019055,211.49581043916277,0.007836990595611285
2457,24.56,0.08611803,230.49631540526025,0.007836990595611285
2458,24.57,0.08887954,237.88757471275954,0.007836990595611285
2459,24.58,0.086346574,231.10804335225578,0.007836990595611285
2460,24.59,0.08672769,232.12811532456718,0.007836990595611285
2461,24.6,0.08597833,230.12242270447948,0.007836990595611285
2462,24.61,0.08926305,238.91403791715592,0.007836990595611285
2463,24.62,0.08519017,228.0129137324182,0.007836990595611285
2464,24.63,0.08964144,239.92679449432757,0.007836990595611285
2465,24.64,0.08015987,214.54924531187663,0.007836990595611285
2466,24.65,0.08246143,220.70939642637674,0.007836990595611285
2467,24.66,0.09064634,242.61644187842603,0.007836990595611285
2468,24.67,0.080015495,214.16281020236076,0.007836990595611285
2469,24.68,0.080863625,216.43283732456612,0.007836990595611285
2470,24.69,0.08248613,220.7754978049387,0.007836990595611285
2471,24.7,0.08381839,224.34131918393425,0.007836990595611285
2472,24.71,0.082902506,221.88993521112474,0.007836990595611285
2473,24.72,0.08708095,233.07361310086358,0.007836990595611285
2474,24.73,0.0924923,247.55716806158193,0.007836990595611285
2475,24.74,0.093264796,249.6247654327848,0.007836990595611285
2476,24.75,0.08703112,232.94023835134135,0.007836990595611285
2477,24.76,0.77405286,2071.7652593153302,0.2836990595611285
2478,24.77,0.09206265,246.40722286722158,0.007836990595611285
2479,24.78,0.08987211,240.5441847898328,0.007836990595611285
2480,24.79,0.08791581,235.30811702819605,0.007836990595611285
2481,24.8,0.08661781,231.83401359977762,0.007836990595611285
2482,24.81,0.0870196,232.9094067732614,0.007836990595611285
2483,24.82,0.09198217,246.1918018904567,0.007836990595611285
2484,24.83,0.08302686,222.22277491033515,0.007836990595611285
2485,24.84,0.73050237,1955.2017014818687,0.19905956112852666
2486,24.85,0.08703423,232.9485692857014,0.007836990595611285
2487,24.86,0.08257377,221.01006548624633,0.007836990595611285
2488,24.87,0.08739122,233.90405715270782,0.007836990595611285
2489,24.88,0.09075237,242.90022256885194,0.007836990595611285
2490,24.89,0.088781916,237.62627068235997,0.007836990595611285
2491,24.9,0.08510325,227.78027448762538,0.007836990595611285
2492,24.91,0.099379614,265.99118744173995,0.007836990595611285
2493,24.92,0.08029837,214.91992068742266,0.007836990595611285
2494,24.93,0.09400267,251.59971301080733,0.007836990595611285
2495,24.94,0.092043445,246.3557989909423,0.007836990595611285
2496,24.95,0.09233469,247.1353141381009,0.007836990595611285
2497,24.96,0.091528215,244.9767699866219,0.007836990595611285
2498,24.97,0.091501504,244.90528795999788,0.007836990595611285
2499,24.98,0.091289125,244.33686677296214,0.007836990595611285
2500,24.99,0.09024806,241.55042451395738,0.007836990595611285
2501,25.0,0.09112754,243.90436959734734,0.007836990595611285
2502,25.01,0.09368539,250.7505101547913,0.007836990595611285
2503,25.02,0.08298949,222.12275796446187,0.007836990595611285
2504,25.03,0.08033088,215.00692930791547,0.007836990595611285
2505,25.04,0.08132583,217.6699327599381,0.007836990595611285
2506,25.05,0.08474639,226.82512523361441,0.007836990595611285
2507,25.06,0.08386014,224.45305362045792,0.007836990595611285
2508,25.07,0.086214624,230.75488911416153,0.007836990595611285
2509,25.08,0.08683662,232.41966926110038,0.007836990595611285
2510,25.09,0.08457744,226.37292782551958,0.007836990595611285
2511,25.1,0.089696415,240.07394600156493,0.007836990595611285
2512,25.11,0.0832505,222.8213522607449,0.007836990595611285
2513,25.12,0.08283236,221.70217686518694,0.007836990595611285
2514,25.13,0.09138888,244.60385476960965,0.007836990595611285
2515,25.14,0.09069555,242.74815225021973,0.007836990595611285
2516,25.15,0.09154703,245.02712554106003,0.007836990595611285
2517,25.16,0.08682636,232.3922005693439,0.007836990595611285
2518,25.17,0.7781573,2082.75099396444,0.3322884012539185
2519,25.18,0.08959443,239.80098038584927,0.007836990595611285
2520,25.19,0.08481326,227.00408832548067,0.007836990595611285
2521,25.2,0.07963201,213.1363775427279,0.007836990595611285
2522,25.21,0.08943046,239.36209963957617,0.007836990595611285
2523,25.22,0.09927567,265.7129919532986,0.007836990595611285
2524,25.23,0.82209826,2200.3597325230526,0.3166144200626959
2525,25.24,0.08755036,234.32999049392916,0.007836990595611285
2526,25.25,0.8154366,2182.5296306078626,0.34169278996865204
2527,25.26,0.085207745,228.05993615684332,0.007836990595611285
2528,25.27,0.08711543,233.16589000070337,0.007836990595611285
2529,25.28,0.09238459,247.26888427967626,0.007836990595611285
2530,25.29,0.08404158,224.93868874020157,0.007836990595611285
2531,25.3,0.08906458,238.38283889617878,0.007836990595611285
2532,25.31,0.08857642,237.07626946672013,0.007836990595611285
2533,25.32,0.08639414,231.23534578673363,0.007836990595611285
2534,25.33,0.09065657,242.64380675283962,0.007836990595611285
2535,25.34,0.088514954,236.91175017748458,0.007836990595611285
2536,25.35,0.08813383,235.8916410302991,0.007836990595611285
2537,25.36,0.7791713,2085.4649015553086,0.322884012539185
2538,25.37,0.09413017,251.94097860155617,0.007836990595611285
2539,25.38,0.09553397,255.6982499542902,0.007836990595611285
2540,25.39,0.09538675,255.30421438840372,0.007836990595611285
2541,25.4,0.09355732,250.4077298418518,0.007836990595611285
2542,25.41,0.09406086,251.75546294402625,0.007836990595611285
2543,25.42,0.08984957,240.48387585152122,0.007836990595611285
2544,25.43,0.08694026,232.6970548326713,0.007836990595611285
2545,25.44,0.08513998,227.87857157670953,0.007836990595611285
2546,25.45,0.09292448,248.71391447526332,0.007836990595611285
2547,25.46,0.090545,242.34519989548195,0.007836990595611285
2548,25.47,0.08097867,216.74076019022635,0.007836990595611285
2549,25.48,0.09250935,247.60281992050602,0.007836990595611285
2550,25.49,0.08782812,235.0734312064224,0.007836990595611285
2551,25.5,0.09473677,253.56453471298926,0.007836990595611285
2552,25.51,0.086636685,231.88452678965666,0.007836990595611285
2553,25.52,0.08178932,218.91047351869412,0.007836990595611285
2554,25.53,0.08918389,238.70216035681742,0.007836990595611285
2555,25.54,0.8495603,2273.8623873406973,0.2852664576802508
2556,25.55,0.8545407,2287.1923613920017,0.30094043887147337
2557,25.56,0.8521536,2280.803311156753,0.3213166144200627
2558,25.57,0.085859016,229.80308551856461,0.007836990595611285
2559,25.58,0.08883418,237.76615562682787,0.007836990595611285
2560,25.59,0.08727314,233.58801145647408,0.007836990595611285
2561,25.6,0.09018057,241.3697859851878,0.007836990595611285
2562,25.61,0.084061,224.99065247915567,0.007836990595611285
2563,25.62,0.08525216,228.178822206957,0.007836990595611285
2564,25.63,0.085078396,227.71373043413442,0.007836990595611285
2565,25.64,0.09844217,263.482075063455,0.007836990595611285
2566,25.65,0.10212662,273.343597178005,0.007836990595611285
2567,25.66,0.0965108,258.3127320556101,0.007836990595611285
2568,25.67,0.09340384,249.99691253024298,0.007836990595611285
2569,25.68,0.09306405,249.08745648261208,0.007836990595611285
2570,25.69,0.09241785,247.3579108250252,0.007836990595611285
2571,25.7,0.091941975,246.08421918301562,0.007836990595611285
2572,25.71,0.095298275,255.06740696339938,0.007836990595611285
2573,25.72,0.09772507,261.56276799431936,0.007836990595611285
2574,25.73,0.09808827,262.53487974839044,0.007836990595611285
2575,25.74,0.0991863,265.4737758822583,0.007836990595611285
2576,25.75,0.10233639,273.905050705476,0.007836990595611285
2577,25.76,0.095614396,255.91350837511047,0.007836990595611285
2578,25.77,0.092653885,247.98965629082556,0.007836990595611285
2579,25.78,0.08887285,237.86966294871286,0.007836990595611285
2580,25.79,0.09116061,243.992884307061,0.007836990595611285
2581,25.8,0.09307039,249.10443953201425,0.007836990595611285
2582,25.81,0.09353091,250.3370252246059,0.007836990595611285
2583,25.82,0.09405392,251.7368713572488,0.007836990595611285
2584,25.83,0.093383156,249.94156497310985,0.007836990595611285
2585,25.84,0.09446015,252.82416169369253,0.007836990595611285
2586,25.85,0.08879343,237.65709196932917,0.007836990595611285
2587,25.86,0.5232479,1400.4816975298713,0.23510971786833856
2588,25.87,0.09609818,257.2083860181396,0.007836990595611285
2589,25.88,0.085463606,228.74475942118698,0.007836990595611285
2590,25.89,0.08812627,235.87142468353628,0.007836990595611285
2591,25.9,0.08967825,240.0253303372795,0.007836990595611285
2592,25.91,0.08453778,226.2667741737897,0.007836990595611285
2593,25.92,0.08944812,239.40938444151357,0.007836990595611285
2594,25.93,0.09153096,244.98413249980734,0.007836990595611285
2595,25.94,0.09135095,244.50233077316776,0.007836990595611285
2596,25.95,0.08489949,227.23490257726206,0.007836990595611285
2597,25.96,0.08373289,224.11245245346677,0.007836990595611285
2598,25.97,0.092328764,247.11947311084222,0.007836990595611285
2599,25.98,0.101850055,272.6033508077387,0.007836990595611285
2600,25.99,0.080718264,216.04377704029235,0.007836990595611285
2601,26.0,0.7060273,1889.6938765570378,0.2601880877742947
2602,26.01,0.09407521,251.79385184533086,0.007836990595611285
2603,26.02,0.094284125,252.3530201437743,0.007836990595611285
2604,26.03,0.09466594,253.37495496044758,0.007836990595611285
2605,26.04,0.09447107,252.8533837629739,0.007836990595611285
2606,26.05,0.089483164,239.50316918234884,0.007836990595611285
2607,26.06,0.0939054,251.33935323261127,0.007836990595611285
2608,26.07,0.09371764,250.8368241087009,0.007836990595611285
2609,26.08,0.08722987,233.4722022012779,0.007836990595611285
2610,26.09,0.09100275,243.57037132129523,0.007836990595611285
2611,26.1,0.08649685,231.51025421377943,0.007836990595611285
2612,26.11,0.09255129,247.7150603580411,0.007836990595611285
2613,26.12,0.09282533,248.4485420784531,0.007836990595611285
2614,26.13,0.08915867,238.63466203496816,0.007836990595611285
2615,26.14,0.09402514,251.65985667784346,0.007836990595611285
2616,26.15,0.09147802,244.8424396897256,0.007836990595611285
2617,26.16,0.099297345,265.7710099049194,0.007836990595611285
2618,26.17,0.10205211,273.1441728453226,0.007836990595611285
2619,26.18,0.097882636,261.98451104028163,0.007836990595611285
2620,26.19,0.10365772,277.44161789141805,0.007836990595611285
2621,26.2,0.090503715,242.23469042610827,0.007836990595611285
2622,26.21,0.08700543,232.8714764493483,0.007836990595611285
2623,26.22,0.08471989,226.75419611478753,0.007836990595611285
2624,26.23,0.09638063,257.9643489809779,0.007836990595611285
2625,26.24,0.098603345,263.91348612051365,0.007836990595611285
2626,26.25,0.0934423,250.0998497352071,0.007836990595611285
2627,26.26,0.09605214,257.0851412618304,0.007836990595611285
2628,26.27,0.1025686,274.5265367953274,0.007836990595611285
2629,26.28,0.09057536,242.42644562697367,0.007836990595611285
2630,26.29,0.08620977,230.74186999812773,0.007836990595611285
2631,26.3,0.8164676,2185.289181033393,0.3166144200626959
2632,26.31,0.08655903,231.6766695571834,0.007836990595611285
2633,26.32,0.0843138,225.66730241506832,0.007836990595611285
2634,26.33,0.089463025,239.44927336659381,0.007836990595611285
2635,26.34,0.08764659,234.5875592232658,0.007836990595611285
2636,26.35,0.086781144,232.27116101603903,0.007836990595611285
2637,26.36,0.09111592,243.87327674642972,0.007836990595611285
2638,26.37,0.08776219,234.89695788652224,0.007836990595611285
2639,26.38,0.08816571,235.97697529374574,0.007836990595611285
2640,26.39,0.09043961,242.06310350298182,0.007836990595611285
2641,26.4,0.8814159,2359.1243487459956,0.29153605015673983
2642,26.41,0.988772,2646.4644785448927,0.3056426332288401
2643,26.42,0.096791945,259.0652568208668,0.007836990595611285
2644,26.43,0.087857746,235.1527067533694,0.007836990595611285
2645,26.44,0.08956668,239.72670337156168,0.007836990595611285
2646,26.45,0.09110332,243.83955106648045,0.007836990595611285
2647,26.46,0.08845768,236.7584464110584,0.007836990595611285
2648,26.47,0.082932964,221.97144404999705,0.007836990595611285
2649,26.48,0.0764187,204.53591305591675,0.007836990595611285
2650,26.49,0.08843952,236.70983482817377,0.007836990595611285
2651,26.5,0.08544245,228.68814624205152,0.007836990595611285
2652,26.51,0.085616514,229.15402514085469,0.007836990595611285
2653,26.52,0.8436185,2257.9589078779336,0.3072100313479624
2654,26.53,0.083705865,224.04014296347933,0.007836990595611285
2655,26.54,0.08281721,221.66164937740433,0.007836990595611285
2656,26.55,0.088104926,235.81430354274417,0.007836990595611285
2657,26.56,0.08616661,230.6263731769658,0.007836990595611285
2658,26.57,0.084131934,225.180506919087,0.007836990595611285
2659,26.58,0.08824269,236.18301661747455,0.007836990595611285
2660,26.59,0.8176874,2188.5538456091717,0.2884012539184953
2661,26.6,0.083719976,224.07791566498958,0.007836990595611285
2662,26.61,0.08652646,231.58950576154575,0.007836990595611285
2663,26.62,0.885823,2370.919936158205,0.2836990595611285
2664,26.63,0.088901624,237.94666378830146,0.007836990595611285
2665,26.64,0.0827583,221.50396718283423,0.007836990595611285
2666,26.65,0.082819015,221.6664513696973,0.007836990595611285
2667,26.66,0.08503853,227.60704758453562,0.007836990595611285
2668,26.67,0.84873646,2271.657324191314,0.2774294670846395
2669,26.68,0.0833225,223.01406277303823,0.007836990595611285
2670,26.69,0.7627372,2041.4788674447773,0.28056426332288403
2671,26.7,0.079129085,211.79031866434684,0.007836990595611285
2672,26.71,0.8521375,2280.7603289817275,0.29780564263322884
2673,26.72,0.8382281,2243.531451290744,0.3103448275862069
2674,26.73,0.08969153,240.06085966712828,0.007836990595611285
2675,26.74,0.0900009,240.888895602548,0.007836990595611285
2676,26.75,0.07534651,201.66616948690108,0.007836990595611285
2677,26.76,0.8357343,2236.8568057540265,0.32445141065830724
2678,26.77,0.08450099,226.1682969670776,0.007836990595611285
2679,26.78,0.8382723,2243.6496716616366,0.3275862068965517
2680,26.79,0.83125407,2224.865137286023,0.32445141065830724
2681,26.8,0.08838483,236.56345787199967,0.007836990595611285
2682,26.81,0.07761018,207.72492575772048,0.007836990595611285
2683,26.82,0.085371695,228.49876569307872,0.007836990595611285
2684,26.83,0.08408262,225.04852981863678,0.007836990595611285
2685,26.84,0.08663158,231.8708681925822,0.007836990595611285
2686,26.85,0.08620482,230.7286334961489,0.007836990595611285
2687,26.86,0.08262973,221.15984578532772,0.007836990595611285
2688,26.87,0.08325832,222.84228724286893,0.007836990595611285
2689,26.88,0.081155494,217.2140402090116,0.007836990595611285
2690,26.89,0.08094053,216.6386668113355,0.007836990595611285
2691,26.9,0.085753806,229.52148530073777,0.007836990595611285
2692,26.91,0.10234426,273.9261131170266,0.007836990595611285
2693,26.92,0.82083243,2196.971640677363,0.30094043887147337
2694,26.93,0.090784706,242.98677289975,0.007836990595611285
2695,26.94,0.084742434,226.81453267308277,0.007836990595611285
2696,26.95,0.087721065,234.78687991102248,0.007836990595611285
2697,26.96,0.084021516,224.88497877053118,0.007836990595611285
2698,26.97,0.09012539,241.22210219952342,0.007836990595611285
2699,26.98,0.09459745,253.1916500087573,0.007836990595611285
2700,26.99,0.09136322,244.53517608343248,0.007836990595611285
2701,27.0,0.7426663,1987.758658016094,0.2884012539184953
2702,27.01,0.09474798,253.5945515004526,0.007836990595611285
2703,27.02,0.08878731,237.64069708282437,0.007836990595611285
2704,27.03,0.082060166,219.63538474798528,0.007836990595611285
2705,27.04,0.09483917,253.83862508058255,0.007836990595611285
2706,27.05,0.7367047,1971.8023914539956,0.28213166144200624
2707,27.06,0.7429301,1988.4646890311142,0.29153605015673983
2708,27.07,0.8038933,2151.633821344701,0.30094043887147337
2709,27.08,0.83723235,2240.866206710925,0.30094043887147337
2710,27.09,0.099771544,267.0401882292741,0.007836990595611285
2711,27.1,0.9575856,2562.99353316028,0.31974921630094044
2712,27.11,0.8865227,2372.792808082416,0.2852664576802508
2713,27.12,0.08708383,233.08133509020467,0.007836990595611285
2714,27.13,0.85248744,2281.6967708825023,0.25705329153605017
2715,27.14,0.820396,2195.8034213469896,0.26489028213166144
2716,27.15,0.0834178,223.2691361551012,0.007836990595611285
2717,27.16,0.09215697,246.65965139130404,0.007836990595611285
2718,27.17,0.088552326,237.01175843340002,0.007836990595611285
2719,27.18,0.08771409,234.76821330260137,0.007836990595611285
2720,27.19,0.09187722,245.9109208908792,0.007836990595611285
2721,27.2,0.08720731,233.41181744206892,0.007836990595611285
2722,27.21,0.08918001,238.69177077969988,0.007836990595611285
2723,27.22,0.079729155,213.3964112000084,0.007836990595611285
2724,27.23,0.083385974,223.18395080791413,0.007836990595611285
2725,27.24,0.08149496,218.12260703170594,0.007836990595611285
2726,27.25,0.08873425,237.49868617475428,0.007836990595611285
2727,27.26,0.08623804,230.8175487803793,0.007836990595611285
2728,27.27,0.08532019,228.36089847912325,0.007836990595611285
2729,27.28,0.78064907,2089.4200649027553,0.30407523510971785
2730,27.29,0.09038523,241.9175713439521,0.007836990595611285
2731,27.3,0.08323931,222.79140357109893,0.007836990595611285
2732,27.31,0.083851695,224.43045160792477,0.007836990595611285
2733,27.32,0.08487328,227.16475571629343,0.007836990595611285
2734,27.33,0.79620284,2131.0501187530667,0.335423197492163
2735,27.34,0.084171265,225.28579603688465,0.007836990595611285
2736,27.35,0.78712666,2106.7576873831317,0.34169278996865204
2737,27.36,0.08349114,223.46542882973705,0.007836990595611285
2738,27.37,0.0884793,236.81633191270632,0.007836990595611285
2739,27.38,0.07662488,205.08775158459093,0.007836990595611285
2740,27.39,0.07823132,209.38742229066042,0.007836990595611285
2741,27.4,0.07969405,213.30244076766684,0.007836990595611285
2742,27.41,0.6447793,1725.7625222847494,0.31191222570532917
2743,27.42,0.6550688,1753.302479588155,0.3072100313479624
2744,27.43,0.7449445,1993.8563414738478,0.31191222570532917
2745,27.44,0.077906564,208.51822209906555,0.007836990595611285
2746,27.45,0.07425388,198.74174933880343,0.007836990595611285
2747,27.46,0.06989731,187.08129131865863,0.007836990595611285
2748,27.47,0.08102539,216.86581251214318,0.007836990595611285
2749,27.48,0.08193301,219.29505211591032,0.007836990595611285
2750,27.49,0.08234584,220.40002172279216,0.007836990595611285
2751,27.5,0.07658575,204.98302887887152,0.007836990595611285
2752,27.51,0.0752507,201.4097380135213,0.007836990595611285
2753,27.52,0.76745486,2054.1056565837152,0.32445141065830724
2754,27.53,0.08486991,227.15571020940456,0.007836990595611285
2755,27.54,0.7711719,2064.0544809968032,0.2993730407523511
2756,27.55,0.769208,2058.79810071881,0.31191222570532917
2757,27.56,0.7769008,2079.3880265809303,0.31191222570532917
2758,27.57,0.08422766,225.43671869254314,0.007836990595611285
2759,27.58,0.08721958,233.44466157447255,0.007836990595611285
2760,27.59,0.0804723,215.38543545451324,0.007836990595611285
2761,27.6,0.76300776,2042.203044380167,0.29780564263322884
2762,27.61,0.08070537,216.00926056260218,0.007836990595611285
2763,27.62,0.08049102,215.4355451349444,0.007836990595611285
2764,27.63,0.7044885,1885.5752132493703,0.2962382445141066
2765,27.64,0.065901496,176.38644166119096,0.007836990595611285
2766,27.65,0.06986419,186.99267317512388,0.007836990595611285
2767,27.66,0.07379265,197.50726701624555,0.007836990595611285
2768,27.67,0.07330404,196.19948327580187,0.007836990595611285
2769,27.68,0.0754584,201.96566364347655,0.007836990595611285
2770,27.69,0.07478272,200.15719176918543,0.007836990595611285
2771,27.7,0.08509056,227.7463013411917,0.007836990595611285
2772,27.71,0.081821494,218.99657822576748,0.007836990595611285
2773,27.72,0.084114775,225.134595533901,0.007836990595611285
2774,27.73,0.08346805,223.4036240903575,0.007836990595611285
2775,27.74,0.08488592,227.1985650060393,0.007836990595611285
2776,27.75,0.082467936,220.7267993653707,0.007836990595611285
2777,27.76,0.0802497,214.7896430036585,0.007836990595611285
2778,27.77,0.084254354,225.50818412620777,0.007836990595611285
2779,27.78,0.08377738,224.23155763229641,0.007836990595611285
2780,27.79,0.08134046,217.70910634214383,0.007836990595611285
2781,27.8,0.08421438,225.40117728303244,0.007836990595611285
2782,27.81,0.7380792,1975.481162408214,0.26489028213166144
2783,27.82,0.08612713,230.5206984808401,0.007836990595611285
2784,27.83,0.7605579,2035.64577530749,0.3056426332288401
2785,27.84,0.088540114,236.9790976807974,0.007836990595611285
2786,27.85,0.080057494,214.27521010054107,0.007836990595611285
2787,27.86,0.8768421,2346.882353693284,0.3072100313479624
2788,27.87,0.663721,1776.460306607587,0.0877742946708464
2789,27.88,0.8957632,2397.525182230508,0.30094043887147337
2790,27.89,0.086644754,231.9061256001204,0.007836990595611285
2791,27.9,0.09192109,246.0283364773878,0.007836990595611285
2792,27.91,0.07537734,201.74869941336874,0.007836990595611285
2793,27.92,0.085698076,229.3723286072751,0.007836990595611285
2794,27.93,0.45588332,1220.1793005762856,0.2962382445141066
2795,27.94,0.076363206,204.3873942725723,0.007836990595611285
2796,27.95,0.6452442,1727.0066878615755,0.2774294670846395
2797,27.96,0.6289697,1683.4480532610128,0.29310344827586204
2798,27.97,0.07935031,212.3824133233431,0.007836990595611285
2799,27.98,0.078949764,211.31037107294446,0.007836990595611285
2800,27.99,0.074882634,200.42462496710147,0.007836990595611285
2801,28.0,0.08078251,216.21573229548764,0.007836990595611285
2802,28.01,0.07626939,204.13627418194483,0.007836990595611285
2803,28.02,0.0801957,214.6451302672665,0.007836990595611285
2804,28.03,0.078144975,209.15632390166226,0.007836990595611285
2805,28.04,0.6113195,1636.2066212764391,0.30094043887147337
2806,28.05,0.07981954,213.6383235066161,0.007836990595611285
2807,28.06,0.61047345,1633.9422501543654,0.29780564263322884
2808,28.07,0.07587328,203.07607287352954,0.007836990595611285
2809,28.08,0.6098119,1632.1717887798397,0.28996865203761757
2810,28.09,0.080322824,214.98538620432905,0.007836990595611285
2811,28.1,0.079822905,213.6473422653042,0.007836990595611285
2812,28.11,0.0853545,228.45272640691894,0.007836990595611285
2813,28.12,0.08347212,223.4145052172091,0.007836990595611285
2814,28.13,0.08426783,225.5442500838081,0.007836990595611285
2815,28.14,0.078396544,209.82964460846702,0.007836990595611285
2816,28.15,0.07300888,195.40946467466716,0.007836990595611285
2817,28.16,0.08827424,236.26747641708167,0.007836990595611285
2818,28.17,0.08232028,220.33159255512652,0.007836990595611285
2819,28.18,0.08081322,216.29792282364687,0.007836990595611285
2820,28.19,0.081088506,217.03473088592958,0.007836990595611285
2821,28.2,0.080028854,214.1985551850478,0.007836990595611285
2822,28.21,0.07845478,209.98552099747312,0.007836990595611285
2823,28.22,0.08505579,227.6532298861329,0.007836990595611285
2824,28.23,0.65102637,1742.4828896312486,0.26802507836990597
2825,28.24,0.07915276,211.85368268380458,0.007836990595611285
2826,28.25,0.08165301,218.54563024909532,0.007836990595611285
2827,28.26,0.08604706,230.30638475627768,0.007836990595611285
2828,28.27,0.07689053,205.79877089752705,0.007836990595611285
2829,28.28,0.07971599,213.36117233942102,0.007836990595611285
2830,28.29,0.08735524,233.8077473316406,0.007836990595611285
2831,28.3,0.078602016,210.3796124453122,0.007836990595611285
2832,28.31,0.0773232,206.9568330381029,0.007836990595611285
2833,28.32,0.085385695,228.5362167396437,0.007836990595611285
2834,28.33,0.081623785,218.46742044875916,0.007836990595611285
2835,28.34,0.08632731,231.0564754083424,0.007836990595611285
2836,28.35,0.081290096,217.57430005410282,0.007836990595611285
2837,28.36,0.07989812,213.8486463807601,0.007836990595611285
2838,28.37,0.46243045,1237.702727381827,0.28056426332288403
2839,28.38,0.08191345,219.24271374491144,0.007836990595611285
2840,28.39,0.08003602,214.21774792066435,0.007836990595611285
2841,28.4,0.62870365,1682.7358021426157,0.2727272727272727
2842,28.41,0.08402798,224.9022983568196,0.007836990595611285
2843,28.42,0.080002464,214.1279329294119,0.007836990595611285
2844,28.43,0.6255961,1674.4183787757097,0.28213166144200624
2845,28.44,0.077341445,207.0056634218835,0.007836990595611285
2846,28.45,0.08024823,214.78572278812246,0.007836990595611285
2847,28.46,0.62378377,1669.567654058556,0.29153605015673983
2848,28.47,0.076565064,204.92766588375162,0.007836990595611285
2849,28.48,0.07544515,201.9302073143699,0.007836990595611285
2850,28.49,0.074988164,200.70706845809397,0.007836990595611285
2851,28.5,0.09191101,246.0013478591094,0.007836990595611285
2852,28.51,0.07599746,203.40844567346267,0.007836990595611285
2853,28.52,0.6304215,1687.3337050016619,0.28213166144200624
2854,28.53,0.087132804,233.21238646644156,0.007836990595611285
2855,28.54,0.07167631,191.84282682955742,0.007836990595611285
2856,28.55,0.072380766,193.72832724239285,0.007836990595611285
2857,28.56,0.073611796,197.0231952044196,0.007836990595611285
2858,28.57,0.076345384,204.33969379668818,0.007836990595611285
2859,28.58,0.07540533,201.82362631314754,0.007836990595611285
2860,28.59,0.76351744,2043.5671386817637,0.29780564263322884
2861,28.6,0.48533,1298.993746378248,0.30877742946708464
2862,28.61,0.75200593,2012.7563218151895,0.29310344827586204
2863,28.62,0.48155656,1288.894199082497,0.27586206896551724
2864,28.63,0.08961523,239.8566658150394,0.007836990595611285
2865,28.64,0.0867868,232.2863212849883,0.007836990595611285
2866,28.65,0.085395955,228.56369524421893,0.007836990595611285
2867,28.66,0.087057106,233.00978072264277,0.007836990595611285
2868,28.67,0.07809496,209.02246531828413,0.007836990595611285
2869,28.68,0.49087396,1313.8322983167836,0.29780564263322884
2870,28.69,0.089201316,238.7488162942734,0.007836990595611285
2871,28.7,0.077868454,208.4162095390929,0.007836990595611285
2872,28.71,0.7958179,2130.0198792927677,0.2946708463949843
2873,28.72,0.072654575,194.46118406035197,0.007836990595611285
2874,28.73,0.087086506,233.08848113077858,0.007836990595611285
2875,28.74,0.08997998,240.8329001317445,0.007836990595611285
2876,28.75,0.74255973,1987.4733525660563,0.2774294670846395
2877,28.76,0.087160304,233.28601194141586,0.007836990595611285
2878,28.77,0.4705678,1259.4824924615168,0.2774294670846395
2879,28.78,0.39059868,1045.4438374181002,0.08307210031347963
2880,28.79,0.08840522,236.61804940588365,0.007836990595611285
2881,28.8,0.07476083,200.09861874640774,0.007836990595611285
2882,28.81,0.79443717,2126.32410470093,0.28683385579937304
2883,28.82,0.67784375,1814.2599672579436,0.30250783699059564
2884,28.83,0.090197794,241.4159011634245,0.007836990595611285
2885,28.84,0.6585456,1762.6082691208098,0.29780564263322884
2886,28.85,0.09084995,243.16139957140098,0.007836990595611285
2887,28.86,0.08568829,229.34614083847737,0.007836990595611285
2888,28.87,0.0877458,234.85308211407812,0.007836990595611285
2889,28.88,0.083782814,224.24609571621096,0.007836990595611285
2890,28.89,0.08283201,221.7012490967645,0.007836990595611285
2891,28.9,0.08560334,229.1187539789278,0.007836990595611285
2892,28.91,0.0779213,208.55764429009832,0.007836990595611285
2893,28.92,0.0873528,233.80121087715517,0.007836990595611285
2894,28.93,0.082906984,221.90191228929606,0.007836990595611285
2895,28.94,0.09100967,243.58889144985312,0.007836990595611285
2896,28.95,0.07542013,201.86322287093026,0.007836990595611285
2897,28.96,0.08633976,231.08978046014988,0.007836990595611285
2898,28.97,0.6476912,1733.5562586317913,0.26332288401253917
2899,28.98,0.08800193,235.53862605974007,0.007836990595611285
2900,28.99,0.49810904,1333.1971669587624,0.25235109717868337
2901,29.0,0.08686885,232.50592093416648,0.007836990595611285
2902,29.01,0.54636836,1462.3640630719865,0.08620689655172414
2903,29.02,0.07744994,207.29605294221255,0.007836990595611285
2904,29.03,0.088256896,236.2210594330559,0.007836990595611285
2905,29.04,0.08894905,238.07360062800484,0.007836990595611285
2906,29.05,0.075467505,201.99003487891062,0.007836990595611285
2907,29.06,0.07596829,203.33037994862752,0.007836990595611285
2908,29.07,0.090888,243.26324580222524,0.007836990595611285
2909,29.08,0.08782082,235.05387204827016,0.007836990595611285
2910,29.09,0.07401374,198.09899249094275,0.007836990595611285
2911,29.1,0.08021605,214.6995878155858,0.007836990595611285
2912,29.11,0.07820242,209.3100740879472,0.007836990595611285
2913,29.12,0.0843743,225.82921259646133,0.007836990595611285
2914,29.13,0.8215425,2198.8721739269477,0.31504702194357365
2915,29.14,0.07929812,212.24274898879028,0.007836990595611285
2916,29.15,0.08714702,233.25044155655058,0.007836990595611285
2917,29.16,0.08444443,226.01694346884148,0.007836990595611285
2918,29.17,0.08323435,222.77812310333707,0.007836990595611285
2919,29.18,0.60179687,1610.7191773696168,0.15987460815047022
2920,29.19,0.079505675,212.79826243668188,0.007836990595611285
2921,29.2,0.08400132,224.8309196378052,0.007836990595611285
2922,29.21,0.082029596,219.55357774616238,0.007836990595611285
2923,29.22,0.08571138,229.40792612478822,0.007836990595611285
2924,29.23,0.08744372,234.04455906030282,0.007836990595611285
2925,29.24,0.07101548,190.07409340036605,0.007836990595611285
2926,29.25,0.08184034,219.0470148718091,0.007836990595611285
2927,29.26,0.07013992,187.73066785937408,0.007836990595611285
2928,29.27,0.08554195,228.9544310107498,0.007836990595611285
2929,29.28,0.075218484,201.32351693873622,0.007836990595611285
2930,29.29,0.07218351,193.20036874891233,0.007836990595611285
2931,29.3,0.08509308,227.75305602263,0.007836990595611285
2932,29.31,0.075039014,200.84317116237804,0.007836990595611285
2933,29.32,0.08582836,229.72102063996658,0.007836990595611285
2934,29.33,0.075240485,201.38241075614792,0.007836990595611285
2935,29.34,0.7871394,2106.791816413531,0.2507836990595611
2936,29.35,0.07833075,209.65355627935338,0.007836990595611285
2937,29.36,0.07628289,204.17242556494787,0.007836990595611285
2938,29.37,0.086111106,230.47779347001534,0.007836990595611285
2939,29.38,0.07785852,208.3896262362432,0.007836990595611285
2940,29.39,0.08845631,236.75477607988955,0.007836990595611285
2941,29.4,0.08232393,220.34137373573338,0.007836990595611285
2942,29.41,0.07841159,209.86990573481125,0.007836990595611285
2943,29.42,0.08470833,226.72325219016807,0.007836990595611285
2944,29.43,0.076179996,203.89702704210868,0.007836990595611285
2945,29.44,0.08587143,229.83630393899847,0.007836990595611285
2946,29.45,0.7785277,2083.7422890141197,0.25705329153605017
2947,29.46,0.76086736,2036.474091875294,0.23981191222570533
2948,29.47,0.5050077,1351.6613379369423,0.1724137931034483
2949,29.48,0.07414754,198.4571070829552,0.007836990595611285
2950,29.49,0.086472645,231.44545933116143,0.007836990595611285
2951,29.5,0.0846396,226.53931278736968,0.007836990595611285
2952,29.51,0.083099924,222.4183422745136,0.007836990595611285
2953,29.52,0.07943353,212.6051626103546,0.007836990595611285
2954,29.53,0.08187198,219.1317100207401,0.007836990595611285
2955,29.54,0.08917556,238.67986318503966,0.007836990595611285
2956,29.55,0.08541578,228.61674497897982,0.007836990595611285
2957,29.56,0.075236276,201.37114502033816,0.007836990595611285
2958,29.57,0.07990443,213.86554565988956,0.007836990595611285
2959,29.58,0.076535024,204.84725610949684,0.007836990595611285
2960,29.59,0.07839512,209.82584078260425,0.007836990595611285
2961,29.6,0.07816773,209.21722531111482,0.007836990595611285
2962,29.61,0.07446965,199.31924227784475,0.007836990595611285
2963,29.62,0.07325828,196.07701533971888,0.007836990595611285
2964,29.63,0.73083156,1956.0827095254747,0.28996865203761757
2965,29.64,0.75320566,2015.9674246033253,0.2774294670846395
2966,29.65,0.075587,202.30984827309652,0.007836990595611285
2967,29.66,0.07957471,212.98303741985544,0.007836990595611285
2968,29.67,0.6656019,1781.4944897150026,0.30094043887147337
2969,29.68,0.074796334,200.19362837653534,0.007836990595611285
2970,29.69,0.47821218,1279.9428862914904,0.31347962382445144
2971,29.7,0.08427071,225.55193632048628,0.007836990595611285
2972,29.71,0.08696741,232.76971326315086,0.007836990595611285
2973,29.72,0.08009735,214.38188311352852,0.007836990595611285
2974,29.73,0.07176043,192.06797882093807,0.007836990595611285
2975,29.74,0.66555065,1781.3574165777884,0.28683385579937304
2976,29.75,0.0910355,243.65803926392044,0.007836990595611285
2977,29.76,0.08673118,232.1374444662796,0.007836990595611285
2978,29.77,0.09036134,241.85363967583947,0.007836990595611285
2979,29.78,0.08418769,225.3297450311474,0.007836990595611285
2980,29.79,0.07349775,196.71796310658283,0.007836990595611285
2981,29.8,0.64534175,1727.2679476380401,0.3056426332288401
2982,29.81,0.07582764,202.9539556709533,0.007836990595611285
2983,29.82,0.7492071,2005.2651795513418,0.30877742946708464
2984,29.83,0.08677849,232.26407347278194,0.007836990595611285
2985,29.84,0.7369845,1972.551163440019,0.28056426332288403
2986,29.85,0.08496475,227.40956238134433,0.007836990595611285
2987,29.86,0.65041906,1740.8573907211596,0.2852664576802508
2988,29.87,0.090625405,242.56039407306287,0.007836990595611285
2989,29.88,0.08738605,233.89021840697032,0.007836990595611285
2990,29.89,0.07748082,207.37870411393126,0.007836990595611285
2991,29.9,0.092213504,246.8109709516744,0.007836990595611285
2992,29.91,0.08238047,220.49270631752296,0.007836990595611285
2993,29.92,0.079000935,211.44731166477504,0.007836990595611285
2994,29.93,0.0910401,243.67034055263105,0.007836990595611285
2995,29.94,0.6459042,1728.7733063486623,0.2946708463949843
2996,29.95,0.08991944,240.67089078941365,0.007836990595611285
2997,29.96,0.08574773,229.50523015326448,0.007836990595611285
2998,29.97,0.07311358,195.6897070797368,0.007836990595611285
2999,29.98,0.07392664,197.86589125897444,0.007836990595611285
3000,29.99,0.07512258,201.0668390633518,0.007836990595611285
3001,30.0,0.080293186,214.9060540434401,0.007836990595611285
3002,30.01,0.09216647,246.68508090574818,0.007836990595611285
3003,30.02,0.07616108,203.84638979738338,0.007836990595611285
3004,30.03,0.075350136,201.67588220560265,0.007836990595611285
3005,30.04,0.085810944,229.6744149760165,0.007836990595611285
3006,30.05,0.0724936,194.0303198165293,0.007836990595611285
3007,30.06,0.084131576,225.17956009972272,0.007836990595611285
3008,30.07,0.08889887,237.93928093716664,0.007836990595611285
3009,30.08,0.08385109,224.428836536895,0.007836990595611285
3010,30.09,0.073806934,197.54548603564035,0.007836990595611285
3011,30.1,0.08534934,228.43892946293212,0.007836990595611285
3012,30.11,0.075764276,202.78435072889798,0.007836990595611285
3013,30.12,0.7155497,1915.180635596152,0.2962382445141066
3014,30.13,0.08303889,222.25496961662853,0.007836990595611285
3015,30.14,0.08424605,225.48594090111928,0.007836990595611285
3016,30.15,0.08407106,225.01759815598507,0.007836990595611285
3017,30.16,0.074552365,199.54063053263332,0.007836990595611285
3018,30.17,0.65261316,1746.7300062407533,0.2884012539184953
3019,30.18,0.75023437,2008.0147698405558,0.2993730407523511
3020,30.19,0.08195981,219.36677474431562,0.007836990595611285
3021,30.2,0.08503588,227.59995107504307,0.007836990595611285
3022,30.21,0.08105071,216.93357048195406,0.007836990595611285
3023,30.22,0.08503702,227.60300645060838,0.007836990595611285
3024,30.23,0.082362734,220.44522452890018,0.007836990595611285
3025,30.24,0.083593145,223.7384286000134,0.007836990595611285
3026,30.25,0.08353162,223.5737679354525,0.007836990595611285
3027,30.26,0.075058386,200.89502440233716,0.007836990595611285
3028,30.27,0.08733438,233.75189990922573,0.007836990595611285
3029,30.28,0.08270138,221.351607406945,0.007836990595611285
3030,30.29,0.07768506,207.92533258576438,0.007836990595611285
3031,30.3,0.07911717,211.75842552850153,0.007836990595611285
3032,30.31,0.78253305,2094.4626437187467,0.2836990595611285
3033,30.32,0.07503731,200.8386115124713,0.007836990595611285
3034,30.33,0.079440676,212.62428203002162,0.007836990595611285
3035,30.34,0.76839525,2056.622527623441,0.26802507836990597
3036,30.35,0.08570048,229.37876952829498,0.007836990595611285
3037,30.36,0.08471699,226.74642902001028,0.007836990595611285
3038,30.37,0.0854781,228.78356141895915,0.007836990595611285
3039,30.38,0.08205248,219.6148230170113,0.007836990595611285
3040,30.39,0.08404321,224.94306027172536,0.007836990595611285
3041,30.4,0.08253014,220.89329063273885,0.007836990595611285
3042,30.41,0.078902006,211.18252169030222,0.007836990595611285
3043,30.42,0.08751139,234.22569729639008,0.007836990595611285
3044,30.43,0.0757493,202.74425718056676,0.007836990595611285
3045,30.44,0.07327218,196.11421662188695,0.007836990595611285
3046,30.45,0.076919466,205.87621752701136,0.007836990595611285
3047,30.46,0.08609646,230.43859264814125,0.007836990595611285
3048,30.47,0.08676424,232.22592583731299,0.007836990595611285
3049,30.48,0.07344061,196.56502501597228,0.007836990595611285
3050,30.49,0.079388164,212.48373314795595,0.007836990595611285
3051,30.5,0.07546254,201.9767395295157,0.007836990595611285
3052,30.51,0.080530375,215.5408915812495,0.007836990595611285
3053,30.52,0.0789847,211.40387274726604,0.007836990595611285
3054,30.53,0.09119704,244.09040302741627,0.007836990595611285
3055,30.54,0.084142864,225.20978135838715,0.007836990595611285
3056,30.55,0.07418975,198.57009781667782,0.007836990595611285
3057,30.56,0.08611427,230.48627771356277,0.007836990595611285
3058,30.57,0.09444248,252.77687629079057,0.007836990595611285
3059,30.58,0.08807977,235.74697181428962,0.007836990595611285
3060,30.59,0.08826377,236.2394596181862,0.007836990595611285
3061,30.6,0.084779635,226.91409186795036,0.007836990595611285
3062,30.61,0.09581948,256.46242037039815,0.007836990595611285
3063,30.62,0.06928384,185.43934365719537,0.007836990595611285
3064,30.63,0.077410124,207.1894863008992,0.007836990595611285
3065,30.64,0.08011336,214.4247256130253,0.007836990595611285
3066,30.65,0.08571691,229.42272297987844,0.007836990595611285
3067,30.66,0.08996848,240.80211749954475,0.007836990595611285
3068,30.67,0.7699377,2060.7510305725923,0.2664576802507837
3069,30.68,0.08144737,217.99524190570463,0.007836990595611285
3070,30.69,0.06814134,182.38143620219665,0.007836990595611285
3071,30.7,0.084779404,226.91348655677976,0.007836990595611285
3072,30.71,0.08402427,224.89235812035423,0.007836990595611285
3073,30.72,0.073384054,196.4136381390181,0.007836990595611285
3074,30.73,0.082792334,221.59506593176775,0.007836990595611285
3075,30.74,0.07100162,190.03700840408237,0.007836990595611285
3076,30.75,0.07751858,207.4797684880946,0.007836990595611285
3077,30.76,0.08264467,221.19982773914532,0.007836990595611285
3078,30.77,0.082322955,220.33876164131652,0.007836990595611285
3079,30.78,0.07311849,195.70285729455276,0.007836990595611285
3080,30.79,0.08076697,216.1741337059397,0.007836990595611285
3081,30.8,0.0745452,199.52145069859125,0.007836990595611285
3082,30.81,0.84024155,2248.920491209927,0.32601880877742945
3083,30.82,0.079499386,212.78144066701356,0.007836990595611285
3084,30.83,0.08967297,240.01118940661362,0.007836990595611285
3085,30.84,0.09475323,253.60859041573553,0.007836990595611285
3086,30.85,0.09548641,255.57096702443476,0.007836990595611285
3087,30.86,0.090277,241.62789413944282,0.007836990595611285
3088,30.87,0.09610058,257.2148234109226,0.007836990595611285
3089,30.88,0.098447286,263.4957850022251,0.007836990595611285
3090,30.89,0.09508166,254.48761902289849,0.007836990595611285
3091,30.9,0.073873766,197.724363479214,0.007836990595611285
3092,30.91,0.7799809,2087.6317184206882,0.2884012539184953
3093,30.92,0.094226204,252.19799452078303,0.007836990595611285
3094,30.93,0.7668293,2052.431364469986,0.2774294670846395
3095,30.94,0.09969054,266.8233917297165,0.007836990595611285
3096,30.95,0.09558281,255.82899673756236,0.007836990595611285
3097,30.96,0.78565234,2102.811501150557,0.3181818181818182
3098,30.97,0.78167266,2092.1599307421384,0.29780564263322884
3099,30.98,0.77966523,2086.78689935654,0.28213166144200624
3100,30.99,0.0904155,241.99858626210414,0.007836990595611285
3101,31.0,0.101821445,272.52680415146,0.007836990595611285
3102,31.01,0.088870674,237.86383444213976,0.007836990595611285
3103,31.02,0.09557548,255.80936986710077,0.007836990595611285
3104,31.03,0.099126875,265.3147247105083,0.007836990595611285
3105,31.04,0.095326476,255.14289816103295,0.007836990595611285
3106,31.05,0.096255474,257.62936793802595,0.007836990595611285
3107,31.06,0.09371076,250.8183997747627,0.007836990595611285
3108,31.07,0.09534185,255.18403990370138,0.007836990595611285
3109,31.08,0.09534186,255.184070527686,0.007836990595611285
3110,31.09,0.08247739,220.75211273383684,0.007836990595611285
3111,31.1,0.09807658,262.5036066652039,0.007836990595611285
3112,31.11,0.09642511,258.08340580456354,0.007836990595611285
3113,31.12,0.09408368,251.81654744955387,0.007836990595611285
3114,31.13,0.09561923,255.92644842035997,0.007836990595611285
3115,31.14,0.100462124,268.88854953065476,0.007836990595611285
3116,31.15,0.09524096,254.91400857061416,0.007836990595611285
3117,31.16,0.7124316,1906.8350737863957,0.26489028213166144
3118,31.17,0.77931374,2085.846220936782,0.2836990595611285
3119,31.18,0.09434468,252.5151087259032,0.007836990595611285
3120,31.19,0.09648383,258.24055647276055,0.007836990595611285
3121,31.2,0.092941195,248.7586474449983,0.007836990595611285
3122,31.21,0.07538889,201.77961314118326,0.007836990595611285
3123,31.22,0.075325385,201.60964036807127,0.007836990595611285
3124,31.23,0.10160953,271.9595828651558,0.007836990595611285
3125,31.24,0.095516585,255.65172636213885,0.007836990595611285
3126,31.25,0.080110095,214.4160046311772,0.007836990595611285
3127,31.26,0.09026598,241.59840626521088,0.007836990595611285
3128,31.27,0.7760887,2077.214270427562,0.27899686520376177
3129,31.28,0.7314055,1957.6190768787362,0.2084639498432602
3130,31.29,0.78441775,2099.5071419501173,0.2962382445141066
3131,31.3,0.09437138,252.58655643324008,0.007836990595611285
3132,31.31,0.07577628,202.81647374209206,0.007836990595611285
3133,31.32,0.07830785,209.59226283792486,0.007836990595611285
3134,31.33,0.7832601,2096.408717910778,0.31191222570532917
3135,31.34,0.78891605,2111.5469296877386,0.3056426332288401
3136,31.35,0.7513998,2011.134065051166,0.2884012539184953
3137,31.36,0.07487304,200.39893189124268,0.007836990595611285
3138,31.37,0.09415933,252.0190140917239,0.007836990595611285
3139,31.38,0.77343464,2070.1107028540414,0.28213166144200624
3140,31.39,0.076812305,205.58940040427206,0.007836990595611285
3141,31.4,0.07556151,202.24161630987874,0.007836990595611285
3142,31.41,0.09644222,258.12920286113354,0.007836990595611285
3143,31.42,0.08952137,239.6054420377965,0.007836990595611285
3144,31.43,0.075487435,202.04338218356958,0.007836990595611285
3145,31.44,0.07498827,200.70734440950946,0.007836990595611285
3146,31.45,0.092288904,247.01278211090548,0.007836990595611285
3147,31.46,0.09505913,254.42734489080016,0.007836990595611285
3148,31.47,0.08224605,220.1329203802288,0.007836990595611285
3149,31.48,0.71398056,1910.9808328811184,0.2617554858934169
3150,31.49,0.09621349,257.51700583815233,0.007836990595611285
3151,31.5,0.074945174,200.59200065187542,0.007836990595611285
3152,31.51,0.09459453,253.183832382994,0.007836990595611285
3153,31.52,0.07332507,196.25575804776966,0.007836990595611285
3154,31.53,0.07410233,198.33610142277206,0.007836990595611285
3155,31.54,0.07621774,203.99804763298107,0.007836990595611285
3156,31.55,0.095992394,256.9252278264908,0.007836990595611285
3157,31.56,0.09109398,243.81454407513027,0.007836990595611285
3158,31.57,0.0907206,242.8151985936944,0.007836990595611285
3159,31.58,0.07551894,202.1277041143403,0.007836990595611285
3160,31.59,0.07333443,196.28081985685276,0.007836990595611285
3161,31.6,0.08968783,240.05098683991912,0.007836990595611285
3162,31.61,0.09443942,252.76868369780038,0.007836990595611285
3163,31.62,0.07876871,210.82575775224905,0.007836990595611285
3164,31.63,0.09234961,247.17526586076082,0.007836990595611285
3165,31.64,0.45375168,1214.4738912925843,0.22727272727272727
3166,31.65,0.07545829,201.96536694344644,0.007836990595611285
3167,31.66,0.075114734,201.0458394753524,0.007836990595611285
3168,31.67,0.093283474,249.67475740485258,0.007836990595611285
3169,31.68,0.08944584,239.4032596524117,0.007836990595611285
3170,31.69,0.093290105,249.69251605969805,0.007836990595611285
3171,31.7,0.091557026,245.0539140538853,0.007836990595611285
3172,31.71,0.08714191,233.23676934010393,0.007836990595611285
3173,31.72,0.094429374,252.7417844413134,0.007836990595611285
3174,31.73,0.09427152,252.3192944348387,0.007836990595611285
3175,31.74,0.08740159,233.93180598976568,0.007836990595611285
3176,31.75,0.09266009,248.00627533613607,0.007836990595611285
3177,31.76,0.09351066,250.28282075602925,0.007836990595611285
3178,31.77,0.086495176,231.5057890123589,0.007836990595611285
3179,31.78,0.6486928,1736.237105621164,0.2601880877742947
3180,31.79,0.7114014,1904.0775878809754,0.25862068965517243
3181,31.8,0.0887221,237.46618379853626,0.007836990595611285
3182,31.81,0.08996746,240.79941145054678,0.007836990595611285
3183,31.82,0.074037924,198.16372252419757,0.007836990595611285
3184,31.83,0.09078156,242.97835816539734,0.007836990595611285
3185,31.84,0.09121615,244.1415431185511,0.007836990595611285
3186,31.85,0.09357495,250.45489133431272,0.007836990595611285
3187,31.86,0.0898705,240.53988660523103,0.007836990595611285
3188,31.87,0.09585824,256.56616810759755,0.007836990595611285
3189,31.88,0.09713288,259.9777477001492,0.007836990595611285
3190,31.89,0.6935208,1856.219931336471,0.24294670846394983
3191,31.9,0.089953676,240.76249198841836,0.007836990595611285
3192,31.91,0.09229567,247.030891121886,0.007836990595611285
3193,31.92,0.09018669,241.38618987451397,0.007836990595611285
3194,31.93,0.09070646,242.777346384057,0.007836990595611285
3195,31.94,0.091308855,244.3896567713729,0.007836990595611285
3196,31.95,0.097711615,261.5267546921775,0.007836990595611285
3197,31.96,0.57785714,1546.6441138909852,0.19122257053291536
3198,31.97,0.0750921,200.98524067912427,0.007836990595611285
3199,31.98,0.098772615,264.36655715948456,0.007836990595611285
3200,31.99,0.09489345,253.9838856050334,0.007836990595611285
3201,32.0,0.088220015,236.12232308274483,0.007836990595611285
3202,32.01,0.6589303,1763.6378018130542,0.25705329153605017
3203,32.02,0.08956355,239.7183211365868,0.007836990595611285
3204,32.03,0.09011865,241.20405444498704,0.007836990595611285
3205,32.04,0.07436857,199.04871484763132,0.007836990595611285
3206,32.05,0.07777566,208.16784243922845,0.007836990595611285
3207,32.06,0.09153898,245.00560737184057,0.007836990595611285
3208,32.07,0.46174324,1235.863425645142,0.25391849529780564
3209,32.08,0.64593565,1728.8575359645522,0.2554858934169279
3210,32.09,0.09325422,249.5964830437665,0.007836990595611285
3211,32.1,0.073615745,197.03377227776213,0.007836990595611285
3212,32.11,0.09549935,255.60561202516197,0.007836990595611285
3213,32.12,0.09078294,242.98205906670643,0.007836990595611285
3214,32.13,0.096527785,258.3582042020276,0.007836990595611285
3215,32.14,0.089507066,239.56715242315263,0.007836990595611285
3216,32.15,0.0865827,231.7400149830608,0.007836990595611285
3217,32.16,0.07413384,198.42047269633628,0.007836990595611285
3218,32.17,0.09102744,243.63644648692417,0.007836990595611285
3219,32.18,0.08987172,240.54315057997795,0.007836990595611285
3220,32.19,0.09175457,245.58263178815957,0.007836990595611285
3221,32.2,0.09153947,245.00691019232096,0.007836990595611285
3222,32.21,0.08236449,220.44991659433987,0.007836990595611285
3223,32.22,0.09389976,251.32424842527385,0.007836990595611285
3224,32.23,0.08879086,237.65020148339843,0.007836990595611285
3225,32.24,0.09464756,253.3257629711757,0.007836990595611285
3226,32.25,0.6619439,1771.7038745478621,0.29310344827586204
3227,32.26,0.09606154,257.1103144566039,0.007836990595611285
3228,32.27,0.09479362,253.7166878646404,0.007836990595611285
3229,32.28,0.09259759,247.83898448397318,0.007836990595611285
3230,32.29,0.09053628,242.32184795503457,0.007836990595611285
3231,32.3,0.09231633,247.08618159642162,0.007836990595611285
3232,32.31,0.63735837,1705.900230381008,0.2836990595611285
3233,32.32,0.092039645,246.3456486174576,0.007836990595611285
3234,32.33,0.09235186,247.1812822473944,0.007836990595611285
3235,32.34,0.09156318,245.07036714740389,0.007836990595611285
3236,32.35,0.09414976,251.99339249323884,0.007836990595611285
3237,32.36,0.6264108,1676.5988963263687,0.29153605015673983
3238,32.37,0.09419055,252.102562167701,0.007836990595611285
3239,32.38,0.0897948,240.33726139060386,0.007836990595611285
3240,32.39,0.09222747,246.8483383982943,0.007836990595611285
3241,32.4,0.08923776,238.8463233999408,0.007836990595611285
3242,32.41,0.64672804,1730.9782187191179,0.2774294670846395
3243,32.42,0.08922765,238.81927131468274,0.007836990595611285
3244,32.43,0.6896794,1845.9383453437365,0.25705329153605017
3245,32.44,0.096136875,257.31196445777766,0.007836990595611285
3246,32.45,0.07529549,201.52963739971344,0.007836990595611285
3247,32.46,0.07372972,197.33883496313956,0.007836990595611285
3248,32.47,0.09943118,266.1292232704946,0.007836990595611285
3249,32.48,0.09600141,256.94938457295103,0.007836990595611285
3250,32.49,0.09084247,243.14137331579158,0.007836990595611285
3251,32.5,0.091214076,244.13599297659454,0.007836990595611285
3252,32.51,0.4895015,1310.1589752523405,0.23824451410658307
3253,32.52,0.5557856,1487.5693130558473,0.16614420062695925
3254,32.53,0.10014049,268.0276706569784,0.007836990595611285
3255,32.54,0.07650891,204.77737135958978,0.007836990595611285
3256,32.55,0.07263787,194.4164784822678,0.007836990595611285
3257,32.56,0.73435956,1965.5254833590027,0.27586206896551724
3258,32.57,0.54858744,1468.3034198161467,0.28996865203761757
3259,32.58,0.080801144,216.26559120087586,0.007836990595611285
3260,32.59,0.08101146,216.82851943949208,0.007836990595611285
3261,32.6,0.7213754,1930.7732388313073,0.30094043887147337
3262,32.61,0.73657537,1971.4562181741362,0.2946708463949843
3263,32.62,0.70470625,1886.157972936576,0.3213166144200627
3264,32.63,0.5716794,1530.1094074315365,0.3072100313479624
3265,32.64,0.6862894,1836.865152277471,0.2946708463949843
3266,32.65,0.0854685,228.7578620966228,0.007836990595611285
3267,32.66,0.09158194,245.12059096564758,0.007836990595611285
3268,32.67,0.08651245,231.55199663033846,0.007836990595611285
3269,32.68,0.09530637,255.08907213028633,0.007836990595611285
3270,32.69,0.072353266,193.65470408948568,0.007836990595611285
3271,32.7,0.5440342,1456.1166122084776,0.24608150470219436
3272,32.71,0.6400095,1712.996118912849,0.22413793103448276
3273,32.72,0.6625048,1773.205136460597,0.2476489028213166
3274,32.73,0.65653074,1757.2154613803614,0.25235109717868337
3275,32.74,0.6099403,1632.515407251325,0.25235109717868337
3276,32.75,0.6148325,1645.6095206228752,0.25705329153605017
3277,32.76,0.5169883,1383.7276515679662,0.2617554858934169
3278,32.77,0.107025675,286.4559793815565,0.007836990595611285
3279,32.78,0.115230516,308.41639552031256,0.007836990595611285
3280,32.79,0.11264021,301.48339160091734,0.007836990595611285
3281,32.8,0.10840373,290.1443852188329,0.007836990595611285
3282,32.81,0.114091285,305.3672284650055,0.007836990595611285
3283,32.82,0.10974247,293.7275292802669,0.007836990595611285
3284,32.83,0.08386877,224.4761605518397,0.007836990595611285
3285,32.84,0.11459344,306.71124190398996,0.007836990595611285
3286,32.85,0.11311746,302.760734883397,0.007836990595611285
3287,32.86,0.098788366,264.40869032408887,0.007836990595611285
3288,32.87,0.11671847,312.39891417388947,0.007836990595611285
3289,32.88,0.0837395,224.13015375706163,0.007836990595611285
3290,32.89,0.10969361,293.596768917747,0.007836990595611285
3291,32.9,0.56325454,1507.5601936058395,0.15517241379310345
3292,32.91,0.11197455,299.7017408003794,0.007836990595611285
3293,32.92,0.5182996,1387.2374161456448,0.24294670846394983
3294,32.93,0.09840444,263.38109458491954,0.007836990595611285
3295,32.94,0.6300816,1686.4237941543754,0.2445141065830721
3296,32.95,0.08603425,230.27210876630124,0.007836990595611285
3297,32.96,0.11174685,299.0922763539213,0.007836990595611285
3298,32.97,0.112417735,300.8879389724293,0.007836990595611285
3299,32.98,0.11241429,300.8787303034537,0.007836990595611285
3300,32.99,0.11281406,301.94870317162145,0.007836990595611285
3301,33.0,0.11222003,300.3587612627814,0.007836990595611285
3302,33.01,0.11483922,307.36909136925556,0.007836990595611285
3303,33.02,0.09243588,247.40617321474565,0.007836990595611285
3304,33.03,0.090389825,241.92987629985876,0.007836990595611285
3305,33.04,0.11056985,295.9420321072749,0.007836990595611285
3306,33.05,0.6743086,1804.7981781171763,0.2601880877742947
3307,33.06,0.11346418,303.68876101803477,0.007836990595611285
3308,33.07,0.09253545,247.67267236083723,0.007836990595611285
3309,33.08,0.11357562,303.98702017333164,0.007836990595611285
3310,33.09,0.11326727,303.1617535652613,0.007836990595611285
3311,33.1,0.08803687,235.63213455929508,0.007836990595611285
3312,33.11,0.6473524,1732.6494123585646,0.2727272727272727
3313,33.12,0.113019064,302.497401952065,0.007836990595611285
3314,33.13,0.113468416,303.70011262600246,0.007836990595611285
3315,33.14,0.64273006,1720.277651531395,0.2946708463949843
3316,33.15,0.11373287,304.4079115099728,0.007836990595611285
3317,33.16,0.08605068,230.31608972589123,0.007836990595611285
3318,33.17,0.109418906,292.8615161962979,0.007836990595611285
3319,33.18,0.10825267,289.74003683328635,0.007836990595611285
3320,33.19,0.108043805,289.181033359565,0.007836990595611285
3321,33.2,0.10902471,291.80647063409305,0.007836990595611285
3322,33.21,0.6148952,1645.7773845074166,0.2664576802507837
3323,33.22,0.08762608,234.5326512462135,0.007836990595611285
3324,33.23,0.11371135,304.3503006118756,0.007836990595611285
3325,33.24,0.119293846,319.2919740342341,0.007836990595611285
3326,33.25,0.62618655,1675.9986436537392,0.2664576802507837
3327,33.26,0.63543254,1700.745766511806,0.26802507836990597
3328,33.27,0.50995326,1364.8982700807549,0.24608150470219436
3329,33.28,0.6863921,1837.1399140703961,0.25705329153605017
3330,33.29,0.6792049,1817.9031761140186,0.2852664576802508
3331,33.3,0.6715828,1797.5025354253946,0.2774294670846395
3332,33.31,0.6421016,1718.5955953254302,0.25391849529780564
3333,33.32,0.6641277,1777.548832439579,0.2711598746081505
3334,33.33,0.10916331,292.17739995232296,0.007836990595611285
3335,33.34,0.115967266,310.38829630095466,0.007836990595611285
3336,33.35,0.72377074,1937.1843945051287,0.28213166144200624
3337,33.36,0.6983116,1869.0426523166275,0.28683385579937304
3338,33.37,0.106145546,284.100309706542,0.007836990595611285
3339,33.38,0.11377654,304.5248027136299,0.007836990595611285
3340,33.39,0.11462321,306.7909281096504,0.007836990595611285
3341,33.4,0.1149924,307.77906982569107,0.007836990595611285
3342,33.41,0.711916,1905.4550319413838,0.30407523510971785
3343,33.42,0.11280692,301.929603240457,0.007836990595611285
3344,33.43,0.113127604,302.7879054598272,0.007836990595611285
3345,33.44,0.10958591,293.30848866758345,0.007836990595611285
3346,33.45,0.6824159,1826.4975104321682,0.29780564263322884
3347,33.46,0.10879551,291.192978540103,0.007836990595611285
3348,33.47,0.5294997,1417.2147033269264,0.29153605015673983
3349,33.48,0.10589469,283.42890624012637,0.007836990595611285
3350,33.49,0.68458635,1832.3067878169356,0.28213166144200624
3351,33.5,0.7123008,1906.4849077890349,0.3056426332288401
3352,33.51,0.776921,2079.441949774154,0.3103448275862069
3353,33.52,0.68562305,1835.0814124065407,0.28213166144200624
3354,33.53,0.8131665,2176.4536982879417,0.28996865203761757
3355,33.54,0.7649401,2047.3749032106612,0.28056426332288403
3356,33.55,0.78904265,2111.8858322244646,0.26959247648902823
3357,33.56,0.6709893,1795.9139541598618,0.25235109717868337
3358,33.57,0.10850311,290.41036102878,0.007836990595611285
3359,33.58,0.11655486,311.9609991240069,0.007836990595611285
3360,33.59,0.10845982,290.29451738048795,0.007836990595611285
3361,33.6,0.11030185,295.2247268812524,0.007836990595611285
3362,33.61,0.10848074,290.35048016934394,0.007836990595611285
3363,33.62,0.1132546,303.12781675741735,0.007836990595611285
3364,33.63,0.11706837,313.33544898567686,0.007836990595611285
3365,33.64,0.11539288,308.85094162875674,0.007836990595611285
3366,33.65,0.68248934,1826.6941222816968,0.2774294670846395
3367,33.66,0.6862024,1836.632172480009,0.2836990595611285
3368,33.67,0.7109758,1902.938563725525,0.27586206896551724
3369,33.68,0.086442225,231.36404815462083,0.007836990595611285
3370,33.69,0.68952435,1845.5232707121127,0.26802507836990597
3371,33.7,0.11661162,312.1129552921486,0.007836990595611285
3372,33.71,0.7919989,2119.7982803371606,0.2554858934169279
3373,33.72,0.66736895,1786.2239672298263,0.24608150470219436
3374,33.73,0.0898596,240.5107096701476,0.007836990595611285
3375,33.74,0.52084064,1394.038636193813,0.24921630094043887
3376,33.75,0.10770311,288.2691667784962,0.007836990595611285
3377,33.76,0.6579126,1760.9140436496912,0.2617554858934169
3378,33.77,0.7209549,1929.647684027353,0.2711598746081505
3379,33.78,0.7612792,2037.5764567060412,0.274294670846395
3380,33.79,0.57646424,1542.9161571952159,0.25862068965517243
3381,33.8,0.11259656,301.366533816421,0.007836990595611285
3382,33.81,0.11235097,300.70923683141234,0.007836990595611285
3383,33.82,0.11897056,318.4266731681096,0.007836990595611285
3384,33.83,0.69710606,1865.8159765136497,0.24921630094043887
3385,33.84,0.5893918,1577.516954227141,0.1724137931034483
3386,33.85,0.6850002,1833.4143633933465,0.25862068965517243
3387,33.86,0.112783864,301.8679039959693,0.007836990595611285
3388,33.87,0.112059444,299.92896405374313,0.007836990595611285
3389,33.88,0.11232907,300.65062359161044,0.007836990595611285
3390,33.89,0.08784539,235.119662258342,0.007836990595611285
3391,33.9,0.086261064,230.87916654221135,0.007836990595611285
3392,33.91,0.6231346,1667.830020126189,0.2476489028213166
3393,33.92,0.10660078,285.31876938993264,0.007836990595611285
3394,33.93,0.12089853,323.58692764513256,0.007836990595611285
3395,33.94,0.086469196,231.4362387693236,0.007836990595611285
3396,33.95,0.08083057,216.34436151048882,0.007836990595611285
3397,33.96,0.681682,1824.533213654178,0.2445141065830721
3398,33.97,0.10430284,279.1682876777161,0.007836990595611285
3399,33.98,0.67062485,1794.9384989141483,0.25235109717868337
3400,33.99,0.7137685,1910.4131504582601,0.23981191222570533
3401,34.0,0.57436526,1537.298061106186,0.2304075235109718
3402,34.01,0.10754556,287.8474724649333,0.007836990595611285
3403,34.02,0.09110657,243.84824928059606,0.007836990595611285
3404,34.03,0.09130097,244.368569047243,0.007836990595611285
3405,34.04,0.49498588,1324.8379158116477,0.21786833855799373
3406,34.05,0.6313609,1689.8478413047333,0.22570532915360503
3407,34.06,0.4844543,1296.6499770391993,0.21630094043887146
3408,34.07,0.49558175,1326.4327166127043,0.21630094043887146
3409,34.08,0.65225357,1745.7675248574976,0.23667711598746083
3410,34.09,0.74750507,2000.7097704898174,0.26802507836990597
3411,34.1,0.6763678,1810.3097447873026,0.25391849529780564
3412,34.11,0.64325386,1721.679669740391,0.25705329153605017
3413,34.12,0.6503784,1740.7486856760595,0.25862068965517243
3414,34.13,0.095607854,255.89600966183934,0.007836990595611285
3415,34.14,0.68914485,1844.5077016316936,0.2836990595611285
3416,34.15,0.75118136,2010.5493316263478,0.2946708463949843
3417,34.16,0.55312014,1480.4351221263737,0.2884012539184953
3418,34.17,0.69480264,1859.650917118788,0.2884012539184953
3419,34.18,0.71452045,1912.4259439955322,0.2711598746081505
3420,34.19,0.105444334,282.2235204669148,0.007836990595611285
3421,34.2,0.54985064,1471.6844834061983,0.2836990595611285
3422,34.21,0.7205014,1928.4339521013032,0.2711598746081505
3423,34.22,0.6641329,1777.5626928720685,0.28056426332288403
3424,34.23,0.7344969,1965.8930891708749,0.2507836990595611
3425,34.24,0.70219946,1879.448532966428,0.25705329153605017
3426,34.25,0.4873576,1304.420628847486,0.25391849529780564
3427,34.26,0.49913588,1335.94544854285,0.25705329153605017
3428,34.27,0.11373738,304.419978963008,0.007836990595611285
3429,34.28,0.11036579,295.3958728172471,0.007836990595611285
3430,34.29,0.09189182,245.94997308593977,0.007836990595611285
3431,34.3,0.76227134,2040.2319351554866,0.26489028213166144
3432,34.31,0.9731354,2604.613077424678,0.2711598746081505
3433,34.32,0.74877334,2004.1042347784119,0.27586206896551724
3434,34.33,0.9695752,2595.0842911972413,0.2711598746081505
3435,34.34,0.95678115,2560.840619636766,0.27586206896551724
3436,34.35,0.91217905,2441.46249110572,0.26802507836990597
3437,34.36,0.4892328,1309.439743796085,0.2413793103448276
3438,34.37,0.09128293,244.32026209888318,0.007836990595611285
3439,34.38,0.109157115,292.160818134714,0.007836990595611285
3440,34.39,0.08570635,229.39447845670568,0.007836990595611285
3441,34.4,0.47585586,1273.6360799436104,0.22570532915360503
3442,34.41,0.59209895,1584.7627157861425,0.2476489028213166
3443,34.42,0.4895289,1310.232184523834,0.2476489028213166
3444,34.43,0.64010817,1713.260121764938,0.2476489028213166
3445,34.44,0.67262274,1800.2858923537829,0.24921630094043887
3446,34.45,0.7452358,1994.6360417113053,0.2617554858934169
3447,34.46,0.1063118,284.5452915899577,0.007836990595611285
3448,34.47,0.64913946,1737.4326206170774,0.22570532915360503
3449,34.48,0.65539134,1754.1657150945537,0.2601880877742947
3450,34.49,0.5089733,1362.2755178997484,0.25235109717868337
3451,34.5,0.09003005,240.96691998878202,0.007836990595611285
3452,34.51,0.63461053,1698.5456133503496,0.2554858934169279
3453,34.52,0.50602096,1354.373562023023,0.28996865203761757
3454,34.53,0.49485087,1324.476608736172,0.27586206896551724
3455,34.54,0.62918365,1684.020536439728,0.2711598746081505
3456,34.55,0.6204927,1660.7589978069948,0.2617554858934169
3457,34.56,0.63271195,1693.4640185495662,0.26959247648902823
3458,34.57,0.66125584,1769.8621884306585,0.29780564263322884
3459,34.58,0.11701619,313.19576801258114,0.007836990595611285
3460,34.59,0.6421793,1718.8035453823284,0.2836990595611285
3461,34.6,0.5160286,1381.1590967998438,0.274294670846395
3462,34.61,0.74454504,1992.7872414421745,0.26802507836990597
3463,34.62,0.64671254,1730.936871449306,0.2774294670846395
3464,34.63,0.6200066,1659.4580296530203,0.26802507836990597
3465,34.64,0.5212057,1395.0157645352165,0.2774294670846395
3466,34.65,0.5188027,1388.5839724546986,0.27899686520376177
3467,34.66,0.49585822,1327.1726689066168,0.2617554858934169
3468,34.67,0.62602067,1675.5546392102085,0.26332288401253917
3469,34.68,0.5029622,1346.1866776585377,0.24294670846394983
3470,34.69,0.5089876,1362.3138911748858,0.2507836990595611
3471,34.7,0.63497347,1699.5170438564162,0.23824451410658307
3472,34.71,0.11009186,294.6626886237036,0.007836990595611285
3473,34.72,0.10694115,286.2297588354558,0.007836990595611285
3474,34.73,0.6376582,1706.702660391108,0.2601880877742947
3475,34.74,0.08666538,231.96131513281762,0.007836990595611285
3476,34.75,0.08485476,227.11517076047033,0.007836990595611285
3477,34.76,0.62531215,1673.658292151619,0.26802507836990597
3478,34.77,0.4887834,1308.2368511366255,0.2711598746081505
3479,34.78,0.64033335,1713.8629493681497,0.26332288401253917
3480,34.79,0.5201538,1392.2003417414207,0.2727272727272727
3481,34.8,0.663274,1775.2639003428376,0.274294670846395
3482,34.81,0.48862267,1307.8066533446517,0.25862068965517243
3483,34.82,0.4888929,1308.5300835037417,0.2554858934169279
3484,34.83,0.5072888,1357.7669122844882,0.2507836990595611
3485,34.84,0.109392166,292.78994166520783,0.007836990595611285
3486,34.85,0.10806447,289.2363564242739,0.007836990595611285
3487,34.86,0.0868987,232.5858155602391,0.007836990595611285
3488,34.87,0.09558221,255.82738104948658,0.007836990595611285
3489,34.88,0.10649037,285.0232485854549,0.007836990595611285
3490,34.89,0.10891418,291.5106078774575,0.007836990595611285
3491,34.9,0.09174413,245.55470814294677,0.007836990595611285
3492,34.91,0.108745545,291.05925714457294,0.007836990595611285
3493,34.92,0.10556056,282.5346054662267,0.007836990595611285
3494,34.93,0.089511506,239.5790458302127,0.007836990595611285
3495,34.94,0.1098961,294.13873148000636,0.007836990595611285
3496,34.95,0.48161814,1289.0589446632857,0.22884012539184953
3497,34.96,0.6381204,1707.9399245557065,0.2413793103448276
3498,34.97,0.49802864,1332.9819767713886,0.25235109717868337
3499,34.98,0.51669663,1382.9471303260493,0.24608150470219436
3500,34.99,0.63248307,1692.8514941154024,0.2413793103448276
3501,35.0,0.63695437,1704.8189887080903,0.2445141065830721
3502,35.01,0.4849793,1298.055176636675,0.2507836990595611
3503,35.02,0.5638833,1509.2430736730344,0.22884012539184953
3504,35.03,0.47856218,1280.8796679434602,0.2335423197492163
3505,35.04,0.08808887,235.77131768611616,0.007836990595611285
3506,35.05,0.08692136,232.64644954462165,0.007836990595611285
3507,35.06,0.50787026,1359.3232640760266,0.2554858934169279
3508,35.07,0.60310125,1614.2105142363205,0.25391849529780564
3509,35.08,0.4964808,1328.8391637852924,0.2601880877742947
3510,35.09,0.611889,1637.731052591851,0.25705329153605017
3511,35.1,0.10638332,284.7367239959531,0.007836990595611285
3512,35.11,0.08983611,240.44784222649466,0.007836990595611285
3513,35.12,0.08695381,232.73332088342704,0.007836990595611285
3514,35.13,0.60579693,1621.4254843503327,0.24294670846394983
3515,35.14,0.46915177,1255.692537833754,0.2445141065830721
3516,35.15,0.6183746,1655.0897829552432,0.25391849529780564
3517,35.16,0.4905552,1312.9791438252676,0.25235109717868337
3518,35.17,0.0852133,228.07480751811542,0.007836990595611285
3519,35.18,0.4874934,1304.7841537926406,0.2507836990595611
3520,35.19,0.49605897,1327.7100695115992,0.25391849529780564
3521,35.2,0.61750466,1652.7614654328759,0.25391849529780564
3522,35.21,0.49666524,1329.3327291059632,0.2664576802507837
3523,35.22,0.6240194,1670.1982020061778,0.2617554858934169
3524,35.23,0.50451547,1350.3439337611899,0.25235109717868337
3525,35.24,0.5097884,1364.4569992333313,0.2727272727272727
3526,35.25,0.11732038,314.0099346752466,0.007836990595611285
3527,35.26,0.664248,1777.8707835108023,0.25862068965517243
3528,35.27,0.6502673,1740.4512251718866,0.2445141065830721
3529,35.28,0.63208294,1691.7805154919429,0.23981191222570533
3530,35.29,0.087852225,235.13793527240063,0.007836990595611285
3531,35.3,0.11604845,310.6055874600422,0.007836990595611285
3532,35.31,0.6683057,1788.731349242361,0.2617554858934169
3533,35.32,0.6357502,1701.5959862118016,0.2476489028213166
3534,35.33,0.50756764,1358.5132004788636,0.26802507836990597
3535,35.34,0.53134733,1422.160003056724,0.2884012539184953
3536,35.35,0.09299599,248.90530527837473,0.007836990595611285
3537,35.36,0.6136111,1642.3402946043036,0.30094043887147337
3538,35.37,0.09504063,254.37782363955193,0.007836990595611285
3539,35.38,0.09224479,246.89471738572047,0.007836990595611285
3540,35.39,0.10522384,281.6333753109376,0.007836990595611285
3541,35.4,0.59990245,1605.6489697374084,0.2774294670846395
3542,35.41,0.10583921,283.2803857093492,0.007836990595611285
3543,35.42,0.46532524,1245.4506928308213,0.28213166144200624
3544,35.43,0.45787564,1225.5116759029331,0.29153605015673983
3545,35.44,0.08825151,236.2066227628875,0.007836990595611285
3546,35.45,0.1039159,278.1326287647392,0.007836990595611285
3547,35.46,0.087676115,234.66657935781132,0.007836990595611285
3548,35.47,0.13141918,351.74559156593375,0.007836990595611285
3549,35.48,0.10096694,270.23968260464244,0.007836990595611285
3550,35.49,0.13158056,352.17755603592116,0.007836990595611285
3551,35.5,0.10098943,270.2999085211268,0.007836990595611285
3552,35.51,0.12941007,346.36819579480834,0.007836990595611285
3553,35.52,0.8169015,2186.450399444879,0.3072100313479624
3554,35.53,0.097381964,260.6444278160988,0.007836990595611285
3555,35.54,0.1013827,271.3524845132652,0.007836990595611285
3556,35.55,0.13632385,364.87308120092877,0.007836990595611285
3557,35.56,0.10613761,284.0790787691476,0.007836990595611285
3558,35.57,0.6816561,1824.4639864339247,0.33072100313479624
3559,35.58,0.10055142,269.12753170469665,0.007836990595611285
3560,35.59,0.10274293,274.993174033355,0.007836990595611285
3561,35.6,0.14072183,376.6443033883113,0.007836990595611285
3562,35.61,0.13303414,356.06807436919587,0.007836990595611285
3563,35.62,0.09610664,257.2310158111504,0.007836990595611285
3564,35.63,0.13522537,361.93295491119983,0.007836990595611285
3565,35.64,0.1053294,281.9158799132255,0.007836990595611285
3566,35.65,0.13180652,352.7823606151637,0.007836990595611285
3567,35.66,0.090866335,243.2052686255984,0.007836990595611285
3568,35.67,0.093610875,250.55107113866598,0.007836990595611285
3569,35.68,0.090235285,241.51623960320015,0.007836990595611285
3570,35.69,0.11319735,302.97458460444415,0.007836990595611285
3571,35.7,0.10880112,291.2080206273034,0.007836990595611285
3572,35.71,0.11252918,301.18622828262,0.007836990595611285
3573,35.72,0.6630242,1774.5951675448719,0.3072100313479624
3574,35.73,0.10562961,282.7193787454381,0.007836990595611285
3575,35.74,0.11828543,316.5929314300795,0.007836990595611285
3576,35.75,0.117978856,315.77238068007364,0.007836990595611285
3577,35.76,0.090205505,241.43654472821618,0.007836990595611285
3578,35.77,0.108821645,291.2629254813979,0.007836990595611285
3579,35.78,0.7083115,1895.8075186150322,0.2852664576802508
3580,35.79,0.69263196,1853.840944820273,0.26802507836990597
3581,35.8,0.65659773,1757.3948002794486,0.26802507836990597
3582,35.81,0.64631665,1729.8772389811313,0.2727272727272727
3583,35.82,0.6474321,1732.8626583626572,0.27899686520376177
3584,35.83,0.62964,1685.2419133256617,0.25862068965517243
3585,35.84,0.64432883,1724.556884093602,0.25862068965517243
3586,35.85,0.66510975,1780.1772564555017,0.26802507836990597
3587,35.86,0.67905414,1817.499592699425,0.26332288401253917
3588,35.87,0.7644649,2046.1030390675244,0.2727272727272727
3589,35.88,0.74132323,1984.1639630668833,0.274294670846395
3590,35.89,0.757011,2026.1524443142146,0.2711598746081505
3591,35.9,0.7328145,1961.3901018962083,0.26959247648902823
3592,35.91,0.0902335,241.51146002524544,0.007836990595611285
3593,35.92,0.64686066,1731.3332725336954,0.274294670846395
3594,35.93,0.6543103,1751.2723456924898,0.2727272727272727
3595,35.94,0.65742284,1759.6031987281137,0.25391849529780564
3596,35.95,0.50754756,1358.4595292292247,0.2617554858934169
3597,35.96,0.090764806,242.9334958435366,0.007836990595611285
3598,35.97,0.65309453,1748.0183032241405,0.25391849529780564
3599,35.98,0.50243175,1344.7669065653147,0.27586206896551724
3600,35.99,0.110076755,294.62225765550767,0.007836990595611285
3601,36.0,0.6732381,1801.9329693468285,0.2884012539184953
3602,36.01,0.09210417,246.51833351250207,0.007836990595611285
3603,36.02,0.11587994,310.1545718422272,0.007836990595611285
3604,36.03,0.11286408,302.08256995132115,0.007836990595611285
3605,36.04,0.091873996,245.90226070114105,0.007836990595611285
3606,36.05,0.11541102,308.89951867737796,0.007836990595611285
3607,36.06,0.090654634,242.63863771202526,0.007836990595611285
3608,36.07,0.08703265,232.9443427764054,0.007836990595611285
3609,36.08,0.091555305,245.04930628987313,0.007836990595611285
3610,36.09,0.087154515,233.27050125642552,0.007836990595611285
3611,36.1,0.091601446,245.1727927386509,0.007836990595611285
3612,36.11,0.10862616,290.7397271862757,0.007836990595611285
3613,36.12,0.113555394,303.93290294562837,0.007836990595611285
3614,36.13,0.10916084,292.17081378949433,0.007836990595611285
3615,36.14,0.09046224,242.12368174226862,0.007836990595611285
3616,36.15,0.11015663,294.8360633277792,0.007836990595611285
3617,36.16,0.11161253,298.73278315208404,0.007836990595611285
3618,36.17,0.114455074,306.34090198625904,0.007836990595611285
3619,36.18,0.086800605,232.32326052733055,0.007836990595611285
3620,36.19,0.08427145,225.55394405423522,0.007836990595611285
3621,36.2,0.089813314,240.38682645378407,0.007836990595611285
3622,36.21,0.090431966,242.04266377119978,0.007836990595611285
3623,36.22,0.09229575,247.03110593841848,0.007836990595611285
3624,36.23,0.09272982,248.19289853149445,0.007836990595611285
3625,36.24,0.108256266,289.74969034387414,0.007836990595611285
3626,36.25,0.49220583,1317.397059156296,0.2993730407523511
3627,36.26,0.11273977,301.7498772635217,0.007836990595611285
3628,36.27,0.0924183,247.359099427802,0.007836990595611285
3629,36.28,0.09439904,252.6605923612179,0.007836990595611285
3630,36.29,0.09302357,248.97912464682582,0.007836990595611285
3631,36.3,0.08950654,239.5657418501724,0.007836990595611285
3632,36.31,0.47965583,1283.806804386997,0.2727272727272727
3633,36.32,0.09371258,250.82329047801437,0.007836990595611285
3634,36.33,0.09111667,243.87528175258564,0.007836990595611285
3635,36.34,0.11373376,304.41032149100033,0.007836990595611285
3636,36.35,0.091656566,245.32031765918146,0.007836990595611285
3637,36.36,0.11148472,298.39071131465363,0.007836990595611285
3638,36.37,0.09374888,250.92044206347788,0.007836990595611285
3639,36.38,0.114542246,306.5742140917671,0.007836990595611285
3640,36.39,0.092953704,248.79212591678788,0.007836990595611285
3641,36.4,0.09273981,248.21965428908516,0.007836990595611285
3642,36.41,0.09112997,243.9108957079752,0.007836990595611285
3643,36.42,0.1109337,296.9159002429955,0.007836990595611285
3644,36.43,0.08940371,239.29052337209936,0.007836990595611285
3645,36.44,0.106557734,285.20355510644185,0.007836990595611285
3646,36.45,0.09398611,251.5553727220995,0.007836990595611285
3647,36.46,0.49626312,1328.2564500125848,0.2884012539184953
3648,36.47,0.11313771,302.8149356525928,0.007836990595611285
3649,36.48,0.1129545,302.32458350434337,0.007836990595611285
3650,36.49,0.11168749,298.93341012445444,0.007836990595611285
3651,36.5,0.1109981,297.0882527831208,0.007836990595611285
3652,36.51,0.11164142,298.8101073699195,0.007836990595611285
3653,36.52,0.09412903,251.9379139079092,0.007836990595611285
3654,36.53,0.11847688,317.10534897304143,0.007836990595611285
3655,36.54,0.11619839,311.0069274227884,0.007836990595611285
3656,36.55,0.09212581,246.57626249565692,0.007836990595611285
3657,36.56,0.112111345,300.06786925045935,0.007836990595611285
3658,36.57,0.0899007,240.62073229990435,0.007836990595611285
3659,36.58,0.0893175,239.0597714634132,0.007836990595611285
3660,36.59,0.08715628,233.27522054694958,0.007836990595611285
3661,36.6,0.62430733,1670.9690284423148,0.25235109717868337
3662,36.61,0.10843626,290.2314469357738,0.007836990595611285
3663,36.62,0.6188865,1656.4598190832514,0.25862068965517243
3664,36.63,0.09068077,242.70859411224234,0.007836990595611285
3665,36.64,0.4646286,1243.5861694161247,0.2445141065830721
3666,36.65,0.46662948,1248.941552703395,0.2664576802507837
3667,36.66,0.11305026,302.58089582799414,0.007836990595611285
3668,36.67,0.6502373,1740.3709212064682,0.28056426332288403
3669,36.68,0.6431626,1721.4353998493355,0.2993730407523511
3670,36.69,0.66204745,1771.9809889248522,0.27586206896551724
3671,36.7,0.63298583,1694.1970158806112,0.27899686520376177
3672,36.71,0.62429076,1670.9245540497823,0.29310344827586204
3673,36.72,0.60983396,1632.2306793032744,0.27899686520376177
3674,36.73,0.61373216,1642.6642871627964,0.28996865203761757
3675,36.74,0.088911064,237.97193396819597,0.007836990595611285
3676,36.75,0.4650238,1244.6438686929741,0.274294670846395
3677,36.76,0.61740404,1652.4921687488538,0.2946708463949843
3678,36.77,0.11585715,310.09358010068155,0.007836990595611285
3679,36.78,0.11261484,301.4155027054026,0.007836990595611285
3680,36.79,0.4709232,1260.4337451151114,0.30407523510971785
3681,36.8,0.08888811,237.9105101819859,0.007836990595611285
3682,36.81,0.6166154,1650.3813237963884,0.31347962382445144
3683,36.82,0.48237428,1291.082749705464,0.31504702194357365
3684,36.83,0.48436013,1296.3979575870148,0.3056426332288401
3685,36.84,0.11099316,297.0750458466309,0.007836990595611285
3686,36.85,0.65745264,1759.682804684257,0.28996865203761757
3687,36.86,0.6532598,1748.460695529779,0.28683385579937304
3688,36.87,0.51277107,1372.4403271680194,0.30094043887147337
3689,36.88,0.6621464,1772.2457018250086,0.3166144200626959
3690,36.89,0.49936596,1336.5612753308599,0.2946708463949843
3691,36.9,0.51303434,1373.1448793492475,0.31974921630094044
3692,36.91,0.51537716,1379.4155480015688,0.3181818181818182
3693,36.92,0.6536393,1749.4764640881276,0.28996865203761757
3694,36.93,0.090221725,241.47994722120978,0.007836990595611285
3695,36.94,0.69533175,1861.06701996469,0.31504702194357365
3696,36.95,0.68774045,1840.7488133599443,0.322884012539185
3697,36.96,0.11011131,294.71474895879487,0.007836990595611285
3698,36.97,0.112105526,300.0523076809819,0.007836990595611285
3699,36.98,0.10470539,280.2457290822478,0.007836990595611285
3700,36.99,0.5275782,1412.0717469801434,0.3213166144200627
3701,37.0,0.092660315,248.00686961876448,0.007836990595611285
3702,37.01,0.5257957,1407.3008849218756,0.33072100313479624
3703,37.02,0.54033625,1446.2188814470705,0.3463949843260188
3704,37.03,0.71287465,1908.0209228424708,0.3542319749216301
3705,37.04,0.1126797,301.58907588180926,0.007836990595611285
3706,37.05,0.67120844,1796.500611692858,0.3432601880877743
3707,37.06,0.087928645,235.34248669386213,0.007836990595611285
3708,37.07,0.84732354,2267.8754666009545,0.3385579937304075
3709,37.08,0.5288765,1415.5467660662296,0.33699059561128525
3710,37.09,0.10982385,293.9453817954969,0.007836990595611285
3711,37.1,0.09402551,251.6608273522315,0.007836990595611285
3712,37.11,0.64641887,1730.1507189856657,0.3181818181818182
3713,37.12,0.6913182,1850.324738879798,0.30407523510971785
3714,37.13,0.10573343,282.99726960835704,0.007836990595611285
3715,37.14,0.6810267,1822.7792898206874,0.329153605015674
3716,37.15,0.09197822,246.18122123014103,0.007836990595611285
3717,37.16,0.9682564,2591.5544344416585,0.3322884012539185
3718,37.17,0.114398636,306.18983959365056,0.007836990595611285
3719,37.18,0.10888808,291.44076800823683,0.007836990595611285
3720,37.19,0.49122122,1314.7617784698243,0.2727272727272727
3721,37.2,0.10906868,291.92413129489375,0.007836990595611285
3722,37.21,0.49151468,1315.5472188902077,0.30407523510971785
3723,37.22,0.086996265,232.8469586610845,0.007836990595611285
3724,37.23,0.105408706,282.1281325822671,0.007836990595611285
3725,37.24,0.65100205,1742.417692899541,0.2946708463949843
3726,37.25,0.6240267,1670.2178527591886,0.2962382445141066
3727,37.26,0.10978581,293.84354854976596,0.007836990595611285
3728,37.27,0.090737276,242.85981665432527,0.007836990595611285
3729,37.28,0.11325722,303.1348142719398,0.007836990595611285
3730,37.29,0.11088315,296.7805808383664,0.007836990595611285
3731,37.3,0.11111235,297.3940522388727,0.007836990595611285
3732,37.31,0.7125875,1907.2521836762428,0.30250783699059564
3733,37.32,0.093909524,251.3504045265563,0.007836990595611285
3734,37.33,0.6627019,1773.7326992651076,0.3166144200626959
3735,37.34,0.08864367,237.25625050839963,0.007836990595611285
3736,37.35,0.08892394,238.006393263855,0.007836990595611285
3737,37.36,0.756689,2025.2908031483441,0.329153605015674
3738,37.37,0.11124607,297.75195101502936,0.007836990595611285
3739,37.38,0.7634111,2043.2824153893569,0.3448275862068966
3740,37.39,0.09360936,250.54701491396375,0.007836990595611285
3741,37.4,0.6720877,1798.8539678693494,0.30877742946708464
3742,37.41,0.7787307,2084.285660984741,0.31191222570532917
3743,37.42,0.65292525,1747.5653477600067,0.30407523510971785
3744,37.43,0.11232774,300.6470529824835,0.007836990595611285
3745,37.44,0.09241485,247.34987867467137,0.007836990595611285
3746,37.45,0.49311754,1319.837250623868,0.2774294670846395
3747,37.46,0.4996867,1337.4196618031074,0.2664576802507837
3748,37.47,0.61459225,1644.966291653679,0.2836990595611285
3749,37.48,0.08515943,227.9306244294857,0.007836990595611285
3750,37.49,0.10710649,286.67229138027733,0.007836990595611285
3751,37.5,0.77577305,2076.3694790578647,0.29153605015673983
3752,37.51,0.08667609,231.99000696977788,0.007836990595611285
3753,37.52,0.09027123,241.6124437766557,0.007836990595611285
3754,37.53,0.112712465,301.67677530881303,0.007836990595611285
3755,37.54,0.09335357,249.8623774479429,0.007836990595611285
3756,37.55,0.09109903,243.82807633673661,0.007836990595611285
3757,37.56,0.08975099,240.22002014341166,0.007836990595611285
3758,37.57,0.1098621,294.0477301271981,0.007836990595611285
3759,37.58,0.81825167,2190.064129677593,0.31347962382445144
3760,37.59,0.08828111,236.28585745063805,0.007836990595611285
3761,37.6,0.09030202,241.6948495357483,0.007836990595611285
3762,37.61,0.11094062,296.9344294847131,0.007836990595611285
3763,37.62,0.084885046,227.19624690351878,0.007836990595611285
3764,37.63,0.085053265,227.64646167458892,0.007836990595611285
3765,37.64,0.71481276,1913.2082812729063,0.28996865203761757
3766,37.65,0.5155293,1379.8226523652,0.2836990595611285
3767,37.66,0.08953448,239.640501613023,0.007836990595611285
3768,37.67,0.09260151,247.84946541748832,0.007836990595611285
3769,37.68,0.11838465,316.8584837898035,0.007836990595611285
3770,37.69,0.092402354,247.31643927649378,0.007836990595611285
3771,37.7,0.108102046,289.3369101704346,0.007836990595611285
3772,37.71,0.08936679,239.19170949657558,0.007836990595611285
3773,37.72,0.11301308,302.48137262463206,0.007836990595611285
3774,37.73,0.09119384,244.0818152106204,0.007836990595611285
3775,37.74,0.08749748,234.18846367776132,0.007836990595611285
3776,37.75,0.09128781,244.33332658194007,0.007836990595611285
3777,37.76,0.11167718,298.9058133554665,0.007836990595611285
3778,37.77,0.09356281,250.42243057498126,0.007836990595611285
3779,37.78,0.11834791,316.76017052935185,0.007836990595611285
3780,37.79,0.09287447,248.58004887616516,0.007836990595611285
3781,37.8,0.09328863,249.68857120800115,0.007836990595611285
3782,37.81,0.11850521,317.18115661204786,0.007836990595611285
3783,37.82,0.09087638,243.2321349072554,0.007836990595611285
3784,37.83,0.108405806,290.149929819915,0.007836990595611285
3785,37.84,0.09154433,245.0199119803311,0.007836990595611285
3786,37.85,0.09227712,246.9812358790714,0.007836990595611285
3787,37.86,0.110320516,295.2746916587787,0.007836990595611285
3788,37.87,0.09037512,241.8905017655652,0.007836990595611285
3789,37.88,0.09099161,243.54055137770308,0.007836990595611285
3790,37.89,0.08943507,239.3744462691402,0.007836990595611285
3791,37.9,0.093288474,249.68816036887435,0.007836990595611285
3792,37.91,0.091882296,245.924478951184,0.007836990595611285
3793,37.92,0.09526682,254.9832181720621,0.007836990595611285
3794,37.93,0.08301222,222.1835959104792,0.007836990595611285
3795,37.94,0.10298063,275.62936105700743,0.007836990595611285
3796,37.95,0.6376451,1706.667681276781,0.2993730407523511
3797,37.96,0.66761065,1786.8709308826105,0.29153605015673983
3798,37.97,0.085204646,228.0516523223413,0.007836990595611285
3799,37.98,0.746103,1996.9570740185654,0.3166144200626959
3800,37.99,0.09074054,242.86855939814814,0.007836990595611285
3801,38.0,0.086911514,232.62011846919623,0.007836990595611285
3802,38.01,0.093585745,250.48379527966972,0.007836990595611285
3803,38.02,0.11233253,300.65989531144896,0.007836990595611285
3804,38.03,0.09004833,241.01583159851535,0.007836990595611285
3805,38.04,0.113653384,304.19516722065805,0.007836990595611285
3806,38.05,0.107002184,286.3931182105719,0.007836990595611285
3807,38.06,0.69868827,1870.0507584767847,0.31974921630094044
3808,38.07,0.088326454,236.40722512727558,0.007836990595611285
3809,38.08,0.82531214,2208.961771803961,0.3166144200626959
3810,38.09,0.08755108,234.33191789873308,0.007836990595611285
3811,38.1,0.09271255,248.14668693843663,0.007836990595611285
3812,38.11,0.0880895,235.77301886830628,0.007836990595611285
3813,38.12,0.08583048,229.72669903240242,0.007836990595611285
3814,38.13,0.6496696,1738.8514566819608,0.29153605015673983
3815,38.14,0.08630096,230.98596833800184,0.007836990595611285
3816,38.15,0.10636888,284.6980504404016,0.007836990595611285
3817,38.16,0.6151963,1646.5831357914778,0.26332288401253917
3818,38.17,0.09044179,242.06896605184198,0.007836990595611285
3819,38.18,0.08593301,230.00111016302805,0.007836990595611285
3820,38.19,0.72794414,1948.3546152298834,0.2617554858934169
3821,38.2,0.09019603,241.41116186064934,0.007836990595611285
3822,38.21,0.109972596,294.34346754308024,0.007836990595611285
3823,38.22,0.6291706,1683.9854342246558,0.24921630094043887
3824,38.23,0.0883227,236.39716668080382,0.007836990595611285
3825,38.24,0.08772818,234.8059301808426,0.007836990595611285
3826,38.25,0.08785467,235.14448340372564,0.007836990595611285
3827,38.26,0.10522644,281.64031866216,0.007836990595611285
3828,38.27,0.7297959,1953.3108299500225,0.25235109717868337
3829,38.28,0.07955403,212.927671602075,0.007836990595611285
3830,38.29,0.07478102,200.15264532492435,0.007836990595611285
3831,38.3,0.073896244,197.78453653187086,0.007836990595611285
3832,38.31,0.08115244,217.20585598593613,0.007836990595611285
3833,38.32,0.07790933,208.52560188212738,0.007836990595611285
3834,38.33,0.08378798,224.25992135279472,0.007836990595611285
3835,38.34,0.09096748,243.47597010749413,0.007836990595611285
3836,38.35,0.71320385,1908.9019292724267,0.24921630094043887
