frame,time_ns,coverage_hull,hull_area,coverage_grid
900,8.99,0.90614915,2425.32316686792,0.3667711598746082
901,9.0,0.90742725,2428.7441475791875,0.3495297805642633
902,9.01,0.9240154,2473.142567791392,0.40282131661442006
903,9.02,0.7983109,2136.692368632348,0.3949843260188088
904,9.03,0.92837936,2484.8227469668664,0.4012539184952978
905,9.04,0.017060053,45.661514646853874,0.004702194357366771
906,9.05,0.7943904,2126.198866332374,0.3620689655172414
907,9.06,0.7995406,2139.9837074848033,0.4012539184952978
908,9.07,0.02023183,54.15083090168358,0.004702194357366771
909,9.08,0.7760422,2077.089916852669,0.3761755485893417
910,9.09,0.017341958,46.416038971622626,0.004702194357366771
911,9.1,0.78439665,2099.450757862472,0.3652037617554859
912,9.11,0.7941789,2125.633149949978,0.3714733542319749
913,9.12,0.018131487,48.52922608185965,0.004702194357366771
914,9.13,0.016614253,44.46832382497545,0.004702194357366771
915,9.14,0.036406334,97.44215190505201,0.006269592476489028
916,9.15,0.031008184,82.99391730829026,0.006269592476489028
917,9.16,0.016475072,44.09580253514372,0.004702194357366771
918,9.17,0.7968042,2132.659702920134,0.34796238244514105
919,9.18,0.02013523,53.89227824534373,0.004702194357366771
920,9.19,0.03715391,99.44306274195387,0.006269592476489028
921,9.2,0.80312836,2149.586362779935,0.3981191222570533
922,9.21,0.018124051,48.50932220916006,0.004702194357366771
923,9.22,0.022522042,60.28061936923592,0.004702194357366771
924,9.23,0.9438164,2526.140353135813,0.390282131661442
925,9.24,0.80898553,2165.263221607135,0.3934169278996865
926,9.25,0.041242585,110.38646959525246,0.006269592476489028
927,9.26,0.02465372,65.98608823913219,0.004702194357366771
928,9.27,0.017665736,47.28263521070764,0.004702194357366771
929,9.28,0.016922938,45.294525038857486,0.004702194357366771
930,9.29,0.9096778,2434.767740930353,0.4043887147335423
931,9.3,0.016787762,44.932723779971674,0.004702194357366771
932,9.31,0.97138906,2599.9390708163155,0.4278996865203762
933,9.32,0.015964974,42.73051920143467,0.004702194357366771
934,9.33,0.024730666,66.19203674195974,0.004702194357366771
935,9.34,0.97849315,2618.9531293337586,0.44357366771159873
936,9.35,0.952695,2549.9041307040598,0.46394984326018807
937,9.36,0.01977309,52.9230024217877,0.004702194357366771
938,9.37,0.98228616,2629.105311846278,0.42476489028213166
939,9.38,0.98148966,2626.973481421768,0.4341692789968652
940,9.39,0.97249955,2602.9110744055815,0.46394984326018807
941,9.4,0.9867986,2641.182872004636,0.4717868338557994
942,9.41,0.035526894,95.08831480839538,0.006269592476489028
943,9.42,0.9902855,2650.515713103364,0.46394984326018807
944,9.43,0.020742377,55.517319706091286,0.004702194357366771
945,9.44,0.9940466,2660.582278585932,0.45297805642633227
946,9.45,0.990911,2652.1896422942423,0.41379310344827586
947,9.46,0.99009633,2650.0092923181764,0.43260188087774293
948,9.47,0.99082404,2651.957052518319,0.438871473354232
949,9.48,0.996729,2667.7618295048906,0.46394984326018807
950,9.49,0.032879665,88.00297362462747,0.006269592476489028
951,9.5,0.9940444,2660.5765010797118,0.4498432601880878
952,9.51,0.99273264,2657.065522781979,0.42946708463949845
953,9.52,0.98770446,2643.607537975991,0.4373040752351097
954,9.53,0.99077743,2651.832338756548,0.43573667711598746
955,9.54,0.992476,2656.378366349254,0.44043887147335425
956,9.55,0.99296397,2657.6845918469576,0.4216300940438871
957,9.56,0.98986787,2649.397807734298,0.4059561128526646
958,9.57,0.99004126,2649.861841160337,0.4090909090909091
959,9.58,0.99401295,2660.4921965571607,0.4341692789968652
960,9.59,0.9916955,2654.2895266240103,0.43103448275862066
961,9.6,0.98781675,2643.9079376950535,0.4482758620689655
962,9.61,0.99054354,2651.2063041582396,0.43260188087774293
963,9.62,0.9903136,2650.5909269070576,0.4106583072100313
964,9.63,0.992503,2656.4506114318474,0.45454545454545453
965,9.64,0.9886119,2646.0360240740306,0.43260188087774293
966,9.65,0.99621373,2666.3825375073448,0.43260188087774293
967,9.66,0.99573773,2665.108666394221,0.44043887147335425
968,9.67,0.98718536,2642.217958756307,0.43260188087774293
969,9.68,0.99135655,2653.3822967076885,0.4122257053291536
970,9.69,0.99363786,2659.488316229844,0.4043887147335423
971,9.7,0.9890484,2647.2047058672642,0.41379310344827586
972,9.71,0.04314522,115.47889772023294,0.006269592476489028
973,9.72,0.9917533,2654.4441451653524,0.4169278996865204
974,9.73,0.99049616,2651.0793718821214,0.3793103448275862
975,9.74,0.9934031,2658.8598873057167,0.4090909090909091
976,9.75,0.021368567,57.1933233764703,0.004702194357366771
977,9.76,0.019945195,53.38364278510379,0.004702194357366771
978,9.77,0.99382955,2660.0011630935624,0.3714733542319749
979,9.78,0.024111731,64.53544706978207,0.004702194357366771
980,9.79,0.020820107,55.72536500955812,0.004702194357366771
981,9.8,0.018890962,50.56197500593315,0.004702194357366771
982,9.81,0.016478186,44.10413817402516,0.004702194357366771
983,9.82,0.019057704,51.00826094130748,0.004702194357366771
984,9.83,0.98697156,2641.645833616461,0.3824451410658307
985,9.84,0.98088634,2625.3587161428313,0.384012539184953
986,9.85,0.9936775,2659.5943427985962,0.41849529780564265
987,9.86,0.9599952,2569.443009104438,0.37460815047021945
988,9.87,0.964795,2582.2897578106786,0.390282131661442
989,9.88,0.9751221,2609.9305078201983,0.4231974921630094
990,9.89,0.018424017,49.31218873342547,0.004702194357366771
991,9.9,0.021241067,56.852067317557115,0.004702194357366771
992,9.91,0.013484732,36.09210935260856,0.004702194357366771
993,9.92,0.9696265,2595.2215449171313,0.3824451410658307
994,9.93,0.02333158,62.447363976067194,0.004702194357366771
995,9.94,0.01982745,53.06850041845877,0.004702194357366771
996,9.95,0.9630548,2577.6321639839025,0.4153605015673981
997,9.96,0.97645164,2613.4889487952023,0.4216300940438871
998,9.97,0.98626506,2639.7549891506987,0.4106583072100313
999,9.98,0.97890854,2620.064884944347,0.4122257053291536
1000,9.99,0.97023827,2596.8589925587366,0.4231974921630094
1001,10.0,0.9768885,2614.6581095067954,0.42946708463949845
1002,10.01,0.9821138,2628.643778630708,0.45454545454545453
1003,10.02,0.9666904,2587.362937413814,0.46865203761755486
1004,10.03,0.96512043,2583.160985572064,0.4670846394984326
1005,10.04,0.96181476,2574.313231726099,0.4482758620689655
1006,10.05,0.9662446,2586.1697674579154,0.46551724137931033
1007,10.06,0.9801892,2623.492556542382,0.4561128526645768
1008,10.07,0.974278,2607.671170184713,0.45454545454545453
1009,10.08,0.9798525,2622.591505454908,0.4498432601880878
1010,10.09,0.97216666,2602.0202148401286,0.4592476489028213
1011,10.1,0.98148996,2626.974203361374,0.4482758620689655
1012,10.11,0.9826919,2630.191091579217,0.4780564263322884
1013,10.12,0.9606658,2571.2380685350945,0.4608150470219436
1014,10.13,0.95882994,2566.324323465184,0.4702194357366771
1015,10.14,0.97852015,2619.025447208258,0.4670846394984326
1016,10.15,0.95426714,2554.1117808833746,0.46865203761755486
1017,10.16,0.9906092,2651.382129046983,0.46551724137931033
1018,10.17,0.9739426,2606.7733765888456,0.46238244514106586
1019,10.18,0.9591571,2567.199892044444,0.42946708463949845
1020,10.19,0.93015635,2489.5788526289602,0.46865203761755486
1021,10.2,0.9354574,2503.76739110731,0.42946708463949845
1022,10.21,0.9454754,2530.5806629682893,0.4341692789968652
1023,10.22,0.97533554,2610.5016308845943,0.445141065830721
1024,10.23,0.98922396,2647.6742111442727,0.4482758620689655
1025,10.24,0.9535789,2552.2697297961204,0.4263322884012539
1026,10.25,0.9506665,2544.474640562022,0.4153605015673981
1027,10.26,0.940366,2516.905278696193,0.3949843260188088
1028,10.27,0.94066656,2517.709738758599,0.3981191222570533
1029,10.28,0.91566736,2450.7987639819767,0.3949843260188088
1030,10.29,0.9212671,2465.786588459043,0.38087774294670845
1031,10.3,0.81489784,2181.0876787397056,0.38087774294670845
1032,10.31,0.79093134,2116.940895131641,0.35893416927899685
1033,10.32,0.05150319,137.8491304100171,0.006269592476489028
1034,10.33,0.9802406,2623.6300890254793,0.39184952978056425
1035,10.34,0.9763103,2613.110927743007,0.3683385579937304
1036,10.35,0.81100917,2170.6793284718487,0.3495297805642633
1037,10.36,0.830383,2222.5340103378417,0.3824451410658307
1038,10.37,0.045478027,121.72269353146112,0.006269592476489028
1039,10.38,0.9766639,2614.0572196101384,0.3510971786833856
1040,10.39,0.7928984,2122.205704717143,0.384012539184953
1041,10.4,0.045941632,122.96353732615266,0.006269592476489028
1042,10.41,0.94504154,2529.4194742145132,0.3667711598746082
1043,10.42,0.98008394,2623.210897292674,0.3887147335423197
1044,10.43,0.029376129,78.62569069117761,0.004702194357366771
1045,10.44,0.030819014,82.48760497031255,0.004702194357366771
1046,10.45,0.93777615,2509.9733638120015,0.3620689655172414
1047,10.46,0.04599062,123.09465906378959,0.006269592476489028
1048,10.47,0.9865258,2640.4525642653234,0.390282131661442
1049,10.48,0.9626188,2576.465302773951,0.3949843260188088
1050,10.49,0.9521097,2548.3372814216314,0.4122257053291536
1051,10.5,0.043180805,115.57414213107458,0.006269592476489028
1052,10.51,0.8177966,2188.846257921296,0.3605015673981191
1053,10.52,0.94156295,2520.1089497754792,0.39184952978056425
1054,10.53,0.78286517,2095.3514939367583,0.4043887147335423
1055,10.54,0.96659815,2587.115982165974,0.42946708463949845
1056,10.55,0.79152364,2118.5261445883853,0.4090909090909091
1057,10.56,0.7764802,2078.262200507426,0.384012539184953
1058,10.57,0.7657779,2049.6170901884557,0.36363636363636365
1059,10.58,0.8351014,2235.162802002193,0.3777429467084639
1060,10.59,0.8329929,2229.519264465346,0.4153605015673981
1061,10.6,0.8623197,2308.0129264192124,0.4216300940438871
1062,10.61,0.8306905,2223.356892754022,0.3996865203761755
1063,10.62,0.80975246,2167.3159370667213,0.36990595611285265
1064,10.63,0.9456914,2531.158807744303,0.4341692789968652
1065,10.64,0.9767724,2614.347705064843,0.3730407523510972
1066,10.65,0.042823695,114.61833554576555,0.006269592476489028
1067,10.66,0.03709933,99.29697830367515,0.006269592476489028
1068,10.67,0.83775246,2242.2582522563407,0.3432601880877743
1069,10.68,0.8382753,2243.6576853045217,0.3683385579937304
1070,10.69,0.028103106,75.21842734208302,0.004702194357366771
1071,10.7,0.88537574,2369.7229311082924,0.3510971786833856
1072,10.71,0.028591601,76.52589313725824,0.004702194357366771
1073,10.72,0.81628495,2184.800370810209,0.31504702194357365
1074,10.73,0.8056312,2156.285468591026,0.3213166144200627
1075,10.74,0.82510436,2208.405608241061,0.3463949843260188
1076,10.75,0.97647876,2613.561556354567,0.37460815047021945
1077,10.76,0.04675256,125.1340134266729,0.006269592476489028
1078,10.77,0.9478525,2536.9429241262624,0.3557993730407524
1079,10.78,0.043729838,117.04362981526265,0.006269592476489028
1080,10.79,0.042007342,112.43334815330577,0.006269592476489028
1081,10.8,0.044144146,118.15254542449384,0.006269592476489028
1082,10.81,0.97396547,2606.834783934969,0.3495297805642633
1083,10.82,0.039876264,106.72948720190789,0.006269592476489028
1084,10.83,0.049679402,132.9677445444281,0.006269592476489028
1085,10.84,0.046032406,123.2065010695018,0.006269592476489028
1086,10.85,0.048351463,129.41349406695875,0.006269592476489028
1087,10.86,0.88710445,2374.349906239168,0.2993730407523511
1088,10.87,0.04804339,128.58892557482113,0.006269592476489028
1089,10.88,0.034646045,92.73071464027004,0.004702194357366771
1090,10.89,0.048975248,131.0830667148139,0.006269592476489028
1091,10.9,0.9436134,2525.596944912395,0.3072100313479624
1092,10.91,0.96448004,2581.4467853133237,0.3166144200626959
1093,10.92,0.051604547,138.12041607107267,0.006269592476489028
1094,10.93,0.96268606,2576.645360846463,0.34796238244514105
1095,10.94,0.9536535,2552.469376167163,0.3072100313479624
1096,10.95,0.021157512,56.628434121043924,0.004702194357366771
1097,10.96,0.9618835,2574.496980745078,0.33072100313479624
1098,10.97,0.9517194,2547.2927964790906,0.33699059561128525
1099,10.98,0.9743325,2607.8171083791494,0.329153605015674
1100,10.99,0.97142434,2600.033428985207,0.3510971786833856
1101,11.0,0.027129376,72.61222528834878,0.004702194357366771
1102,11.01,0.022522086,60.28073874954224,0.004702194357366771
1103,11.02,0.961027,2572.2047786500034,0.3683385579937304
1104,11.03,0.028715195,76.85669614854486,0.004702194357366771
1105,11.04,0.9588489,2566.374950015509,0.32445141065830724
1106,11.05,0.9899257,2649.5524048894345,0.4059561128526646
1107,11.06,0.98931396,2647.9153415225182,0.38087774294670845
1108,11.07,0.024334943,65.13287846307139,0.004702194357366771
1109,11.08,0.02832746,75.81891978425028,0.004702194357366771
1110,11.09,0.021611348,57.84313233338894,0.004702194357366771
1111,11.1,0.030222323,80.89054941004906,0.004702194357366771
1112,11.11,0.023561614,63.063047667979895,0.004702194357366771
1113,11.12,0.9808036,2625.1372670032238,0.34796238244514105
1114,11.13,0.025390724,67.9586968301355,0.004702194357366771
1115,11.14,0.029363107,78.59084276005706,0.004702194357366771
1116,11.15,0.028282342,75.69816027653405,0.004702194357366771
1117,11.16,0.9688757,2593.2119206743732,0.3652037617554859
1118,11.17,0.023352979,62.50463323446087,0.004702194357366771
1119,11.18,0.02552449,68.31672278524456,0.004702194357366771
1120,11.19,0.02486631,66.5550897886969,0.004702194357366771
1121,11.2,0.9853949,2637.425822415496,0.34169278996865204
1122,11.21,0.9823238,2629.205952104224,0.3401253918495298
1123,11.22,0.022212371,59.45178198171106,0.004702194357366771
1124,11.23,0.027072584,72.46022092549813,0.004702194357366771
1125,11.24,0.02620771,70.14537148357063,0.004702194357366771
1126,11.25,0.02646493,70.83382124735638,0.004702194357366771
1127,11.26,0.98584497,2638.6303139630736,0.40752351097178685
1128,11.27,0.98610675,2639.3311759893936,0.34796238244514105
1129,11.28,0.02804981,75.0757828100077,0.004702194357366771
1130,11.29,0.024776662,66.3151462422365,0.004702194357366771
1131,11.3,0.025619429,68.5708245041178,0.004702194357366771
1132,11.31,0.031166034,83.41640808684403,0.004702194357366771
1133,11.32,0.98402923,2633.770409238623,0.36990595611285265
1134,11.33,0.032558102,87.14230243747623,0.004702194357366771
1135,11.34,0.026088078,69.82517623759982,0.004702194357366771
1136,11.35,0.98780155,2643.867274857723,0.3385579937304075
1137,11.36,0.98480326,2635.84227522031,0.3605015673981191
1138,11.37,0.9880505,2644.533697508641,0.3542319749216301
1139,11.38,0.9889677,2646.988426093683,0.3557993730407524
1140,11.39,0.984507,2635.0493752688053,0.3714733542319749
1141,11.4,0.02976628,79.66994607159813,0.004702194357366771
1142,11.41,0.99334866,2658.714099641024,0.3667711598746082
1143,11.42,0.9831616,2631.4485542679113,0.3777429467084639
1144,11.43,0.9823502,2629.2766105780393,0.3777429467084639
1145,11.44,0.9839553,2633.572837280535,0.3605015673981191
1146,11.45,0.9895714,2648.604358078622,0.3573667711598746
1147,11.46,0.029027738,77.6932246155184,0.004702194357366771
1148,11.47,0.02324797,62.22357979807836,0.004702194357366771
1149,11.48,0.027479509,73.5493611705528,0.004702194357366771
1150,11.49,0.029171057,78.07682290181175,0.004702194357366771
1151,11.5,0.02444631,65.43095190411985,0.004702194357366771
1152,11.51,0.9933506,2658.7194377439246,0.3824451410658307
1153,11.52,0.027705818,74.15508325794504,0.004702194357366771
1154,11.53,0.029871613,79.95186945014711,0.004702194357366771
1155,11.54,0.99321175,2658.347586067284,0.42946708463949845
1156,11.55,0.9882476,2645.0609511662906,0.37460815047021945
1157,11.56,0.99017614,2650.222949000379,0.40752351097178685
1158,11.57,0.99114484,2652.815673360101,0.3949843260188088
1159,11.58,0.02415952,64.663359599082,0.004702194357366771
1160,11.59,0.9891913,2647.586864942519,0.3981191222570533
1161,11.6,0.9896985,2648.9445151303057,0.42476489028213166
1162,11.61,0.989073,2647.270310895985,0.39184952978056425
1163,11.62,0.9948507,2662.7344112730943,0.3949843260188088
1164,11.63,0.02818329,75.43304683975431,0.004702194357366771
1165,11.64,0.99237037,2656.0956110812986,0.4043887147335423
1166,11.65,0.027749993,74.27331214266587,0.004702194357366771
1167,11.66,0.99603045,2665.89207122682,0.4200626959247649
1168,11.67,0.024763165,66.27902034474852,0.004702194357366771
1169,11.68,0.99058646,2651.3210084685775,0.3542319749216301
1170,11.69,0.99432147,2661.317846043311,0.35266457680250785
1171,11.7,0.9937703,2659.842656674525,0.390282131661442
1172,11.71,0.9861032,2639.321495652668,0.3432601880877743
1173,11.72,0.9893376,2647.9786087099237,0.3652037617554859
1174,11.73,0.98512954,2636.715663636053,0.3605015673981191
1175,11.74,0.9896619,2648.8463879560995,0.32445141065830724
1176,11.75,0.99384356,2660.038779860777,0.3338557993730408
1177,11.76,0.9926726,2656.9048910201363,0.33072100313479624
1178,11.77,0.99250525,2656.4567594005803,0.3605015673981191
1179,11.78,0.9902357,2650.3823145203905,0.3573667711598746
1180,11.79,0.031423412,84.10528220890046,0.004702194357366771
1181,11.8,0.025949067,69.45310841847729,0.004702194357366771
1182,11.81,0.025729882,68.86645136773129,0.004702194357366771
1183,11.82,0.02192413,58.68030333072596,0.004702194357366771
1184,11.83,0.98231417,2629.1802882393317,0.34796238244514105
1185,11.84,0.9877041,2643.6065466361993,0.3432601880877743
1186,11.85,0.99202424,2655.169464770755,0.3730407523510972
1187,11.86,0.98761445,2643.366549511044,0.3887147335423197
1188,11.87,0.9916824,2654.254406319329,0.3949843260188088
1189,11.88,0.99713266,2668.841922257065,0.3667711598746082
1190,11.89,0.99092263,2652.220975054639,0.34796238244514105
1191,11.9,0.9872108,2642.2860728654637,0.3557993730407524
1192,11.91,0.04312377,115.42148577144006,0.006269592476489028
1193,11.92,0.045499757,121.78085310714687,0.006269592476489028
1194,11.93,0.9931296,2658.1280352643344,0.3793103448275862
1195,11.94,0.98988706,2649.4493178337443,0.34796238244514105
1196,11.95,0.046582658,124.67925117567533,0.006269592476489028
1197,11.96,0.047943663,128.3220095862289,0.006269592476489028
1198,11.97,0.045541227,121.89184810305773,0.006269592476489028
1199,11.98,0.9934443,2658.9702709692224,0.3448275862068966
1200,11.99,0.99784,2670.735289991707,0.3495297805642633
1201,12.0,0.04969695,133.01470276753395,0.006269592476489028
1202,12.01,0.9877932,2643.845061556673,0.3275862068965517
1203,12.02,0.027805515,74.42192121565948,0.004702194357366771
1204,12.03,0.99159604,2654.0232221196757,0.3338557993730408
1205,12.04,0.9891906,2647.585013315985,0.3385579937304075
1206,12.05,0.9926021,2656.715959870863,0.335423197492163
1207,12.06,0.99028116,2650.5039797093063,0.32601880877742945
1208,12.07,0.9879315,2644.215069033363,0.33699059561128525
1209,12.08,0.99453086,2661.8784173010304,0.3338557993730408
1210,12.09,0.9936285,2659.4632265721193,0.34169278996865204
1211,12.1,0.9919421,2654.9494958115147,0.33699059561128525
1212,12.11,0.99363726,2659.4865783345667,0.34169278996865204
1213,12.12,0.996431,2666.9640933618334,0.3213166144200627
1214,12.13,0.9886342,2646.096036471534,0.3730407523510972
1215,12.14,0.029005479,77.63364489774087,0.004702194357366771
1216,12.15,0.9981098,2671.4574620797584,0.3401253918495298
1217,12.16,0.02879415,77.06802740445349,0.004702194357366771
1218,12.17,0.026013572,69.62575314208699,0.004702194357366771
1219,12.18,0.98643374,2640.206355278681,0.3495297805642633
1220,12.19,0.9791091,2620.601900258902,0.3620689655172414
1221,12.2,0.025979882,69.53558551973398,0.004702194357366771
1222,12.21,0.9848944,2636.086090341003,0.3322884012539185
1223,12.22,0.025932064,69.40759870359582,0.004702194357366771
1224,12.23,0.98329467,2631.80452209227,0.3463949843260188
1225,12.24,0.9874113,2642.8227300246867,0.33699059561128525
1226,12.25,0.019294979,51.64332948104855,0.004702194357366771
1227,12.26,0.0239788,64.17965433505114,0.004702194357366771
1228,12.27,0.9911901,2652.9367881257326,0.34169278996865204
1229,12.28,0.9911436,2652.812258443912,0.3322884012539185
1230,12.29,0.0205181,54.91703322440116,0.004702194357366771
1231,12.3,0.024535585,65.6698955721013,0.004702194357366771
1232,12.31,0.9786851,2619.4666894880747,0.36990595611285265
1233,12.32,0.9906082,2651.379319603868,0.3322884012539185
1234,12.33,0.023025211,61.62735687460282,0.004702194357366771
1235,12.34,0.024317306,65.08566791274191,0.004702194357366771
1236,12.35,0.98440784,2634.783934874702,0.30407523510971785
1237,12.36,0.97956556,2621.8235697191103,0.31504702194357365
1238,12.37,0.9872173,2642.303431039813,0.3072100313479624
1239,12.38,0.032026507,85.71947533570167,0.004702194357366771
1240,12.39,0.98995394,2649.6282457698,0.322884012539185
1241,12.4,0.02526003,67.60888842843357,0.004702194357366771
1242,12.41,0.986032,2639.1311051678645,0.34169278996865204
1243,12.42,0.031355698,83.92405230311218,0.004702194357366771
1244,12.43,0.024602106,65.84794422607273,0.004702194357366771
1245,12.44,0.9767683,2614.3367267411304,0.32445141065830724
1246,12.45,0.97505045,2609.7386701013916,0.3056426332288401
1247,12.46,0.9836179,2632.6695721637934,0.3213166144200627
1248,12.47,0.98784,2643.97015258176,0.33072100313479624
1249,12.48,0.98216575,2628.7829867365717,0.3322884012539185
1250,12.49,0.9857581,2638.3979541142276,0.3683385579937304
1251,12.5,0.9788901,2620.0156701644783,0.3385579937304075
1252,12.51,0.029794715,79.7460476431315,0.004702194357366771
1253,12.52,0.9915786,2653.9764965217105,0.3103448275862069
1254,12.53,0.023574952,63.09874982042763,0.004702194357366771
1255,12.54,0.027863063,74.57595243164093,0.004702194357366771
1256,12.55,0.027905492,74.68951785589798,0.004702194357366771
1257,12.56,0.027658666,74.02887583761729,0.004702194357366771
1258,12.57,0.028952712,77.49241547266138,0.004702194357366771
1259,12.58,0.9810873,2625.8964743104298,0.31974921630094044
1260,12.59,0.95881087,2566.2731098652926,0.2774294670846395
1261,12.6,0.028335318,75.8399494322839,0.004702194357366771
1262,12.61,0.0324411,86.82913940029448,0.004702194357366771
1263,12.62,0.030101504,80.56717960221837,0.004702194357366771
1264,12.63,0.03230321,86.46007403953624,0.004702194357366771
1265,12.64,0.026235439,70.21959188927485,0.004702194357366771
1266,12.65,0.993316,2658.626815300565,0.31347962382445144
1267,12.66,0.02273071,60.839121407583676,0.004702194357366771
1268,12.67,0.026371876,70.58476592040005,0.004702194357366771
1269,12.68,0.99273676,2657.0764891638487,0.3385579937304075
1270,12.69,0.9832902,2631.7925811899136,0.3338557993730408
1271,12.7,0.9754329,2610.7621499355746,0.3448275862068966
1272,12.71,0.9698428,2595.8002839089527,0.29780564263322884
1273,12.72,0.98221093,2628.9037070505015,0.31191222570532917
1274,12.73,0.9896725,2648.8747973623267,0.34169278996865204
1275,12.74,0.99221116,2655.669697550081,0.3652037617554859
1276,12.75,0.97903633,2620.4070743747393,0.31191222570532917
1277,12.76,0.9891705,2647.5311439993056,0.2993730407523511
1278,12.77,0.025978595,69.53213956893613,0.004702194357366771
1279,12.78,0.9922158,2655.6820482153516,0.3385579937304075
1280,12.79,0.98306394,2631.1869225993855,0.30094043887147337
1281,12.8,0.9869148,2641.4938317909773,0.3667711598746082
1282,12.81,0.9876236,2643.39082406008,0.3777429467084639
1283,12.82,0.9933707,2658.7731581283037,0.3683385579937304
1284,12.83,0.990054,2649.8960976767476,0.3448275862068966
1285,12.84,0.9875806,2643.275767714019,0.3542319749216301
1286,12.85,0.99465686,2662.215593717821,0.35266457680250785
1287,12.86,0.02805497,75.08958931443891,0.004702194357366771
1288,12.87,0.9902752,2650.4881317661175,0.35266457680250785
1289,12.88,0.9869623,2641.621054635215,0.3432601880877743
1290,12.89,0.029429236,78.76783573366997,0.004702194357366771
1291,12.9,0.98648995,2640.3567182209017,0.3871473354231975
1292,12.91,0.99010164,2650.023545734893,0.3275862068965517
1293,12.92,0.98892355,2646.870385246646,0.33699059561128525
1294,12.93,0.9900291,2649.8294217914263,0.34796238244514105
1295,12.94,0.99069774,2651.618992228727,0.3322884012539185
1296,12.95,0.023257475,62.24901927937209,0.004702194357366771
1297,12.96,0.98657525,2640.5849390211633,0.3338557993730408
1298,12.97,0.9889748,2647.0075725781207,0.3620689655172414
1299,12.98,0.031479876,84.25640608938554,0.004702194357366771
1300,12.99,0.9958887,2665.512727736739,0.3322884012539185
1301,13.0,0.9887076,2646.2923459512804,0.3495297805642633
1302,13.01,0.029177789,78.09483663767057,0.004702194357366771
1303,13.02,0.98034006,2623.8965511811475,0.33072100313479624
1304,13.03,0.9791117,2620.608760340621,0.34169278996865204
1305,13.04,0.9895699,2648.6003095166534,0.3981191222570533
1306,13.05,0.9829672,2630.927970955394,0.3385579937304075
1307,13.06,0.98093635,2625.4923204748943,0.41379310344827586
1308,13.07,0.9936889,2659.6248194827012,0.34169278996865204
1309,13.08,0.9904143,2650.860422793301,0.4153605015673981
1310,13.09,0.9932818,2658.5350382946804,0.4122257053291536
1311,13.1,0.99081993,2651.9459650377203,0.4090909090909091
1312,13.11,0.9916472,2654.1602138801422,0.4090909090909091
1313,13.12,0.9901612,2650.1829599768257,0.4169278996865204
1314,13.13,0.029168906,78.07105662412414,0.004702194357366771
1315,13.14,0.031674486,84.77728149081395,0.004702194357366771
1316,13.15,0.9914171,2653.544440697666,0.33072100313479624
1317,13.16,0.9945153,2661.836764751139,0.42476489028213166
1318,13.17,0.99367046,2659.575527749757,0.4122257053291536
1319,13.18,0.99214566,2655.4944790623417,0.4012539184952978
1320,13.19,0.98668194,2640.870657681058,0.4090909090909091
1321,13.2,0.98857844,2645.946613925772,0.3981191222570533
1322,13.21,0.9897678,2649.129866514697,0.4106583072100313
1323,13.22,0.98036015,2623.950188688128,0.3996865203761755
1324,13.23,0.98760825,2643.349943625791,0.3824451410658307
1325,13.24,0.9778806,2617.3138374129944,0.39184952978056425
1326,13.25,0.98925734,2647.763576771754,0.3949843260188088
1327,13.26,0.9872536,2642.4005935393025,0.4122257053291536
1328,13.27,0.9923616,2656.072354289664,0.43103448275862066
1329,13.28,0.98958945,2648.652520179184,0.4278996865203762
1330,13.29,0.9898648,2649.389561845539,0.40752351097178685
1331,13.3,0.98567283,2638.169599163737,0.390282131661442
1332,13.31,0.9946108,2662.0923238552296,0.36990595611285265
1333,13.32,0.9871191,2642.040483432036,0.3683385579937304
1334,13.33,0.026123878,69.92098632245595,0.004702194357366771
1335,13.34,0.9933491,2658.7152120706523,0.390282131661442
1336,13.35,0.024236385,64.86908479766954,0.004702194357366771
1337,13.36,0.97083974,2598.4687078623665,0.3793103448275862
1338,13.37,0.9878162,2643.906403753998,0.39655172413793105
1339,13.38,0.9795752,2621.8493541716166,0.4059561128526646
1340,13.39,0.026590569,71.17009636948478,0.004702194357366771
1341,13.4,0.028306069,75.76166223992276,0.004702194357366771
1342,13.41,0.025484614,68.20998980052082,0.004702194357366771
1343,13.42,0.95802623,2564.173157841487,0.3934169278996865
1344,13.43,0.92953414,2487.913558569999,0.36363636363636365
1345,13.44,0.99022377,2650.3502680848633,0.4169278996865204
1346,13.45,0.9852019,2636.9091077770117,0.4231974921630094
1347,13.46,0.9774685,2616.2106344598956,0.390282131661442
1348,13.47,0.97682106,2614.477729929269,0.4090909090909091
1349,13.48,0.9652556,2583.5226067626213,0.3887147335423197
1350,13.49,0.9743248,2607.7966495573223,0.4341692789968652
1351,13.5,0.98154145,2627.111983032627,0.4231974921630094
1352,13.51,0.9929992,2657.7787389465184,0.4263322884012539
1353,13.52,0.9889641,2646.9788215935864,0.4498432601880878
1354,13.53,0.98287123,2630.6711110100914,0.44670846394984326
1355,13.54,0.9793698,2621.2995061190095,0.42476489028213166
1356,13.55,0.98304343,2631.132081370351,0.4373040752351097
1357,13.56,0.9588769,2566.4500730061263,0.4373040752351097
1358,13.57,0.9897955,2649.2039978344783,0.4373040752351097
1359,13.58,0.9881812,2644.883330873447,0.438871473354232
1360,13.59,0.9862838,2639.8048576685464,0.4216300940438871
1361,13.6,0.9812142,2626.2360120961202,0.3996865203761755
1362,13.61,0.98156106,2627.1646009566603,0.4263322884012539
1363,13.62,0.96803653,2590.9659368922216,0.3887147335423197
1364,13.63,0.9715731,2600.431660338905,0.40752351097178685
1365,13.64,0.9806247,2624.6581924219486,0.4200626959247649
1366,13.65,0.92260605,2469.3703596759215,0.3871473354231975
1367,13.66,0.9261149,2478.762036252147,0.4231974921630094
1368,13.67,0.92115706,2465.4921268667836,0.43260188087774293
1369,13.68,0.94885474,2539.625576012333,0.445141065830721
1370,13.69,0.91305786,2443.8144457309945,0.4122257053291536
1371,13.7,0.8869718,2373.994748415531,0.4169278996865204
1372,13.71,0.9486672,2539.123530233851,0.44670846394984326
1373,13.72,0.9449354,2529.1353711503943,0.42946708463949845
1374,13.73,0.9086393,2431.988171842235,0.45141065830721006
1375,13.74,0.9024591,2415.4466639413217,0.43103448275862066
1376,13.75,0.9293279,2487.3616437774162,0.4373040752351097
1377,13.76,0.90808666,2430.5090388530334,0.4341692789968652
1378,13.77,0.8997383,2408.164484237232,0.44200626959247646
1379,13.78,0.9745663,2608.4429640590793,0.4231974921630094
1380,13.79,0.098592795,263.8852416072901,0.006269592476489028
1381,13.8,0.9655717,2584.368678808673,0.4263322884012539
1382,13.81,0.12978098,347.3609303910625,0.007836990595611285
1383,13.82,0.8957543,2397.501136020867,0.4341692789968652
1384,13.83,0.8760541,2344.773462759882,0.4106583072100313
1385,13.84,0.8751398,2342.3261267023217,0.43260188087774293
1386,13.85,0.9272844,2481.8920241634405,0.42946708463949845
1387,13.86,0.8441326,2259.3348785307894,0.41379310344827586
1388,13.87,0.1018313,272.5531757482481,0.006269592476489028
1389,13.88,0.90433997,2420.480890254161,0.44670846394984326
1390,13.89,0.8964769,2399.4353244697777,0.40752351097178685
1391,13.9,0.91152203,2439.703821157915,0.46865203761755486
1392,13.91,0.91548026,2450.2981955432974,0.4670846394984326
1393,13.92,0.9320132,2494.54876363077,0.44357366771159873
1394,13.93,0.9768736,2614.6182910677553,0.4890282131661442
1395,13.94,0.97678787,2614.388888052652,0.4608150470219436
1396,13.95,0.98105466,2625.809168332326,0.46238244514106586
1397,13.96,0.98685163,2641.3247434463915,0.5062695924764891
1398,13.97,0.9846845,2635.5243425444773,0.493730407523511
1399,13.98,0.98032266,2623.8497721034964,0.47492163009404387
1400,13.99,0.94201064,2521.3070887083372,0.46865203761755486
1401,14.0,0.97313774,2604.6194670458262,0.46238244514106586
1402,14.01,0.9088765,2432.6229344115495,0.4608150470219436
1403,14.02,0.8499053,2274.7855625969773,0.43103448275862066
1404,14.03,0.8412657,2251.6615394154887,0.3996865203761755
1405,14.04,0.07956394,212.9542053733553,0.006269592476489028
1406,14.05,0.8809399,2357.8502909887848,0.4216300940438871
1407,14.06,0.9364786,2506.500446484673,0.4592476489028213
1408,14.07,0.93012166,2489.4860030759532,0.48746081504702193
1409,14.08,0.92615426,2478.8671433151167,0.47492163009404387
1410,14.09,0.9392925,2514.032063359431,0.4890282131661442
1411,14.1,0.947012,2534.6933009129557,0.49059561128526646
1412,14.11,0.9412042,2519.1486773736806,0.47648902821316613
1413,14.12,0.9526511,2549.7862570149573,0.49059561128526646
1414,14.13,0.9332098,2497.7515836398,0.47962382445141066
1415,14.14,0.9502816,2543.44467333219,0.47335423197492166
1416,14.15,0.90299964,2416.8935361556587,0.45768025078369906
1417,14.16,0.9100627,2435.7979444496177,0.42476489028213166
1418,14.17,0.8868999,2373.802190901846,0.44670846394984326
1419,14.18,0.8976178,2402.488991635055,0.47648902821316613
1420,14.19,0.85756034,2295.274497966314,0.4561128526645768
1421,14.2,0.8331808,2230.0223346306316,0.438871473354232
1422,14.21,0.8584879,2297.757177694283,0.4482758620689655
1423,14.22,0.89353275,2391.555239362258,0.41379310344827586
1424,14.23,0.8053832,2155.621638480357,0.4341692789968652
1425,14.24,0.79136145,2118.0921469899586,0.4169278996865204
1426,14.25,0.91353196,2445.0834589407646,0.42946708463949845
1427,14.26,0.9098785,2435.3048174489413,0.43260188087774293
1428,14.27,0.9520371,2548.143054417694,0.46865203761755486
1429,14.28,0.93292785,2496.9967685143133,0.43103448275862066
1430,14.29,0.898812,2405.6852917917213,0.43260188087774293
1431,14.3,0.95316607,2551.1648651590804,0.42476489028213166
1432,14.31,0.9408389,2518.1708602004255,0.3981191222570533
1433,14.32,0.9425945,2522.869954154643,0.4012539184952978
1434,14.33,0.9796352,2622.0096536823103,0.4231974921630094
1435,14.34,0.96553016,2584.2575014813265,0.4106583072100313
1436,14.35,0.933458,2498.415745878451,0.3761755485893417
1437,14.36,0.9585002,2565.44175730052,0.3949843260188088
1438,14.37,0.90771306,2429.5089112680516,0.4106583072100313
1439,14.38,0.89530516,2396.298950995318,0.4231974921630094
1440,14.39,0.91739297,2455.4175246006926,0.39655172413793105
1441,14.4,0.91402584,2446.405353618422,0.3949843260188088
1442,14.41,0.8953774,2396.4925016136494,0.4341692789968652
1443,14.42,0.93200725,2494.5329786861075,0.44670846394984326
1444,14.43,0.97461617,2608.576509757433,0.4169278996865204
1445,14.44,0.9738135,2606.427890242247,0.42476489028213166
1446,14.45,0.95527285,2556.80371988335,0.43103448275862066
1447,14.46,0.97399914,2606.924888334525,0.445141065830721
1448,14.47,0.93043846,2490.333938443253,0.44357366771159873
1449,14.48,0.9518374,2547.6087457855197,0.4498432601880878
1450,14.49,0.96772563,2590.1338901026443,0.4670846394984326
1451,14.5,0.98103166,2625.74754202725,0.4717868338557994
1452,14.51,0.9844209,2634.8188452422373,0.4498432601880878
1453,14.52,0.97011477,2596.5283291127,0.44043887147335425
1454,14.53,0.95754695,2562.8902795756276,0.43260188087774293
1455,14.54,0.9740112,2606.9569856783883,0.4153605015673981
1456,14.55,0.9259082,2478.208849018127,0.39184952978056425
1457,14.56,0.96278524,2576.9107506716045,0.3887147335423197
1458,14.57,0.9455072,2530.6656673593216,0.42476489028213166
1459,14.58,0.9806422,2624.705024907232,0.40752351097178685
1460,14.59,0.9170755,2454.567788420987,0.3793103448275862
1461,14.6,0.9123519,2441.9249983705145,0.42476489028213166
1462,14.61,0.9170788,2454.5765555687267,0.42476489028213166
1463,14.62,0.9389903,2513.2232625316415,0.4263322884012539
1464,14.63,0.9182464,2457.701579702486,0.43260188087774293
1465,14.64,0.9632541,2578.1654941106563,0.4059561128526646
1466,14.65,0.9530274,2550.7936827987633,0.3777429467084639
1467,14.66,0.9357658,2504.5928267235454,0.4153605015673981
1468,14.67,0.93909395,2513.5005924129164,0.37460815047021945
1469,14.68,0.98532474,2637.2380952403646,0.4153605015673981
1470,14.69,0.96801025,2590.8954349213054,0.3996865203761755
1471,14.7,0.06442005,172.421346249258,0.006269592476489028
1472,14.71,0.98435533,2634.6432056994317,0.3871473354231975
1473,14.72,0.97954273,2621.762523593647,0.3887147335423197
1474,14.73,0.978153,2618.042839296326,0.4169278996865204
1475,14.74,0.95046043,2543.92300534111,0.4498432601880878
1476,14.75,0.96285594,2577.099928832254,0.445141065830721
1477,14.76,0.937819,2510.0881182048756,0.43573667711598746
1478,14.77,0.94790447,2537.0819332146257,0.43573667711598746
1479,14.78,0.9403568,2516.8807132038387,0.4200626959247649
1480,14.79,0.9485948,2538.929667744762,0.4153605015673981
1481,14.8,0.98558414,2637.932419533534,0.4169278996865204
1482,14.81,0.9796321,2622.0014532392884,0.3981191222570533
1483,14.82,0.9344032,2500.9455083825205,0.43103448275862066
1484,14.83,0.06662113,178.31257097360276,0.006269592476489028
1485,14.84,0.9719901,2601.5476961705244,0.43260188087774293
1486,14.85,0.986281,2639.7973844314233,0.43573667711598746
1487,14.86,0.9746547,2608.6795284465293,0.4482758620689655
1488,14.87,0.96075624,2571.4800648904843,0.45297805642633227
1489,14.88,0.97218513,2602.069516151058,0.3761755485893417
1490,14.89,0.99128526,2653.1913743747755,0.47492163009404387
1491,14.9,0.97875327,2619.6493133007143,0.4608150470219436
1492,14.91,0.9427411,2523.2622426195844,0.47648902821316613
1493,14.92,0.9324475,2495.711060298094,0.4263322884012539
1494,14.93,0.9877068,2643.6134881023886,0.4843260188087774
1495,14.94,0.94495016,2529.1747982853526,0.46865203761755486
1496,14.95,0.93298286,2497.1439266805105,0.4780564263322884
1497,14.96,0.94932634,2540.887763485822,0.43573667711598746
1498,14.97,0.971731,2600.8542757938253,0.44357366771159873
1499,14.98,0.95123065,2545.984696418375,0.45768025078369906
1500,14.99,0.95755786,2562.9194730724303,0.46551724137931033
1501,15.0,0.9474499,2535.865516795612,0.4702194357366771
1502,15.01,0.9008611,2411.1695790718936,0.43260188087774293
1503,15.02,0.9071964,2428.1261070156843,0.44357366771159873
1504,15.03,0.9103626,2436.600486848647,0.4608150470219436
1505,15.04,0.93694854,2507.758354615807,0.45141065830721006
1506,15.05,0.9299843,2489.118451387543,0.4608150470219436
1507,15.06,0.94103456,2518.6945642563805,0.44200626959247646
1508,15.07,0.9471668,2535.1075843764074,0.44200626959247646
1509,15.08,0.9418507,2520.8790689493194,0.4561128526645768
1510,15.09,0.064074405,171.49620765157118,0.006269592476489028
1511,15.1,0.060472768,161.85636720318095,0.006269592476489028
1512,15.11,0.9404763,2517.2003881481405,0.37460815047021945
1513,15.12,0.9546425,2555.116497865749,0.41849529780564265
1514,15.13,0.96310365,2577.7630606532857,0.438871473354232
1515,15.14,0.06414277,171.67919814473998,0.006269592476489028
1516,15.15,0.989331,2647.960839783984,0.42476489028213166
1517,15.16,0.95614064,2559.126168746622,0.3683385579937304
1518,15.17,0.95704883,2561.5570740821113,0.4043887147335423
1519,15.18,0.9882577,2645.088078137074,0.390282131661442
1520,15.19,0.94696164,2534.558593923943,0.3495297805642633
1521,15.2,0.9603707,2570.4482757611895,0.3683385579937304
1522,15.21,0.91088426,2437.9967401445165,0.3714733542319749
1523,15.22,0.05809877,155.5023188905293,0.006269592476489028
1524,15.23,0.92618185,2478.9412540680064,0.4122257053291536
1525,15.24,0.061412297,164.3710396913939,0.006269592476489028
1526,15.25,0.06733037,180.210851396796,0.006269592476489028
1527,15.26,0.9707318,2598.179605089721,0.4012539184952978
1528,15.27,0.065629326,175.65798868051434,0.006269592476489028
1529,15.28,0.06576612,176.0241014537678,0.006269592476489028
1530,15.29,0.9684132,2591.973870017835,0.4090909090909091
1531,15.3,0.9772695,2615.6780284386577,0.4153605015673981
1532,15.31,0.0642783,172.0419350901907,0.006269592476489028
1533,15.32,0.058777563,157.3191254585704,0.006269592476489028
1534,15.33,0.98897684,2647.0128806990087,0.40752351097178685
1535,15.34,0.96169317,2573.9878296822903,0.42476489028213166
1536,15.35,0.06473677,173.26903194693523,0.006269592476489028
1537,15.36,0.94871855,2539.261071558161,0.43260188087774293
1538,15.37,0.9316421,2493.5556422376403,0.3934169278996865
1539,15.38,0.93586683,2504.8630247336755,0.3824451410658307
1540,15.39,0.06587483,176.3150788395715,0.006269592476489028
1541,15.4,0.065930516,176.4641226111116,0.006269592476489028
1542,15.41,0.06776339,181.36982443001708,0.006269592476489028
1543,15.42,0.07080396,189.50797613648865,0.006269592476489028
1544,15.43,0.069410086,185.77724247851984,0.006269592476489028
1545,15.44,0.9186883,2458.8844385628067,0.4231974921630094
1546,15.45,0.06983848,186.92386336898517,0.006269592476489028
1547,15.46,0.06633605,177.54954547704705,0.006269592476489028
1548,15.47,0.9653031,2583.649818222452,0.4561128526645768
1549,15.48,0.07060907,188.98635636221525,0.006269592476489028
1550,15.49,0.07250973,194.07348849265827,0.006269592476489028
1551,15.5,0.9685238,2592.2700709299897,0.4200626959247649
1552,15.51,0.9666228,2587.182095823423,0.3996865203761755
1553,15.52,0.079490565,212.75780586208117,0.006269592476489028
1554,15.53,0.9563723,2559.7463540367917,0.4153605015673981
1555,15.54,0.9406324,2517.618119022831,0.4278996865203762
1556,15.55,0.06885357,184.28771727574303,0.006269592476489028
1557,15.56,0.100762874,269.6935261476223,0.007836990595611285
1558,15.57,0.98208493,2628.5665504555773,0.44670846394984326
1559,15.58,0.06998562,187.31766940267747,0.006269592476489028
1560,15.59,0.0682395,182.64416104461043,0.006269592476489028
1561,15.6,0.93736565,2508.8748453174353,0.40282131661442006
1562,15.61,0.071478024,191.31211305511988,0.006269592476489028
1563,15.62,0.9489817,2539.965248109747,0.43573667711598746
1564,15.63,0.08102867,216.87456562706205,0.006269592476489028
1565,15.64,0.9712189,2599.4834521579983,0.4341692789968652
1566,15.65,0.96991044,2595.98155665948,0.43573667711598746
1567,15.66,0.96706295,2588.3602215474107,0.43573667711598746
1568,15.67,0.95824844,2564.7677429062514,0.4169278996865204
1569,15.68,0.067596555,180.92328716873814,0.006269592476489028
1570,15.69,0.93336064,2498.15523069292,0.4278996865203762
1571,15.7,0.9244029,2474.1795960616205,0.4200626959247649
1572,15.71,0.93446046,2501.098778729184,0.41379310344827586
1573,15.72,0.97712135,2615.2813864341265,0.4106583072100313
1574,15.73,0.07428679,198.82981188064417,0.006269592476489028
1575,15.74,0.9490412,2540.124633616394,0.4200626959247649
1576,15.75,0.9631611,2577.9167602400644,0.4200626959247649
1577,15.76,0.9226126,2469.38800018138,0.45141065830721006
1578,15.77,0.06859349,183.59159168392807,0.006269592476489028
1579,15.78,0.96876717,2592.9212912698167,0.44200626959247646
1580,15.79,0.97421485,2607.502085048334,0.42946708463949845
1581,15.8,0.9774208,2616.0830423921498,0.39655172413793105
1582,15.81,0.07020293,187.89930912754699,0.006269592476489028
1583,15.82,0.99061424,2651.395501803556,0.43573667711598746
1584,15.83,0.98849976,2645.736168072337,0.44670846394984326
1585,15.84,0.06458658,172.86704370258485,0.006269592476489028
1586,15.85,0.970742,2598.207043093183,0.4090909090909091
1587,15.86,0.91673386,2453.653261763899,0.4200626959247649
1588,15.87,0.909792,2435.0734258748416,0.4169278996865204
1589,15.88,0.9313861,2492.87046808617,0.4278996865203762
1590,15.89,0.07649876,204.7502006365289,0.006269592476489028
1591,15.9,0.07080771,189.518022522378,0.006269592476489028
1592,15.91,0.83357483,2231.0769933806873,0.4059561128526646
1593,15.92,0.072621986,194.37395468823348,0.006269592476489028
1594,15.93,0.07903871,211.54841435963183,0.006269592476489028
1595,15.94,0.91709113,2454.6095100895964,0.42946708463949845
1596,15.95,0.06905723,184.8328380271919,0.006269592476489028
1597,15.96,0.07257286,194.24246888370814,0.006269592476489028
1598,15.97,0.8767357,2346.5976306638986,0.3887147335423197
1599,15.98,0.8902875,2382.8693326538983,0.3981191222570533
1600,15.99,0.065505624,175.32688538931916,0.006269592476489028
1601,16.0,0.8865879,2372.9672954044513,0.3761755485893417
1602,16.01,0.0689023,184.41815454983868,0.006269592476489028
1603,16.02,0.8844987,2367.3755026576273,0.3934169278996865
1604,16.03,0.8976118,2402.4729389237523,0.4043887147335423
1605,16.04,0.07643725,204.5855672580965,0.006269592476489028
1606,16.05,0.92329943,2471.2262722508867,0.384012539184953
1607,16.06,0.08256388,220.98360077579218,0.006269592476489028
1608,16.07,0.0737759,197.46243898884865,0.006269592476489028
1609,16.08,0.07441519,199.17349290404766,0.006269592476489028
1610,16.09,0.06425147,171.97012694953992,0.006269592476489028
1611,16.1,0.89146936,2386.0323639505,0.38087774294670845
1612,16.11,0.89799666,2403.502907151315,0.3730407523510972
1613,16.12,0.07380932,197.55186566940165,0.006269592476489028
1614,16.13,0.06798957,181.97522719092916,0.006269592476489028
1615,16.14,0.06926832,185.39781319106032,0.006269592476489028
1616,16.15,0.07746144,207.32681209766042,0.006269592476489028
1617,16.16,0.06669068,178.4987183222865,0.006269592476489028
1618,16.17,0.8792889,2353.4313033396,0.3463949843260188
1619,16.18,0.87553465,2343.382976394349,0.38087774294670845
1620,16.19,0.072216235,193.28795181114586,0.006269592476489028
1621,16.2,0.88194853,2360.5497860978026,0.3667711598746082
1622,16.21,0.071203336,190.57691605492386,0.006269592476489028
1623,16.22,0.066698775,178.52036471826978,0.006269592476489028
1624,16.23,0.062317707,166.7943678429478,0.006269592476489028
1625,16.24,0.06729174,180.1074585125111,0.006269592476489028
1626,16.25,0.06836205,182.97215774968936,0.006269592476489028
1627,16.26,0.07236888,193.69652131432628,0.006269592476489028
1628,16.27,0.07202303,192.7708308974802,0.006269592476489028
1629,16.28,0.0660543,176.795423175216,0.006269592476489028
1630,16.29,0.072951764,195.25660920358627,0.006269592476489028
1631,16.3,0.074715115,199.9762431248973,0.006269592476489028
1632,16.31,0.06613077,177.00011240973944,0.006269592476489028
1633,16.32,0.06720527,179.87602908255394,0.006269592476489028
1634,16.33,0.06736017,180.2906261909416,0.006269592476489028
1635,16.34,0.070624806,189.02847190631343,0.006269592476489028
1636,16.35,0.07229788,193.50646640695143,0.006269592476489028
1637,16.36,0.9167071,2453.581891739133,0.3996865203761755
1638,16.37,0.06692653,179.1299676382142,0.006269592476489028
1639,16.38,0.8979631,2403.4130864707286,0.3683385579937304
1640,16.39,0.06863794,183.7105920250783,0.006269592476489028
1641,16.4,0.06833532,182.90062593213952,0.006269592476489028
1642,16.41,0.06558228,175.53207465921736,0.006269592476489028
1643,16.42,0.07141971,191.1560420028518,0.006269592476489028
1644,16.43,0.0666019,178.26108688073103,0.006269592476489028
1645,16.44,0.07597046,203.33620350513453,0.006269592476489028
1646,16.45,0.071903884,192.45194218225421,0.006269592476489028
1647,16.46,0.06624957,177.31807756872698,0.006269592476489028
1648,16.47,0.06391008,171.0563906516063,0.006269592476489028
1649,16.48,0.07290768,195.13860912003702,0.006269592476489028
1650,16.49,0.06437571,172.30266986144946,0.006269592476489028
1651,16.5,0.06450996,172.6619664714022,0.006269592476489028
1652,16.51,0.0739447,197.91422466185713,0.006269592476489028
1653,16.52,0.078494504,210.09185020855006,0.006269592476489028
1654,16.53,0.06880373,184.15433204863075,0.006269592476489028
1655,16.54,0.06209332,166.19379846275115,0.006269592476489028
1656,16.55,0.07039216,188.40578926906798,0.006269592476489028
1657,16.56,0.9648708,2582.492797643334,0.45768025078369906
1658,16.57,0.06841811,183.12219989123287,0.006269592476489028
1659,16.58,0.97954303,2621.7632674680235,0.542319749216301
1660,16.59,0.0683114,182.83659347284902,0.006269592476489028
1661,16.6,0.071175896,190.5034624012301,0.006269592476489028
1662,16.61,0.9772629,2615.6602949941603,0.4482758620689655
1663,16.62,0.98361564,2632.6635046340193,0.46551724137931033
1664,16.63,0.06645273,177.86182934425327,0.006269592476489028
1665,16.64,0.071015835,190.0750535524112,0.006269592476489028
1666,16.65,0.06763071,181.0147042330927,0.006269592476489028
1667,16.66,0.06842329,183.1360828143433,0.006269592476489028
1668,16.67,0.072700195,194.58328894345956,0.006269592476489028
1669,16.68,0.068744585,183.99602513125637,0.006269592476489028
1670,16.69,0.0712448,190.6878798975731,0.006269592476489028
1671,16.7,0.9788985,2620.0381432143527,0.49843260188087773
1672,16.71,0.062729545,167.89666974283818,0.006269592476489028
1673,16.72,0.06933266,185.5700262270106,0.006269592476489028
1674,16.73,0.068299696,182.80527248064436,0.006269592476489028
1675,16.74,0.07123943,190.67351403558408,0.006269592476489028
1676,16.75,0.06262441,167.615277872093,0.006269592476489028
1677,16.76,0.065022804,174.03462819676537,0.006269592476489028
1678,16.77,0.06694364,179.17576816481414,0.006269592476489028
1679,16.78,0.06434457,172.21931510698283,0.006269592476489028
1680,16.79,0.06241354,167.05086709262878,0.006269592476489028
1681,16.8,0.91638905,2452.730503687352,0.4780564263322884
1682,16.81,0.060874693,162.93213259018734,0.006269592476489028
1683,16.82,0.88739336,2375.122976779461,0.45454545454545453
1684,16.83,0.90503734,2422.3473956514904,0.45297805642633227
1685,16.84,0.9906564,2651.50837740539,0.4670846394984326
1686,16.85,0.9477173,2536.5809906500217,0.46238244514106586
1687,16.86,0.06667383,178.45360741734063,0.006269592476489028
1688,16.87,0.9718345,2601.1309819056582,0.438871473354232
1689,16.88,0.06358783,170.19387594642475,0.006269592476489028
1690,16.89,0.064797625,173.43191112852085,0.006269592476489028
1691,16.9,0.8421351,2253.988581130577,0.3981191222570533
1692,16.91,0.058822885,157.44043312407484,0.006269592476489028
1693,16.92,0.87656534,2346.141719203913,0.4043887147335423
1694,16.93,0.060890023,162.97315380593636,0.006269592476489028
1695,16.94,0.063207254,169.1752617458269,0.006269592476489028
1696,16.95,0.8663619,2318.832096777906,0.39655172413793105
1697,16.96,0.06632644,177.5238151746398,0.006269592476489028
1698,16.97,0.06716929,179.77971090820301,0.006269592476489028
1699,16.98,0.06604741,176.7769895342385,0.006269592476489028
1700,16.99,0.060314093,161.4316674559404,0.006269592476489028
1701,17.0,0.94764394,2536.384783195079,0.3730407523510972
1702,17.01,0.06821991,182.59171993307743,0.006269592476489028
1703,17.02,0.06865809,183.7645125241779,0.006269592476489028
1704,17.03,0.06185783,165.5635129680409,0.006269592476489028
1705,17.04,0.067302145,180.13529420210398,0.006269592476489028
1706,17.05,0.06150753,164.62593332492588,0.006269592476489028
1707,17.06,0.060759228,162.62308091820572,0.006269592476489028
1708,17.07,0.054418717,145.652600366524,0.006269592476489028
1709,17.08,0.06265713,167.7028427832875,0.006269592476489028
1710,17.09,0.06850147,183.34531609418627,0.006269592476489028
1711,17.1,0.8918912,2387.1616879208404,0.3934169278996865
1712,17.11,0.06776123,181.3640433408755,0.006269592476489028
1713,17.12,0.06804928,182.13504353510052,0.006269592476489028
1714,17.13,0.06900904,184.70385911900388,0.006269592476489028
1715,17.14,0.06772419,181.26492566682822,0.006269592476489028
1716,17.15,0.060835637,162.8275912944514,0.006269592476489028
1717,17.16,0.82852,2217.5476492133457,0.37460815047021945
1718,17.17,0.77844864,2083.53082473877,0.37460815047021945
1719,17.18,0.8407652,2250.32205076588,0.3871473354231975
1720,17.19,0.82120514,2197.969244032835,0.3934169278996865
1721,17.2,0.064220086,171.88612931660558,0.006269592476489028
1722,17.21,0.07128183,190.78699919548671,0.006269592476489028
1723,17.22,0.06322468,169.2219031329446,0.006269592476489028
1724,17.23,0.06359167,170.20414931264716,0.006269592476489028
1725,17.24,0.065116785,174.2861660447702,0.006269592476489028
1726,17.25,0.066562265,178.1550127554747,0.006269592476489028
1727,17.26,0.06458408,172.8603572423735,0.006269592476489028
1728,17.27,0.063214585,169.19488292582673,0.006269592476489028
1729,17.28,0.066493385,177.9706375105251,0.006269592476489028
1730,17.29,0.062074553,166.14357190889365,0.006269592476489028
1731,17.3,0.06570096,175.84971942573978,0.006269592476489028
1732,17.31,0.06320833,169.17812399305282,0.006269592476489028
1733,17.32,0.7993877,2139.5745506053217,0.3949843260188088
1734,17.33,0.058519136,156.62744060292562,0.006269592476489028
1735,17.34,0.060225517,161.19459898391779,0.006269592476489028
1736,17.35,0.058317956,156.08898082097633,0.006269592476489028
1737,17.36,0.75494564,2020.624452725922,0.3761755485893417
1738,17.37,0.7799135,2087.4512942786996,0.36990595611285265
1739,17.38,0.7830396,2095.818485734199,0.38557993730407525
1740,17.39,0.070722446,189.28979640680842,0.006269592476489028
1741,17.4,0.06896534,184.58686797083186,0.006269592476489028
1742,17.41,0.065049976,174.10735009990094,0.006269592476489028
1743,17.42,0.7873735,2107.418101453716,0.3542319749216301
1744,17.43,0.06651116,178.0182142143172,0.006269592476489028
1745,17.44,0.060770884,162.65427889062315,0.006269592476489028
1746,17.45,0.062448766,167.14514929445883,0.006269592476489028
1747,17.46,0.06552974,175.39144057634306,0.006269592476489028
1748,17.47,0.82765573,2215.2342843566034,0.3777429467084639
1749,17.48,0.06571677,175.8920373217797,0.006269592476489028
1750,17.49,0.83631486,2238.410530216495,0.3620689655172414
1751,17.5,0.7966279,2132.187623779689,0.3573667711598746
1752,17.51,0.06306675,168.7992060542738,0.006269592476489028
1753,17.52,0.80279773,2148.7014159808064,0.3620689655172414
1754,17.53,0.063698456,170.4899824210361,0.006269592476489028
1755,17.54,0.8908592,2384.3994306199124,0.3605015673981191
1756,17.55,0.06532846,174.85270807691083,0.006269592476489028
1757,17.56,0.06604787,176.77823142693978,0.006269592476489028
1758,17.57,0.061368432,164.25362455696168,0.006269592476489028
1759,17.58,0.0624623,167.18137571627815,0.006269592476489028
1760,17.59,0.071898125,192.43652862759657,0.006269592476489028
1761,17.6,0.06668413,178.48117773960445,0.006269592476489028
1762,17.61,0.06563173,175.66442292474497,0.006269592476489028
1763,17.62,0.060880937,162.94883385225603,0.006269592476489028
1764,17.63,0.9084737,2431.5449560118423,0.3605015673981191
1765,17.64,0.06406824,171.47970836988318,0.006269592476489028
1766,17.65,0.06309923,168.88613199946303,0.006269592476489028
1767,17.66,0.06618329,177.14066714519552,0.006269592476489028
1768,17.67,0.8278513,2215.7577805524943,0.3557993730407524
1769,17.68,0.066869184,178.97648496432473,0.006269592476489028
1770,17.69,0.8738435,2338.8566511051545,0.36363636363636365
1771,17.7,0.75256187,2014.2443428846832,0.3620689655172414
1772,17.71,0.0628024,168.09166226490555,0.006269592476489028
1773,17.72,0.70621896,1890.2068431556836,0.3181818181818182
1774,17.73,0.06482089,173.4942066624885,0.006269592476489028
1775,17.74,0.686096,1836.3473209832205,0.3181818181818182
1776,17.75,0.71912926,1924.7613470033486,0.329153605015674
1777,17.76,0.060008954,160.61495671939156,0.006269592476489028
1778,17.77,0.060261987,161.29221024144093,0.006269592476489028
1779,17.78,0.062357213,166.90011601175004,0.006269592476489028
1780,17.79,0.85979885,2301.265800224165,0.3181818181818182
1781,17.8,0.8426001,2255.233265612715,0.335423197492163
1782,17.81,0.069077924,184.88822125566094,0.006269592476489028
1783,17.82,0.06941092,185.779483087515,0.006269592476489028
1784,17.83,0.877695,2349.165395442387,0.31347962382445144
1785,17.84,0.811047,2170.7807345535,0.29780564263322884
1786,17.85,0.846341,2265.2457854848726,0.30250783699059564
1787,17.86,0.05834353,156.15743125581773,0.006269592476489028
1788,17.87,0.06326873,169.339797701512,0.006269592476489028
1789,17.88,0.73441446,1965.6725244848194,0.30250783699059564
1790,17.89,0.066160426,177.079485002203,0.006269592476489028
1791,17.9,0.06487056,173.62713246332493,0.006269592476489028
1792,17.91,0.06520963,174.5346554781704,0.006269592476489028
1793,17.92,0.07319901,195.91837076220648,0.006269592476489028
1794,17.93,0.82914066,2219.208768584986,0.33699059561128525
1795,17.94,0.87586814,2344.2756171451742,0.3401253918495298
1796,17.95,0.075688414,202.58129426792993,0.006269592476489028
1797,17.96,0.069524825,186.08434685527118,0.006269592476489028
1798,17.97,0.07142462,191.1691782857206,0.006269592476489028
1799,17.98,0.06695776,179.21355262748506,0.006269592476489028
1800,17.99,0.070200585,187.89304094482435,0.006269592476489028
1801,18.0,0.070029765,187.43582688725152,0.006269592476489028
1802,18.01,0.062294308,166.73174469841206,0.006269592476489028
1803,18.02,0.06833624,182.9030884972012,0.006269592476489028
1804,18.03,0.7972802,2133.9336818429397,0.32601880877742945
1805,18.04,0.7783052,2083.14665868102,0.3495297805642633
1806,18.05,0.06731663,180.17407756293096,0.006269592476489028
1807,18.06,0.06677823,178.7330353358571,0.006269592476489028
1808,18.07,0.07365601,197.14152687961405,0.006269592476489028
1809,18.08,0.8338135,2231.7156589987285,0.3495297805642633
1810,18.09,0.07006329,187.52556986171527,0.006269592476489028
1811,18.1,0.8719009,2333.657287961568,0.33072100313479624
1812,18.11,0.07200684,192.72749891467816,0.006269592476489028
1813,18.12,0.06868415,183.83427882606748,0.006269592476489028
1814,18.13,0.07244338,193.8959034177014,0.006269592476489028
1815,18.14,0.06687243,178.98518537337893,0.006269592476489028
1816,18.15,0.06526527,174.68357856781037,0.006269592476489028
1817,18.16,0.8177014,2188.5912544575044,0.3557993730407524
1818,18.17,0.07010082,187.62601115416695,0.006269592476489028
1819,18.18,0.06822952,182.61742482871023,0.006269592476489028
1820,18.19,0.0808107,216.29119900013438,0.006269592476489028
1821,18.2,0.06987165,187.01262631789817,0.006269592476489028
1822,18.21,0.7768231,2079.1798175274594,0.3871473354231975
1823,18.22,0.06769434,181.18504966520504,0.006269592476489028
1824,18.23,0.7390408,1978.0549393223814,0.3714733542319749
1825,18.24,0.07082954,189.5764302810885,0.006269592476489028
1826,18.25,0.7105444,1901.7838883961242,0.39655172413793105
1827,18.26,0.71422386,1911.63207153363,0.3667711598746082
1828,18.27,0.07072779,189.3040928439245,0.006269592476489028
1829,18.28,0.07088985,189.73786621762605,0.006269592476489028
1830,18.29,0.76355064,2043.655850576295,0.35893416927899685
1831,18.3,0.07116849,190.48364199234948,0.006269592476489028
1832,18.31,0.07531752,201.58859350089102,0.006269592476489028
1833,18.32,0.06895549,184.5605137848679,0.006269592476489028
1834,18.33,0.07640855,204.50874200008218,0.006269592476489028
1835,18.34,0.07210687,192.99521797821214,0.006269592476489028
1836,18.35,0.06633886,177.55706917510093,0.006269592476489028
1837,18.36,0.116900414,312.88589529220826,0.007836990595611285
1838,18.37,0.069640376,186.39363132912925,0.006269592476489028
1839,18.38,0.0742552,198.74527236279346,0.006269592476489028
1840,18.39,0.06984088,186.93027230000874,0.006269592476489028
1841,18.4,0.075685464,202.57341531712063,0.006269592476489028
1842,18.41,0.07369376,197.2425619417017,0.006269592476489028
1843,18.42,0.07266402,194.48646987987965,0.006269592476489028
1844,18.43,0.06895614,184.56223836287472,0.006269592476489028
1845,18.44,0.07681164,205.58762732156447,0.006269592476489028
1846,18.45,0.86126566,2305.1919567864043,0.3981191222570533
1847,18.46,0.068164855,182.44436057646044,0.006269592476489028
1848,18.47,0.07673058,205.3706628966588,0.006269592476489028
1849,18.48,0.07490258,200.4780019252058,0.006269592476489028
1850,18.49,0.80021137,2141.7791488846333,0.37460815047021945
1851,18.5,0.06764699,181.05829138061156,0.006269592476489028
1852,18.51,0.8058959,2156.9939749065493,0.3573667711598746
1853,18.52,0.071638644,191.74202191196852,0.006269592476489028
1854,18.53,0.067787886,181.4353928758187,0.006269592476489028
1855,18.54,0.068021506,182.06070064650976,0.006269592476489028
1856,18.55,0.06613476,177.01078626070645,0.006269592476489028
1857,18.56,0.06564156,175.69071685304837,0.006269592476489028
1858,18.57,0.06771754,181.24711281283723,0.006269592476489028
1859,18.58,0.072822146,194.90968407928042,0.006269592476489028
1860,18.59,0.85630435,2291.9128520076274,0.45141065830721006
1861,18.6,0.0655616,175.476711811043,0.006269592476489028
1862,18.61,0.06666177,178.421331063053,0.006269592476489028
1863,18.62,0.06068089,162.41341058157562,0.006269592476489028
1864,18.63,0.06840038,183.0747563229993,0.006269592476489028
1865,18.64,0.068665095,183.78325972857644,0.006269592476489028
1866,18.65,0.067197576,179.85542764493533,0.006269592476489028
1867,18.66,0.9777619,2616.996008100133,0.4670846394984326
1868,18.67,0.86548114,2316.4746278329744,0.42946708463949845
1869,18.68,0.06893531,184.50650588816546,0.006269592476489028
1870,18.69,0.8605264,2303.213167636331,0.4200626959247649
1871,18.7,0.071543,191.48602836178588,0.006269592476489028
1872,18.71,0.071330145,190.91632121413883,0.006269592476489028
1873,18.72,0.060785126,162.6923962666406,0.006269592476489028
1874,18.73,0.071720794,191.96190190088862,0.006269592476489028
1875,18.74,0.9892315,2647.694661506964,0.4592476489028213
1876,18.75,0.0664189,177.77129568403373,0.006269592476489028
1877,18.76,0.067236915,179.96071863152383,0.006269592476489028
1878,18.77,0.07104009,190.13996166475638,0.006269592476489028
1879,18.78,0.06768776,181.1674050632118,0.006269592476489028
1880,18.79,0.07047618,188.63066635573708,0.006269592476489028
1881,18.8,0.070565104,188.86867215494252,0.006269592476489028
1882,18.81,0.91609836,2451.9523490296365,0.47335423197492166
1883,18.82,0.9760369,2612.3789450072713,0.4592476489028213
1884,18.83,0.065150365,174.37603759935067,0.006269592476489028
1885,18.84,0.07108795,190.26806088297053,0.006269592476489028
1886,18.85,0.98365176,2632.760283948026,0.4341692789968652
1887,18.86,0.9852554,2637.052493945291,0.44670846394984326
1888,18.87,0.9376119,2509.5336823601706,0.45297805642633227
1889,18.88,0.8462925,2265.116030536795,0.4263322884012539
1890,18.89,0.8792112,2353.2234087977868,0.45768025078369906
1891,18.9,0.060494542,161.91463797886445,0.006269592476489028
1892,18.91,0.06832619,182.87618753960257,0.006269592476489028
1893,18.92,0.06374874,170.62456139898455,0.006269592476489028
1894,18.93,0.064681575,173.12130407986388,0.006269592476489028
1895,18.94,0.98805785,2644.553175484689,0.4670846394984326
1896,18.95,0.0721756,193.17920172821005,0.006269592476489028
1897,18.96,0.07369272,197.23977129386054,0.006269592476489028
1898,18.97,0.9804878,2624.29197631931,0.47335423197492166
1899,18.98,0.068225704,182.60723533400824,0.006269592476489028
1900,18.99,0.06615559,177.0665426241676,0.006269592476489028
1901,19.0,0.9784574,2618.8573148143837,0.45297805642633227
1902,19.01,0.068991855,184.65785761485992,0.006269592476489028
1903,19.02,0.9835664,2632.5318118247737,0.4608150470219436
1904,19.03,0.97776806,2617.012532879749,0.44200626959247646
1905,19.04,0.065665625,175.75511975140216,0.006269592476489028
1906,19.05,0.06783883,181.57176697375968,0.006269592476489028
1907,19.06,0.066160575,177.0798812428111,0.006269592476489028
1908,19.07,0.07311587,195.6958397869248,0.006269592476489028
1909,19.08,0.97308177,2604.469595692785,0.44043887147335425
1910,19.09,0.07132684,190.90745885269598,0.006269592476489028
1911,19.1,0.9852089,2636.9279269747203,0.45141065830721006
1912,19.11,0.97844815,2618.832881346013,0.4780564263322884
1913,19.12,0.0662572,177.33850247791952,0.006269592476489028
1914,19.13,0.06783228,181.55423568673038,0.006269592476489028
1915,19.14,0.062495228,167.26951834669035,0.006269592476489028
1916,19.15,0.990787,2651.8580126065517,0.4561128526645768
1917,19.16,0.06546518,175.21864479372383,0.006269592476489028
1918,19.17,0.06589817,176.37754267963328,0.006269592476489028
1919,19.18,0.062255643,166.6282597569107,0.006269592476489028
1920,19.19,0.06576101,176.01042761929924,0.006269592476489028
1921,19.2,0.92148226,2466.3626359751397,0.42946708463949845
1922,19.21,0.064672336,173.0965727143039,0.006269592476489028
1923,19.22,0.06464133,173.01358441592902,0.006269592476489028
1924,19.23,0.064523496,172.69821894862523,0.006269592476489028
1925,19.24,0.07398762,198.02908610461873,0.006269592476489028
1926,19.25,0.06560596,175.59544056168488,0.006269592476489028
1927,19.26,0.92411923,2473.4204506882043,0.4592476489028213
1928,19.27,0.07120931,190.59291724545892,0.006269592476489028
1929,19.28,0.06301841,168.66981456426268,0.006269592476489028
1930,19.29,0.066055715,176.79921225089265,0.006269592476489028
1931,19.3,0.064773366,173.36699527645396,0.006269592476489028
1932,19.31,0.06682531,178.85904104753584,0.006269592476489028
1933,19.32,0.931641,2493.552512088699,0.4278996865203762
1934,19.33,0.0682024,182.54485218511033,0.006269592476489028
1935,19.34,0.96506536,2583.013517249719,0.46394984326018807
1936,19.35,0.9809616,2625.559981003836,0.4608150470219436
1937,19.36,0.06657819,178.19762793233843,0.006269592476489028
1938,19.37,0.0645555,172.7838770500707,0.006269592476489028
1939,19.38,0.065364674,174.94962600133704,0.006269592476489028
1940,19.39,0.9223457,2468.673623138472,0.4702194357366771
1941,19.4,0.9768761,2614.625006870272,0.4561128526645768
1942,19.41,0.95521814,2556.657331266169,0.45454545454545453
1943,19.42,0.96936023,2594.5088601235875,0.438871473354232
1944,19.43,0.06424789,171.9605578082264,0.006269592476489028
1945,19.44,0.06650566,178.00351449265375,0.006269592476489028
1946,19.45,0.97816163,2618.0658363300936,0.47335423197492166
1947,19.46,0.07305819,195.5414651590263,0.006269592476489028
1948,19.47,0.07168401,191.86343270993896,0.006269592476489028
1949,19.48,0.06493382,173.79644886215553,0.006269592476489028
1950,19.49,0.06965473,186.43205334890533,0.006269592476489028
1951,19.5,0.89631844,2399.011177532783,0.4498432601880878
1952,19.51,0.89027685,2382.840900364959,0.4498432601880878
1953,19.52,0.903517,2418.2782548868845,0.44200626959247646
1954,19.53,0.8821825,2361.175951816456,0.4231974921630094
1955,19.54,0.07148717,191.33660329465243,0.006269592476489028
1956,19.55,0.069131695,185.0321200306712,0.006269592476489028
1957,19.56,0.07539152,201.78665950686764,0.006269592476489028
1958,19.57,0.07918891,211.9504378995707,0.006269592476489028
1959,19.58,0.07315777,195.807984982931,0.006269592476489028
1960,19.59,0.078060366,208.92987469743275,0.006269592476489028
1961,19.6,0.06803778,182.1042482728398,0.006269592476489028
1962,19.61,0.06296586,168.5291777555649,0.006269592476489028
1963,19.62,0.07320938,195.94613736265416,0.006269592476489028
1964,19.63,0.0748292,200.28158403430322,0.006269592476489028
1965,19.64,0.92404425,2473.2197016003342,0.45141065830721006
1966,19.65,0.066450045,177.8546430406672,0.006269592476489028
1967,19.66,0.90961444,2434.598202786404,0.42946708463949845
1968,19.67,0.8695245,2327.296524447244,0.4106583072100313
1969,19.68,0.947603,2536.275239823266,0.44357366771159873
1970,19.69,0.9624951,2576.134001025879,0.4608150470219436
1971,19.7,0.9416916,2520.453116103757,0.44670846394984326
1972,19.71,0.9487762,2539.4152138289464,0.44043887147335425
1973,19.72,0.072727725,194.65697182460278,0.006269592476489028
1974,19.73,0.86798453,2323.174936505573,0.4278996865203762
1975,19.74,0.93117255,2492.2988475669727,0.4153605015673981
1976,19.75,0.8579391,2296.2882653534916,0.39184952978056425
1977,19.76,0.84471345,2260.8895372856123,0.39184952978056425
1978,19.77,0.8398937,2247.989525261711,0.3871473354231975
1979,19.78,0.07669162,205.26639673539646,0.006269592476489028
1980,19.79,0.070778094,189.438735725576,0.006269592476489028
1981,19.8,0.95281535,2550.225982127476,0.42476489028213166
1982,19.81,0.95807624,2564.306769349288,0.4373040752351097
1983,19.82,0.071803376,192.18292738341185,0.006269592476489028
1984,19.83,0.8995048,2407.5394317608952,0.4278996865203762
1985,19.84,0.9095393,2434.397048571226,0.4200626959247649
1986,19.85,0.9296052,2488.1037469275143,0.45141065830721006
1987,19.86,0.95937985,2567.7960501002663,0.4498432601880878
1988,19.87,0.9426064,2522.901545492373,0.438871473354232
1989,19.88,0.067244366,179.98065430105044,0.006269592476489028
1990,19.89,0.06812722,182.34363989064698,0.006269592476489028
1991,19.9,0.9283186,2484.6602244685278,0.4231974921630094
1992,19.91,0.92228186,2468.502674491451,0.43103448275862066
1993,19.92,0.95023775,2543.327216514519,0.4216300940438871
1994,19.93,0.9391606,2513.6789694281965,0.43260188087774293
1995,19.94,0.9333689,2498.177554473719,0.40282131661442006
1996,19.95,0.07204673,192.83425336272234,0.006269592476489028
1997,19.96,0.94858044,2538.89123574513,0.4200626959247649
1998,19.97,0.072449744,193.91292639943728,0.006269592476489028
1999,19.98,0.9408701,2518.254334637569,0.4090909090909091
2000,19.99,0.06766276,181.1005169819168,0.006269592476489028
2001,20.0,0.07526418,201.44583411349913,0.006269592476489028
2002,20.01,0.06538153,174.994744474091,0.006269592476489028
2003,20.02,0.909776,2435.0304123349797,0.35266457680250785
2004,20.03,0.88672155,2373.3248384849753,0.3683385579937304
2005,20.04,0.8422441,2254.2803874970705,0.3432601880877743
2006,20.05,0.91898483,2459.678101805386,0.3495297805642633
2007,20.06,0.07467512,199.86920710464796,0.006269592476489028
2008,20.07,0.8949117,2395.2460432550256,0.335423197492163
2009,20.08,0.071802214,192.1798270590288,0.006269592476489028
2010,20.09,0.87225926,2334.6164006144913,0.3557993730407524
2011,20.1,0.8747146,2341.188227341767,0.35266457680250785
2012,20.11,0.9015704,2413.068146926125,0.3824451410658307
2013,20.12,0.8992158,2406.766194422654,0.3510971786833856
2014,20.13,0.069818966,186.87163031853788,0.006269592476489028
2015,20.14,0.89485204,2395.0863583855075,0.3605015673981191
2016,20.15,0.9028985,2416.622794989201,0.37460815047021945
2017,20.16,0.9122143,2441.556719590547,0.3683385579937304
2018,20.17,0.06830967,182.83197683818165,0.006269592476489028
2019,20.18,0.8903033,2382.9116305087064,0.36363636363636365
2020,20.19,0.90219593,2414.742340574906,0.34796238244514105
2021,20.2,0.07501182,200.77038040324308,0.006269592476489028
2022,20.21,0.07205223,192.84899539158417,0.006269592476489028
2023,20.22,0.07229925,193.51014754018388,0.006269592476489028
2024,20.23,0.06634619,177.57669179684535,0.006269592476489028
2025,20.24,0.074659735,199.82801417699739,0.006269592476489028
2026,20.25,0.06688224,179.01140976967457,0.006269592476489028
2027,20.26,0.9023512,2415.15795853766,0.3338557993730408
2028,20.27,0.9053304,2423.1319001684465,0.3761755485893417
2029,20.28,0.07112839,190.3763133301531,0.006269592476489028
2030,20.29,0.066434786,177.81379375060214,0.006269592476489028
2031,20.3,0.8943264,2393.6794398545962,0.3730407523510972
2032,20.31,0.89276284,2389.4945988799423,0.4153605015673981
2033,20.32,0.062359393,166.90594678443858,0.006269592476489028
2034,20.33,0.06692851,179.13527117971444,0.006269592476489028
2035,20.34,0.9184446,2458.232276181479,0.4012539184952978
2036,20.35,0.941285,2519.3650957465434,0.3996865203761755
2037,20.36,0.068647794,183.73697630366772,0.006269592476489028
2038,20.37,0.90385306,2419.1777029384557,0.44357366771159873
2039,20.38,0.9006327,2410.5583526202236,0.3871473354231975
2040,20.39,0.9310319,2491.9222900737295,0.3949843260188088
2041,20.4,0.07133439,190.9276939055862,0.006269592476489028
2042,20.41,0.88228995,2361.4635310391614,0.3934169278996865
2043,20.42,0.90416,2419.9992903227867,0.40752351097178685
2044,20.43,0.8743623,2340.245024030364,0.36363636363636365
2045,20.44,0.8184833,2190.6841053900894,0.37460815047021945
2046,20.45,0.06402779,171.3714672606402,0.006269592476489028
2047,20.46,0.06395598,171.1792311020904,0.006269592476489028
2048,20.47,0.7805908,2089.26404989255,0.3777429467084639
2049,20.48,0.065204956,174.52216009624817,0.006269592476489028
2050,20.49,0.81796837,2189.3058965502523,0.3667711598746082
2051,20.5,0.8026725,2148.366119776439,0.3620689655172414
2052,20.51,0.8675242,2321.9429442538235,0.36990595611285265
2053,20.52,0.82850707,2217.5129038879795,0.3573667711598746
2054,20.53,0.86857945,2324.7672606115043,0.3401253918495298
2055,20.54,0.84554845,2263.124494235231,0.3275862068965517
2056,20.55,0.87643623,2345.796205869067,0.3385579937304075
2057,20.56,0.84405917,2259.1385246114833,0.322884012539185
2058,20.57,0.8487927,2271.807590028896,0.3166144200626959
2059,20.58,0.8450512,2261.7935866439007,0.3322884012539185
2060,20.59,0.84487575,2261.3240319172005,0.33072100313479624
2061,20.6,0.8412233,2251.548191052336,0.3605015673981191
2062,20.61,0.8804971,2356.6651331629446,0.3338557993730408
2063,20.62,0.06783066,181.54988160369336,0.006269592476489028
2064,20.63,0.831701,2226.061540555562,0.32601880877742945
2065,20.64,0.8305378,2222.948178231422,0.34169278996865204
2066,20.65,0.070304304,188.17063978598026,0.006269592476489028
2067,20.66,0.066676535,178.4608638876634,0.006269592476489028
2068,20.67,0.066457726,177.87521013326477,0.006269592476489028
2069,20.68,0.06890411,184.42299187261375,0.006269592476489028
2070,20.69,0.7965447,2131.965165708753,0.30250783699059564
2071,20.7,0.06460939,172.928121206944,0.006269592476489028
2072,20.71,0.06217774,166.41975459757896,0.006269592476489028
2073,20.72,0.0612884,164.03942586309404,0.006269592476489028
2074,20.73,0.0640832,171.51975529160376,0.006269592476489028
2075,20.74,0.06866354,183.77909234888236,0.006269592476489028
2076,20.75,0.8230107,2202.8018668136347,0.2852664576802508
2077,20.76,0.8111585,2171.0791330767784,0.30094043887147337
2078,20.77,0.06654536,178.10975448395044,0.006269592476489028
2079,20.78,0.6544472,1751.638835246448,0.2852664576802508
2080,20.79,0.730805,1956.0116057625864,0.28996865203761757
2081,20.8,0.06871188,183.90848224051203,0.006269592476489028
2082,20.81,0.069002606,184.68663025839305,0.006269592476489028
2083,20.82,0.7756661,2076.0831912467515,0.2727272727272727
2084,20.83,0.7457945,1996.1312960416883,0.2774294670846395
2085,20.84,0.7202124,1927.6605662113263,0.25862068965517243
2086,20.85,0.7247374,1939.771675920303,0.24921630094043887
2087,20.86,0.80586064,2156.899479858027,0.2884012539184953
2088,20.87,0.73718625,1973.091170957609,0.27899686520376177
2089,20.88,0.061081707,163.4861993929003,0.006269592476489028
2090,20.89,0.8276439,2215.2026574428915,0.2852664576802508
2091,20.9,0.8961901,2398.6676053259107,0.30250783699059564
2092,20.91,0.94263864,2522.9881530097846,0.30094043887147337
2093,20.92,0.06588437,176.34058534204902,0.006269592476489028
2094,20.93,0.06477721,173.37728374494642,0.006269592476489028
2095,20.94,0.77873015,2084.2840923051676,0.3103448275862069
2096,20.95,0.79677653,2132.58574664102,0.3072100313479624
2097,20.96,0.06671628,178.56724955398158,0.006269592476489028
2098,20.97,0.8193916,2193.1151833094364,0.3181818181818182
2099,20.98,0.068332404,182.89282831647375,0.006269592476489028
2100,20.99,0.7924664,2121.0495637798745,0.28056426332288403
2101,21.0,0.76550186,2048.8783835129634,0.29310344827586204
2102,21.01,0.067329675,180.2089816591369,0.006269592476489028
2103,21.02,0.81380373,2178.159232245715,0.30407523510971785
2104,21.03,0.7379363,1975.0988022114057,0.2727272727272727
2105,21.04,0.0706525,189.10258086665812,0.006269592476489028
2106,21.05,0.7847549,2100.409307670753,0.25235109717868337
2107,21.06,0.06800524,182.0171653734974,0.006269592476489028
2108,21.07,0.8504002,2276.1103560185397,0.25391849529780564
2109,21.08,0.07037091,188.34890526530674,0.006269592476489028
2110,21.09,0.9292987,2487.2833476888995,0.24608150470219436
2111,21.1,0.772491,2067.5849989121416,0.23197492163009403
2112,21.11,0.7652881,2048.30646358317,0.25862068965517243
2113,21.12,0.064355515,172.2486129929803,0.006269592476489028
2114,21.13,0.073533855,196.81458289738202,0.006269592476489028
2115,21.14,0.7083362,1895.8735252047227,0.25862068965517243
2116,21.15,0.70717096,1892.7547528764392,0.23510971786833856
2117,21.16,0.72347087,1936.3818344509896,0.23667711598746083
2118,21.17,0.072342776,193.6266363430973,0.006269592476489028
2119,21.18,0.07865842,210.5305606255124,0.006269592476489028
2120,21.19,0.6728547,1800.906816480904,0.23510971786833856
2121,21.2,0.6920057,1852.1647248512522,0.23510971786833856
2122,21.21,0.07477209,200.1287453839518,0.006269592476489028
2123,21.22,0.68051404,1821.4071431113985,0.23981191222570533
2124,21.23,0.74758697,2000.9289924522989,0.25862068965517243
2125,21.24,0.74002457,1980.6879463847486,0.24921630094043887
2126,21.25,0.7338313,1964.1116652059652,0.24608150470219436
2127,21.26,0.07056725,188.87441346432755,0.006269592476489028
2128,21.27,0.6691065,1790.874595061073,0.25705329153605017
2129,21.28,0.6335434,1695.6893396472815,0.26489028213166144
2130,21.29,0.6551852,1753.6141310003586,0.2476489028213166
2131,21.3,0.06492594,173.7753589912308,0.006269592476489028
2132,21.31,0.6819692,1825.301820562495,0.24921630094043887
2133,21.32,0.6874939,1840.0888340329243,0.25705329153605017
2134,21.33,0.0691244,185.0126036574798,0.006269592476489028
2135,21.34,0.7035782,1883.1386887082556,0.2601880877742947
2136,21.35,0.7173809,1920.081754181769,0.25391849529780564
2137,21.36,0.7031913,1882.1031357851425,0.2413793103448276
2138,21.37,0.72150767,1931.1273388964455,0.23667711598746083
2139,21.38,0.70746565,1893.5436357490748,0.24294670846394983
2140,21.39,0.7348729,1966.8993913320369,0.25705329153605017
2141,21.4,0.7733373,2069.850183562445,0.2413793103448276
2142,21.41,0.73393524,1964.3898583231335,0.23667711598746083
2143,21.42,0.7145444,1912.4899811553576,0.2476489028213166
2144,21.43,0.7224443,1933.634158104381,0.25705329153605017
2145,21.44,0.7207287,1929.0423905886566,0.26332288401253917
2146,21.45,0.7702387,2061.556704964968,0.24921630094043887
2147,21.46,0.7329545,1961.7648734823626,0.22727272727272727
2148,21.47,0.7335916,1963.4700876067452,0.24608150470219436
2149,21.48,0.7196787,1926.2321087787075,0.23667711598746083
2150,21.49,0.062351648,166.88521762717525,0.006269592476489028
2151,21.5,0.06349717,169.95123424897022,0.006269592476489028
2152,21.51,0.74928045,2005.4615197252172,0.2601880877742947
2153,21.52,0.060994655,163.25320040167932,0.006269592476489028
2154,21.53,0.73215187,1959.6166482546282,0.2711598746081505
2155,21.54,0.71572506,1915.6500763350502,0.2476489028213166
2156,21.55,0.71778506,1921.1637231213258,0.23824451410658307
2157,21.56,0.068566486,183.51935082797718,0.006269592476489028
2158,21.57,0.068310596,182.834439028597,0.006269592476489028
2159,21.58,0.07496933,200.65664491351663,0.006269592476489028
2160,21.59,0.76686305,2052.5217061039625,0.2617554858934169
2161,21.6,0.07593391,203.23837576370173,0.006269592476489028
2162,21.61,0.758089,2029.0378249961577,0.29310344827586204
2163,21.62,0.06642771,177.79485349490466,0.006269592476489028
2164,21.63,0.06240808,167.03624941312876,0.006269592476489028
2165,21.64,0.06910258,184.9541911534039,0.006269592476489028
2166,21.65,0.068463944,183.2448709763557,0.006269592476489028
2167,21.66,0.06586946,176.30070383161322,0.006269592476489028
2168,21.67,0.06489811,173.7008600418867,0.006269592476489028
2169,21.68,0.06540554,175.059010340859,0.006269592476489028
2170,21.69,0.06974526,186.67434619590998,0.006269592476489028
2171,21.7,0.07105033,190.16738523430607,0.006269592476489028
2172,21.71,0.07839092,209.81459079447623,0.006269592476489028
2173,21.72,0.8727119,2335.8278741671006,0.25391849529780564
2174,21.73,0.07638172,204.43694543424456,0.006269592476489028
2175,21.74,0.08060033,215.72812377780662,0.006269592476489028
2176,21.75,0.080427535,215.26564593879533,0.006269592476489028
2177,21.76,0.842041,2253.7368387606925,0.2507836990595611
2178,21.77,0.11151291,298.4661613378785,0.007836990595611285
2179,21.78,0.07893391,211.26790718460146,0.006269592476489028
2180,21.79,0.079422124,212.57462694154492,0.006269592476489028
2181,21.8,0.07788895,208.47106879398052,0.006269592476489028
2182,21.81,0.07694589,205.94696195535022,0.006269592476489028
2183,21.82,0.7621508,2039.9093090326196,0.2852664576802508
2184,21.83,0.07979714,213.57836632562027,0.006269592476489028
2185,21.84,0.08118351,217.28900764245557,0.006269592476489028
2186,21.85,0.07736508,207.06892047555357,0.006269592476489028
2187,21.86,0.07754432,207.54866337258093,0.006269592476489028
2188,21.87,0.07734066,207.00356697124744,0.006269592476489028
2189,21.88,0.094492845,252.91166112428937,0.006269592476489028
2190,21.89,0.08918239,238.69814761978387,0.006269592476489028
2191,21.9,0.8123618,2174.2998829044145,0.2946708463949843
2192,21.91,0.08596744,230.09326140925535,0.006269592476489028
2193,21.92,0.123994656,331.8737453081417,0.007836990595611285
2194,21.93,0.079607,213.06947441393316,0.006269592476489028
2195,21.94,0.08145608,218.018561159995,0.006269592476489028
2196,21.95,0.06885833,184.3004834153098,0.006269592476489028
2197,21.96,0.06288067,168.30116149095835,0.006269592476489028
2198,21.97,0.106639445,285.42223011806396,0.007836990595611285
2199,21.98,0.06081066,162.76073897985637,0.006269592476489028
2200,21.99,0.06547973,175.25759734385974,0.006269592476489028
2201,22.0,0.070052296,187.4961433403314,0.006269592476489028
2202,22.01,0.065090686,174.21631255637385,0.006269592476489028
2203,22.02,0.79163444,2118.8227974393044,0.2852664576802508
2204,22.03,0.06294169,168.4644869837662,0.006269592476489028
2205,22.04,0.065296516,174.76720449911085,0.006269592476489028
2206,22.05,0.06462655,172.97403900847442,0.006269592476489028
2207,22.06,0.77647084,2078.2370808550068,0.3322884012539185
2208,22.07,0.061836746,165.50707822623323,0.006269592476489028
2209,22.08,0.067968994,181.92014270065874,0.006269592476489028
2210,22.09,0.06519027,174.4828366828865,0.006269592476489028
2211,22.1,0.7720353,2066.3652632514686,0.3401253918495298
2212,22.11,0.8483491,2270.6203407860535,0.31974921630094044
2213,22.12,0.10246626,274.25264930377716,0.007836990595611285
2214,22.13,0.8995217,2407.5848315467797,0.31347962382445144
2215,22.14,0.90364337,2418.616475890459,0.3072100313479624
2216,22.15,0.8997287,2408.138822275494,0.30250783699059564
2217,22.16,0.07368388,197.2161210345434,0.006269592476489028
2218,22.17,0.78988594,2114.142889067898,0.3322884012539185
2219,22.18,0.06584968,176.24776336672403,0.006269592476489028
2220,22.19,0.06924076,185.32403504131932,0.006269592476489028
2221,22.2,0.819737,2194.0397379179567,0.3401253918495298
2222,22.21,0.06888301,184.36651845960574,0.006269592476489028
2223,22.22,0.0649574,173.85957620958834,0.006269592476489028
2224,22.23,0.92180717,2467.232061471938,0.3275862068965517
2225,22.24,0.06465823,173.05884324455965,0.006269592476489028
2226,22.25,0.064266905,172.01143932784632,0.006269592476489028
2227,22.26,0.065441296,175.15470915345531,0.006269592476489028
2228,22.27,0.07229985,193.511742147461,0.006269592476489028
2229,22.28,0.8982241,2404.1119175612216,0.32445141065830724
2230,22.29,0.07503666,200.836872601597,0.006269592476489028
2231,22.3,0.91889244,2459.4309491378763,0.329153605015674
2232,22.31,0.08071284,216.02925459499238,0.006269592476489028
2233,22.32,0.06687052,178.980057727304,0.006269592476489028
2234,22.33,0.06995339,187.2313965538729,0.006269592476489028
2235,22.34,0.8586217,2298.115273867067,0.31347962382445144
2236,22.35,0.8564768,2292.3743499561515,0.31191222570532917
2237,22.36,0.85552377,2289.823513657016,0.3072100313479624
2238,22.37,0.8775321,2348.729219243579,0.3056426332288401
2239,22.38,0.067320615,180.18475479294196,0.006269592476489028
2240,22.39,0.06738541,180.3581770767009,0.006269592476489028
2241,22.4,0.897639,2402.545544345257,0.27899686520376177
2242,22.41,0.94817483,2537.805627586071,0.2993730407523511
2243,22.42,0.87993795,2355.1685422210758,0.30094043887147337
2244,22.43,0.84988123,2274.721292077226,0.28056426332288403
2245,22.44,0.07196083,192.6043481224737,0.006269592476489028
2246,22.45,0.06970012,186.5535344248233,0.006269592476489028
2247,22.46,0.8641308,2312.8602524741973,0.2836990595611285
2248,22.47,0.8775817,2348.861942891035,0.2617554858934169
2249,22.48,0.9102506,2436.3008693458464,0.26802507836990597
2250,22.49,0.06757055,180.8537136290938,0.006269592476489028
2251,22.5,0.85683197,2293.3248692367038,0.274294670846395
2252,22.51,0.072256275,193.39511946359966,0.006269592476489028
2253,22.52,0.88657033,2372.920061021923,0.28213166144200624
2254,22.53,0.84574705,2263.6560529940066,0.2884012539184953
2255,22.54,0.8747232,2341.211195061237,0.28056426332288403
2256,22.55,0.06971814,186.60174255227503,0.006269592476489028
2257,22.56,0.856697,2292.963963585353,0.26959247648902823
2258,22.57,0.9241709,2473.5588883523114,0.29310344827586204
2259,22.58,0.073764704,197.4324646068703,0.006269592476489028
2260,22.59,0.06687287,178.9863455543041,0.006269592476489028
2261,22.6,0.07565725,202.49788058137617,0.006269592476489028
2262,22.61,0.07547067,201.99849877242426,0.006269592476489028
2263,22.62,0.07152273,191.43176382995128,0.006269592476489028
2264,22.63,0.9190766,2459.923731892617,0.3275862068965517
2265,22.64,0.9584291,2565.251469419327,0.3103448275862069
2266,22.65,0.9488334,2539.5683609810344,0.3338557993730408
2267,22.66,0.107852444,288.6688389197393,0.007836990595611285
2268,22.67,0.06785254,181.60845414510038,0.006269592476489028
2269,22.68,0.062235672,166.57481878725326,0.006269592476489028
2270,22.69,0.06824598,182.66149381458808,0.006269592476489028
2271,22.7,0.8767116,2346.533157350982,0.32601880877742945
2272,22.71,0.07064475,189.08184473355547,0.006269592476489028
2273,22.72,0.07176361,192.0765140686267,0.006269592476489028
2274,22.73,0.065426365,175.11474091580834,0.006269592476489028
2275,22.74,0.94200164,2521.2828792173777,0.3166144200626959
2276,22.75,0.9405081,2517.285556574973,0.28683385579937304
2277,22.76,0.070138425,187.72665091125145,0.006269592476489028
2278,22.77,0.9310678,2492.018570737352,0.31504702194357365
2279,22.78,0.91900194,2459.7238625276673,0.2946708463949843
2280,22.79,0.90286154,2416.523930517579,0.2413793103448276
2281,22.8,0.85008126,2275.2566020184477,0.24294670846394983
2282,22.81,0.06704541,179.44816466229034,0.006269592476489028
2283,22.82,0.06704126,179.4370547937115,0.006269592476489028
2284,22.83,0.07074717,189.355951781577,0.006269592476489028
2285,22.84,0.069929525,187.16752572889845,0.006269592476489028
2286,22.85,0.06947775,185.95836332539744,0.006269592476489028
2287,22.86,0.06292636,168.42344645657704,0.006269592476489028
2288,22.87,0.062475137,167.2157496689511,0.006269592476489028
2289,22.88,0.06853906,183.44593107347097,0.006269592476489028
2290,22.89,0.06826066,182.7007976055325,0.006269592476489028
2291,22.9,0.966318,2586.366236701683,0.2664576802507837
2292,22.91,0.069520265,186.07213997718003,0.006269592476489028
2293,22.92,0.063581765,170.17764559822763,0.006269592476489028
2294,22.93,0.97563297,2611.297823583767,0.322884012539185
2295,22.94,0.97625524,2612.9634187817874,0.30877742946708464
2296,22.95,0.97046524,2597.4664044624756,0.3166144200626959
2297,22.96,0.98152316,2627.0629787140124,0.32601880877742945
2298,22.97,0.9886134,2646.0404018898444,0.34169278996865204
2299,22.98,0.98605394,2639.1897495035487,0.33072100313479624
2300,22.99,0.98499215,2636.3477833598135,0.3322884012539185
2301,23.0,0.9728857,2603.9449241875836,0.2993730407523511
2302,23.01,0.071006164,190.04917802883483,0.006269592476489028
2303,23.02,0.9698301,2595.7664605509735,0.3338557993730408
2304,23.03,0.9340144,2499.905005658445,0.33072100313479624
2305,23.04,0.9816794,2627.4812050951264,0.31974921630094044
2306,23.05,0.97419804,2607.4573754725025,0.3181818181818182
2307,23.06,0.93244183,2495.6959715262083,0.3103448275862069
2308,23.07,0.9788095,2619.7999013958097,0.30094043887147337
2309,23.08,0.9384299,2511.7230420383216,0.3166144200626959
2310,23.09,0.9301901,2489.669212290235,0.3103448275862069
2311,23.1,0.9400353,2516.0200832151836,0.31347962382445144
2312,23.11,0.94284517,2523.5408064311528,0.32445141065830724
2313,23.12,0.06401211,171.3294603269597,0.006269592476489028
2314,23.13,0.92737645,2482.138496039955,0.3213166144200627
2315,23.14,0.98017836,2623.463707581582,0.33699059561128525
2316,23.15,0.93535143,2503.4837598854956,0.3181818181818182
2317,23.16,0.96068245,2571.2825484528785,0.3103448275862069
2318,23.17,0.93905634,2513.399932387907,0.31974921630094044
2319,23.18,0.06368307,170.44879486116952,0.006269592476489028
2320,23.19,0.063880846,170.97815122554545,0.006269592476489028
2321,23.2,0.9433706,2524.9469702719343,0.32601880877742945
2322,23.21,0.06547992,175.25809155735715,0.006269592476489028
2323,23.22,0.9310237,2491.9003128364343,0.335423197492163
2324,23.23,0.07347149,196.64765343510453,0.006269592476489028
2325,23.24,0.93668544,2507.0541057889936,0.3181818181818182
2326,23.25,0.93207526,2494.714960373047,0.31504702194357365
2327,23.26,0.06570298,175.85511565916119,0.006269592476489028
2328,23.27,0.9035101,2418.259681363372,0.34169278996865204
2329,23.28,0.90248823,2415.524747070163,0.3056426332288401
2330,23.29,0.9176857,2456.200908763695,0.3166144200626959
2331,23.3,0.06934616,185.60616037384943,0.006269592476489028
2332,23.31,0.83114797,2224.581374914565,0.30250783699059564
2333,23.32,0.07653773,204.85450783460098,0.006269592476489028
2334,23.33,0.87900704,2352.6770193496527,0.27899686520376177
2335,23.34,0.8591984,2299.658701247868,0.27586206896551724
2336,23.35,0.08114144,217.17642692738897,0.006269592476489028
2337,23.36,0.7751274,2074.6412686330077,0.28056426332288403
2338,23.37,0.8003904,2142.2583305684325,0.2554858934169279
2339,23.38,0.9108485,2437.901087432295,0.274294670846395
2340,23.39,0.07561356,202.3809561839794,0.006269592476489028
2341,23.4,0.7908843,2116.8149094025985,0.2554858934169279
2342,23.41,0.91041386,2436.73767100071,0.26332288401253917
2343,23.42,0.7945758,2126.6953407887636,0.274294670846395
2344,23.43,0.786098,2104.0043886996637,0.2601880877742947
2345,23.44,0.069646664,186.41045118522874,0.006269592476489028
2346,23.45,0.07363895,197.09588143543573,0.006269592476489028
2347,23.46,0.07023843,187.9943040766848,0.006269592476489028
2348,23.47,0.77037185,2061.9129858740566,0.25705329153605017
2349,23.48,0.74096197,1983.1970127522695,0.25391849529780564
2350,23.49,0.73875946,1977.3019564437104,0.25235109717868337
2351,23.5,0.06697952,179.27179587224413,0.006269592476489028
2352,23.51,0.81129265,2171.438260869743,0.30250783699059564
2353,23.52,0.80195487,2146.4456633593854,0.2711598746081505
2354,23.53,0.81580347,2183.5115784968643,0.2601880877742947
2355,23.54,0.06618647,177.14919373808843,0.006269592476489028
2356,23.55,0.066432774,177.80843227897645,0.006269592476489028
2357,23.56,0.06567131,175.7703568449356,0.006269592476489028
2358,23.57,0.79472494,2127.094589001173,0.28683385579937304
2359,23.58,0.06692815,179.13428986469762,0.006269592476489028
2360,23.59,0.8875523,2375.5486733233556,0.3181818181818182
2361,23.6,0.9699082,2595.975336873859,0.3072100313479624
2362,23.61,0.9803542,2623.9343945149235,0.2962382445141066
2363,23.62,0.9394232,2514.3817819766678,0.29310344827586204
2364,23.63,0.96512777,2583.180312167793,0.2946708463949843
2365,23.64,0.9410052,2518.6159178878174,0.29153605015673983
2366,23.65,0.9823013,2629.145709309633,0.3072100313479624
2367,23.66,0.078222185,209.36297850214714,0.006269592476489028
2368,23.67,0.98530716,2637.190799737246,0.2946708463949843
2369,23.68,0.07148651,191.33483688052726,0.006269592476489028
2370,23.69,0.07633469,204.3110752901471,0.006269592476489028
2371,23.7,0.94925255,2540.6901162621793,0.2993730407523511
2372,23.71,0.07351618,196.76728544962816,0.006269592476489028
2373,23.72,0.94246054,2522.511306936293,0.31504702194357365
2374,23.73,0.068595015,183.5957029566243,0.006269592476489028
2375,23.74,0.94194114,2521.121069016576,0.2884012539184953
2376,23.75,0.9587369,2566.0752892035816,0.30094043887147337
2377,23.76,0.93923515,2513.878423995189,0.27899686520376177
2378,23.77,0.9596799,2568.5990031442875,0.2993730407523511
2379,23.78,0.9651803,2583.321166386274,0.2852664576802508
2380,23.79,0.9326542,2496.2643096285956,0.29310344827586204
2381,23.8,0.9554728,2557.3389362628745,0.28996865203761757
2382,23.81,0.9555281,2557.4867636684435,0.3056426332288401
2383,23.82,0.9386841,2512.4035751235347,0.329153605015674
2384,23.83,0.9492558,2540.69896132774,0.3072100313479624
2385,23.84,0.06732248,180.18972487397696,0.006269592476489028
2386,23.85,0.95478404,2555.4954416755336,0.3166144200626959
2387,23.86,0.88241917,2361.8096752476263,0.27586206896551724
2388,23.87,0.9022301,2414.8338190991913,0.2836990595611285
2389,23.88,0.061684124,165.0985816706425,0.006269592476489028
2390,23.89,0.85920846,2299.685860629823,0.29310344827586204
2391,23.9,0.065949455,176.51482142305488,0.006269592476489028
2392,23.91,0.066879556,179.00424699406537,0.006269592476489028
2393,23.92,0.8560174,2291.1447441955265,0.25705329153605017
2394,23.93,0.8592175,2299.709947458643,0.25705329153605017
2395,23.94,0.84356344,2257.8114685062624,0.2774294670846395
2396,23.95,0.8407454,2250.2689649083113,0.2836990595611285
2397,23.96,0.8562852,2291.8614996859033,0.28683385579937304
2398,23.97,0.88606334,2371.563233424333,0.28996865203761757
2399,23.98,0.9090717,2433.1454918007603,0.3181818181818182
2400,23.99,0.88775146,2376.0814280579148,0.31504702194357365
2401,24.0,0.901024,2411.6057352488156,0.3103448275862069
2402,24.01,0.061952766,165.81761009922047,0.006269592476489028
2403,24.02,0.06869976,183.87604757829646,0.006269592476489028
2404,24.03,0.9262697,2479.176354098936,0.33072100313479624
2405,24.04,0.90413374,2419.928834704757,0.35266457680250785
2406,24.05,0.07581451,202.9187980190622,0.006269592476489028
2407,24.06,0.06803235,182.08970944798378,0.006269592476489028
2408,24.07,0.9038837,2419.2597660020765,0.3510971786833856
2409,24.08,0.90324676,2417.5549751979015,0.3401253918495298
2410,24.09,0.93204707,2494.6393567602895,0.3730407523510972
2411,24.1,0.9711862,2599.396086140584,0.3557993730407524
2412,24.11,0.9787842,2619.732237410987,0.36990595611285265
2413,24.12,0.9867436,2641.03566137148,0.3761755485893417
2414,24.13,0.9505831,2544.25152238344,0.38087774294670845
2415,24.14,0.9720784,2601.7838984815617,0.38557993730407525
2416,24.15,0.92483974,2475.3489522537893,0.3934169278996865
2417,24.16,0.9465994,2533.589185940284,0.39184952978056425
2418,24.17,0.9287121,2485.7134188988607,0.384012539184953
2419,24.18,0.9053683,2423.233325163386,0.36363636363636365
2420,24.19,0.88232684,2361.5624338691155,0.3385579937304075
2421,24.2,0.073030725,195.46795093405078,0.006269592476489028
2422,24.21,0.8644335,2313.670773702657,0.38557993730407525
2423,24.22,0.9001048,2409.1456156832896,0.3652037617554859
2424,24.23,0.0719393,192.54672084502775,0.006269592476489028
2425,24.24,0.91658205,2453.2470654600547,0.390282131661442
2426,24.25,0.91391224,2446.1012225786094,0.3871473354231975
2427,24.26,0.94355446,2525.4392775354586,0.36363636363636365
2428,24.27,0.91393864,2446.1718908182133,0.3620689655172414
2429,24.28,0.946254,2532.664496412834,0.35893416927899685
2430,24.29,0.9689737,2593.4741638799683,0.3557993730407524
2431,24.3,0.89771193,2402.741034914757,0.3714733542319749
2432,24.31,0.88602984,2371.473604151481,0.3714733542319749
2433,24.32,0.90228224,2414.973339073181,0.3510971786833856
2434,24.33,0.07362806,197.06673157325258,0.006269592476489028
2435,24.34,0.90459394,2421.160750243947,0.3605015673981191
2436,24.35,0.9100484,2435.7596450705246,0.37460815047021945
2437,24.36,0.91220987,2441.5450320787068,0.3667711598746082
2438,24.37,0.9244495,2474.3043214789295,0.3761755485893417
2439,24.38,0.9241206,2473.4240789402447,0.36990595611285265
2440,24.39,0.07047426,188.62551789299732,0.006269592476489028
2441,24.4,0.087806575,235.01575755820338,0.006269592476489028
2442,24.41,0.9290237,2486.5472894081868,0.38557993730407525
2443,24.42,0.9394259,2514.388839225404,0.3730407523510972
2444,24.43,0.98164165,2627.380114760344,0.38087774294670845
2445,24.44,0.9811539,2626.074715776479,0.3714733542319749
2446,24.45,0.97160435,2600.5150454151303,0.3934169278996865
2447,24.46,0.9740871,2607.1603942629936,0.3871473354231975
2448,24.47,0.9829485,2630.877835346087,0.40282131661442006
2449,24.48,0.98730177,2642.5296613915784,0.4090909090909091
2450,24.49,0.9732089,2604.809830460484,0.42946708463949845
2451,24.5,0.9663825,2586.5388552410136,0.45768025078369906
2452,24.51,0.9583454,2565.027365883247,0.44357366771159873
2453,24.52,0.955867,2558.3937441105422,0.4592476489028213
2454,24.53,0.95758235,2562.985092206499,0.43573667711598746
2455,24.54,0.07830753,209.59141753789888,0.006269592476489028
2456,24.55,0.9619831,2574.7637481228735,0.4090909090909091
2457,24.56,0.9622827,2575.565616067958,0.390282131661442
2458,24.57,0.9547164,2555.3141540852544,0.384012539184953
2459,24.58,0.9492649,2540.723113862916,0.3730407523510972
2460,24.59,0.06535494,174.92359981224536,0.006269592476489028
2461,24.6,0.9304702,2490.41898941744,0.35893416927899685
2462,24.61,0.9104235,2436.763751845263,0.4059561128526646
2463,24.62,0.93007815,2489.3696645148743,0.4106583072100313
2464,24.63,0.9399536,2515.801433730566,0.38557993730407525
2465,24.64,0.9412606,2519.2995140175703,0.3887147335423197
2466,24.65,0.9257826,2477.8725988678116,0.3824451410658307
2467,24.66,0.06459909,172.90052381966873,0.006269592476489028
2468,24.67,0.06607861,176.86049732267247,0.006269592476489028
2469,24.68,0.9190866,2459.950342830565,0.39184952978056425
2470,24.69,0.9320331,2494.6020102633056,0.39184952978056425
2471,24.7,0.92370284,2472.3059872304852,0.41379310344827586
2472,24.71,0.94773847,2536.637596085835,0.41379310344827586
2473,24.72,0.9400575,2516.0795849061665,0.4153605015673981
2474,24.73,0.94523203,2529.9292393506576,0.39184952978056425
2475,24.74,0.92763424,2482.828266168497,0.3793103448275862
2476,24.75,0.9382347,2511.200625764165,0.4012539184952978
2477,24.76,0.06409128,171.5413773572759,0.006269592476489028
2478,24.77,0.96772456,2590.130775197114,0.45297805642633227
2479,24.78,0.97080445,2598.374381913295,0.4373040752351097
2480,24.79,0.9810019,2625.6680418752085,0.43573667711598746
2481,24.8,0.069784924,186.78050708272707,0.006269592476489028
2482,24.81,0.07144065,191.21209223930006,0.006269592476489028
2483,24.82,0.97069454,2598.0800541491817,0.45297805642633227
2484,24.83,0.9658811,2585.196751301251,0.4702194357366771
2485,24.84,0.9851858,2636.8660895067555,0.4592476489028213
2486,24.85,0.97890216,2620.0478624222683,0.45297805642633227
2487,24.86,0.9846347,2635.3911201484766,0.44043887147335425
2488,24.87,0.07017606,187.827389368731,0.006269592476489028
2489,24.88,0.9754991,2610.9395667369936,0.44043887147335425
2490,24.89,0.93805724,2510.7259140164565,0.43260188087774293
2491,24.9,0.9678615,2590.4974159384196,0.3996865203761755
2492,24.91,0.93475336,2501.8827969097956,0.4341692789968652
2493,24.92,0.92709583,2481.38753891451,0.44043887147335425
2494,24.93,0.06752895,180.74235720805785,0.006269592476489028
2495,24.94,0.9907198,2651.6779860796573,0.4122257053291536
2496,24.95,0.9301447,2489.5478322546414,0.42946708463949845
2497,24.96,0.90776676,2429.652853022683,0.41849529780564265
2498,24.97,0.06913725,185.04700598275485,0.006269592476489028
2499,24.98,0.9130933,2443.909430387175,0.4263322884012539
2500,24.99,0.9311347,2492.1974144414958,0.41379310344827586
2501,25.0,0.062037338,166.04396712782096,0.006269592476489028
2502,25.01,0.06750324,180.67354839697734,0.006269592476489028
2503,25.02,0.06688945,179.03072177534884,0.006269592476489028
2504,25.03,0.9029193,2416.67842734461,0.3667711598746082
2505,25.04,0.06671969,178.57634948025628,0.006269592476489028
2506,25.05,0.06976861,186.73683404698664,0.006269592476489028
2507,25.06,0.06830457,182.8183210965544,0.006269592476489028
2508,25.07,0.0647279,173.24530507915506,0.006269592476489028
2509,25.08,0.067365944,180.3060652176054,0.006269592476489028
2510,25.09,0.06725291,180.0035220075302,0.006269592476489028
2511,25.1,0.067479245,180.60931184233553,0.006269592476489028
2512,25.11,0.06717918,179.80618608526893,0.006269592476489028
2513,25.12,0.0648313,173.52206623521306,0.006269592476489028
2514,25.13,0.06899302,184.66097024603724,0.006269592476489028
2515,25.14,0.06721098,179.89131289598353,0.006269592476489028
2516,25.15,0.06688698,179.02408686284568,0.006269592476489028
2517,25.16,0.06502855,174.0499916511499,0.006269592476489028
2518,25.17,0.06717217,179.7874297808271,0.006269592476489028
2519,25.18,0.067389175,180.36824579512225,0.006269592476489028
2520,25.19,0.06371282,170.5284261863876,0.006269592476489028
2521,25.2,0.060990572,163.2422843933541,0.006269592476489028
2522,25.21,0.065423466,175.1069908041987,0.006269592476489028
2523,25.22,0.07088164,189.71590064051634,0.006269592476489028
2524,25.23,0.073605604,197.00661789899686,0.006269592476489028
2525,25.24,0.91865075,2458.783940760311,0.4012539184952978
2526,25.25,0.07827692,209.5094710200915,0.006269592476489028
2527,25.26,0.83107615,2224.3891103340166,0.4059561128526646
2528,25.27,0.9163987,2452.75637522575,0.4231974921630094
2529,25.28,0.060542036,162.04175746433293,0.006269592476489028
2530,25.29,0.91431516,2447.179763259286,0.4231974921630094
2531,25.3,0.89743805,2402.0079155425415,0.40282131661442006
2532,25.31,0.07782214,208.2922587160283,0.006269592476489028
2533,25.32,0.92234385,2468.668669314183,0.43103448275862066
2534,25.33,0.96875596,2592.891284020016,0.3996865203761755
2535,25.34,0.07498781,200.70609576214747,0.006269592476489028
2536,25.35,0.9678105,2590.360952103709,0.4153605015673981
2537,25.36,0.06949594,186.00703279333123,0.006269592476489028
2538,25.37,0.061204176,163.81400270688346,0.006269592476489028
2539,25.38,0.06115077,163.67104924326355,0.006269592476489028
2540,25.39,0.067695245,181.18743153359443,0.006269592476489028
2541,25.4,0.059061136,158.07810384138065,0.006269592476489028
2542,25.41,0.07020449,187.90346673001798,0.006269592476489028
2543,25.42,0.070867985,189.67933833158992,0.006269592476489028
2544,25.43,0.91906464,2459.891778417045,0.38087774294670845
2545,25.44,0.84843844,2270.8596180649947,0.3605015673981191
2546,25.45,0.9209649,2464.9777626349864,0.3714733542319749
2547,25.46,0.8992983,2406.98692942613,0.3510971786833856
2548,25.47,0.06555219,175.45151956285326,0.006269592476489028
2549,25.48,0.9223111,2468.581055066498,0.4012539184952978
2550,25.49,0.06874261,183.99073844807072,0.006269592476489028
2551,25.5,0.06739323,180.37910175751315,0.006269592476489028
2552,25.51,0.9804142,2624.0949190668352,0.4059561128526646
2553,25.52,0.07212592,193.04621192277955,0.006269592476489028
2554,25.53,0.063509665,169.98468644368089,0.006269592476489028
2555,25.54,0.06496486,173.8795244871044,0.006269592476489028
2556,25.55,0.0988039,264.450296054526,0.007836990595611285
2557,25.56,0.06547113,175.23455559752526,0.006269592476489028
2558,25.57,0.059947986,160.45178923366615,0.006269592476489028
2559,25.58,0.06641611,177.7638067236776,0.006269592476489028
2560,25.59,0.8936743,2391.934112835189,0.4153605015673981
2561,25.6,0.90081984,2411.0592645730585,0.4122257053291536
2562,25.61,0.061011348,163.297883028747,0.006269592476489028
2563,25.62,0.064955436,173.85429466353216,0.006269592476489028
2564,25.63,0.06555326,175.4543871156916,0.006269592476489028
2565,25.64,0.064293005,172.08130458822822,0.006269592476489028
