frame,time_ns,height,com_z,surface_z
900,8.99,9.432072396363488,55.90384745129513,46.471775
901,9.0,7.56775309930218,55.95042064080609,48.382668
902,9.01,6.844880449794147,56.024011003993365,49.17913
903,9.02,55.83231604842936,55.9262677058438,0.09395166
904,9.03,6.885106599260645,55.64440301649697,48.759296
905,9.04,7.077265784998744,56.23429398324093,49.15703
906,9.05,56.29021130661291,56.40016180435938,0.1099505
907,9.06,55.76788917441014,56.24784240383748,0.47995323
908,9.07,7.1482794652512425,56.23335865836648,49.08508
909,9.08,55.91765144556087,56.33860656707805,0.42095512
910,9.09,56.08472444579944,56.45067926214084,0.36595482
911,9.1,56.505439797586824,56.60739468986454,0.10195489
912,9.11,10.280930067887802,56.653965498796005,46.373035
913,9.12,7.224368458071886,56.42209947613829,49.19773
914,9.13,56.12792371516446,56.3718768984578,0.24395318
915,9.14,9.664535806629502,56.188545511219345,46.52401
916,9.15,56.05704731673325,56.120000744167214,0.06295343
917,9.16,9.559895780263176,55.898022916493645,46.338127
918,9.17,9.674342702928712,55.96905095488184,46.29471
919,9.18,9.506507603054011,55.809882847194636,46.303375
920,9.19,55.08402973333244,55.92098522106056,0.8369555
921,9.2,55.53337274466732,55.862324997532156,0.32895225
922,9.21,55.61766376776478,56.05161937756321,0.4339556
923,9.22,55.770246938016136,55.87719908371182,0.106952146
924,9.23,55.350068719019326,55.68902310811463,0.3389544
925,9.24,55.24255310002094,55.57651023569828,0.33395714
926,9.25,6.924620872634748,55.21040273298631,48.28578
927,9.26,8.622164972746333,55.102893122160395,46.48073
928,9.27,55.34754955139527,55.449504443672986,0.10195489
929,9.28,7.401867594214373,55.698784555884295,48.296917
930,9.29,7.603854730809076,55.883483484471185,48.27963
931,9.3,7.616937579041675,55.720357836610034,48.10342
932,9.31,8.810790809766175,55.3022878495611,46.491497
933,9.32,54.96695267662816,55.52590828642659,0.5589556
934,9.33,8.759416645189766,55.406774585863594,46.647358
935,9.34,55.68150596269676,55.68146347707422,-4.2485623e-05
936,9.35,55.28643895574063,55.71839566417187,0.4319567
937,9.36,55.58168891133755,55.65564392568558,0.073955014
938,9.37,8.296380955445287,55.89477725671482,47.598396
939,9.38,55.49390909074589,55.668862029898605,0.17495294
940,9.39,55.76556207323928,55.82351824352999,0.05795617
941,9.4,55.479560350759954,55.90451327501151,0.42495292
942,9.41,55.51379653572442,55.81474891065957,0.30095237
943,9.42,55.36589596034452,55.75184741975232,0.38595146
944,9.43,55.823005819230595,55.86295661842755,0.0399508
945,9.44,7.631369299789988,55.79773969163569,48.16637
946,9.45,55.93873447870953,56.09369077479584,0.1549563
947,9.46,55.81174131712539,56.275695706220695,0.4639544
948,9.47,55.98771223123349,56.06966285105027,0.08195062
949,9.48,7.667915779912505,55.99733396228555,48.32942
950,9.49,56.186911891570034,56.250864769687595,0.06395288
951,9.5,55.57741146754017,56.01736378144017,0.4399523
952,9.51,8.04874709441998,55.93651107147076,47.887764
953,9.52,55.39655276438139,55.792506360019665,0.3959536
954,9.53,7.633469458969579,55.683564063461766,48.050095
955,9.54,7.878055773571447,55.71154805262418,47.833492
956,9.55,55.496343036519505,55.807297547685124,0.3109545
957,9.56,8.349675847153684,56.09868784056189,47.749012
958,9.57,55.74440993604928,56.179364996531305,0.43495506
959,9.58,55.927503347440165,56.24445456270735,0.31695122
960,9.59,8.26459716678115,55.85915969729873,47.594563
961,9.6,55.88856622084746,55.96352068587908,0.074954465
962,9.61,55.67538344148373,55.85133583132004,0.17595239
963,9.62,55.36014666553438,55.943104350528124,0.5829577
964,9.63,55.57403491441393,56.16498820487642,0.5909533
965,9.64,55.85678631789535,56.17573643452972,0.31895012
966,9.65,55.49917977583341,55.89113556873731,0.3919558
967,9.66,55.23860527482925,55.822562410506585,0.58395714
968,9.67,55.72642272106656,55.84337700299272,0.11695428
969,9.68,55.846239785704775,55.907194308046265,0.060954522
970,9.69,55.88965071806783,55.92460426384682,0.034953546
971,9.7,56.013511366293834,56.132464549587176,0.11895318
972,9.71,55.64764210133856,55.73959485738581,0.091952756
973,9.72,9.657829283564126,56.00305557140592,46.345226
974,9.73,55.64135570402372,55.8793121832155,0.23795648
975,9.74,55.5232631435099,55.838215457409895,0.3149523
976,9.75,56.0163566195286,56.050310714624,0.033954095
977,9.76,8.318858426493321,56.06212930051676,47.74327
978,9.77,55.56859140831172,55.80954623955428,0.24095483
979,9.78,55.619728666637194,55.74668508479382,0.12695642
980,9.79,8.046799272215097,55.98011073461744,47.93331
981,9.8,55.28083601633186,55.566789001618574,0.285953
982,9.81,55.69901281812263,55.85096313276363,0.15195031
983,9.82,9.73560657799539,55.97603550255594,46.24043
984,9.83,55.44216431190177,55.85211784650489,0.40995353
985,9.84,55.810209870514754,55.965166166601065,0.1549563
986,9.85,55.28825898360242,55.541214837541474,0.25295585
987,9.86,9.257331310542902,55.63528770092376,46.377956
988,9.87,9.601217011144186,55.72382519595864,46.12261
989,9.88,9.466766802352105,55.661434618514214,46.194668
990,9.89,7.4165362829655095,55.519716214606134,48.10318
991,9.9,7.1274769183907125,55.875912892511806,48.748436
992,9.91,55.48720516428671,55.74315937027655,0.2559542
993,9.92,5.379138437810759,56.10694452911935,50.727806
994,9.93,55.5173834102146,56.046340240716155,0.52895683
995,9.94,55.4902535995431,55.83520469273997,0.3449511
996,9.95,55.59907371383779,55.654023902683186,0.05495019
997,9.96,55.168795798851605,55.39075343771135,0.22195764
998,9.97,8.70487251370946,55.204143906531726,46.49927
999,9.98,54.98424391925465,55.25819586694371,0.27395195
1000,9.99,4.490484157980994,55.48163787502201,50.991154
1001,10.0,55.10184465478448,55.309802354679384,0.2079577
1002,10.01,4.770934182393702,55.357737618673,50.586803
1003,10.02,4.819648144091232,55.30039918168889,50.48075
1004,10.03,4.382379251116845,55.24783487855825,50.865456
1005,10.04,4.361741255754637,55.225644301408934,50.863903
1006,10.05,55.538423883383864,55.61637670046627,0.07795282
1007,10.06,55.302281026722454,55.410232623101734,0.1079516
1008,10.07,5.378691378377184,55.21551007344554,49.83682
1009,10.08,8.911768624558313,55.259684273972375,46.347916
1010,10.09,9.060847596615837,55.472251252621696,46.411404
1011,10.1,9.250125272823539,55.62973724181768,46.379612
1012,10.11,55.11940191930674,55.59935514873408,0.47995323
1013,10.12,55.54156486982925,55.882518160291745,0.3409533
1014,10.13,55.40731423546445,55.718268746630066,0.3109545
1015,10.14,55.57640446632522,55.64736112862247,0.07095666
1016,10.15,7.637871779961863,55.67676261858491,48.03889
1017,10.16,7.615987001059715,55.38954275667495,47.773556
1018,10.17,55.07691066285102,55.38886462470023,0.31195396
1019,10.18,55.364388441835416,55.46734278479673,0.10295434
1020,10.19,8.241629296913615,55.383448297157756,47.14182
1021,10.2,55.60061338344846,55.836570961273054,0.23595758
1022,10.21,9.218267764434202,55.59252008377014,46.374252
1023,10.22,9.60969950038534,55.870235694232996,46.260536
1024,10.23,9.675462169391132,55.96346418355129,46.288002
1025,10.24,56.19554978170581,56.289501439120244,0.09395166
1026,10.25,56.09591225982894,56.21386599243869,0.11795373
1027,10.26,55.98160220447661,56.242553663884415,0.26095146
1028,10.27,55.82920119283756,55.86715309066733,0.037951898
1029,10.28,9.460929111285125,55.86831589107028,46.407387
1030,10.29,9.11921992591433,55.57528224280886,46.456062
1031,10.3,9.30775902141663,55.73186561931702,46.424107
1032,10.31,4.7970120486332135,55.581268030078526,50.784256
1033,10.32,4.9414012673014085,55.63820912862953,50.696808
1034,10.33,4.77345641365509,55.739761192707824,50.966305
1035,10.34,5.08769211125562,55.739246218921636,50.651554
1036,10.35,5.014738693070392,55.50089134199617,50.486153
1037,10.36,4.880773643398605,55.543378929043136,50.662605
1038,10.37,4.286731220372907,55.35908458341002,51.072353
1039,10.38,55.32619437331816,55.59614851827284,0.26995414
1040,10.39,55.8557438386552,55.88069525006637,0.024951411
1041,10.4,55.64071035346299,55.806660607068835,0.16595025
1042,10.41,7.759865294751485,55.42266894465383,47.662804
1043,10.42,55.284772426503544,55.319725972282534,0.034953546
1044,10.43,4.508574925511198,55.552932225315885,51.044357
1045,10.44,55.14492959369932,55.33688082386766,0.19195123
1046,10.45,5.320663652030682,55.06971760710881,49.749054
1047,10.46,5.8339022051615785,54.93887885921431,49.104977
1048,10.47,54.90515584636593,55.012107992061615,0.106952146
1049,10.48,54.65820820182226,54.73516156822107,0.07695337
1050,10.49,3.782908953005176,54.665111101442676,50.882202
1051,10.5,4.416221217793051,54.99877508131844,50.582554
1052,10.51,4.600867994899197,55.227874525660916,50.627007
1053,10.52,55.02061237176815,55.25356396814743,0.2329516
1054,10.53,3.8831263597995616,55.06728087029761,51.184155
1055,10.54,5.332376637122458,55.14649406876308,49.814117
1056,10.55,4.426888177918983,55.05759115033109,50.630703
1057,10.56,4.0562292676347695,55.03333345464649,50.977104
1058,10.57,9.007591116695572,55.04404054906862,46.03645
1059,10.58,54.857372012763484,55.020323914318546,0.1629519
1060,10.59,54.993940707985885,55.07889730924798,0.0849566
1061,10.6,4.236937822250127,55.09313899412513,50.8562
1062,10.61,54.84101600598055,55.11796630572039,0.2769503
1063,10.62,54.92131406749913,55.126265785948725,0.20495172
1064,10.63,55.332044342279055,55.37199514147601,0.0399508
1065,10.64,5.283373871685313,55.20252899253492,49.919155
1066,10.65,54.55164988893024,54.902605315623205,0.35095543
1067,10.66,8.23888617295642,54.54749899644275,46.308613
1068,10.67,54.24706206108394,54.701014313948775,0.45395225
1069,10.68,54.72223335511696,54.738189710375785,0.015956355
1070,10.69,4.00390817934214,54.67291452699839,50.669006
1071,10.7,5.06718331617261,54.76867181104566,49.70149
1072,10.71,54.8495468633343,55.09449949731123,0.24495263
1073,10.72,8.576616422408549,55.09516348051402,46.518547
1074,10.73,54.89953478657697,55.03348735951875,0.13395257
1075,10.74,8.890770695858862,55.26237180059519,46.3716
1076,10.75,9.179392874802105,55.497244895065776,46.317852
1077,10.76,55.271732436410744,55.358687939040024,0.0869555
1078,10.77,55.196326398360775,55.30627689610724,0.1099505
1079,10.78,9.078116975456012,55.34386023107125,46.265743
1080,10.79,55.53767002547473,55.78062375808448,0.24295373
1081,10.8,5.08801602735678,55.74512051954428,50.657104
1082,10.81,55.331191225005284,55.588144881678716,0.25695366
1083,10.82,55.43567858022714,55.56363444906736,0.12795587
1084,10.83,55.578333356592154,55.70028489193628,0.121951535
1085,10.84,55.197728691173154,55.3886804706579,0.19095178
1086,10.85,4.231161167373465,55.370416691055105,51.139256
1087,10.86,4.752667179409755,55.5830733683746,50.830406
1088,10.87,55.35424522386296,55.49819993303521,0.14395471
1089,10.88,9.03113846546708,55.358500526013955,46.327362
1090,10.89,4.874546561795789,55.50235036428602,50.627804
1091,10.9,55.30289296740303,55.42084670001278,0.11795373
1092,10.91,55.34856727766482,55.35652039712904,0.007953119
1093,10.92,55.34542450111422,55.37538079533789,0.029956294
1094,10.93,55.33806653374201,55.41701880150801,0.07895227
1095,10.94,7.611757098066029,55.21834736906212,47.60659
1096,10.95,-0.09252129446694113,55.13433493722251,55.226856
1097,10.96,7.217137599739047,55.03801467493436,47.820877
1098,10.97,7.023971778892829,54.96372626497681,47.939754
1099,10.98,3.556069747029767,55.09122599702977,51.535156
1100,10.99,55.39029014388431,55.432247473842985,0.04195733
1101,11.0,7.086903218597158,55.317059163421376,48.230156
1102,11.01,0.9202205714775147,55.25287361713181,54.332653
1103,11.02,8.002395283993486,55.533080708798174,47.530685
1104,11.03,-0.9010237428058616,55.55793011461601,56.458954
1105,11.04,7.7598771960411455,55.720475187984505,47.960598
1106,11.05,-3.001033345817561,55.67942090833283,58.680454
1107,11.06,-1.145665818345691,55.709387129652356,56.855053
1108,11.07,-1.6402428982784514,55.9892126681278,57.629456
1109,11.08,7.317854441293505,56.01211027015093,48.694256
1110,11.09,-2.2072404758300905,55.9925123317871,58.199753
1111,11.1,-1.8642866590450993,56.076268913464666,57.940556
1112,11.11,6.75788600561858,56.02029140112639,49.262405
1113,11.12,-0.3995146729199561,56.107138159111294,56.506653
1114,11.13,8.101882031064868,55.90791230450237,47.80603
1115,11.14,7.821699717284211,55.903414347411164,48.081715
1116,11.15,7.609688322475968,55.994316618374405,48.38463
1117,11.16,7.7384853507397295,56.086965575349105,48.34848
1118,11.17,-2.0394702093209247,56.15118454531775,58.190655
1119,11.18,7.984551078443879,56.099144584303254,48.114594
1120,11.19,8.778131456132954,56.3198413560353,47.54171
1121,11.2,8.974208772293785,56.53360742341683,47.5594
1122,11.21,8.721049546329745,56.50832676800943,47.787277
1123,11.22,8.912526144126247,56.52089787874539,47.60837
1124,11.23,7.997536135635627,56.22277112098719,48.225235
1125,11.24,-0.425066790137393,56.559586682763,56.984653
1126,11.25,-1.221105144325854,56.73055119722688,57.951656
1127,11.26,7.215160259903669,56.5298651549232,49.314705
1128,11.27,8.88703262661538,56.76934921597085,47.882317
1129,11.28,8.216688330419892,56.57547205234372,48.358784
1130,11.29,-3.2940115953779383,56.50234460579394,59.796356
1131,11.3,-1.9253252939857362,56.517728905233014,58.443054
1132,11.31,-2.0528574411395866,56.36189551906549,58.414753
1133,11.32,-1.7126560131470967,56.34969902835681,58.062355
1134,11.33,8.5407548766851,56.67712648923393,48.13637
1135,11.34,9.036322709193549,56.70328819381269,47.666965
1136,11.35,8.874245185492406,56.57516910517014,47.700924
1137,11.36,-2.723836333472306,56.574118225853866,59.297955
1138,11.37,8.506622433230568,56.69831478552549,48.191692
1139,11.38,8.468102639632633,56.382607644515446,47.914505
1140,11.39,8.824137457874869,56.72076679137096,47.89663
1141,11.4,8.591406411734056,56.697058267202806,48.10565
1142,11.41,9.10507896670945,56.801520617100074,47.69644
1143,11.42,8.336325303621763,56.88045372159051,48.54413
1144,11.43,8.270691064935939,56.881210474115626,48.61052
1145,11.44,9.151699599078349,56.79211097603147,47.64041
1146,11.45,9.260848576692666,56.76259189334306,47.501743
1147,11.46,8.858628133620478,56.58990559944079,47.731277
1148,11.47,0.6300911944702463,56.61664438660892,55.986553
1149,11.48,8.947406504329152,56.663459513362355,47.716053
1150,11.49,-1.078769280888217,56.561787054561,57.640556
1151,11.5,-1.7300894641750588,56.43236323357885,58.162453
1152,11.51,6.851056074873057,56.231560683027354,49.380505
1153,11.52,8.5780814836002,56.53236996626622,47.95429
1154,11.53,-0.4117183705642802,56.23203468119353,56.643753
1155,11.54,2.052184865331185,56.27833919272376,54.226154
1156,11.55,4.605640806588653,55.80239526215506,51.196754
1157,11.56,55.790271177677276,55.843222465155485,0.052951287
1158,11.57,4.173211971581374,55.620416561425124,51.447205
1159,11.58,56.03844882407778,55.97040554741019,-0.06804328
1160,11.59,9.7845090527695,55.91144691898044,46.126938
1161,11.6,9.462060490818793,55.756116429539496,46.294056
1162,11.61,4.4361134612618685,55.754667385822415,51.318554
1163,11.62,8.671157941710838,56.20373164166201,47.532574
1164,11.63,9.835030169730608,56.09538707280678,46.260357
1165,11.64,9.581770878685447,56.09359262551162,46.51182
1166,11.65,9.899825332900072,56.5053131563864,46.605488
1167,11.66,9.971041853871789,56.30007093712374,46.32903
1168,11.67,5.045846820803526,56.59355342480743,51.547707
1169,11.68,5.213794511282956,56.47594813677124,51.262154
1170,11.69,10.535002756060614,56.71965317720319,46.18465
1171,11.7,10.198754648099992,56.46661506069765,46.26786
1172,11.71,56.23915858905612,56.44911519031821,0.2099566
1173,11.72,56.129593841613314,56.30454678076603,0.17495294
1174,11.73,4.754023053828675,56.21077964562555,51.456757
1175,11.74,9.907699601747197,56.33632661590735,46.428627
1176,11.75,56.20006125003016,56.28401840060866,0.08395715
1177,11.76,10.103090235270521,56.407983728922865,46.304893
1178,11.77,10.487950244863185,56.76747600169912,46.279526
1179,11.78,8.675077385945968,56.75909609322136,48.08402
1180,11.79,8.82385929196554,56.47759159177023,47.653732
1181,11.8,8.92892330228996,56.59193294584465,47.66301
1182,11.81,8.81052494226872,56.73386478601872,47.92334
1183,11.82,8.473790670622897,56.593900228728366,48.12011
1184,11.83,8.398665427912903,56.41253948186798,48.013874
1185,11.84,10.48047113200812,56.6126313187757,46.13216
1186,11.85,3.1764590081009274,56.55531185233921,53.378853
1187,11.86,9.211605068103523,56.797801967517586,47.586197
1188,11.87,8.707008965531479,56.91986144355882,48.212852
1189,11.88,9.082079173646981,56.9418623462544,47.859783
1190,11.89,8.54343609761726,56.75793271016609,48.214497
1191,11.9,8.956617307268772,56.521215390764866,47.564598
1192,11.91,8.955007832950024,56.62735967010823,47.67235
1193,11.92,9.326474544237463,56.567143794725744,47.24067
1194,11.93,8.772348504286867,56.61576281092749,47.843414
1195,11.94,8.777012230329433,56.46923482554428,47.692223
1196,11.95,9.054908870745457,56.706714748431004,47.651806
1197,11.96,8.42011072654666,56.83983805198611,48.419727
1198,11.97,8.580861715039092,56.98873677607425,48.407875
1199,11.98,9.523687797150721,57.318075614533534,47.794388
1200,11.99,8.587633144306537,56.92074013893544,48.333107
1201,12.0,0.6870166757623508,57.11837119846743,56.431355
1202,12.01,8.800906302830882,56.73666298618049,47.935757
1203,12.02,9.436545333629617,56.963995895153055,47.52745
1204,12.03,8.021397460835288,56.512951721089195,48.491554
1205,12.04,8.961338346267695,56.6132929971466,47.651955
1206,12.05,8.186458825387774,56.567562341012774,48.381104
1207,12.06,8.725367826234503,56.53618554474036,47.810818
1208,12.07,9.084984716593382,56.88340466898596,47.79842
1209,12.08,8.182642997861599,56.9145651475198,48.731922
1210,12.09,8.939927720812477,57.00621190049998,48.066284
1211,12.1,-5.929976063571814,56.943776530422326,62.873753
1212,12.11,8.794510776331101,56.972748691370164,48.178238
1213,12.12,-5.718641023620172,57.12881304742475,62.847454
1214,12.13,9.210161235752004,56.92160609048833,47.711445
1215,12.14,8.832140922916501,57.02865505255517,48.196514
1216,12.15,9.839067215452303,57.300683731565584,47.461617
1217,12.16,9.267445102100297,57.08770038164131,47.820255
1218,12.17,8.247079722053378,56.603685251838534,48.356606
1219,12.18,7.5113332853279005,56.2348554716072,48.723522
1220,12.19,-0.38261030670167173,56.275245680847156,56.657856
1221,12.2,8.968278232056754,56.42873889489855,47.46046
1222,12.21,8.495597786785098,56.16134256827924,47.665745
1223,12.22,8.553057821352425,56.341571004946175,47.788513
1224,12.23,8.464531814478171,56.751183425806296,48.28665
1225,12.24,9.154155692722142,56.69475551572019,47.5406
1226,12.25,8.385510650314785,56.45388146940658,48.06837
1227,12.26,8.978278142338915,56.51987360132329,47.541595
1228,12.27,8.477537849519905,56.087000587557014,47.609463
1229,12.28,8.83879105659937,56.27173249336695,47.43294
1230,12.29,8.60290155189707,56.27284631508066,47.669945
1231,12.3,-2.7008475554045077,56.28940589308182,58.990253
1232,12.31,-2.591685414350138,56.06316840645064,58.654854
1233,12.32,8.2194209448474,55.89617112795287,47.67675
1234,12.33,8.462489211415914,55.900084578847554,47.437595
1235,12.34,8.348271330059944,56.1054009992494,47.75713
1236,12.35,8.37756825663513,56.42507268168396,48.047504
1237,12.36,9.249632367811628,56.787119397840925,47.537487
1238,12.37,9.440732047152146,56.92602638919316,47.485294
1239,12.38,8.665678479486516,56.79559562426191,48.129917
1240,12.39,8.047550269605253,56.64387519025955,48.596325
1241,12.4,8.531841062072417,56.768615506652495,48.236774
1242,12.41,8.546321613067384,56.74381611990332,48.197495
1243,12.42,3.429908411070798,57.344661371275876,53.914753
1244,12.43,9.882441874855466,57.3957551683125,47.513313
1245,12.44,9.899157473204738,57.167452761290676,47.268295
1246,12.45,9.346641781201342,56.84206414448259,47.495422
1247,12.46,0.513386151539521,56.67974128459616,56.166355
1248,12.47,9.042364891193486,56.889166649005986,47.8468
1249,12.48,1.6719957184538998,56.8879495453582,55.215954
1250,12.49,9.531831694309759,57.334245634739446,47.802414
1251,12.5,9.901308394635699,57.35186610337593,47.450558
1252,12.51,9.886759254898287,57.413816902603365,47.527058
1253,12.52,10.068975143431409,57.523263626097425,47.45429
1254,12.53,9.027170482982186,57.129038158763436,48.101868
1255,12.54,2.5769197992725097,57.401474242631885,54.824554
1256,12.55,10.306520159258866,57.47368400813582,47.167164
1257,12.56,9.937821443558121,57.63116555976906,47.693344
1258,12.57,11.047739836075323,57.31846508631946,46.270725
1259,12.58,9.494659543828753,57.30477154334047,47.810112
1260,12.59,9.177611917613966,57.232047647594435,48.054436
1261,12.6,9.351749281794241,57.30551896563213,47.95377
1262,12.61,9.645548731200357,57.31950655590739,47.673958
1263,12.62,8.74267267279673,57.15820001654673,48.415527
1264,12.63,2.71613015381633,56.979683773201096,54.263554
1265,12.64,5.4356507375255205,56.93270579123646,51.497055
1266,12.65,5.8399129756564605,57.13486918293185,51.294956
1267,12.66,57.3355879746506,57.39954085276816,0.06395288
1268,12.67,5.734754503260106,57.27881044198081,51.544056
1269,12.68,2.3785398650415175,57.46059400322511,55.082054
1270,12.69,2.043634850975309,57.25569005727414,55.212055
1271,12.7,0.8899698867173029,57.20892435449074,56.318954
1272,12.71,3.6198860001528956,57.252141554352114,53.632256
1273,12.72,9.699717828928954,57.234401056468016,47.534683
1274,12.73,6.207998656328549,57.484403990801205,51.276405
1275,12.74,9.453257598157975,57.28101257252321,47.827755
1276,12.75,9.332391042313255,57.65149428328005,48.319103
1277,12.76,57.607898741169876,57.647849540366835,0.0399508
1278,12.77,11.530576415614895,57.87318582113247,46.34261
1279,12.78,11.425049297265389,57.77736329262672,46.352314
1280,12.79,7.237317006922424,57.81921855721539,50.5819
1281,12.8,6.388522197204438,57.69717698236069,51.308655
1282,12.81,10.196741623342746,57.75416044658493,47.55742
1283,12.82,10.918860346783568,57.316191584576536,46.39733
1284,12.83,2.7530671823869426,56.82362000831468,54.070553
1285,12.84,9.060340217187715,56.93360834462912,47.87327
1286,12.85,8.981061229507603,56.978600749771275,47.99754
1287,12.86,-3.2787869327038592,56.639666283848875,59.918453
1288,12.87,9.205363786879879,56.76010087794433,47.554737
1289,12.88,8.817972428052329,56.75596070930233,47.93799
1290,12.89,8.821284170505066,56.99183928525116,48.170555
1291,12.9,-5.343302145525342,57.362153634503954,62.705456
1292,12.91,9.487810098425413,57.10721775223401,47.619408
1293,12.92,9.594447229065665,57.23443898931957,47.63999
1294,12.93,9.567349841474126,57.03334181535108,47.465992
1295,12.94,9.540570926493388,57.27300043088792,47.73243
1296,12.95,9.440224023829984,57.38317522622256,47.94295
1297,12.96,9.101969456282013,57.62492248972928,48.522953
1298,12.97,10.617207624054828,57.939519025422015,47.32231
1299,12.98,9.562035525880802,57.599858249269474,48.037823
1300,12.99,9.23253843404644,57.43683073140972,48.204292
1301,13.0,9.29072466329714,57.68097582296511,48.39025
1302,13.01,9.81725940776974,57.806025124322474,47.988766
1303,13.02,10.027012762569676,57.74624722912241,47.719234
1304,13.03,10.346022818608077,57.80015871338347,47.454136
1305,13.04,10.845089681725362,57.94227672396169,47.097187
1306,13.05,-4.832688687688147,57.93266546880599,62.765354
1307,13.06,9.847344254796994,57.78499684268762,47.937653
1308,13.07,-1.9142945408130387,57.68425816304438,59.598553
1309,13.08,10.146715547221625,57.59154358066889,47.444828
1310,13.09,9.814749094506595,57.80943522121558,47.994686
1311,13.1,9.91664022799408,57.698313659390564,47.781673
1312,13.11,10.201790659025235,57.940045206144376,47.738255
1313,13.12,10.5660643818142,58.05792763254662,47.491863
1314,13.13,9.612550173802589,58.02783337692759,48.415283
1315,13.14,-8.985521706265622,58.100827781039065,67.08635
1316,13.15,-6.624992482592553,58.314758188794166,64.93975
1317,13.16,-4.035757434642896,58.16699753972234,62.202755
1318,13.17,9.945970905762834,57.612482441407366,47.66651
1319,13.18,-8.47848579201785,57.929068834446994,66.407555
1320,13.19,10.410308732032526,57.66724385166143,47.256935
1321,13.2,10.070657199684405,57.825662082496905,47.755005
1322,13.21,10.109419479038259,57.98874534573748,47.879326
1323,13.22,9.978342284373575,57.65995239179545,47.68161
1324,13.23,10.037965201141084,57.76054515719577,47.72258
1325,13.24,-5.3853934093068645,58.07626125377907,63.461655
1326,13.25,-5.321630765168848,58.17372293356162,63.495354
1327,13.26,-8.20753324256306,57.779916403433035,65.98745
1328,13.27,10.291467351725352,57.790609044840586,47.49914
1329,13.28,10.174911816554278,57.61390336318514,47.43899
1330,13.29,9.836672798805594,57.39049817722356,47.553825
1331,13.3,10.086792666916011,57.860035617355464,47.773243
1332,13.31,-17.312738121969403,57.74161368467122,75.05435
1333,13.32,-21.47047452098966,57.861480435065026,79.331955
1334,13.33,9.38423492289759,57.61878539897181,48.23455
1335,13.34,-18.767506734230473,57.97224698891406,76.73975
1336,13.35,10.938883657600392,58.548239584114064,47.609356
1337,13.36,10.12355175389854,58.172166255851664,48.048615
1338,13.37,-20.71775953306306,58.50799425111663,79.22575
1339,13.38,-21.74643780001727,58.15431903592023,79.90076
1340,13.39,-22.55890453005258,58.502946971412264,81.06185
1341,13.4,-21.675400011766364,57.98715186811645,79.66255
1342,13.41,-24.98461660983167,57.82273354885974,82.80735
1343,13.42,-24.699912735679916,57.78494291617555,82.484856
1344,13.43,-25.058514175861887,57.84814018204827,82.906654
1345,13.44,-26.962569981351365,58.196182460054885,85.15875
1346,13.45,-26.93371116950972,58.291844250412154,85.225555
1347,13.46,9.839211592633262,58.1190921163149,48.27988
1348,13.47,-21.208880371935123,58.05937676917816,79.26826
1349,13.48,-20.99455233638632,58.05680111820352,79.05135
1350,13.49,-23.13618890484807,58.07926519671443,81.215454
1351,13.5,8.889051875324135,57.61757894441593,48.728527
1352,13.51,9.541150732111383,57.7011276913399,48.159977
1353,13.52,9.249309352085653,57.67826443021065,48.428955
1354,13.53,9.815274704406896,57.703084457824865,47.88781
1355,13.54,-11.91573704893603,57.72261439149366,69.63835
1356,13.55,9.754473347885565,57.76532616160627,48.010853
1357,13.56,10.45316971468479,57.80649079012424,47.35332
1358,13.57,-7.931306563898893,57.796346939519076,65.72765
1359,13.58,9.661262489280602,57.67177960964193,48.010517
1360,13.59,10.182827869739604,57.71428004869468,47.531452
1361,13.6,-8.759194516579264,57.50295910890902,66.26215
1362,13.61,9.876979948079189,57.361908079182705,47.48493
1363,13.62,9.722133275438672,57.07094537871016,47.348812
1364,13.63,9.377599597505252,57.01189601474158,47.634296
1365,13.64,8.879900702907108,56.59910465188172,47.719204
1366,13.65,-15.217402567954267,56.710652241616046,71.928055
1367,13.66,9.213673668914865,56.759266930633615,47.545593
1368,13.67,-14.032557222477905,56.561497953303345,70.594055
1369,13.68,-16.093529982480796,56.77892179974577,72.87245
1370,13.69,-12.969129402843919,56.72451988914827,69.69365
1371,13.7,-15.430594125700708,56.73175938992429,72.16235
1372,13.71,-13.88389755927004,57.01575301446043,70.89965
1373,13.72,9.26835507126576,56.860148131568494,47.591793
1374,13.73,9.341264552522354,56.795522517610245,47.454258
1375,13.74,8.997572287544592,57.029596671089514,48.032024
1376,13.75,-13.704639643538684,56.8180120288246,70.52265
1377,13.76,8.753334787309726,56.681523111284335,47.92819
1378,13.77,9.974846680449296,56.8522651985157,46.87742
1379,13.78,-13.77762972237413,56.72492612479384,70.502556
1380,13.79,8.998784791393916,56.84388519422595,47.8451
1381,13.8,9.005413641027594,57.07840405850806,48.07299
1382,13.81,8.465032296426138,56.840688424355825,48.375656
1383,13.82,8.352898683811027,56.56901272800048,48.216114
1384,13.83,-12.470062582932712,57.013389260329006,69.48345
1385,13.84,9.137133863797175,56.87972572170733,47.74259
1386,13.85,8.99961047142181,56.765388059312436,47.765778
1387,13.86,-11.057474285117785,56.649381488808,67.706856
1388,13.87,9.06779214114215,56.78154488772418,47.713753
1389,13.88,8.783442283193907,56.60412480882867,47.820683
1390,13.89,-12.968287267783943,56.16266365995043,69.13095
1391,13.9,8.38430942418772,56.87106479528147,48.486755
1392,13.91,8.661735659197568,56.7800294214046,48.118294
1393,13.92,9.079670656872445,56.96754144544666,47.88787
1394,13.93,-20.877136835818476,57.083617558712774,77.960754
1395,13.94,-18.885694685476786,56.82245808551931,75.70815
1396,13.95,9.050070309439967,56.623209500113795,47.57314
1397,13.96,-18.749343997176986,56.680412167373795,75.429756
1398,13.97,-16.346574583829053,56.557775696932666,72.90435
1399,13.98,-16.322487566989423,56.93746879287386,73.25996
1400,13.99,-16.857918125822493,56.85433163003688,73.71225
1401,14.0,9.015264067263061,56.600728544802124,47.585464
1402,14.01,9.084997620339216,56.65621420359117,47.571217
1403,14.02,-14.446689231374087,56.673565285227475,71.120255
1404,14.03,-19.102170423796608,56.57628111428933,75.67845
1405,14.04,-19.82238540651567,56.19697036741011,76.019356
1406,14.05,8.65466854600524,56.09840176133727,47.443733
1407,14.06,-18.234852013436658,55.876003089102404,74.110855
1408,14.07,7.861304207745732,55.977591439191045,48.116287
1409,14.08,7.801556918184481,55.83937964157315,48.037823
1410,14.09,8.08403580922618,55.77862351674571,47.694588
1411,14.1,-26.23671514485912,55.632639103187756,81.869354
1412,14.11,8.148336469262247,55.50208479079545,47.35375
1413,14.12,7.71033639851489,55.413213443192625,47.702877
1414,14.13,-22.85428545894613,55.3428657251359,78.19715
1415,14.14,6.52194538685076,55.57290211292498,49.050957
1416,14.15,-19.712217614159293,55.51563425351649,75.22785
1417,14.16,7.8463155340397535,55.87537208311202,48.029057
1418,14.17,8.175374594127383,55.770562734996524,47.59519
1419,14.18,-10.530410882222064,55.689742926371686,66.22015
1420,14.19,7.155140686544925,55.85875778249219,48.703617
1421,14.2,-11.071997311474036,55.874352786182214,66.94635
1422,14.21,8.235175509154473,55.94034518688885,47.70517
1423,14.22,-12.574650041088468,55.81119895793497,68.38585
1424,14.23,-11.665674677613431,56.04527808117563,67.71095
1425,14.24,-11.139893265212052,56.088057784592635,67.22795
1426,14.25,8.417309678276347,56.178288377006815,47.76098
1427,14.26,-8.566448441238876,56.34320426872206,64.90965
1428,14.27,8.51077983053986,56.226684066379704,47.715904
1429,14.28,8.680170440502373,56.130274200268,47.450104
1430,14.29,8.630157762302233,55.766220384372545,47.136063
1431,14.3,8.592312335976018,56.12588930130805,47.533577
1432,14.31,-4.164684018191352,56.16397122472857,60.328655
1433,14.32,-3.5652635868728453,56.279489678508014,59.844753
1434,14.33,8.150865582864249,55.94430354062792,47.793438
1435,14.34,8.422363404364681,55.85519802960882,47.432835
1436,14.35,-5.8094542157524245,56.142999397528826,61.952454
1437,14.36,8.078175352284077,56.09938125438369,48.021206
1438,14.37,-4.186451467514807,55.98000284767074,60.166454
1439,14.38,8.349609753574022,56.08063926407207,47.73103
1440,14.39,7.5355298926481495,55.67134074469893,48.13581
1441,14.4,8.02531413758782,55.96667079652337,47.941357
1442,14.41,8.93722727650021,56.139780071910366,47.202553
1443,14.42,9.000364086821925,56.18041398306216,47.18005
1444,14.43,8.537106628176275,56.20625030493409,47.669144
1445,14.44,8.675819192102772,56.36605814473949,47.69024
1446,14.45,7.691690318257464,56.31784617152895,48.626156
1447,14.46,8.445632627960862,56.11802642678899,47.672394
1448,14.47,8.746651572259566,56.13636867431035,47.389717
1449,14.48,7.967510957249019,56.22506787253222,48.257557
1450,14.49,7.599329504810996,56.468916449391074,48.869587
1451,14.5,8.250045784645572,56.34193421237995,48.09189
1452,14.51,8.603266218353568,56.33144996469146,47.728184
1453,14.52,8.348896470852281,56.22621580678978,47.87732
1454,14.53,8.25267913000652,56.139374991822926,47.886696
1455,14.54,8.524227567889469,56.14003033278205,47.615803
1456,14.55,8.346148776299628,55.84778528142658,47.501637
1457,14.56,8.074641353571735,55.65695489116939,47.582314
1458,14.57,8.197653814472552,55.770552679218646,47.5729
1459,14.58,7.897273434229049,55.59607256752983,47.6988
1460,14.59,7.079353601500813,55.43560817913753,48.356255
1461,14.6,7.303485082804748,55.55056302469928,48.247078
1462,14.61,7.947243043565258,55.477344819688305,47.5301
1463,14.62,7.58762994470532,55.42642846765454,47.8388
1464,14.63,7.448440792135678,55.560512783102475,48.112072
1465,14.64,7.760507274991568,55.68944327963024,47.928936
1466,14.65,8.048294574333326,55.69146016271223,47.643166
1467,14.66,8.462234437619088,55.638263642941354,47.17603
1468,14.67,7.948297648106433,55.59545340982518,47.647156
1469,14.68,7.629634674989418,55.655620392762856,48.025986
1470,14.69,7.86835849122069,55.78279864624999,47.91444
1471,14.7,7.408558169384264,55.410694399853014,48.002136
1472,14.71,7.847290354807043,55.382114726144934,47.534824
1473,14.72,6.575389987835216,55.222240573772716,48.64685
1474,14.73,7.532514633431589,55.32925611902729,47.79674
1475,14.74,7.696349834264865,55.186374400915255,47.490025
1476,14.75,7.5324483770496755,55.624645795262566,48.092197
1477,14.76,8.155756547701586,55.82667787338518,47.67092
1478,14.77,7.7913844883457415,55.77317693829691,47.981792
1479,14.78,8.021510718277575,55.73953592579711,47.718025
1480,14.79,8.191024807028455,55.94241335683314,47.75139
1481,14.8,8.368478464992371,56.0139939068869,47.645515
1482,14.81,7.599498770771113,55.67241289430627,48.072914
1483,14.82,7.743639677573199,55.63159820418453,47.88796
1484,14.83,7.52278914284593,55.66470351052171,48.141914
1485,14.84,8.658253679350466,56.03588200576648,47.37763
1486,14.85,8.815157042592524,56.38279925450659,47.567642
1487,14.86,8.675685333092758,56.298045562584946,47.62236
1488,14.87,8.927754474022109,56.409123492576796,47.48137
1489,14.88,8.807522744665363,56.43602463675521,47.6285
1490,14.89,8.479296670646043,56.524016366690965,48.04472
1491,14.9,8.847425540169574,56.30475052185903,47.457325
1492,14.91,8.83977762835788,56.46064249652194,47.620865
1493,14.92,8.173293927125897,56.45619950573918,48.282906
1494,14.93,8.135603870187332,56.08227058771663,47.946667
1495,14.94,8.26264976566327,56.08251594608319,47.819866
1496,14.95,8.37477812560477,56.07767424376883,47.702896
1497,14.96,7.9105754373598955,55.91638522129544,48.00581
1498,14.97,8.015209323608275,56.1136285130614,48.09842
1499,14.98,8.53583187935729,56.09313244698424,47.5573
1500,14.99,8.152742852081367,55.83885430227668,47.68611
1501,15.0,7.91617104222766,55.93162438085071,48.015453
1502,15.01,8.178767319600283,55.87594520656317,47.697178
1503,15.02,8.450021259889702,55.97939061413775,47.52937
1504,15.03,7.6339877644635195,55.67953906451235,48.04555
1505,15.04,7.8184411701031635,55.48695160711488,47.66851
1506,15.05,7.8793241874971045,55.34856628344437,47.469242
1507,15.06,7.653514429061083,55.26242403599468,47.60891
1508,15.07,7.447569507428192,55.21403374082663,47.766464
1509,15.08,7.198522285832503,55.31393976630125,48.115417
1510,15.09,7.265595976008946,55.42446667303043,48.15887
1511,15.1,7.206504980934284,55.326961676490924,48.120457
1512,15.11,7.620142161115979,55.63936442063746,48.019222
1513,15.12,7.575632164076573,55.57172209937931,47.99609
1514,15.13,7.823459010721528,55.49155746042856,47.6681
1515,15.14,7.883816012008737,55.63208795414741,47.748272
1516,15.15,7.964768827919002,55.183846891883846,47.219078
1517,15.16,7.772069936564577,55.01803017216028,47.24596
1518,15.17,6.917118950901127,55.1395119867898,48.222393
1519,15.18,7.246984536035576,55.185155922754326,47.93817
1520,15.19,7.107420817144565,55.48024643970316,48.372826
1521,15.2,8.43951867608316,55.80910562066324,47.369587
1522,15.21,8.379217019179897,55.73923288832052,47.360016
1523,15.22,8.396482616954259,55.98661246924918,47.59013
1524,15.23,8.807576719626418,56.276032987936965,47.468456
1525,15.24,8.595544629727463,56.409185224209885,47.81364
1526,15.25,8.850631056366531,56.22606974655208,47.37544
1527,15.26,8.655323061964424,56.139183077833565,47.48386
1528,15.27,8.906279853830888,56.39125376130159,47.484974
1529,15.28,8.768747984769774,56.61633175552173,47.847584
1530,15.29,9.057191270590074,56.515355485677965,47.458164
1531,15.3,8.978159878173734,56.6168241237792,47.638664
1532,15.31,9.148977392774128,56.683229559522175,47.534252
1533,15.32,8.99108498641295,56.75570672103209,47.76462
1534,15.33,9.34044504010852,56.53832101667102,47.197876
1535,15.34,8.216056409665185,56.35855061132534,48.142494
1536,15.35,8.66408225051444,56.22069617263358,47.556614
1537,15.36,8.922037795242233,56.460982039627,47.538944
1538,15.37,8.704014953063613,56.7307826837765,48.026768
1539,15.38,8.407437088343073,56.749092819544245,48.341656
1540,15.39,8.74145734617317,56.79643094846809,48.054974
1541,15.4,8.166807035919355,56.47798715066545,48.31118
1542,15.41,8.511972916535868,56.39670039456321,47.884727
1543,15.42,9.032718485694424,56.41175062070419,47.379032
1544,15.43,8.751507014290304,56.294178217903585,47.54267
1545,15.44,8.736498102474144,56.121401056575706,47.384903
1546,15.45,8.557840064159151,56.130399420848605,47.57256
1547,15.46,8.324953034754579,56.12818332039911,47.80323
1548,15.47,8.382675821097607,55.82127445391011,47.4386
1549,15.48,8.449608965443076,56.07215611510128,47.622547
1550,15.49,8.467346786867743,55.91078627051032,47.44344
1551,15.5,8.561545123327036,55.98874162601258,47.427197
1552,15.51,8.382009653527803,55.75914588399655,47.377136
1553,15.52,8.579314507211045,55.87227181311925,47.292957
1554,15.53,8.190992717351818,55.86100233038893,47.67001
1555,15.54,7.946574419138045,56.066168993112655,48.119595
1556,15.55,8.79987546984654,56.20746061388951,47.407585
1557,15.56,8.289567689125647,56.20003292960416,47.910465
1558,15.57,8.262472918165003,56.07528953803805,47.812817
1559,15.58,9.15223768989734,56.295536792680544,47.1433
1560,15.59,8.373978033473676,55.83893240969438,47.464954
1561,15.6,8.883775897614704,56.130582996003376,47.246807
1562,15.61,8.839254337094637,56.15485568597159,47.3156
1563,15.62,7.863106426683274,55.97038334318718,48.107277
1564,15.63,8.197507324700354,55.92760223436832,47.730095
1565,15.64,8.185650636309973,55.68583374177872,47.500183
1566,15.65,8.035846842473646,55.83703626508107,47.80119
1567,15.66,7.903772502313522,55.85622611559477,47.952454
1568,15.67,8.306326805047782,55.99542134850481,47.689095
1569,15.68,8.14099962282694,55.94222719240702,47.801228
1570,15.69,7.683140536678572,55.8451583589442,48.162018
1571,15.7,8.162327656632051,55.55797661293088,47.39565
1572,15.71,7.324046952215383,55.86653886505718,48.542492
1573,15.72,7.710550789612455,55.66793680645816,47.957386
1574,15.73,8.411378619224038,55.882329699546304,47.47095
1575,15.74,8.197277897256683,55.88254248465903,47.685265
1576,15.75,8.351332125901827,55.985411105394014,47.63408
1577,15.76,8.404025383126758,56.01676113141777,47.612736
1578,15.77,8.601740730801893,56.18358506063588,47.581844
1579,15.78,8.038892648580678,56.094297311666615,48.055405
1580,15.79,7.490123622990744,55.80202471552004,48.3119
1581,15.8,8.1223065060626,55.899688403035256,47.77738
1582,15.81,7.396901846668683,55.71703124119993,48.32013
1583,15.82,8.05809187350134,55.73923277315954,47.68114
1584,15.83,7.9876482236176045,55.759891723373464,47.772243
1585,15.84,8.229781042664762,56.0274952760632,47.797714
1586,15.85,8.183287612803355,56.36131953419007,48.178032
1587,15.86,8.428980719873728,56.2548779366706,47.825897
1588,15.87,8.605350881401655,56.42039146978056,47.81504
1589,15.88,8.830026304170651,56.58702627365307,47.757
1590,15.89,8.352517338090188,56.39545557051206,48.04294
1591,15.9,8.748158509619287,56.17901330698257,47.430855
1592,15.91,8.821892828246007,56.37438306262101,47.55249
1593,15.92,8.721488143348651,56.27279582157131,47.551308
1594,15.93,8.075526114966053,56.03136717941918,47.95584
1595,15.94,8.46201945912361,56.057440296525954,47.59542
1596,15.95,8.370577969567755,56.07979504110096,47.709217
1597,15.96,8.518181409643638,56.067745771215904,47.549564
1598,15.97,8.37648280823479,56.133559071662525,47.757076
1599,15.98,8.327795104364974,56.100961760859114,47.773167
1600,15.99,7.664041331209063,55.88511448184383,48.221073
1601,16.0,7.535824738031259,55.72123046923243,48.185406
1602,16.01,7.958641829723632,55.51391679310254,47.555275
1603,16.02,8.63999854958169,55.93654167091958,47.296543
1604,16.03,8.068933253022621,55.581197504731605,47.512264
1605,16.04,7.659792210237654,55.61845996536461,47.958668
1606,16.05,8.42368070615057,55.673039837009945,47.24936
1607,16.06,7.654826807561733,55.5511814828547,47.896355
1608,16.07,8.010307872383443,55.599949443428365,47.58964
1609,16.08,7.902845607952635,55.76201461430029,47.85917
1610,16.09,8.151095795119659,55.64903967329349,47.497944
1611,16.1,7.988952146727819,55.488067136962194,47.499115
1612,16.11,7.4843699910187595,55.341299770071494,47.85693
1613,16.12,7.018935160106885,55.36816688007759,48.34923
1614,16.13,7.453247282806863,55.15776083261155,47.704514
1615,16.14,7.669397556878899,55.130434239007805,47.461037
1616,16.15,7.533843697768994,55.19139832423384,47.657555
1617,16.16,7.262795217703612,55.29625392742041,48.03346
1618,16.17,6.654875201616669,54.972532672319794,48.317657
1619,16.18,7.074725567802652,54.939025341972574,47.8643
1620,16.19,6.942140524703625,55.31292146952784,48.37078
1621,16.2,7.411451684424513,55.374262200781935,47.96281
1622,16.21,7.215020321871577,55.13438906576806,47.91937
1623,16.22,7.558700040367356,55.52735848763298,47.96866
1624,16.23,7.4768908614575835,55.395199119514224,47.91831
1625,16.24,7.356860855363543,55.386565902970965,48.029705
1626,16.25,7.6899216380151785,55.52521445417729,47.835293
1627,16.26,7.521828499299417,55.32042774246348,47.7986
1628,16.27,7.423234333183956,55.59964882293005,48.176414
1629,16.28,7.206658032891021,55.532391217705474,48.325733
1630,16.29,6.897646310501891,55.50630033271869,48.608654
1631,16.3,7.373350401606643,55.8852293688918,48.51188
1632,16.31,7.992920842518011,55.90771576439301,47.914795
1633,16.32,7.52168917988768,55.729368928422836,48.20768
1634,16.33,8.109377626976887,55.72882342775814,47.619446
1635,16.34,8.395849859413978,55.98760858744132,47.59176
1636,16.35,8.438665178610151,55.83681276161796,47.398148
1637,16.36,8.305409923304722,55.86507941793363,47.55967
1638,16.37,8.184619182431533,55.84979175933583,47.665173
1639,16.38,7.551595492002981,55.89864901983501,48.347054
1640,16.39,7.733703782550272,55.97439592122215,48.240692
1641,16.4,8.388614377549906,56.13840838389756,47.749794
1642,16.41,8.122811758889185,56.098893607033716,47.97608
1643,16.42,8.548795061072447,55.933152513465025,47.384357
1644,16.43,8.24089021915212,56.126533224523214,47.885643
1645,16.44,8.358693105837425,56.29601381506594,47.93732
1646,16.45,8.52952250128999,56.173637949288036,47.644115
1647,16.46,8.64215033120491,56.098967958158035,47.456818
1648,16.47,8.355284187414938,55.96291587076455,47.60763
1649,16.48,8.519162567591003,56.06122723433905,47.542065
1650,16.49,8.074810589428232,56.061684216137216,47.986874
1651,16.5,8.355296153754779,56.25320722553212,47.89791
1652,16.51,8.698679884715638,56.20715232734259,47.508472
1653,16.52,8.958588513862416,56.153553876411245,47.194965
1654,16.53,8.396751576102545,56.23279207292872,47.83604
1655,16.54,8.511032307540475,56.20410939494282,47.693077
1656,16.55,8.340291750370177,56.18990112537018,47.84961
1657,16.56,7.946420204910595,55.97924186018403,48.03282
1658,16.57,8.055192876200081,55.77974884543836,47.724556
1659,16.58,8.23754948808417,55.91359013749823,47.67604
1660,16.59,8.577049095870294,55.923065026046075,47.346016
1661,16.6,8.663680837614947,56.00417690084737,47.340496
1662,16.61,8.249671070021016,56.174109546583516,47.92444
1663,16.62,7.950613489031923,55.997103204608095,48.04649
1664,16.63,8.455275243703802,56.11201733965107,47.656742
1665,16.64,8.328053328241737,56.43486485167924,48.10681
1666,16.65,8.126839911045309,56.06812409073281,47.941284
1667,16.66,8.36558411406704,56.274637916557275,47.909054
1668,16.67,8.975027274771442,56.33893794982027,47.36391
1669,16.68,7.573533387904263,56.19908651900778,48.625553
1670,16.69,8.744300364940791,56.23750638911071,47.493206
1671,16.7,7.743975910187949,56.23493126297115,48.490955
1672,16.71,7.902223008949086,56.04477824576549,48.142555
1673,16.72,8.055546638184133,55.98848044555718,47.932934
1674,16.73,7.728415637646506,56.7178184086426,48.989403
1675,16.74,9.103849461318866,56.62418179774465,47.520332
1676,16.75,8.484992111949886,56.82999714735028,48.345005
1677,16.76,9.200709108989194,56.835448031108335,47.63474
1678,16.77,8.050102058195378,56.66832334115436,48.61822
1679,16.78,8.900886935955867,56.4118694493836,47.510983
1680,16.79,8.78959335529602,56.47527755939758,47.685684
1681,16.8,7.8330285642004185,55.57567764256956,47.74265
1682,16.81,7.6941314229843485,55.79870371912693,48.104572
1683,16.82,7.555754726237517,55.69040972501681,48.134655
1684,16.83,6.244516988809885,55.55832161527473,49.313805
1685,16.84,7.693040116449559,55.61136363329526,47.918324
1686,16.85,8.04167034454261,55.761400721739875,47.71973
1687,16.86,7.993927665963483,55.55204457880528,47.558117
1688,16.87,8.279597005457099,55.65957518538874,47.37998
1689,16.88,8.274726968507125,56.52536020825322,48.250633
1690,16.89,7.036174507749237,55.41548893035666,48.379314
1691,16.9,8.125355279016354,55.66297963814721,47.537624
1692,16.91,8.356535538008316,55.87152729826222,47.51499
1693,16.92,7.881025734042048,55.70575565347564,47.82473
1694,16.93,8.150277185244349,55.67459206561544,47.524315
1695,16.94,7.911415498573156,55.84487191947159,47.933456
1696,16.95,7.595107762390704,55.70862933831844,48.11352
1697,16.96,7.45200004519684,55.663090133087465,48.21109
1698,16.97,7.186973080624064,55.649451718319376,48.46248
1699,16.98,7.579425734528357,55.31631843472367,47.736893
1700,16.99,7.4008184681276035,55.46690809825456,48.06609
1701,17.0,7.056906325994696,55.79036198395368,48.733456
1702,17.01,8.213438048118483,55.766519560569655,47.55308
1703,17.02,7.786718010172692,56.087522148356285,48.300804
1704,17.03,8.183528283194612,56.07168517406375,47.888157
1705,17.04,7.988980487741074,56.08285637275084,48.093876
1706,17.05,7.999391481227526,55.8832835405537,47.883892
1707,17.06,8.450793826037675,55.92831000035408,47.477516
1708,17.07,8.35444029491893,55.89827498119823,47.543835
1709,17.08,8.06834099465879,56.05581734353574,47.987476
1710,17.09,7.498130057179736,56.226115439259814,48.727985
1711,17.1,7.6011008096202985,56.22751987700311,48.62642
1712,17.11,8.430185233982137,56.031095420749715,47.60091
1713,17.12,8.160761080031143,56.0821859457538,47.921425
1714,17.13,8.699795704576076,56.28955553123623,47.58976
1715,17.14,8.533788412529795,56.28807994695362,47.75429
1716,17.15,8.765840417433857,56.411565667678,47.645725
1717,17.16,8.525793732937345,56.37246579104281,47.846672
1718,17.17,7.948718745144745,56.404197413357636,48.45548
1719,17.18,8.353853915047765,56.024176333260655,47.670322
1720,17.19,8.620643662901962,55.90369038531407,47.283047
1721,17.2,8.142067735124193,55.7207687544113,47.5787
1722,17.21,7.937503169390631,55.50228817305274,47.564785
1723,17.22,7.880327915189952,55.66067001724073,47.780342
1724,17.23,6.337992837736238,55.69160001547061,49.353607
1725,17.24,7.842360320721923,55.92157632413989,48.079216
1726,17.25,7.99959458784172,55.77272691206047,47.773132
1727,17.26,7.539637623779868,55.51037126635799,47.970734
1728,17.27,7.620532560151986,55.71178774814027,48.091255
1729,17.28,7.3865646236642775,55.55351866419162,48.166954
1730,17.29,7.492991887508069,55.32670541900221,47.833714
1731,17.3,7.3436328896330565,55.41972465599048,48.07609
1732,17.31,7.416256639977817,55.521527025720005,48.10527
1733,17.32,7.1665203437243505,55.45821498483763,48.291695
1734,17.33,7.389323373119375,55.51742090729906,48.128098
1735,17.34,7.194605432461458,55.41689928622122,48.222294
1736,17.35,7.930937459864211,55.76212184707124,47.831184
1737,17.36,8.003973457926357,55.77511451017245,47.77114
1738,17.37,7.536762918679827,55.50893088742983,47.972168
1739,17.38,-16.557708751206064,55.64634703492675,72.204056
1740,17.39,7.925279548706364,55.42286103063996,47.49758
1741,17.4,8.372355442470592,55.81195734066395,47.4396
1742,17.41,8.061895733544326,55.666788464257216,47.604893
1743,17.42,-26.099098493413194,55.34105653588368,81.440155
1744,17.43,-22.9133130934638,55.39734059305964,78.31065
1745,17.44,-20.731491391265543,55.36025970736727,76.09175
1746,17.45,8.307432097374011,55.69220535176854,47.384773
1747,17.46,7.71474680264641,55.62415918667961,47.909412
1748,17.47,8.129824126604795,55.54983755433917,47.420013
1749,17.48,-22.076615387467257,55.27114004466165,77.347755
1750,17.49,7.606297388878275,55.1673516186146,47.561054
1751,17.5,6.821815362584168,55.25219713748651,48.43038
1752,17.51,7.681588206215714,55.44856742374501,47.76698
1753,17.52,6.2918091016503865,55.042926807949215,48.751118
1754,17.53,6.516066545029204,55.065295213242095,48.54923
1755,17.54,8.08322293096515,55.61937863164874,47.536156
1756,17.55,-25.633975249215112,55.49458004863645,81.128555
1757,17.56,-24.99538186853355,55.30887075597817,80.30425
1758,17.57,-23.75139934627729,55.160557440832086,78.91196
1759,17.58,-25.037424206032398,55.23732554982698,80.27475
1760,17.59,7.854551971858449,55.24486416668267,47.390312
1761,17.6,7.452072386306568,55.04294610456829,47.590874
1762,17.61,7.118815130746675,55.00961179212363,47.890797
1763,17.62,7.491196046443264,55.045002351374904,47.553806
1764,17.63,7.6795547162916264,55.13243176096936,47.452877
1765,17.64,-30.416704647464258,55.23854590185215,85.65525
1766,17.65,7.490195704041675,55.24163765960808,47.751442
1767,17.66,7.060590336621701,55.47764355927795,48.417053
1768,17.67,7.187437856410142,55.24090846798241,48.05347
1769,17.68,7.563518826533382,55.35828811364276,47.79477
1770,17.69,7.48556088350535,55.16146420381785,47.675903
1771,17.7,-31.318967688325422,55.06088460659645,86.37985
1772,17.71,6.5422252550413305,55.157211674719065,48.614986
1773,17.72,7.375723967277942,54.92874825927013,47.553024
1774,17.73,7.264766611300743,54.67500296994332,47.410236
1775,17.74,7.149156484694423,54.932184133620204,47.783028
1776,17.75,7.54837257410383,55.03361732508039,47.485245
1777,17.76,7.04249031869967,55.23358376352389,48.191093
1778,17.77,7.6332578846455945,55.07315351452841,47.439896
1779,17.78,7.623115059451116,55.38096952112104,47.757854
1780,17.79,7.472842100947361,55.33005416759775,47.857212
1781,17.8,7.323759627133541,55.44316346624487,48.119404
1782,17.81,7.459291439906572,55.19788930977962,47.738598
1783,17.82,7.875679206921262,55.66834278114001,47.792664
1784,17.83,7.571545775554114,55.41053884806388,47.838993
1785,17.84,8.01825980449673,55.47693900371548,47.45868
1786,17.85,7.856229807343901,55.611528421845854,47.7553
1787,17.86,-32.71366871571908,55.11828624033561,87.831955
1788,17.87,7.527190116042284,55.29838838874736,47.7712
1789,17.88,7.700565543943561,55.55404683666817,47.85348
1790,17.89,7.526190674690774,55.59500018396812,48.06881
1791,17.9,8.251587089632665,55.611232933138524,47.359646
1792,17.91,7.923892920484093,55.46148676203683,47.537594
1793,17.92,7.583267299114667,55.341980067669354,47.758713
1794,17.93,7.933293212280674,55.45962606750528,47.526333
1795,17.94,-39.63869173910363,55.442500277497935,95.08119
1796,17.95,-39.86159126888438,55.581264566076555,95.442856
1797,17.96,6.578260613773068,55.25419063696643,48.67593
1798,17.97,5.924129369829657,55.18493259248591,49.260803
1799,17.98,-38.04472823923392,55.16732315236764,93.21205
1800,17.99,-40.92529175687801,55.27467467378605,96.19997
1801,18.0,6.7728829449407755,54.98880243956968,48.21592
1802,18.01,7.362228924012548,55.09711509344614,47.734886
1803,18.02,7.171658406449538,55.39165199775813,48.219994
1804,18.03,7.567235238962127,55.11366010468478,47.546425
1805,18.04,7.638825264134461,55.386780586400086,47.747955
1806,18.05,7.286182950677009,55.21585137719068,47.92967
1807,18.06,6.56055648418711,55.25371368023203,48.693157
1808,18.07,7.4263120920899155,55.55238783671882,48.126076
1809,18.08,6.910166936721389,55.393672185744826,48.483505
1810,18.09,6.718807334138326,55.34688960952895,48.628082
1811,18.1,8.378673625996456,55.63948066334997,47.260807
1812,18.11,7.6514135565214545,55.70376646179489,48.052353
1813,18.12,7.935347063674158,55.70981071723861,47.774464
1814,18.13,7.229559894223556,55.49186992229973,48.26231
1815,18.14,7.626170710415899,55.48788793453699,47.861717
1816,18.15,7.802651902098788,55.525788803954256,47.723137
1817,18.16,7.968095180595839,55.29769265374037,47.329597
1818,18.17,7.19604163645338,55.33539634226393,48.139355
1819,18.18,7.418615084326973,55.21230862680744,47.793694
1820,18.19,7.85532191969147,55.51639369703522,47.66107
1821,18.2,7.40479732099012,55.132191424994026,47.727394
1822,18.21,7.840741457490971,55.33224231198316,47.4915
1823,18.22,7.857538439614544,55.135629870278606,47.27809
1824,18.23,7.580519454297459,55.10122563105527,47.520706
1825,18.24,7.69465152655642,55.333544653997826,47.638893
1826,18.25,7.95090710590118,55.42758023212188,47.476673
1827,18.26,7.585908220893749,55.43370942938984,47.8478
1828,18.27,7.460935545857424,55.444917632039065,47.983982
1829,18.28,7.27626004467799,55.39593091259791,48.11967
1830,18.29,7.996356732495769,55.40160346711491,47.405247
1831,18.3,7.9385482273726495,55.433478494706634,47.49493
1832,18.31,7.545318622318874,55.349098224369655,47.80378
1833,18.32,7.607480297591202,55.334058056380265,47.726578
1834,18.33,7.560176920736474,55.304622721517724,47.744446
1835,18.34,7.053002608917318,55.20862318386849,48.15562
1836,18.35,6.029635773668659,55.559939728746784,49.530304
1837,18.36,7.6548229560940015,55.50340236283228,47.84858
1838,18.37,7.926697416870994,55.461800261109275,47.535103
1839,18.38,7.29763427982153,55.47613540897192,48.1785
1840,18.39,7.031505793204566,55.43138524877097,48.39988
1841,18.4,7.687389054699025,55.6575619367791,47.970173
1842,18.41,7.297312770301019,55.40496734183422,48.107655
1843,18.42,7.428997059883564,55.50959016901442,48.080593
1844,18.43,7.402959643803378,55.28344136377408,47.88048
1845,18.44,7.678890331982302,55.53611384272449,47.857224
1846,18.45,-35.81954323382544,55.59220755963159,91.41175
1847,18.46,7.795944261443722,55.313930559051144,47.517986
1848,18.47,7.476556665012112,55.435197717258205,47.95864
1849,18.48,7.651753316666536,55.375038991715364,47.723286
1850,18.49,-35.19425434711954,55.3862968003414,90.58055
1851,18.5,-37.32209253756089,55.206449027380515,92.52854
1852,18.51,7.947864878484786,55.44933735162932,47.501472
1853,18.52,7.564109503714491,55.31288880058949,47.74878
1854,18.53,7.28455245780372,55.005354764932626,47.720802
1855,18.54,7.191229774688068,55.077444984649006,47.886215
1856,18.55,6.784426950100723,54.92263724673158,48.13821
1857,18.56,6.1890761181335705,55.05356281246951,48.864487
1858,18.57,7.178140581475674,55.140603960381924,47.962463
1859,18.58,6.837219857213768,54.99231018924502,48.15509
1860,18.59,7.134724438643829,55.053978741622345,47.919254
1861,18.6,7.392284125476856,54.8835675422249,47.491283
1862,18.61,7.4105554168353365,55.06136184383729,47.650806
1863,18.62,-44.014855287892956,55.045455075876575,99.06031
1864,18.63,7.222528528054752,54.80422026999811,47.58169
1865,18.64,-46.58066811751021,54.68706259538042,101.26773
1866,18.65,7.138711805696204,54.669385786409094,47.530674
1867,18.66,6.672528435533174,54.55360906297458,47.88108
1868,18.67,6.742804848595881,54.596072518273616,47.853268
1869,18.68,6.8678479874378695,54.80207497718396,47.934227
1870,18.69,7.521287957226605,55.16864208320317,47.647354
1871,18.7,7.461941914888207,55.05715675863821,47.595215
1872,18.71,7.641917286868541,55.187140522952525,47.545223
1873,18.72,6.807791405064549,55.222590141636815,48.4148
1874,18.73,7.212246795696025,54.76323403934837,47.550987
1875,18.74,6.859501003981215,54.62328350520192,47.763783
1876,18.75,6.906132422294434,54.654003821220215,47.74787
1877,18.76,7.191418469697965,54.77114564254953,47.579727
1878,18.77,7.140400819302521,54.87030499410721,47.729904
1879,18.78,7.081658433224284,55.182286332394206,48.100628
1880,18.79,6.6916970690939195,55.172623582765794,48.480927
1881,18.8,6.6751880865955755,55.038217566576044,48.36303
1882,18.81,7.575048952479385,55.05438855208876,47.47934
1883,18.82,-28.80120258119593,55.45685405942907,84.25806
1884,18.83,7.382908629400333,55.240887450201114,47.85798
1885,18.84,7.420416140664976,55.140344882120054,47.71993
1886,18.85,7.47322467293737,55.061851534509636,47.588627
1887,18.86,7.448254834963443,55.18506361181891,47.73681
1888,18.87,7.1118345723565,55.180293129485406,48.06846
1889,18.88,7.11558707373046,54.728498298095694,47.61291
1890,18.89,7.021862578241851,54.702793669550445,47.68093
1891,18.9,7.1262836580835085,54.71633721643312,47.590054
1892,18.91,7.158638270268874,54.72995022095247,47.571312
1893,18.92,7.704739721806838,55.280896338017776,47.576157
1894,18.93,7.48089473663746,55.3369356912273,47.85604
1895,18.94,7.883479976119354,55.35618200248654,47.472702
1896,18.95,7.285387329206152,55.114504150495215,47.829117
1897,18.96,7.559396551323317,55.25063495464363,47.69124
1898,18.97,7.481122272714352,55.20722319434521,47.7261
1899,18.98,7.750915896301628,55.41151465118444,47.6606
1900,18.99,7.661972155895192,55.319885363903005,47.657913
1901,19.0,7.597852481499572,55.38477112163629,47.78692
1902,19.01,6.852830422845734,55.12968207689847,48.27685
1903,19.02,5.931926583518653,55.196033334006934,49.264107
1904,19.03,7.565073524435071,55.233797584493665,47.668724
1905,19.04,7.623204890476565,55.394784632908205,47.77158
1906,19.05,-33.61184224675738,55.557911781562936,89.169754
1907,19.06,-36.86961748162394,55.70278547247762,92.5724
1908,19.07,-40.16019667751958,55.45358811251948,95.613785
1909,19.08,-40.03034762617367,55.38092251542789,95.41127
1910,19.09,7.2013565355215405,55.28654254016021,48.085186
1911,19.1,-39.91000405253276,55.49124106465474,95.401245
1912,19.11,-37.03182223519856,55.610908477692064,92.64273
1913,19.12,-36.69629519890568,55.45655972052791,92.152855
1914,19.13,7.334611986203683,55.544866655393136,48.210255
1915,19.14,7.6362051290292,55.3028196614999,47.666615
1916,19.15,7.673409658043305,55.26112862166635,47.58772
1917,19.16,7.433564343753908,55.122216382328126,47.688652
1918,19.17,7.520854760677814,54.75488643792391,47.23403
1919,19.18,7.248382155311077,54.8134875935435,47.565105
1920,19.19,6.377467177668777,54.67378141717073,48.296314
1921,19.2,6.800552684773265,54.747967082966625,47.947414
1922,19.21,7.078627509413252,54.776682776747236,47.698055
1923,19.22,6.672568693808877,54.47647036617216,47.8039
1924,19.23,6.5823633999724365,54.525280270089624,47.942917
1925,19.24,6.282067926858105,54.29745260093037,48.015385
1926,19.25,6.8810821312305634,54.59957654651377,47.718494
1927,19.26,6.871273784546531,54.52109983435122,47.649826
1928,19.27,7.232279469109919,54.85581081066265,47.62353
1929,19.28,7.391699021829446,54.92549342490562,47.533794
1930,19.29,7.293369691328344,55.04692117448264,47.75355
1931,19.3,7.010744459525057,54.82294691313834,47.812202
1932,19.31,-32.339163870464425,55.286393075336356,87.62556
1933,19.32,7.509747944991801,55.13028474919102,47.620537
1934,19.33,-28.86324462738473,55.14941253814261,84.01266
1935,19.34,-27.578035618993965,54.9068200328615,82.484856
1936,19.35,-26.736506380842172,54.989544949724234,81.72605
1937,19.36,7.065913727354669,54.63789706475701,47.571983
1938,19.37,-27.377282351112676,54.598372250938105,81.975655
1939,19.38,7.074469643921262,54.7214155972904,47.646946
1940,19.39,-21.63485422261048,55.0094023691864,76.64426
1941,19.4,7.143059422776616,54.83387058000318,47.69081
1942,19.41,7.456289464914562,55.1139776057837,47.65769
1943,19.42,7.504320366498227,55.4290945364201,47.924774
1944,19.43,7.6102348462281455,55.13638078128674,47.526146
1945,19.44,6.959502024329879,55.11317710367558,48.153675
1946,19.45,7.244091377850495,55.14304767667862,47.898956
1947,19.46,5.641109984391484,55.12766699122742,49.486557
1948,19.47,7.214705212456266,54.900191052300016,47.685486
1949,19.48,7.613034355324942,55.08575926987572,47.472725
1950,19.49,7.21684261684738,54.9538344991716,47.73699
1951,19.5,6.985443604676178,54.886612427918365,47.90117
1952,19.51,-17.727926475952344,54.77592636828594,72.50385
1953,19.52,-21.271333070281734,54.83161797952295,76.10295
1954,19.53,7.443277119738049,55.15546202574391,47.712185
1955,19.54,-25.454326033021204,55.35232985076786,80.806656
1956,19.55,7.917714277771758,55.47124210980301,47.553528
1957,19.56,7.454140568393221,55.20329370560025,47.749153
1958,19.57,-23.979233370723108,55.34021700769486,79.31945
1959,19.58,7.657130053892864,55.3244731935413,47.667343
1960,19.59,-22.369161757503512,55.1412905130043,77.51045
1961,19.6,-22.337980400247517,55.05336939223295,77.39135
1962,19.61,-26.19159413985323,55.08446024247099,81.276054
1963,19.62,7.41648565975494,55.10670553890533,47.69022
1964,19.63,6.84041876492978,54.93070501981259,48.090286
1965,19.64,7.434674127979754,55.29228292314577,47.85761
1966,19.65,-29.303252463512223,55.13040232164403,84.433655
1967,19.66,7.44689685296683,55.12925845575003,47.68236
1968,19.67,7.716317326290891,55.439294010861204,47.722977
1969,19.68,6.7112028654966664,55.54549241627792,48.83429
1970,19.69,7.750071953767659,55.319716881746174,47.569645
1971,19.7,7.373443434699205,55.21879942224803,47.845356
1972,19.71,7.8537784208338195,55.55022388592171,47.696445
1973,19.72,7.785232476425584,55.41525643272441,47.630024
1974,19.73,7.68343530893889,55.26077829599944,47.577343
1975,19.74,8.081088176999742,55.51639854076927,47.43531
1976,19.75,7.800987588819176,55.287674295362145,47.486687
1977,19.76,7.229516499090309,55.460172169256325,48.230656
1978,19.77,7.884282477529105,55.5016149360252,47.617332
1979,19.78,7.443015634873966,55.214736521104435,47.77172
1980,19.79,-37.02087152300659,55.84380590619263,92.86468
1981,19.8,8.481112302954358,56.08183556955592,47.600723
1982,19.81,7.898718785719858,55.76856131501673,47.869843
1983,19.82,7.6533819619724,55.62283768096654,47.969456
1984,19.83,7.255320433943446,55.43684280332821,48.181522
1985,19.84,8.014821909258274,55.39706983406296,47.382248
1986,19.85,7.777887902847546,55.16150148927333,47.383614
1987,19.86,7.672423232105508,55.121260512378946,47.448837
1988,19.87,8.05915873640258,55.20806925886352,47.14891
1989,19.88,7.634039459804711,55.1653237920801,47.531284
1990,19.89,5.879633529203588,55.06505451919382,49.18542
1991,19.9,7.357434169102618,55.2132157242784,47.85578
1992,19.91,7.993428019347242,55.27712705499177,47.2837
1993,19.92,7.730827058078511,55.25337573361562,47.52255
1994,19.93,7.848584227813205,55.439404540313205,47.59082
1995,19.94,7.415647614573302,55.267416108225646,47.85177
1996,19.95,7.331207475397392,55.29816075298528,47.966953
1997,19.96,7.831664064381741,55.344599702809475,47.512936
1998,19.97,7.257245810524076,55.316903861061185,48.059658
1999,19.98,6.922259587522113,55.29673315929946,48.374474
2000,19.99,7.61337952596017,55.35466294270822,47.741283
2001,20.0,6.9464966231652525,54.88982166588986,47.943325
2002,20.01,7.1664158852714905,55.11054964381641,47.944134
2003,20.02,7.547830596180496,55.45985986253792,47.91203
2004,20.03,7.449579609387108,55.086161030285545,47.63658
2005,20.04,7.546438970167408,55.248266973097095,47.701828
2006,20.05,8.153034789458111,55.27410946597178,47.121075
2007,20.06,-46.90395752593304,54.988330682074775,101.89229
2008,20.07,-45.95607118012966,54.89778013822971,100.85385
2009,20.08,7.078699900926516,54.91876490336792,47.840065
2010,20.09,7.561082744644374,54.96674909596273,47.405666
2011,20.1,-43.488345395550105,54.93156885005536,98.419914
2012,20.11,6.870716042812681,54.71988291292987,47.849167
2013,20.12,6.959434143734292,55.01906549139054,48.05963
2014,20.13,7.481378237290947,55.05498282103118,47.573605
2015,20.14,6.816742553308785,54.91121353109199,48.09447
2016,20.15,7.281596855627825,54.93434496353798,47.65275
2017,20.16,6.19898685220133,54.87751468423258,48.678528
2018,20.17,7.041422794594773,54.88698096109868,47.84556
2019,20.18,7.1938785912389775,54.950401723563196,47.756523
2020,20.19,7.353262934196351,55.006720575797914,47.653458
2021,20.2,6.681092827777462,55.04413375184973,48.36304
2022,20.21,7.5528094559555115,55.07876847084809,47.52596
2023,20.22,6.973889754075522,54.97667066838216,48.00278
2024,20.23,7.480468271248526,55.23885297583837,47.758385
2025,20.24,8.015038151507454,55.307743687396126,47.292706
2026,20.25,7.821877897845475,55.31475585805055,47.492878
2027,20.26,7.646492423271702,55.26277584001975,47.616283
2028,20.27,7.416695551611085,55.2525872752439,47.83589
2029,20.28,7.567360681312351,55.14820556046274,47.580845
2030,20.29,8.074021005728326,55.420632028677545,47.34661
2031,20.3,7.682517174059406,55.437182548815265,47.754665
2032,20.31,7.7274667667558745,55.36008090249806,47.632614
2033,20.32,7.73449060614773,55.656918737251246,47.92243
2034,20.33,7.834325569865321,55.43963791727743,47.605312
2035,20.34,8.067401601749793,55.68173952289237,47.614338
2036,20.35,8.166119421501463,55.56897815563232,47.40286
2037,20.36,8.232204934290912,55.64499714010146,47.412792
2038,20.37,8.095565813436885,55.43474962080993,47.339184
2039,20.38,7.728546262719618,55.58470165822743,47.856155
2040,20.39,7.906247000139572,55.51733098451457,47.611084
2041,20.4,8.071787815526115,55.363203983739005,47.291416
2042,20.41,8.036418156728445,55.52593155394524,47.489513
2043,20.42,7.801463140824531,55.6297025817425,47.82824
2044,20.43,8.311748751321275,55.571949251809556,47.2602
2045,20.44,8.280331235164844,55.563358884090626,47.283028
2046,20.45,8.636757612975579,55.79482722357128,47.15807
2047,20.46,8.192217577789002,55.48098253140228,47.288765
2048,20.47,7.679553876500776,55.27024830399101,47.590694
2049,20.48,-7.161927539749911,55.207827251509855,62.369755
2050,20.49,8.000442880540632,55.32241477385118,47.32197
2051,20.5,8.02393288592738,55.48660607318324,47.462673
2052,20.51,8.285306965569063,55.57126811669211,47.28596
2053,20.52,8.092703085480643,55.56996748977752,47.477264
2054,20.53,8.194824072503174,55.647319647454346,47.452496
2055,20.54,7.597890595784868,55.16792462288448,47.570034
2056,20.55,7.203248267587647,55.233906989511475,48.03066
2057,20.56,8.185084812450086,55.11386441450087,46.92878
2058,20.57,7.844729945156828,55.37433199593808,47.529602
2059,20.58,7.821537930451534,55.3883027619945,47.566765
2060,20.59,7.55723428936809,55.116983892639574,47.55975
2061,20.6,6.759182436264901,55.26881073216334,48.50963
2062,20.61,7.500533399340135,54.932872113939744,47.43234
2063,20.62,7.126480654256547,55.2675329003503,48.141052
2064,20.63,7.281126902074391,55.34101001975017,48.059883
2065,20.64,7.242608098488226,54.946572331886664,47.703964
2066,20.65,7.150111475310389,55.200076380095545,48.049965
2067,20.66,7.17276865709897,54.85456949938413,47.6818
2068,20.67,7.593343171078331,54.8941167916838,47.300774
2069,20.68,6.734100250798164,54.9119528814134,48.177853
2070,20.69,6.758556804022206,54.96871229108275,48.210155
2071,20.7,6.784019967674979,54.852085610985526,48.068066
2072,20.71,7.189037231899192,54.78359213302224,47.594555
2073,20.72,7.2083985583690335,54.7723672168163,47.56397
2074,20.73,7.270802019635646,54.669640062848536,47.398838
2075,20.74,6.853653316092924,54.800430659842924,47.946777
2076,20.75,7.4451776653023956,54.83691274220669,47.391735
2077,20.76,7.468462445431349,54.842150189571974,47.373688
2078,20.77,7.590094793850291,54.993621100002635,47.403526
2079,20.78,7.345903782840367,55.23383179187357,47.887928
2080,20.79,9.03457945537373,55.300532519338574,46.265953
2081,20.8,8.770578553153769,55.09875695891549,46.32818
2082,20.81,9.299720525568468,55.603599309748155,46.30388
2083,20.82,8.952202773543327,55.33389375254723,46.38169
2084,20.83,8.734095904823505,55.25666746854421,46.52257
2085,20.84,8.22609083883593,55.290852954314445,47.064762
2086,20.85,8.371591156517205,55.678659027610955,47.307068
2087,20.86,8.95298449670775,55.41684024011595,46.463856
2088,20.87,8.922452515938232,55.408174104073,46.48572
2089,20.88,8.961160290144733,55.3942581295002,46.433098
2090,20.89,54.42717703815078,55.600131120639794,1.1729541
2091,20.9,54.16247411919974,55.44742771340751,1.2849536
2092,20.91,54.58065505053266,55.36161078240141,0.78095573
2093,20.92,54.0169584522536,55.22290966609027,1.2059512
2094,20.93,54.33775785887694,55.440712246541736,1.1029544
2095,20.94,54.42714420269856,55.34809932421574,0.9209551
2096,20.95,54.281904936639286,55.19385737260959,0.91195244
2097,20.96,54.37862480985834,54.965580297586456,0.5869555
2098,20.97,54.058814991507894,55.410769928489096,1.3519549
2099,20.98,9.120033804348033,55.54417854922108,46.424145
2100,20.99,54.84034093329216,55.58429410168434,0.74395317
2101,21.0,54.63799043870552,55.6059426305352,0.9679522
2102,21.01,54.82755417270487,55.54150856180018,0.7139544
2103,21.02,54.64027959047641,55.291230439532654,0.65095085
2104,21.03,54.390004849204196,55.379960214862,0.98995537
2105,21.04,8.908216684184893,55.49036237510286,46.582146
2106,21.05,54.20469345188986,55.372650280960904,1.1679568
2107,21.06,54.50204709239416,55.50200459428243,0.9999575
2108,21.07,53.9448290761607,55.346779435505184,1.4019504
2109,21.08,53.88167743838787,55.35162859118938,1.4699512
2110,21.09,9.29538921020793,55.660898243411054,46.36551
2111,21.1,8.415367641789203,55.2778172877853,46.86245
2112,21.11,54.543443582975975,55.53639730068456,0.9929537
2113,21.12,54.77547609685633,55.60542780040476,0.8299517
2114,21.13,55.43247307480525,55.82342941702556,0.39095634
2115,21.14,54.60466893919725,55.7466247917058,1.1419559
2116,21.15,54.97083550996163,55.63078904456475,0.65995353
2117,21.16,55.2327696130841,55.75971991282394,0.5269503
2118,21.17,9.350556872852067,55.57478096342824,46.224224
2119,21.18,54.32074209840996,55.52969929369194,1.2089572
2120,21.19,54.54874612071064,55.50569672562626,0.9569506
2121,21.2,54.73842943478337,55.63638193178883,0.8979525
2122,21.21,9.411790819181341,55.781599016202826,46.36981
2123,21.22,55.20055888224383,55.741509120948514,0.54095024
2124,21.23,54.60016818091651,55.66711945578834,1.0669513
2125,21.24,55.10222896521707,55.71217944806238,0.6099505
2126,21.25,54.35804023714044,55.70099248857477,1.3429523
2127,21.26,54.30952606973938,55.28348259506515,0.9739565
2128,21.27,8.512935727269749,55.36766442600022,46.85473
2129,21.28,54.37656200946224,55.23551304162395,0.85895103
2130,21.29,53.98616888365077,55.240124247878065,1.2539554
2131,21.3,54.63627925059842,55.54723223588513,0.910953
2132,21.31,8.983925373427702,55.6337056468652,46.64978
2133,21.32,54.24844564669442,55.486402170589685,1.2379565
2134,21.33,8.987121419426074,55.47048170995342,46.48336
2135,21.34,8.719740994672485,55.31237710307092,46.592636
2136,21.35,8.919629889594006,55.388868170844006,46.46924
2137,21.36,8.723484767014241,54.99239040666268,46.268906
2138,21.37,8.789335589293081,55.20498881805285,46.415653
2139,21.38,8.960495228357907,55.36888145882666,46.408386
2140,21.39,9.259067128260021,55.609126637537365,46.35006
2141,21.4,9.455445353815698,55.86871058208718,46.413265
2142,21.41,54.20271412765779,55.547665280459306,1.3449512
2143,21.42,54.40006398818618,55.4740190472377,1.073955
2144,21.43,54.697531558839145,55.55948857244617,0.861957
2145,21.44,9.121210052203153,55.6199283139219,46.49872
2146,21.45,9.141441273737875,55.66069023614022,46.51925
2147,21.46,54.664453511890855,55.7284064347119,1.0639529
2148,21.47,9.323065789768272,55.741930993625694,46.418865
2149,21.48,9.193630724211182,55.67800572421118,46.484375
2150,21.49,9.280138481152939,55.76648949433653,46.48635
2151,21.5,55.131006606846526,55.90996343734808,0.77895683
2152,21.51,54.54551235350226,55.63346735151862,1.087955
2153,21.52,8.800322562602048,55.35948851719189,46.559166
2154,21.53,54.26746768394855,55.26341975370792,0.99595207
2155,21.54,8.805555989653335,55.18313853970216,46.377583
2156,21.55,54.421292978790866,55.22224535372602,0.8009524
2157,21.56,54.57072247764322,55.098679857461185,0.5279574
2158,21.57,54.26293353193974,55.06288645619129,0.7999529
2159,21.58,54.15467904899865,54.98563020323068,0.83095115
2160,21.59,54.44324943669678,55.02020278819443,0.57695335
2161,21.6,8.490633949288537,54.97315500641744,46.48252
2162,21.61,8.577021594252741,54.83075236817852,46.25373
2163,21.62,8.622538865750286,55.09760981911943,46.47507
2164,21.63,8.260538801423081,54.84132264541722,46.580784
2165,21.64,7.868347794966944,54.55022874589468,46.68188
2166,21.65,8.290583455249795,54.682665669605264,46.392082
2167,21.66,8.480055593483456,55.075052999489316,46.594997
2168,21.67,8.668436379983646,55.10617670591138,46.43774
2169,21.68,8.472196393469353,55.07906513736584,46.60687
2170,21.69,8.24389195242032,54.8168365935336,46.572945
2171,21.7,8.330692841021303,54.884174896685366,46.553482
2172,21.71,8.260440353331525,54.84038496392723,46.579945
2173,21.72,8.117156975980137,54.722244256253575,46.605087
2174,21.73,53.88039590657748,54.757352309832946,0.8769564
2175,21.74,53.5962047853269,54.80215599916357,1.2059512
2176,21.75,53.38237272997869,54.84332882662786,1.4609561
2177,21.76,53.31486195390832,54.586815059834834,1.2719531
2178,21.77,8.036489134909871,54.596501952292684,46.560013
2179,21.78,8.117151320480652,54.62182432463104,46.504673
2180,21.79,54.097409777836354,54.8053674628301,0.7079577
2181,21.8,53.80193753555148,54.556892290857725,0.75495476
2182,21.81,8.04624347335971,54.44680957443393,46.400566
2183,21.82,8.113599622484806,54.47927268767035,46.365673
2184,21.83,7.94962438045161,54.55778630672114,46.608162
2185,21.84,53.61383740702387,54.47178898850199,0.8579516
2186,21.85,8.082803112672565,54.54212318103194,46.45932
2187,21.86,53.96605735612329,54.84601211142953,0.87995476
2188,21.87,7.967425207286524,54.582415441661524,46.61499
2189,21.88,7.985942423899537,54.40601688679016,46.420074
2190,21.89,8.152150067205824,54.574364575262464,46.422215
2191,21.9,7.895773506118232,54.53208408351081,46.63631
2192,21.91,53.068983334254575,54.383935707759214,1.3149524
2193,21.92,53.18622063069179,54.59117697148159,1.4049563
2194,21.93,8.303549370827227,54.761515221657305,46.457966
2195,21.94,7.997162156691331,54.796684556593675,46.799522
2196,21.95,54.075325466584665,54.88228217501591,0.8069567
2197,21.96,7.961158536222335,55.06308343246257,47.101925
2198,21.97,8.80907854326852,55.257210104547816,46.44813
2199,21.98,53.97011840525475,55.06907499018517,1.0989566
2200,21.99,54.22825323562203,55.27320896606026,1.0449557
2201,22.0,8.437941412197183,55.15387998031242,46.71594
2202,22.01,8.226297177153654,55.10103777773959,46.87474
2203,22.02,8.766295484330143,55.22143464448639,46.45514
2204,22.03,53.9553096088896,54.68626228900053,0.7309527
2205,22.04,53.82236070520847,54.95931167490451,1.136951
2206,22.05,53.70500327585114,54.87895680902375,1.1739535
2207,22.06,8.445914410698641,55.153449200737704,46.707535
2208,22.07,8.665775407269415,55.20954142899793,46.543766
2209,22.08,8.402126728914368,54.82898753824054,46.42686
2210,22.09,8.162920164714656,54.80313317740997,46.640213
2211,22.1,8.325445421901236,54.89863801833678,46.573193
2212,22.11,8.477060244121034,54.871164248027284,46.394104
2213,22.12,8.229677484043208,54.707113549717036,46.477436
2214,22.13,7.9994815913407535,54.64241829788372,46.642937
2215,22.14,8.217697569868271,54.83858914091319,46.62089
2216,22.15,8.429396547886398,54.848082460972336,46.418686
2217,22.16,8.494003715575396,55.029457511962114,46.535454
2218,22.17,9.027904975754929,55.055374610764694,46.02747
2219,22.18,53.79330358860488,54.99525699970717,1.2019534
2220,22.19,8.619828842040612,55.03413548266561,46.414307
2221,22.2,8.966769546042237,55.452479690085205,46.48571
2222,22.21,54.71442931096606,55.28938376109652,0.57495445
2223,22.22,54.868864939127135,55.481821403417754,0.61295646
2224,22.23,54.47707427151329,55.47602469332344,0.9989504
2225,22.24,9.23380483679901,55.625131741095885,46.391327
2226,22.25,55.36870069164992,55.905653127620226,0.53695244
2227,22.26,9.308809070958723,55.84913805045091,46.54033
2228,22.27,9.560564451811217,55.82273333608856,46.26217
2229,22.28,55.48022907780184,55.74317943857683,0.26295036
2230,22.29,9.586843558646414,55.9889889443886,46.402145
2231,22.3,9.41327708162811,55.82766383089569,46.414387
2232,22.31,55.10080021650868,55.77575314076024,0.6749529
2233,22.32,9.458591357878056,55.88374318282923,46.42515
2234,22.33,9.507422714429488,56.0212929536873,46.51387
2235,22.34,55.60975158452262,56.09770804881324,0.48795646
2236,22.35,55.50405162489082,55.712009324785726,0.2079577
2237,22.36,55.2273731480261,55.651326621594066,0.42395347
2238,22.37,55.494525438885,55.958479827980305,0.4639544
2239,22.38,9.371812378458344,55.740098511270844,46.368286
2240,22.39,55.68159438379806,56.07654852875274,0.39495414
2241,22.4,55.56353889377608,56.202496334629195,0.63895744
2242,22.41,9.815651122008596,56.28880709735039,46.473156
2243,22.42,9.684771546483034,56.25284100449085,46.56807
2244,22.43,9.779539890266946,56.304915256477884,46.525375
2245,22.44,9.52961024477166,56.04299220277947,46.513382
2246,22.45,9.483951919322294,56.01291310096292,46.52896
2247,22.46,9.219147959110963,55.88455704724573,46.66541
2248,22.47,9.744206818706061,56.17765942490723,46.433453
2249,22.48,9.74175391965408,56.0693105297615,46.327557
2250,22.49,9.53303302208515,55.923452028432806,46.39042
2251,22.5,9.150801554026195,55.585276499094554,46.434475
2252,22.51,9.134133152697437,55.797108463976734,46.662975
2253,22.52,8.826179049863995,55.68308212603587,46.856903
2254,22.53,9.152041161952972,55.866785729824066,46.714745
2255,22.54,54.69170794375846,56.115661476931066,1.4239535
2256,22.55,9.190398398667561,55.94761962059139,46.75722
2257,22.56,55.08284557996068,56.09079874692235,1.0079532
2258,22.57,9.011800015516513,55.75051995570206,46.73872
2259,22.58,8.711752750338135,55.49054227060181,46.77879
2260,22.59,8.802453342893173,55.39443332336192,46.59198
2261,22.6,8.658403481676459,55.19903382225263,46.54063
2262,22.61,8.76105076313118,55.31709248066048,46.55604
2263,22.62,8.504894589530295,55.34511980925686,46.840225
2264,22.63,8.625397988987963,55.42374927682976,46.79835
2265,22.64,8.425858409640327,55.35059061789228,46.924732
2266,22.65,8.52745011451426,55.2665591538209,46.73911
2267,22.66,8.68332250394596,55.39739949979557,46.714077
2268,22.67,8.774028223343514,55.23384420234742,46.459816
2269,22.68,8.44178049860814,55.150986126049546,46.709206
2270,22.69,8.985605632999402,55.49983063910292,46.514225
2271,22.7,9.078344664838411,55.50344689872513,46.425102
2272,22.71,8.994133784653414,55.53094942796396,46.536816
2273,22.72,8.91886661950199,55.59812687340824,46.67926
2274,22.73,9.03146825403418,55.437382560674806,46.405914
2275,22.74,9.086867728082154,55.613974966851686,46.527107
2276,22.75,8.983702296603347,55.61334478317561,46.629642
2277,22.76,8.981321389203764,55.4991398401315,46.51782
2278,22.77,9.398263184754846,55.86491510125875,46.466652
2279,22.78,9.291136301920538,55.787905253336554,46.49677
2280,22.79,9.384499840895323,55.84873705403009,46.464237
2281,22.8,9.54638454692094,55.80741283671586,46.26103
2282,22.81,9.827862170101518,55.95340004241597,46.125538
2283,22.82,9.602437183809819,56.07229344601685,46.469856
2284,22.83,9.177607092086618,55.75252774638349,46.57492
2285,22.84,9.166679588628412,55.855259147954584,46.68858
2286,22.85,9.255846919690335,55.93303579298135,46.67719
2287,22.86,9.361566778663608,55.67410874033353,46.312542
2288,22.87,9.30353433139149,55.78670770175282,46.483173
2289,22.88,9.372666237688371,56.07515418324501,46.702488
2290,22.89,9.978229009300286,56.34905954518896,46.37083
2291,22.9,9.69767697855361,56.157248816932515,46.45957
2292,22.91,9.535652408930169,55.8574488261665,46.321796
2293,22.92,9.596494131982283,55.87345641225572,46.276962
2294,22.93,9.663450503780588,55.80404498620246,46.140594
2295,22.94,55.053963661402555,55.88792079707989,0.83395714
2296,22.95,9.778242535629964,56.0199379396827,46.241695
2297,22.96,9.532980530090292,55.944807617492636,46.411827
2298,22.97,9.486129242355823,55.80522103923082,46.31909
2299,22.98,9.189755961244842,55.76110987359836,46.571354
2300,22.99,8.98959173155415,55.41118444395649,46.421593
2301,23.0,9.238788011326179,55.62589204575001,46.387104
2302,23.01,9.395944717385298,55.74734700010014,46.351402
2303,23.02,9.170254592666879,55.72679222084071,46.556538
2304,23.03,9.324877481046748,55.746092538419795,46.421215
2305,23.04,9.714209374369986,56.03250389951647,46.318295
2306,23.05,9.538931994378267,56.125842242181,46.58691
2307,23.06,9.687107484468712,56.1090168167441,46.42191
2308,23.07,9.532950658286786,56.278723973716474,46.745773
2309,23.08,9.878763362672636,56.13434045007498,46.255577
2310,23.09,10.04230787574604,56.289958022230415,46.24765
2311,23.1,9.784470422571701,56.17625890523772,46.39179
2312,23.11,9.729781389920994,56.08418202468662,46.3544
2313,23.12,9.976494988852124,56.37764092391072,46.401146
2314,23.13,9.802419910243486,56.1843321416888,46.381912
2315,23.14,10.06465649049705,56.39610409181541,46.331448
2316,23.15,10.02491393546223,56.3947679088509,46.369854
2317,23.16,10.22927586106784,56.57974735764987,46.35047
2318,23.17,10.099289891031255,56.476452824380864,46.377163
2319,23.18,10.392176855391227,56.76572727043029,46.37355
2320,23.19,10.21211017152197,56.69514621278174,46.483036
2321,23.2,10.248230815223842,56.67410743265548,46.425877
2322,23.21,55.51913829760732,56.58509012179555,1.0659518
2323,23.22,10.417795362692516,56.783727827292125,46.365932
2324,23.23,10.02543568206277,56.48557972503152,46.460144
2325,23.24,55.38369173025581,56.522649230713576,1.1389575
2326,23.25,9.751184526008231,56.30306440882073,46.55188
2327,23.26,10.144710592785955,56.57466130689728,46.42995
2328,23.27,9.863244225388733,56.46387975395319,46.600636
2329,23.28,9.787239126514642,56.41674046928808,46.6295
2330,23.29,10.057025824401222,56.42131415447935,46.36429
2331,23.3,9.740039228295593,56.42484605202606,46.684807
2332,23.31,54.75004801943348,56.4684999962096,1.718452
2333,23.32,9.791973743266531,56.519100818461844,46.727127
2334,23.33,10.010422408755467,56.59646290558164,46.58604
2335,23.34,56.1452840738293,56.52723773050273,0.38195366
2336,23.35,9.79174168910776,56.2963651021937,46.504623
2337,23.36,55.439744316168294,56.16869809491204,0.7289538
2338,23.37,9.517961693831467,56.03639431101897,46.518433
2339,23.38,9.817840044331689,56.105502550435205,46.287663
2340,23.39,9.282666338758837,55.89636339076079,46.613697
2341,23.4,9.61287596359871,56.17587568894051,46.563
2342,23.41,9.962334531923055,56.321587461610555,46.359253
2343,23.42,55.53601495357509,56.22996507020946,0.6939501
2344,23.43,9.600600253642646,56.054389010966865,46.45379
2345,23.44,54.8190636037364,56.11601823554182,1.2969546
2346,23.45,9.654587505110214,56.26329493308873,46.608707
2347,23.46,9.96215897418012,56.41416626788129,46.452007
2348,23.47,9.793930675693922,56.151760723301344,46.35783
2349,23.48,9.485516544415319,55.79103183372196,46.305515
2350,23.49,9.47749635686668,55.82450792302879,46.34701
2351,23.5,9.604410087422842,56.06852141554784,46.46411
2352,23.51,10.019548591028773,56.48476236666354,46.465214
2353,23.52,55.18418876529173,56.360141199831524,1.1759524
2354,23.53,55.76757284368151,56.545530223499476,0.7779574
2355,23.54,10.198410640806927,56.7354894982288,46.53708
2356,23.55,9.871822125994882,56.505103833758554,46.63328
2357,23.56,55.04834220469551,56.16429708064155,1.1159549
2358,23.57,54.594338563998164,55.873295454104365,1.2789569
2359,23.58,55.794006141401724,56.15095827219625,0.35695213
2360,23.59,9.611273589292487,56.44123727337452,46.829964
2361,23.6,9.700880705805567,56.27738064477041,46.5765
2362,23.61,9.831481145953745,56.53407590303382,46.702595
2363,23.62,9.863683204163678,56.55717990826524,46.693497
2364,23.63,9.631488465612641,56.238322877233735,46.606834
2365,23.64,9.74311976830451,56.32135920922248,46.57824
2366,23.65,56.4670944610678,56.494044773846156,0.026950313
2367,23.66,55.69665068446408,56.41960775910626,0.7229571
2368,23.67,55.458788127668456,56.3907448360997,0.9319567
2369,23.68,54.99662797927824,56.51258438110319,1.5159564
2370,23.69,55.3237124058207,56.43266349758706,1.1089511
2371,23.7,54.71209119127938,56.27004740999886,1.5579562
2372,23.71,55.50225918514077,56.46621357423608,0.9639544
2373,23.72,55.093694935270115,56.58265090984897,1.488956
2374,23.73,55.28644054115106,56.803396393659604,1.5169559
2375,23.74,55.23098199388172,56.583936381546515,1.3529544
2376,23.75,55.35667029076495,56.63462773018756,1.2779574
2377,23.76,56.02434277542449,56.82529515035964,0.8009524
2378,23.77,55.51625770320236,56.87221044291794,1.3559527
2379,23.78,55.27431712155496,56.61127266888772,1.3369555
2380,23.79,54.92633472653745,56.67528520795224,1.7489505
2381,23.8,55.31401109033134,56.49396132760551,1.1799502
2382,23.81,55.58594946960173,56.58790593246184,1.0019565
2383,23.82,55.28827630133989,56.52823172660234,1.2399554
2384,23.83,55.47245187450953,56.6314060180337,1.1589541
2385,23.84,54.73375413811644,56.1907048026367,1.4569507
2386,23.85,55.14976486992406,56.27071699928808,1.1209521
2387,23.86,55.50709556423041,56.44205062471244,0.93495506
2388,23.87,55.44831995545438,56.64827446518949,1.1999545
2389,23.88,55.02827399454952,56.49922459803463,1.4709506
2390,23.89,54.94552820999017,56.467481315916686,1.5219531
2391,23.9,54.906002981840835,56.517960055052505,1.6119571
2392,23.91,55.49084636962512,56.47780338323214,0.986957
2393,23.92,10.037137221302636,56.51704521080459,46.479908
2394,23.93,56.55423324032122,56.659186484649716,0.104953244
2395,23.94,55.912205290695326,56.54715729941954,0.634952
2396,23.95,10.064555825899909,56.526630105685065,46.462074
2397,23.96,10.171389617402795,56.42458251901412,46.253193
2398,23.97,55.81610597500331,56.20205743441112,0.38595146
2399,23.98,56.039512988560325,56.24246580564273,0.20295282
2400,23.99,56.25086822608909,56.36382470528087,0.11295648
2401,24.0,9.61781311366768,56.310714724995805,46.6929
2402,24.01,9.680166453278154,56.22493574038753,46.54477
2403,24.02,9.71403357966944,56.213766550860846,46.499733
2404,24.03,55.78044474056145,56.06939607789894,0.28895134
2405,24.04,9.944994595655011,56.508989956983136,46.563995
2406,24.05,9.864505159705601,56.320887911170445,46.456383
2407,24.06,56.11429212325348,56.25324957900776,0.13895746
2408,24.07,54.295212610468276,56.01216541121901,1.7169528
2409,24.08,54.68319853162186,55.68315603351014,0.9999575
2410,24.09,54.71549663366168,55.98445138753741,1.2689548
2411,24.1,54.89707114413737,55.681025228056896,0.7839541
2412,24.11,53.82930644038241,55.442262964277674,1.6129565
2413,24.12,54.68599256559148,55.64094426913991,0.9549517
2414,24.13,9.492989939218631,55.32411329126941,45.831123
2415,24.14,54.047853275664274,55.45280961645407,1.4049563
2416,24.15,54.091919797352,55.87987174361054,1.787952
2417,24.16,53.978149353806444,56.000602185074754,2.0224528
2418,24.17,54.27742013584311,56.41587409626181,2.138454
2419,24.18,54.03055503934684,56.30250814527335,2.271953
2420,24.19,54.158618564388526,56.37207328774668,2.2134547
2421,24.2,54.514724217148874,56.50467582771406,1.9899516
2422,24.21,45.11750691319584,56.67346280003666,11.555956
2423,24.22,54.45519838607233,56.562654116510565,2.1074557
2424,24.23,10.783249108909807,56.46391698610707,45.680668
2425,24.24,54.64660826136977,56.296559719347066,1.6499515
2426,24.25,53.969700200854255,55.98415361195655,2.0144534
2427,24.26,10.259984973367644,56.3186054262485,46.05862
2428,24.27,55.313368890716326,56.357325170470965,1.0439563
2429,24.28,54.59410456506021,55.92906121102579,1.3349566
2430,24.29,54.96669322343556,55.89264559837071,0.9259524
2431,24.3,55.01134349609071,55.86629672551805,0.8549532
2432,24.31,54.902384939434505,55.98233670258758,1.0799518
2433,24.32,53.88664524501132,55.85109941905307,1.9644542
2434,24.33,54.53748090901639,55.6374369446304,1.099956
2435,24.34,54.70391449219835,55.552871017524126,0.8489565
2436,24.35,54.70779812824066,55.7257534314328,1.0179553
2437,24.36,54.45751358456141,55.94746900982386,1.4899554
2438,24.37,54.318583370936125,56.03953397442123,1.7209506
2439,24.38,44.48284048180642,56.1158551607615,11.633015
2440,24.39,53.98111644018543,56.25057091940296,2.2694545
2441,24.4,54.575680879195204,56.130631116469374,1.5549502
2442,24.41,54.15404761146456,56.12449848960787,1.9704509
2443,24.42,54.152631544646965,56.17708327728246,2.0244517
2444,24.43,54.932145940297325,56.19109855794259,1.2589526
2445,24.44,55.11976916937845,56.05672313122766,0.93695396
2446,24.45,55.01028633204684,56.13023901072726,1.1199527
2447,24.46,55.26458042211749,56.32453554220416,1.0599551
2448,24.47,54.80188897707958,56.575844799070545,1.7739558
2449,24.48,54.78163479885078,56.47259043773628,1.6909556
2450,24.49,55.00596866477107,56.411924456244456,1.4059558
2451,24.5,44.49758873620064,56.21865997948677,11.721071
2452,24.51,54.91185790483239,56.15681058351281,1.2449527
2453,24.52,55.12071789251603,56.480668434965985,1.3599505
2454,24.53,54.37424289091954,56.12469636305699,1.7504535
2455,24.54,54.07061603468587,56.06107118529012,1.9904552
2456,24.55,54.25564836826148,56.286600345037606,2.030952
2457,24.56,54.39512711507984,56.19508009893604,1.799953
2458,24.57,54.227374530437224,56.24032876551413,2.0129542
2459,24.58,54.66499290240452,56.087946984893534,1.4229541
2460,24.59,54.7623566947141,56.300308640972645,1.537952
2461,24.6,54.80871168428664,56.520667231619406,1.7119555
2462,24.61,55.18393000868754,56.492885678090616,1.3089557
2463,24.62,55.318984042480764,56.06193776018935,0.7429537
2464,24.63,55.005406628648544,55.86836309293916,0.86295646
2465,24.64,54.79137872889787,55.806335680039226,1.014957
2466,24.65,55.33348903646037,56.1634407400088,0.8299517
2467,24.66,54.477790551613516,56.063746648262686,1.5859561
2468,24.67,55.53779173316422,56.347746793646245,0.80995506
2469,24.68,55.59871654298547,56.50367282417062,0.9049563
2470,24.69,55.0036164668486,56.30057109865402,1.2969546
2471,24.7,55.75474051509053,56.517690875865526,0.76295036
2472,24.71,54.69841664717835,56.64136737273377,1.9429507
2473,24.72,54.524917909999786,56.47137052764505,1.9464526
2474,24.73,55.22692676286456,56.61087938050982,1.3839526
2475,24.74,55.07425532973185,56.40020929015055,1.325954
2476,24.75,54.89067241248867,56.42562600669643,1.5349536
2477,24.76,10.102059784683469,56.246716919693235,46.144657
2478,24.77,54.40678268116654,56.20473676365555,1.7979541
2479,24.78,53.94286203521715,55.90231514114367,1.9594531
2480,24.79,53.99940510966584,56.039359771988835,2.0399547
2481,24.8,54.314588790249715,55.98704314739693,1.6724544
2482,24.81,54.394291666935715,55.902244833897385,1.5079532
2483,24.82,54.19420094078093,56.00115770881682,1.8069568
2484,24.83,54.5990576500658,55.82000825355091,1.2209506
2485,24.84,15.316230111024772,55.789626412294304,40.473396
2486,24.85,53.96902018966643,55.76297646942107,1.7939563
2487,24.86,35.118643982728685,55.98425410540935,20.86561
2488,24.87,54.60606315507292,55.806017664808024,1.1999545
2489,24.88,54.62857134343128,55.74052841664295,1.1119571
2490,24.89,54.169209423329605,55.68616527583815,1.5169559
2491,24.9,54.22756984489084,55.693523194957976,1.4659534
2492,24.91,54.781588155887704,55.99354370322047,1.2119555
2493,24.92,54.59442651232286,55.74437797030016,1.1499515
2494,24.93,54.477717741641335,55.665671213778786,1.1879535
2495,24.94,54.514430330941174,55.42038606280992,0.90595573
2496,24.95,54.648198393420685,55.4081504021449,0.759952
2497,24.96,55.182961050777585,55.57591629436508,0.39295524
2498,24.97,55.28317603030385,55.62013151803197,0.3369555
2499,24.98,54.78040996085845,55.47136172544204,0.69095176
2500,24.99,54.55953012812062,55.51448183166905,0.9549517
2501,25.0,54.97163847768156,55.55358908259718,0.5819506
2502,25.01,54.68550194417205,55.55245621119705,0.86695427
2503,25.02,54.05395263135757,55.35190671384658,1.2979541
2504,25.03,54.74966731972374,55.46462115950264,0.71495384
2505,25.04,54.70798270049141,55.570939164782025,0.86295646
2506,25.05,54.58666656808945,55.69862364130112,1.1119571
2507,25.06,54.81246362543464,55.758420272830726,0.94595665
2508,25.07,54.88427897095849,55.77823366522958,0.8939547
2509,25.08,54.630325294675146,55.629275716485296,0.9989504
2510,25.09,54.02050831563938,55.60646441228855,1.5859561
2511,25.1,54.42207013964592,55.471023672818525,1.0489535
2512,25.11,54.6221251333623,55.52808086523105,0.90595573
2513,25.12,53.69100384851663,55.3709540857908,1.6799502
2514,25.13,53.83492710122761,55.612880725952955,1.7779536
2515,25.14,54.481995559287405,55.53995177800689,1.0579562
2516,25.15,53.91084928105622,55.428304858906564,1.5174556
2517,25.16,53.548470235122636,55.256923890365556,1.7084537
2518,25.17,9.375296574595652,55.215895634654245,45.8406
2519,25.18,53.58474419097866,55.15769979934658,1.5729556
2520,25.19,54.15501166375983,55.322968492830874,1.1679568
2521,25.2,53.312564010797665,54.95152151125543,1.6389575
2522,25.21,53.75884064939054,55.196794121527994,1.4379535
2523,25.22,54.11710638784983,55.22106022619822,1.1039538
2524,25.23,9.259645754135668,55.009996706284106,45.75035
2525,25.24,53.48645213320666,54.88440468981677,1.3979526
2526,25.25,8.965521749904205,55.15908330385928,46.19356
2527,25.26,53.53689166368043,55.04184647859132,1.5049548
2528,25.27,53.14572063302298,55.07717386101981,1.9314532
2529,25.28,53.99016163672997,55.056113460918205,1.0659518
2530,25.29,54.09090254127879,55.3418595534553,1.250957
2531,25.3,54.40493576117889,55.21589027234451,0.8109545
2532,25.31,54.54424732647516,55.48920452318765,0.9449572
2533,25.32,54.46991954005406,55.64787087596104,1.1779513
2534,25.33,54.09374564626929,55.69070332983252,1.5969577
2535,25.34,53.512525864931845,55.25497991690328,1.742454
2536,25.35,53.436055604959606,55.3885087414037,1.9524531
2537,25.36,9.170545114211912,55.27181388252246,46.10127
2538,25.37,54.17546846564632,55.49341919120174,1.3179507
2539,25.38,53.93108379368843,55.79603921895088,1.8649554
2540,25.39,53.579591795319935,55.66854242932262,2.0889506
2541,25.4,53.77571741166912,55.59166923585735,1.8159518
2542,25.41,53.656464243844894,55.548919821695236,1.8924556
2543,25.42,53.93089726280902,55.73035052132342,1.7994533
2544,25.43,53.76068266833746,55.719636048922176,1.9589534
2545,25.44,54.11578564465971,55.658742473730754,1.5429568
2546,25.45,52.73504240396004,55.725707362913894,2.990665
2547,25.46,53.84967260691355,55.70362644526194,1.8539538
2548,25.47,54.33721961018933,55.78017033574475,1.4429507
2549,25.48,54.477622193423464,55.756579083529665,1.2789569
2550,25.49,54.03659173224689,55.491543495399966,1.4549518
2551,25.5,53.669708840232836,55.6531602066574,1.9834514
2552,25.51,53.51886922300547,55.4958203452894,1.9769511
2553,25.52,54.3219508550592,55.259904267592006,0.9379534
2554,25.53,54.308345631721174,55.38829739487425,1.0799518
2555,25.54,9.368047533024843,55.603502092351015,46.235455
2556,25.55,9.641542163082988,55.71637889404002,46.074837
2557,25.56,9.214836637667347,55.34371999948375,46.128883
2558,25.57,53.889023414976364,55.51947795522905,1.6304545
2559,25.58,54.064022275823234,55.39197513760912,1.3279529
2560,25.59,53.83091935758677,55.64037093763438,1.8094516
2561,25.6,54.382483481453114,55.833437441871816,1.450954
2562,25.61,53.95696762491561,55.54192427088119,1.5849566
2563,25.62,53.994112470988405,55.525068262461794,1.5309558
2564,25.63,54.019852771047674,55.686810149435125,1.6669574
2565,25.64,54.283407756777144,55.77136428067241,1.4879565
2566,25.65,53.9497812904416,55.81473671570405,1.8649554
2567,25.66,54.11649447145647,55.76945191087908,1.6529574
2568,25.67,54.970457985508695,56.03940816174771,1.0689502
2569,25.68,54.45626723636537,56.03222119678407,1.575954
2570,25.69,54.894513792628004,56.27446860753889,1.3799548
2571,25.7,54.4059395237463,55.96389574246578,1.5579562
2572,25.71,53.992682476629234,55.711634178747154,1.7189517
2573,25.72,54.751186818928815,56.121139497609235,1.3699527
2574,25.73,54.45279635882869,56.13174714541927,1.6789508
2575,25.74,54.657048653784656,56.188004445258045,1.5309558
2576,25.75,54.964479018518205,56.3954363358705,1.4309573
2577,25.76,54.52109884637548,56.137053722321525,1.6159549
2578,25.77,54.58455144342296,56.20250522073619,1.6179538
2579,25.78,55.094342002835106,56.03529376741869,0.94095176
2580,25.79,55.423913845100465,56.227864572086396,0.8039507
2581,25.8,54.51261029398557,55.99556193506833,1.4829516
2582,25.81,54.55910182186769,56.08905816265749,1.5299563
2583,25.82,54.38369493363989,55.92164687989843,1.537952
2584,25.83,53.969138569653474,55.84009069901749,1.8709521
2585,25.84,54.51136254017676,55.94231985752906,1.4309573
2586,25.85,55.46912035329648,56.08107736690351,0.611957
2587,25.86,10.73012520508351,56.30743385986867,45.57731
2588,25.87,54.508400098793615,56.17435039710294,1.6659503
2589,25.88,54.81469844307908,56.14765618767747,1.3329577
2590,25.89,54.575006753296016,55.94895723471081,1.3739505
2591,25.9,54.414751876411785,56.149206508217205,1.7344546
2592,25.91,53.86895794462226,56.44927997182868,2.580322
2593,25.92,54.969626149904734,56.22857876755,1.2589526
2594,25.93,54.686169378612156,56.60762428507578,1.9214549
2595,25.94,54.480331508802685,56.566287605451855,2.085956
2596,25.95,54.69865986235508,56.55261370070347,1.8539538
2597,25.96,55.4254491586057,56.63140037244237,1.2059512
2598,25.97,54.70799850535909,56.33194898677389,1.6239505
2599,25.98,54.862783516576556,56.19273527972963,1.3299518
2600,25.99,54.59330730939951,56.28826456571665,1.6949573
2601,26.0,10.559611296564142,56.47828958025555,45.91868
2602,26.01,54.89675136189985,56.5387072144084,1.6419559
2603,26.02,35.61660634293413,56.47785245194292,20.861246
2604,26.03,35.604703551041084,56.37773287843366,20.77303
2605,26.04,55.984550601350996,56.59850651632521,0.6139559
2606,26.05,55.50845032570982,56.62240630028868,1.113956
2607,26.06,55.58249019139592,56.727444395955246,1.1449542
2608,26.07,55.273326857011185,56.55428264848457,1.2809558
2609,26.08,55.621328666279695,56.71928580052652,1.0979571
2610,26.09,55.20129546371641,56.431248752748395,1.2299533
2611,26.1,55.53531610765802,56.55726921358453,1.0219531
2612,26.11,56.07328783476841,56.83523874485981,0.7619509
2613,26.12,55.43866624173798,57.04361953076996,1.6049533
2614,26.13,55.907547291959006,57.05649929925271,1.148952
2615,26.14,55.676846122399674,57.22579965557228,1.5489535
2616,26.15,55.98860575418516,57.008559958744485,1.0199542
2617,26.16,55.344953763509295,56.45791028740456,1.1129565
2618,26.17,54.87257337999139,56.273524288652276,1.4009509
2619,26.18,54.745761282135234,56.3067158529055,1.5609546
2620,26.19,54.71901690851479,56.3139680613163,1.5949512
2621,26.2,55.340066255165034,56.271023512912684,0.93095726
2622,26.21,55.08597582378268,56.234927831076384,1.148952
2623,26.22,55.2579327239345,56.25088644164309,0.9929537
2624,26.23,54.55968985436361,55.99964222786825,1.4399524
2625,26.24,54.31685012147801,55.71180432603734,1.3949542
2626,26.25,53.62098168217824,55.72193716847585,2.1009555
2627,26.26,55.289125890416734,56.03908339230501,0.7499575
2628,26.27,54.67534580456136,55.830302145351155,1.1549563
2629,26.28,55.5075948035647,55.94554821609751,0.4379534
2630,26.29,55.22045147951208,55.69140202339254,0.47095054
2631,26.3,8.935026388762722,55.65933440267874,46.724308
2632,26.31,55.52415056884344,55.63310161590631,0.10895105
2633,26.32,54.48929263927464,55.668243425865214,1.1789508
2634,26.33,55.48106805330272,55.830024578628496,0.34895653
2635,26.34,54.698142068142744,55.64309926485524,0.9449572
2636,26.35,53.87511579149451,55.92957011812415,2.0544543
2637,26.36,54.94817216835992,56.06112869225518,1.1129565
2638,26.37,54.9481339378962,56.13708686071725,1.1889529
2639,26.38,55.398875762267494,56.103827465815925,0.7049517
2640,26.39,55.579463000254506,55.85742038007247,0.27795738
2641,26.4,10.001949087606562,56.24861885689367,46.24667
2642,26.41,9.581015005723955,55.91871871055794,46.337704
2643,26.42,55.34055309569658,55.989505043385634,0.64895195
2644,26.43,55.25377883617995,55.897733530451035,0.6439547
2645,26.44,55.16868884444344,55.64264536976921,0.47395653
2646,26.45,54.96458174079199,55.66353674023886,0.698955
2647,26.46,54.55410764974189,55.65306423467231,1.0989566
2648,26.47,54.535462729174995,55.5584152857851,1.0229526
2649,26.48,34.893131894064815,55.791203183127315,20.898071
2650,26.49,34.91077045507766,55.664930382445824,20.75416
2651,26.5,53.39519650116683,55.71215159073592,2.316955
2652,26.51,35.23739311467189,56.108330462084,20.870937
2653,26.52,10.626360211977257,56.23808125079562,45.61172
2654,26.53,53.19497536103067,55.5164317933732,2.3214564
2655,26.54,34.99854069256831,55.73311214947749,20.734571
2656,26.55,34.807536903606135,55.71043187736102,20.902895
2657,26.56,53.58409926713896,55.78705212892485,2.2029529
2658,26.57,53.54536528486696,55.89732022184816,2.351955
2659,26.58,35.10617724480224,55.9534939867456,20.847317
2660,26.59,10.612387100178104,56.18983689876209,45.57745
2661,26.6,55.43068437929548,56.27463602180875,0.84395164
2662,26.61,56.010330552211556,56.71628170644358,0.70595115
2663,26.62,10.459356577388029,56.44705417870639,45.987698
2664,26.63,54.374749119640086,56.5112041786916,2.136455
2665,26.64,54.24911473218662,56.240069608132664,1.9909549
2666,26.65,54.0724381263151,56.24139440606974,2.1689563
2667,26.66,35.01458184418997,55.84341828523001,20.828836
2668,26.67,10.16557319285959,55.67780692699045,45.512234
2669,26.68,29.6511045023583,55.79364066568838,26.142536
2670,26.69,9.867762386189895,55.44283181368013,45.57507
2671,26.7,53.503775606103574,55.44772578234259,1.9439502
2672,26.71,9.689000089159023,55.32126708745004,45.632267
2673,26.72,9.466098769383407,55.19443510361192,45.728336
2674,26.73,53.01011122482454,55.07356442230379,2.0634532
2675,26.74,52.86408551088358,55.23703654161478,2.372951
2676,26.75,53.18110913613034,55.35006541588498,2.1689563
2677,26.76,9.510851127475874,55.25919554886259,45.748344
2678,26.77,52.981424379248196,55.16787867536026,2.1864543
2679,26.78,9.509312517765814,55.1271675897873,45.617855
2680,26.79,9.66227187607413,55.15682830307608,45.494556
2681,26.8,43.817109851366304,55.4087903780997,11.591681
2682,26.81,53.01998640901469,55.240940827197065,2.2209544
2683,26.82,52.794741713636725,55.2026964064773,2.4079547
2684,26.83,52.87376976764345,55.08122397220278,2.2074542
2685,26.84,53.11507963407777,55.3065311836078,2.1914515
2686,26.85,53.17444001703349,55.28989516763774,2.1154552
2687,26.86,53.180339755110396,55.361293257765425,2.1809535
2688,26.87,52.41034956466469,55.34970303069863,2.9393535
2689,26.88,34.7427164131735,55.56385670248014,20.82114
2690,26.89,53.426598992770415,55.345555272525054,1.9189563
2691,26.9,53.510944214230044,55.448897686367495,1.9379535
2692,26.91,53.47281642666297,55.4927706312223,2.0199542
2693,26.92,9.80811352797722,55.44751019545769,45.639397
2694,26.93,53.438977979349936,55.498933099436606,2.0599551
2695,26.94,52.29641506727147,55.299202418879744,3.0027874
2696,26.95,43.78378263322195,55.4125868400701,11.628804
2697,26.96,53.34778869945339,55.60024488765529,2.2524562
2698,26.97,53.263591406613116,55.6445456722076,2.3809543
2699,26.98,53.81832596214896,55.626282180868444,1.8079562
2700,26.99,53.630416836936945,55.85287043114471,2.2224536
2701,27.0,10.132225799622454,55.90858535772792,45.77636
2702,27.01,53.87753137988077,55.95848640841471,2.080955
2703,27.02,44.10176602947444,55.79591313945979,11.694147
2704,27.03,53.70630485606712,55.992261715655744,2.2859569
2705,27.04,35.03348760628897,55.933609295131745,20.900122
2706,27.05,10.38561253906147,55.99678044677631,45.611168
2707,27.06,10.255421007175109,55.89770158578839,45.64228
2708,27.07,10.064172430572015,55.740346594390374,45.676174
2709,27.08,10.207215309998347,55.75714588250811,45.54993
2710,27.09,34.95134209621678,55.83703278530369,20.88569
2711,27.1,9.705830085442834,55.67432068602877,45.96849
2712,27.11,10.217413183918303,55.7457449405101,45.52833
2713,27.12,35.24726983831073,56.09679910466815,20.84953
2714,27.13,10.30944786563331,55.94365654483253,45.63421
2715,27.14,10.436204826092293,56.038080131268075,45.601875
2716,27.15,44.00252197776128,55.635952458718315,11.6334305
2717,27.16,53.61593063526475,55.71888502292955,2.1029544
2718,27.17,53.72411661909211,55.66506844328034,1.9409518
2719,27.18,34.82313666445477,55.65930876833661,20.836172
2720,27.19,53.427338903249904,55.62779313832681,2.2004542
2721,27.2,29.502145793516206,55.71391489752011,26.21177
2722,27.21,34.675553505699256,55.480843727867224,20.80529
2723,27.22,34.45906070205539,55.352985415190155,20.893925
2724,27.23,53.48836857432435,55.545325342360236,2.0569568
2725,27.24,53.80150915045586,55.80746341605034,2.0059543
2726,27.25,34.76962665306379,55.64764598594953,20.87802
2727,27.26,53.73350174973884,55.67345412324348,1.9399524
2728,27.27,53.531517556463726,55.737468770300396,2.2059512
2729,27.28,9.242681475710917,55.605554553103495,46.362873
2730,27.29,53.65292047173289,55.739876019065655,2.0869555
2731,27.3,48.955878394460086,55.455491202687625,6.499613
2732,27.31,34.610356081275285,55.45705865695888,20.846703
2733,27.32,53.60895909998382,55.521911046242366,1.912952
2734,27.33,9.1013085745954,55.25361036292548,46.1523
2735,27.34,34.04931241375107,55.05327397686142,21.003962
2736,27.35,8.89525559353072,54.80006745266158,45.90481
2737,27.36,52.80554081369226,54.92999483514612,2.124454
2738,27.37,34.123151583316705,54.981658739688775,20.858507
2739,27.38,34.26804264451176,55.13298138047367,20.864939
2740,27.39,53.31789874375164,55.310852521064874,1.9929538
2741,27.4,34.33296591768516,55.2102585507418,20.877293
2742,27.41,8.95678669550005,55.47383457758013,46.517048
2743,27.42,8.909811734869159,55.332701444341815,46.42289
2744,27.43,9.060529863809307,55.54307762381907,46.482548
2745,27.44,34.70079136540178,55.60248089482072,20.90169
2746,27.45,44.002666660555164,55.636463352449695,11.633797
2747,27.46,53.234055970111754,55.548508618274596,2.3144526
2748,27.47,34.896825464593604,55.722699793206885,20.825874
2749,27.48,53.49557242560274,55.804474689244095,2.3089023
2750,27.49,34.91420169463788,55.79501720061933,20.880816
2751,27.5,44.206270060908764,55.75415786303279,11.547888
2752,27.51,44.33138087581905,55.884573014490925,11.553192
2753,27.52,9.772041452605002,55.84525312252688,46.07321
2754,27.53,53.982380785324494,56.07933846888773,2.0969577
2755,27.54,10.723371653996956,56.41319861932899,45.689827
2756,27.55,10.678494891099994,56.66967531102187,45.99118
2757,27.56,10.141168167168146,56.44812922673846,46.30696
2758,27.57,54.2515155483166,56.580967586127876,2.329452
2759,27.58,44.96446139105574,56.58139712103621,11.616936
2760,27.59,54.66129432902857,56.878247129779304,2.2169528
2761,27.6,10.754181266417802,56.84932744561702,46.095146
2762,27.61,45.22696204069522,56.80610079649356,11.579139
2763,27.62,35.890633812326804,56.762656441110984,20.872023
2764,27.63,10.698432449949117,57.01832151855263,46.31989
2765,27.64,54.08991559685525,57.10891374291238,3.0189981
2766,27.65,54.66030158139959,57.03855885602727,2.3782573
2767,27.66,45.08449861297878,56.7081978012112,11.623699
2768,27.67,35.64471953760294,56.5161890352836,20.87147
2769,27.68,44.66573251620943,56.32069124118502,11.654959
2770,27.69,54.461827491041255,56.591782305952144,2.1299548
2771,27.7,35.55056296990657,56.38769447015071,20.837132
2772,27.71,35.73641480268807,56.607901466506426,20.871487
2773,27.72,54.67643994200519,56.774397076252015,2.0979571
2774,27.73,54.19832234346331,56.526774930590996,2.3284526
2775,27.74,45.15963389366233,56.83082510917747,11.671191
2776,27.75,54.34502890098427,56.54898121345375,2.2039523
2777,27.76,35.66600954995055,56.50990260109801,20.843893
2778,27.77,44.86427455832671,56.52755218436431,11.663278
2779,27.78,53.40020083465818,56.401499500658545,3.0012987
2780,27.79,44.76964723608984,56.41277944586767,11.643132
2781,27.8,30.136300690425465,56.27425540233953,26.137955
2782,27.81,10.656235542630391,56.57816394839211,45.92193
2783,27.82,54.231859468573056,56.42241456424566,2.190555
2784,27.83,10.607865805806604,56.21427678603121,45.60641
2785,27.84,35.58729254626368,56.4595497789297,20.872257
2786,27.85,44.508389287500016,56.1607206397339,11.652331
2787,27.86,10.579826273020679,56.32381812482732,45.74399
2788,27.87,20.997739825795,56.34195140416414,35.34421
2789,27.88,10.509636391249082,56.11647461756744,45.60684
2790,27.89,35.357748496562984,56.114326941997554,20.756578
2791,27.9,35.2409180625614,56.09251108013952,20.851593
2792,27.91,34.820404384791026,55.70287928408302,20.882475
2793,27.92,53.66403430301597,55.89499085742881,2.2309566
2794,27.93,10.266873055399145,55.871609383524145,45.604736
2795,27.94,44.3791423539022,56.02254636086021,11.643404
2796,27.95,10.511113528554866,56.10817468578143,45.59706
2797,27.96,10.168807468498528,56.032901249016106,45.864094
2798,27.97,35.25236126031529,56.00912281121861,20.756762
2799,27.98,44.101763261440865,55.80366088259565,11.701898
2800,27.99,34.90542633551313,55.77187759894086,20.866451
2801,28.0,53.1973083367873,55.41675976424702,2.2194514
2802,28.01,34.841642758090295,55.61853637381295,20.776894
2803,28.02,34.95325141184057,55.83517508737768,20.881924
2804,28.03,53.97783637890203,55.79779363521917,1.8199573
2805,28.04,9.641816427514641,55.76548509816894,46.12367
2806,28.05,49.36557749622751,55.864832676586396,6.499255
2807,28.06,9.791714150483742,55.94631620126499,46.154602
2808,28.07,34.97989651416106,55.76358029101653,20.783684
2809,28.08,10.507814788667815,55.946894073335784,45.43908
2810,28.09,34.982520833318745,55.858890309637104,20.87637
2811,28.1,53.92029160748217,56.07774657498095,2.157455
2812,28.11,53.98276517837751,56.09971950500715,2.1169543
2813,28.12,35.555915449517705,56.339124296563604,20.783209
2814,28.13,54.61701008189927,56.59996172298203,1.9829516
2815,28.14,54.319864036598034,56.452817203559704,2.1329532
2816,28.15,54.33348601414705,56.52844327046419,2.1949573
2817,28.16,54.19386363160195,56.28581643235268,2.0919528
2818,28.17,44.4554602963537,56.08584092684686,11.630381
2819,28.18,35.23823771168802,56.054897639056186,20.81666
2820,28.19,35.208453820040994,55.94453589706736,20.736082
2821,28.2,53.91903346459192,56.21698754708093,2.297954
2822,28.21,44.73733690673216,56.41346243316038,11.676126
2823,28.22,35.69266021301094,56.4852837329084,20.792624
2824,28.23,10.661753262888588,56.418486203562416,45.756733
2825,28.24,54.23327990896409,56.26723405248826,2.0339541
2826,28.25,54.27409858207117,56.3190543125094,2.0449557
2827,28.26,35.50989173137558,56.3003504105748,20.790459
2828,28.27,35.46956397692531,56.262151257198745,20.792587
2829,28.28,54.143381531575834,56.258336956838285,2.1149554
2830,28.29,53.91647670080828,56.17942712118792,2.2629504
2831,28.3,35.290808079149045,56.174061176683225,20.883253
2832,28.31,35.35540926272793,56.189334509920315,20.833925
2833,28.32,44.86003271780907,56.44518629752098,11.585154
2834,28.33,54.171676931671605,56.241634187988744,2.0699573
2835,28.34,35.49174362966435,56.34432465383427,20.852581
2836,28.35,54.2983066026235,56.464256900932824,2.1659503
2837,28.36,44.861606998122426,56.49630491224596,11.634698
2838,28.37,11.005774994499234,56.526046295768765,45.52027
2839,28.38,35.75939624456063,56.57525317815438,20.815857
2840,28.39,54.83668004160458,56.61863528376156,1.7819552
2841,28.4,10.986225508587687,56.485813521283,45.499588
2842,28.41,54.32118303444135,56.313137361070986,1.9919543
2843,28.42,54.52036469576303,56.40631621477548,1.8859515
2844,28.43,10.524738628864547,56.52375062227275,45.999012
2845,28.44,54.47981071202229,56.532762047929275,2.0529513
2846,28.45,45.03317612800249,56.587004367443406,11.553828
2847,28.46,10.083001180597527,56.21706108660339,46.13406
2848,28.47,54.292212196353375,56.28016872024864,1.9879565
2849,28.48,35.31142730005595,56.12563246973369,20.814205
2850,28.49,54.37165653630279,56.38360750599883,2.011951
2851,28.5,54.45996377236344,56.41591498620011,1.9559512
2852,28.51,54.037167376024414,56.36062270973413,2.3234553
2853,28.52,10.588497555403684,56.39818230882165,45.809685
2854,28.53,44.824150242045725,56.31439892216047,11.490249
2855,28.54,54.17081764183771,56.33077123604547,2.1599536
2856,28.55,35.45021848973472,56.250871947376325,20.800653
2857,28.56,44.95395139076455,56.49863484718545,11.544683
2858,28.57,54.64756244639622,56.55651658992039,1.9089541
2859,28.58,49.713694370206284,56.215201175626206,6.501507
2860,28.59,9.853573605191151,56.10734252608959,46.25377
2861,28.6,9.740859047643056,55.92888547586571,46.188026
2862,28.61,9.710756875662796,56.061735726981155,46.35098
2863,28.62,9.892382930649276,56.25680096043443,46.364418
2864,28.63,54.14359046033999,56.284546862164945,2.1409564
2865,28.64,54.44511151638714,56.35106730786053,1.9059558
2866,28.65,44.33594334645581,56.012751703694576,11.676808
2867,28.66,35.315533833403954,56.13918037881411,20.823647
2868,28.67,54.2931297159084,56.27508190630757,1.9819522
2869,28.68,9.990999163100625,55.923067034194375,45.932068
2870,28.69,53.66086263125126,55.916816896845745,2.2559543
2871,28.7,53.96051965258248,55.97147117159493,2.0109515
2872,28.71,10.111200046658908,55.81380624783078,45.702606
2873,28.72,54.07063835386414,55.79659384016175,1.7259555
2874,28.73,53.7421863190495,55.7711432091557,2.028957
2875,28.74,34.94176833650124,55.748500514235616,20.806732
2876,28.75,9.73955958037152,56.042385508105895,46.302826
2877,28.76,54.213480801975265,56.21243128339006,1.9989505
2878,28.77,10.188990010169192,56.25797118082349,46.06898
2879,28.78,20.68399196017431,56.00591807711767,35.321926
2880,28.79,54.09739316019506,56.06434596094579,1.9669528
2881,28.8,54.287721841137156,56.206678120891794,1.9189563
2882,28.81,9.860356405320054,56.215912893357164,46.355556
2883,28.82,10.047857846127826,56.054869259702045,46.00701
2884,28.83,35.54828806677949,56.35776682654512,20.809479
2885,28.84,10.0279935857845,55.82118740292317,45.793194
2886,28.85,53.58222751896011,55.714181235238186,2.1319537
2887,28.86,53.781008482344134,55.809965372450336,2.028957
2888,28.87,53.525469106323456,55.67242221224997,2.146953
2889,28.88,53.805485659806706,55.62744181749103,1.8219562
2890,28.89,53.48044860551988,55.61040342043077,2.1299548
2891,28.9,53.87140219485785,55.98035328662421,2.108951
2892,28.91,53.59372043349347,55.906673905630925,2.3129535
2893,28.92,53.9116283156343,55.94258410710769,2.0309558
2894,28.93,35.39699027143004,56.28796622357848,20.890976
2895,28.94,35.321962283184774,56.16412346177364,20.842161
2896,28.95,44.485897259350295,56.100903706188674,11.615006
2897,28.96,54.31462306745241,56.180577943398454,1.8659549
2898,28.97,10.364674930442987,56.137418155540644,45.772743
2899,28.98,53.929833732784736,56.200787388027656,2.2709537
2900,28.99,10.266003809518324,56.319287500924574,46.053284
2901,29.0,44.45173624386908,56.121226104403746,11.66949
2902,29.01,20.61835330427023,56.05823367536398,35.43988
2903,29.02,53.63250525082569,55.634461713685795,2.0019565
2904,29.03,34.8863744670306,55.81233882249935,20.925964
2905,29.04,53.42607380747166,55.610029476874736,2.1839557
2906,29.05,34.50502908627896,55.390117053197905,20.885088
2907,29.06,34.733860388272696,55.55349959420531,20.81964
2908,29.07,35.105499065461274,55.88694170767319,20.781443
2909,29.08,35.13766309968725,55.92116758577124,20.783504
2910,29.09,34.954404390561024,55.7417331106538,20.787329
2911,29.1,34.76128990077903,55.66973335170677,20.908443
2912,29.11,35.033647625355016,55.765695660022985,20.732048
2913,29.12,34.52917460810285,55.38498477350812,20.85581
2914,29.13,9.649794263506891,55.41735331502056,45.76756
2915,29.14,29.290829438838585,55.396935243281945,26.106106
2916,29.15,53.362626929622344,55.44958247695511,2.0869555
2917,29.16,34.94036340691109,55.765018939748,20.824656
2918,29.17,35.45625844329126,56.28921285002954,20.832954
2919,29.18,15.867655649314614,56.33461274159977,40.466957
2920,29.19,35.32371123722902,56.08711226872316,20.763401
2921,29.2,53.801323544780374,55.82427610139048,2.0229526
2922,29.21,35.04591978021441,55.83753812738238,20.791618
2923,29.22,35.14275907987273,55.9103295754782,20.76757
2924,29.23,53.82591812262213,55.91986982474005,2.0939517
2925,29.24,53.82272288282705,55.859675378402,2.0369525
2926,29.25,35.34308200861412,56.15295177484947,20.80987
2927,29.26,54.55459026544655,56.50254587381447,1.9479556
2928,29.27,35.62519579767926,56.473309811351136,20.848114
2929,29.28,54.570911856460654,56.570869417953574,1.9999576
2930,29.29,55.00142803069656,56.97137918349807,1.9699512
2931,29.3,35.93273170767422,56.739780505281644,20.807049
2932,29.31,36.220979825391304,56.97104658259345,20.750067
2933,29.32,36.174366939842386,56.9707021601793,20.796335
2934,29.33,36.29781615778571,57.12079894587165,20.822983
2935,29.34,10.860851216057519,56.57646172020791,45.71561
2936,29.35,36.1878677439338,56.91713677164376,20.729269
2937,29.36,36.54506155165164,57.308287107071564,20.763226
2938,29.37,36.26720959094917,57.10088879016792,20.83368
2939,29.38,36.44874274323962,57.22858893464587,20.779846
2940,29.39,36.46443993805074,57.23387963531636,20.76944
2941,29.4,35.94596738344295,56.85219640260799,20.906229
2942,29.41,45.322827467929756,56.97915853024665,11.656331
2943,29.42,35.939926333039665,56.79138583621349,20.85146
2944,29.43,36.09181969907789,56.90323823240308,20.811419
2945,29.44,35.89412225158358,56.64112580688143,20.747004
2946,29.45,10.498199381620203,56.49486152151278,45.996662
2947,29.46,10.439275033933107,56.50037504003662,46.0611
2948,29.47,15.941171248774324,56.10207517943839,40.160904
2949,29.48,35.25803657162615,56.05391021359392,20.795874
2950,29.49,35.372638880359695,56.25556582127766,20.882927
2951,29.5,35.4794888692257,56.31886722615929,20.839378
2952,29.51,53.945145568045106,56.236599406393495,2.2914538
2953,29.52,35.42165131708813,56.28787751337719,20.866226
2954,29.53,54.29192381412378,56.231876187628416,1.9399524
2955,29.54,35.652157039492444,56.43761083587916,20.785454
2956,29.55,35.57841024210491,56.32323751261272,20.744827
2957,29.56,35.221886311110225,56.05641618781921,20.83453
2958,29.57,54.6865528362542,56.31950600321587,1.6329532
2959,29.58,35.49315673660078,56.374893491971875,20.881737
2960,29.59,54.43359842498107,56.468552019188834,2.0349536
2961,29.6,54.08925337149647,56.15220684363392,2.0629535
2962,29.61,35.151491919311056,55.974720755370626,20.823229
2963,29.62,53.266583539890966,55.45853481476279,2.1919513
2964,29.63,9.97382076193793,55.927018241185976,45.953197
2965,29.64,9.98267041670492,56.063076605669764,46.080406
2966,29.65,35.172680692062414,56.07296641288761,20.900286
2967,29.66,35.166286972057264,55.96752598572914,20.801239
2968,29.67,9.890104275944296,55.96039007306344,46.070286
2969,29.68,35.3146646560273,56.171258741720656,20.856594
2970,29.69,9.605000836231454,55.62173591313575,46.016735
2971,29.7,34.73827259507385,55.628363537456664,20.89009
2972,29.71,35.053225971470006,55.816544986972936,20.763319
2973,29.72,53.54029343463007,55.6332456860644,2.0929523
2974,29.73,53.71940069715869,55.770353131698485,2.0509524
2975,29.74,9.687404767659345,55.779785291340986,46.09238
2976,29.75,34.88116572359443,55.74863741854072,20.867472
2977,29.76,53.238835299627816,55.604088271276986,2.365253
2978,29.77,34.81251281187584,55.595332559800646,20.78282
2979,29.78,53.47844430932384,55.586395950406605,2.1079516
2980,29.79,43.84360613122516,55.48897566094928,11.64537
2981,29.8,9.397238975491163,55.35432363125288,45.957085
2982,29.81,52.960016773489606,55.152967499045026,2.1929507
2983,29.82,9.345496934090164,55.27962855640462,45.93413
2984,29.83,34.680207504768944,55.52629972889004,20.846092
2985,29.84,10.057336846158513,55.843660393521795,45.786324
2986,29.85,53.73841611066165,55.83336726346317,2.0949512
2987,29.86,10.346323332711684,55.863733611031996,45.51741
2988,29.87,53.89148279470974,56.21843620581203,2.3269534
2989,29.88,35.37084656213952,56.18543701624108,20.81459
2990,29.89,35.048257599731514,55.86369110192878,20.815434
2991,29.9,35.323015035120974,56.08314496370984,20.76013
2992,29.91,44.232915559618455,55.82189051231621,11.588975
2993,29.92,35.140045148608436,55.95601080107426,20.815966
2994,29.93,35.194994614857364,56.0080839855849,20.81309
2995,29.94,10.620558293750257,56.00326398222682,45.382706
2996,29.95,35.06690867954292,55.92641528659858,20.859507
2997,29.96,35.21636364181774,55.95650646408337,20.740143
2998,29.97,53.93951230995041,55.88546901695114,1.9459567
2999,29.98,53.85465633412573,55.88060724278662,2.025951
3000,29.99,53.88684223819302,55.77979754138516,1.8929553
3001,30.0,35.669442572176564,56.332915701449025,20.663473
3002,30.01,35.3314290578669,56.07255225732979,20.741123
3003,30.02,54.145485035845624,56.00844155974089,1.8629565
3004,30.03,35.07117695628151,55.88215489207253,20.810978
3005,30.04,53.432978060244366,55.89923277139549,2.4662547
3006,30.05,34.98785841141029,55.88205969009682,20.894201
3007,30.06,54.13135497905676,56.044306925315304,1.912952
3008,30.07,53.5499546135748,55.926911076434905,2.3769565
3009,30.08,35.15896013555534,55.968980582332684,20.81002
3010,30.09,35.31931591079739,56.143780708771025,20.824465
3011,30.1,54.03960376441286,56.17055803000734,2.1309543
3012,30.11,53.957432006994594,56.13038608948361,2.172954
3013,30.12,10.075413206951986,55.88744018449105,45.812027
3014,30.13,35.146958245360416,55.94587601574616,20.798918
3015,30.14,35.072939551254116,55.839838660140835,20.7669
3016,30.15,54.04167794823307,56.102632519003336,2.0609546
3017,30.16,34.90233195753169,55.69868815870357,20.796356
3018,30.17,10.003944763470862,55.73654974393961,45.732605
3019,30.18,9.536953877168045,55.57175536032234,46.0348
3020,30.19,53.86563663952013,55.99459200374743,2.1289554
3021,30.2,35.293600135055215,56.139038138595254,20.845438
3022,30.21,35.28449091128233,56.12325319460753,20.838762
3023,30.22,54.40353001461649,56.28348482952738,1.8799548
3024,30.23,54.313377549193696,56.167331387542085,1.8539538
3025,30.24,53.56239077595592,55.80034729985118,2.2379565
3026,30.25,35.130678646647624,55.90399598368376,20.773317
3027,30.26,34.9587724356487,55.65241409824635,20.693642
3028,30.27,34.49358367110807,55.318965903774085,20.825382
3029,30.28,53.28163970811189,55.14859403474153,1.8669543
3030,30.29,34.83654320917968,55.60242570124511,20.765882
3031,30.3,34.84264495245111,55.66961600652826,20.826971
3032,30.31,9.577371556791611,55.59478564980919,46.017414
3033,30.32,53.559053136749526,55.614003374023696,2.0549502
3034,30.33,53.52913164765036,55.64908432633078,2.1199527
3035,30.34,10.049795809819415,55.83714169604988,45.787346
3036,30.35,34.937599401491156,55.69827864648627,20.76068
3037,30.36,44.19161684299135,55.77256567264223,11.580949
3038,30.37,35.33388915777099,56.15572181463134,20.821833
3039,30.38,35.17370650961616,56.035953976657176,20.862247
3040,30.39,35.16708738599102,55.970193693974416,20.803106
3041,30.4,35.07910549359724,55.91263019757673,20.833525
3042,30.41,35.313943588501026,56.11232157922368,20.798378
3043,30.42,35.11782118710814,55.88597914609252,20.768158
3044,30.43,44.379173062292274,56.00702073380106,11.627848
3045,30.44,35.07361115476057,55.818148508276195,20.744537
3046,30.45,35.07711155791017,55.874999360034195,20.797888
3047,30.46,53.78684240702305,55.83079868677769,2.0439563
3048,30.47,34.84079935132053,55.703149815187714,20.86235
3049,30.48,53.53999129547564,55.760941898960745,2.2209506
3050,30.49,53.237342670588674,55.60829479995269,2.3709521
3051,30.5,34.714192430406726,55.53692344847313,20.822731
3052,30.51,53.19549643618512,55.42045247179913,2.224956
3053,30.52,34.48078900356881,55.31178265591256,20.830994
3054,30.53,53.14633401970915,55.34728798012785,2.200954
3055,30.54,34.43097189547447,55.33544233920006,20.90447
3056,30.55,34.76815386619396,55.64367457237072,20.87552
3057,30.56,53.2612137877918,55.52617073893316,2.264957
3058,30.57,53.53753331428265,55.565490753705255,2.0279574
3059,30.58,34.45944446054716,55.278410372412395,20.818966
3060,30.59,43.52387795631381,55.12295327369662,11.599075
3061,30.6,53.217672008441845,55.42712511436836,2.209453
3062,30.61,53.532518542295946,55.34047476101543,1.8079562
3063,30.62,53.15808619602846,55.0970391188495,1.9389529
3064,30.63,34.6108036472866,55.40431599164695,20.793512
3065,30.64,34.53002104961798,55.41122184002325,20.8812
3066,30.65,53.4347828087202,55.53273994296703,2.0979571
3067,30.66,44.09449207207997,55.72657787225087,11.632086
3068,30.67,9.870017765754305,55.887866734260164,46.01785
3069,30.68,34.84524394903776,55.78996517096159,20.944721
3070,30.69,34.974770922357386,55.78237857311422,20.807608
3071,30.7,34.62321904363063,55.491760761159924,20.868542
3072,30.71,53.332232749898544,55.51418951793443,2.1819568
3073,30.72,53.33201176178375,55.27896791946807,1.9469562
3074,30.73,34.679917818429836,55.44135428083218,20.761436
3075,30.74,34.62069199464844,55.46010277650879,20.83941
3076,30.75,34.38730147622526,55.19634154580534,20.80904
3077,30.76,34.476181884469064,55.390658279122384,20.914476
3078,30.77,53.04714560639565,55.05509877335732,2.0079532
3079,30.78,53.17178326635315,55.260737715053104,2.0889544
3080,30.79,34.79421752025165,55.67987387706317,20.885656
3081,30.8,53.51424048678831,55.4411923720117,1.9269519
3082,30.81,9.520951210155246,55.4716729508779,45.95072
3083,30.82,34.65433951838183,55.50550528986621,20.851166
3084,30.83,34.725236354757584,55.63133948891286,20.906103
3085,30.84,53.66424749590041,55.90920017458083,2.2449527
3086,30.85,35.25562220657766,56.085343657383326,20.829721
3087,30.86,53.91698253169499,56.14693582072697,2.2299533
3088,30.87,35.07530451179602,55.89486360908606,20.81956
3089,30.88,54.08589336627379,56.09784433596983,2.011951
3090,30.89,54.146481361083204,56.23943361251753,2.0929523
3091,30.9,54.24456029021614,56.06251101577156,1.8179507
3092,30.91,10.077585320597471,56.06579790604669,45.988213
3093,30.92,53.97474179519623,55.87669215454071,1.9019504
3094,30.93,10.250453189162691,55.921611026076754,45.671158
3095,30.94,35.17608571757168,56.037308938396876,20.861223
3096,30.95,53.64366502921779,55.66961593787868,2.025951
3097,30.96,9.700568111771432,55.694765957230416,45.994198
3098,30.97,9.749130334247084,55.7119522946963,45.962822
3099,30.98,10.004097664114752,56.038204872366705,46.034107
3100,30.99,35.23472341553392,56.04627927796068,20.811556
3101,31.0,44.38343471645695,56.00725311397892,11.623818
3102,31.01,35.29585357021919,56.12095542263618,20.825102
3103,31.02,35.257974395816696,56.096996078555954,20.839022
3104,31.03,35.45297634023371,56.301937216698555,20.84896
3105,31.04,35.127158437342324,55.97838524398295,20.851227
3106,31.05,35.606813749260965,56.42945702929026,20.822643
3107,31.06,35.32413196854986,56.173996928266654,20.849865
3108,31.07,35.688254382608044,56.435263659951794,20.74701
3109,31.08,54.44303724772427,56.563989377088284,2.1209521
3110,31.09,35.70893876236211,56.50814835708867,20.79921
3111,31.1,35.7676405595139,56.58489939435277,20.817259
3112,31.11,44.706336416736285,56.372649588123004,11.666313
3113,31.12,54.41967881394171,56.63463271332525,2.214954
3114,31.13,35.733691816925564,56.60843623220877,20.874744
3115,31.14,35.66281668314807,56.37746397623889,20.714647
3116,31.15,54.17238025680163,56.535336780696895,2.3629565
3117,31.16,10.726576649009182,56.638613544761135,45.912037
3118,31.17,10.48303613154993,56.10847100703821,45.625435
3119,31.18,35.117413949430755,55.96413941329794,20.846725
3120,31.19,44.6529982857179,56.288321810193,11.635324
3121,31.2,53.72249354109882,56.123448264456975,2.4009547
3122,31.21,44.541007159261746,56.1387768965054,11.59777
3123,31.22,35.200061710677666,56.08095732530169,20.880896
3124,31.23,53.956870678324655,56.17882836188789,2.2219577
3125,31.24,35.37663785854775,56.15147153774697,20.774834
3126,31.25,54.21392683259866,56.144884149950954,1.9309573
3127,31.26,53.6898695658312,55.971824807988185,2.2819552
3128,31.27,10.338715269023503,55.99654455369147,45.65783
3129,31.28,15.568924090959932,55.91163649330368,40.342712
3130,31.29,9.970548244242515,55.98356017661556,46.013012
3131,31.3,53.25360326464392,55.6198099106095,2.3662066
3132,31.31,53.670263362626514,55.95321805546709,2.2829547
3133,31.32,53.9366086737346,56.17356574694627,2.236957
3134,31.33,10.058771220145033,56.20283707707863,46.144066
3135,31.34,9.859713168985579,56.000811191446516,46.141098
3136,31.35,10.469129014555094,56.43060057217228,45.96147
3137,31.36,44.8568170115091,56.47176433053986,11.614947
3138,31.37,35.814683139551995,56.55972403310668,20.74504
3139,31.38,10.568673905528073,56.54639988819409,45.977726
3140,31.39,35.673002904312625,56.47722691859485,20.804224
3141,31.4,35.59476088766051,56.39566993001891,20.800909
3142,31.41,44.809254927652496,56.438912673013824,11.629658
3143,31.42,35.961795561046706,56.771493665905105,20.809698
3144,31.43,35.74995140059574,56.61464408858402,20.864693
3145,31.44,45.3220027484456,56.90886054416093,11.586858
3146,31.45,35.865312903948244,56.75838884694141,20.893076
3147,31.46,35.92464014415333,56.8192743909795,20.894634
3148,31.47,35.87661744664782,56.79282189916247,20.916204
3149,31.48,10.8093121753176,56.94854862551291,46.139236
3150,31.49,36.38346045407886,57.259719304176514,20.876259
3151,31.5,36.430276580895935,57.33032960518793,20.900053
3152,31.51,46.165416224404645,57.72164486209996,11.556229
3153,31.52,36.772648966121345,57.5691901801106,20.796541
3154,31.53,36.585244472189,57.46696215407376,20.881718
3155,31.54,36.53276590751171,57.38157610343456,20.84881
3156,31.55,36.47863945487002,57.34299072745303,20.864351
3157,31.56,36.94139882513391,57.84943791815149,20.90804
3158,31.57,55.570868692674466,58.14232131031973,2.5714526
3159,31.58,37.223725491669,58.09373396029693,20.870008
3160,31.59,37.059617466154656,57.935918277922234,20.8763
3161,31.6,37.09811443585233,57.999639933288854,20.901525
3162,31.61,37.01413800968228,57.946442392006496,20.932304
3163,31.62,46.176962321425336,57.85863155665483,11.681669
3164,31.63,37.11571011254337,57.948233458490634,20.832523
3165,31.64,11.665242169990947,57.857548688545634,46.192307
3166,31.65,37.19612479543505,58.04743743276415,20.851313
3167,31.66,37.16405533069521,58.02148674243838,20.857431
3168,31.67,46.25900478626343,57.86976833606812,11.610764
3169,31.68,37.15713445727178,57.970750256221976,20.813616
3170,31.69,36.86101295524532,57.742070694503134,20.881058
3171,31.7,36.56093195305571,57.42481973992094,20.863888
3172,31.71,36.60064342353753,57.57074001167229,20.970097
3173,31.72,45.81171848109277,57.402075307874995,11.590357
3174,31.73,36.55945876816307,57.36970046738182,20.810242
3175,31.74,54.75833558368735,57.312286370277924,2.5539508
3176,31.75,36.437802139112485,57.24932939130975,20.811527
3177,31.76,36.68844552477917,57.49270005663952,20.804255
3178,31.77,36.47823872064993,57.381862301582544,20.903624
3179,31.78,11.257043917928904,57.22332962349531,45.966286
3180,31.79,11.509830966561957,57.379993930429144,45.870163
3181,31.8,55.15053222111756,57.63848874501282,2.4879565
3182,31.81,36.61524132068399,57.406258853032625,20.791018
3183,31.82,36.49744084555642,57.3512692757322,20.853828
3184,31.83,54.08099585387065,57.257048424213664,3.1760526
3185,31.84,55.0862518342508,57.56060514769685,2.4743533
3186,31.85,36.514263028362244,57.40112864420697,20.886866
3187,31.86,36.398431857127356,57.26751526166837,20.869083
3188,31.87,36.13279241010218,56.995076116767216,20.862284
3189,31.88,36.1658716137053,56.96767710992112,20.801805
3190,31.89,11.56076860155897,57.19072007860975,45.62995
3191,31.9,30.950791074144405,57.44391126762585,26.49312
3192,31.91,36.48336540107123,57.36692176703803,20.883556
3193,31.92,36.457143460468146,57.30594030495057,20.848797
3194,31.93,36.766475129546535,57.553889680327785,20.787415
3195,31.94,36.46672314271684,57.3533465252852,20.886623
3196,31.95,36.49762659148061,57.29398088530385,20.796354
3197,31.96,16.59475518865483,56.93963052434819,40.344875
3198,31.97,36.36636330417846,57.20405937961792,20.837696
3199,31.98,36.39421704269431,57.177975206146456,20.783758
3200,31.99,36.27335392420157,57.13068615381583,20.857332
3201,32.0,36.42290789719881,57.298262664044515,20.875355
3202,32.01,11.129818868326232,57.013440084146545,45.88362
3203,32.02,36.115659125824976,57.01941431381326,20.903755
3204,32.03,36.60392912633863,57.47345122106519,20.869522
3205,32.04,36.760232563774295,57.6819568832323,20.921724
3206,32.05,36.738869660585095,57.56772517511146,20.828856
3207,32.06,36.62751196032724,57.516450864135834,20.888939
3208,32.07,11.213944916932114,57.57023001214696,46.356285
3209,32.08,11.391036171338015,57.52139200629895,46.130356
3210,32.09,36.95220440394225,57.65165775782408,20.699453
3211,32.1,36.60214653789916,57.449732215999745,20.847586
3212,32.11,36.73019761640769,57.623258300611795,20.89306
3213,32.12,36.71725257613505,57.529550397179975,20.812298
3214,32.13,45.88119555169124,57.47032881432552,11.589133
3215,32.14,36.60137874734014,57.38551838051885,20.78414
3216,32.15,36.428390464410306,57.25964542351675,20.831255
3217,32.16,36.02118627159808,56.8962511214516,20.875065
3218,32.17,35.926878313904716,56.786802630310966,20.859924
3219,32.18,45.05246629410772,56.70740117722539,11.654935
3220,32.19,35.8085469559173,56.68100446018976,20.872458
3221,32.2,35.43179821715175,56.29227566466152,20.860477
3222,32.21,35.70177080778384,56.53510096220278,20.83333
3223,32.22,36.06854024523975,56.86983457202198,20.801294
3224,32.23,35.84454883302089,56.724639546521864,20.88009
3225,32.24,35.31486290401087,56.145267185627084,20.830404
3226,32.25,10.260963296135358,56.16292939110606,45.901966
3227,32.26,35.28601280614704,56.18280235692829,20.89679
3228,32.27,35.33875136222496,56.173422382732774,20.834671
3229,32.28,35.08390553018395,55.95355541726891,20.86965
3230,32.29,35.052820479721376,55.879633223862,20.826813
3231,32.3,35.229612353261956,56.02248955052758,20.792877
3232,32.31,10.448374631801265,56.05673492232861,45.60836
3233,32.32,35.318795697930625,56.16587783599215,20.847082
3234,32.33,35.39630608303563,56.19919686062352,20.80289
3235,32.34,35.19081681494373,56.32816117529529,21.137344
3236,32.35,35.20544392910253,56.083751271631826,20.878307
3237,32.36,9.828435252471323,55.94406254128968,46.115627
3238,32.37,35.05507116919275,55.89844351416345,20.843372
3239,32.38,53.538920246719805,56.13087304747054,2.5919528
3240,32.39,34.97600427700695,55.8477694137257,20.871765
3241,32.4,34.953315424699866,55.877780604143226,20.924465
3242,32.41,9.789080112328968,55.65080878054186,45.86173
3243,32.42,35.18272123869252,56.11084280546498,20.928122
3244,32.43,10.395750553775386,56.17180112140234,45.77605
3245,32.44,35.45030113394539,56.357512437656325,20.907211
3246,32.45,35.4233239337267,56.28338367188588,20.86006
3247,32.46,35.33925899812091,56.25144275971759,20.912184
3248,32.47,30.34677712933982,56.49297730939353,26.1462
3249,32.48,35.395564664279696,56.19289742795157,20.797333
3250,32.49,35.46212165604645,56.28226058732086,20.820139
3251,32.5,35.59283931233595,56.48553569295118,20.892696
3252,32.51,10.953883512721163,56.51043258498679,45.55655
3253,32.52,16.018516467659794,56.37586967810901,40.357353
3254,32.53,53.55698835860919,56.116241574398984,2.5592532
3255,32.54,35.45942322877452,56.21881119874522,20.759388
3256,32.55,35.268927553410805,56.1473626882985,20.878435
3257,32.56,10.195351607097727,56.29798603702937,46.102634
3258,32.57,10.314124859363936,56.23780039647331,45.923676
3259,32.58,53.69133935266093,56.08129630380229,2.389957
3260,32.59,44.40052472823346,55.9841047453233,11.58358
3261,32.6,10.06824602016011,55.97493089564839,45.906685
3262,32.61,9.980037050991633,55.94063122823773,45.960594
3263,32.62,10.090247164533778,55.6469183071119,45.55667
3264,32.63,9.853108712010616,55.71648914413952,45.86338
3265,32.64,10.340455535336055,56.16860342351965,45.828148
3266,32.65,35.677335576302646,56.479507283455966,20.802172
3267,32.66,35.64897424963447,56.49877245214912,20.849798
3268,32.67,36.0801198746144,56.861999299663225,20.78188
3269,32.68,35.89999483008399,56.72500131506934,20.825006
3270,32.69,35.97210846688446,56.765218360683285,20.79311
3271,32.7,10.994766757212254,56.701744601450535,45.706978
3272,32.71,11.02190912955389,57.07039011710272,46.04848
3273,32.72,10.997271105151704,57.005571886401704,46.0083
3274,32.73,10.65037171244326,56.90577713846865,46.255405
3275,32.74,10.5175497972741,56.69616536734246,46.178616
3276,32.75,10.185478218120302,56.44238282017108,46.256905
3277,32.76,10.388732521083988,56.581039039638675,46.192307
3278,32.77,35.8236253099979,56.6743390398563,20.850714
3279,32.78,36.11496553980247,56.92934618555442,20.81438
3280,32.79,36.48972168849342,57.22227135585182,20.73255
3281,32.8,36.21612005236845,57.00155477526884,20.785435
3282,32.81,36.295478152405025,57.09330110467553,20.797823
3283,32.82,36.29018961943846,57.156581755058575,20.866392
3284,32.83,45.34260239554079,56.95435204458864,11.61175
3285,32.84,36.1789676618408,57.24370498178709,21.064737
3286,32.85,36.4981565799473,57.32253936192972,20.824383
3287,32.86,36.77561545823234,57.536857371074134,20.761242
3288,32.87,36.450858702275,57.33315049609824,20.882292
3289,32.88,36.434405677359166,57.26819168810135,20.833786
3290,32.89,36.41131262895212,57.29567961808786,20.884367
3291,32.9,16.88167082344266,57.407721391069614,40.52605
3292,32.91,36.405251508642316,57.266762739111066,20.861511
3293,32.92,11.052554608578397,57.16370725750418,46.111153
3294,32.93,36.25444018619194,57.1306818701519,20.876242
3295,32.94,11.121626807072715,57.01690573773678,45.89528
3296,32.95,36.511305937765194,57.293994078634334,20.782688
3297,32.96,36.21094926510873,57.318069779024746,21.10712
3298,32.97,36.43191401702107,57.2761770938033,20.844263
3299,32.98,36.49784710536084,57.35539295802197,20.857546
3300,32.99,55.04956328438911,57.467520113460154,2.4179568
3301,33.0,36.39914463234628,57.21473644448007,20.815592
3302,33.01,36.2453261492391,57.113419639839684,20.868093
3303,33.02,35.776529855848615,56.639248438001935,20.862719
3304,33.03,36.011019749129694,56.79368881651251,20.78267
3305,33.04,35.35589397345194,56.47516429815897,21.11927
3306,33.05,10.557871323318807,56.24652717659029,45.688656
3307,33.06,44.62840010791152,56.263877173951556,11.635477
3308,33.07,35.85260785593788,56.766582617900774,20.913975
3309,33.08,36.11273267894443,56.885636121327245,20.772903
3310,33.09,35.62577241010419,56.528045588204776,20.902273
3311,33.1,35.711547135614765,56.59318852355422,20.881641
3312,33.11,10.345463080287082,56.49109677779685,46.145634
3313,33.12,35.674066610461544,56.46828085911877,20.794214
3314,33.13,35.37457670548743,56.13035024979895,20.755774
3315,33.14,10.406664696112628,55.99485286749935,45.58819
3316,33.15,35.453043381061214,56.25829354890789,20.80525
3317,33.16,35.6035566897249,56.4370356173372,20.833479
3318,33.17,35.99744592596965,56.77854715277629,20.781101
3319,33.18,36.09920233498969,56.97678488503852,20.877583
3320,33.19,35.72357730970803,56.60441951857033,20.880842
3321,33.2,35.9731352925583,56.837873756913766,20.864738
3322,33.21,10.96674163756412,57.0204106133942,46.05367
3323,33.22,35.87773475324012,56.775565716374885,20.897831
3324,33.23,35.87977436015601,56.75536945292945,20.875595
3325,33.24,45.31507097817064,56.86550985909105,11.550439
3326,33.25,11.07370911057015,57.10164795334359,46.02794
3327,33.26,10.638552423291436,56.77852892475628,46.139977
3328,33.27,10.913447998027749,56.8685757140922,45.955128
3329,33.28,11.01300649056001,56.710615438313916,45.69761
3330,33.29,10.790268104426843,56.882866065852625,46.092598
3331,33.3,11.099422297751708,56.84367736366968,45.744255
3332,33.31,11.17810008964792,56.92871807060495,45.750618
3333,33.32,10.912120284736403,57.073592605293044,46.161472
3334,33.33,36.044826448957295,56.8387545953196,20.793928
3335,33.34,35.94746328819173,56.75113417137044,20.80367
3336,33.35,10.430716192667688,56.67305628055831,46.24234
3337,33.36,10.573475902595192,56.596501415290504,46.023026
3338,33.37,53.41619585267176,56.61645076981654,3.200255
3339,33.38,44.7980843307396,56.411777568044286,11.613693
3340,33.39,44.88179500429421,56.48002822725564,11.598233
3341,33.4,35.533206878498326,56.38972085554911,20.856514
3342,33.41,10.340685035797158,56.348108436676064,46.007423
3343,33.42,35.408817229992664,56.24523156715087,20.836414
3344,33.43,35.41917265651244,56.1976245760681,20.778452
3345,33.44,35.141026913784955,55.985848843716596,20.844822
3346,33.45,10.030768736884369,56.1102441397164,46.079475
3347,33.46,35.1206279455376,55.88803822385791,20.76741
3348,33.47,10.511945422797261,56.18592995038515,45.673985
3349,33.48,35.44137506438295,56.204539584646625,20.763165
3350,33.49,10.160865674227374,55.991920361727374,45.831055
3351,33.5,10.134687798113553,56.01627196559402,45.881584
3352,33.51,10.534607573811748,56.373879119221904,45.83927
3353,33.52,10.49092107124978,56.223766377646264,45.732845
3354,33.53,10.519220264327075,56.3772830084677,45.858063
3355,33.54,10.399270723148746,56.446347902103824,46.047077
3356,33.55,10.52823056796268,56.52852429965213,46.000294
3357,33.56,11.325100501628484,56.75208719596442,45.426987
3358,33.57,35.71544010691696,56.54700596385055,20.831566
3359,33.58,36.07216392981435,56.91058289038564,20.838419
3360,33.59,35.720095145680524,56.5807709574481,20.860676
3361,33.6,35.86935387954127,56.6913829933108,20.82203
3362,33.61,35.69853095492816,56.497736734957456,20.799206
3363,33.62,35.335622864441625,56.21011932440256,20.874496
3364,33.63,35.3728573802682,56.19003610646449,20.817179
3365,33.64,35.4036811149932,56.299532250247104,20.895851
3366,33.65,10.31249123623548,56.2756794076222,45.96319
3367,33.66,10.373787675292121,56.20014265576087,45.826355
3368,33.67,10.69550275060665,56.3303179666711,45.634815
3369,33.68,35.18377203412925,56.001641220530615,20.81787
3370,33.69,10.444478385983338,56.14856850439154,45.70409
3371,33.7,35.32768325251749,56.17854194087198,20.850859
3372,33.71,10.597919578853876,56.35927593261364,45.761356
3373,33.72,10.539891722084747,56.34983587491678,45.809944
3374,33.73,44.64623277015151,56.26933495826186,11.623102
3375,33.74,10.39098760548093,56.3038103288696,45.912823
3376,33.75,35.345328924745466,56.193656561464216,20.848328
3377,33.76,10.3214038417251,56.239517550221194,45.918114
3378,33.77,10.210601422550873,56.10481223798056,45.89421
3379,33.78,9.993309103927515,55.9596749181365,45.966366
3380,33.79,9.837848259932592,55.941073967940405,46.103226
3381,33.8,49.685835464107434,56.08142052422706,6.395585
3382,33.81,35.058637081989325,55.86997932136921,20.811342
3383,33.82,29.665934679355864,55.764275667515044,26.098341
3384,33.83,10.144974567075742,56.1057060734234,45.96073
3385,33.84,15.56535370981495,56.058983165381356,40.49363
3386,33.85,10.318074429171268,55.95434685959119,45.636272
3387,33.86,35.690845862521044,56.46037520517241,20.76953
3388,33.87,49.909858614126115,56.254184633413225,6.344326
3389,33.88,35.354996141370066,56.52992099183393,21.174925
3390,33.89,35.576207381982314,56.37247012307118,20.796263
3391,33.9,30.00855299204067,56.326019727880514,26.317467
3392,33.91,10.469864308994893,56.24641460196364,45.77655
3393,33.92,35.5785439425837,56.35822610200753,20.779682
3394,33.93,35.65200391157213,56.465348867016466,20.813345
3395,33.94,44.95700596233757,56.636829837764814,11.679824
3396,33.95,45.241479276018026,56.84199559529293,11.600516
3397,33.96,10.480128784941229,56.570979615019354,46.09085
3398,33.97,35.91615013730952,56.69760994565913,20.78146
3399,33.98,10.701421498795007,56.796472310562585,46.09505
3400,33.99,11.439004516586301,56.93481216429138,45.495808
3401,34.0,11.272673709413937,56.91528235199206,45.64261
3402,34.01,36.077504470598434,57.0201466825125,20.942642
3403,34.02,36.2515596450162,57.08659687646151,20.835037
3404,34.03,36.495768188813805,57.30774938998568,20.811981
3405,34.04,11.279637472898813,57.195572989256235,45.915936
3406,34.05,11.058178139022608,56.83765811949136,45.77948
3407,34.06,11.078736359745776,56.99231439319304,45.913578
3408,34.07,11.393493503781585,57.3088301126683,45.915337
3409,34.08,10.911635553989072,56.813513910922666,45.90188
3410,34.09,10.37773523369053,56.44217691459873,46.06444
3411,34.1,10.796826763802613,56.6497892576991,45.852962
3412,34.11,10.716105712971931,56.606204284749275,45.8901
3413,34.12,10.525383139248412,56.424549246426146,45.899166
3414,34.13,35.242746502923325,56.179338604974106,20.936592
3415,34.14,10.279149281624655,56.22604106629262,45.94689
3416,34.15,10.126397307233333,56.02437322886419,45.897976
3417,34.16,10.09121802914106,55.878079448818795,45.78686
3418,34.17,10.084697584714007,56.07490907153041,45.99021
3419,34.18,10.217457542001526,56.142899283944885,45.92544
3420,34.19,35.432657291701325,56.228481342604645,20.795824
3421,34.2,10.330247916350984,56.39711193002286,46.066864
3422,34.21,10.587543407254763,56.41815558987195,45.830612
3423,34.22,10.663654258402651,56.52079766050226,45.857143
3424,34.23,10.619412998104714,56.504769901180886,45.885357
3425,34.24,10.71554381641274,56.639883110846334,45.92434
3426,34.25,10.421467848967055,56.65628916854713,46.23482
3427,34.26,10.37719599710963,56.54955927835963,46.172363
3428,34.27,35.78313918148934,56.57826323544442,20.795124
3429,34.28,35.64819867610211,56.44993550776715,20.801737
3430,34.29,35.42650511852173,56.18760398021607,20.761099
3431,34.3,10.372609221123028,56.142953001640606,45.770344
3432,34.31,10.79485167648263,56.65508116867013,45.86023
3433,34.32,10.918421466109386,56.57219954228126,45.653778
3434,34.33,10.593260346658006,56.29729705930449,45.704037
3435,34.34,10.834447885006988,56.473550820798,45.639103
3436,34.35,10.736696904593664,56.539309209281164,45.802612
3437,34.36,10.808939194833911,56.62510511890618,45.816166
3438,34.37,45.04845302993861,56.659943279572396,11.61149
3439,34.38,35.889503737986466,56.69692065388002,20.807417
3440,34.39,35.68337277550602,56.62362317223454,20.94025
3441,34.4,11.191192823204887,56.950218396935355,45.759026
3442,34.41,10.818683694819882,56.88829810522027,46.069614
3443,34.42,11.200452034887654,57.017598336157185,45.817146
3444,34.43,10.788053128000378,56.86314925837147,46.075096
3445,34.44,10.91572452954886,56.858435406013704,45.94271
3446,34.45,10.62287217721233,56.84536439522991,46.222492
3447,34.46,36.593279362059555,57.44747018847557,20.85419
3448,34.47,11.164719122928197,57.10593082336765,45.94121
3449,34.48,10.77387669496769,56.647110490133706,45.873234
3450,34.49,10.508742113363141,56.73024632478892,46.221504
3451,34.5,36.06199113403787,56.828508773198024,20.766518
3452,34.51,10.984416876859079,56.87759009463252,45.893173
3453,34.52,10.28967232451653,56.66163582549309,46.371964
3454,34.53,11.125057893846055,56.73818655595543,45.61313
3455,34.54,10.680174307389272,56.641066031022085,45.96089
3456,34.55,10.902913292266355,56.629746635772214,45.726833
3457,34.56,10.822898444218751,56.51934390930664,45.696445
3458,34.57,10.000519960148175,56.250241487247784,46.24972
3459,34.58,35.295003249839496,56.163335159019184,20.868332
3460,34.59,10.689333751487723,56.367441966819754,45.67811
3461,34.6,10.754487014998901,56.57096574424695,45.81648
3462,34.61,10.660934436920677,56.4285430794988,45.76761
3463,34.62,10.210075335188272,56.39194484202421,46.18187
3464,34.63,10.657849146403322,56.372219873942385,45.71437
3465,34.64,10.461751182493252,56.41061516564755,45.948864
3466,34.65,10.793225755666484,56.697957506154765,45.90473
3467,34.66,10.962582287982734,56.66816776771906,45.705585
3468,34.67,10.624930199764684,56.81697731890531,46.192047
3469,34.68,10.79434134737113,57.065646431599646,46.271305
3470,34.69,10.418405685083833,56.85911766018149,46.440712
3471,34.7,10.942087490231195,57.03434212890307,46.092255
3472,34.71,36.00015193586049,56.84552508954701,20.845373
3473,34.72,36.14931202355563,57.07309055749118,20.923779
3474,34.73,11.003885539287474,57.043146403545286,46.03926
3475,34.74,36.068945812032396,56.9532059896447,20.88426
3476,34.75,30.56901202898444,56.85517917375983,26.286167
3477,34.76,11.334015348276019,56.99729965003383,45.663284
3478,34.77,11.192885146954083,57.00053285203221,45.807648
3479,34.78,11.34969483601921,57.10364304768913,45.75395
3480,34.79,11.067818484829402,56.95237430147979,45.884556
3481,34.8,10.885362825014695,57.061563691713914,46.1762
3482,34.81,11.254562141375523,57.183654548602085,45.929092
3483,34.82,11.086475915384284,56.90440422959327,45.81793
3484,34.83,11.143580566727131,57.09530557283065,45.951725
3485,34.84,36.23371426720818,57.080609485103686,20.846895
3486,34.85,36.61494904037481,57.39626579757696,20.781317
3487,34.86,36.30759486797907,57.18995532635309,20.88236
3488,34.87,36.75743744304711,57.53430054119164,20.776863
3489,34.88,36.26131608883825,57.123773364228875,20.862457
3490,34.89,36.05431865934853,56.88836216215615,20.834044
3491,34.9,36.08176910342594,56.95834266604801,20.876574
3492,34.91,36.20290420979811,57.0270466658528,20.824142
3493,34.92,36.02499968341265,56.80739218524371,20.782393
3494,34.93,36.332896775742576,57.1196761794291,20.78678
3495,34.94,36.5543726541296,57.36174379365597,20.807371
3496,34.95,11.367906393233277,57.087293447676636,45.719387
3497,34.96,11.132954480946637,57.163029554188824,46.030075
3498,34.97,11.099913709998901,57.20444785916882,46.104534
3499,34.98,10.953271773736809,57.085328963678215,46.132057
3500,34.99,11.174097245054924,57.042913620787346,45.868816
3501,35.0,11.131545399244885,57.07116255622731,45.939617
3502,35.01,11.638190996616665,57.52666832205612,45.888477
3503,35.02,11.378195333681177,57.28771452923782,45.90952
3504,35.03,11.218793144703042,57.2502033619882,46.03141
3505,35.04,36.42437271671733,57.32555298405131,20.90118
3506,35.05,36.51791202132602,57.271673312829925,20.753761
3507,35.06,11.659771053092278,57.49374779869775,45.833977
3508,35.07,11.366800793773315,57.15727091706433,45.79047
3509,35.08,11.287000855617315,57.15125485342005,45.864254
3510,35.09,11.180286276543576,57.022468435967404,45.842182
3511,35.1,36.42683766181913,57.17861340339628,20.751776
3512,35.11,36.45770082003432,57.26120767123061,20.803507
3513,35.12,36.21695767853767,57.065092673044504,20.848135
3514,35.13,11.1891841656075,57.19570348323445,46.00652
3515,35.14,11.149993317878184,57.27547015503639,46.125477
3516,35.15,11.1064173483542,57.273386647670605,46.16697
3517,35.16,11.372950746751329,57.278384401536485,45.905434
3518,35.17,36.7658684972514,57.65050823724163,20.88464
3519,35.18,11.626507121689862,57.433693248398846,45.807186
3520,35.19,11.110204204111128,57.21823643067363,46.108032
3521,35.2,11.14173930225487,57.119553022957994,45.977814
3522,35.21,10.959572905437355,56.744946593181496,45.785374
3523,35.22,10.844020590822872,56.73304341797131,45.889023
3524,35.23,10.534414870446923,56.85485325545669,46.32044
3525,35.24,10.721759019694204,56.89021986564147,46.16846
3526,35.25,36.15881520237657,57.08836346592638,20.929548
3527,35.26,11.065789422773648,56.76951333024435,45.703724
3528,35.27,10.911717514565673,57.031151871255126,46.119434
3529,35.28,10.994653905949676,56.813902105412566,45.81925
3530,35.29,35.834975903269445,56.6306626250712,20.795687
3531,35.3,35.913211028796965,56.767663161975676,20.854452
3532,35.31,10.683498661055232,56.60805920793023,45.92456
3533,35.32,10.917038442656171,56.66496706204094,45.74793
3534,35.33,10.729275542243059,56.382641631110246,45.653366
3535,35.34,10.455418542027473,56.28836531937122,45.832947
3536,35.35,35.71828702844921,56.51161245264355,20.793325
3537,35.36,10.17653316165233,56.28189128543163,46.10536
3538,35.37,35.397912351172515,56.141232816260406,20.74332
3539,35.38,35.20799991598964,56.021920890721084,20.813921
3540,35.39,35.34208423809122,56.195008585015046,20.852924
3541,35.4,10.761755776624263,56.56259424708325,45.80084
3542,35.41,35.68668762620858,56.55657974656991,20.869892
3543,35.42,10.613236933323059,56.72599938449493,46.112762
3544,35.43,10.414349478158734,56.49206630555131,46.077717
3545,35.44,35.67636890241323,56.57585735150991,20.899488
3546,35.45,35.52826535995326,56.39756048019252,20.869295
3547,35.46,35.24041537814805,56.18420009189317,20.943785
3548,35.47,35.192645587427855,56.09979967067981,20.907154
3549,35.48,35.60443286436166,56.509803576641936,20.90537
3550,35.49,35.75004722171493,56.58757926517196,20.837532
3551,35.5,35.87913642019469,56.7382329472943,20.859097
3552,35.51,36.003014299438185,56.83723900036592,20.834225
3553,35.52,10.899443350904818,56.81054946052396,45.911106
3554,35.53,35.53824708154092,56.44802567651163,20.909779
3555,35.54,35.01283884469686,55.93258333627401,20.919744
3556,35.55,35.48234253714073,56.30346184561241,20.82112
3557,35.56,44.45161785799728,56.02692951876388,11.575312
3558,35.57,10.394452324889876,56.09192394354222,45.69747
3559,35.58,35.344744081620796,56.32939183247529,20.984648
3560,35.59,35.085553778655836,56.17262042904646,21.087067
3561,35.6,35.154378735825986,56.12252219896075,20.968143
3562,35.61,35.32219602696668,56.13859464757215,20.816399
3563,35.62,34.9829777256407,55.80733952678816,20.824362
3564,35.63,35.1954959389825,56.01907572719051,20.82358
3565,35.64,34.72367499784508,55.507335886516955,20.78366
3566,35.65,34.78664494636199,55.54037572028777,20.75373
3567,35.66,34.714536658670326,55.535181037332435,20.820644
3568,35.67,34.88559325837474,55.67661651276927,20.791023
3569,35.68,34.6445268145197,55.50310835748845,20.858582
3570,35.69,34.5236231499279,55.38744036489372,20.863817
3571,35.7,43.773631647797934,55.466261461945884,11.69263
3572,35.71,34.651283886445185,55.48868241549792,20.837399
3573,35.72,9.862288674483302,55.64814682878018,45.78586
3574,35.73,35.16490084321955,55.912749353961736,20.747849
3575,35.74,35.14058162425874,55.9752202198398,20.834639
3576,35.75,35.332429552398025,56.08834042581111,20.75591
3577,35.76,35.24965225549385,56.08297859521553,20.833326
3578,35.77,35.33641813215224,56.1408881944081,20.80447
3579,35.78,10.424648419134165,56.37677396845057,45.952126
3580,35.79,10.413485224232765,56.53943126915464,46.125946
3581,35.8,10.837787920111246,56.69442396747453,45.856636
3582,35.81,10.84124944978754,56.928586943684024,46.087337
3583,35.82,11.056589623110476,56.90067913116712,45.84409
3584,35.83,11.604944357533967,57.22397817101053,45.619034
3585,35.84,11.432190343675622,57.20117609196664,45.768986
3586,35.85,11.657296851162783,57.65083093929755,45.993534
3587,35.86,11.912001886772323,57.643916407035995,45.731915
3588,35.87,11.50457398703795,57.33912675193053,45.834553
3589,35.88,10.946177058896794,57.08111815997101,46.13494
3590,35.89,11.098871779290377,56.932116103020846,45.833244
3591,35.9,10.909151836630805,56.83871345162104,45.92956
3592,35.91,36.05054144646082,56.913094089283085,20.862553
3593,35.92,11.113593989651434,57.037456446926825,45.923862
3594,35.93,10.914396176940606,56.83197964251678,45.917583
3595,35.94,11.279029973412399,56.91900647487724,45.639977
3596,35.95,11.028900429965866,57.0440333340186,46.015133
3597,35.96,36.31407759153255,57.150757050150716,20.83668
3598,35.97,11.173576237239622,56.9955672040365,45.82199
3599,35.98,10.783343423148452,56.85517417266017,46.07183
3600,35.99,35.60021769807914,56.44637858675102,20.84616
3601,36.0,10.863585037139892,56.538378280548095,45.674793
3602,36.01,35.71319908623491,56.566115803764205,20.852917
3603,36.02,36.111667943564385,56.94372971114251,20.832062
3604,36.03,36.11528809092322,57.06092674753943,20.945639
3605,36.04,35.80501184966657,56.599428277278875,20.794416
3606,36.05,35.69683821332302,56.54077704083767,20.843939
3607,36.06,35.637671415297284,56.5327557964008,20.895084
3608,36.07,35.65409851093588,56.55658912678061,20.90249
3609,36.08,35.289053170765065,56.14700528868499,20.857952
3610,36.09,44.74588909447958,56.347546008236904,11.601657
3611,36.1,35.61114438217072,56.374329883269354,20.763186
3612,36.11,35.36409030382082,56.302015642565934,20.937925
3613,36.12,35.527837998584104,56.30676675529797,20.778929
3614,36.13,35.532680972086716,56.44450043009453,20.91182
3615,36.14,35.56563606007941,56.39988364919074,20.834248
3616,36.15,35.53252071224912,56.34806102596982,20.81554
3617,36.16,35.399551459988835,56.24201590701032,20.842464
3618,36.17,35.18795242961365,56.08008995707947,20.892138
3619,36.18,35.003163437961554,55.958880524753546,20.955717
3620,36.19,44.76796469037661,56.324295371223776,11.556331
3621,36.2,35.169829578886734,56.05503961611818,20.88521
3622,36.21,35.20071667166995,56.05825870963382,20.857542
3623,36.22,34.89523930056371,55.75058025820531,20.855341
3624,36.23,34.81420842496018,55.717845357333225,20.903637
3625,36.24,35.11577034175404,56.035009385943496,20.919239
3626,36.25,10.507393738284811,56.22466363574575,45.71727
3627,36.26,35.2302692237453,56.15479162364765,20.924522
3628,36.27,35.208016481664025,56.13680371310934,20.928787
3629,36.28,35.767981740742485,56.691422673970024,20.92344
3630,36.29,35.611785057847676,56.49894631273049,20.887161
3631,36.3,36.22993843531927,57.057483601334894,20.827545
3632,36.31,10.798596717030037,56.99078497996949,46.19219
3633,36.32,36.140883601624296,57.09267727227859,20.951794
3634,36.33,36.532582815924606,57.31944232825371,20.78686
3635,36.34,36.30854375286029,57.161927770804624,20.853384
3636,36.35,36.512321246189735,57.42287422470536,20.910553
3637,36.36,36.06479163858816,56.93883224222586,20.87404
3638,36.37,35.62543990811716,56.57930495938669,20.953865
3639,36.38,35.88521659000662,56.8130367956951,20.92782
3640,36.39,35.81461038181399,56.63555421421145,20.820944
3641,36.4,35.6460200288148,56.536206338629256,20.890186
3642,36.41,35.665225114303766,56.56245907731646,20.897234
3643,36.42,35.66843881574143,56.54842843976487,20.87999
3644,36.43,35.517989989852055,56.42778384361182,20.909794
3645,36.44,44.95870875701952,56.5256252227788,11.566916
3646,36.45,35.76802790318938,56.66391527806731,20.895887
3647,36.46,10.751400226874608,56.58504509381797,45.833645
3648,36.47,35.6109663812608,56.54429500980084,20.933329
3649,36.48,35.26549566856398,56.0997718679048,20.834276
3650,36.49,35.22845477775034,56.07648296073374,20.848028
3651,36.5,34.78498494700909,55.715690971179015,20.930706
3652,36.51,34.893017180678314,55.76896894764609,20.875952
3653,36.52,34.92054835108646,55.83889857081302,20.91835
3654,36.53,35.03216788036625,55.850346057246135,20.818178
3655,36.54,44.52578619035853,56.081531315175425,11.555745
3656,36.55,35.19930768482768,56.044200186658735,20.844893
3657,36.56,35.50471473747675,56.34867836052363,20.843964
3658,36.57,35.560880305097804,56.4603115337355,20.899431
3659,36.58,35.734090752104215,56.693536705473356,20.959446
3660,36.59,35.609674595757056,56.40304579631858,20.793371
3661,36.6,11.09697596482549,57.018095654766896,45.92112
3662,36.61,36.364237923356676,57.177292961808824,20.813055
3663,36.62,10.952940860131406,56.83484927687945,45.88191
3664,36.63,35.814311487049864,56.73778675255279,20.923475
3665,36.64,10.977862222794307,56.80816541493298,45.830303
3666,36.65,10.330871529114788,56.459518379700725,46.128647
3667,36.66,35.721783475569836,56.42597086875831,20.704187
3668,36.67,9.914101767136977,56.33775823076002,46.423656
3669,36.68,10.060629052321552,56.2776204768821,46.21699
3670,36.69,10.329689198135505,56.073139362930426,45.74345
3671,36.7,10.468477889423212,56.1056086267279,45.63713
3672,36.71,10.250836424995533,56.35081201093303,46.099976
3673,36.72,10.266783224642893,55.988775717318674,45.721992
3674,36.73,9.877060116795228,56.19063204672687,46.313572
3675,36.74,35.358465425597224,56.23176216326812,20.873297
3676,36.75,10.120180357187948,56.29042266675826,46.170242
3677,36.76,10.157498729263686,56.108731639419936,45.951233
3678,36.77,35.12549102182633,55.97646033640152,20.85097
3679,36.78,34.89828747193321,55.804018673105084,20.905731
3680,36.79,9.838412770077056,55.64659453277237,45.80818
3681,36.8,34.88383432995893,55.727330652590766,20.843496
3682,36.81,9.535582263900558,55.50975294871501,45.97417
3683,36.82,9.674601463713913,55.46112719003227,45.786526
3684,36.83,9.70078938527194,55.61208622975436,45.911297
3685,36.84,34.63140032470427,55.4833481091281,20.851948
3686,36.85,9.665351078674767,55.554625675842736,45.889275
3687,36.86,9.637236244727177,55.513022072363896,45.875786
3688,36.87,9.895416924362856,55.769100853806215,45.873684
3689,36.88,9.924056449309433,55.56001225985631,45.635956
3690,36.89,9.76338110111174,55.7524100317758,45.98903
3691,36.9,9.730405927762703,55.640272260770516,45.909866
3692,36.91,9.919150881723688,55.698615603403375,45.779465
3693,36.92,9.842141255442776,55.87313567072598,46.030994
3694,36.93,34.84587043979043,55.68576759555215,20.839897
3695,36.94,9.369324534008904,55.393997995922966,46.024673
3696,36.95,9.726994497957342,55.57207201260578,45.845078
3697,36.96,35.052769735719046,55.95409305420049,20.901323
3698,36.97,35.02333958219945,55.921117139572495,20.897778
3699,36.98,34.813601454636284,55.59605499162359,20.782454
3700,36.99,9.50409693326219,55.79195017422899,46.287853
3701,37.0,34.81696499902115,55.67750920373307,20.860544
3702,37.01,9.222474885457054,55.48965246724416,46.267178
3703,37.02,8.930507444895547,55.15975167707328,46.229244
3704,37.03,9.141097297251243,55.21060108143093,46.069504
3705,37.04,34.22718199972707,55.13448104147512,20.907299
3706,37.05,9.01505333302169,55.2835622441545,46.26851
3707,37.06,34.463643857600566,55.322841474177714,20.859198
3708,37.07,9.385667153153634,55.538358040604805,46.15269
3709,37.08,9.489905372502186,55.71606351459203,46.22616
3710,37.09,34.93933197691189,55.75080773069607,20.811476
3711,37.1,35.0015607272842,55.78974966161037,20.788189
3712,37.11,9.558273098568698,55.89022423992612,46.33195
3713,37.12,9.537482922910527,55.854247754453496,46.316765
3714,37.13,34.93870402640477,55.89126063651219,20.952557
3715,37.14,9.387087233961175,55.72173918098266,46.334652
3716,37.15,34.77389633832974,55.78408920942349,21.010193
3717,37.16,9.345625470153607,55.868364880554,46.52274
3718,37.17,35.13262482619509,56.11291047072634,20.980286
3719,37.18,35.22602508455305,56.199356535969066,20.973331
3720,37.19,10.435536235266532,56.28085026114544,45.845314
3721,37.2,35.33545865476305,56.273198980690786,20.93774
3722,37.21,9.903529820341632,56.012771305937335,46.10924
3723,37.22,35.151086188055025,56.06751952240561,20.916433
3724,37.23,34.939788404531896,55.86204487425846,20.922256
3725,37.24,9.60220244657068,55.83124068509607,46.22904
3726,37.25,10.034913333538405,55.88530090678059,45.850388
3727,37.26,34.96857463043503,55.8448983303862,20.876324
3728,37.27,34.70984541644506,55.543274752992915,20.83343
3729,37.28,34.52038430140798,55.37148713038747,20.851103
3730,37.29,34.844988601666905,55.66085316465519,20.815865
3731,37.3,34.724242576096195,55.637559302780765,20.913317
3732,37.31,10.091130094757652,55.70676501297054,45.615635
3733,37.32,34.539191678316925,55.4534620793179,20.91427
3734,37.33,9.919608367507507,55.72169424397235,45.802086
3735,37.34,34.66177550791456,55.499715723979016,20.83794
3736,37.35,34.39176726515172,55.22529006178258,20.833523
3737,37.36,8.864555769778825,54.9852527912632,46.120697
3738,37.37,34.131614470730085,55.03464868093516,20.903034
3739,37.38,9.260682665186394,55.212472521143425,45.95179
3740,37.39,34.62303536418077,55.46618073466417,20.843145
3741,37.4,9.51797303010811,55.645452583330766,46.12748
3742,37.41,9.94812057691071,55.86047409253571,45.912354
3743,37.42,9.834684751917713,55.89695968477904,46.062275
3744,37.43,34.98069677241926,55.80788717158918,20.82719
3745,37.44,34.58139768058844,55.5368629973609,20.955465
3746,37.45,10.055087520992465,56.074531032955356,46.019444
3747,37.46,10.54117118320201,56.33595191440318,45.79478
3748,37.47,10.294227756432555,56.31896225350287,46.024734
3749,37.48,35.324621857024034,56.12801617465099,20.803394
3750,37.49,35.28769655966503,56.144464214083975,20.856768
3751,37.5,10.113177559546465,55.92755057590389,45.814373
3752,37.51,35.01948263375125,55.8723268720325,20.852844
3753,37.52,34.65635382628299,55.441426152943144,20.785072
3754,37.53,43.65053656949031,55.26178935421932,11.611253
3755,37.54,34.512928174312044,55.45825211840384,20.945324
3756,37.55,34.810887116184055,55.55707814096433,20.746191
3757,37.56,34.18517606963128,55.12722700346917,20.94205
3758,37.57,34.72635586949535,55.61030514928051,20.88395
3759,37.58,9.09761268960618,55.39656288491868,46.29895
3760,37.59,34.77648109179685,55.66319221240232,20.886711
3761,37.6,34.74986827718987,55.54854190695061,20.798674
3762,37.61,34.696437276638946,55.497197545803985,20.80076
3763,37.62,34.89526499406234,55.82184923783675,20.926584
3764,37.63,35.15603274804699,55.92316836816418,20.767136
3765,37.64,9.649069886602106,55.93173513928765,46.282665
3766,37.65,9.714114159171352,56.042105644767055,46.32799
3767,37.66,35.059093533990406,55.944183408257985,20.88509
3768,37.67,35.05180391433268,55.864334431910805,20.81253
3769,37.68,35.38130038077775,56.20383112723771,20.82253
3770,37.69,35.34639477755514,56.15367436434713,20.80728
3771,37.7,35.34975224304401,56.239221389772524,20.88947
3772,37.71,35.63426694593767,56.442404839614426,20.808138
3773,37.72,35.52366817034576,56.387090564144586,20.863422
3774,37.73,35.36063029675897,56.26462771802362,20.903997
3775,37.74,35.61522732856876,56.49423657539493,20.87901
3776,37.75,35.58802028805905,56.37230487973385,20.784285
3777,37.76,35.6674627227278,56.480531112620376,20.813068
3778,37.77,35.69744839201109,56.52820362577574,20.830755
3779,37.78,35.52919637398664,56.39234029488508,20.863144
3780,37.79,35.63290636399135,56.50459520676479,20.871689
3781,37.8,35.469293157622765,56.299466650054406,20.830173
3782,37.81,35.311518030034556,56.21073182092811,20.899214
3783,37.82,35.411313887337634,56.322263594368884,20.91095
3784,37.83,35.76874324079252,56.62729426618314,20.858551
3785,37.84,35.632354246463024,56.49025295862123,20.857899
3786,37.85,35.79343995114885,56.70744523068986,20.914005
3787,37.86,35.549067578943365,56.48956593099415,20.940498
3788,37.87,44.87754339520942,56.495183890509715,11.6176405
3789,37.88,35.36299191629937,56.18592320597222,20.822931
3790,37.89,35.04373014488971,55.924791698844786,20.881062
3791,37.9,34.8010762836638,55.70648895761399,20.905413
3792,37.91,34.79947052633571,55.68862877523708,20.889158
3793,37.92,34.72084274488505,55.60270538526591,20.881863
3794,37.93,35.04614049426549,55.98721105090611,20.94107
3795,37.94,35.09392212706016,55.898287285141215,20.804365
3796,37.95,10.151720398380114,55.957323425723864,45.805603
3797,37.96,9.889200329574734,55.78003132322708,45.89083
3798,37.97,34.740172136447214,55.636915910861276,20.896744
3799,37.98,9.717357665703837,55.35341265837962,45.636055
3800,37.99,34.400079924159215,55.25972767501371,20.859648
3801,38.0,34.58815625600816,55.44536832265855,20.857212
3802,38.01,43.50460325676133,55.157542099534766,11.652939
3803,38.02,34.508842801787246,55.320963239409316,20.81212
3804,38.03,34.111053925403326,55.01038978660938,20.899336
3805,38.04,34.36000010833775,55.252622102356305,20.892622
3806,38.05,34.2729547455068,55.10981540224508,20.83686
3807,38.06,9.509618576963575,55.24352055450264,45.733902
3808,38.07,34.57619680611969,55.460559980558166,20.884363
3809,38.08,9.379542333270827,55.26449106373958,45.88495
3810,38.09,34.2985713098777,55.2275435541404,20.928972
3811,38.1,43.57920804304867,55.1870848206976,11.607877
3812,38.11,34.43046903424332,55.223439691591956,20.79297
3813,38.12,34.48421268831197,55.310130885943806,20.825918
3814,38.13,9.696247176158543,55.453159407603856,45.756912
3815,38.14,34.834633307394945,55.68182988637444,20.847197
3816,38.15,35.24786585643523,56.14828699901336,20.900421
3817,38.16,10.097527166466826,56.212944646935576,46.115417
3818,38.17,35.770316219475674,56.63761053099911,20.867294
3819,38.18,36.0849409430054,56.91198638367923,20.827045
3820,38.19,10.803805691815818,56.77230010709902,45.968494
3821,38.2,36.11448957245714,56.90144635956651,20.786957
3822,38.21,36.01545274274971,56.927602172071,20.91215
3823,38.22,11.279649865144506,57.04610646914841,45.766457
3824,38.23,36.285973887437,57.188828806870596,20.902855
3825,38.24,36.36191345737406,57.14001823947855,20.778105
3826,38.25,36.236561578288516,57.15067939139887,20.914118
3827,38.26,36.19453457242442,57.128387721838486,20.933853
3828,38.27,11.307716221877364,56.94292053706291,45.635204
3829,38.28,36.06260348474818,56.914467345832165,20.851864
3830,38.29,36.24806905686597,57.16807104050855,20.920002
3831,38.3,36.20146983604776,57.10295909386026,20.90149
3832,38.31,36.14449753531896,57.004479072184196,20.859982
3833,38.32,36.30009259439539,57.13762082315515,20.837528
3834,38.33,36.15103766521055,57.09148833354551,20.94045
3835,38.34,36.197545582948806,57.0183578082906,20.820812
3836,38.35,11.079718940985508,56.9709771807316,45.89126
