frame,time_ns,height,com_z,surface_z
900,8.99,10.933845294016365,57.182346117990974,46.2485
901,9.0,11.004909224240834,57.27577180358654,46.270863
902,9.01,11.084273821372832,57.399684435386504,46.31541
903,9.02,11.121954034628587,57.303640435995774,46.181686
904,9.03,10.909431739744683,57.21118573754742,46.301754
905,9.04,11.044968964663894,57.224255921451004,46.179287
906,9.05,11.35331510489516,57.46670698111586,46.11339
907,9.06,11.244652811986413,57.38671976755282,46.142067
908,9.07,11.397976926112804,57.64049249007765,46.242516
909,9.08,11.524885810922818,57.780329383920865,46.255444
910,9.09,11.240675384018637,57.627623015854574,46.386948
911,9.1,10.980811405782084,57.272723484639506,46.291912
912,9.11,11.079870244294725,57.3587589466873,46.27889
913,9.12,11.061817433174248,57.28321483307659,46.221397
914,9.13,10.858450905873774,57.185797707631586,46.327347
915,9.14,10.89158020368238,57.124250034004646,46.23267
916,9.15,10.624724708288994,56.96923764774212,46.344513
917,9.16,10.682097622052169,56.91040343870256,46.228306
918,9.17,10.692279700229044,56.89331806082475,46.20104
919,9.18,11.111918124369843,57.12008157651828,46.008163
920,9.19,10.895963605352911,57.11977952332166,46.223816
921,9.2,11.3285063396809,57.36356340755199,46.035057
922,9.21,11.01209256858585,57.271766640851475,46.259674
923,9.22,11.324631284282525,57.40658242563995,46.08195
924,9.23,11.002249512293105,57.10081366024232,46.098564
925,9.24,10.865568949651426,57.22392161078424,46.358353
926,9.25,10.846802015731903,56.96060969395456,46.113808
927,9.26,10.454349864017836,56.6040118818401,46.149662
928,9.27,10.609991864455154,56.909464673293044,46.299473
929,9.28,10.74928132134741,56.99582139092749,46.24654
930,9.29,10.826989126878587,56.90595717497429,46.078968
931,9.3,10.375248019113634,56.54382330597887,46.168575
932,9.31,10.752470482925837,56.95558403883404,46.203114
933,9.32,10.813626428989657,56.937634607700595,46.12401
934,9.33,10.842003694216558,57.127442231814214,46.28544
935,9.34,10.824795486024328,57.00328517108292,46.17849
936,9.35,10.995721210061042,57.07971321445557,46.083992
937,9.36,10.756678011268505,56.906580355018505,46.149902
938,9.37,10.613077499252505,56.66817317185993,46.055096
939,9.38,10.85191301244462,56.94514802831376,46.093235
940,9.39,11.369795536264128,57.50291321204538,46.133118
941,9.4,11.413194297319329,57.505429862504876,46.092236
942,9.41,11.469536668546581,57.61242759872236,46.14289
943,9.42,11.594916176085505,57.69694788384918,46.10203
944,9.43,11.673898596515869,57.81845273469946,46.144554
945,9.44,11.456164144077512,57.531496785679074,46.075333
946,9.45,11.439290340478856,57.62936144643589,46.19007
947,9.46,11.550183625982946,57.540479036139196,45.990295
948,9.47,11.77964705851847,57.67043990519816,45.890793
949,9.48,11.500083154874268,57.53765029354614,46.037567
950,9.49,11.509380625003352,57.50752668213226,45.998146
951,9.5,11.40769742471609,57.59586118204031,46.188164
952,9.51,11.459838849454854,57.569927197843526,46.11009
953,9.52,11.593324797930087,57.61731924373087,46.023994
954,9.53,11.740974970527155,57.79690606183575,46.05593
955,9.54,11.801426928737975,57.79518226931415,45.993755
956,9.55,11.846986394317874,57.775373082550296,45.928387
957,9.56,11.938506347566616,57.91084597769357,45.97234
958,9.57,11.679186860288404,57.72494796868684,46.04576
959,9.58,11.929650673644247,58.048009285704794,46.11836
960,9.59,12.153126323394439,58.00648554580655,45.85336
961,9.6,11.918827380888843,58.09976991628923,46.180943
962,9.61,32.192083202755526,58.294967495358065,26.102884
963,9.62,12.071651100043873,58.17766153705559,46.10601
964,9.63,12.226022625600038,58.29969205919379,46.07367
965,9.64,32.04776696250949,58.03125123069797,25.983484
966,9.65,12.240051346359614,58.224529343185786,45.984478
967,9.66,12.421402262685135,58.54964857005818,46.128246
968,9.67,32.713642883845644,58.634949493953066,25.921307
969,9.68,12.731744391203947,58.8071228091727,46.07538
970,9.69,12.512257760525934,58.60178870535015,46.08953
971,9.7,12.788025317635316,58.88801616236188,46.09999
972,9.71,13.09039333281084,59.358246116013966,46.267853
973,9.72,33.305281704165516,59.17211825201708,25.866837
974,9.73,32.90824760118481,59.05401862779614,26.145771
975,9.74,33.15143905284048,59.08132110240103,25.929882
976,9.75,12.851702284138618,58.77796037129682,45.926258
977,9.76,12.852774254026777,58.91646825427092,46.063694
978,9.77,12.667387755690115,58.74070242243816,46.073315
979,9.78,12.686013024446098,58.70071105301055,46.014698
980,9.79,12.336947036262849,58.430029464241365,46.093082
981,9.8,12.225948263485328,58.38273613579978,46.156788
982,9.81,12.429059954354159,58.41209981031119,45.98304
983,9.82,32.368169006355856,58.246552642830466,25.878384
984,9.83,11.787106066251305,57.97979786922982,46.19269
985,9.84,31.96157875211403,57.83191337735817,25.870335
986,9.85,32.09647318539774,57.983329264499304,25.886856
987,9.86,31.744068876446043,57.88084866160229,26.13678
988,9.87,32.17069228674338,58.06696303869651,25.89627
989,9.88,32.20684449207858,58.19673745167331,25.989893
990,9.89,12.259747194383834,58.327095674608444,46.06735
991,9.9,12.160116732283896,58.09879165904171,45.938675
992,9.91,12.0848778483074,58.20002448527029,46.115147
993,9.92,32.251790577608354,58.23804813070894,25.986258
994,9.93,32.32386863908972,58.20452583513464,25.880657
995,9.94,32.00055536893968,58.16401514677171,26.16346
996,9.95,11.85746653821542,58.058005173469326,46.20054
997,9.96,32.06889148313193,57.99759097654013,25.9287
998,9.97,32.21722574670248,58.08527155358725,25.868046
999,9.98,32.333334348162744,58.26393546815786,25.930601
1000,9.99,32.792029120957096,58.693258979355534,25.90123
1001,10.0,12.72745840732538,58.73808615390741,46.010628
1002,10.01,12.498273487028229,58.62662660592471,46.128353
1003,10.02,32.721752210589415,58.71454052540875,25.992788
1004,10.03,12.652962468236225,58.56685330685927,45.91389
1005,10.04,32.555764244192915,58.56535248577006,26.009588
1006,10.05,32.57732768250226,58.51729197693585,25.939964
1007,10.06,12.572242976371548,58.408321620170376,45.83608
1008,10.07,32.39216393132293,58.39821785588348,26.006054
1009,10.08,32.44634741332612,58.49602621581636,26.049679
1010,10.09,12.521472727964529,58.54166392059148,46.02019
1011,10.1,12.702238724435496,58.60462825080268,45.90239
1012,10.11,12.023617854424174,58.11464797527378,46.09103
1013,10.12,32.40338266069217,58.438342453782994,26.03496
1014,10.13,32.30798810710259,58.2826737760479,25.974686
1015,10.14,12.156610181758651,58.15999381823326,46.003384
1016,10.15,12.086094080103123,58.09090822805234,46.004814
1017,10.16,11.924222925377109,58.09897420711539,46.17475
1018,10.17,31.95844743710372,57.94338319760177,25.984936
1019,10.18,32.39988079569616,58.442979245403194,26.043098
1020,10.19,12.686251867504808,58.736590612621995,46.05034
1021,10.2,33.05335945798239,58.951203772557584,25.897844
1022,10.21,13.06477171227398,59.132185042352106,46.067413
1023,10.22,12.82174513287871,58.847166275456836,46.02542
1024,10.23,32.865018782956724,58.98344224487079,26.118423
1025,10.24,12.960617389004511,58.89262803963928,45.93201
1026,10.25,32.5698995309417,58.54996964507744,25.98007
1027,10.26,12.579160732360926,58.57456020745858,45.9954
1028,10.27,32.78018497249431,58.632733571737475,25.852549
1029,10.28,32.8444729679951,58.72450455368846,25.880032
1030,10.29,12.63441250293414,58.76848766772906,46.134075
1031,10.3,13.041597172725474,59.0435693712118,46.001972
1032,10.31,12.724443437425947,58.85959816154704,46.135155
1033,10.32,47.23195709581907,58.68128265734251,11.449326
1034,10.33,12.839023314213037,58.57355471680093,45.73453
1035,10.34,12.898085904934746,58.83994228921209,45.941856
1036,10.35,12.908811235896806,58.84344639825032,45.934635
1037,10.36,12.899852445631645,58.78984420588555,45.88999
1038,10.37,32.59316489054078,58.53234907938355,25.939184
1039,10.38,12.666106069671308,58.67948802767912,46.013382
1040,10.39,47.140941921981685,58.672873799117916,11.531932
1041,10.4,46.71013167812441,58.38471225216006,11.674581
1042,10.41,32.33044340908645,58.30348112881301,25.973038
1043,10.42,32.32530937311844,58.298257447459264,25.972948
1044,10.43,32.65640856611018,58.67744471418147,26.021036
1045,10.44,32.38237070644075,58.499857660176104,26.117487
1046,10.45,32.278992138778946,58.37528081980922,26.096289
1047,10.46,12.338846312133363,58.315580473510316,45.976734
1048,10.47,32.548503144517426,58.4039356548934,25.855433
1049,10.48,32.57848814821059,58.501948154924456,25.92346
1050,10.49,32.17337060203007,58.32799363364628,26.154623
1051,10.5,32.667254796785,58.547953954499846,25.8807
1052,10.51,32.71543448346662,58.827590397773264,26.112156
1053,10.52,32.622540693722115,58.648242216549264,26.025702
1054,10.53,32.55087671410931,58.61735925805462,26.066483
1055,10.54,32.76365661275924,58.830797191982874,26.06714
1056,10.55,12.60909994474951,58.68719824186865,46.0781
1057,10.56,12.433342848025354,58.49482050915817,46.061478
1058,10.57,12.522007305859638,58.52573045039089,46.003723
1059,10.58,32.77521226700878,58.80502031144238,26.029808
1060,10.59,12.771030763829415,58.78912768765754,46.018097
1061,10.6,12.557000013692758,58.599533888204476,46.042534
1062,10.61,12.633481988320476,58.64944268167985,46.01596
1063,10.62,12.654721503728261,58.589349036687246,45.934628
1064,10.63,12.697735964847382,58.72729605395871,46.02956
1065,10.64,12.780655428929094,58.811512515110735,46.030857
1066,10.65,32.97836492830476,59.01978872591218,26.041424
1067,10.66,12.772317302627634,58.787663829727244,46.015347
1068,10.67,13.18271311659204,59.01803263563501,45.83532
1069,10.68,12.84076069977143,58.7497992434726,45.90904
1070,10.69,13.17327261632201,59.05051184361693,45.87724
1071,10.7,32.73197258831856,58.63997925640938,25.908007
1072,10.71,32.83033391380079,58.7079908504463,25.877657
1073,10.72,32.32987012276998,58.59248914132467,26.262619
1074,10.73,12.845901886984791,58.82919732765862,45.983295
1075,10.74,32.76818862393228,58.76648726895181,25.998299
1076,10.75,32.81094021781023,58.80723423941667,25.996294
1077,10.76,12.809552368232168,58.882203277656,46.07265
1078,10.77,12.874064227027404,58.87954213230084,46.005478
1079,10.78,12.904554644527103,58.83273915380445,45.928185
1080,10.79,32.73813494964461,58.63006839080672,25.891933
1081,10.8,12.848200626788284,58.77043039363399,45.92223
1082,10.81,12.949202552239058,58.923464789787886,45.974262
1083,10.82,13.0279068121121,59.13161698667265,46.10371
1084,10.83,32.8328521342862,58.8683688731778,26.035517
1085,10.84,33.05512140021828,59.12126252875832,26.066141
1086,10.85,13.291902715869277,59.18240183085951,45.8905
1087,10.86,12.793766435034932,58.84089320505446,46.047127
1088,10.87,33.35556216062673,59.27921099485525,25.923649
1089,10.88,12.794648254815648,58.76730450481565,45.972656
1090,10.89,12.496225141219377,58.50777222984242,46.011547
1091,10.9,12.51757346484272,58.38578330370991,45.86821
1092,10.91,12.660017683284195,58.569861128108414,45.909843
1093,10.92,12.681238126100048,58.5223636143813,45.841125
1094,10.93,13.14458848144703,59.18482972290211,46.04024
1095,10.94,32.85519485971511,58.850348286839136,25.995153
1096,10.95,32.548247650886466,58.44721157910912,25.898964
1097,10.96,12.405280624829118,58.50350145002443,46.09822
1098,10.97,12.514799444481199,58.618109075828855,46.10331
1099,10.98,32.85587145943212,58.659143706746576,25.803272
1100,10.99,32.53367987612721,58.57439795474049,26.040718
1101,11.0,32.52060213995991,58.44438258124409,25.92378
1102,11.01,32.737863903491714,58.6965335659673,25.95867
1103,11.02,12.616795398184351,58.611874438711695,45.99508
1104,11.03,32.261777487278025,58.205100622654,25.943323
1105,11.04,32.81397627996506,58.79883193182053,25.984856
1106,11.05,32.9387727166882,58.90789083497433,25.969118
1107,11.06,32.790786837448955,58.90774164091575,26.116955
1108,11.07,12.997196450589406,58.88257624184917,45.88538
1109,11.08,13.002938042911076,59.04171825531342,46.03878
1110,11.09,12.80468202582022,58.69669939032217,45.892017
1111,11.1,33.16979260045504,58.96412701207613,25.794334
1112,11.11,32.9707353578414,59.08078937395468,26.110054
1113,11.12,33.26504551707026,59.3125156098437,26.04747
1114,11.13,33.21414349091206,59.23852322113667,26.02438
1115,11.14,13.534453738487557,59.473986972130135,45.939533
1116,11.15,33.41904103304748,59.33873402621154,25.919693
1117,11.16,33.385762239086816,59.3138094192626,25.928047
1118,11.17,13.43374076412718,59.40419211910765,45.97045
1119,11.18,13.369411572087955,59.483337505925846,46.113926
1120,11.19,33.667895797591925,59.548348907333136,25.880453
1121,11.2,33.28073568366516,59.34430379889954,26.063568
1122,11.21,13.537078481281746,59.32090721663331,45.78383
1123,11.22,13.463857692195411,59.34401134820127,45.880154
1124,11.23,33.4185681119638,59.423149563379816,26.004581
1125,11.24,13.60737760901533,59.51127394080244,45.903896
1126,11.25,33.56284811004857,59.52575017914037,25.962902
1127,11.26,13.353152084375012,59.39655570986329,46.043404
1128,11.27,13.46448133813648,59.29426954614429,45.82979
1129,11.28,13.645762148964934,59.64045590506845,45.994694
1130,11.29,33.679260799856124,59.608719418020186,25.929459
1131,11.3,33.68703420252304,59.55396421045761,25.86693
1132,11.31,13.876055597703854,59.83424270097534,45.958187
1133,11.32,24.370075464342825,59.70730233201861,35.337227
1134,11.33,13.542733980499783,59.81541235574392,46.27268
1135,11.34,13.833522939109116,59.77825941982201,45.944736
1136,11.35,13.534712842736575,59.659171155724856,46.12446
1137,11.36,33.97226522689163,59.81434820418655,25.842083
1138,11.37,34.31285636745729,60.21236198269167,25.899506
1139,11.38,33.90723427162349,60.000454028703565,26.09322
1140,11.39,13.809308230510332,59.69708365165291,45.887775
1141,11.4,33.364061694607834,59.227262835965256,25.863201
1142,11.41,13.255975289100398,59.30722574686407,46.05125
1143,11.42,33.25129659521172,59.17479284154961,25.923496
1144,11.43,13.382604612669333,59.27615930016933,45.893555
1145,11.44,33.19541272048845,59.13951023940935,25.944098
1146,11.45,13.135453634567476,58.8995336821749,45.76408
1147,11.46,32.85909822271236,58.956098344782674,26.097
1148,11.47,33.33798338109805,59.22460867101504,25.886625
1149,11.48,12.476425741746233,58.43244609697084,45.95602
1150,11.49,32.868072188482316,58.731876052007706,25.863804
1151,11.5,32.848784500481244,58.709075027824994,25.86029
1152,11.51,12.70122713413793,58.838762229352774,46.137535
1153,11.52,12.925138318630317,58.846326673122505,45.92119
1154,11.53,32.90932406856919,58.96448077633286,26.055157
1155,11.54,33.09077150922785,59.144202066478826,26.05343
1156,11.55,13.097766359448514,59.24723001301297,46.149464
1157,11.56,13.656518236703462,59.62694670350034,45.97043
1158,11.57,13.373175355793592,59.390124055744764,46.01695
1159,11.58,13.801221166843945,59.68190125107246,45.88068
1160,11.59,13.826124828321909,59.69025675581214,45.864132
1161,11.6,13.47803637915279,59.47541186743404,45.997375
1162,11.61,33.55339862170806,59.510920060306695,25.957521
1163,11.62,13.949946706427376,59.78107768787269,45.83113
1164,11.63,14.022008814204945,59.787992395747914,45.765984
1165,11.64,33.71375665147299,59.70770463426108,25.993948
1166,11.65,33.60154114161029,59.49768791590228,25.896147
1167,11.66,13.764591864485567,59.79224841966135,46.027657
1168,11.67,13.969309523623757,59.891394331973366,45.922085
1169,11.68,14.048212453252965,60.07614366663187,46.02793
1170,11.69,13.592920296689627,59.614030831357596,46.02111
1171,11.7,14.001482611809784,59.928091651116425,45.92661
1172,11.71,33.9009941787746,59.81722533417011,25.916231
1173,11.72,13.677454156523787,59.644323510771834,45.96687
1174,11.73,13.474743565003536,59.460068424622676,45.985325
1175,11.74,13.448698349716828,59.42583305430667,45.977135
1176,11.75,33.38479334606134,59.29703623546564,25.912243
1177,11.76,13.678673593349906,59.56409534627959,45.88542
1178,11.77,38.61243895052484,59.52974966524652,20.91731
1179,11.78,13.782780942034854,59.6649449434997,45.882164
1180,11.79,33.456058420111916,59.2694815768502,25.813423
1181,11.8,13.359651109805611,59.295865556827096,45.936214
1182,11.81,13.260837115224767,59.03876069920914,45.777924
1183,11.82,12.917892140208686,59.02206770783564,46.104176
1184,11.83,13.324397492306545,59.087344574826076,45.762947
1185,11.84,12.406078050308878,58.453948686295206,46.04787
1186,11.85,12.508032234709333,58.54079285482652,46.03276
1187,11.86,12.324959923913724,58.34357183187271,46.018612
1188,11.87,12.51463647065713,58.261424495559474,45.746788
1189,11.88,12.254452520804833,58.18013840337319,45.925686
1190,11.89,12.227409898979367,58.03740745757312,45.809998
1191,11.9,22.778185236804426,58.11693416868919,35.33875
1192,11.91,12.616281837467326,58.63293299103178,46.01665
1193,11.92,11.871315834777924,57.819889900940034,45.948574
1194,11.93,12.116132490969278,58.02619337353764,45.91006
1195,11.94,12.14862736949837,58.07227238902962,45.923645
1196,11.95,12.708286037450463,58.59142278671804,45.883137
1197,11.96,31.768343497015188,57.88010649750347,26.111763
1198,11.97,31.79301453887647,57.772680295102056,25.979666
1199,11.98,11.901073387502088,57.803855827687634,45.902782
1200,11.99,12.064056370542595,57.887149784849235,45.823093
1201,12.0,12.140632449800194,58.1590307347123,46.0184
1202,12.01,12.23385391448182,58.25133667205018,46.017483
1203,12.02,12.473393884965681,58.55142351753404,46.07803
1204,12.03,13.066188476579981,59.030559204119044,45.96437
1205,12.04,12.526496688709337,58.62536219774254,46.098866
1206,12.05,32.6191864151979,58.521057142736964,25.90187
1207,12.06,12.430723774970325,58.412352192939075,45.98163
1208,12.07,12.76230702832433,58.568699698002064,45.806393
1209,12.08,12.1788354812604,58.27971133575259,46.100876
1210,12.09,13.169445761079878,58.917755850191206,45.74831
1211,12.1,12.393870191717,58.286703901433796,45.892834
1212,12.11,13.613916164910371,59.35799956945139,45.744083
1213,12.12,13.175963877273276,59.24272107942171,46.066757
1214,12.13,13.277274998055198,59.09855643116067,45.82128
1215,12.14,12.964516831562513,58.982293320820325,46.017776
1216,12.15,12.168429200180832,58.06745034886247,45.89902
1217,12.16,12.240073673314932,58.18371915060985,45.943645
1218,12.17,12.88121259493235,58.96612775606516,46.084915
1219,12.18,12.053558834647674,58.04959536418869,45.996037
1220,12.19,12.211262027095579,58.13674573070886,45.925484
1221,12.2,12.310455404203303,58.05480965225018,45.744354
1222,12.21,12.20179058211798,58.21609188216681,46.0143
1223,12.22,12.008196390450884,58.12209943610518,46.113903
1224,12.23,12.159228366865307,58.28447632218757,46.125248
1225,12.24,11.8828620097376,58.152763285372366,46.2699
1226,12.25,11.817237748467257,57.938140763603975,46.120903
1227,12.26,12.213645880584075,58.057464545134856,45.84382
1228,12.27,11.953411564632574,57.96801804046265,46.014606
1229,12.28,11.920503920666505,58.24870139991455,46.328197
1230,12.29,12.091298100372832,58.15901279153494,46.067715
1231,12.3,13.040081692731292,58.85160894492856,45.811527
1232,12.31,12.194768431305334,58.11888647329752,45.924118
1233,12.32,12.577120875776714,58.39293584770054,45.815815
1234,12.33,12.413081901830672,58.42120339230919,46.00812
1235,12.34,12.703374199708861,58.5930073784198,45.889633
1236,12.35,12.462438886499335,58.31459647927277,45.852158
1237,12.36,12.159697473519294,58.376292169564216,46.216595
1238,12.37,12.067161009178179,58.30688040004732,46.23972
1239,12.38,13.127520607272523,59.112425850192444,45.984905
1240,12.39,12.476680683152942,58.61349098588732,46.13681
1241,12.4,12.536199769329095,58.48177929813769,45.94558
1242,12.41,12.282832974287366,58.31911837467799,46.036285
1243,12.42,12.419597712977513,58.48859032772361,46.068993
1244,12.43,12.725268445140024,58.60050877106776,45.87524
1245,12.44,12.699390209508906,58.52889994461633,45.82951
1246,12.45,12.868060495661886,58.84951725225368,45.981457
1247,12.46,12.318805439466388,58.206580860608966,45.887775
1248,12.47,12.181856192813477,58.3435192482334,46.161663
1249,12.48,12.309296145245469,58.38912250022594,46.079826
1250,12.49,12.532919761518656,58.51063048539561,45.97771
1251,12.5,12.440284748828887,58.242889424121856,45.802605
1252,12.51,12.424027212618242,58.17007900094832,45.74605
1253,12.52,13.13894932268029,58.90230457780724,45.763355
1254,12.53,12.01427955306633,58.03738898910149,46.02311
1255,12.54,12.310050522530773,58.3194690100796,46.00942
1256,12.55,12.480450761319752,58.34193910360491,45.86149
1257,12.56,12.214953834686384,58.40216773239146,46.187214
1258,12.57,12.052577585914506,58.31881675217427,46.26624
1259,12.58,12.494001276538604,58.331865198657745,45.837864
1260,12.59,12.567358872702535,58.477969071677144,45.91061
1261,12.6,12.403895132867937,58.34223055156911,45.938335
1262,12.61,12.368268327055873,58.45420582705587,46.085938
1263,12.62,12.376738274511204,58.59630080502878,46.219563
1264,12.63,12.142753732969588,58.30497754888756,46.162224
1265,12.64,12.725353493145946,58.55153681223774,45.826183
1266,12.65,12.593960241069034,58.463352636088565,45.869392
1267,12.66,12.007659336232365,57.89663257231635,45.888973
1268,12.67,11.52011567879795,57.66734773446201,46.147232
1269,12.68,11.500178027493241,57.66556804214168,46.16539
1270,12.69,11.500950267807312,57.544331005112,46.04338
1271,12.7,11.892807987107204,57.96878912724392,46.07598
1272,12.71,12.11795370875361,57.91615240870478,45.7982
1273,12.72,11.899861404397761,57.888627120950495,45.988766
1274,12.73,11.929561194687892,57.95128208091836,46.02172
1275,12.74,11.773947982841356,57.65483024602495,45.880882
1276,12.75,11.67195128951711,57.81288146529836,46.14093
1277,12.76,12.095142334407065,58.00452420086214,45.90938
1278,12.77,11.82136449395567,58.06716832696348,46.245804
1279,12.78,11.553182241278563,57.69558107550708,46.1424
1280,12.79,11.52284772349639,57.71508939219756,46.19224
1281,12.8,11.843422197274421,57.712158464364265,45.868736
1282,12.81,11.11643138451553,57.35602870507217,46.239597
1283,12.82,11.395169082630282,57.4734695587045,46.0783
1284,12.83,11.553750626170668,57.611249558055434,46.0575
1285,12.84,11.22486317766878,57.21972096575472,45.994858
1286,12.85,11.301072668808956,57.35415036656286,46.053078
1287,12.86,11.498944156021054,57.471180789321835,45.972237
1288,12.87,11.66387986659732,57.497284407612945,45.833405
1289,12.88,11.624742634117084,57.42393315535732,45.79919
1290,12.89,11.013900284946573,57.34885359305204,46.334953
1291,12.9,11.565157317008563,57.47248306163747,45.907326
1292,12.91,11.317488475612045,57.267622752955795,45.950134
1293,12.92,11.199202296524632,57.0551516983801,45.85595
1294,12.93,11.03622304073145,57.20023976436426,46.164017
1295,12.94,11.047602951019769,57.158881484955316,46.11128
1296,12.95,11.42346514776414,57.27802981451219,45.854565
1297,12.96,11.33900452292172,57.31599426901547,45.97699
1298,12.97,11.336869790946928,57.41503675261685,46.078167
1299,12.98,11.598792897013183,57.58003221586084,45.98124
1300,12.99,11.27150447057722,57.30228526281355,46.03078
1301,13.0,11.276935941418863,57.23180425806925,45.95487
1302,13.01,10.949901069911327,57.08291956356367,46.13302
1303,13.02,11.239087003627084,57.22314156905677,45.984055
1304,13.03,10.956321531267548,56.999023252458954,46.0427
1305,13.04,11.190223363420031,56.997714665910266,45.80749
1306,13.05,10.901250365571713,56.920804503755306,46.019554
1307,13.06,10.896564011724195,56.71013212695857,45.81357
1308,13.07,10.61164791442355,56.66821987487277,46.056572
1309,13.08,11.032193721529524,56.85798412680296,45.82579
1310,13.09,10.895624707066979,56.88141877444979,45.985794
1311,13.1,10.92427015825244,57.064246659717284,46.139977
1312,13.11,10.7398483367608,56.76587601620416,46.026028
1313,13.12,10.87427997284751,56.694100376900245,45.81982
1314,13.13,10.844602065319116,56.66992707752615,45.825325
1315,13.14,10.301838881635653,56.34555149760245,46.043713
1316,13.15,10.046730562509168,56.21840338355409,46.171673
1317,13.16,9.963771775915099,56.26787562723346,46.304104
1318,13.17,10.585735229591492,56.49299230966962,45.907257
1319,13.18,10.576474846544578,56.62640923375161,46.049934
1320,13.19,10.71491390103499,56.86242061490218,46.147507
1321,13.2,10.602093051814045,56.52613479986092,45.92404
1322,13.21,10.570051406797717,56.47645780938561,45.906406
1323,13.22,10.622500833525578,56.61258262063495,45.99008
1324,13.23,10.559683815964362,56.67473508549561,46.11505
1325,13.24,10.512083432706255,56.48757018807735,45.975487
1326,13.25,10.71139623113978,56.57236958929408,45.860973
1327,13.26,10.800656023890667,56.67607182589262,45.875416
1328,13.27,10.761552495952202,56.779790563579155,46.018238
1329,13.28,10.772327895864862,56.84743165563049,46.075104
1330,13.29,10.875085130137975,56.99982191602665,46.124737
1331,13.3,11.108905337076536,57.269752047281614,46.160847
1332,13.31,11.219949945180666,57.37050460216309,46.150555
1333,13.32,11.746008422597939,57.833822753652626,46.087814
1334,13.33,11.251057417181016,57.420246870306016,46.16919
1335,13.34,11.51181807978471,57.40065017206987,45.888832
1336,13.35,11.237805545159588,57.37476462108732,46.13696
1337,13.36,11.373954901545005,57.41916287883993,46.045208
1338,13.37,11.530441699748941,57.41568034720988,45.88524
1339,13.38,11.665256746151783,57.51977945122991,45.854523
1340,13.39,11.547830912476151,57.60753473938045,46.059704
1341,13.4,11.16717637306791,57.41137040382963,46.244194
1342,13.41,11.007066775331111,57.06899838543853,46.06193
1343,13.42,11.140222603803856,57.05941968632339,45.919197
1344,13.43,11.507599270294314,57.377636349151736,45.870037
1345,13.44,11.304311632644932,57.48419368220548,46.179882
1346,13.45,11.510929400597398,57.58730726924974,46.076378
1347,13.46,11.677353407933538,57.82234242160541,46.14499
1348,13.47,12.163270704845061,57.92506956348764,45.7618
1349,13.48,11.821147978647097,58.07017523084436,46.249027
1350,13.49,11.438773345824302,57.626017761107505,46.187244
1351,13.5,11.579751804109712,57.599244907137056,46.019493
1352,13.51,11.717320424312184,57.54032991527898,45.82301
1353,13.52,11.352895616867066,57.57694423136902,46.22405
1354,13.53,11.644959027861447,57.60780387649426,45.962845
1355,13.54,11.374638897360953,57.625501018942984,46.250862
1356,13.55,11.908763052560005,57.76068031940571,45.851917
1357,13.56,11.71341750394717,57.84850737821475,46.13509
1358,13.57,11.976006950755874,58.05483004035548,46.078823
1359,13.58,12.187841002121722,58.04781872428969,45.859978
1360,13.59,12.0771570087906,58.10879229321443,46.031635
1361,13.6,12.120608734176997,57.96135656742895,45.840748
1362,13.61,11.72992462781,57.78047699597406,46.050552
1363,13.62,11.473695391341622,57.5763031183924,46.102608
1364,13.63,11.620965670983026,57.593457889000604,45.972492
1365,13.64,11.687502577411664,57.64706678639604,45.959564
1366,13.65,11.756900882201862,57.786247348266315,46.029346
1367,13.66,11.466251086325485,57.58600587758525,46.119755
1368,13.67,11.44210071078573,57.600212283051356,46.15811
1369,13.68,11.916451608837953,57.67130771845709,45.754856
1370,13.69,11.418896266446225,57.64085824154388,46.221962
1371,13.7,11.845744021942565,57.718050845673034,45.872307
1372,13.71,11.700855558222976,57.87537032873079,46.174515
1373,13.72,12.312254010487266,58.16603666429586,45.853783
1374,13.73,11.957345006150682,57.896847722215135,45.939503
1375,13.74,12.267427555695498,58.23893176712128,45.971504
1376,13.75,12.033292416505283,58.08494723217911,46.051655
1377,13.76,11.917467295753568,58.02931421958169,46.111847
1378,13.77,12.107977654815542,58.07794835794054,45.96997
1379,13.78,11.711559286931987,57.92564772687339,46.21409
1380,13.79,11.938858636935251,57.828224786837595,45.889366
1381,13.8,12.070616081507659,57.914743736536956,45.844128
1382,13.81,12.107235464851847,57.93009236792802,45.822857
1383,13.82,12.064056283667156,58.1048010651613,46.040745
1384,13.83,11.799478317614067,57.833852554674614,46.034374
1385,13.84,11.763344239448344,58.02316327021006,46.25982
1386,13.85,11.753957998474831,57.65028978558421,45.89633
1387,13.86,11.767586768402083,57.72370249105833,45.956116
1388,13.87,11.311776158494375,57.60010242192211,46.288326
1389,13.88,11.949432123171064,57.79637121008513,45.84694
1390,13.89,11.795622531017273,57.87553662403485,46.079914
1391,13.9,11.59046066797491,57.83568085230108,46.24522
1392,13.91,11.97354397527831,57.8637264703955,45.890182
1393,13.92,11.775509229048296,57.71060596977095,45.935097
1394,13.93,11.929082354341766,57.86089464071872,45.931812
1395,13.94,12.011543406346135,57.907486094334416,45.895943
1396,13.95,12.088960139934493,57.8699431111259,45.780983
1397,13.96,12.076295755671019,57.9221781714425,45.845882
1398,13.97,11.822597509159827,57.94890213562467,46.126305
1399,13.98,11.768700884280506,57.90253953784496,46.13384
1400,13.99,12.003916956040236,58.250716425034376,46.2468
1401,14.0,12.383137300022234,58.26908166647731,45.885944
1402,14.01,12.476256906077708,58.492171823069896,46.015915
1403,14.02,12.633762010895794,58.64991343911845,46.01615
1404,14.03,12.505284416754563,58.43798934229167,45.932705
1405,14.04,12.389917252001915,58.40858256572262,46.018665
1406,14.05,12.395433791126244,58.522421248401635,46.126987
1407,14.06,12.501171062981804,58.45780558446618,45.956635
1408,14.07,12.355054698112198,58.498620829703995,46.143566
1409,14.08,12.483381795214576,58.439356374072,45.955975
1410,14.09,12.346759710336606,58.4578551388034,46.111095
1411,14.1,12.42649275711247,58.39030653885075,45.963814
1412,14.11,12.217887748498072,58.452060569542994,46.234173
1413,14.12,12.321324142058636,58.40377119406059,46.082447
1414,14.13,12.57135638701584,58.56178149687912,45.990425
1415,14.14,12.226643858330057,58.445283232109354,46.21864
1416,14.15,12.147174613075954,58.20825936039041,46.061085
1417,14.16,12.033849571705645,58.142404411793535,46.108555
1418,14.17,11.70729997297989,58.015401627032624,46.3081
1419,14.18,11.90666528602825,57.97201867958294,46.065353
1420,14.19,12.115295519832003,58.41524898052536,46.299953
1421,14.2,12.13753070032196,58.06332720911102,45.925797
1422,14.21,12.448646218148454,58.56862607654689,46.11998
1423,14.22,12.236308285936701,58.31986541484295,46.083557
1424,14.23,12.543880924015376,58.654373630314204,46.110493
1425,14.24,12.53553565298153,58.65632422720028,46.12079
1426,14.25,12.563812495257864,58.60338234999419,46.03957
1427,14.26,12.830227809303103,59.01268477951795,46.182457
1428,14.27,13.246654277671325,59.13946128450726,45.892807
1429,14.28,12.844356248257291,58.86132402169479,46.016968
1430,14.29,13.11534966351224,59.006878746764194,45.89153
1431,14.3,13.207604617919458,59.358521671142114,46.150917
1432,14.31,12.982602217449681,59.116360762371556,46.13376
1433,14.32,13.418872184216816,59.4496911234258,46.03082
1434,14.33,13.233295494136414,59.16797261815985,45.934677
1435,14.34,13.218489337790544,59.30455272280031,46.086063
1436,14.35,12.86802922006111,59.09015141244392,46.222122
1437,14.36,12.97902822047039,59.089375968273124,46.110348
1438,14.37,12.756901772104356,58.7489290548192,45.992027
1439,14.38,12.68120738204226,58.71710368331179,46.035896
1440,14.39,12.91358220964301,58.866424922045354,45.952843
1441,14.4,12.911781040808975,58.857860294959366,45.94608
1442,14.41,12.679892321863697,58.81976582650237,46.139874
1443,14.42,12.588642478690375,58.64289510320209,46.054253
1444,14.43,12.591865185214495,58.71727335782192,46.12541
1445,14.44,12.798259822682361,58.91373833830736,46.11548
1446,14.45,13.029871472959805,58.95270777667074,45.922836
1447,14.46,12.660838922344055,58.904178460918274,46.24334
1448,14.47,12.871758088856602,59.044815645008946,46.173058
1449,14.48,12.715877143215657,58.93278464443636,46.216908
1450,14.49,12.808518316587481,58.91601648553279,46.1075
1451,14.5,13.03248559591384,58.87573587057204,45.84325
1452,14.51,12.692344080306903,58.70606173167409,46.013718
1453,14.52,12.538794856292164,58.690780024749195,46.151985
1454,14.53,12.648260921574547,58.802908748722984,46.154648
1455,14.54,12.173090920946336,58.374228463670946,46.201138
1456,14.55,11.974852811804581,58.17096639823036,46.196114
1457,14.56,12.078252667818909,58.33544337216461,46.25719
1458,14.57,12.437985530396851,58.49873458435193,46.06075
1459,14.58,12.66919783722512,58.635605613104026,45.966408
1460,14.59,12.601069089780559,58.602144834409465,46.001076
1461,14.6,12.918690495808832,58.839794926961176,45.921104
1462,14.61,12.566968838532084,58.720567623932475,46.1536
1463,14.62,12.416128493059844,58.57285533021805,46.156727
1464,14.63,12.68886580243209,58.814602039004356,46.125736
1465,14.64,12.885622144940797,58.744230390790406,45.85861
1466,14.65,12.889541175023567,58.82298996652747,45.93345
1467,14.66,12.772743438467792,58.75776312230568,45.98502
1468,14.67,12.420929717066741,58.47436981106088,46.05344
1469,14.68,12.343048662763302,58.444904894452755,46.101856
1470,14.69,12.433561087248172,58.53631758749231,46.102757
1471,14.7,12.538146290347619,58.63189247565035,46.093746
1472,14.71,12.46211024795089,58.509477343898155,46.047367
1473,14.72,12.479612238720058,58.56603801997006,46.086426
1474,14.73,12.321068551295525,58.34017636989904,46.019108
1475,14.74,11.927202515668519,57.973322205609925,46.04612
1476,14.75,11.841987383271814,58.03071190109408,46.188725
1477,14.76,11.529931855005998,57.630868744654435,46.100937
1478,14.77,11.686463608243969,57.85546232650569,46.169
1479,14.78,11.393770333870023,57.54733860169229,46.15357
1480,14.79,11.177874653890974,57.347952931478865,46.17008
1481,14.8,11.12569496697298,57.209839559258135,46.084145
1482,14.81,10.932158352787141,57.04056060498441,46.108402
1483,14.82,11.20740523685788,57.188602594035615,45.981197
1484,14.83,11.445038927841438,57.230397356796516,45.78536
1485,14.84,11.33488730625539,57.28734854893117,45.95246
1486,14.85,11.479572655993167,57.52065313084668,46.04108
1487,14.86,11.481465507722845,57.68310659048652,46.20164
1488,14.87,11.33492947490707,57.59226895244613,46.25734
1489,14.88,11.26511311115604,57.43847202839237,46.17336
1490,14.89,11.72208552282796,57.64816050451741,45.926075
1491,14.9,11.524007384308504,57.639669005402254,46.11566
1492,14.91,11.78299271111505,57.63040482049005,45.847412
1493,14.92,11.747946826707938,57.44024190117083,45.692295
1494,14.93,11.713745146887902,57.59874728311837,45.885002
1495,14.94,11.606426469194659,57.53976844917513,45.933342
1496,14.95,11.756981699835038,57.87227710999129,46.115295
1497,14.96,11.670309509217489,57.80727239984249,46.136963
1498,14.97,11.614918010251571,57.90062357665782,46.285706
1499,14.98,11.849532783063793,57.82190293076887,45.97237
1500,14.99,11.950416510856023,58.132736151969304,46.18232
1501,15.0,12.186478653421943,58.15058616684968,45.964108
1502,15.01,12.458142092635654,58.39032058995011,45.93218
1503,15.02,11.929372418571162,58.15512620275085,46.225754
1504,15.03,12.10403760963311,58.19449934059014,46.09046
1505,15.04,12.00784145929449,58.04129635431402,46.033455
1506,15.05,12.06579514702669,57.935237133110675,45.869442
1507,15.06,12.106767438030744,58.1495301943784,46.042763
1508,15.07,11.911084144301839,58.157425849624104,46.24634
1509,15.08,12.315565141203365,58.073263200285396,45.757698
1510,15.09,11.798206520513062,58.04557819409705,46.24737
1511,15.1,11.95158372340294,57.92809281764122,45.97651
1512,15.11,11.768224819601713,57.756635769308744,45.98841
1513,15.12,11.969845376434208,57.89672144454944,45.926876
1514,15.13,11.831898359297305,57.889046339033634,46.057148
1515,15.14,11.642707041190043,57.72781293718614,46.085106
1516,15.15,11.695707196474203,57.60292994427694,45.907223
1517,15.16,11.626937284285887,57.74211825352417,46.11518
1518,15.17,12.150404615923406,57.999510450884344,45.849106
1519,15.18,11.967672050977605,57.92157906391706,45.953907
1520,15.19,11.903393484459912,57.790840841637646,45.887447
1521,15.2,11.567413371140304,57.41152195268327,45.84411
1522,15.21,11.737487107482465,57.68417289849809,45.946686
1523,15.22,11.63296888068848,57.429412819897465,45.796444
1524,15.23,11.39592345628217,57.350055536360294,45.954132
1525,15.24,11.485401497895147,57.29064212899866,45.80524
1526,15.25,11.043194398010357,57.11714611920176,46.07395
1527,15.26,10.874220212322975,56.96573098502805,46.09151
1528,15.27,11.200916088634422,57.13671473365395,45.9358
1529,15.28,11.189118800629046,57.270585475433734,46.081467
1530,15.29,11.202937413362484,57.15210657229803,45.94917
1531,15.3,11.032316031670142,57.06489354631858,46.032578
1532,15.31,11.229786010706874,57.23127374264047,46.001488
1533,15.32,11.034586556982426,57.21966040952149,46.185074
1534,15.33,11.179434455491567,57.064985908128286,45.88555
1535,15.34,10.961224803614876,57.07997632949378,46.11875
1536,15.35,11.086249508672061,57.06127850037128,45.97503
1537,15.36,11.18437665264537,57.149441655086775,45.965065
1538,15.37,11.013102343856616,57.15046959239177,46.137367
1539,15.38,11.017132889836908,57.118210923284174,46.101078
1540,15.39,10.818908989723724,56.90057021408896,46.08166
1541,15.4,11.344196321514367,57.25223922922921,45.908043
1542,15.41,10.926148262465269,56.99247440382269,46.066326
1543,15.42,10.839068365528206,56.84451193852625,46.005444
1544,15.43,11.114394819073773,56.900596296124554,45.7862
1545,15.44,11.327646047158495,57.16899278788115,45.841347
1546,15.45,11.056554314713544,57.0390143366862,45.98246
1547,15.46,11.002337700581307,57.06884694740748,46.06651
1548,15.47,11.476533155472993,57.26706431392026,45.79053
1549,15.48,11.248789628119141,57.278963883490235,46.030174
1550,15.49,11.385161183771224,57.33867528289232,45.953514
1551,15.5,11.490890581276716,57.47136696067125,45.980476
1552,15.51,11.574058064710584,57.59990645338246,46.02585
1553,15.52,11.23853006384266,57.448460483764535,46.20993
1554,15.53,11.519285609610634,57.408384730704384,45.8891
1555,15.54,11.271642524425367,57.19767172974763,45.92603
1556,15.55,11.177370893336992,57.08897672829793,45.911606
1557,15.56,10.878889536572466,56.94229361982442,46.063404
1558,15.57,11.481243294663244,57.478294533676916,45.99705
1559,15.58,11.072360943342325,57.297668407941934,46.225307
1560,15.59,11.463945587145105,57.52279873655917,46.058853
1561,15.6,11.646507986643755,57.480831869700395,45.834324
1562,15.61,11.53866579904048,57.72374346627681,46.185078
1563,15.62,11.68068302225526,57.6509817893451,45.9703
1564,15.63,11.740301810594104,57.65517302641442,45.91487
1565,15.64,11.586538550152554,57.460027930035366,45.87349
1566,15.65,11.75618080287822,57.69797233730205,45.94179
1567,15.66,11.688363612811614,57.6342216145206,45.945858
1568,15.67,11.882002567211629,57.79916641608858,45.917164
1569,15.68,11.723022446626906,57.53226469516206,45.809242
1570,15.69,11.685159363124967,57.44089666781247,45.755737
1571,15.7,11.661324468441315,57.55058380682022,45.88926
1572,15.71,11.931097003728127,57.874624225407814,45.943527
1573,15.72,11.606374552685288,57.553983500439195,45.94761
1574,15.73,10.86727745014258,57.07624275165625,46.208965
1575,15.74,11.253433057589476,57.4318083017301,46.178375
1576,15.75,11.450684717406283,57.4364673406973,45.985783
1577,15.76,11.13406354939255,57.146301098220675,46.012238
1578,15.77,11.357643253582864,57.412391788739114,46.05475
1579,15.78,11.464172753397001,57.29985848337747,45.835686
1580,15.79,10.786314524030246,57.04054120860056,46.254227
1581,15.8,10.97633062333798,57.02105413408017,46.044724
1582,15.81,11.355057899647761,57.270642463856746,45.915585
1583,15.82,11.501150541090126,57.43064349152958,45.929493
1584,15.83,11.043837066953593,57.28644418365281,46.242607
1585,15.84,11.18971387393524,57.2170728827243,46.02736
1586,15.85,11.142671305712533,57.02699442582972,45.884323
1587,15.86,11.008758931466325,56.9541515401089,45.945393
1588,15.87,11.348636876222237,57.21782709228669,45.86919
1589,15.88,11.639241685736586,57.54803608881276,45.908794
1590,15.89,11.719631655659597,57.765610201802176,46.04598
1591,15.9,11.644339318174033,57.81056475152364,46.166225
1592,15.91,11.530240305009535,57.581563242021254,46.051323
1593,15.92,11.821222496079208,57.59594936375499,45.774727
1594,15.93,11.241016175744484,57.4829023146605,46.241886
1595,15.94,11.42892155218675,57.537064404969954,46.108143
1596,15.95,11.401722833845028,57.41252605650128,46.010803
1597,15.96,11.643181233089273,57.63777580706388,45.994595
1598,15.97,11.381487005121102,57.50600253856837,46.124516
1599,15.98,11.628121524979193,57.39120593660029,45.763084
1600,15.99,11.957163310935705,57.70191810219547,45.744755
1601,16.0,11.69817839477161,57.50031386230091,45.802135
1602,16.01,11.423857542963276,57.29404339501406,45.870186
1603,16.02,11.26832126728474,57.18603443256794,45.917713
1604,16.03,11.365485635143571,57.15427729163771,45.78879
1605,16.04,11.4818670101754,57.49383753019493,46.01197
1606,16.05,11.210226136583216,57.497510987657435,46.287285
1607,16.06,11.355373317783219,57.422210628574234,46.066837
1608,16.07,11.188118761013406,57.336617296169656,46.1485
1609,16.08,11.052443572468775,57.2477751459551,46.19533
1610,16.09,11.149128831653925,57.309670366077754,46.16054
1611,16.1,11.38996127233844,57.48608401403766,46.096123
1612,16.11,11.140344309448714,57.43908851110887,46.298744
1613,16.12,11.441724277365978,57.492326236594494,46.050602
1614,16.13,11.463327898377116,57.31371928631657,45.85039
1615,16.14,11.03976869921383,57.11566973070797,46.0759
1616,16.15,11.149780863459398,57.22683774822502,46.077057
1617,16.16,11.42374843346218,57.40011256920437,45.976364
1618,16.17,11.552064508436175,57.608895868299456,46.05683
1619,16.18,11.572574226918753,57.68566855675274,46.113094
1620,16.19,11.447103311478656,57.512456705033344,46.065353
1621,16.2,11.294582097071398,57.405181614893664,46.1106
1622,16.21,11.25364220266885,57.273745657258694,46.020103
1623,16.22,12.149149537652868,58.10304129180326,45.95389
1624,16.23,11.58516666116585,57.56924411477913,45.984077
1625,16.24,11.333753191261202,57.370084368019015,46.03633
1626,16.25,11.425786118046041,57.358494858280416,45.93271
1627,16.26,11.86312934267994,57.66618796694752,45.80306
1628,16.27,11.671425524997204,57.65219182138392,45.980766
1629,16.28,11.85436938661664,57.703894838276796,45.849525
1630,16.29,11.687065821082008,57.52945397415818,45.84239
1631,16.3,11.932130444643334,57.79090653717263,45.858776
1632,16.31,12.030601877920049,57.85546531175794,45.824863
1633,16.32,12.041088928294677,57.87561117560913,45.834522
1634,16.33,12.140775753975397,58.16340072345782,46.022625
1635,16.34,12.1244069589089,58.111932898850306,45.987526
1636,16.35,12.141956357241213,58.15233233380371,46.010376
1637,16.36,12.548400180337637,58.65252234220287,46.104122
1638,16.37,12.288887387780377,58.201931363610456,45.913044
1639,16.38,12.610375432346103,58.51028159079337,45.899906
1640,16.39,12.435301136675513,58.359754872027075,45.924454
1641,16.4,12.72939353632885,58.6478009765144,45.918407
1642,16.41,12.441828453974878,58.614439690547144,46.17261
1643,16.42,12.680471313978948,58.64906872608832,45.968597
1644,16.43,12.927569256167637,59.040633068423496,46.113064
1645,16.44,12.746562270332738,58.79749992292063,46.050938
1646,16.45,12.582330327101076,58.65354691035303,46.071217
1647,16.46,12.677252592439046,58.636351408357015,45.9591
1648,16.47,12.62791610889218,58.63824630908749,46.01033
1649,16.48,12.567745268328032,58.53469473121866,45.96695
1650,16.49,12.588011228726117,58.539534055874554,45.951523
1651,16.5,12.189781924857336,58.26437451518937,46.074593
1652,16.51,12.260819094763612,58.189186709509706,45.928368
1653,16.52,12.445641870409382,58.52568947783126,46.080048
1654,16.53,12.436384667148722,58.6353173148538,46.198933
1655,16.54,12.381318303769248,58.51429483575167,46.132977
1656,16.55,12.869838471718936,58.62043356449237,45.750595
1657,16.56,12.99096627756662,58.924224334207246,45.933258
1658,16.57,13.091462359768478,59.091141925198166,45.99968
1659,16.58,13.20538009073185,59.176270135897866,45.97089
1660,16.59,12.810540027481025,58.74264604554743,45.932106
1661,16.6,12.767811269053091,58.96025511670934,46.192444
1662,16.61,12.519843887689511,58.60722334325592,46.08738
1663,16.62,12.77383718175011,58.698943230334095,45.925106
1664,16.63,12.649471770744292,58.5370106806564,45.88754
1665,16.64,12.34265510178362,58.512092510230886,46.169437
1666,16.65,12.487706022569796,58.409207182237765,45.9215
1667,16.66,12.636816706507418,58.505385126917574,45.86857
1668,16.67,12.400574407515151,58.48004599564992,46.07947
1669,16.68,12.911005835248446,58.77608762235782,45.86508
1670,16.69,12.91008108375533,58.81344717262252,45.903366
1671,16.7,13.004787887226954,58.807522262226954,45.802734
1672,16.71,12.633880112731404,58.590404007995076,45.956524
1673,16.72,12.192433235988432,58.384430764064604,46.191998
1674,16.73,12.325769509695157,58.55558976116,46.22982
1675,16.74,12.701584877310438,58.64449793273036,45.942913
1676,16.75,12.52842127712475,58.6554239931892,46.127003
1677,16.76,12.819404133348606,58.80125761845603,45.981853
1678,16.77,13.06367226532231,59.100499352724654,46.036827
1679,16.78,13.31815612475689,59.138663174317436,45.820507
1680,16.79,13.159037625088104,59.099902188076385,45.940865
1681,16.8,13.02879164956623,59.163072808013496,46.13428
1682,16.81,12.847913903152012,58.74461953059342,45.896706
1683,16.82,12.68360295052485,58.7152916407104,46.03169
1684,16.83,13.271315969193068,59.022086538040725,45.75077
1685,16.84,13.160315529995934,59.151106850796715,45.99079
1686,16.85,13.825219534195952,59.566575430192046,45.741356
1687,16.86,13.7869890026288,59.50295045892763,45.71596
1688,16.87,13.558195436398542,59.39519723693565,45.837
1689,16.88,13.470901805494258,59.54579194221301,46.07489
1690,16.89,13.089786057952672,59.116691117767125,46.026905
1691,16.9,13.273375936033013,59.22036308813262,45.946987
1692,16.91,13.241929975897776,59.08922382965754,45.847294
1693,16.92,13.66238014492761,59.515777514312376,45.853397
1694,16.93,13.388801646893157,59.1666069752623,45.777805
1695,16.94,13.71109482235407,59.56065079159235,45.849556
1696,16.95,13.436912866081698,59.41220888658951,45.975296
1697,16.96,13.346575236994468,59.32932899065658,45.982754
1698,16.97,13.280290659012941,59.144292886796144,45.864002
1699,16.98,13.266074130100499,59.299803683323155,46.03373
1700,16.99,13.273371145504036,59.21793215014271,45.94456
1701,17.0,13.506735821618221,59.33001234139361,45.823277
1702,17.01,13.540193791412534,59.38717483999652,45.84698
1703,17.02,13.098357412973755,58.91336366907727,45.815006
1704,17.03,12.985503200780208,58.86102199960833,45.87552
1705,17.04,12.70051481486012,58.80996610880543,46.10945
1706,17.05,13.073919341759819,58.95210842867388,45.87819
1707,17.06,13.251802958349508,59.07544187436513,45.82364
1708,17.07,13.08698301412236,58.873024273887985,45.78604
1709,17.08,12.971980634955862,58.760047498969534,45.788067
1710,17.09,12.98358028908887,58.83938854714551,45.85581
1711,17.1,12.848708176508573,58.73767759789529,45.88897
1712,17.11,13.129467042482489,58.89912036279499,45.769653
1713,17.12,12.658551637153373,58.752561036567435,46.09401
1714,17.13,12.775771199876175,58.661994039231644,45.886223
1715,17.14,12.901616742315667,58.937944104376214,46.036327
1716,17.15,12.645208257458485,58.718938726208485,46.07373
1717,17.16,12.893095801122584,58.76243097568313,45.869335
1718,17.17,12.740818533459496,58.52691319898684,45.786095
1719,17.18,12.312308653270321,58.1480821212879,45.835773
1720,17.19,12.309141426392223,58.241121559448864,45.93198
1721,17.2,12.112367619615846,57.97965430174475,45.867287
1722,17.21,12.086237923164553,57.974883095283694,45.888645
1723,17.22,12.167241326621458,58.12613796358435,45.958897
1724,17.23,12.36621365757928,58.061007358751155,45.694794
1725,17.24,11.750949457979111,57.92881734738341,46.177868
1726,17.25,12.212928828478603,57.99611669468954,45.783188
1727,17.26,12.3021515633678,58.102928998670535,45.800777
1728,17.27,11.934147076858409,57.91901035810841,45.984863
1729,17.28,12.063528456535806,57.93651811107682,45.87299
1730,17.29,12.255299632742016,57.95778376360139,45.702484
1731,17.3,12.190979376081351,58.032711401227836,45.841732
1732,17.31,12.276828784240308,58.11040117193562,45.833572
1733,17.32,12.463731433548368,58.28475728193704,45.821026
1734,17.33,12.367978287111605,58.151940536867464,45.783962
1735,17.34,12.675400589947202,58.5572365274472,45.881836
1736,17.35,12.736923903810485,58.48407813965033,45.747154
1737,17.36,12.20882313435417,58.15405552571159,45.945232
1738,17.37,12.388066611976491,58.10374959537493,45.715683
1739,17.38,12.122347423718743,58.20454652039843,46.0822
1740,17.39,12.200025441007718,58.10432231600772,45.904297
1741,17.4,12.093695817176986,57.93463438529222,45.84094
1742,17.41,11.861355429453354,57.93624938086937,46.074894
1743,17.42,12.10216342597537,58.11200153022342,46.00984
1744,17.43,12.084816407515106,58.13822979862839,46.053413
1745,17.44,12.472432008437472,58.3964127213281,45.92398
1746,17.45,12.78749767009652,58.509356648368005,45.72186
1747,17.46,12.607040014773176,58.5490985780056,45.94206
1748,17.47,12.731051012526997,58.430349871169575,45.6993
1749,17.48,12.211693406682059,58.21134626923089,45.999653
1750,17.49,12.969615583721392,58.75892985374092,45.789314
1751,17.5,12.447098843812256,58.62175857281616,46.17466
1752,17.51,13.002371648841851,58.68789945035552,45.685528
1753,17.52,13.301695591674836,58.961058384643586,45.659363
1754,17.53,13.03270089603214,59.0234388110712,45.990738
1755,17.54,13.246031062568328,58.959245936835906,45.713215
1756,17.55,13.026504484238714,58.960193601670355,45.93369
1757,17.56,12.869779164618159,58.79439693195214,45.924618
1758,17.57,13.004641242467699,58.9019801096552,45.89734
1759,17.58,13.065052463370044,58.98088879759856,45.915836
1760,17.59,12.933147731815524,58.812942806278414,45.879795
1761,17.6,12.736858617998983,58.70715357039156,45.970295
1762,17.61,13.014793360531478,58.795696223080306,45.780903
1763,17.62,12.652519421179406,58.70849247415792,46.055973
1764,17.63,12.398561335429058,58.329698420389995,45.931137
1765,17.64,12.421598805290813,58.46307219396269,46.041473
1766,17.65,12.42924250343296,58.24246729591343,45.813225
1767,17.66,12.562430995717769,58.24500240685058,45.68257
1768,17.67,12.527373498144009,58.29137343710885,45.764
1769,17.68,12.555068786017223,58.28775768982582,45.73269
1770,17.69,12.449471855384964,58.125775718910354,45.676304
1771,17.7,12.332315233613627,58.20636918869175,45.874054
1772,17.71,12.162017282903108,57.94145148700467,45.779434
1773,17.72,11.745926894906738,57.83949378943799,46.093567
1774,17.73,11.73388172364988,57.932738077409645,46.198856
1775,17.74,11.872965073814093,57.622266984214484,45.749302
1776,17.75,11.64711072323476,57.41733243343984,45.77022
1777,17.76,11.065832296258286,57.196691671258286,46.13086
1778,17.77,11.610132600786265,57.37561264229017,45.76548
1779,17.78,11.498457554593138,57.439211491360716,45.940754
1780,17.79,11.993330615100845,57.849402087268814,45.85607
1781,17.8,11.988368329494719,57.74940424868417,45.761036
1782,17.81,11.811260744110285,57.84139685250872,46.030136
1783,17.82,12.310367823673545,58.02722954852706,45.71686
1784,17.83,12.02379691568089,57.78989493814183,45.766098
1785,17.84,12.10261289765019,57.927438184515424,45.824825
1786,17.85,12.404405126613838,58.20413733486579,45.799732
1787,17.86,12.191539193542717,57.99667682782006,45.805138
1788,17.87,12.26905133089199,57.95056225618496,45.68151
1789,17.88,11.959703820559817,57.984285729739504,46.024582
1790,17.89,11.820301283942108,57.93956779395187,46.119267
1791,17.9,12.164315127871603,58.01327600433645,45.84896
1792,17.91,11.86013729937094,57.82898648149985,45.96885
1793,17.92,12.107759937347353,58.101854785980166,45.994095
1794,17.93,12.126844349581212,58.02800554342887,45.90116
1795,17.94,12.043861680524863,58.17382460166744,46.129963
1796,17.95,12.336103068561556,58.321717845172884,45.985615
1797,17.96,12.6393373169931,58.547273413184506,45.907936
1798,17.97,12.604522051548372,58.56663066360892,45.96211
1799,17.98,12.733208491450448,58.72859652245631,45.995388
1800,17.99,12.88344230368827,58.740677258522254,45.857235
1801,18.0,12.612031243139853,58.5073788383547,45.895348
1802,18.01,12.655595877192795,58.486311056636154,45.830715
1803,18.02,12.317805767058992,58.336810588836336,46.019005
1804,18.03,12.449246742176719,58.199155189442344,45.74991
1805,18.04,12.437355036189437,58.273429865291,45.836075
1806,18.05,11.962164023400348,57.914411643029254,45.952248
1807,18.06,12.196099842327165,57.91295012308888,45.71685
1808,18.07,11.814123416298784,57.67048480545894,45.85636
1809,18.08,11.822788960731678,57.643479115760975,45.82069
1810,18.09,11.815782331872938,57.87156083529091,46.05578
1811,18.1,11.705928706056312,57.732807062989906,46.02688
1812,18.11,11.886341397857777,57.884067838287464,45.997726
1813,18.12,12.080292658865034,57.82482238298613,45.74453
1814,18.13,12.045666583005115,57.749977953854724,45.70431
1815,18.14,11.955787569022867,57.844653993583414,45.888866
1816,18.15,12.192143419609117,58.027585008964586,45.83544
1817,18.16,12.15584991219935,58.00708434823451,45.851234
1818,18.17,12.142540529891704,57.93317849986241,45.790638
1819,18.18,12.170699982200688,58.04184332326514,45.871143
1820,18.19,12.364475720667244,58.2426991398567,45.878223
1821,18.2,12.264838133056628,58.058157835205066,45.79332
1822,18.21,11.914997581229642,57.90984392522378,45.994846
1823,18.22,12.157833811888239,58.06627344811871,45.90844
1824,18.23,12.251615994170038,58.34905099172863,46.097435
1825,18.24,12.205893777362327,58.26167609547756,46.055782
1826,18.25,12.29844274552768,58.1892317775101,45.89079
1827,18.26,12.29166213417556,58.3477992191365,46.056137
1828,18.27,12.760646315611815,58.50339839080713,45.742752
1829,18.28,12.425046039679359,58.567757679083655,46.14271
1830,18.29,12.685307660585579,58.568646588808235,45.88334
1831,18.3,12.697977435569214,58.54758299587195,45.849606
1832,18.31,12.608414931978707,58.68459062167597,46.076176
1833,18.32,12.671389904978433,58.48630842304484,45.81492
1834,18.33,12.58036563043217,58.38920352105717,45.808838
1835,18.34,12.672198943876232,58.56532257058522,45.893124
1836,18.35,12.622582128420447,58.4505240229517,45.82794
1837,18.36,12.588763479220603,58.32586980246279,45.737106
1838,18.37,12.691673042116726,58.46377158337649,45.7721
1839,18.38,12.344272517703835,58.29362096741087,45.94935
1840,18.39,12.27831520505724,58.0901094860631,45.811794
1841,18.4,12.203319412129488,58.11686311330136,45.913544
1842,18.41,12.11005911638209,58.028695438403574,45.918636
1843,18.42,12.308712926380537,58.02848907994499,45.719776
1844,18.43,11.998929308193397,58.030267046230506,46.031338
1845,18.44,12.339224471666483,58.22895683250633,45.889732
1846,18.45,12.686232649437201,58.60518559133173,45.918953
1847,18.46,12.706850767387003,58.44289660478935,45.736046
1848,18.47,12.595909297702129,58.35010164999705,45.754192
1849,18.48,12.665115534611871,58.725170313664606,46.060055
1850,18.49,12.641909060961254,58.74931949186946,46.10741
1851,18.5,13.037978081535478,58.963248162101884,45.92527
1852,18.51,12.744909179478817,58.761426818638974,46.016518
1853,18.52,12.6349061701424,58.71726929880451,46.082363
1854,18.53,12.598656358071509,58.711460770913305,46.112804
1855,18.54,12.896121809585004,58.68333036671391,45.78721
1856,18.55,12.848055635778096,58.73772696146169,45.88967
1857,18.56,12.132131402623791,58.31707555545582,46.184944
1858,18.57,12.131960928751816,58.16593843729674,46.033978
1859,18.58,12.413630025873296,58.49032451439869,46.076694
1860,18.59,12.082657986523238,58.16034429633769,46.077686
1861,18.6,12.196366954504903,58.1448532826299,45.948486
1862,18.61,11.731338750288614,57.666187535689005,45.93485
1863,18.62,11.993582050765752,57.95852116819739,45.96494
1864,18.63,11.77046040791663,57.65083913106116,45.88038
1865,18.64,11.668955465843077,57.85861458449542,46.18966
1866,18.65,12.035943579111347,58.02389295044924,45.98795
1867,18.66,12.248502490088889,58.08631300644631,45.83781
1868,18.67,12.274924701562462,58.18784660708004,45.91292
1869,18.68,12.149945514385763,57.98478819627053,45.834843
1870,18.69,12.114936517274181,58.118385003602306,46.00345
1871,18.7,12.619097429919648,58.54278441112082,45.923687
1872,18.71,12.36774257645753,58.35114101395753,45.9834
1873,18.72,12.004107977593982,58.143012549127185,46.138905
1874,18.73,12.225151828175882,58.000592044240335,45.77544
1875,18.74,12.033705060249794,57.9655669376912,45.93186
1876,18.75,11.814623030891127,58.007608565559096,46.192986
1877,18.76,12.192793318386151,58.09038395559318,45.89759
1878,18.77,12.240679358758996,58.056982611932824,45.816303
1879,18.78,11.930105497478664,58.2484610577814,46.318356
1880,18.79,12.421593237128683,58.19988684674782,45.778294
1881,18.8,12.473326829411668,58.700179246403856,46.226852
1882,18.81,12.411803514937326,58.519042284468576,46.10724
1883,18.82,12.246223010780298,58.14603761649319,45.899815
1884,18.83,12.54945061865618,58.423443538578056,45.873993
1885,18.84,12.16834951799877,58.26611257952221,46.097763
1886,18.85,12.55106803468621,58.42028113893426,45.869213
1887,18.86,12.280431191124457,58.29041806856586,46.009987
1888,18.87,12.226507200003923,58.197801603080094,45.971294
1889,18.88,11.832731319178798,58.09606368612216,46.263332
1890,18.89,11.844343887736855,58.04358552592045,46.19924
1891,18.9,12.276394059547087,58.29751985300412,46.021126
1892,18.91,12.346921074676615,58.16590987472544,45.81899
1893,18.92,12.354312169794547,58.33191989684533,45.977608
1894,18.93,12.566542225469249,58.38378389417042,45.81724
1895,18.94,12.218615435011117,58.30250825727674,46.083893
1896,18.95,12.432513053932972,58.45521050266344,46.022697
1897,18.96,12.34855768172062,58.185067386310465,45.83651
1898,18.97,12.174631698571275,58.100805862389635,45.926174
1899,18.98,12.315161761755654,58.41530900907011,46.100147
1900,18.99,12.683829772179685,58.7016062614375,46.017776
1901,19.0,12.904261140909767,58.85599759110508,45.951736
1902,19.01,12.953592279127612,58.88920781867839,45.935616
1903,19.02,12.982666930806907,58.88027664150027,45.89761
1904,19.03,13.403953009118482,59.26135199593489,45.8574
1905,19.04,12.922616130914626,58.90605271538728,45.983437
1906,19.05,13.348753747116085,59.21565514482116,45.8669
1907,19.06,13.073111679978929,59.064047959275804,45.990936
1908,19.07,12.740788006477445,58.614594006233304,45.873806
1909,19.08,12.527186016417716,58.700605968810294,46.17342
1910,19.09,12.74879927929954,58.79818435010032,46.049385
1911,19.1,12.819921236205062,58.7699792196035,45.950058
1912,19.11,12.63812399327334,58.63489675938662,45.996773
1913,19.12,13.152164341746506,58.8749655502426,45.7228
1914,19.13,12.747780300795995,58.86008880299326,46.11231
1915,19.14,12.757770563704781,58.62948229466181,45.87171
1916,19.15,12.770075555518645,58.897543664649504,46.12747
1917,19.16,13.003788863850211,59.025181686115836,46.021393
1918,19.17,13.00953919481639,59.22048813890819,46.21095
1919,19.18,13.205139909338655,59.037422929358186,45.832283
1920,19.19,13.311855435486741,59.11581814300627,45.803963
1921,19.2,12.922847278202319,58.944430835331225,46.021584
1922,19.21,13.211627253450295,59.007247218049905,45.79562
1923,19.22,13.04668772462248,58.977965953382245,45.93128
1924,19.23,12.92765937698205,58.92633186233361,45.998672
1925,19.24,12.876724752839479,58.92395451968518,46.04723
1926,19.25,13.137098525956034,59.07992002864158,45.94282
1927,19.26,13.07795325394602,58.799419318399146,45.721466
1928,19.27,12.944347263919227,58.93654239331376,45.992195
1929,19.28,12.523302777344774,58.68103287988384,46.15773
1930,19.29,12.954049906230495,58.86844047019534,45.91439
1931,19.3,13.152655307885098,59.13009900295346,45.977444
1932,19.31,13.287736929101364,59.133596456689254,45.84586
1933,19.32,13.323196144813927,59.341132851356896,46.017937
1934,19.33,13.324775027185979,59.27010278597504,45.945328
1935,19.34,13.517831983423648,59.261163892603335,45.743332
1936,19.35,13.286703393355971,59.33407811869777,46.047375
1937,19.36,13.225329050718287,59.216688761411646,45.99136
1938,19.37,13.117011584510593,59.17482332157114,46.05781
1939,19.38,13.463822882165744,59.33833460091574,45.87451
1940,19.39,13.355461177358173,59.506023463735126,46.150562
1941,19.4,13.333972402985822,59.37290520327879,46.038933
1942,19.41,13.713747965833157,59.65200709058902,45.93826
1943,19.42,13.433543089095188,59.53443420237644,46.10089
1944,19.43,13.712675426103345,59.68198237190413,45.969307
1945,19.44,14.147775400275215,59.941529977911934,45.793755
1946,19.45,14.079884164055315,59.91885816307875,45.838974
1947,19.46,13.994192518094259,59.9084724558384,45.91428
1948,19.47,14.39085739356824,60.12836807472058,45.73751
1949,19.48,14.28346033189402,60.134442997909645,45.850983
1950,19.49,14.466079171686566,60.45090430596391,45.984825
1951,19.5,14.767983784451097,60.537656178249925,45.769672
1952,19.51,14.41796756855112,60.457243691597995,46.039276
1953,19.52,14.353631702153656,60.18660899707553,45.832977
1954,19.53,13.949970722547263,60.02131319080898,46.071342
1955,19.54,13.996177585519703,59.93153754035369,45.93536
1956,19.55,24.51840656466537,59.87784259982162,35.359436
1957,19.56,14.351045105068884,60.2577147217681,45.90667
1958,19.57,13.814658621482188,59.83047435634547,46.015816
1959,19.58,14.292055737963437,60.13243736027789,45.84038
1960,19.59,14.312244413276787,60.03310012616741,45.720856
1961,19.6,14.446033530103065,60.17487721906791,45.728844
1962,19.61,14.124387391919356,59.93045581232951,45.80607
1963,19.62,14.2021074721455,60.123429341041984,45.92132
1964,19.63,13.893205549888208,59.73412885921438,45.840923
1965,19.64,14.021372143474856,59.90199500724439,45.880623
1966,19.65,14.033392961756135,59.99308687044754,45.959694
1967,19.66,14.216388194860158,60.048125713170705,45.831738
1968,19.67,14.292963289507007,60.194349550493335,45.901386
1969,19.68,13.882018767471848,59.96321078407341,46.081192
1970,19.69,13.837702160581976,59.85928190301362,46.02158
1971,19.7,14.011525243600879,59.97004804023174,45.958523
1972,19.71,14.063123556592934,60.19016823432731,46.127045
1973,19.72,13.887461827030734,59.83004681848581,45.942585
1974,19.73,13.434480333490306,59.514802599115306,46.080322
1975,19.74,13.791591875491086,59.84061073535437,46.04902
1976,19.75,13.504818030930416,59.68172843132104,46.17691
1977,19.76,13.438185358775222,59.474863672984206,46.03668
1978,19.77,13.59382742959091,59.53133505898544,45.937508
1979,19.78,13.825822284808226,59.809640339007444,45.983818
1980,19.79,56.68631741418815,59.42405006303764,2.7377326
1981,19.8,13.21081405834913,59.24276214794874,46.031948
1982,19.81,13.07507651229281,59.064277104333826,45.9892
1983,19.82,12.959607225307892,58.88586912716336,45.92626
1984,19.83,13.318411332688434,59.29416893156539,45.975758
1985,19.84,13.30912560351787,59.30541390307842,45.99629
1986,19.85,13.109288978470062,58.94828968037436,45.839
1987,19.86,12.89766200110244,59.037646131961814,46.139984
1988,19.87,13.243905396178704,59.242135376647454,45.99823
1989,19.88,13.503502648963483,59.42915801395372,45.925655
1990,19.89,13.317309277202682,59.30922211899956,45.991913
1991,19.9,33.61495700079297,59.521319534362306,25.906363
1992,19.91,13.372012276459344,59.35933985214294,45.987328
1993,19.92,13.585297646265573,59.65891748879487,46.07362
1994,19.93,13.581285408036415,59.55425064851493,45.972965
1995,19.94,14.103899811464544,59.923399780946966,45.8195
1996,19.95,13.422819274027113,59.583513396341566,46.160694
1997,19.96,13.556427896222019,59.4338044526185,45.877377
1998,19.97,13.450539841377505,59.29853941413141,45.848
1999,19.98,13.770781243267201,59.907164299907826,46.136383
2000,19.99,13.730159740946291,59.680255871317385,45.950096
2001,20.0,13.907613609352403,59.87626061252623,45.968647
2002,20.01,14.19652601501204,60.117306196896806,45.92078
2003,20.02,14.34893573719701,60.40358890492162,46.054653
2004,20.03,14.581043336105509,60.57023248405473,45.98919
2005,20.04,14.875263264221552,60.754707386536005,45.879444
2006,20.05,14.833561453226274,61.027164968851274,46.193604
2007,20.06,14.788662286070497,60.76683458831659,45.978172
2008,20.07,14.353980856497458,60.568591909964255,46.21461
2009,20.08,15.221970517151313,61.33922286700483,46.117252
2010,20.09,15.27736245258648,61.11193810566265,45.834576
2011,20.1,15.205377463212493,61.25184810530234,46.04647
2012,20.11,14.946017054321125,60.962618616821125,46.0166
2013,20.12,14.67393288644503,60.60056862863253,45.926636
2014,20.13,15.012947661511859,60.768845183484515,45.755898
2015,20.14,15.015473830181016,60.89980076499547,45.884327
2016,20.15,34.834131161019506,61.05605117444724,26.22192
2017,20.16,15.972479055126698,61.83108730097631,45.85861
2018,20.17,25.696142458467378,61.09208133175839,35.39594
2019,20.18,15.363838319325353,61.33630383446207,45.972466
2020,20.19,15.630252685112978,61.474677886528994,45.844425
2021,20.2,58.69448934980099,61.72485243268673,3.030363
2022,20.21,15.87065157666958,61.82699618116177,45.956345
2023,20.22,15.6560937240572,61.67394269256306,46.01785
2024,20.23,16.259911471162958,62.1141213710653,45.85421
2025,20.24,15.767635985537481,61.88358752362342,46.11595
2026,20.25,16.342235842271798,62.364002504869454,46.021767
2027,20.26,16.03873264447084,62.026189919861466,45.987457
2028,20.27,16.102985930485907,61.979870390935126,45.876884
2029,20.28,15.834973336334201,61.67878818618772,45.843815
2030,20.29,15.626696048680593,61.65546649545794,46.02877
2031,20.3,15.638301656285542,61.67251567606093,46.034214
2032,20.31,15.556133899405694,61.62518754930804,46.069054
2033,20.32,15.349905820657824,61.30260738926134,45.9527
2034,20.33,15.409058980918331,61.33449309346716,45.925434
2035,20.34,15.491965854759563,61.44137915432011,45.949413
2036,20.35,15.809679452962662,61.61267704207399,45.802998
2037,20.36,15.990196991157156,61.83093719501458,45.84074
2038,20.37,15.829599796478242,61.83606189364621,46.006462
2039,20.38,15.912280229144294,61.701377061419684,45.789097
2040,20.39,15.799637689480242,61.67720116604274,45.877563
2041,20.4,15.339288967226729,61.17954088983415,45.840252
2042,20.41,15.322189260627653,61.20535271277609,45.883163
2043,20.42,14.668307791465764,60.74951506685639,46.081207
2044,20.43,15.435335425739368,61.20018985689171,45.764854
2045,20.44,15.105140995124863,60.95049698267369,45.845356
2046,20.45,14.99371595750813,60.88886518846516,45.89515
2047,20.46,14.559898268059094,60.58832539208253,46.028427
2048,20.47,14.908239527827568,60.77443139184124,45.86619
2049,20.48,14.599112375934062,60.650919779498516,46.051807
2050,20.49,14.443694277290014,60.532542391303686,46.08885
2051,20.5,14.209002821632652,60.14202055234554,45.933018
2052,20.51,13.789143881480676,59.94561131922482,46.156467
2053,20.52,13.98446807627991,59.98624953990296,46.00178
2054,20.53,13.897580339344515,59.82020302000858,45.922623
2055,20.54,13.403372215519141,59.33730928827305,45.933937
2056,20.55,13.621013608809733,59.753746000167155,46.132732
2057,20.56,13.880631944493317,59.69835045035269,45.81772
2058,20.57,13.044510925928115,59.062665070215225,46.018154
2059,20.58,13.44244103837191,59.27374749589144,45.831306
2060,20.59,13.334806634585725,59.19400997320877,45.859203
2061,20.6,13.349199765990058,59.392920011351386,46.04372
2062,20.61,24.193594499976044,59.539469286353,35.345875
2063,20.62,13.634578771010872,59.66848761500501,46.03391
2064,20.63,13.789586734284732,59.86105508755622,46.07147
2065,20.64,13.717139462509166,59.646514157333385,45.929375
2066,20.65,13.965003426855155,59.78429358798797,45.81929
2067,20.66,13.92660950935845,59.656342022786184,45.729733
2068,20.67,13.541483892167854,59.55395795222645,46.012474
2069,20.68,13.742300267963856,59.57895874574706,45.83666
2070,20.69,14.204890434979077,60.234294121502515,46.029404
2071,20.7,14.278381388937817,60.072563212668285,45.79418
2072,20.71,13.59185784814315,59.69587701318221,46.10402
2073,20.72,13.894126546828076,59.70132411762886,45.807198
2074,20.73,13.770841708989003,59.8810712011765,46.11023
2075,20.74,13.931959575192415,59.825304454342806,45.893345
2076,20.75,13.822927956243504,59.84214258637046,46.019215
2077,20.76,13.841373425897935,59.70424650329051,45.862873
2078,20.77,13.567696384531573,59.47517090235384,45.907475
2079,20.78,13.733566678150524,59.500839627369274,45.767273
2080,20.79,13.881509741288333,59.858392675858646,45.976883
2081,20.8,13.986052599539818,59.85539158879763,45.86934
2082,20.81,14.106799294787415,59.844802071887024,45.738003
2083,20.82,13.743377668381079,59.63306043815647,45.889683
2084,20.83,13.917275487312203,59.958569585212594,46.041294
2085,20.84,13.987613794631116,59.89158642036354,45.903973
2086,20.85,13.597580014134302,59.62631994333352,46.02874
2087,20.86,13.85974581839448,59.69284136893159,45.833096
2088,20.87,13.600884209859764,59.66030956386367,46.059425
2089,20.88,13.69479148725435,59.533296278514115,45.838505
2090,20.89,13.405842828209188,59.35814385359981,45.9523
2091,20.9,33.248593862715666,59.32683521098227,26.078241
2092,20.91,13.407646497953657,59.31195100234819,45.904305
2093,20.92,12.885212571973064,58.984287889355876,46.099075
2094,20.93,32.76614717120379,58.91059831256121,26.144451
2095,20.94,33.11020221809546,59.37951030830542,26.269308
2096,20.95,13.529098094568923,59.59392124520369,46.064823
2097,20.96,14.028498174641427,59.75874948689729,45.73025
2098,20.97,13.811583925217114,59.722724367111645,45.91114
2099,20.98,13.836611415621917,59.85406365561215,46.017452
2100,20.99,13.976347977339564,59.80387788456613,45.82753
2101,21.0,14.030916280495994,59.94901091550576,45.918095
2102,21.01,34.20113337024254,60.32397997363609,26.122847
2103,21.02,14.622943543505919,60.549583100390684,45.92664
2104,21.03,14.926000547668522,60.955442381164616,46.02944
2105,21.04,15.110756980403991,60.9131022562829,45.802345
2106,21.05,15.015925437415135,60.93150618692685,45.91558
2107,21.06,14.95186373366574,61.20303103102902,46.251167
2108,21.07,15.709691868961109,61.626111851871265,45.91642
2109,21.08,15.038789977629826,60.980005492766544,45.941216
2110,21.09,14.320302754487614,60.58503893002472,46.264736
2111,21.1,34.51402355185235,60.51123310080254,25.99721
2112,21.11,34.380764880232675,60.34278193955885,25.962017
2113,21.12,14.770636950600327,60.483939562905014,45.713303
2114,21.13,14.897676988653679,60.82324080090954,45.925564
2115,21.14,14.94501762909099,60.7759273580949,45.83091
2116,21.15,14.675921859366248,60.76030677757914,46.084385
2117,21.16,14.576023029508875,60.73466865939169,46.158646
2118,21.17,14.375028228083757,60.53024444512477,46.155216
2119,21.18,14.488612277251327,60.36672125552281,45.87811
2120,21.19,14.97362185641002,60.9175381772108,45.943916
2121,21.2,15.142546434275566,60.980700273386894,45.838154
2122,21.21,15.387503978945261,61.09388291571284,45.70638
2123,21.22,14.766053107490912,60.64394846271552,45.877895
2124,21.23,14.620158646762114,60.52130076712344,45.901142
2125,21.24,14.446174480446452,60.41215501023161,45.96598
2126,21.25,14.560794723727746,60.37074269125704,45.809948
2127,21.26,14.252241170554548,60.04497340932408,45.792732
2128,21.27,14.33821775504569,60.309752484049596,45.971535
2129,21.28,14.237827525505914,60.22658179796685,45.988754
2130,21.29,14.674751492673018,60.57612249487028,45.90137
2131,21.3,14.769047248702428,60.60141037736454,45.832363
2132,21.31,14.532028045640686,60.67467483519147,46.142647
2133,21.32,14.596168097239115,60.45782047150669,45.861652
2134,21.33,14.483453269439273,60.55956029458576,46.076107
2135,21.34,14.108441667758377,60.344327287875565,46.235886
2136,21.35,14.416557963804749,60.63105076165631,46.214493
2137,21.36,14.691127757273378,60.64522931977338,45.9541
2138,21.37,14.319228962466184,60.40259917120642,46.08337
2139,21.38,14.215247146519516,60.13805293265233,45.922806
2140,21.39,14.326851607085366,60.18525385928263,45.858402
2141,21.4,13.735160207105395,59.80417189533782,46.06901
2142,21.41,13.987570463757152,59.93660992298567,45.94904
2143,21.42,13.811131815335095,59.7450803321808,45.93395
2144,21.43,14.132441221468923,60.12631481766033,45.993874
2145,21.44,33.88927983314175,60.00716160804409,26.117882
2146,21.45,14.295228933182678,60.13134953865143,45.83612
2147,21.46,14.424632488553073,60.34243720657065,45.917805
2148,21.47,14.221455981840094,60.10617964517017,45.884724
2149,21.48,34.133299452107515,60.23222599629697,26.098927
2150,21.49,14.662984358187728,60.72310017239671,46.060116
2151,21.5,14.931868985478836,61.0124392064261,46.08057
2152,21.51,14.671330253513048,60.810440818698595,46.13911
2153,21.52,15.069544642804736,60.88252910935747,45.812984
2154,21.53,14.680919642334452,60.69603347290086,46.015114
2155,21.54,15.361038802950048,61.37859785446372,46.01756
2156,21.55,35.75498935592233,61.681693762660615,25.926704
2157,21.56,14.86894579939434,60.55380602888653,45.68486
2158,21.57,25.630471608053917,60.987634083639854,35.357162
2159,21.58,34.776846522631566,60.70089017802707,25.924044
2160,21.59,34.77197244710344,60.79238870686906,26.020416
2161,21.6,14.811804392352066,60.74602375270363,45.93422
2162,21.61,15.00373979833536,61.03797289159708,46.034233
2163,21.62,15.14810678168653,60.898808685983404,45.7507
2164,21.63,15.374901467942784,61.0892111603256,45.71431
2165,21.64,15.055336583674517,61.19647656780538,46.14114
2166,21.65,15.326370157691294,61.141685404273325,45.815315
2167,21.66,15.508837444398047,61.395392162415625,45.886555
2168,21.67,15.54113926849363,61.497705125427224,45.956566
2169,21.68,16.006087287085556,61.91759393991759,45.911507
2170,21.69,16.09455664823883,61.898244697555235,45.803688
2171,21.7,15.620465897222715,61.39101185669537,45.770546
2172,21.71,15.90587799126849,61.71990387017474,45.814026
2173,21.72,15.87661228716724,61.538866620663335,45.662254
2174,21.73,16.046437759727247,61.97271492037178,45.926277
2175,21.74,26.491000651003766,61.8430476175565,35.352047
2176,21.75,15.88626936209559,61.76424864066004,45.87798
2177,21.76,15.94263545076062,61.920639906327025,45.978004
2178,21.77,15.892734415915037,61.78900898256543,45.896275
2179,21.78,16.47098271008597,62.368176618777376,45.897194
2180,21.79,36.71823776366448,62.886797791740655,26.16856
2181,21.8,16.878398495072247,62.862948971146466,45.98455
2182,21.81,16.59139515536669,62.725641981538566,46.134247
2183,21.82,16.60316437495588,62.50684326899885,45.90368
2184,21.83,16.11998348745417,62.08645992788386,45.966476
2185,21.84,16.341805094235824,62.21991788720457,45.878113
2186,21.85,16.249008126017173,62.091274208780845,45.842266
2187,21.86,16.448111530515895,62.30827617284988,45.860165
2188,21.87,16.554052152658386,62.40229205134003,45.84824
2189,21.88,16.257171315479418,62.1595722859384,45.9024
2190,21.89,16.327486203028414,62.11266534121201,45.78518
2191,21.9,36.03363598116454,62.02772510775145,25.99409
2192,21.91,16.076597334484454,61.83196461353719,45.755367
2193,21.92,16.340755269949412,62.27251796526191,45.931763
2194,21.93,16.03168219647437,61.946168127870855,45.914486
2195,21.94,16.147484624831165,62.091366613356556,45.943882
2196,21.95,15.499425071515994,61.57661928538318,46.077194
2197,21.96,15.25489955331409,61.2930617847594,46.038162
2198,21.97,15.15108174654835,61.1395575461089,45.988476
2199,21.98,14.42714107068091,60.52831828625708,46.101177
2200,21.99,14.585871661507412,60.43788048108749,45.85201
2201,22.0,14.262537317757761,60.18845971155659,45.925922
2202,22.01,13.997218908064816,59.88493710874841,45.88772
2203,22.02,14.042437385350624,60.02875025156156,45.986313
2204,22.03,14.172920144333034,59.84487906767288,45.67196
2205,22.04,13.76441112896957,59.78811947247543,46.02371
2206,22.05,14.011626149659648,59.80456056738426,45.792934
2207,22.06,13.792540435923165,59.657843475473946,45.865303
2208,22.07,13.814468945737538,59.86719187664574,46.052723
2209,22.08,14.236583161742274,60.17257254162509,45.93599
2210,22.09,14.597997216567215,60.335675744399246,45.73768
2211,22.1,14.060444066100082,60.0387689562368,45.978325
2212,22.11,14.04384226658945,60.15823359349375,46.11439
2213,22.12,14.038089337644486,60.01230198412886,45.974213
2214,22.13,13.894484524797043,59.609187130998215,45.714703
2215,22.14,24.502696606798516,59.851234051866875,35.348537
2216,22.15,14.30153917400903,60.09464906780786,45.79311
2217,22.16,13.93707828923337,59.80637531682126,45.869297
2218,22.17,14.387194927185305,60.36425333782984,45.97706
2219,22.18,14.039962420979606,60.076095233479606,46.036133
2220,22.19,14.424847411719902,60.27961425742303,45.854767
2221,22.2,14.67877813488888,60.456884824342005,45.778107
2222,22.21,14.55751348433072,60.517909297319,45.960396
2223,22.22,14.706883886260883,60.51358173171987,45.806698
2224,22.23,14.464509549608358,60.43597942875875,45.97147
2225,22.24,34.744648526302846,60.697712491146596,25.953064
2226,22.25,15.1180084873182,61.10496222266976,45.986954
2227,22.26,15.127311477628524,60.90800071713048,45.78069
2228,22.27,14.448230603774896,60.437480786880364,45.98925
2229,22.28,14.665123843537259,60.481717013703275,45.816593
2230,22.29,14.706917104827845,60.42272215853878,45.715805
2231,22.3,14.679213450910026,60.82095234251159,46.14174
2232,22.31,14.975384034863978,60.904926576367885,45.929543
2233,22.32,14.754832009287405,60.78460572144561,46.029774
2234,22.33,34.94229435848894,60.89622998165788,25.953936
2235,22.34,15.417146836200622,61.34640709010687,45.92926
2236,22.35,15.431207655639632,61.29330634948729,45.8621
2237,22.36,15.32562982603229,61.17803918882526,45.85241
2238,22.37,14.852800035548633,60.62364735610527,45.770847
2239,22.38,15.05341274559538,60.784888575673506,45.731476
2240,22.39,14.86863340145365,60.79814542537943,45.929512
2241,22.4,14.569603786848305,60.45787130393815,45.888268
2242,22.41,15.069158650513089,60.87647829162637,45.80732
2243,22.42,15.243003334979669,61.12371393678631,45.88071
2244,22.43,15.018822597310184,60.845158504292606,45.826336
2245,22.44,14.766404444141877,60.77354555742313,46.00714
2246,22.45,14.950078299320054,60.86678056982787,45.916702
2247,22.46,15.015489055506116,60.88935227572096,45.873863
2248,22.47,15.10687611314426,60.909457900253635,45.80258
2249,22.48,15.077428011158588,61.0183002035414,45.940872
2250,22.49,15.203798563332938,61.00335148081341,45.799553
2251,22.5,15.22177902659449,61.21321884593043,45.99144
2252,22.51,14.935544502145014,60.736627113229,45.801083
2253,22.52,14.914142802262127,60.6539804487465,45.739838
2254,22.53,34.731004011962014,60.77353788647373,26.042534
2255,22.54,15.153264631917033,61.11099397151664,45.95773
2256,22.55,15.412071048886546,61.219070255429514,45.807
2257,22.56,15.11915690526967,61.05993754491811,45.94078
2258,22.57,14.906561563474895,60.78022260473466,45.87366
2259,22.58,14.676380151746372,60.57698439979325,45.900604
2260,22.59,14.843018738570557,60.667351929488525,45.824333
2261,22.6,14.839943457232799,60.84540228901991,46.00546
2262,22.61,14.945111542219685,60.707875519270466,45.762764
2263,22.62,15.057139669932134,61.041007315195806,45.983868
2264,22.63,14.958410837391327,60.96275196287961,46.00434
2265,22.64,14.77007894274567,60.621069238155826,45.85099
2266,22.65,14.631797148592135,60.49555523575034,45.863758
2267,22.66,14.434078586521721,60.327709567967034,45.89363
2268,22.67,14.324325604735073,60.2475624516589,45.923237
2269,22.68,14.278575157029465,60.3477737654279,46.0692
2270,22.69,14.618322791017512,60.55426257983587,45.93594
2271,22.7,14.73145991488181,60.821273147303685,46.089813
2272,22.71,14.923144401364254,60.904738487057614,45.981594
2273,22.72,25.165282538522987,60.490531256784706,35.32525
2274,22.73,14.705018752777484,60.63182615634194,45.926807
2275,22.74,14.63807196584817,60.44958014455911,45.81151
2276,22.75,15.146884261105633,60.95362406823454,45.80674
2277,22.76,15.44708846446347,61.30210326548886,45.855015
2278,22.77,15.457697400587357,61.293241986769,45.835545
2279,22.78,14.847461522089041,60.99437695788006,46.146915
2280,22.79,15.661889692327456,61.49599995233722,45.83411
2281,22.8,15.47801904899083,61.44086389762364,45.962845
2282,22.81,15.559232502628618,61.501207142521196,45.941975
2283,22.82,15.502874959738072,61.309408773214635,45.806534
2284,22.83,35.205959422807624,61.177633388261725,25.971674
2285,22.84,15.218609078113147,61.302978737536975,46.08437
2286,22.85,15.62796735823899,61.42919492781907,45.801228
2287,22.86,15.817552886464888,61.7451194147852,45.927567
2288,22.87,15.958555722927521,61.72934200832791,45.770786
2289,22.88,15.73165205100559,61.650383740458714,45.91873
2290,22.89,16.186417224319804,61.94467604389988,45.75826
2291,22.9,16.414084559138637,62.12496865337692,45.710884
2292,22.91,16.25555495264902,62.05060652735605,45.79505
2293,22.92,16.592907273910193,62.32062944187894,45.727722
2294,22.93,16.70743776567349,62.629369986132474,45.921932
2295,22.94,16.923181062638946,62.86708593934793,45.943905
2296,22.95,16.799094357432075,62.55844799512739,45.759354
2297,22.96,16.92708914544766,62.72561972406094,45.79853
2298,22.97,16.621697127898713,62.53736943014481,45.915672
2299,22.98,16.905198281844314,62.72824591978377,45.823048
2300,22.99,17.095226914208432,62.959404618065854,45.864178
2301,23.0,16.784136621045306,62.63369640498085,45.84956
2302,23.01,36.75689905225317,62.83742731153051,26.080528
2303,23.02,17.59965467771957,63.29894209227035,45.699287
2304,23.03,17.22392867419999,63.06635115955155,45.842422
2305,23.04,17.559656546838674,63.43900911641875,45.879353
2306,23.05,17.894930108065672,63.76732466983325,45.872395
2307,23.06,18.44580192385017,64.36546821413337,45.919666
2308,23.07,18.36441950592676,64.3076186636416,45.9432
2309,23.08,18.307242500928325,64.17239295258848,45.86515
2310,23.09,18.344845745106497,64.16880509569243,45.82396
2311,23.1,37.36832276326874,63.56547204000214,26.19715
2312,23.11,27.61992944051581,62.98923409749823,35.369305
2313,23.12,17.396730289876785,63.42861352962288,46.031883
2314,23.13,17.64753165438946,63.59709372714337,45.949562
2315,23.14,17.695357008361853,63.69365183868412,45.998295
2316,23.15,18.20255503440974,63.98424372459529,45.78169
2317,23.16,18.544053371769053,64.2743619044839,45.73031
2318,23.17,61.99361958053552,64.65894927528345,2.6653297
2319,23.18,38.56625929546797,64.39149847698653,25.82524
2320,23.19,18.775108001846405,64.57342877211008,45.79832
2321,23.2,18.569239386896726,64.34172321258032,45.772484
2322,23.21,18.57594375997371,64.35395889669246,45.778015
2323,23.22,38.445901567610406,64.63189285484185,26.185991
2324,23.23,18.666148122179862,64.45233052574432,45.786182
2325,23.24,18.276278203091948,64.10913342770132,45.832855
2326,23.25,17.68874526727324,63.56465316522246,45.875908
2327,23.26,18.126318363815912,63.9803566023413,45.85404
2328,23.27,18.035817970220315,63.914697517339455,45.87888
2329,23.28,61.70735601876149,64.0361836383141,2.3288276
2330,23.29,17.76093677505368,63.6861610792529,45.925224
2331,23.3,17.950773010786705,64.06047607475155,46.109703
2332,23.31,18.047298145453027,64.07012147919326,46.022823
2333,23.32,18.0681990622207,64.00424184786523,45.936043
2334,23.33,18.229333604268817,64.07968684523561,45.850353
2335,23.34,18.319163797691772,64.15993451912732,45.84077
2336,23.35,17.597146347020775,63.6851895599114,46.088043
2337,23.36,17.657761359762816,63.45546796376672,45.797707
2338,23.37,18.212980825525932,64.06133135042828,45.84835
2339,23.38,18.69452658596174,64.54190436306135,45.847378
2340,23.39,18.182807919330088,64.00939178163478,45.826584
2341,23.4,18.7586290395365,64.79977054954627,46.04114
2342,23.41,19.17783799569392,64.93511262337947,45.757275
2343,23.42,19.179421043570485,65.03081188219353,45.85139
2344,23.43,19.71624507372303,65.43464793627186,45.718403
2345,23.44,19.172287453386303,65.1906208884449,46.018333
2346,23.45,19.42560763167738,65.24789233016371,45.822285
2347,23.46,19.41185296969688,65.35369409518516,45.94184
2348,23.47,19.409341381915027,65.22406535042089,45.814724
2349,23.48,19.310952168355612,65.14345644081655,45.832504
2350,23.49,18.7266680999727,64.73961518249223,46.012947
2351,23.5,19.204554973864518,65.08121436717506,45.87666
2352,23.51,19.481122103644722,65.64256390662324,46.16144
2353,23.52,19.9577998613796,65.94048113579366,45.98268
2354,23.53,19.99999778208671,65.94627158579765,45.946274
2355,23.54,19.55181168902027,65.45842789995777,45.906616
2356,23.55,19.306277337090393,65.50350100042047,46.197224
2357,23.56,19.530923269908158,65.43380870691988,45.902885
2358,23.57,19.503458069731607,65.4282742013234,45.924816
2359,23.58,19.396557942117852,65.3315555007116,45.934998
2360,23.59,19.371810441811675,65.21994734366714,45.848137
2361,23.6,19.79816028227897,65.54738208403678,45.74922
2362,23.61,20.228993165889335,65.99805902282293,45.769066
2363,23.62,20.553504880115057,66.38196175877717,45.828457
2364,23.63,21.305975540210483,67.17889271550345,45.872917
2365,23.64,20.833244034770445,66.77564210605951,45.942398
2366,23.65,21.174538474774423,67.01731954166895,45.84278
2367,23.66,21.589895101370317,67.62118706304024,46.031292
2368,23.67,21.521114514049728,67.48492829578801,45.963814
2369,23.68,22.102511152007807,67.89036820767187,45.787857
2370,23.69,22.154403905554858,68.01928351370915,45.86488
2371,23.7,22.62354740143647,68.44308551789155,45.81954
2372,23.71,21.92909691060393,67.63645240987151,45.707355
2373,23.72,21.601081720325666,67.42839037511082,45.82731
2374,23.73,21.785653449229244,67.60446295850659,45.81881
2375,23.74,33.04293215960524,68.35958636492751,35.316654
2376,23.75,22.25737818117439,68.15359171266853,45.896214
2377,23.76,42.380253233195944,68.53160134720962,26.151348
2378,23.77,22.41265650686509,68.22387476858384,45.81122
2379,23.78,33.03839421965958,68.32353902556778,35.285145
2380,23.79,21.960725954029442,67.80151193425405,45.840786
2381,23.8,42.08064268362487,68.0984725786444,26.01783
2382,23.81,21.51014513583081,67.61650652499097,46.10636
2383,23.82,21.176919612538228,67.04152074779213,45.8646
2384,23.83,21.0790657446299,66.93457264160256,45.855507
2385,23.84,21.421608863458573,67.3895120006656,45.967903
2386,23.85,22.079653994833976,68.03941656807616,45.959763
2387,23.86,41.17432226397918,67.19106687762664,26.016745
2388,23.87,20.893674153615763,66.81464507036381,45.92097
2389,23.88,20.335249374527265,66.26466221632414,45.929413
2390,23.89,20.18704300028915,66.15278320414657,45.96574
2391,23.9,20.181665140580662,66.10992594380332,45.92826
2392,23.91,40.42178863343575,66.40079444703439,25.979006
2393,23.92,20.92807847954063,66.77367097831993,45.845592
2394,23.93,20.31063979539887,66.30415099535004,45.99351
2395,23.94,40.94351307318017,67.02030483648583,26.076792
2396,23.95,20.78427123665695,66.80928039193039,46.02501
2397,23.96,21.09479492053049,66.97576873644846,45.880974
2398,23.97,31.868835275248927,67.19412595518057,35.32529
2399,23.98,21.240655320685818,67.34338893274636,46.102734
2400,23.99,21.699969182532357,67.58753479532533,45.887566
2401,24.0,22.062009642664677,67.95958502108265,45.897575
2402,24.01,21.02772773480102,66.93290580486938,45.905178
2403,24.02,20.785124951893536,66.88780897288963,46.102684
2404,24.03,21.215295198754163,67.158738497094,45.943443
2405,24.04,41.475896421284375,67.58547550758809,26.10958
2406,24.05,21.15308093092702,67.0194711591985,45.86639
2407,24.06,20.963476317755237,67.06287206970836,46.099396
2408,24.07,20.904977953796262,66.99239937103259,46.08742
2409,24.08,21.46116291395522,67.35454594007827,45.893383
2410,24.09,21.24501163635003,67.210213967893,45.965202
2411,24.1,40.897673139605345,66.85273028377038,25.955057
2412,24.11,21.116762075115744,66.97295943229348,45.856197
2413,24.12,21.001556533952964,67.08115782179476,46.0796
2414,24.13,41.22535110427536,67.37337089492478,26.14802
2415,24.14,21.458994764514046,67.3058346692992,45.84684
2416,24.15,20.967737851773933,66.85768765035792,45.88995
2417,24.16,21.352530939283966,67.27218578547537,45.919655
2418,24.17,39.9818596058813,66.04779474076899,26.065935
2419,24.18,19.842838937038493,65.89837711452873,46.05554
2420,24.19,63.20383542707057,65.82276314427943,2.6189277
2421,24.2,20.025322048731255,65.96580895669024,45.940487
2422,24.21,20.585215312621756,66.43810914196746,45.852894
2423,24.22,20.593053725419537,66.5289935142379,45.93594
2424,24.23,20.597535345307563,66.43306467270014,45.83553
2425,24.24,20.135706418324844,66.17424249010219,46.038536
2426,24.25,20.54259453019212,66.25769005021165,45.715096
2427,24.26,63.19303334145171,65.77776611237151,2.5847328
2428,24.27,19.64146665666111,65.77189115617283,46.130424
2429,24.28,30.17336393839713,65.4968540812194,35.32349
2430,24.29,19.149598450247012,65.01490911919232,45.86531
2431,24.3,19.316264758796294,65.10082591602286,45.78456
2432,24.31,19.50381345764768,65.33336515442502,45.82955
2433,24.32,19.297807406987076,65.13471384009254,45.836906
2434,24.33,19.057113099255375,64.84525625721436,45.788143
2435,24.34,19.038429509493582,64.88370538839983,45.845276
2436,24.35,30.05730960623204,65.3807120110172,35.323402
2437,24.36,19.295588503928556,65.15505124196567,45.859463
2438,24.37,18.854469584814126,64.73142652451139,45.876957
2439,24.38,18.835909655067667,64.6343791985247,45.79847
2440,24.39,18.458967535106154,64.34730753144405,45.88834
2441,24.4,17.941246484321674,63.77816436151894,45.836918
2442,24.41,18.437528663440347,64.2266521985966,45.789124
2443,24.42,18.257039811737755,64.17846086276315,45.92142
2444,24.43,18.213605946801565,64.15350157668438,45.939896
2445,24.44,17.950610023457784,63.81374631496169,45.863136
2446,24.45,17.544403050762902,63.45697781882931,45.912575
2447,24.46,17.37364917113225,63.34254794432561,45.9689
2448,24.47,18.097686954305118,64.29452533321137,46.19684
2449,24.48,18.792637946045346,64.77097809497113,45.97834
2450,24.49,18.94775714098344,65.13058795153032,46.18283
2451,24.5,19.11751638231145,65.14996801195012,46.03245
2452,24.51,18.845112801405406,64.85249042591713,46.007378
2453,24.52,19.008859871628218,65.00769257426494,45.998833
2454,24.53,18.622697719370848,64.46459377649975,45.841896
2455,24.54,19.07652811837869,64.85162501168924,45.775097
2456,24.55,19.046757393723823,64.77885120475898,45.732094
2457,24.56,18.92649888296569,64.81659364004577,45.890095
2458,24.57,19.001689534302756,65.13098106872658,46.12929
2459,24.58,19.367719186552407,65.31158591628873,45.943867
2460,24.59,19.684229935615235,65.58810337921875,45.903873
2461,24.6,20.04728702121379,66.16353992038371,46.116253
2462,24.61,40.44830870774507,66.46055007127046,26.012241
2463,24.62,19.688007207820974,65.66881928057488,45.980812
2464,24.63,19.657713848221974,65.56291862117119,45.905205
2465,24.64,19.975742536897457,65.78641911160449,45.810677
2466,24.65,20.088669151344945,65.94351610569065,45.854847
2467,24.66,19.99147733291781,66.05065473159945,46.059177
2468,24.67,20.553177929850932,66.65721616837632,46.10404
2469,24.68,20.829189971951763,66.9046256103795,46.075436
2470,24.69,20.743970295366523,66.67852916377473,45.93456
2471,24.7,20.28565820753404,66.32923349439928,46.043575
2472,24.71,20.281434576415506,66.38989404907176,46.10846
2473,24.72,20.927235158182157,66.71740773508645,45.790173
2474,24.73,20.961561564082487,66.90751493322311,45.945953
2475,24.74,20.45725358309987,66.30690110507253,45.849648
2476,24.75,20.087863252972895,66.10682992777758,46.018967
2477,24.76,20.24934615329248,66.28859175876123,46.039246
2478,24.77,20.02733030353079,65.83101072345266,45.80368
2479,24.78,19.72273133401343,65.69473527078101,45.972004
2480,24.79,19.861242322659706,65.82667353603861,45.96543
2481,24.8,19.813908547083088,65.67821213595028,45.864304
2482,24.81,20.018231695182692,66.09175998497761,46.07353
2483,24.82,20.075384836516008,66.03866837533437,45.963284
2484,24.83,19.83817043528768,65.89309826121541,46.054928
2485,24.84,19.515381784109792,65.40104004826995,45.88566
2486,24.85,18.84007340774727,64.85521394119453,46.01514
2487,24.86,44.352179013531384,65.1474098790099,20.79523
2488,24.87,19.699241937524093,65.59175139797331,45.89251
2489,24.88,30.427837225757457,65.71494278606019,35.287106
2490,24.89,19.45861313771907,65.31686661672298,45.858253
2491,24.9,39.442162827521145,65.39835102942544,25.956188
2492,24.91,18.914779940523772,65.08105115024057,46.16627
2493,24.92,30.11555160370129,65.44134963836926,35.325798
2494,24.93,19.31897637181872,65.54423043065661,46.225254
2495,24.94,19.53028608167466,65.7484219154149,46.218136
2496,24.95,19.598834422288107,65.55570164030568,45.956867
2497,24.96,19.16954219453153,65.33291423432645,46.163372
2498,24.97,19.405250244684837,65.19847076470437,45.79322
2499,24.98,39.61434618939742,65.64090792645797,26.026562
2500,24.99,20.046751335451816,65.87324364502213,45.826492
2501,25.0,20.075092315043378,66.01210021909611,45.937008
2502,25.01,19.71897165235147,65.90848581250772,46.189514
2503,25.02,20.176424092419524,66.22790343201913,46.05148
2504,25.03,20.42200570140308,66.13940911326831,45.717403
2505,25.04,20.191682411330646,66.43814618696541,46.246464
2506,25.05,19.715303285481667,65.72187600887034,46.006573
2507,25.06,19.89394148308503,65.92934187371003,46.0354
2508,25.07,20.204006946934612,66.03904036368266,45.835033
2509,25.08,20.512859284613725,66.35348123285591,45.840622
2510,25.09,20.679031077545773,66.59430283657898,45.91527
2511,25.1,20.95508519774704,66.90576879149704,45.950684
2512,25.11,21.023865163013028,66.90210002629428,45.878235
2513,25.12,20.7061712288249,66.70917721027021,46.003006
2514,25.13,21.236524436957097,67.22812065888093,45.991596
2515,25.14,20.884858788852668,66.90946358621595,46.024605
2516,25.15,21.202497309060277,66.97844106516379,45.775944
2517,25.16,21.08848796798327,66.9018500895653,45.813362
2518,25.17,21.312591557214375,67.11801529378664,45.805424
2519,25.18,20.820687352151396,66.75581842514944,45.93513
2520,25.19,20.387609944597912,66.30567024733229,45.91806
2521,25.2,20.933449579129075,66.74318773830876,45.80974
2522,25.21,20.324528030325396,66.35837583916329,46.033848
2523,25.22,20.59207825489952,66.21726517506553,45.625187
2524,25.23,20.264598370894475,66.32677030692963,46.062172
2525,25.24,20.44568206122122,66.54187728216849,46.096195
2526,25.25,20.675670279360574,66.57121242413596,45.895542
2527,25.26,20.426828503361037,66.37808048700361,45.951252
2528,25.27,20.511174634517715,66.39104981762318,45.879875
2529,25.28,20.221986132853786,66.15405400394754,45.932068
2530,25.29,19.83062569191941,65.82791725686081,45.99729
2531,25.3,19.9032012814764,65.67882078831234,45.77562
2532,25.31,20.031541988973345,65.84279076827022,45.81125
2533,25.32,19.97492612282231,65.97010816017583,45.995182
2534,25.33,20.687219907217084,66.38765936034208,45.70044
2535,25.34,21.045107274225998,66.82263412969475,45.777527
2536,25.35,20.79770429995071,66.73689421083938,45.93919
2537,25.36,20.9806023543602,66.76362618858872,45.783024
2538,25.37,20.449515590484324,66.2670891378476,45.817574
2539,25.38,20.49866965059765,66.35120108370312,45.85253
2540,25.39,20.008591024106096,65.84555849236781,45.836967
2541,25.4,20.30989662194702,66.14115730309936,45.83126
2542,25.41,19.56299364091089,65.64323579789331,46.080242
2543,25.42,19.64308033955264,65.43812428486514,45.795044
2544,25.43,19.480915956372854,65.33602993952715,45.855114
2545,25.44,19.325952092336053,65.29614786259972,45.970196
2546,25.45,19.750261051640194,65.87801907776324,46.127758
2547,25.46,19.70570622212854,65.75336704976526,46.04766
2548,25.47,20.050014579961555,66.05003746814515,46.000023
2549,25.48,20.05664529882671,65.99280634008647,45.93616
2550,25.49,20.24418958135621,66.06326993413941,45.81908
2551,25.5,20.252345586159407,66.0103259328391,45.75798
2552,25.51,20.274723893292588,66.28167427171056,46.00695
2553,25.52,19.988167643452684,66.18925559511284,46.201088
2554,25.53,20.339750697530278,66.348837306417,46.009087
2555,25.54,20.520244368058002,66.39807868812636,45.877834
2556,25.55,20.439298974925606,66.35245357697639,45.913155
2557,25.56,20.182525631164538,66.13903045294188,45.956505
2558,25.57,20.079965797816868,66.08773252144968,46.007767
2559,25.58,20.0297457324738,66.0358263599152,46.00608
2560,25.59,19.51687622256877,65.54356765933635,46.02669
2561,25.6,19.78581383941541,65.6879477810658,45.902134
2562,25.61,19.795686445642346,65.56321879427516,45.767532
2563,25.62,19.052722516051645,65.0927882814325,46.040066
2564,25.63,18.863211430695628,64.7501666919261,45.886955
2565,25.64,19.17231453837104,65.15522087992377,45.982906
2566,25.65,18.978050805326106,64.95410595058978,45.976055
2567,25.66,19.32383624003721,65.29815569804502,45.97432
2568,25.67,19.32249914777192,65.37172781598481,46.04923
2569,25.68,19.475982855873283,65.31705875309008,45.841076
2570,25.69,19.152037044002725,65.15527572198124,46.00324
2571,25.7,19.448660449620263,65.20434816324331,45.755688
2572,25.71,19.58589511199959,65.45199160858162,45.866096
2573,25.72,19.725431907207152,65.62183617356457,45.896404
2574,25.73,19.426232434579077,65.1172152531826,45.690983
2575,25.74,19.935555577935034,65.6380740410698,45.70252
2576,25.75,19.93275493766312,65.76104778434281,45.828293
2577,25.76,19.102982245894594,65.27683325907819,46.17385
2578,25.77,19.68622161635753,65.72051193007823,46.03429
2579,25.78,19.94784222496034,65.7691465462494,45.821304
2580,25.79,20.156524383378724,66.01627703840802,45.859753
2581,25.8,19.311042099872864,65.28995063869122,45.97891
2582,25.81,19.96105401404411,65.80657403357536,45.84552
2583,25.82,20.248757991581584,66.19230810144487,45.94355
2584,25.83,20.65329772750073,66.48527175704174,45.831974
2585,25.84,20.609311194472326,66.58978757386686,45.980476
2586,25.85,21.075405945354916,66.88265310722015,45.807247
2587,25.86,21.04597306421337,66.93044114282665,45.884468
2588,25.87,20.1890264880158,66.12491287107244,45.935886
2589,25.88,20.1737427027644,66.09512560681713,45.921383
2590,25.89,20.721325650172872,66.66636349196975,45.945038
2591,25.9,20.891590389566304,66.69938686783779,45.807796
2592,25.91,20.602712853912806,66.43956588125656,45.836853
2593,25.92,20.55319979449014,66.621830012996,46.06863
2594,25.93,20.792919697276403,66.85364586304789,46.060726
2595,25.94,20.210904939551256,66.31712518491258,46.10622
2596,25.95,20.839798279201517,66.60559875527574,45.7658
2597,25.96,20.574703099234767,66.48056018541641,45.905857
2598,25.97,20.630225789829126,66.63396037845217,46.003735
2599,25.98,21.049599256490524,66.94231852528935,45.89272
2600,25.99,21.4006571202072,67.57637352035368,46.175716
2601,26.0,21.509715284714403,67.53329392851323,46.02358
2602,26.01,21.709066909161407,67.60365537962039,45.89459
2603,26.02,21.540997544851507,67.66610054167768,46.125103
2604,26.03,21.33570431058503,67.35059688871003,46.014893
2605,26.04,21.71010788070349,67.67849548446326,45.968388
2606,26.05,21.13176238133643,66.97425353123877,45.84249
2607,26.06,20.7376268291914,66.80111865048046,46.06349
2608,26.07,20.96192981307874,66.91274692123304,45.950817
2609,26.08,21.25866361288935,67.23045774130732,45.971794
2610,26.09,20.91069202450936,66.68147449521248,45.770782
2611,26.1,20.682206716921186,66.63190993347392,45.949703
2612,26.11,20.751888328071914,66.80310063886293,46.051212
2613,26.12,21.24879331167635,66.98639936026034,45.737606
2614,26.13,21.557414784297805,67.40114571081148,45.84373
2615,26.14,21.185887036016837,67.07540195911254,45.889515
2616,26.15,21.03304702894806,66.86244995253205,45.829403
2617,26.16,20.321265665753643,66.26249262498216,45.941227
2618,26.17,20.379154559829985,66.205513354996,45.82636
2619,26.18,20.70993540437476,66.42360804231421,45.713673
2620,26.19,21.327277838095114,67.12962311397402,45.802345
2621,26.2,20.97934626146545,66.81769083544006,45.838345
2622,26.21,20.368570175638055,66.46409400986657,46.095524
2623,26.22,20.480280574333207,66.66291302062227,46.182632
2624,26.23,20.436653025209097,66.36156452423253,45.92491
2625,26.24,20.203256341439385,66.150487634164,45.94723
2626,26.25,20.430249263281183,66.3231134905761,45.892864
2627,26.26,20.133015899865157,65.93805816671086,45.805042
2628,26.27,20.051028560872552,65.88574917244482,45.83472
2629,26.28,20.201700292424093,66.02311905463112,45.82142
2630,26.29,20.662930846112474,66.55381143082927,45.89088
2631,26.3,20.25265183755046,66.17112794228679,45.918476
2632,26.31,20.3061989195499,66.28012927843662,45.97393
2633,26.32,20.62735559980277,66.48192408124808,45.85457
2634,26.33,20.980873551477785,67.04679152022779,46.065918
2635,26.34,20.467032938935745,66.6623950300002,46.195362
2636,26.35,20.86990719061177,66.89240246038716,46.022495
2637,26.36,20.612604061363896,66.79352752327796,46.180923
2638,26.37,20.67078487884669,66.87489788543849,46.204113
2639,26.38,19.99344831173603,66.19738202755634,46.203934
2640,26.39,20.14193726723238,65.9873275870566,45.84539
2641,26.4,20.10601895988775,66.22000211418462,46.113983
2642,26.41,20.059319308441673,65.92349319760183,45.864174
2643,26.42,20.195711672221876,66.03152328721211,45.83581
2644,26.43,20.057481912899036,66.12966361455919,46.07218
2645,26.44,19.706773226836958,66.04487747488383,46.338104
2646,26.45,20.048354012828923,65.90939222083674,45.86104
2647,26.46,19.180700561473103,65.21941592402193,46.038715
2648,26.47,19.608778565331704,65.54624804775358,45.93747
2649,26.48,19.712402992803973,65.69165485437624,45.97925
2650,26.49,19.834764044629026,65.79293207441418,45.958168
2651,26.5,19.74986703830686,65.57648141818967,45.826614
2652,26.51,19.837264373061515,65.85639507984862,46.01913
2653,26.52,19.486365981053936,65.60292405600511,46.116558
2654,26.53,19.125177101638144,65.09215326740963,45.966976
2655,26.54,18.894158376208367,64.84233571385485,45.948177
2656,26.55,18.953530858579924,64.84638364178305,45.892853
2657,26.56,19.03172498693307,64.90830045690377,45.876575
2658,26.57,19.17758748823242,65.13705632978515,45.95947
2659,26.58,18.742319324082885,64.79262373692468,46.050304
2660,26.59,18.540161549033,64.70503657955058,46.164875
2661,26.6,19.1434058237234,65.13907614232691,45.99567
2662,26.61,19.45948086287163,65.26076183821343,45.80128
2663,26.62,19.777514554780552,65.7275496499954,45.950035
2664,26.63,19.208402058865843,65.14687862136584,45.938477
2665,26.64,19.711867146093738,65.53092461069335,45.819057
2666,26.65,19.41121101282357,65.43467140100717,46.02346
2667,26.66,19.444378854353445,65.35888767393352,45.91451
2668,26.67,19.64794328462085,65.57706239472827,45.92912
2669,26.68,20.13603740487413,65.98578029427843,45.849743
2670,26.69,20.007942416835476,65.86413595931595,45.856194
2671,26.7,19.841037862672536,65.82978832043621,45.98875
2672,26.71,20.28684297978404,66.09325090825084,45.806408
2673,26.72,19.786405139051226,65.59921794422701,45.812813
2674,26.73,20.070631213079196,65.80618876923154,45.735558
2675,26.74,20.5446634665375,66.63037208470156,46.08571
2676,26.75,20.755688706132275,66.59626487800728,45.840576
2677,26.76,20.758516011747318,66.79149788430591,46.03298
2678,26.77,20.552769549725312,66.61398781144406,46.06122
2679,26.78,20.869293075031464,66.81184754890842,45.942554
2680,26.79,21.331358332901644,67.18357696083133,45.85222
2681,26.8,20.76382114450884,66.85123493235064,46.087414
2682,26.81,20.524321084717485,66.67122126171944,46.1469
2683,26.82,20.374659628735444,66.56188497053232,46.187225
2684,26.83,20.464045732428616,66.36531373779971,45.901268
2685,26.84,20.161287775181563,66.07619713797453,45.91491
2686,26.85,20.580961913629025,66.53998443560168,45.959023
2687,26.86,20.5165548813125,66.50691514132227,45.99036
2688,26.87,20.718628700452896,66.75893479176149,46.040306
2689,26.88,20.551530125679463,66.63570523554274,46.084175
2690,26.89,20.670602120656937,66.75930527617452,46.088703
2691,26.9,21.215445469679594,67.12547201997256,45.910027
2692,26.91,20.937552200092497,66.88871644569797,45.951164
2693,26.92,21.24446142489643,67.03586996371479,45.79141
2694,26.93,20.408787150009758,66.37160529576171,45.96282
2695,26.94,20.044054435208153,66.10773317666323,46.06368
2696,26.95,19.940049149664944,65.9542474528876,46.0142
2697,26.96,20.17390821663537,66.00923917977013,45.83533
2698,26.97,20.301078149202553,65.98371822488615,45.68264
2699,26.98,20.112264281474054,66.06099475022405,45.94873
2700,26.99,20.451144526308127,66.28139049798781,45.830246
2701,27.0,20.39076554393945,66.22028672313867,45.82952
2702,27.01,20.52723853344692,66.2947861408688,45.767548
2703,27.02,20.831016784194546,66.74735665846212,45.91634
2704,27.03,20.93597653570106,66.65877011480262,45.722794
2705,27.04,20.690486781316352,66.55331789703901,45.86283
2706,27.05,20.537308703658482,66.34282780766239,45.80552
2707,27.06,20.049183541725498,66.20014255661808,46.15096
2708,27.07,20.656142968143484,66.5988462152138,45.942703
2709,27.08,20.42920380178117,66.14184265676164,45.71264
2710,27.09,20.17078631219205,65.99302141961392,45.822235
2711,27.1,20.404722322482428,66.37687503244337,45.972153
2712,27.11,20.58685085668108,66.6130501975014,46.0262
2713,27.12,20.55979270433633,66.70480079149453,46.145008
2714,27.13,20.396769202073926,66.28980890544307,45.89304
2715,27.14,20.052228319873706,66.31110130571355,46.258873
2716,27.15,19.51384017582849,65.5810894739242,46.06725
2717,27.16,19.396730915401392,65.60314799914163,46.206417
2718,27.17,19.373605384125767,65.35774005819803,45.984135
2719,27.18,18.745864572164734,64.89724320375653,46.15138
2720,27.19,18.691408625930322,64.8194184220729,46.12801
2721,27.2,18.521713521623482,64.55160548939692,46.029892
2722,27.21,18.508585981004046,64.49383454667787,45.98525
2723,27.22,18.455926587390607,64.34261863450975,45.886692
2724,27.23,17.954115810939307,63.93942159707212,45.985306
2725,27.24,18.575396095100544,64.53145078260054,45.956055
2726,27.25,18.090033744444895,64.07318041192536,45.983147
2727,27.26,18.375836927423208,64.16255720330211,45.78672
2728,27.27,17.954117416585454,63.96243727132178,46.00832
2729,27.28,18.03463036388048,64.1329389271129,46.09831
2730,27.29,18.287490733746566,64.41459263193993,46.1271
2731,27.3,18.029870497268277,64.2264227738796,46.196552
2732,27.31,17.82107163675787,63.90999223001959,46.08892
2733,27.32,17.718673520861017,63.64567928868328,45.927006
2734,27.33,17.037915593497132,63.17805231224713,46.140137
2735,27.34,16.952003183019997,63.148181619299294,46.19618
2736,27.35,17.18097908018349,63.22343284605263,46.042454
2737,27.36,16.81330099524193,63.08721151770287,46.27391
2738,27.37,16.587746280161248,62.775692599741326,46.187946
2739,27.38,16.697757192168112,62.90546745828139,46.20771
2740,27.39,16.49912127205623,62.78867968270076,46.28956
2741,27.4,16.856207690392793,63.043810687218965,46.187603
2742,27.41,17.362175610555468,63.387329724325,46.025154
2743,27.42,18.161024073686008,64.29383275898874,46.13281
2744,27.43,17.997963432208067,64.34509706868268,46.347134
2745,27.44,17.963185859323843,64.383512092234,46.420326
2746,27.45,17.323015750770004,63.96179443729344,46.63878
2747,27.46,17.848463786118927,64.10373188304276,46.25527
2748,27.47,18.312348057033418,64.71501987099826,46.40267
2749,27.48,18.238839106236412,64.53738875833602,46.29855
2750,27.49,17.583994942397666,64.00081546852071,46.41682
2751,27.5,17.71154001375944,63.92637613436491,46.214836
2752,27.51,17.655566116667522,63.912634750700725,46.25707
2753,27.52,16.99277377616844,63.49153018485985,46.498756
2754,27.53,17.12858184654693,63.630058134388726,46.501476
2755,27.54,17.35011891479511,63.41623143310566,46.066113
2756,27.55,61.05944052495951,63.777367265605875,2.7179267
2757,27.56,37.849357297612656,63.86914222498082,26.019785
2758,27.57,17.603842517846438,63.77970006179175,46.175858
2759,27.58,17.686082820598543,64.11216161698526,46.42608
2760,27.59,17.471615270098894,63.8951878103821,46.423573
2761,27.6,17.45287388360765,63.5943037847307,46.14143
2762,27.61,17.544034078593583,63.485413625712724,45.94138
2763,27.62,17.333698188367414,63.45289221912913,46.119194
2764,27.63,17.34775560110745,63.54537217825589,46.197617
2765,27.64,17.983504900290313,64.18269694740945,46.199192
2766,27.65,17.434292259599495,63.790398064042854,46.356106
2767,27.66,17.89855237656557,63.94195600205385,46.043404
2768,27.67,17.680489065619255,63.97935533759191,46.298866
2769,27.68,17.356554682591785,63.53546016965233,46.178905
2770,27.69,17.746647057250442,63.972709831908645,46.226063
2771,27.7,18.34992914275317,64.55923776702075,46.20931
2772,27.71,17.593892223711094,64.12918580281266,46.535294
2773,27.72,18.197711350990318,64.71182573087313,46.514114
2774,27.73,18.48361627369394,64.81224099903574,46.328625
2775,27.74,18.951400802963335,65.29455952488716,46.34316
2776,27.75,19.168759517325327,65.56244390453236,46.393684
2777,27.76,18.743048598476378,65.19090931624982,46.44786
2778,27.77,19.4902460354253,65.27853796657764,45.788292
2779,27.78,18.82566303601297,65.26210255017313,46.43644
2780,27.79,18.94755793044,65.48621225783258,46.538654
2781,27.8,19.00910433060227,65.28109224564133,46.271988
2782,27.81,18.630837725374747,64.87911348221068,46.248276
2783,27.82,18.62126604288578,64.66987291544437,46.048607
2784,27.83,18.65683238115689,64.90135829058072,46.244526
2785,27.84,18.63367412909001,64.94549511297673,46.31182
2786,27.85,19.344254752416205,65.75033309103925,46.40608
2787,27.86,19.146906403501276,65.57248165984893,46.425575
2788,27.87,18.80201131680454,64.83577520230259,46.033764
2789,27.88,18.024615032608367,64.54668305629001,46.522068
2790,27.89,18.488398937378122,64.8422159234621,46.353817
2791,27.9,18.885180154809788,65.03318659401877,46.148006
2792,27.91,18.951823961183422,64.91891838257014,45.967094
2793,27.92,18.25186677507766,64.61602922014602,46.364162
2794,27.93,18.12411332078554,64.45345520921327,46.32934
2795,27.94,18.841588794688874,65.10243779371231,46.26085
2796,27.95,18.08361034714666,64.41240291916814,46.328793
2797,27.96,18.674437820406965,64.88053828427415,46.2061
2798,27.97,19.03985982516086,65.29570775606906,46.255848
2799,27.98,18.296072490937902,64.60869074655314,46.31262
2800,27.99,18.928472269328083,65.16107343509957,46.2326
2801,28.0,18.543121072966358,64.98371860714605,46.440598
2802,28.01,17.770563812597274,64.1375262454586,46.366962
2803,28.02,17.94425856632857,64.2482327179399,46.303974
2804,28.03,18.481430535657196,64.7683949521611,46.286964
2805,28.04,18.601834882115483,65.01128922781861,46.409454
2806,28.05,19.141888926261586,65.35331470751159,46.211426
2807,28.06,19.29105818785112,65.27434981382768,45.98329
2808,28.07,19.258914928724224,65.30047224073594,46.041557
2809,28.08,19.03590440820126,65.55378389428525,46.51788
2810,28.09,19.06544402013283,65.49417021642189,46.428726
2811,28.1,19.391586613685448,65.48150665763076,46.08992
2812,28.11,19.055710482024338,65.3362433189384,46.280533
2813,28.12,18.720566506379853,65.00613474368454,46.28557
2814,28.13,18.815283550635442,65.22482181967841,46.40954
2815,28.14,19.159979027606553,65.48227135548741,46.322292
2816,28.15,19.32858524798138,65.77562962053997,46.447044
2817,28.16,19.43868847888595,65.68943234485275,46.250744
2818,28.17,19.65102477633367,66.07178207003484,46.420757
2819,28.18,18.909562468111346,65.40844476181252,46.498882
2820,28.19,19.129346565619173,65.30449076117581,46.175144
2821,28.2,18.850727160535754,65.06137855824083,46.21065
2822,28.21,18.748354382360176,65.16244358524104,46.41409
2823,28.22,18.76664560544286,65.1107236694077,46.344078
2824,28.23,19.13156021238794,65.63164795042505,46.500088
2825,28.24,19.832975029641304,66.17006456821552,46.33709
2826,28.25,19.562350091540736,65.99052315672628,46.428173
2827,28.26,19.459240405465664,65.83023115863949,46.37099
2828,28.27,19.222794667196084,65.53630556197147,46.31351
2829,28.28,19.279368238355218,65.76256068220287,46.483192
2830,28.29,19.333290648167235,65.62991769284497,46.296627
2831,28.3,19.81685508388425,66.09408057826901,46.277225
2832,28.31,19.960423704020997,65.89990734659912,45.939484
2833,28.32,19.328283954987313,65.61757915152052,46.289295
2834,28.33,19.582852381098505,65.93724920116686,46.354397
2835,28.34,20.070826451171797,66.5112332504882,46.440407
2836,28.35,20.371779907870618,66.64910076968702,46.27732
2837,28.36,20.055223005118464,66.44739677220831,46.392174
2838,28.37,20.004922454056313,66.4646735832067,46.45975
2839,28.38,19.636513189155153,66.1799435175243,46.54343
2840,28.39,19.984408080266405,66.32361477582305,46.339207
2841,28.4,20.297064858410792,66.58700092408462,46.289936
2842,28.41,20.812339751317495,67.26404949863195,46.45171
2843,28.42,20.71688922528803,67.19153674726068,46.474648
2844,28.43,21.225705982020287,67.27763164119997,46.051926
2845,28.44,21.43349600461083,67.65909338620263,46.225597
2846,28.45,22.071228453930956,68.46636242609893,46.395134
2847,28.46,22.045584633446396,68.48956198940343,46.443977
2848,28.47,21.341574966735166,67.81927043182306,46.477695
2849,28.48,21.507400715965517,67.45282002748895,45.94542
2850,28.49,21.75629967908202,67.84906930188475,46.09277
2851,28.5,21.69314385226464,67.6429882126162,45.949844
2852,28.51,21.876132145125425,67.69078363438324,45.81465
2853,28.52,21.949249358421127,67.83117303395824,45.881924
2854,28.53,21.216083218583165,67.2174221773234,46.00134
2855,28.54,32.543693505066315,67.84173198773233,35.29804
2856,28.55,21.845591143608345,67.96763093853022,46.12204
2857,28.56,22.532388886416285,68.54887982269558,46.01649
2858,28.57,22.527963643566054,68.43954277564613,45.91158
2859,28.58,21.877250625749625,68.08048625197033,46.203236
2860,28.59,42.46825344283947,68.3868287297047,25.918575
2861,28.6,42.35797121800458,68.27998545445477,25.922014
2862,28.61,41.75788156922481,67.94943468506953,26.191553
2863,28.62,21.657795141613306,67.38454456177932,45.72675
2864,28.63,42.111618956282285,68.03130622740045,25.919687
2865,28.64,21.785292580687752,67.99827094372486,46.21298
2866,28.65,42.146714600379624,68.26715412979857,26.12044
2867,28.66,42.29080011968327,68.21925547246647,25.928455
2868,28.67,21.5969583161817,67.65759674391607,46.06064
2869,28.68,41.15419040344074,67.21150813720539,26.057318
2870,28.69,41.078996510599964,67.07106575498473,25.99207
2871,28.7,40.330818455987014,66.45024518328194,26.119427
2872,28.71,41.07231595669536,67.11206128750591,26.039745
2873,28.72,21.15156589468988,67.1295474620727,45.97798
2874,28.73,20.681815205429658,66.66387086949216,45.982056
2875,28.74,40.31773142682408,66.58460383282994,26.266872
2876,28.75,40.76499227562047,66.77969030418492,26.014698
2877,28.76,40.37693987548151,66.54622088134089,26.169281
2878,28.77,40.541998030884244,66.5763551018071,26.034357
2879,28.78,40.64311350547986,66.85969485008435,26.216581
2880,28.79,31.600678591287434,66.9602901025179,35.35961
2881,28.8,20.499691632055658,66.74087205197753,46.24118
2882,28.81,32.06593029967563,67.43417828551547,35.368248
2883,28.82,32.25919777357113,67.55635887586605,35.29716
2884,28.83,32.30054751872396,67.64985934733724,35.34931
2885,28.84,32.41047864099477,67.77324872156117,35.36277
2886,28.85,41.69451503402033,67.70890788680353,26.014393
2887,28.86,32.49322122776128,67.85203165256597,35.35881
2888,28.87,65.39990193755982,68.09172851951477,2.6918266
2889,28.88,41.49855811822708,67.6921921514302,26.193634
2890,28.89,65.92161669637132,68.53484525586533,2.6132286
2891,28.9,42.44089626277999,68.37903903926924,25.938143
2892,28.91,42.06722176657114,68.16174042807016,26.094519
2893,28.92,41.84441405429001,67.78525191439743,25.940838
2894,28.93,65.5695991194046,68.17262717841034,2.603028
2895,28.94,41.631173903228714,67.71072941470332,26.079556
2896,28.95,21.50512895722501,67.71715364594571,46.212025
2897,28.96,21.278856582263742,67.58280784569148,46.30395
2898,28.97,41.47689625314334,67.33404346994021,25.857147
2899,28.98,41.17971315870459,67.13364305982763,25.95393
2900,28.99,40.99599774371781,66.98900731097855,25.99301
2901,29.0,21.900928502434112,67.79642487084232,45.895496
2902,29.01,21.218980473752424,67.51090781139891,46.291927
2903,29.02,22.564487689235477,68.52465462038782,45.960167
2904,29.03,21.805648477843093,68.11436048345833,46.308712
2905,29.04,21.776753480257923,67.84270578128331,46.065952
2906,29.05,21.599336621529744,67.80148505902974,46.20215
2907,29.06,21.415271355805956,67.78659780233916,46.371326
2908,29.07,22.07577068854404,68.14449245978427,46.06872
2909,29.08,22.01353918974175,68.17717825834526,46.16364
2910,29.09,22.300791735572673,68.36975764743791,46.068966
2911,29.1,21.739548008875772,67.86143903060429,46.12189
2912,29.11,21.784578983423643,67.93021268093341,46.145634
2913,29.12,22.003745151040093,67.88815982389166,45.884415
2914,29.13,21.158840200492705,67.49251939971145,46.33368
2915,29.14,21.332817665777597,67.51535855933228,46.18254
2916,29.15,21.99239743848402,67.87584317823011,45.883446
2917,29.16,21.983275919897636,68.15886643503435,46.17559
2918,29.17,22.54188768484984,68.56886140921507,46.026974
2919,29.18,22.261080409414006,68.26314416063471,46.002064
2920,29.19,22.24659931590341,68.44717991282724,46.20058
2921,29.2,22.233741329549986,68.3727336391203,46.138992
2922,29.21,22.464390348232556,68.83415276888685,46.369762
2923,29.22,22.26599617270216,68.5562526729463,46.290257
2924,29.23,21.915028384760333,68.407929233149,46.4929
2925,29.24,21.86787355653925,68.24727953188105,46.379406
2926,29.25,21.992830556868398,68.27012090110668,46.27729
2927,29.26,21.619731246979512,68.06806498721389,46.448334
2928,29.27,21.75998097009628,68.0472658211705,46.287285
2929,29.28,21.158998291464528,67.59832934615203,46.43933
2930,29.29,20.67279779346046,67.16566430957374,46.492867
2931,29.3,21.19847379764748,67.67235838016701,46.473885
2932,29.31,21.126594069028087,67.5082392716648,46.381645
2933,29.32,41.1637156712187,67.29181892744428,26.128103
2934,29.33,21.235695115081384,67.58154319857748,46.345848
2935,29.34,20.96632844540852,67.26384431454915,46.297516
2936,29.35,20.824190756565287,66.8848253696024,46.060635
2937,29.36,20.84062976540457,66.74835605324637,45.907726
2938,29.37,21.356787745528308,67.23016268449315,45.873375
2939,29.38,20.204166471996572,66.67536169294384,46.471195
2940,29.39,19.520529035232073,65.9049360786891,46.384407
2941,29.4,19.6792603002023,65.65853886465543,45.97928
2942,29.41,19.955235536547107,66.18561654851,46.23038
2943,29.42,19.45597645823399,65.77581593577305,46.31984
2944,29.43,19.633341959355462,65.62763898694335,45.994297
2945,29.44,19.163180058258334,65.52102917935208,46.35785
2946,29.45,19.06609571718755,65.37075651430669,46.30466
2947,29.46,18.67162743555629,65.01052895533168,46.3389
2948,29.47,18.331790042072058,64.50889499202323,46.177105
2949,29.48,18.680619979229746,64.68799760374147,46.007378
2950,29.49,18.58160083955825,64.42698352998794,45.845383
2951,29.5,17.835275558539344,63.97158613593192,46.13631
2952,29.51,17.835051028833917,63.97262045632415,46.13757
2953,29.52,17.220376941702106,63.51957509233687,46.2992
2954,29.53,17.211838063775815,63.22960310894183,46.017765
2955,29.54,17.393613569446146,63.34594129771763,45.952328
2956,29.55,16.883505794858024,63.25288674578576,46.36938
2957,29.56,17.586691801792227,63.523383085971915,45.93669
2958,29.57,17.698761313856316,63.84838137000866,46.14962
2959,29.58,17.445443360575695,63.383675782450695,45.938232
2960,29.59,17.567251189422457,63.68322180099472,46.11597
2961,29.6,17.845817977151924,63.941189223489815,46.09537
2962,29.61,17.703278083625364,64.10706378919177,46.403786
2963,29.62,17.8773420687763,64.21734222136419,46.34
2964,29.63,17.378931777573875,63.62567402610903,46.246742
2965,29.64,17.439394406521977,63.88516467019385,46.44577
2966,29.65,17.609316020326517,64.16682258160581,46.557507
2967,29.66,17.209515754278655,63.48729437976694,46.27778
2968,29.67,17.702827086922042,63.69840966748845,45.995583
2969,29.68,17.770306241688594,63.637684476551875,45.86738
2970,29.69,16.936519216414048,63.40328175913866,46.466763
2971,29.7,16.796262182138804,63.29368726148451,46.497425
2972,29.71,17.14983154496303,63.15855957230678,46.008728
2973,29.72,17.35263255310771,63.593378097541304,46.240746
2974,29.73,17.194214590329736,63.43766856982192,46.243454
2975,29.74,17.037988073735463,62.869180090337025,45.831192
2976,29.75,16.786372153613215,62.922209708544855,46.135838
2977,29.76,16.485199136414096,62.70531479803519,46.220116
2978,29.77,16.74704612590311,62.758665693774205,46.01162
2979,29.78,17.142538810862185,63.225371147287966,46.082832
2980,29.79,16.86528128680962,63.162553015325244,46.29727
2981,29.8,16.720066408470238,62.86584887917336,46.145782
2982,29.81,17.31013438597477,63.40942714110172,46.099293
2983,29.82,17.307387085862544,63.39781066984692,46.090424
2984,29.83,17.669319352318873,63.56235142629348,45.893032
2985,29.84,16.88720530132577,62.95432871441171,46.067123
2986,29.85,16.474001755287347,62.80612837271899,46.332127
2987,29.86,17.28159843330114,63.442807539746454,46.16121
2988,29.87,17.047060514409047,63.31845715137194,46.271397
2989,29.88,17.10687924967779,63.33751966105474,46.23064
2990,29.89,16.932091020204048,63.11994960174702,46.18786
2991,29.9,16.949945759083484,63.180151294972156,46.230206
2992,29.91,17.32594875222277,63.21360973244738,45.88766
2993,29.92,17.0411334173668,62.99486113953477,45.953728
2994,29.93,16.47061373399147,62.29618670152077,45.825573
2995,29.94,16.55011038877293,62.72774939634129,46.17764
2996,29.95,15.906131251272477,62.01295803349904,46.106827
2997,29.96,15.780676841689505,61.84812831874029,46.06745
2998,29.97,15.740933219300594,61.6600883401502,45.919155
2999,29.98,15.80593279494569,61.88028505934999,46.074352
3000,29.99,15.427273805333243,61.51446252603637,46.08719
3001,30.0,16.042650601059712,61.85954894700698,45.8169
3002,30.01,16.22826788225406,62.120456908132965,45.89219
3003,30.02,15.558095725191379,61.747865470064426,46.18977
3004,30.03,16.389019185983187,62.29941576191092,45.910397
3005,30.04,15.931099470842994,62.03234535096995,46.101246
3006,30.05,15.936385047092365,62.15883911813729,46.222454
3007,30.06,15.7582706826989,62.122436942464525,46.364166
3008,30.07,16.41144355453386,62.508031689299486,46.09659
3009,30.08,15.954145677061135,62.144609696836525,46.190464
3010,30.09,16.47913525604325,62.4769990255745,45.997864
3011,30.1,15.117075725929752,61.533629223244205,46.416553
3012,30.11,15.131807503674288,61.48488443848874,46.353077
3013,30.12,15.206776725781303,61.4115000839356,46.204723
3014,30.13,14.672791893871853,60.979142601879666,46.30635
3015,30.14,14.765238043629509,61.003610846363884,46.238373
3016,30.15,14.77767446251184,61.07258489342004,46.29491
3017,30.16,14.833089258927828,61.184052851457125,46.350964
3018,30.17,15.350959753496909,61.13002011726644,45.77906
3019,30.18,14.765367147273572,61.132970449275525,46.367603
3020,30.19,14.720997856034934,60.993989036454856,46.27299
3021,30.2,14.327720332746885,60.66068999827423,46.33297
3022,30.21,14.31853679858758,60.66731075488641,46.348774
3023,30.22,14.519223302996807,60.680523962176494,46.1613
3024,30.23,13.861449969200443,60.15216423311646,46.290714
3025,30.24,13.881971340847592,60.253183346462826,46.371212
3026,30.25,14.285991632729846,60.575656854897815,46.289665
3027,30.26,14.52628166342857,60.60841591025474,46.082134
3028,30.27,14.218857172488612,60.46142995691244,46.242573
3029,30.28,13.681201632278501,59.89984863545233,46.218647
3030,30.29,14.06090524926659,60.11389902368065,46.052994
3031,30.3,13.718168409365553,60.132021101015944,46.413853
3032,30.31,13.646320204349664,60.183166365238336,46.536846
3033,30.32,14.047653093889053,60.39101399476796,46.34336
3034,30.33,14.38228628051187,60.48812124144937,46.105835
3035,30.34,14.478472749068565,60.77939514286739,46.300922
3036,30.35,14.780025605672954,60.984630708212016,46.204605
3037,30.36,14.586089176487924,60.80594925339222,46.21986
3038,30.37,14.848627489837767,61.113146227630736,46.26452
3039,30.38,14.668173368486727,60.89034515193399,46.22217
3040,30.39,14.454584896746404,60.65218240040851,46.197598
3041,30.4,14.004226617486147,60.37009423223224,46.365868
3042,30.41,14.248022869702716,60.622309521314044,46.374287
3043,30.42,14.330383821387798,60.46885351743272,46.13847
3044,30.43,14.470471856371105,60.78658437468165,46.316113
3045,30.44,14.538669854441473,60.946087151804754,46.407417
3046,30.45,15.043002277441992,61.24297252280332,46.19997
3047,30.46,14.046677052751022,60.401760518327194,46.355083
3048,30.47,13.884482500378425,60.28840934974366,46.403927
3049,30.48,14.038405720776595,60.33711559016136,46.29871
3050,30.49,14.413343425292382,60.305543895263085,45.8922
3051,30.5,14.086112000331909,59.96430108724597,45.87819
3052,30.51,13.669688394474875,59.994326761174094,46.32464
3053,30.52,13.508372794767673,59.85202361263877,46.34365
3054,30.53,13.022545070127421,59.38390752740281,46.361362
3055,30.54,13.095238049913533,59.4664576849233,46.37122
3056,30.55,12.989377622931421,59.30041659387869,46.31104
3057,30.56,12.80119583041148,59.19688674838023,46.39569
3058,30.57,12.672992132568957,59.053599737549426,46.380608
3059,30.58,12.85350299568428,59.076212651446,46.22271
3060,30.59,12.529937266098457,58.770644663559395,46.240707
3061,30.6,12.584573427180231,58.85204855535406,46.267475
3062,30.61,12.969419644632268,58.97296349839203,46.003544
3063,30.62,13.50182769578511,59.52225539964253,46.020428
3064,30.63,13.87904663845606,59.98243256374903,46.103386
3065,30.64,14.055731402141312,60.29080830643819,46.235077
3066,30.65,14.154771205414598,60.31737267636186,46.1626
3067,30.66,14.03232668107664,60.1735772914282,46.14125
3068,30.67,13.64991961986702,59.99801456005257,46.348095
3069,30.68,13.620723527804415,59.81705073727707,46.196327
3070,30.69,13.390475834174026,59.68504675702559,46.29457
3071,30.7,13.516712255134358,60.008735723151936,46.492023
3072,30.71,13.51354681072938,59.76599966107118,46.252453
3073,30.72,14.236127083455798,60.31733435884642,46.081207
3074,30.73,14.222859091926715,60.370564170051715,46.147705
3075,30.74,14.125447611550399,60.57629905198009,46.45085
3076,30.75,14.679479359971616,60.93077635704193,46.251297
3077,30.76,14.726856925066102,60.90102837282001,46.17417
3078,30.77,14.410204155040496,60.828802330089324,46.4186
3079,30.78,14.758825051817254,60.9821641326278,46.22334
3080,30.79,14.503412794625845,60.45991761640319,45.956505
3081,30.8,14.107583485649123,60.32369371514131,46.21611
3082,30.81,14.653667920612996,60.50306748726339,45.8494
3083,30.82,14.132146949503088,60.42159854862418,46.28945
3084,30.83,14.72696717356093,60.66469605539687,45.93773
3085,30.84,14.731834127286213,60.8334309595616,46.101597
3086,30.85,13.970371913692524,60.37920827843862,46.408836
3087,30.86,13.824426348138857,60.449594194818545,46.625168
3088,30.87,14.136603517339388,60.54545132617728,46.408848
3089,30.88,14.081305906738478,60.50594274755879,46.424637
3090,30.89,14.566495266847525,60.83298620312682,46.26649
3091,30.9,14.781538983275496,61.26729490368565,46.485756
3092,30.91,14.931910259294312,61.18816636280994,46.256256
3093,30.92,14.27967617707779,60.61783001618912,46.338154
3094,30.93,57.71231789615493,60.19934864070754,2.4870307
3095,30.94,14.206104641387995,60.59595525784307,46.38985
3096,30.95,13.588042087381083,60.03044397336741,46.4424
3097,30.96,13.432508845205533,59.81645431029342,46.383945
3098,30.97,13.544355410408208,59.85536386377735,46.31101
3099,30.98,13.709471219651213,60.00429391252231,46.294823
3100,30.99,13.642624123120186,59.9776499104737,46.335026
3101,31.0,13.848171584483978,60.06902348267734,46.22085
3102,31.01,14.237358345776691,60.455772652417316,46.218414
3103,31.02,14.306539987363742,60.63660285357468,46.330063
3104,31.03,14.309850851665416,60.64921013511268,46.33936
3105,31.04,14.373997186656005,60.64697692298413,46.27298
3106,31.05,14.14107097919267,60.55980648334306,46.418736
3107,31.06,13.850509212128095,60.14977984201091,46.29927
3108,31.07,13.935729071662685,60.179923102424404,46.244194
3109,31.08,14.320970119838918,60.38714748800298,46.066177
3110,31.09,14.157260678081308,60.418056271343026,46.260796
3111,31.1,14.390282213808717,60.59217506659192,46.201893
3112,31.11,14.4038738354648,60.568569575210894,46.164696
3113,31.12,13.838807151417427,60.04119972954243,46.202393
3114,31.13,13.880758108082148,59.99552709001574,46.11477
3115,31.14,13.357350092335693,59.77675316850757,46.419403
3116,31.15,13.497887478582555,59.699215756170446,46.20133
3117,31.16,13.101125050020315,59.57964448971758,46.47852
3118,31.17,13.191320771105055,59.561750763780836,46.37043
3119,31.18,12.876761205826632,59.22508884254538,46.348328
3120,31.19,12.993330528965615,59.28335433267655,46.290024
3121,31.2,12.870753032333248,59.270090800887935,46.399338
3122,31.21,13.45422669453049,59.63999863666916,46.185772
3123,31.22,13.148199642059502,59.346911037323174,46.19871
3124,31.23,13.02178542422594,59.14385573672594,46.12207
3125,31.24,12.772849655047182,59.19721183766437,46.424362
3126,31.25,12.9377906503789,59.335221070300776,46.39743
3127,31.26,12.928422932142752,59.29700661134197,46.368584
3128,31.27,12.87631921750507,59.438937473120305,46.56262
3129,31.28,13.170479061278257,59.66266274658099,46.492184
3130,31.29,13.251089969375421,59.7307843358305,46.479694
3131,31.3,13.535978573670917,59.873678463807636,46.3377
3132,31.31,12.859771685873191,59.272968249593895,46.413197
3133,31.32,12.965558623503433,59.411862944792496,46.446304
3134,31.33,13.508135066126606,59.480024561976215,45.97189
3135,31.34,12.781039442103378,59.110980238001815,46.32994
3136,31.35,12.214685734269331,58.68149405336113,46.46681
3137,31.36,12.012066808801443,58.38773056612566,46.375664
3138,31.37,12.363278579155022,58.73427696172338,46.371
3139,31.38,12.057401942472836,58.569811152677914,46.51241
3140,31.39,32.39216827823916,58.573221439860255,26.181053
3141,31.4,12.635483319266925,58.77353721330989,46.138054
3142,31.41,12.104904547573128,58.445167914272346,46.340263
3143,31.42,12.3787041927298,58.88175213584503,46.503048
3144,31.43,12.300558520971073,58.67647404831482,46.375916
3145,31.44,12.299824063972252,58.7117503335035,46.411926
3146,31.45,12.424024387220094,58.72985629639978,46.305832
3147,31.46,12.777448728324565,59.170358731986674,46.39291
3148,31.47,12.697189583893675,58.62277628433313,45.925587
3149,31.48,12.3089719074976,58.60408451736088,46.295113
3150,31.49,12.391894322834801,58.743018132649254,46.351124
3151,31.5,12.360401006897426,58.835971685608364,46.47557
3152,31.51,12.694380387699908,58.719320878422565,46.02494
3153,31.52,12.08778950645224,58.546438188092864,46.45865
3154,31.53,12.064376345575852,58.36727856725554,46.302902
3155,31.54,11.982464045510895,58.46521016977847,46.482746
3156,31.55,12.055972739091672,58.47523467146472,46.419262
3157,31.56,12.349382929866401,58.83896499163398,46.489582
3158,31.57,13.246809328781616,59.017336214767944,45.770527
3159,31.58,12.723362699504051,59.29998852347866,46.576626
3160,31.59,12.39459596924587,58.9027823095779,46.508186
3161,31.6,12.503208638010307,58.971374989328666,46.468166
3162,31.61,12.59698490764989,59.04840092327489,46.451416
3163,31.62,12.542291721844634,59.039579472088775,46.497288
3164,31.63,12.385392433498964,58.83130765566693,46.445915
3165,31.64,12.399080813579012,58.676928103618074,46.277847
3166,31.65,12.138095439809014,58.49838978185003,46.360294
3167,31.66,12.411870000623082,58.717644689343786,46.305775
3168,31.67,12.595577770268818,58.92982154468288,46.334244
3169,31.68,12.541882938828145,58.978528446640645,46.436646
3170,31.69,12.876305703549924,59.21829712811047,46.34199
3171,31.7,13.392713499214757,59.738279295113195,46.345566
3172,31.71,13.358822219893192,59.53385197453186,46.17503
3173,31.72,13.349565053946186,59.55441048241298,46.204845
3174,31.73,13.076037440120317,59.62343505364571,46.547398
3175,31.74,13.214965955925365,59.645378248405834,46.430412
3176,31.75,13.644251048921411,60.05377787387258,46.409527
3177,31.76,13.434391682513485,59.769135182269345,46.334743
3178,31.77,13.680312933033278,60.05079633147078,46.370483
3179,31.78,13.77383653826194,60.238447591728736,46.46461
3180,31.79,13.69928522206741,60.0689599046846,46.369675
3181,31.8,13.590180326426875,59.70515530201281,46.114975
3182,31.81,13.470078996459208,59.47375636462327,46.003677
3183,31.82,13.438769766571959,59.77915901828094,46.34039
3184,31.83,13.299596160281382,59.71819433533021,46.4186
3185,31.84,13.275748115766156,59.67209134696733,46.396343
3186,31.85,13.487377953974608,60.02957613512695,46.5422
3187,31.86,13.527759528246513,60.16266629704534,46.634907
3188,31.87,13.46371639988979,59.81334484837612,46.34963
3189,31.88,13.209973752915062,59.57015365403811,46.36018
3190,31.89,13.084135912206875,59.40569200351547,46.321556
3191,31.9,12.921837166788087,59.33797486210059,46.416138
3192,31.91,13.258470118088212,59.625741541428056,46.36727
3193,31.92,13.094169571011015,59.50830455025906,46.414135
3194,31.93,13.271371974761855,59.540922298248184,46.26955
3195,31.94,13.626005635822999,59.88757561262964,46.26157
3196,31.95,14.22566805693237,60.373483761278074,46.147816
3197,31.96,13.470175903132798,59.94729534893358,46.47712
3198,31.97,13.373510814407254,59.77176902363577,46.39826
3199,31.98,13.716198053509501,59.78953560844114,46.073338
3200,31.99,13.74460650820619,59.760044588040174,46.015438
3201,32.0,13.505759537905746,59.7757065899077,46.269947
3202,32.01,13.830766701714943,60.213159585015724,46.382393
3203,32.02,13.636997554526765,59.94109377645059,46.304096
3204,32.03,12.928543729257484,59.43975893921842,46.511215
3205,32.04,33.3825073612637,59.54732326397366,26.164816
3206,32.05,13.296435857272535,59.85417130038777,46.557735
3207,32.06,13.273343324212007,59.67653012230771,46.403187
3208,32.07,13.837355388689403,59.790854229021434,45.9535
3209,32.08,13.490561649768487,59.695040867297784,46.20448
3210,32.09,13.53271153449429,59.731541185373196,46.19883
3211,32.1,13.620933768276302,60.11971687984857,46.498783
3212,32.11,13.638970455784367,60.05595119919257,46.41698
3213,32.12,14.208566659888973,60.44120978733038,46.232643
3214,32.13,57.70081184517427,60.21774218689485,2.5169303
3215,32.14,14.25785409703495,60.553145997669716,46.29529
3216,32.15,14.423061854093092,60.73953295394661,46.31647
3217,32.16,14.597289308559311,60.91285251046361,46.315563
3218,32.17,14.181075539454518,60.141570534571706,45.960495
3219,32.18,13.83770350841651,60.22197322277198,46.38427
3220,32.19,14.108912249942023,60.23078419818421,46.121872
3221,32.2,14.053054182430422,60.280268995662844,46.227215
3222,32.21,13.855921042191397,60.01586366914452,46.159943
3223,32.22,13.625833476546639,60.022294963363045,46.39646
3224,32.23,13.771986958534683,59.998862263710464,46.226875
