frame,time_ns,Rg,Rg_parallel,Rg_perp,F_index,Rg_x,Rg_y,Rg_z
900,8.99,21.62800978075479,18.90674523749921,10.50265640686802,1.8001869722345185,14.91745885654049,11.616128302456062,10.50265640686802
901,9.0,21.44472323920152,18.66716556631033,10.55523967164685,1.768521241299094,14.677827297176172,11.533622852959605,10.55523967164685
902,9.01,21.632521575991408,18.834858183169384,10.640211790919912,1.7701582029826302,14.934696951634818,11.476354375102416,10.640211790919912
903,9.02,21.600256856080527,18.826549855142233,10.589245336684659,1.777893443446892,15.021052857532604,11.349314979300186,10.589245336684659
904,9.03,21.40680265235354,18.64965792909799,10.509113136913266,1.7746176757381227,14.86134003231294,11.2672229638159,10.509113136913266
905,9.04,21.437937359041015,18.713974262757766,10.458122465481383,1.7894200727258716,14.936149113990254,11.274940458903018,10.458122465481383
906,9.05,21.488724027088153,18.70652042629903,10.575034461069757,1.7689323373048091,15.072667971059445,11.079196121278002,10.575034461069757
907,9.06,21.40363137427419,18.611093758769872,10.570838429760041,1.7606071535796186,14.834674417043482,11.238560665763142,10.570838429760041
908,9.07,21.640877530590277,18.7934167483102,10.730100988263851,1.7514669031415153,15.042803351163702,11.265282083191897,10.730100988263851
909,9.08,21.46772907216463,18.63144669370546,10.664548073663246,1.747045122307335,15.019873897468793,11.024254804952744,10.664548073663246
910,9.09,21.40069068263008,18.632718871437593,10.52669697253528,1.7700441952543482,14.979481160800999,11.081216390596953,10.52669697253528
911,9.1,21.335680371707845,18.528279208835162,10.578947323960268,1.751429385310431,14.898802219148426,11.014663992843872,10.578947323960268
912,9.11,21.313969013272104,18.432292341718043,10.702143436161087,1.7222991311663638,14.810192481523938,10.973039671429675,10.702143436161087
913,9.12,21.037805491233332,18.168399127628152,10.60653256376315,1.7129442650937459,14.551375777803495,10.87879542201034,10.60653256376315
914,9.13,20.860369727578494,17.998898135326,10.544889334906813,1.7068835493364674,14.215779667342357,11.039562606164136,10.544889334906813
915,9.14,20.79974227004811,18.0227859926076,10.383085454964407,1.735783267004748,14.332026045835653,10.927664176612547,10.383085454964407
916,9.15,21.27237446879408,18.56135120627822,10.391831260071365,1.786148248730393,14.829389536071202,11.163017718801125,10.391831260071365
917,9.16,21.372170283138132,18.673815299581282,10.39510869440896,1.796404044300667,14.997870406527614,11.125433075250562,10.39510869440896
918,9.17,21.20797290917386,18.563051085251814,10.256278531835203,1.8099207258883054,14.750832804391113,11.269418670480198,10.256278531835203
919,9.18,21.053384992959153,18.296222643322977,10.416009631702213,1.7565481686611073,14.492231535854728,11.168123751338994,10.416009631702213
920,9.19,21.20824476347594,18.431556810805333,10.491299227338823,1.7568421614336702,14.891290864237634,10.86147977333739,10.491299227338823
921,9.2,21.214799398245443,18.41228650675085,10.538283498801682,1.7471807917147537,14.72916581499557,11.048256369266838,10.538283498801682
922,9.21,21.199804889658196,18.344647278095472,10.625706734229025,1.7264402017609903,14.806333375413827,10.830446700567906,10.625706734229025
923,9.22,21.253318139070366,18.445802100361007,10.55726843434677,1.7472135159839135,14.96695311477733,10.78136955983514,10.55726843434677
924,9.23,21.195747553128562,18.46135324541723,10.413364042607858,1.7728519976714348,14.802763668659725,11.03176102994825,10.413364042607858
925,9.24,21.1071068403775,18.27125404947659,10.567461125104552,1.729010765515905,14.754487420527221,10.777004477034362,10.567461125104552
926,9.25,21.116315639642778,18.345821523609956,10.456080471040368,1.7545600929929117,14.706544020394121,10.967530731771863,10.456080471040368
927,9.26,21.433106946244976,18.74726663418193,10.388362099776058,1.8046412373887184,15.101683573617558,11.108517430127238,10.388362099776058
928,9.27,21.556545159898285,18.835455234632466,10.48380967658659,1.7966231566276465,15.188692061734438,11.139030808362495,10.48380967658659
929,9.28,21.734983706911006,19.012749376685708,10.532088011359575,1.8052212776971823,15.263925363784905,11.335661487071086,10.532088011359575
930,9.29,21.51241377498109,18.792204093945738,10.470769394723828,1.7947300131941635,15.106244069763049,11.178028664002417,10.470769394723828
931,9.3,21.467664418274733,18.829714651418087,10.310308517296175,1.8262998260265526,15.02976554102094,11.343028768180417,10.310308517296175
932,9.31,21.44148844566255,18.68706268384163,10.513377907012293,1.777455623599109,14.960426469823163,11.197854776288217,10.513377907012293
933,9.32,21.544439745189294,18.734949134996167,10.637883475729486,1.7611538214100837,15.10382029265017,11.084806342838048,10.637883475729486
934,9.33,21.54159763496921,18.690607686762366,10.709883891361786,1.745173699019982,15.108269989805933,11.003590033056936,10.709883891361786
935,9.34,21.175445745332116,18.310633797651057,10.635797687142365,1.7216041839331728,14.76278020247858,10.8323418873754,10.635797687142365
936,9.35,21.213611022479366,18.32468982200529,10.687517744563229,1.714588013790865,14.638556091910386,11.023018307918099,10.687517744563229
937,9.36,21.186952855267794,18.38656517520554,10.527164497112171,1.7465828695133787,14.50392995483855,11.300521882073332,10.527164497112171
938,9.37,21.15330870499498,18.405605394478478,10.425745020455908,1.7653995334017498,14.512261480694402,11.320802827238392,10.425745020455908
939,9.38,21.248726232089563,18.465342677875352,10.513776023623782,1.7562997952766835,14.4548898522359,11.490214948863771,10.513776023623782
940,9.39,21.144313863900887,18.210236774930344,10.745663561461699,1.6946591218656453,14.547497632777308,10.953676826680807,10.745663561461699
941,9.4,21.12021296646112,18.10284457037165,10.878897655996132,1.6640329877902555,14.432912804663298,10.927214169769924,10.878897655996132
942,9.41,21.40505144477062,18.415636449866074,10.910571089527846,1.6878709921556463,14.694909787639919,11.09933746611754,10.910571089527846
943,9.42,21.280731226721414,18.211863990116278,11.008975045364666,1.6542742548757425,14.367780451637184,11.191017598415543,11.008975045364666
944,9.43,21.525202703851352,18.462454446610362,11.066712576403473,1.6682871556613972,14.662150325345706,11.219784847764574,11.066712576403473
945,9.44,21.43436110941584,18.49290879192816,10.837165707982152,1.7064340705159784,14.641477115882571,11.296673114313824,10.837165707982152
946,9.45,21.55345705795409,18.656233194391106,10.793353239173191,1.7284927844926383,14.70219165887187,11.484798536731022,10.793353239173191
947,9.46,21.7643464855463,18.828975224059675,10.915881547298806,1.7249156783603068,14.850484471893774,11.575552640729299,10.915881547298806
948,9.47,21.84618017291131,18.906129632573936,10.945951327482364,1.727225808606118,14.955508822148504,11.566092406440848,10.945951327482364
949,9.48,22.07532921073969,19.186746161928276,10.917368340413704,1.7574515729127824,15.12969715557501,11.799300498879369,10.917368340413704
950,9.49,21.56487011182621,18.646668902066978,10.832606417507458,1.7213464777904768,14.888185762300855,11.226762037672916,10.832606417507458
951,9.5,21.585883539427133,18.700817043013473,10.780993001641736,1.7346098861362493,14.919335936681973,11.27537020610379,10.780993001641736
952,9.51,21.5020692649428,18.571085097213096,10.8376095605289,1.713577610772203,14.759886737712987,11.270800556207826,10.8376095605289
953,9.52,21.630558453618363,18.692703000270477,10.884112897203888,1.7174300907033593,14.985380010244729,11.173877187658658,10.884112897203888
954,9.53,21.773354410809176,18.817455447484374,10.95364472587294,1.7179172703161354,15.195766782074674,11.098887395719233,10.95364472587294
955,9.54,21.602803880890903,18.641042769700736,10.91753909882731,1.7074399826699986,15.13075138184246,10.888013508564573,10.91753909882731
956,9.55,21.8755519509375,18.98990966393089,10.859240494339813,1.7487327657794343,15.282171447647196,11.272617481710833,10.859240494339813
957,9.56,21.84845238845292,18.96402761489568,10.84990914210659,1.7478512830397468,15.365101680973277,11.115214514883554,10.84990914210659
958,9.57,21.995331981536122,19.145047737296252,10.828747670651179,1.7679835489365483,15.506007563767785,11.22927345360013,10.828747670651179
959,9.58,21.954758552599593,19.035238153570056,10.939430128659163,1.7400575651286865,15.35305165407743,11.252737287893977,10.939430128659163
960,9.59,21.652826489166742,18.691643611405393,10.930112262651694,1.7101053641758952,15.023024790530638,11.121432778149314,10.930112262651694
961,9.6,21.90911199598502,18.972378735523087,10.95709968780453,1.731514659544416,15.156806185643331,11.41150214191684,10.95709968780453
962,9.61,21.698212636947254,18.707949748718022,10.992044752347882,1.7019535646197252,15.189037664401488,10.921562096602834,10.992044752347882
963,9.62,21.789456736900764,18.85799671745725,10.915877641932495,1.7275749450521252,15.351427033049564,10.952521547323407,10.915877641932495
964,9.63,21.692337980130134,18.762277727458674,10.887353283599484,1.723309351568653,14.804435897135855,11.526133058831444,10.887353283599484
965,9.64,21.65299980334832,18.798475089076913,10.745684473739077,1.7493976428414317,14.759394357827007,11.642291177632929,10.745684473739077
966,9.65,21.685236868558974,18.773975385845084,10.852987895376659,1.7298439440665683,14.936510352851267,11.373777308681758,10.852987895376659
967,9.66,21.700999415748164,18.644114617650175,11.105420557827836,1.6788301280952902,14.767328409999239,11.381081737133176,11.105420557827836
968,9.67,21.748574159329145,18.64614806684612,11.194714834826753,1.665620638128089,14.86308299159854,11.259111941694309,11.194714834826753
969,9.68,21.89143892540187,18.762571435917458,11.278342579328516,1.6635929706822696,14.916252585617283,11.381541885437642,11.278342579328516
970,9.69,21.483239092527935,18.290549812013026,11.268777639167029,1.6231174664801564,14.679293673251259,10.911578697886721,11.268777639167029
971,9.7,21.535115733253743,18.316266973668057,11.325880707209906,1.6172046525272126,14.495695597866174,11.196447873530538,11.325880707209906
972,9.71,21.77439430859685,18.37297799031452,11.685800241047815,1.5722481654082336,14.69122032973645,11.033329753783319,11.685800241047815
973,9.72,21.764857335975062,18.423157308166974,11.588627600103528,1.5897617857702484,14.563468180471776,11.283533123886876,11.588627600103528
974,9.73,21.93029664098113,18.670226810301497,11.504805153210006,1.622819905393377,14.675076153283879,11.54207559511805,11.504805153210006
975,9.74,21.833781337615488,18.536083225061965,11.538094564198317,1.6065116403689206,14.65445337562071,11.350479178791636,11.538094564198317
976,9.75,21.74979127030023,18.501001720511148,11.435311785835644,1.6178834532021615,14.589188482564515,11.377286323309413,11.435311785835644
977,9.76,21.632023993297572,18.30309118568921,11.530018000634167,1.5874295412793382,14.295222236805161,11.430212953047079,11.530018000634167
978,9.77,21.849421270443074,18.562650212889857,11.524982730017015,1.6106445144202355,14.444388967498707,11.658971235992544,11.524982730017015
979,9.78,22.026581144346075,18.879152194261945,11.346712710488289,1.6638433241383714,14.69505399292966,11.852332079341503,11.346712710488289
980,9.79,21.77961570364843,18.630068510730638,11.28149845916277,1.651382445175038,14.15844874137326,12.108582986973468,11.28149845916277
981,9.8,21.762043492051344,18.704792071292996,11.122827451670235,1.6816580273826178,14.326039902889054,12.026380466754574,11.122827451670235
982,9.81,21.963658459890762,18.847567580487116,11.277033707571423,1.6713231572441627,14.6605457513199,11.844796409161495,11.277033707571423
983,9.82,21.97743872436779,19.033722160612196,10.987503519724635,1.732306353890407,14.845635123514093,11.911746180424785,10.987503519724635
984,9.83,21.664977305903495,18.759520415805323,10.837510573664819,1.7309805871277313,14.546017207465763,11.846222589126317,10.837510573664819
985,9.84,21.777823433858423,18.82331042582961,10.952469042602555,1.7186362593321483,14.649230354931436,11.820197350099582,10.952469042602555
986,9.85,22.019376769918008,19.033561681890934,11.071426422880569,1.719160743601706,14.92134412653083,11.816512165439965,11.071426422880569
987,9.86,21.8947699237079,18.909603048635432,11.036659936554251,1.713344721803505,14.855098554316415,11.70039035239888,11.036659936554251
988,9.87,21.957689710998206,18.996157548724984,11.01299849398407,1.7248851490447197,15.026220508956946,11.621819944921828,11.01299849398407
989,9.88,22.18016919700268,19.207083035788408,11.092694301385746,1.7315074691447123,15.313576820053832,11.593377580324931,11.092694301385746
990,9.89,21.922720202369355,18.81015376902989,11.259830205505947,1.6705539449282198,15.011696790682276,11.33449797208367,11.259830205505947
991,9.9,22.388467200286158,19.369869369433562,11.22727144899278,1.725251719211908,15.502923998249253,11.61254437638143,11.22727144899278
992,9.91,22.037876393512686,18.91313891305577,11.31199241474283,1.6719547025514645,14.893788738335552,11.656838360480668,11.31199241474283
993,9.92,22.356570107373997,19.279323578735063,11.319183244048967,1.7032433491940437,15.169007283013105,11.899308202642079,11.319183244048967
994,9.93,22.434238856777903,19.417543464587713,11.23628403360339,1.7281107710091106,15.494927109848668,11.702488114056335,11.23628403360339
995,9.94,22.489494797136853,19.53261921280214,11.146935135637882,1.7522860746138527,15.592557229434808,11.76415625360049,11.146935135637882
996,9.95,22.44106241070326,19.450390712625165,11.193014931076599,1.7377257899140792,15.555089101314321,11.677195807382338,11.193014931076599
997,9.96,22.621056399802946,19.712503184149263,11.096369264672608,1.7764822631586124,15.811251153597729,11.772303034791,11.096369264672608
998,9.97,22.800387235276446,19.873456519253722,11.17601825588563,1.7782233407490864,15.885063249225144,11.942321365244904,11.17601825588563
999,9.98,23.001232370027694,19.969289079268222,11.414209749633512,1.7495113124155963,15.968120912673058,11.99131439207706,11.414209749633512
1000,9.99,23.12280732131575,19.998231870445068,11.607538088441002,1.722865927130549,15.821249011208696,12.231817431167482,11.607538088441002
1001,10.0,23.033338425100286,19.863000976781297,11.661726767575486,1.703264136835105,15.67045459204977,12.205558597709532,11.661726767575486
1002,10.01,22.97668086674822,19.86911788843709,11.538891540688955,1.7219260462214865,15.897278738237386,11.91882437085958,11.538891540688955
1003,10.02,23.325017567506166,20.179952013850286,11.697263835751126,1.7251856756597175,16.1325800834708,12.123131737785474,11.697263835751126
1004,10.03,22.53516032007113,19.323701871904216,11.594308802902997,1.666654062816226,15.187446881855875,11.947673884277254,11.594308802902997
1005,10.04,22.328804685428885,19.175090741710797,11.440778545500637,1.6760302339085014,14.82989283929101,12.155590620286139,11.440778545500637
1006,10.05,22.060223451008728,18.969902665513615,11.260384166154138,1.6846585680915165,14.458501198830076,12.280429561806457,11.260384166154138
1007,10.06,22.343148203660157,19.244834798398422,11.351326144247432,1.6953820684776308,14.874665094096269,12.210978861504957,11.351326144247432
1008,10.07,22.14761002077324,19.03081780844085,11.328927715109929,1.6798428136370351,14.606897341337458,12.198794059975688,11.328927715109929
1009,10.08,22.146793200531526,18.9883590697945,11.398362553615424,1.6658848128823225,14.598461170833112,12.1425990466261,11.398362553615424
1010,10.09,22.37232904767611,19.2038921236074,11.477440233882373,1.673185983309753,14.67094191627222,12.391647831685546,11.477440233882373
1011,10.1,22.113727887032454,18.861779123443302,11.54340718159744,1.6339871605250873,14.25060899940275,12.356652250820321,11.54340718159744
1012,10.11,22.137009995635072,19.044001367626844,11.285974634770088,1.6874042325911003,14.37499994634749,12.491331579646854,11.285974634770088
1013,10.12,21.710281971679354,18.460218770743854,11.426139602949974,1.6156129202182896,13.722348733349063,12.348150562091355,11.426139602949974
1014,10.13,21.5634383794933,18.402673468401876,11.239372044806691,1.637340003964464,13.902596857368316,12.057204958285933,11.239372044806691
1015,10.14,21.532085394942573,18.42067181487251,11.149419327653836,1.6521642314756098,14.143154854659652,11.802216777722544,11.149419327653836
1016,10.15,21.539670968630286,18.46656157652407,11.08799030380615,1.6654561440394746,14.28208408950332,11.706236394328934,11.08799030380615
1017,10.16,21.26039497398849,18.132228538276394,11.100751446893598,1.6334235231751326,13.805136830367843,11.755675601985033,11.100751446893598
1018,10.17,21.23007239608808,18.12932434531744,11.047333285703905,1.641058876061807,13.947388085669767,11.582001847929256,11.047333285703905
1019,10.18,21.781850785237424,18.63206928859868,11.282509368717848,1.651411816263002,14.508873050108576,11.689594038758369,11.282509368717848
1020,10.19,21.104244288245187,17.736213104498244,11.43747663122222,1.5507103250450913,13.417110870398414,11.599758237981167,11.43747663122222
1021,10.2,21.12141395985341,17.644310831841683,11.610013907521589,1.5197493278118084,13.276165273651667,11.621752895210399,11.610013907521589
1022,10.21,21.32626443532298,17.834337404800113,11.693842999504877,1.5251049125215062,13.81454831060234,11.27926618367908,11.693842999504877
1023,10.22,21.53589208802329,18.147687630663714,11.595519897220617,1.5650602811706282,13.995788411170379,11.55233626111592,11.595519897220617
1024,10.23,21.518814411131125,18.069447687012545,11.685650771224577,1.5462936588442127,13.865465283433482,11.58679473312546,11.685650771224577
1025,10.24,21.20128307591633,17.77084131685757,11.562508506211099,1.5369364967222732,13.700193373622247,11.31845849196299,11.562508506211099
1026,10.25,21.1652248782913,17.84901204089214,11.374511563699267,1.5692112967607033,13.753345286482395,11.376850366718603,11.374511563699267
1027,10.26,21.288391851626447,17.968382844661846,11.416341164140862,1.573917824136264,14.202311753176017,11.00713963379844,11.416341164140862
1028,10.27,21.61095375548351,18.31197321607249,11.476278105531012,1.5956369345255763,14.382569667476112,11.334463058581662,11.476278105531012
1029,10.28,21.574972187533714,18.203538810172322,11.580613096006763,1.5718976758190188,14.339680503064743,11.213491351201677,11.580613096006763
1030,10.29,21.5705667035495,18.170772054308717,11.62378556506579,1.5632404738194146,14.28550210017009,11.229487379025038,11.62378556506579
1031,10.3,21.524539976603105,17.991975941074568,11.815016840452623,1.522805780477018,14.328849181585063,10.88095948873973,11.815016840452623
1032,10.31,21.5788499837317,18.12348453859989,11.71264593503655,1.5473433278117217,14.186422981836216,11.278567941068518,11.71264593503655
1033,10.32,21.93464310065346,18.53236324644074,11.733715543467754,1.5794113277918898,14.535252510092366,11.496735274236817,11.733715543467754
1034,10.33,21.890288630769764,18.452074431695895,11.777337793642614,1.5667440940393416,14.486635530082166,11.42875504380973,11.777337793642614
1035,10.34,22.020041652088484,18.540879736200452,11.879310290057376,1.5607707251925735,14.486215817139252,11.572111850976603,11.879310290057376
1036,10.35,22.116970998552347,18.65747199849387,11.876832270274033,1.5709131504021308,14.574918561370486,11.64787578505201,11.876832270274033
1037,10.36,22.091418393130606,18.631203703937604,11.870510316019734,1.5695368781908257,14.377853412716176,11.849011887075822,11.870510316019734
1038,10.37,22.26402776657569,18.919923453495755,11.735562572996429,1.612187173457757,14.73413480174938,11.868815236998866,11.735562572996429
1039,10.38,21.758024564758763,18.277804493976934,11.803961023343065,1.548446700038355,14.335536371666725,11.338894745814683,11.803961023343065
1040,10.39,21.89045955837588,18.249351105146875,12.089392206308988,1.509534209306506,14.256294576702901,11.392843398432056,12.089392206308988
1041,10.4,21.949174421271206,18.525002304175953,11.772448658017659,1.5735895600240692,14.355801235633418,11.708402164800729,11.772448658017659
1042,10.41,21.734004892450173,18.349064234013525,11.648124758994197,1.575280537740218,14.0435863259308,11.809565672372706,11.648124758994197
1043,10.42,21.817364461860947,18.485367115318986,11.588295589669624,1.5951756642968058,14.244730401714087,11.781190651653128,11.588295589669624
1044,10.43,21.63722892727715,18.151730067660747,11.77643287257138,1.5413606364570838,14.28789210319342,11.195599300471697,11.77643287257138
1045,10.44,21.973355814387947,18.588232175770536,11.717763879057538,1.5863293003362338,14.276566432015253,11.903866024641168,11.717763879057538
1046,10.45,21.943202765373282,18.59852801801114,11.644694206613593,1.5971675758946184,14.360369913226071,11.818841753406167,11.644694206613593
1047,10.46,21.91070178825698,18.553174066193268,11.655839091350796,1.591749330167112,14.275129943256905,11.85077773960834,11.655839091350796
1048,10.47,22.131614162839462,18.806734576353374,11.666836761838692,1.611982318795162,14.409451976197202,12.085568218791868,11.666836761838692
1049,10.48,22.113447078890456,18.840215098105965,11.578032508504588,1.6272380548480043,14.611601055969551,11.89347802470284,11.578032508504588
1050,10.49,22.283455271663527,19.095988018874937,11.484581856872893,1.6627499596293125,14.903420725867534,11.939213084822512,11.484581856872893
1051,10.5,22.56848909567942,19.34493774204835,11.62368632655209,1.6642687352856846,15.269893714347862,11.876740385991708,11.62368632655209
1052,10.51,22.785633200494225,19.624811424188582,11.57807656359648,1.6949975513111097,15.481763207660014,12.060192014097758,11.57807656359648
1053,10.52,22.36995230209362,19.135438414084877,11.586619985945358,1.651511695153227,14.985392891039556,11.899706013192777,11.586619985945358
1054,10.53,22.527500421947927,19.352734325851447,11.530826049068432,1.6783476087053573,15.36795309014384,11.762412325119676,11.530826049068432
1055,10.54,22.174435431828137,18.931915399465293,11.545049416429707,1.6398297414408092,15.089886685489496,11.432967266269854,11.545049416429707
1056,10.55,22.362801313206475,19.23240104043402,11.410943554056425,1.6854347713951472,15.550354810866594,11.316877441955693,11.410943554056425
1057,10.56,22.471105845125116,19.385017665734342,11.36537232130931,1.7056209966292732,15.646288712662098,11.444324332211801,11.36537232130931
1058,10.57,21.981404356935652,18.77382072628963,11.433538071841436,1.641995732932912,14.99820015542731,11.292047500812345,11.433538071841436
1059,10.58,21.997248940043036,18.75631409551925,11.49259076450781,1.6320353243103165,15.311965998480947,10.83249812883148,11.49259076450781
1060,10.59,22.22280366551826,19.044837164950057,11.451950930592961,1.6630211987787438,15.488633703078028,11.081879292400648,11.451950930592961
1061,10.6,21.884807171722954,18.669213655838096,11.419511654014139,1.6348521917113306,14.954739659890638,11.17565659065389,11.419511654014139
1062,10.61,22.260045158353797,19.09712067358956,11.437202124222011,1.6697370970777172,15.396838146250463,11.297672022138388,11.437202124222011
1063,10.62,22.463532308378035,19.303441119415726,11.48857888160211,1.6802288009989113,15.428338284420484,11.601259277864413,11.48857888160211
1064,10.63,22.67125637302392,19.46624193282164,11.621157022613295,1.6750691772723496,15.640263321411332,11.589509835366586,11.621157022613295
1065,10.64,22.763520097711904,19.541519747181066,11.675052599858654,1.6737843003309165,15.620159360762575,11.742300267573166,11.675052599858654
1066,10.65,22.590361312402013,19.323417330380153,11.701707862565774,1.651333083796813,15.397562213282209,11.675167459704378,11.701707862565774
1067,10.66,22.809997529780592,19.603710317735654,11.661497720571806,1.6810628263600444,15.616874740789028,11.849838882963809,11.661497720571806
1068,10.67,22.593471878555413,19.223359320838778,11.871285859122219,1.6193156789386067,15.248193938807644,11.705986724005323,11.871285859122219
1069,10.68,22.81783335861222,19.57959181400939,11.71721398533684,1.671010859621723,15.615622197997366,11.811551929049601,11.71721398533684
1070,10.69,23.06483933806705,19.82061214947489,11.795344323542807,1.680375884399926,15.993837989156393,11.70699843497595,11.795344323542807
1071,10.7,23.001988127045642,19.859629331857626,11.605454777731415,1.711232322404491,15.742253913312345,12.107283713846883,11.605454777731415
1072,10.71,22.669262254847897,19.53975511024011,11.493190219034798,1.7001158719081104,15.413729251318363,12.0091207144906,11.493190219034798
1073,10.72,22.637889831027202,19.509315690447444,11.483059578883404,1.698964945398681,15.452783607174586,11.909025044031743,11.483059578883404
1074,10.73,22.520556931506064,19.35678039310567,11.51045339325457,1.681669672929587,15.08763627072471,12.126342356590147,11.51045339325457
1075,10.74,22.73353071650889,19.563598723573325,11.579249708916958,1.689539410183699,15.187687425211426,12.331607587458928,11.579249708916958
1076,10.75,22.81964325958765,19.681631587035547,11.548571191582475,1.7042481931774467,15.503768490628053,12.12434676660166,11.548571191582475
1077,10.76,22.87326442750763,19.74984685370616,11.538187675100405,1.7116940207452724,15.729040603877646,11.94377379333749,11.538187675100405
1078,10.77,22.71615273358545,19.544421230940966,11.57752969174019,1.6881339760142986,15.789254541320988,11.518847263586341,11.57752969174019
1079,10.78,22.551666956547354,19.375306577076703,11.540155006035151,1.6789468223731834,15.337241619497767,11.839405578864895,11.540155006035151
1080,10.79,22.253792834402955,18.977076308549975,11.623333011490102,1.6326707915698897,14.950720853955193,11.687830045292328,11.623333011490102
1081,10.8,22.8789545561128,19.642892730695692,11.730444439621916,1.6745224643277712,15.748714991034547,11.739727891258019,11.730444439621916
1082,10.81,22.755973921493144,19.426482152699958,11.850997438465086,1.6392276054036539,15.476103186569429,11.742165004283734,11.850997438465086
1083,10.82,22.586798941360048,19.347747226733688,11.654534039070034,1.6601047422293622,15.4508959884995,11.64496182484731,11.654534039070034
1084,10.83,22.204833512063235,18.97619439146977,11.530770907254977,1.645700408420243,15.116695407070857,11.47089680681906,11.530770907254977
1085,10.84,22.60292285071067,19.463279722135187,11.492295847788627,1.6935936891913859,15.652871420401633,11.567492115339977,11.492295847788627
1086,10.85,22.477640197787732,19.207837145507504,11.674900472931887,1.6452249156248175,15.565443224576132,11.254242979020615,11.674900472931887
1087,10.86,22.085464304716957,18.877543627272257,11.463249109888503,1.6467882226329693,15.115835969820662,11.30810135845285,11.463249109888503
1088,10.87,22.26175828084317,19.04030456436842,11.534846503130444,1.6506768910363105,15.258665882000802,11.388867959783077,11.534846503130444
1089,10.88,22.238112239294153,19.153103048768614,11.30010086550978,1.6949497421945854,15.320997323267525,11.493841717075234,11.30010086550978
1090,10.89,22.091761325205542,19.037534549492744,11.207952387778848,1.6985738242652844,15.255305276836323,11.388739290793325,11.207952387778848
1091,10.9,22.245707862998955,19.235528195243038,11.17434442711982,1.7214010468980132,15.04600595413156,11.984291792935764,11.17434442711982
1092,10.91,22.26043946903489,19.12961984751383,11.38353239746658,1.6804643040126237,15.184521676142088,11.634975589882693,11.38353239746658
1093,10.92,21.971498137997813,18.79124819091149,11.385768391092762,1.6504154612535533,14.823656287308005,11.54860263617154,11.385768391092762
1094,10.93,22.075534091113273,18.755496626451,11.643047354670056,1.6108752335296583,15.0544810827357,11.186208161587544,11.643047354670056
1095,10.94,22.27544477434384,19.06143785581991,11.526362251966491,1.6537253852634968,15.270695978621367,11.408078605085148,11.526362251966491
1096,10.95,21.903951672387663,18.721350184512957,11.370758379946833,1.64644692631315,14.72603008681831,11.559973642413084,11.370758379946833
1097,10.96,22.00331029301701,18.834515651440977,11.375705869369739,1.655678853490301,14.74599080832432,11.717283597540419,11.375705869369739
1098,10.97,22.008164998129807,18.80630866295256,11.431626352302693,1.6451122599160504,14.952837057620949,11.40569635991079,11.431626352302693
1099,10.98,21.29288983636464,17.968891498471407,11.42392646596268,1.5729172935425746,14.129841148342065,11.100840094626054,11.42392646596268
1100,10.99,21.51122382440645,18.19187424184883,11.479915591696171,1.5846696865095118,14.597537219172523,10.856159337726941,11.479915591696171
1101,11.0,21.763648853241712,18.576512058664694,11.33885404886642,1.6383059503726345,14.65646161594923,11.413804500074537,11.33885404886642
1102,11.01,21.968447643206204,18.69854520743684,11.531569666690345,1.621509104822802,14.877472865979275,11.32679981268362,11.531569666690345
1103,11.02,21.963426377952494,18.770799411580562,11.403911070766299,1.64599664931614,15.196957490362847,11.017957777460294,11.403911070766299
1104,11.03,21.539405180211787,18.4189297750006,11.166422948327314,1.6494923987954155,14.549061839156845,11.295210208614696,11.166422948327314
1105,11.04,21.765946040196646,18.55117147249074,11.38465827431802,1.629488652666829,14.729810622279425,11.277350842885864,11.38465827431802
1106,11.05,21.547410794552178,18.27340753562076,11.418121079507877,1.6003865617098838,14.57760511768582,11.018659264887981,11.418121079507877
1107,11.06,22.059706635699992,18.794929814745085,11.549080920659994,1.6273961489977171,15.108735953751797,11.179243472659564,11.549080920659994
1108,11.07,22.12231257650143,18.79967458532202,11.660572422416942,1.6122428560351347,15.244294226519388,11.001784312070038,11.660572422416942
1109,11.08,21.63145586154951,18.24154845082386,11.626082435902921,1.5690193624028919,14.792764624694493,10.673715596836066,11.626082435902921
1110,11.09,21.608746530987027,18.26737278647454,11.543007325667487,1.5825488342067051,14.681516697595448,10.869681503073428,11.543007325667487
1111,11.1,21.999842726646747,18.619371966903092,11.718023193153998,1.5889516226406735,15.052327608228426,10.959399893080871,11.718023193153998
1112,11.11,21.968781969208667,18.494491488728855,11.85669286875408,1.5598355876677343,15.013517295985304,10.800023788391123,11.85669286875408
1113,11.12,22.135571985284315,18.63202569060354,11.951199344852105,1.5590088620376963,14.951829705059602,11.117336452865302,11.951199344852105
1114,11.13,21.78015693281675,18.274804726101756,11.849335350177862,1.5422641174407683,14.797526307881679,10.723884694675743,11.849335350177862
1115,11.14,21.8678928767725,18.30576412662506,11.962597485929406,1.5302499434722756,14.903673634369012,10.629276196423108,11.962597485929406
1116,11.15,21.663962231437118,18.069726012634966,11.950408419524297,1.512059285196736,14.67111698066132,10.548617194279439,11.950408419524297
1117,11.16,21.6413865394668,18.176300830714172,11.746135511818094,1.5474281573225952,14.836411267819253,10.500419638316684,11.746135511818094
1118,11.17,21.812192215274035,18.32734805707273,11.827089347382719,1.5496076438391402,15.237874679677972,10.18326382116836,11.827089347382719
1119,11.18,22.027488756443375,18.543263507071224,11.889391886154646,1.5596477670708373,15.414376461948835,10.307745620745454,11.889391886154646
1120,11.19,22.076714267492264,18.49274478580206,12.058179926327494,1.5336265422135158,15.24280163248987,10.47084562513331,12.058179926327494
1121,11.2,21.961097385908033,18.407657824366858,11.976975069455646,1.536920442567431,15.165897446868076,10.432517491480892,11.976975069455646
1122,11.21,22.13420030706609,18.656072301159988,11.911078436783786,1.5662790233625123,15.310627854460556,10.659911275818645,11.911078436783786
1123,11.22,22.501642518810826,18.987058070533053,12.075410629480093,1.5723736983468977,15.794544102099128,10.537587521849582,12.075410629480093
1124,11.23,22.293528551362787,18.79675465784886,11.986802309334417,1.5681208526490311,15.46580011977558,10.683024493209428,11.986802309334417
1125,11.24,22.214606582377485,18.794100774261203,11.843585677349726,1.58685902109899,15.401841620170849,10.770399185743235,11.843585677349726
1126,11.25,22.151292064760792,18.63530725654819,11.975185326013817,1.5561602387953466,15.271593081720376,10.679565594737833,11.975185326013817
1127,11.26,21.831513054313568,18.4125016816127,11.730078604394484,1.5696827193225078,14.995646265271914,10.68413830227908,11.730078604394484
1128,11.27,21.57436369499406,18.197883340162196,11.588365319652508,1.5703580995415047,14.831115996801822,10.545186406676835,11.588365319652508
1129,11.28,21.66690205963761,18.242743670752468,11.690036279890208,1.5605378147657727,14.784680228546963,10.686951257322727,11.690036279890208
1130,11.29,21.708671728903617,18.255356297501713,11.747697420540064,1.553951863416523,14.894132545806038,10.555702215234042,11.747697420540064
1131,11.3,21.513954252016042,18.02356929647707,11.747390236683557,1.534261562214465,14.699866270481213,10.428949219115017,11.747390236683557
1132,11.31,21.64078739073144,18.103022790188753,11.85766607510717,1.5266935900811438,14.842808647967317,10.363902044207094,11.85766607510717
1133,11.32,21.53676059467882,17.954994213324365,11.893285488543485,1.5096748691200574,14.828580704736236,10.123981997397845,11.893285488543485
1134,11.33,21.58312682472907,17.93417551401732,12.008193542942308,1.493494874968762,14.893554987412635,9.990829355188412,12.008193542942308
1135,11.34,21.69224349533814,18.036084146145015,12.052099258395451,1.4965097581304054,14.97871732463732,10.046808380547198,12.052099258395451
1136,11.35,21.517114595655716,17.843999152833415,12.02405567004164,1.4840249947688091,14.8798650805373,9.84875225352564,12.02405567004164
1137,11.36,21.438408892546022,17.767861681525854,11.996185523330391,1.4811259501589573,14.895646413575408,9.685898340142376,11.996185523330391
1138,11.37,21.48122857184674,17.721960478936914,12.139822805087508,1.4598203584577911,14.952122586096607,9.513249360094665,12.139822805087508
1139,11.38,21.25584715948908,17.510948514938377,12.048971764210311,1.4533147605965897,14.699547887042732,9.516123675602378,12.048971764210311
1140,11.39,21.333252890489685,17.68229851095983,11.934990500997243,1.4815511172365292,14.896558216306719,9.526606632945276,11.934990500997243
1141,11.4,21.112076874749867,17.600730439049922,11.659077063698035,1.509616099361068,14.637523585661492,9.773874117631252,11.659077063698035
1142,11.41,21.337121939168433,17.7602503554036,11.825661924828111,1.5018398520353227,15.126510928629143,9.306726589552136,11.825661924828111
1143,11.42,21.547406080227454,18.041692560989205,11.78083351554421,1.531444488811773,15.269329393754106,9.60990376280065,11.78083351554421
1144,11.43,21.484311132271955,17.88937405537452,11.897307289263308,1.503648987155164,15.175173106697173,9.473321765615369,11.897307289263308
1145,11.44,21.690658563164302,18.124080299953896,11.91647524163903,1.5209262749629187,15.431510714411198,9.50530187790947,11.91647524163903
1146,11.45,21.563588976677487,18.106096371655767,11.71143218122364,1.5460189745780515,15.43604303009992,9.463577621205932,11.71143218122364
1147,11.46,21.24545909189327,17.76959012777668,11.645222141124309,1.5259125083603673,15.049764067543043,9.4479063723382,11.645222141124309
1148,11.47,21.3644087625818,17.727993084949503,11.922928455487124,1.4868824509964071,15.044804585960122,9.377398028786594,11.922928455487124
1149,11.48,21.37620164905097,18.13435612858491,11.31755825001773,1.6023205472396398,15.152373729055933,9.962953506534127,11.31755825001773
1150,11.49,21.09531081159785,17.71421122970561,11.455080041068625,1.5464065869637593,14.922889736333993,9.544665599582103,11.455080041068625
1151,11.5,21.158384310634446,17.773457516615867,11.479609511719143,1.548263248716914,15.003980991199855,9.527662174461401,11.479609511719143
1152,11.51,21.202300750135063,17.825439102663204,11.480038235843272,1.552733426183909,14.959195780937575,9.693747510139398,11.480038235843272
1153,11.52,21.295130436363312,17.940601292257824,11.472462925368903,1.5637968419654695,15.06522079012175,9.741883661420236,11.472462925368903
1154,11.53,21.28455821442364,17.817470035697465,11.643460821860991,1.5302555063563716,14.909492435096318,9.755474042853205,11.643460821860991
1155,11.54,21.4374590415309,17.974124900117204,11.683128186932711,1.5384685173805435,15.068896128043503,9.797833199603307,11.683128186932711
1156,11.55,21.79101350774687,18.31883965461914,11.801202625290353,1.552285833594729,15.52218772801962,9.728390125183296,11.801202625290353
1157,11.56,21.711885675991397,18.12055612888524,11.96041074492177,1.5150446347822115,15.286586973342695,9.730098310218139,11.96041074492177
1158,11.57,21.675034455957064,18.194758416545174,11.77955367704925,1.5446050771851414,15.327547740565187,9.803852003020879,11.77955367704925
1159,11.58,21.670304343342647,18.053954309897602,11.98569247516493,1.5062921351692005,15.108023382602669,9.883971655898307,11.98569247516493
1160,11.59,21.63088659720871,18.112894802196845,11.82447871433891,1.5318133881227516,15.246935048103543,9.777930750131201,11.82447871433891
1161,11.6,21.62895752693849,18.13481928552885,11.787286930558702,1.5385066463864625,15.297331230023174,9.739780683246762,11.787286930558702
1162,11.61,21.81518291228659,18.275861859324745,11.911972078350416,1.5342431747754406,15.31183935479945,9.977710272098289,11.911972078350416
1163,11.62,22.29194455433809,18.77669750000724,12.01525792510945,1.562737780332435,15.93396508687949,9.933434734113051,12.01525792510945
1164,11.63,21.79820367253346,18.17411048735414,12.035920876388948,1.5099891960079743,15.52285928896423,9.45193797596941,12.035920876388948
1165,11.64,21.715999925026793,18.0812651462834,12.027156914814114,1.5033698549332393,15.403612662711572,9.468942191573172,12.027156914814114
1166,11.65,21.65293901850828,18.078296757965287,11.917422308124356,1.5169636764185936,15.249226413137444,9.710093072155876,11.917422308124356
1167,11.66,21.63743972956901,17.976242181343856,12.042986136685753,1.4926731607357762,15.189672181295089,9.613487503872687,12.042986136685753
1168,11.67,21.504263348909095,17.817496911959612,12.040354893920066,1.479814928126146,15.097297473966641,9.46228329687136,12.040354893920066
1169,11.68,21.714702167111746,17.964975647863312,12.197866214139493,1.472796580359171,15.224315712535978,9.537324630804596,12.197866214139493
1170,11.69,21.461332123039988,17.775796596847837,12.02538281481804,1.4781896651925264,14.994395886238015,9.547095718556275,12.02538281481804
1171,11.7,21.865131098626296,18.114638316105474,12.245155639549797,1.4793309982600984,15.297430489463645,9.701996791555056,12.245155639549797
1172,11.71,21.95144466018151,18.25524278964288,12.19065352473783,1.4974786013398307,15.396877142548492,9.807653315960767,12.19065352473783
1173,11.72,21.956269889787524,18.395954844018725,11.986101653582546,1.5347738051696171,15.411141524682389,10.04529101267784,11.986101653582546
1174,11.73,21.912082435175964,18.39614944150335,11.90466473160093,1.5452891665794481,15.262521917949975,10.270040845985992,11.90466473160093
1175,11.74,21.902280580083346,18.35348168673052,11.95238907430407,1.5355492172010938,15.137456090455276,10.378232659498973,11.95238907430407
1176,11.75,21.90557364161771,18.376333054685567,11.923277235374815,1.541214943838207,15.37202236287031,10.069287214701172,11.923277235374815
1177,11.76,21.914097480957878,18.283005757766393,12.081364528330624,1.5133229127300156,15.315988716328981,9.984427333593166,12.081364528330624
1178,11.77,21.614668614887513,18.00860220827075,11.953415655605266,1.506565380735008,15.155759337038527,9.726906620992297,11.953415655605266
1179,11.78,21.99375395648831,18.28140085136213,12.227657012296392,1.4950861667920488,15.206025622652183,10.148221610283711,12.227657012296392
1180,11.79,21.881283782261864,18.320435638037857,11.964623604292296,1.53121704818741,15.30555473550898,10.068681949780036,11.964623604292296
1181,11.8,21.865806285538113,18.342471199316655,11.902404581382584,1.5410727365130445,15.374057566042318,10.0042292883449,11.902404581382584
1182,11.81,21.865639051480134,18.350775156321458,11.889290234986625,1.54347103936622,15.36809538243365,10.028588791763593,11.889290234986625
1183,11.82,21.751809138683836,18.229207663753485,11.867484516841841,1.5360633197273903,15.33557100852576,9.855164833259408,11.867484516841841
1184,11.83,21.453149702258873,17.88442151578177,11.848421801800107,1.50943491166601,14.97098828331099,9.783764243639713,11.848421801800107
1185,11.84,21.69972869228012,18.332289551031224,11.610572127837482,1.5789307666482486,15.494463175034241,9.797675800941587,11.610572127837482
1186,11.85,21.391228405445087,17.97744836215672,11.592929012113784,1.5507253036201265,15.281136008028383,9.469716570106506,11.592929012113784
1187,11.86,21.355972537838426,17.935329724403804,11.5931665524923,1.5470604724942956,15.29742205931641,9.362955231240955,11.5931665524923
1188,11.87,21.340108398499073,18.061754351399152,11.365441311687128,1.5891819645248777,15.39744077628697,9.441704707891553,11.365441311687128
1189,11.88,21.4359982517819,18.136197334732238,11.4271766979446,1.587110956111704,15.46400840627107,9.475552636924474,11.4271766979446
1190,11.89,21.515370762878238,18.31556744043041,11.2894272839308,1.6223646230930164,15.615272826917096,9.572004241845022,11.2894272839308
1191,11.9,21.696878405526963,18.476415748472085,11.374383219930428,1.6243883638540797,15.658602016167682,9.80745236081505,11.374383219930428
1192,11.91,22.11663896183975,18.34104108921545,12.359285203120708,1.4839888219898312,15.399048407138629,9.963086689921493,12.359285203120708
1193,11.92,21.682586674414523,18.544593575935718,11.235328833499356,1.6505608203155562,15.616214341551292,10.001789866587085,11.235328833499356
1194,11.93,21.61259667601505,18.41301770158266,11.316585801437654,1.627082410248105,15.53981786642665,9.876906477084992,11.316585801437654
1195,11.94,21.950917683165965,18.75996210694073,11.39765804361915,1.645948846258226,15.864548924442191,10.012605339162834,11.39765804361915
1196,11.95,22.49689225922813,18.761664621407963,12.41410898764496,1.5113178593872791,15.63950897792155,10.363677836352423,12.41410898764496
1197,11.96,21.83805632129953,18.6927914224006,11.290715333001573,1.6555896478731986,15.647651348994994,10.226018698480292,11.290715333001573
1198,11.97,21.906934145209114,18.828892147437017,11.197615109598724,1.681509139503882,15.737157614794064,10.337748773642385,11.197615109598724
1199,11.98,21.597252919087264,18.452275409532504,11.222961545946122,1.6441538478047895,15.489282921115239,10.028388822681626,11.222961545946122
1200,11.99,21.781669126382624,18.648600767789002,11.254812274526369,1.6569446306978748,15.57533152251137,10.255698833343551,11.254812274526369
1201,12.0,21.62397668254272,18.36205677671389,11.420649652970141,1.6077944192901945,15.26160403625542,10.210218964930021,11.420649652970141
1202,12.01,21.708837722461563,18.474672762926684,11.400004454514267,1.6205846968428974,15.353275712107617,10.275721804585377,11.400004454514267
1203,12.02,22.217150620601505,18.891456338454926,11.692504398577109,1.6156894788727962,15.775437360317495,10.393396878713322,11.692504398577109
1204,12.03,22.755371133632142,18.887610875056513,12.691141432581468,1.4882515473798987,15.825507614216104,10.30995408912868,12.691141432581468
1205,12.04,22.12873032146686,18.718313311898218,11.80277308084083,1.5859250350481808,15.703098706748303,10.187636833363555,11.80277308084083
1206,12.05,21.94460261658097,18.563415752335846,11.703212362662722,1.586181227605468,15.502079147159439,10.212049084746663,11.703212362662722
1207,12.06,22.193091320469268,18.75685450111161,11.86228104467338,1.5812181848055402,15.752002880398896,10.183024895961703,11.86228104467338
1208,12.07,22.296574905312053,18.944457255221515,11.75775453959114,1.6112308852367216,15.936771035002595,10.242645638350348,11.75775453959114
1209,12.08,22.00979828211773,18.652287597412794,11.68432230824336,1.596351684363713,15.668869895075245,10.119009280942663,11.68432230824336
1210,12.09,22.628244003293425,18.749835071912795,12.668113965727244,1.4800810225294192,15.891133388709804,9.951291114532001,12.668113965727244
1211,12.1,22.135895808518516,18.833914916352867,11.631058944445625,1.619277746446891,15.97377759481101,9.977714188526994,11.631058944445625
1212,12.11,22.77170476693997,18.719665745545978,12.966289074662381,1.4437180628747786,15.88551973879324,9.90334025737669,12.966289074662381
1213,12.12,22.726111223554934,18.70697624338765,12.904463226911826,1.449651637146354,15.85539841943239,9.927602990235398,12.904463226911826
1214,12.13,22.601471289983227,18.6892426065515,12.709788167605165,1.470460589908715,15.833122307497007,9.92975463958604,12.709788167605165
1215,12.14,22.764771772742392,18.912133294179117,12.671465902895788,1.4924976667346088,16.08832888925831,9.941552156874433,12.671465902895788
1216,12.15,21.935224939965895,18.74807865083021,11.386994338682458,1.6464466472194164,15.898172716021156,9.93672770026813,11.386994338682458
1217,12.16,21.665788241462746,18.415524784076926,11.413799851537345,1.613443815697934,15.490184793547792,9.959203187740082,11.413799851537345
1218,12.17,22.363170640137337,18.47055174753098,12.607542156252379,1.465039856192033,15.672992882894771,9.773360524965277,12.607542156252379
1219,12.18,21.878635728321026,18.738340751750865,11.293772053828517,1.6591746904789606,15.890746363546516,9.930236358625125,11.293772053828517
1220,12.19,21.625899803629185,18.46214750815307,11.26182275228155,1.639356959725973,15.556843946729558,9.941604348891909,11.26182275228155
1221,12.2,21.615971297766283,18.47860346750258,11.215677823326477,1.647569033150239,15.524779847133557,10.021975693805796,11.215677823326477
1222,12.21,21.843012707979724,18.66279877613686,11.349764138623694,1.6443336221082006,15.833394917242842,9.879456642609654,11.349764138623694
1223,12.22,21.196903643790336,17.95135266723397,11.271985694664622,1.5925634713793948,15.058703460203514,9.77172004721087,11.271985694664622
1224,12.23,21.512811456461783,18.263087031853306,11.369287964873834,1.6063527538644742,15.27207487725507,10.01519230352383,11.369287964873834
1225,12.24,21.719094972158057,18.499712505587258,11.378915748885738,1.6257886879423298,15.58444832931244,9.968165982786015,11.378915748885738
1226,12.25,21.726921518386625,18.677797564295826,11.099504349894044,1.6827596057903365,15.582550959237098,10.297777792106123,11.099504349894044
1227,12.26,21.303837441742946,18.21015656399339,11.056386736138396,1.64702601298058,15.181804852051812,10.055973524197828,11.056386736138396
1228,12.27,21.643001204004197,18.547219695058544,11.154377737003516,1.662774933067761,15.376492854045077,10.371249969327138,11.154377737003516
1229,12.28,22.06489266154828,18.924102779560954,11.346269085221826,1.6678700846438614,15.787729646063069,10.43404325437689,11.346269085221826
1230,12.29,22.18117115759215,18.999395659430466,11.446716494209712,1.6598118481436361,15.936485245370411,10.34434499848475,11.446716494209712
1231,12.3,22.622715548690834,18.88826873616776,12.450725398437056,1.5170416286378632,15.628215911205768,10.607806714039775,12.450725398437056
1232,12.31,21.82749930635465,18.700142420256054,11.25808151645088,1.6610416608665035,15.443808257229897,10.544387751395412,11.25808151645088
1233,12.32,22.085349635882473,18.910434616743007,11.408686652943967,1.657547024649261,15.676881964824938,10.575438962759836,11.408686652943967
1234,12.33,22.04416594283696,18.805124805692163,11.502718511624721,1.634841779939897,15.696151027206591,10.35681234206646,11.502718511624721
1235,12.34,21.83603340414589,18.468041445230313,11.6509141274078,1.585115231583914,15.24717027727099,10.420765488132266,11.6509141274078
1236,12.35,21.839926027883347,18.564504131821092,11.50397997403569,1.6137462142424532,15.312691305504229,10.495822914032876,11.50397997403569
1237,12.36,21.40550484290039,18.083503819303452,11.453494104275318,1.5788635026714954,14.613241302525548,10.652055624006287,11.453494104275318
1238,12.37,21.605763905140048,18.33744599797513,11.4257213424798,1.604926765524918,14.889258596067856,10.703826614256862,11.4257213424798
1239,12.38,22.644477871737596,18.84992463424936,12.548016551102124,1.5022234436400803,15.618167104897076,10.554265251564967,12.548016551102124
1240,12.39,22.557306643138787,19.357128669493516,11.581608379895489,1.6713679166613467,16.04941705818695,10.821951876611982,11.581608379895489
1241,12.4,22.549395670083445,19.280014156563123,11.69428489514017,1.6486697843812048,15.758155073760474,11.108532511029146,11.69428489514017
1242,12.41,22.341976812109046,19.087875447798638,11.611069664856226,1.6439377248396687,15.602742076631365,10.995518578074941,11.611069664856226
1243,12.42,22.459414715679944,19.188655846229114,11.671366508934506,1.644079622685148,15.776691994373998,10.922476958074947,11.671366508934506
1244,12.43,22.40151243788795,19.132189068481228,11.652772243236193,1.6418572910481826,15.586222478944954,11.095509334363323,11.652772243236193
1245,12.44,22.310626750280562,19.0031404082878,11.689513275292265,1.62565711341071,15.531708196536883,10.949218505205273,11.689513275292265
1246,12.45,22.928643639418055,19.072896083343103,12.725852982704986,1.4987518800715394,15.588067673056242,10.990337175274634,12.725852982704986
1247,12.46,22.405999829720496,19.077518852011263,11.75062138019049,1.6235327677370877,15.591445808418998,10.9935682629426,11.75062138019049
1248,12.47,22.183219641560463,18.966291795517773,11.505433898510267,1.648463844373009,15.383983437723487,11.092938206831146,11.505433898510267
1249,12.48,22.17253807209691,18.835076959318435,11.698774315933212,1.6100043005074383,15.153232887815182,11.186583799850807,11.698774315933212
1250,12.49,22.296573118085753,18.899504242203605,11.829873719067006,1.5976082831503093,15.488506570900384,10.830393566452127,11.829873719067006
1251,12.5,22.116584608500627,18.87023744941713,11.535053244245653,1.6359038012096465,15.644606644522801,10.551404851276327,11.535053244245653
1252,12.51,21.98902577722805,18.773966104373812,11.447945289152228,1.6399419834896947,15.578062613212582,10.477870418506104,11.447945289152228
1253,12.52,22.64393357648991,18.732836380959984,12.721185830757648,1.4725699813037236,15.489235676199835,10.535783646362342,12.721185830757648
1254,12.53,21.85519256281061,18.487437377372046,11.656075719352524,1.5860773233205279,15.20901455390329,10.51052886782634,11.656075719352524
1255,12.54,21.69978668920485,18.305208035314195,11.653330045135625,1.5708134897419488,14.934132339664988,10.58547743266706,11.653330045135625
1256,12.55,21.51560702266692,18.024257950398873,11.749360446054805,1.5340628992662362,14.608882934542516,10.557197263826678,11.749360446054805
1257,12.56,21.598853274132285,18.199876673861393,11.630776062401464,1.564803292249406,14.938145523685847,10.396505146295489,11.630776062401464
1258,12.57,21.431166384478836,18.02981079192555,11.58537074963856,1.556256694891533,14.744071882956383,10.377206825675684,11.58537074963856
1259,12.58,21.443965349581912,18.008114177658317,11.642657500695075,1.546735715328156,14.690223135819089,10.41583028161577,11.642657500695075
1260,12.59,21.883581238293264,18.521704366235046,11.654938660618104,1.5891721874796012,15.26589463426204,10.488374213662471,11.654938660618104
1261,12.6,21.626492052337895,18.278427233187635,11.55873074220949,1.581352454767335,15.047081421155285,10.377198216477257,11.55873074220949
1262,12.61,21.586490542619327,18.22050935709145,11.575388231706812,1.5740732831044582,15.05644830026212,10.261107436012503,11.575388231706812
1263,12.62,21.819538280176946,18.427459268879797,11.68421994203649,1.5771236214565814,15.293623468220842,10.279899625896578,11.68421994203649
1264,12.63,21.67308137788349,18.272182865212457,11.655461799199394,1.5676927418240574,14.861699564912264,10.630265881061035,11.655461799199394
1265,12.64,21.464314952594293,18.085086969099752,11.560555596694355,1.564378702894784,14.6364216711353,10.622877733675683,11.560555596694355
1266,12.65,21.904391960190466,18.636930701566325,11.509439654938511,1.619273505949486,15.167726536752678,10.829370142407827,11.509439654938511
1267,12.66,22.248123951846704,19.16235282680834,11.304125508753225,1.6951645496124563,15.562462850684051,11.180586562437968,11.304125508753225
1268,12.67,21.851705424100434,18.829213315258503,11.088631830399647,1.6980646127719687,15.013536347230987,11.363670200330619,11.088631830399647
1269,12.68,22.15047167869587,19.227172362132535,10.9981470505515,1.7482192476384821,15.37294303815191,11.548020583151468,10.9981470505515
1270,12.69,22.367585150649578,19.41977156557729,11.09870883537158,1.7497325007469775,15.557788434795603,11.622510343180792,11.09870883537158
1271,12.7,22.020836627175882,18.957046685762524,11.20480373387196,1.6918678038469914,15.189793109881812,11.341948876853877,11.20480373387196
1272,12.71,21.98642480442342,18.933092643763246,11.17769558644552,1.6938279001552166,15.05004255357645,11.48730674235088,11.17769558644552
1273,12.72,21.77796799042123,18.768867494354158,11.0457911790504,1.6991872460844135,14.792390769538283,11.552296842702004,11.0457911790504
1274,12.73,22.104023922188546,19.163364984419317,11.016048112940286,1.739586173548804,15.150369628018938,11.734600873505231,11.016048112940286
1275,12.74,22.14436082926127,19.299557792698693,10.8581667671299,1.7774232249888418,15.006495375413008,12.135815899288552,10.8581667671299
1276,12.75,21.731341565236473,18.73548038270045,11.010584955142983,1.7015881044493657,14.754848816048574,11.546110236183587,11.010584955142983
1277,12.76,21.938383619705355,18.893992482996556,11.14942706590011,1.6946155503167297,15.102822840324345,11.35287162797623,11.14942706590011
1278,12.77,22.164157678306406,19.107909856758496,11.231102639314637,1.701338726072272,15.331989939573683,11.403609235098328,11.231102639314637
1279,12.78,22.03378311808575,19.12662158316689,10.938918836392151,1.7484928692893738,15.37421176838051,11.37810466143882,10.938918836392151
1280,12.79,21.52251272043801,18.51913706997492,10.96631733923912,1.6887289047993062,14.828776444249598,11.093503819036956,10.96631733923912
1281,12.8,21.750658862819844,18.88737100363741,10.786954043552809,1.7509457190026771,15.29415745679078,11.08248758699662,10.786954043552809
1282,12.81,21.79367950345576,18.989751438387117,10.69363392900758,1.7757996546782349,15.613124740418435,10.809301343373647,10.69363392900758
1283,12.82,21.831100537825026,18.960027318558193,10.821936738502544,1.7519994596809791,15.600017391501254,10.775996163015808,10.821936738502544
1284,12.83,21.910732235675717,19.03171875414887,10.856973259912593,1.7529488466569263,15.671884305825163,10.798072098381859,10.856973259912593
1285,12.84,21.89819781695237,19.128157848558196,10.66042423879176,1.7943148809175495,15.790432750789789,10.795770293135352,10.66042423879176
1286,12.85,21.93683984585944,19.191708956122795,10.625594090043268,1.8061774987345338,15.776626801623381,10.927933904394862,10.625594090043268
1287,12.86,22.110828506096862,19.299678378478504,10.789399970031472,1.7887628998911056,15.928211124616288,10.898150112856793,10.789399970031472
1288,12.87,22.17368980009885,19.313265038196676,10.893590451057802,1.7729017007722458,15.94152943154686,10.902744875431843,10.893590451057802
1289,12.88,22.273458033979153,19.53695844020642,10.69645678236853,1.8264887932245097,15.848593432488519,11.424308788983017,10.69645678236853
1290,12.89,22.127346402809188,19.370313506863507,10.696280357008877,1.8109392106734428,15.453513736218058,11.678953658556,10.696280357008877
1291,12.9,22.28418851169592,19.497372394004003,10.790622194958505,1.806881201263203,15.564500041121047,11.742822009228115,10.790622194958505
1292,12.91,22.230812873044396,19.498329545161283,10.678210802592686,1.8259921915408395,15.586911693230494,11.714650610203613,10.678210802592686
1293,12.92,22.28074272251165,19.60694876888745,10.582960655741795,1.8526903204775387,15.83330113184896,11.56455858621363,10.582960655741795
1294,12.93,22.24095560469862,19.505944080211865,10.685422394544004,1.825472438990492,15.596315843257196,11.714810565165658,10.685422394544004
1295,12.94,22.39524671357899,19.69496880665969,10.660922993192113,1.847398092945289,15.767389081276722,11.801747237376926,10.660922993192113
1296,12.95,22.594110475382685,19.856744848507326,10.779773290523098,1.8420373335647173,15.933799618575915,11.849233970759135,10.779773290523098
1297,12.96,22.501751403136883,19.772738768535547,10.740931886937188,1.840877400273116,15.759198822133714,11.94189477818357,10.740931886937188
1298,12.97,22.533461982159853,19.749330051173395,10.849924950489878,1.82022734178283,15.68226781640203,12.00427064026889,10.849924950489878
1299,12.98,22.69423196103072,19.917201332262636,10.87810899886482,1.8309433500198506,15.868302073673668,12.037105059295966,10.87810899886482
1300,12.99,22.680114277212198,19.95781449371878,10.77372842899399,1.8524519738226186,15.873169048239808,12.09780408717603,10.77372842899399
1301,13.0,22.60759830827343,19.96092159191354,10.61438224626038,1.8805542450617978,15.71201503569751,12.311416422026165,10.61438224626038
1302,13.01,22.54362091109514,19.896929970193302,10.598444298310463,1.8773443922675657,15.649270208301212,12.287724125579665,10.598444298310463
1303,13.02,22.52343656611681,19.908158618270097,10.534249625753423,1.889850660990601,15.592554129980947,12.377682952548753,10.534249625753423
1304,13.03,22.466898576992843,19.83403792069038,10.553315660468945,1.879412931329777,15.527892131506608,12.33992002371487,10.553315660468945
1305,13.04,22.513404055663237,19.89813971576814,10.531732907044535,1.8893509635492691,15.556495734794241,12.406909550792975,10.531732907044535
1306,13.05,22.604409933656267,20.024390359676914,10.48728464246376,1.9093970500806985,15.81683631718509,12.28022386571583,10.48728464246376
1307,13.06,22.408549433521184,19.867096941376694,10.365401431517427,1.916674146451102,15.678338191030416,12.202100329276767,10.365401431517427
1308,13.07,22.306959457603675,19.7837439303795,10.305528435764293,1.9197214440476453,15.502073864899927,12.291551154757252,10.305528435764293
1309,13.08,22.148111053021903,19.546578333481143,10.41489791933058,1.8767901985099347,15.376077642668387,12.068345407451178,10.41489791933058
1310,13.09,22.39764168114268,19.863470150941488,10.348763522253105,1.9194051645134962,15.731333235807497,12.127761584947232,10.348763522253105
1311,13.1,22.438775947598238,19.879254868736492,10.407396018713309,1.9101084299081195,15.59500307686287,12.328043363357427,10.407396018713309
1312,13.11,22.1653046036382,19.658289774942226,10.239744689027496,1.9198027267229882,15.216502301453591,12.446140549803205,10.239744689027496
1313,13.12,21.949304285955588,19.467378518596565,10.138694800177847,1.9201069666536446,15.215127385612908,12.144081893082204,10.138694800177847
1314,13.13,21.934422915915338,19.51304812630367,10.017976915265317,1.9478032632087459,15.188554411220748,12.250178042658394,10.017976915265317
1315,13.14,21.960639321846315,19.582288448261384,9.940002945337152,1.9700485559159135,15.314967567482856,12.203187668714248,9.940002945337152
1316,13.15,22.151355910986616,19.8238044802686,9.884297882160586,2.005585496977693,15.43617941622385,12.438150549903495,9.884297882160586
1317,13.16,22.438883772573853,20.09568099988377,9.983341630435607,2.0129212986781186,15.515721206160814,12.77101367557725,9.983341630435607
1318,13.17,22.43203524068077,20.018649994880214,10.121751697291648,1.977785129844348,15.444641093136939,12.73614577184571,10.121751697291648
1319,13.18,22.60751593089824,20.19077842483807,10.170164362728439,1.985295193343494,15.487933847990178,12.953433464575582,10.170164362728439
1320,13.19,22.72078399662848,20.287397789189342,10.2301278762606,1.983103049597945,15.530715794212652,13.052791884351727,10.2301278762606
1321,13.2,22.344907674501243,19.912614197770278,10.138180053280863,1.96412118280798,15.164259596177185,12.905713273158932,10.138180053280863
1322,13.21,22.32347056939563,19.886670035604325,10.141878186887773,1.960846863780655,15.028304264881696,13.02419732755695,10.141878186887773
1323,13.22,22.383311218880216,19.877407159726985,10.290836007229123,1.9315638832222641,15.149045558540815,12.869255380899878,10.290836007229123
1324,13.23,22.24718950284851,19.75119459245315,10.238542520627748,1.929102169831313,14.880225354424994,12.988016832083261,10.238542520627748
1325,13.24,22.35813921197226,19.88774840630195,10.215862780478496,1.9467517167816184,15.231788349435602,12.78730465541365,10.215862780478496
1326,13.25,22.34620776634548,19.947151293791254,10.072941814548559,1.980270675740544,15.39119729036082,12.68857323368502,10.072941814548559
1327,13.26,22.367718542652625,19.92541440704606,10.163301309653637,1.960525797667718,15.519606063080984,12.496558203733485,10.163301309653637
1328,13.27,22.221452325530542,19.768040548421265,10.14975449613435,1.947637310434469,15.541752740459557,12.215946499491768,10.14975449613435
1329,13.28,22.502082400935848,20.070390507983404,10.174632044234155,1.972591285928326,15.68155768226775,12.526345189266488,10.174632044234155
1330,13.29,22.50869317560607,20.028349356996777,10.271635240197249,1.9498696058264788,15.794238792554987,12.31571349657276,10.271635240197249
1331,13.3,22.401621974117315,19.814768134849956,10.45024549153706,1.8961055174155077,15.603981851632199,12.21232109845619,10.45024549153706
1332,13.31,22.314147975695526,19.64346722232864,10.58562210578751,1.8556743312789246,15.481806344919352,12.090470495936643,10.58562210578751
1333,13.32,22.691573548504458,19.90887977036678,10.887792080870554,1.8285506944374832,15.901261593869473,11.979706734067046,10.887792080870554
1334,13.33,22.327074407018102,19.60703121682696,10.680008353877623,1.835862910136037,15.478900412510974,12.034920654378844,10.680008353877623
1335,13.34,22.44447512507249,19.77838342087328,10.609901644073945,1.864143899196304,15.803495615225549,11.892601779367785,10.609901644073945
1336,13.35,22.176848009555652,19.454564015777613,10.645775058441874,1.8274445880152763,15.518921746998286,11.732140847029278,10.645775058441874
1337,13.36,22.46501923875849,19.811418770761467,10.591731477303858,1.870460822502318,15.79339985829965,11.960804096144221,10.591731477303858
1338,13.37,22.449359175141414,19.771551830115836,10.632942471562098,1.8594619394391565,15.659484477658317,12.070410418247388,10.632942471562098
1339,13.38,22.30943729533041,19.572538423655384,10.70638744342895,1.8281178900982178,15.529848296094544,11.91251746045964,10.70638744342895
1340,13.39,22.37956019016503,19.628562712391634,10.750080936947786,1.8258990632273946,15.863434993074549,11.55992665957657,10.750080936947786
1341,13.4,22.651190231838413,19.984526113735917,10.662792079391734,1.8742301233051848,16.03512401283582,11.927115404974037,10.662792079391734
1342,13.41,22.56701058665591,19.996650280859416,10.459634045378689,1.911792534433306,15.906806627633996,12.117735983510045,10.459634045378689
1343,13.42,22.557024942866246,19.97277442600392,10.483685229968216,1.9051291590585528,15.829707398990271,12.179165896496725,10.483685229968216
1344,13.43,22.791175190222003,20.17451119063258,10.603148813934084,1.9026905634032345,16.033920538277638,12.244357637424585,10.603148813934084
1345,13.44,22.802550195757764,20.167577273682713,10.640729408273138,1.8953190613044324,16.092921260396977,12.155207048694255,10.640729408273138
1346,13.45,22.860301333540214,20.19301091162688,10.716141440984158,1.8843546460107548,16.025567238203983,12.285718716090058,10.716141440984158
1347,13.46,22.88160575378603,20.16277454657005,10.818059181566772,1.8638070108662401,16.012107667886337,12.25356623386957,10.818059181566772
1348,13.47,22.877845257400622,20.107929397129368,10.911781659363815,1.842772337721218,15.964895472962642,12.225012767981731,10.911781659363815
1349,13.48,22.868805138143827,20.060106852861637,10.980635751092338,1.8268620604108543,15.864078905139175,12.277576611031373,10.980635751092338
1350,13.49,22.679308738740254,19.90650508800959,10.866558795136031,1.831905156296575,15.609944477746861,12.353079705911881,10.866558795136031
1351,13.5,22.872752486059536,20.055234039289292,10.997744946936836,1.8235769365496342,15.865170003464822,12.268202522449156,10.997744946936836
1352,13.51,22.693705770611526,19.86413442851631,10.973624971217113,1.8101707029917868,15.597272345731183,12.300769568090296,10.973624971217113
1353,13.52,22.43854423681641,19.627108426309587,10.874965852335079,1.8047972465214908,15.357963946778495,12.221142687472588,10.874965852335079
1354,13.53,22.60837500367811,19.8439533999418,10.833103607363658,1.8317883885512862,15.148907266952566,12.817686809886307,10.833103607363658
1355,13.54,22.483666045379252,19.675006201580576,10.881606949706736,1.8080974889568884,15.208164474397332,12.482692111556423,10.881606949706736
1356,13.55,22.43559653779807,19.545977947456393,11.014115401810768,1.7746298485526082,15.142535736403076,12.35916119298585,11.014115401810768
1357,13.56,22.65124553948278,19.774089426182154,11.048271894522221,1.78979025995787,15.30534658009715,12.520422464827508,11.048271894522221
1358,13.57,22.558463267455938,19.612544602726455,11.145957078475783,1.7596106341195854,15.067399966153593,12.554894027983242,11.145957078475783
1359,13.58,22.409487573327706,19.489094712753317,11.061659937661233,1.7618598675592532,14.876853610877008,12.589838734598832,11.061659937661233
1360,13.59,22.49281786743696,19.585160142289446,11.061119193760101,1.7706309641196167,15.088789046187316,12.486270176429022,11.061119193760101
1361,13.6,22.391121141152993,19.483189644910762,11.034836981950871,1.7656073829435304,15.070876933876814,12.347604916885611,11.034836981950871
1362,13.61,22.544255422968018,19.730406154022063,10.906627598545358,1.8090290491493037,15.348578842350385,12.397985905897208,10.906627598545358
1363,13.62,22.61829398433406,19.85366473782097,10.836014915086011,1.832192452059151,15.337294091799821,12.606958930029007,10.836014915086011
1364,13.63,22.454089271726353,19.644386628330807,10.875853944372112,1.806238547226548,15.307868931158128,12.311420502518217,10.875853944372112
1365,13.64,22.49021037321334,19.75873673416922,10.742526951382757,1.8393006434697297,15.382044290346613,12.4016285535418,10.742526951382757
1366,13.65,22.243609492232018,19.419789764183278,10.846655187560664,1.790394313120103,14.958502750555386,12.38432194133795,10.846655187560664
1367,13.66,22.639162908168743,19.908353614109092,10.77910727092892,1.8469390009506264,15.385964068813777,12.633869292405315,10.77910727092892
1368,13.67,22.541232530566813,19.765205389893197,10.837149989384686,1.8238379471774229,15.324218489551358,12.483255656644838,10.837149989384686
1369,13.68,22.162185162028234,19.41339398067059,10.690303330929732,1.8159815844048848,15.017428828359844,12.302710970915468,10.690303330929732
1370,13.69,22.275801129905062,19.495869379248173,10.776010074530047,1.8091918292957245,15.234496037431807,12.165486152973136,10.776010074530047
1371,13.7,22.224520967025207,19.37844333429608,10.881418388850731,1.7808747574812058,15.23455621287126,11.976325106533718,10.881418388850731
1372,13.71,22.416531449693107,19.548330401212482,10.971037360255044,1.781812399256841,15.382509461665414,12.062985705733977,10.971037360255044
1373,13.72,22.75315553105049,19.914067190731753,11.006180742800593,1.8093530949651198,15.826819087806893,12.086433288559956,11.006180742800593
1374,13.73,22.553961989334702,19.752366970044573,10.886927964170924,1.8143196166126907,15.554980575789267,12.173683920906049,10.886927964170924
1375,13.74,22.614707800361547,19.692398016181105,11.119103797880465,1.7710418370170167,15.904482579282295,11.611975435428702,11.119103797880465
1376,13.75,22.252501235315183,19.27456912571184,11.120467447273056,1.7332517016124462,15.364929169620305,11.637352215791836,11.120467447273056
1377,13.76,22.532163697270356,19.570185722082858,11.167194441030043,1.7524711175601002,15.808051004941113,11.536797329501633,11.167194441030043
1378,13.77,22.550591098459968,19.590963953531254,11.167958195721415,1.7542117914657667,15.826660701978621,11.546544056686681,11.167958195721415
1379,13.78,22.847014280820854,19.97428324198302,11.091170836168214,1.8009174628207016,16.242432250365923,11.625634848180834,11.091170836168214
1380,13.79,22.959489234185433,20.177566110753055,10.954632432942086,1.8419208708524386,16.12658758877443,12.127132674107129,10.954632432942086
1381,13.8,23.07406495255647,20.231378483532946,11.095215098898942,1.823432741339161,16.142849024963102,12.194962103311664,11.095215098898942
1382,13.81,23.010835528016763,20.203844044031175,11.013774899729174,1.8344159226032468,16.107506418353232,12.196046537228506,11.013774899729174
1383,13.82,23.20159631051947,20.239951992511507,11.342769269324855,1.784392462892462,16.3856132340964,11.881386097664507,11.342769269324855
1384,13.83,23.317903793793146,20.483709913370994,11.14191480498122,1.838437133284607,16.59271801291809,12.010998324823655,11.14191480498122
1385,13.84,23.34873846346352,20.423010637928154,11.316546483724357,1.8047034638439265,16.45843913347861,12.092110849909805,11.316546483724357
1386,13.85,23.161924845602375,20.261282913129023,11.22297541953463,1.8053396853977228,16.192858256343072,12.178297367687987,11.22297541953463
1387,13.86,22.82840432334223,19.852040927301466,11.270870195807321,1.7613583141687033,15.902078546260826,11.88391462809304,11.270870195807321
1388,13.87,22.77384375154139,19.87953081524139,11.11090517399409,1.7891909348457884,15.76640116874633,12.108523428572386,11.11090517399409
1389,13.88,23.018076005295036,20.11698534260291,11.186542080153215,1.7983202671980099,15.895677834901923,12.32966039449214,11.186542080153215
1390,13.89,23.023695140373018,20.126809577298115,11.18043264619117,1.8001816400329285,15.91869447137551,12.315990828504942,11.18043264619117
1391,13.9,22.927198132590195,19.996500922731123,11.215897871247787,1.7828711666493162,15.977866783647995,12.023635980716678,11.215897871247787
1392,13.91,22.82804424482807,19.827908229693094,11.312544332673216,1.7527364001063455,15.819872652981003,11.953140759172669,11.312544332673216
1393,13.92,22.616179351088938,19.629779952606896,11.232244096922669,1.747627614145683,15.572012960350662,11.951597104589768,11.232244096922669
1394,13.93,22.85417447655349,19.849372187344816,11.327652659444094,1.7522935054683189,15.765627595576287,12.059956996164681,11.327652659444094
1395,13.94,22.7393676991005,19.647366361693557,11.448136896643389,1.716206448182341,15.666309285719315,11.856886535460825,11.448136896643389
1396,13.95,22.514099473729928,19.461945729631168,11.318893211347891,1.7194212690441644,15.495615916583215,11.775110145932471,11.318893211347891
1397,13.96,22.605125022262737,19.657378466207426,11.161502995045659,1.7611766511134652,15.639906926985914,11.90822570658339,11.161502995045659
1398,13.97,22.213303332064008,19.226459864222125,11.125380263691737,1.72816204107366,15.363190365440847,11.559807122342908,11.125380263691737
1399,13.98,22.40277331370833,19.360386576045602,11.27207539770185,1.717552969881021,15.528126612730391,11.562951711087488,11.27207539770185
1400,13.99,22.666279801988853,19.63083102095634,11.330962602034573,1.7324945558845506,15.883624825468422,11.536030035376333,11.330962602034573
1401,14.0,22.910167075464617,19.901182988712165,11.349831323658357,1.7534342512411432,16.137778006226497,11.645995250383661,11.349831323658357
1402,14.01,23.10668217842558,20.03529916200367,11.51110545446376,1.7405191222737355,16.202050211476557,11.785872112651546,11.51110545446376
1403,14.02,23.133916565886274,20.036403210096275,11.563764182991239,1.7326886723932993,16.013220688741935,12.043015269076246,11.563764182991239
1404,14.03,23.22744040023254,20.211126627009197,11.446586740743049,1.7656902520180615,16.156610358892387,12.143046621170953,11.446586740743049
1405,14.04,23.242610568907196,20.241017851024385,11.424541234219815,1.7717138426877628,16.158347281775896,12.190431360990198,11.424541234219815
1406,14.05,23.195902815724782,20.152129895567413,11.486582089931154,1.7544061181813393,16.034327966621074,12.206910583216992,11.486582089931154
1407,14.06,22.913612605655086,19.893991222661388,11.36937798978938,1.7497871247246595,15.980457446555572,11.848876173129455,11.36937798978938
1408,14.07,23.11658303361757,20.148077622892195,11.332756913127824,1.7778619780993217,16.438143484789418,11.650427917959254,11.332756913127824
1409,14.08,23.24204151684263,20.247206898799842,11.412410204151819,1.774139426870052,16.46410961161167,11.784841191108352,11.412410204151819
1410,14.09,23.00944238475244,20.02274672576625,11.33684490557487,1.7661657094664942,16.228970727266326,11.727356717424255,11.33684490557487
1411,14.1,22.98326566205631,19.956002570957995,11.40124825975536,1.7503348858211951,16.04315694966947,11.868409906148099,11.40124825975536
1412,14.11,23.054657939955565,20.008215714244656,11.453757316296231,1.7468691855184737,16.246876389220464,11.677658312398828,11.453757316296231
1413,14.12,22.759841141609485,19.756930887385565,11.299294256827276,1.7485101669467547,15.964177968201868,11.639645178806262,11.299294256827276
1414,14.13,22.968574899167486,19.931716322638845,11.414119209668305,1.7462334111383493,16.25953201864785,11.52826674312809,11.414119209668305
1415,14.14,22.77334698078518,19.78910239824245,11.270171204516476,1.7558830331088533,15.89556640784713,11.787261866177696,11.270171204516476
1416,14.15,22.5507552391723,19.6322008803727,11.095641056277472,1.7693615700794125,15.797900659815376,11.65545563888051,11.095641056277472
1417,14.16,22.40760268455281,19.481817573994192,11.070656804471412,1.7597707090084784,15.63695563187287,11.62010475655139,11.070656804471412
1418,14.17,22.218304836625414,19.28714816734151,11.029913208372369,1.7486219340965803,15.368117328579418,11.653971606452542,11.029913208372369
1419,14.18,21.840486611369787,18.81779420274239,11.0859134384433,1.6974509414340886,15.061543226978314,11.28092612681374,11.0859134384433
1420,14.19,21.706530142826047,18.539298492153012,11.290166617914409,1.6420748355242352,15.112517430427703,10.738594204837323,11.290166617914409
1421,14.2,21.762812537450746,18.713833499111654,11.109115415178199,1.6845475809480974,15.296326076838158,10.78100054649449,11.109115415178199
1422,14.21,21.542243568349885,18.236462679568362,11.467331289137078,1.5902970115499875,15.026558627181107,10.333010543262732,11.467331289137078
1423,14.22,21.709027473642085,18.47442974614319,11.40075959777096,1.6204560395918928,15.321606386077839,10.322447974936908,11.40075959777096
1424,14.23,21.875995308778595,18.543418272006967,11.606067789699544,1.5977347890785512,15.279767299917188,10.50652523296752,11.606067789699544
1425,14.24,21.94581381522956,18.714326825568143,11.462666159255502,1.6326329813293312,15.148486203341271,10.988602926730886,11.462666159255502
1426,14.25,22.153672892627117,18.95115416653177,11.473403086698688,1.6517465675464817,15.37933928666395,11.073489393561958,11.473403086698688
1427,14.26,22.005495101453317,18.638452442673188,11.698286421621576,1.5932634721803631,15.115145937176077,10.90524060970961,11.698286421621576
1428,14.27,22.306111577090135,18.886256272922466,11.868948465769463,1.5912324775350746,15.330043214441327,11.030886231389783,11.868948465769463
1429,14.28,22.221905723889627,18.809748508969488,11.832432337890578,1.5896772507826389,14.890864807674076,11.492118353473984,11.832432337890578
1430,14.29,21.867057938210333,18.36601723123119,11.86834588033086,1.547479102514932,14.7209180946533,10.982038034371854,11.86834588033086
1431,14.3,22.060024431822974,18.510674473774003,11.99998368576383,1.5425583032862058,14.991620438204855,10.858010227975793,11.99998368576383
1432,14.31,22.11743627259327,18.630752271759487,11.919566143973247,1.5630394635780884,14.983787316489138,11.0720841699244,11.919566143973247
1433,14.32,22.069932805180546,18.509500318909378,12.019997170111068,1.5398922359927931,14.87972358677695,11.008879508688432,12.019997170111068
1434,14.33,22.22712000700108,18.715014827483294,11.991375392869164,1.56070627549634,14.979093659016048,11.219560292067813,11.991375392869164
1435,14.34,22.284440860168427,18.79109637883224,11.97877294766797,1.5686996039515462,15.023449327086057,11.287217258254564,11.97877294766797
1436,14.35,22.042250774103,18.618867609394837,11.79824512935173,1.5781048287490425,14.952903203202686,11.093823364910001,11.79824512935173
1437,14.36,21.893492552365863,18.595012028559054,11.556407045368545,1.609065166669719,14.837757861881714,11.207828245223212,11.556407045368545
1438,14.37,21.875763123094167,18.64751113827986,11.437628275366146,1.6303652024119404,14.834841191684268,11.298546741496411,11.437628275366146
1439,14.38,21.67757650838655,18.418408253941603,11.431516114150755,1.6111955815853656,14.735838102739656,11.049562797627347,11.431516114150755
1440,14.39,21.707169421719808,18.381546110625965,11.546426585146545,1.591968387368625,14.776721818138334,10.932965276009206,11.546426585146545
1441,14.4,21.872914622217877,18.517679241314326,11.641303603404088,1.5906877676396554,14.943204055676832,10.93641152456358,11.641303603404088
1442,14.41,21.419089400297278,18.053223515994578,11.526426654408883,1.5662463361174628,14.546017955619048,10.692625540683068,11.526426654408883
1443,14.42,21.437128195724657,18.12694906080526,11.443958363560421,1.583975446688504,14.746109676569215,10.542226124477716,11.443958363560421
1444,14.43,21.529796961595014,18.18271426002587,11.529139575257023,1.5771093880282492,14.79292251441253,10.572631713264919,11.529139575257023
1445,14.44,21.30818992335197,17.899718912789023,11.560234454922679,1.5483871873521398,14.556675138904469,10.416484342486076,11.560234454922679
1446,14.45,21.41006176546395,18.043276615111452,11.525229446373446,1.5655459788515524,14.721726095191224,10.432191130706602,11.525229446373446
1447,14.46,21.20056433089178,17.814009365450616,11.494563857577136,1.5497768846364488,14.521574152129947,10.318081886501657,11.494563857577136
1448,14.47,21.369719010803188,17.959158396214363,11.581602665450339,1.5506626254576348,14.744131117993907,10.253875748989774,11.581602665450339
1449,14.48,21.317075975512054,17.992590081857994,11.431729103332469,1.5739167644038177,14.799528096933964,10.232656837881196,11.431729103332469
1450,14.49,21.48214109268536,18.15457630840353,11.484500206295188,1.5807894102742202,14.800955394134418,10.512866419701627,11.484500206295188
1451,14.5,21.44831132809618,18.14795194665361,11.431618388001338,1.5875225476124848,14.845066192775944,10.438973588919042,11.431618388001338
1452,14.51,21.45567786203303,18.20179386974395,11.35961321712522,1.6023251427525522,14.797760892580547,10.598659002093717,11.35961321712522
1453,14.52,21.414202728601534,18.130713472952955,11.394968515240732,1.591115714686108,14.775633838209963,10.507302970670565,11.394968515240732
1454,14.53,21.743681680409956,18.488068403247276,11.444606578465043,1.6154394016510532,14.830698915272874,11.038978348002782,11.444606578465043
1455,14.54,21.466274079111894,18.22651555564706,11.33997590558759,1.607279919057521,14.646770294478497,10.84794861902593,11.33997590558759
1456,14.55,21.465350138677334,18.292399585666494,11.231623835150609,1.6286513734922645,14.764424528586277,10.799243072612619,11.231623835150609
1457,14.56,21.42865476238188,18.290184275952704,11.164963236708125,1.6381768473556906,14.620460717779034,10.989675575201833,11.164963236708125
1458,14.57,21.74234936248165,18.668735909165516,11.144866771480052,1.675097270515535,14.886755031141897,11.26526631238416,11.144866771480052
1459,14.58,21.60418056749702,18.481850719825307,11.187573998106503,1.6519980759862112,14.9529135692855,10.862282532662496,11.187573998106503
1460,14.59,21.620566818054225,18.50588228292104,11.179500456845853,1.6553407152990294,14.923375704790715,10.94351573503657,11.179500456845853
1461,14.6,21.6457573686271,18.435460807533225,11.343394415931265,1.6252155335127452,14.88718405860548,10.873728247077748,11.343394415931265
1462,14.61,21.645012425553308,18.426447517811244,11.356610179789786,1.6225305990165035,14.948413347998345,10.773992134025205,11.356610179789786
1463,14.62,21.610575335424553,18.468204353318004,11.2224059048025,1.6456546403667995,14.837931008217659,10.995925401315116,11.2224059048025
1464,14.63,21.535332202991505,18.25787856833934,11.420175273478865,1.5987389099657436,14.749010328479246,10.761822529043929,11.420175273478865
1465,14.64,21.282592261092628,17.96321041659936,11.41366745971233,1.5738333432269196,14.54018991053269,10.547976385860325,11.41366745971233
1466,14.65,21.29947271684558,17.93172148412893,11.49438570047475,1.5600417413684229,14.53394486788866,10.502908262074078,11.49438570047475
1467,14.66,21.297649750909176,17.987826855735165,11.40298074717723,1.577467089926289,14.58810198357436,10.523744367321976,11.40298074717723
1468,14.67,21.42082747411424,18.244095032077574,11.22518802231347,1.6252819102728522,14.895366817174827,10.534469655435185,11.22518802231347
1469,14.68,21.32664062590031,18.15890504542385,11.183906649180408,1.6236638604949902,14.69942494963703,10.661741818235335,11.183906649180408
1470,14.69,21.28651970239662,18.039355430265466,11.300335247286753,1.596355774895862,14.634133759105008,10.548008032802747,11.300335247286753
1471,14.7,21.215261989993817,17.89084316035381,11.401976684579635,1.5691001354659764,14.60687583555137,10.330607306115368,11.401976684579635
1472,14.71,21.375036741455368,18.103089198681143,11.365313773194343,1.5928367276034365,14.80585137306017,10.416746308433266,11.365313773194343
1473,14.72,21.31700084411406,18.020251388962844,11.387935057179691,1.5823985031949854,14.786624708422293,10.299766495105246,11.387935057179691
1474,14.73,21.165857026201746,17.98466400694418,11.159989435969031,1.6115305583515147,14.724176039271356,10.32699275719804,11.159989435969031
1475,14.74,21.136471053193493,18.017851088866333,11.050224012296063,1.6305417038439303,14.667580014936282,10.46446627239075,11.050224012296063
1476,14.75,20.934116031112456,17.824201617734825,10.978845599352354,1.6235041704918667,14.578052768258889,10.2558539769012,10.978845599352354
1477,14.76,20.908137939184822,17.922146517608027,10.76786405399744,1.6644105486226533,14.514714342575635,10.513153825186745,10.76786405399744
1478,14.77,20.754856921139076,17.716115289310384,10.81218501843256,1.6385323835198933,14.446307377762864,10.254996055159227,10.81218501843256
1479,14.78,20.766466425937413,17.831164484923363,10.644045327374057,1.6752244035513146,14.345100868182143,10.59096350527525,10.644045327374057
1480,14.79,20.821488602848248,17.95396651702062,10.544641954293274,1.7026625081101616,14.592773538733226,10.459248258911584,10.544641954293274
1481,14.8,20.884002486737156,18.004974550832202,10.581231085744626,1.7015954386526044,14.567396954235306,10.58159036033106,10.581231085744626
1482,14.81,20.72934230129861,17.85943054118946,10.52361026401288,1.6970820938003146,14.526260965958592,10.389754646017323,10.52361026401288
1483,14.82,20.666067460926353,17.76389795709424,10.56078944347921,1.6820615591443886,14.400210851553759,10.401442114478664,10.56078944347921
1484,14.83,20.56996706109211,17.709534984212578,10.464029603234367,1.692420191427848,14.347711494716172,10.381271801732128,10.464029603234367
1485,14.84,20.79749788980725,17.893368802099342,10.6001543096596,1.6880290870665589,14.578445287116699,10.375046028740643,10.6001543096596
1486,14.85,20.62648532310194,17.68149277786698,10.621521074233081,1.6646855619164374,14.592858332944877,9.984171098712373,10.621521074233081
1487,14.86,20.589137422333113,17.694913370964617,10.52628237269814,1.6810221068037894,14.69935811851704,9.850828904692719,10.52628237269814
1488,14.87,20.421620262123543,17.521407300305512,10.490131569583651,1.6702752662425309,14.461502221673264,9.892657240384834,10.490131569583651
1489,14.88,20.60391792897962,17.752629556867753,10.45779985660241,1.6975491786314725,14.604134481450131,10.093320178766442,10.45779985660241
1490,14.89,20.53855094422504,17.638398521312155,10.522308325263063,1.6762860368731103,14.564429878372657,9.949396198493288,10.522308325263063
1491,14.9,20.616584200900288,17.691932558027787,10.584850800791088,1.6714390113751563,14.532087356214422,10.090734101598184,10.584850800791088
1492,14.91,20.856686071488717,17.997300819105472,10.540328131099951,1.7074706399322825,14.731806990371076,10.338118763674,10.540328131099951
1493,14.92,20.80793184645379,17.953700370511513,10.518301703818944,1.706901064075102,14.626316054976503,10.411831522553651,10.518301703818944
1494,14.93,21.036054179014982,18.21641756067347,10.520347269821512,1.7315414684958903,14.743600149978652,10.698790742993447,10.520347269821512
1495,14.94,20.91506041309819,18.1211864726709,10.443292244605441,1.7351986373867427,14.601409655996619,10.732019159276572,10.443292244605441
1496,14.95,20.896557413164956,18.0357800718719,10.553518319535327,1.708982684806295,14.682793085838219,10.474013079970494,10.553518319535327
1497,14.96,21.129627703077457,18.256227774470098,10.638200708640763,1.7161010846168445,14.812248844853581,10.67179163549716,10.638200708640763
1498,14.97,21.296528971546095,18.40792162350677,10.709368223136888,1.7188615836121557,14.739120390552365,11.02768827134552,10.709368223136888
1499,14.98,21.032440428126623,18.09571927505577,10.719537969570808,1.6881062715971042,14.488830788446819,10.8410718319445,10.719537969570808
1500,14.99,21.388258547555683,18.3866580909437,10.926500260551101,1.682758216491941,14.841992805875158,10.852854246861309,10.926500260551101
1501,15.0,21.434912433464785,18.440206466641712,10.927683034290862,1.687476330414846,14.948762032760413,10.797024044628017,10.927683034290862
1502,15.01,21.344495249604847,18.29569032699404,10.993415889483147,1.664240715617483,15.033526718189494,10.427145292684184,10.993415889483147
1503,15.02,21.199089149216597,18.18173592720284,10.900727472508168,1.66793784846539,14.932376156712639,10.37302577076614,10.900727472508168
1504,15.03,21.03116252107634,17.934034512854574,10.985454159008041,1.6325255427103773,14.621731353754143,10.384342354087815,10.985454159008041
1505,15.04,21.174325778789047,18.12930531860255,10.939851957461745,1.6571801327016218,14.624930191789563,10.713688824134891,10.939851957461745
1506,15.05,21.097645598910646,18.098799030094675,10.84177676792313,1.6693572850201481,14.796469669417165,10.422620191380565,10.84177676792313
1507,15.06,21.017836553118745,17.923453847496997,10.977215291241194,1.6327869475055536,14.551699266412708,10.46414097206449,10.977215291241194
1508,15.07,21.186463796936348,18.10890058310218,10.996998130863531,1.6467130727501718,14.685681287848231,10.595425684719933,10.996998130863531
1509,15.08,21.223019766754945,18.092678818204945,11.093761363998649,1.6308876876438956,14.670015341611714,10.589413425473522,11.093761363998649
1510,15.09,21.348502229719607,18.31121402369047,10.975335458697584,1.6683967512974238,14.851329488813827,10.711609189850392,10.975335458697584
1511,15.1,21.260412637349948,18.28662691314826,10.844557236222744,1.6862492875290183,14.93871392791459,10.546826538850866,10.844557236222744
1512,15.11,21.090264834409012,18.143417151834626,10.752473428938224,1.6873714938002164,14.829783943979907,10.452803170459234,10.752473428938224
1513,15.12,21.42617093332483,18.45484582716762,10.885746017592352,1.695322102623276,15.047371785466632,10.684471763005831,10.885746017592352
1514,15.13,21.251274843208105,18.271897011720114,10.851472805783706,1.6838172420227981,15.126737911542369,10.249098524378288,10.851472805783706
1515,15.14,20.75608057692907,17.732081302098766,10.78833507135051,1.6436346465719314,14.664221697329642,9.969318397754543,10.78833507135051
1516,15.15,20.72551302309542,17.708974208236366,10.767503079289883,1.6446685993800778,14.48302429618388,10.190670966336235,10.767503079289883
1517,15.16,20.92475258064131,17.84798522950667,10.922211031122172,1.6341000168051987,14.523820420673113,10.373486257798145,10.922211031122172
1518,15.17,20.97755782139802,17.86731904904248,10.991671490261206,1.6255324829233848,14.575011212717394,10.334899039150722,10.991671490261206
1519,15.18,21.45285421145816,18.458327557108095,10.932296081454348,1.6884218484002624,15.06916021018785,10.65974984533818,10.932296081454348
1520,15.19,21.091799419035755,18.022677556670867,10.956600586911486,1.6449150823477459,14.92605678876704,10.100976935436945,10.956600586911486
1521,15.2,20.851189613149938,17.890687571886644,10.709594132770514,1.6705289995203974,14.91541189854364,9.879635099113838,10.709594132770514
1522,15.21,20.877700026364757,17.89097830874149,10.760634439800118,1.6626322926247294,15.007999586593728,9.738945181725844,10.760634439800118
1523,15.22,20.89633292030975,17.958218333563426,10.684527308238179,1.6807686307017955,14.80592480903187,10.162784867605344,10.684527308238179
1524,15.23,20.73686806235816,17.831250107416015,10.58603876067088,1.6844119420441246,14.76769387117741,9.993432749581734,10.58603876067088
1525,15.24,20.639124730598173,17.72370874925143,10.57561429974152,1.6759034744378505,14.745009038930554,9.834356118737409,10.57561429974152
1526,15.25,20.632874613051076,17.826958034138578,10.388218425069315,1.716074624607215,14.770948244744153,9.980957905032344,10.388218425069315
1527,15.26,20.51793243677259,17.783399127167858,10.234073820517922,1.7376657076202213,14.733709670913964,9.958267110766354,10.234073820517922
1528,15.27,20.452478662683504,17.652310141726975,10.329560983304514,1.7089119441047,14.622315569243764,9.888980773222713,10.329560983304514
1529,15.28,20.410983053372473,17.543576405104073,10.432217219907471,1.681672844352418,14.65232556631309,9.648130833508226,10.432217219907471
1530,15.29,20.215238194337843,17.322597027369767,10.420340084717756,1.6623830783387494,14.459744211325663,9.538771677510361,10.420340084717756
1531,15.3,20.1822330719721,17.32688294740618,10.348993144180225,1.6742578438318885,14.41621417606636,9.612161125516902,10.348993144180225
1532,15.31,20.455701326463263,17.595744045167304,10.431946522793835,1.6867172398478607,14.727839233218527,9.628133776776771,10.431946522793835
1533,15.32,20.402385847539172,17.57479207090897,10.362626690959292,1.6959784999532808,14.710897661602418,9.615758229362116,10.362626690959292
1534,15.33,20.252174678429277,17.448965943157166,10.280280478671447,1.6973239182878939,14.55697076667981,9.62086350508561,10.280280478671447
1535,15.34,20.37085926894008,17.54248001358006,10.355351386027715,1.6940497101092877,14.60869396549705,9.712088634753389,10.355351386027715
1536,15.35,20.215695921953955,17.404039627922685,10.284637389748,1.6922365824264738,14.380279352716032,9.803476990749367,10.284637389748
1537,15.36,20.347313128192976,17.530803157706725,10.328799164591892,1.6972740856269128,14.383209339431566,10.022591902913568,10.328799164591892
1538,15.37,20.460847748474123,17.66977408547567,10.316267462337867,1.712806899392986,14.636915314033494,9.898566882208726,10.316267462337867
1539,15.38,20.453712971129683,17.657523702002642,10.323092124870998,1.7104878546478435,14.356791139350747,10.279625064555853,10.323092124870998
1540,15.39,20.508930143404047,17.778841821781942,10.22394244423767,1.7389418924010374,14.470652870552486,10.328960355423664,10.22394244423767
1541,15.4,20.28191624046232,17.402288857133417,10.41712383136628,1.6705464136592665,14.268775424876267,9.962013116913518,10.41712383136628
1542,15.41,20.445127506926216,17.631520794885255,10.350493381187194,1.7034473764247682,14.428225990101646,10.133943966641345,10.350493381187194
1543,15.42,20.401793952937613,17.66581847978964,10.205491361872037,1.7310110658453512,14.327901074042506,10.334040515370969,10.205491361872037
1544,15.43,20.447169059464606,17.697590737563498,10.24119156309623,1.7280792599697226,14.235519911680926,10.514499073109913,10.24119156309623
1545,15.44,20.525991982302717,17.661423167239207,10.458990322457604,1.6886355778833162,14.434231810773023,10.177368045087192,10.458990322457604
1546,15.45,20.348622705119467,17.506775378314725,10.372042318103837,1.6878812138818213,14.295960523154266,10.105082724410597,10.372042318103837
1547,15.46,20.611866982673845,17.85670634676841,10.295003591875094,1.7345021968580054,14.496580684920527,10.426462007810139,10.295003591875094
1548,15.47,20.740257291532476,17.949831140813103,10.390468446382107,1.7275285742350834,14.466926446938436,10.625651846478743,10.390468446382107
1549,15.48,20.513386620114947,17.67113546029782,10.417773378707944,1.6962487873286285,14.358046818785462,10.301238760739391,10.417773378707944
1550,15.49,20.555352138631008,17.750178625058705,10.365985738058463,1.7123483548592353,14.546395424991642,10.172080483424873,10.365985738058463
1551,15.5,20.838942489406154,18.026160419901863,10.455575765721399,1.7240715216277829,14.780109795127947,10.319438644034829,10.455575765721399
1552,15.51,20.780921827558576,17.909046900441787,10.541003326101219,1.6989888292792876,14.468305063839718,10.554719771831627,10.541003326101219
1553,15.52,20.855326198901828,17.984986537602012,10.55864054245978,1.7033430075849672,14.583253127549295,10.525610147423727,10.55864054245978
1554,15.53,20.97910148808257,18.114866488676967,10.581791499773395,1.7118903249100013,14.601757461417028,10.72087062418645,10.581791499773395
1555,15.54,20.56896515245008,17.688611544886058,10.497397251549042,1.6850473618377972,14.501174460899751,10.129309830409237,10.497397251549042
1556,15.55,20.385325921075587,17.53073385020834,10.403599549273116,1.6850642671490739,14.40532861872421,9.990652466851486,10.403599549273116
1557,15.56,20.4551143075522,17.644602499410084,10.347932352544545,1.7051331510754704,14.353325070547317,10.262263725971302,10.347932352544545
1558,15.57,20.375858784836883,17.45156883031762,10.517526637964885,1.6592844906446993,14.37692959154075,9.892479474792625,10.517526637964885
1559,15.58,20.465021491150623,17.603454325338138,10.437217083542482,1.6866042149391964,14.333464255291371,10.21926644268318,10.437217083542482
1560,15.59,20.486766136201112,17.617685295394747,10.455847720382522,1.6849600115207313,14.309897299098882,10.276656774302177,10.455847720382522
1561,15.6,20.37719974028614,17.45162517234246,10.520030803166907,1.6588948738713667,14.250526389400719,10.073813517279874,10.520030803166907
1562,15.61,20.174355934882552,17.196360303604312,10.549399494566158,1.6300795426755719,13.84871858900386,10.19449857197288,10.549399494566158
1563,15.62,20.25028563209107,17.275358528055378,10.565796510837156,1.6350266172868595,14.136592519167548,9.9294896253469,10.565796510837156
1564,15.63,20.564747880893286,17.654860253072602,10.545841116249665,1.6741064139368584,14.339507665116999,10.299155813831232,10.545841116249665
1565,15.64,20.463498315413453,17.572036950945712,10.487053003562426,1.6755934145633224,14.226055526368288,10.314835275761208,10.487053003562426
1566,15.65,20.43895157555996,17.501602263422757,10.556735277586549,1.657861242441226,14.179665607419496,10.258809143794874,10.556735277586549
1567,15.66,20.387437280657565,17.394695990668488,10.633538934191543,1.6358331970494626,14.022293552663857,10.293237203654643,10.633538934191543
1568,15.67,20.38254722183449,17.35213987711054,10.693524813432804,1.6226772911503826,14.0295860861309,10.211144527752609,10.693524813432804
1569,15.68,20.345143619239305,17.35165266126567,10.62285360956583,1.6334266948422023,13.857337127219095,10.442895088039679,10.62285360956583
1570,15.69,20.378932915899046,17.435408000800575,10.550234814274651,1.6526085255666694,14.0162347282858,10.370082747788263,10.550234814274651
1571,15.7,20.365070617589105,17.401935471465954,10.578692882692366,1.6449986462823767,14.091394821930821,10.210776176448398,10.578692882692366
1572,15.71,20.17076777521435,17.12923726380498,10.651248912775468,1.6081904952253623,14.002715940049391,9.865835775138963,10.651248912775468
1573,15.72,20.359508700818918,17.43375447910423,10.515407709691264,1.6579247291607004,14.346979707556882,9.904542821788286,10.515407709691264
1574,15.73,20.254335185269227,17.449655461672826,10.283366086362319,1.6968816742617339,14.322432496877045,9.96786853361784,10.283366086362319
1575,15.74,20.3801021060759,17.487030129420436,10.466725328717727,1.6707259988413934,14.42357607217751,9.88719758259976,10.466725328717727
1576,15.75,20.113271190254114,17.18293374253199,10.454208050945887,1.6436380124439263,14.153863780907878,9.742758955847593,10.454208050945887
1577,15.76,20.21592474398812,17.391526123342857,10.30623269462097,1.687476562839479,14.411260821135018,9.735540172180269,10.30623269462097
1578,15.77,20.318778461203976,17.423625617196368,10.453230529710194,1.666817312377729,14.382262677853575,9.835306294846216,10.453230529710194
1579,15.78,20.239110998419097,17.377523634661845,10.375128256224007,1.6749213316218161,14.288446479582372,9.890329866760823,10.375128256224007
1580,15.79,20.426293166502987,17.67515387797822,10.23828051548296,1.726379136735779,14.484202812258383,10.13010036986677,10.23828051548296
1581,15.8,20.56361722765943,17.807186400881637,10.28428247229469,1.7314952646286457,14.594024080342109,10.203447880894897,10.28428247229469
1582,15.81,20.639294029148097,17.87657203976199,10.315455885651799,1.732989044587672,14.75730312191824,10.089292961383482,10.315455885651799
1583,15.82,20.294507217062947,17.422511339965798,10.407839439200776,1.6739796421478694,14.400104382245498,9.807185894621902,10.407839439200776
1584,15.83,20.487450169915626,17.670803850849147,10.367174433257642,1.704495662208754,14.549379332926861,10.028602582702423,10.367174433257642
1585,15.84,20.3839539644128,17.497332036548663,10.457004868798142,1.6732642143791685,14.266239516439017,10.130697826745502,10.457004868798142
1586,15.85,20.319119593913204,17.47639252691207,10.365438983325287,1.6860253149939965,14.302909004830818,10.042464326759514,10.365438983325287
1587,15.86,20.405635269320094,17.606653075853686,10.314830013677012,1.706926149292624,14.184064986547138,10.431037004577995,10.314830013677012
1588,15.87,20.430368471445398,17.601480177976924,10.372456383292992,1.6969442461409416,13.96935052188522,10.708377582641534,10.372456383292992
1589,15.88,20.617319487310294,17.779930588854292,10.437812562857617,1.7034153930032427,14.378317342486591,10.458963722244468,10.437812562857617
1590,15.89,20.55596727459999,17.65087416488985,10.535389494919007,1.6753888570899527,14.498003116444535,10.067833154176748,10.535389494919007
1591,15.9,20.649435637186514,17.772433089482714,10.513791619305014,1.69039236585683,14.616339734748705,10.110489141408847,10.513791619305014
1592,15.91,20.516130006141896,17.58040446679076,10.57548907677368,1.6623727128990715,14.528229288268369,9.899554281050113,10.57548907677368
1593,15.92,20.709364049854663,17.813890989204143,10.561394187045769,1.6866988082931351,14.715200948562106,10.039799461079165,10.561394187045769
1594,15.93,20.963866193794477,18.179157491358232,10.440398397365534,1.7412321637022443,14.802010711289554,10.553778754478202,10.440398397365534
1595,15.94,21.15166326856506,18.39878469271535,10.43444204822987,1.7632744144509933,15.010749048206032,10.63920538295405,10.43444204822987
1596,15.95,20.979366003718138,18.198543541808764,10.43775890097366,1.7435297858921763,14.746738801054326,10.663989955761792,10.43775890097366
1597,15.96,20.86159347696466,18.046646796207902,10.465401177740564,1.7244104157795983,14.603469631615486,10.602836191584082,10.465401177740564
1598,15.97,21.050589446289756,18.28352777042162,10.432637648479265,1.75253165943962,14.844436125521135,10.673804562905474,10.432637648479265
1599,15.98,21.14361103268266,18.326735492189563,10.544337518341264,1.7380641942000878,14.88420900714315,10.692499989822743,10.544337518341264
1600,15.99,21.03321160871476,18.214960998761804,10.517185288401055,1.7319235612260524,14.691156498348809,10.768227566662823,10.517185288401055
1601,16.0,21.112239616419025,18.347746335134797,10.44446580934806,1.7566955237397688,14.944449734207987,10.644398419834873,10.44446580934806
1602,16.01,21.026655881220854,18.269219182272085,10.409413432916432,1.7550671130518782,14.958994589449121,10.487747632486695,10.409413432916432
1603,16.02,21.125720244459988,18.4653672134081,10.262858740194153,1.799242070933812,14.936768704262063,10.856460150591644,10.262858740194153
1604,16.03,20.99332285797649,18.3263261402457,10.240379622874599,1.7896139415875756,14.783991737283278,10.829950051158715,10.240379622874599
1605,16.04,21.12280594832455,18.36809415828109,10.430055039312844,1.7610735599235363,14.919254734013787,10.714603174597137,10.430055039312844
1606,16.05,20.878063005873084,18.04938487595319,10.493484667969858,1.7200563442044035,14.755439508950138,10.39506129361444,10.493484667969858
1607,16.06,20.86813284003147,18.044958816177086,10.48133720246003,1.7216275430907642,14.710718675386548,10.450612170163078,10.48133720246003
1608,16.07,21.07195222789456,18.289219443554437,10.465735656903474,1.7475330968722096,14.964203973144706,10.515138957931553,10.465735656903474
1609,16.08,20.994808529408107,18.24224693166993,10.392420895560685,1.7553414276612336,14.902393667690376,10.521322924860865,10.392420895560685
1610,16.09,21.032633367047477,18.25311634325751,10.449660765409783,1.7467664025686402,14.81243843018624,10.666204760477655,10.449660765409783
1611,16.1,21.204687769344325,18.42022182330177,10.50400930005958,1.7536372348030278,15.014613163954042,10.670799574374016,10.50400930005958
1612,16.11,21.17587555587075,18.37466839894826,10.525648045912263,1.7457042377627512,14.852843244062397,10.817646987151031,10.525648045912263
1613,16.12,21.076066959298593,18.2257792978601,10.58402416184563,1.722008474202303,14.90310615238874,10.491732841858811,10.58402416184563
1614,16.13,20.921082933728297,18.115622003098856,10.464986887749927,1.7310697277895863,14.722294822954906,10.556031247829585,10.464986887749927
1615,16.14,21.196305154100482,18.443793523061057,10.445565215173257,1.765705650496495,14.90955570330337,10.857194308448337,10.445565215173257
1616,16.15,21.33153272798454,18.538541859890653,10.552570977451772,1.756779641615576,14.96346647582434,10.944048853957074,10.552570977451772
1617,16.16,21.25270591910542,18.363098431100145,10.699258146885978,1.7162964178450757,14.829523848244387,10.82998644618836,10.699258146885978
1618,16.17,21.084971047727752,18.108320689897507,10.801144655792154,1.6765186715823543,14.62854834172036,10.673183762220182,10.801144655792154
1619,16.18,21.046635209055832,18.124131753473545,10.699378571010588,1.693942469012167,14.717031880026768,10.577954644426484,10.699378571010588
1620,16.19,21.07711007118299,18.2234289830324,10.590146602060718,1.720791002032619,14.797070561803933,10.63673195528686,10.590146602060718
1621,16.2,20.79439932794107,17.899449361591262,10.583796859431216,1.6912124825639556,14.64347461149265,10.293635837289953,10.583796859431216
1622,16.21,20.65245046632625,17.70948292512977,10.625343513910346,1.6667209772507687,14.500150112892964,10.167174247500286,10.625343513910346
1623,16.22,21.411033535073592,17.79123777848932,11.912355575170691,1.4935113098514432,14.727510716009506,9.981411212878209,11.912355575170691
1624,16.23,20.746192947575675,17.70479465357501,10.814100429198,1.6371953237804397,14.49425021627236,10.16742171808305,10.814100429198
1625,16.24,20.796543258777398,17.878010264643066,10.624168696491829,1.6827679205194195,14.70981833707885,10.160929854733851,10.624168696491829
1626,16.25,21.13408134531798,18.253626558009415,10.651502794969861,1.7137137274779324,14.940424251538579,10.487068499027963,10.651502794969861
1627,16.26,21.128019591069727,18.116152926292113,10.871900247510734,1.6663281039981992,14.964799059472433,10.210278446664184,10.871900247510734
1628,16.27,21.37956298199119,18.392726501606866,10.899235071233958,1.6875245263908718,15.059202591793545,10.559962379773433,10.899235071233958
1629,16.28,21.509486555272254,18.565463149150506,10.861933065940537,1.7092227540386633,15.038360035149623,10.886879690511881,10.861933065940537
1630,16.29,21.403112516105328,18.47316642674243,10.809040084435848,1.7090478231589048,15.029433088664074,10.741229858051318,10.809040084435848
1631,16.3,21.551035987265553,18.59124355160449,10.900129142782644,1.7055984665938018,15.141603475115783,10.787315745700463,10.900129142782644
1632,16.31,21.693698766009256,18.74469624067623,10.920298942571579,1.7165002844017487,15.200641668186663,10.968323938989448,10.920298942571579
1633,16.32,21.595919597453964,18.58902276266781,10.992359891702701,1.6910857127866832,15.142234664159977,10.78260157135067,10.992359891702701
1634,16.33,21.76166308033321,18.633727362765317,11.240737724547646,1.6576961245232846,15.359718633930122,10.549636909219611,11.240737724547646
1635,16.34,21.685545543653216,18.616932657411418,11.12082298911668,1.6740606945754604,15.243296676549097,10.687941242414231,11.12082298911668
1636,16.35,21.44405631325685,18.308378189893318,11.164714023295442,1.639843004638762,15.050746125284578,10.424574476514259,11.164714023295442
1637,16.36,22.199772439986308,18.539757781682038,12.210949094306137,1.518289662703366,15.148455208940023,10.688635244322711,12.210949094306137
1638,16.37,21.941270270253987,18.755024787182926,11.387202742749665,1.6470265095722845,15.59817787868628,10.413827424761177,11.387202742749665
1639,16.38,22.310974299074648,19.102550016632648,11.527018566655366,1.6571978179935705,15.835504761617615,10.683829186332854,11.527018566655366
1640,16.39,22.093021783224003,18.843141726839512,11.534193572861948,1.633676564192083,15.515819132734537,10.69220963028827,11.534193572861948
1641,16.4,22.100449852979384,18.843250082213117,11.548238395670216,1.6316990900774981,15.62183118336227,10.536909610476632,11.548238395670216
1642,16.41,22.187762779754,19.019877463153858,11.425457472558767,1.6646928588054424,15.797105478742203,10.592789868909941,11.425457472558767
1643,16.42,22.292377414251316,19.096330311917445,11.501315550734411,1.66036052377487,15.679372868088835,10.900784276614994,11.501315550734411
1644,16.43,22.164308575196486,18.813595474325446,11.717730153274976,1.6055665413209106,15.449464258297397,10.736173843746673,11.717730153274976
1645,16.44,22.413245845321647,19.126180963686515,11.685152590665801,1.6367934278380474,15.859095412519903,10.691112708800457,11.685152590665801
1646,16.45,22.18080029266212,18.92040767240465,11.57609930559389,1.6344372290640066,15.582566758227053,10.731516189028742,11.57609930559389
1647,16.46,22.115354426170303,18.827250704403678,11.602738138416363,1.6226558317357127,15.28223334757535,10.99630451545994,11.602738138416363
1648,16.47,21.95936754143932,18.62730640821605,11.629156409407006,1.6017762383132221,15.05552917508222,10.968481448396346,11.629156409407006
1649,16.48,21.861886040978963,18.605620147346926,11.47924040175956,1.6208058631209623,15.06423595469561,10.919610623489184,11.47924040175956
1650,16.49,22.254247002802842,19.07895555786415,11.456219467293907,1.6653797190541095,15.501690789459493,11.122235739586802,11.456219467293907
1651,16.5,22.02094656535484,18.883082512147965,11.329222500843775,1.6667589069542588,15.301701516760989,11.064751956214051,11.329222500843775
1652,16.51,22.23264854826372,19.193419946401395,11.220663627062974,1.7105423158848674,15.5581401853248,11.239735015235034,11.220663627062974
1653,16.52,21.758717351376287,18.571516877173032,11.33757212360568,1.6380506050767019,14.874471939038823,11.119861674223715,11.33757212360568
1654,16.53,21.288945021796767,17.905584411821803,11.515607974058927,1.5548970104016653,14.239960414288914,10.855113105277187,11.515607974058927
1655,16.54,22.155759363191336,18.96107999866674,11.461026055454226,1.6543963783803883,15.176992613980739,11.365801771587165,11.461026055454226
1656,16.55,21.804217425578713,18.498938299962763,11.54180138956139,1.6027773893851205,14.92762738039459,10.925962612874116,11.54180138956139
1657,16.56,21.6014758778241,18.1948197455858,11.64355162851342,1.5626520434735092,14.493756069260867,10.999204543016859,11.64355162851342
1658,16.57,22.07025736992592,18.68384849878418,11.747768539141786,1.5904168043941642,15.24842122768854,10.79684420506739,11.747768539141786
1659,16.58,21.791435493695563,18.334222851006203,11.77807001700774,1.5566406741114005,15.041559909871129,10.483091291604577,11.77807001700774
1660,16.59,21.488261997054018,18.1025059737349,11.577766672589679,1.5635576778889937,14.767879434869142,10.469501398169673,11.577766672589679
1661,16.6,21.498044802996734,18.107742084892898,11.587735194534494,1.562664470744348,14.760289818001821,10.48924057792523,11.587735194534494
1662,16.61,21.565011529914962,18.278585256391096,11.443034707201031,1.597354698652491,14.803142429269172,10.72257679822946,11.443034707201031
1663,16.62,21.765869070204655,18.504801071383934,11.459729215378509,1.6147677422038222,14.994482511876827,10.844037850012883,11.459729215378509
1664,16.63,21.926400949485405,18.70890764808582,11.434326968081258,1.636205410280066,15.351280019409863,10.693990235186847,11.434326968081258
1665,16.64,21.531979110289008,18.22024467539341,11.473831460097383,1.587982596638104,14.805527111820098,10.619495419856909,11.473831460097383
1666,16.65,21.499370774177994,18.23765087433927,11.384684197257776,1.601946137314214,14.873475938560176,10.554222989844371,11.384684197257776
1667,16.66,21.383694974973043,18.106351431402835,11.376398754668536,1.5915714473327973,14.736846335765087,10.5197586585202,11.376398754668536
1668,16.67,21.336775089182268,18.08679515504141,11.319267300754035,1.5978768478977925,14.707679166522967,10.526933671067551,11.319267300754035
1669,16.68,21.48770172376866,18.240107529525677,11.358688422568486,1.6058286706134624,14.739040286628521,10.74533452796146,11.358688422568486
1670,16.69,21.75053140560225,18.543304688441722,11.3680019202015,1.6311841622307748,15.128266991127495,10.723324419859122,11.3680019202015
1671,16.7,21.685571627585762,18.436998149263623,11.416703379662724,1.6149143527812575,14.932067479289596,10.814631826830366,11.416703379662724
1672,16.71,21.619647572164236,18.415380762184835,11.326204683314693,1.6259092323586233,14.981435295100212,10.709007662476154,11.326204683314693
1673,16.72,21.59431082217708,18.393212416545648,11.313885136619742,1.6257202715459953,15.018690388406489,10.618342715195983,11.313885136619742
1674,16.73,21.851156347165464,18.597668996307522,11.47169305778583,1.6211790973334401,15.340556429973423,10.513829964148131,11.47169305778583
1675,16.74,21.73547713225333,18.4043807732762,11.563292546630864,1.5916211320484654,15.145550150267264,10.456268086343131,11.563292546630864
1676,16.75,21.93713103207144,18.56079270247373,11.693361029835252,1.5872932217791307,15.329048567495047,10.465337823480906,11.693361029835252
1677,16.76,21.824090232394802,18.473029168102187,11.620589822644805,1.5896808552784623,15.163830503581275,10.550405257818875,11.620589822644805
1678,16.77,21.567640751350076,18.11829348478758,11.700024306744002,1.548568875565842,14.822180662875951,10.419957734941262,11.700024306744002
1679,16.78,21.945922359023946,18.542358576933097,11.739013867984943,1.5795499337046086,15.20673229064043,10.610106250003252,11.739013867984943
1680,16.79,21.500814980357156,17.993785345363847,11.768973352188366,1.5289171626867535,15.05717386377164,9.851793049551079,11.768973352188366
1681,16.8,21.243368087421825,17.65580425589123,11.813266431235057,1.494574287193601,14.466806790005988,10.121211647969005,11.813266431235057
1682,16.81,21.41685599403094,18.01554952018757,11.581092183154766,1.5556002176022758,14.895773980077266,10.132913798546971,11.581092183154766
1683,16.82,21.61324873044946,18.22833150114469,11.61294326898445,1.5696564668345923,15.02316142580106,10.323598698610235,11.61294326898445
1684,16.83,21.912804479688607,18.400600160859838,11.899113995807665,1.5463840557660677,15.090179877601244,10.529413922031639,11.899113995807665
1685,16.84,22.176967829399523,18.59787310931218,12.080439475289975,1.539503024484609,15.425581587517826,10.389047929281492,12.080439475289975
1686,16.85,22.090189487976165,18.365903848022416,12.274772806854227,1.4962316726356764,15.409704343169135,9.992368898860715,12.274772806854227
1687,16.86,21.91879346793259,18.148067238632343,12.291507742826505,1.4764720177818549,15.106954081702654,10.056454786416932,12.291507742826505
1688,16.87,22.000979807199485,18.346277381954682,12.143196395561494,1.5108276918473047,15.215397010477034,10.250735953539552,12.143196395561494
1689,16.88,21.862361144275745,18.087133769668426,12.28081539641639,1.472795835278686,15.018048879313636,10.079812292916294,12.28081539641639
1690,16.89,21.951220529195183,18.30143147347283,12.120795714107972,1.5099199677271125,14.980344860837254,10.5134039125589,12.120795714107972
1691,16.9,21.861769756786774,18.21889356531561,12.083414010719753,1.507760435018844,14.7639204786833,10.674958306401688,12.083414010719753
1692,16.91,22.001762862812825,18.34966783437045,12.139491729051919,1.5115680494642538,14.871347918338422,10.74957304842667,12.139491729051919
1693,16.92,21.920301816589244,18.329525871064202,12.021984572954409,1.5246672261000673,14.815850395255799,10.791760547909247,12.021984572954409
1694,16.93,21.582270783898473,18.03214175621106,11.859016648669783,1.5205427473814799,14.605856377713367,10.574833132948262,11.859016648669783
1695,16.94,21.723454858195304,18.135332422013104,11.959022072022847,1.5164561377003583,14.90250177316252,10.33468543100406,11.959022072022847
1696,16.95,21.362218162543563,17.738863594414667,11.90281828823981,1.4903078552363493,14.48171004404207,10.244381671020518,11.90281828823981
1697,16.96,21.63495220448091,18.046673621621533,11.932674808476214,1.5123745439540783,14.903296019597294,10.17714088325331,11.932674808476214
1698,16.97,21.309029844746952,17.800650796551196,11.713734850318135,1.5196392119177724,14.648104881771,10.114158005162631,11.713734850318135
1699,16.98,21.175467343613878,17.66040719818524,11.683768005859442,1.5115335386091626,14.565558237823947,9.98671595802504,11.683768005859442
1700,16.99,21.284935035857636,17.782717482478702,11.697154287219874,1.5202601458294704,14.689270258466767,10.022493718400492,11.697154287219874
1701,17.0,21.295795300235042,17.759253480167608,11.752438610631737,1.5111122098610121,14.55943241729014,10.169268009999849,11.752438610631737
1702,17.01,21.31464310326739,17.825520857215153,11.686095018809816,1.52536162238313,14.740832742158,10.022826143295864,11.686095018809816
1703,17.02,21.47205920886316,18.078243237417084,11.585613842939388,1.560404436268562,14.764920706745338,10.431682274433943,11.585613842939388
1704,17.03,21.324018170303034,17.93112681439907,11.540729703677863,1.5537255680361945,14.709553759274206,10.254478876914392,11.540729703677863
1705,17.04,21.398488640052715,17.98881420667345,11.588696195700733,1.5522724819852542,14.852729568583964,10.148589110055058,11.588696195700733
1706,17.05,21.176632520141105,17.8010820010519,11.470450927706544,1.5519077770564276,14.573354347805747,10.222321823414937,11.470450927706544
1707,17.06,21.15561206559942,17.732428835546486,11.537802627121646,1.5368982646542484,14.56695472838949,10.111521267780214,11.537802627121646
1708,17.07,21.014932383399003,17.60990565507416,11.4681561681998,1.5355481209703876,14.260016959904824,10.332506640880505,11.4681561681998
1709,17.08,20.905653895554178,17.498856505124834,11.438373390205006,1.529837845659907,14.072179365875744,10.401141614340741,11.438373390205006
1710,17.09,20.70921822195944,17.231685493226482,11.48654580051221,1.5001625199159596,13.968858268576614,10.089696903767264,11.48654580051221
1711,17.1,20.918918056019578,17.55329944520413,11.379051420107848,1.5425977787731768,14.266101109555962,10.227251856922745,11.379051420107848
1712,17.11,21.420572954094215,18.132373304463336,11.404296735408895,1.589959795430841,14.984830992103191,10.209691561967889,11.404296735408895
1713,17.12,22.00570835126777,18.802621280329724,11.432962565737181,1.6445974673859485,15.66427366611216,10.400437371796118,11.432962565737181
1714,17.13,21.84630499276218,18.605104550507647,11.45037669692423,1.624846504439046,15.583961866490082,10.163171152701475,11.45037669692423
1715,17.14,21.869941079061036,18.60057851412683,11.502730186412478,1.6170577082733486,15.510705208302317,10.266428054651726,11.502730186412478
1716,17.15,22.02513850340474,18.840467202477633,11.408046357134364,1.651506893701846,15.836228426314984,10.206717084215114,11.408046357134364
1717,17.16,21.90226161942856,18.619639217682284,11.533347278619566,1.6144176333092157,15.472102976267244,10.358812387934941,11.533347278619566
1718,17.17,21.86427083918411,18.571731671511717,11.538506058002712,1.6095438679976253,15.530103258881569,10.184552520710348,11.538506058002712
1719,17.18,21.790631010399377,18.606090248088755,11.34217816432785,1.6404336079472415,15.637028759182561,10.083150594160585,11.34217816432785
1720,17.19,21.90169633933776,18.696743006298757,11.406844589849536,1.6390810674264984,15.796455378859003,10.00200962343558,11.406844589849536
1721,17.2,22.093433803774495,19.060554503553334,11.172066919726106,1.7060902553223,16.166294714416644,10.09730920540476,11.172066919726106
1722,17.21,21.918678353055853,18.810509884241515,11.251363412474577,1.6718427087143932,15.966608293824025,9.944983745423494,11.251363412474577
1723,17.22,21.480296272182407,18.23647970574315,11.350503772201115,1.6066669878042505,15.236620772851428,10.020707534016452,11.350503772201115
1724,17.23,21.600950813318505,18.461856304107645,11.214318429841654,1.6462753772873138,15.485151272061973,10.052374260585239,11.214318429841654
1725,17.24,21.742594132196423,18.64225911524354,11.189574374279907,1.6660382684523014,15.7071317340104,10.040908206448472,11.189574374279907
1726,17.25,21.812754608692032,18.689043859671337,11.247928841804459,1.6615542401202754,15.693782929854663,10.148179035635962,11.247928841804459
1727,17.26,21.624599773295365,18.440380041525728,11.294941313672494,1.632622917589107,15.423472531189518,10.107626385830788,11.294941313672494
1728,17.27,21.28258872503228,18.073140632778983,11.23877976057296,1.6081052407648215,14.845412261972125,10.307868213374402,11.23877976057296
1729,17.28,21.55622175137023,18.4371280761669,11.168840785742503,1.6507646970581469,15.371396036118975,10.180760069747624,11.168840785742503
1730,17.29,21.829458240144806,18.718510348198446,11.231323047736348,1.666634488976891,15.676006162032921,10.229636379828863,11.231323047736348
1731,17.3,21.497950543432058,18.306801862402473,11.270442898954235,1.6243196497718053,15.133642838692676,10.301060569676725,11.270442898954235
1732,17.31,21.63552322774182,18.43847490819889,11.318944668027843,1.6289924060041827,15.355964060199742,10.206455051688312,11.318944668027843
1733,17.32,21.885838579197397,18.590199804385282,11.549649412329304,1.6095899659551707,15.54524317132659,10.195143133438128,11.549649412329304
1734,17.33,21.961123848699405,18.721518511187348,11.480231066193017,1.6307614718939303,15.695924317265924,10.204568349096927,11.480231066193017
1735,17.34,22.207215066832408,18.853955435338158,11.734085625511312,1.6067681826308982,15.839442715239938,10.226616743984769,11.734085625511312
1736,17.35,22.16839963159533,18.791557263048713,11.760753286064515,1.5978191877653871,15.595790298384378,10.483031495672357,11.760753286064515
1737,17.36,21.911427235152907,18.626819414594674,11.539161233706691,1.6142264621612568,15.33137643937024,10.578624578755228,11.539161233706691
1738,17.37,21.816177723863166,18.532488216699694,11.510538257486935,1.6100453169203786,15.114820782728106,10.723586723112914,11.510538257486935
1739,17.38,21.952330573226387,18.643975505723013,11.589089478393474,1.6087523994428177,15.144684063472184,10.87365473406303,11.589089478393474
1740,17.39,22.232792545048035,18.939193314570275,11.644913951785137,1.6263918645501836,15.583729787903357,10.762918252234241,11.644913951785137
1741,17.4,22.1882472468915,18.90586619068743,11.614066448449918,1.6278420891255292,15.460566027715156,10.88129930306294,11.614066448449918
1742,17.41,22.473128623167412,19.207405914970526,11.666921964724962,1.6463130526667,15.775311735269117,10.957371109783823,11.666921964724962
1743,17.42,22.182936029566232,18.93188820023283,11.561412546298685,1.6375065005611065,15.362053467834347,11.064524575304342,11.561412546298685
1744,17.43,21.918827148324336,18.55451481648294,11.668974397222538,1.5900724592299478,14.840939105021429,11.136271663179318,11.668974397222538
1745,17.44,21.955475726761797,18.45043128122535,11.900609224960197,1.5503770380534496,14.89531685007476,10.88797274055633,11.900609224960197
1746,17.45,22.31477170169828,18.805074958142608,12.013250680708866,1.5653610715324702,15.313239616095618,10.91492265851673,12.013250680708866
1747,17.46,22.26269505072606,18.719309870377383,12.050519860089624,1.5534026820182478,15.191614382791947,10.937431804027714,12.050519860089624
1748,17.47,22.364398270292416,18.869721812337314,12.004162141409946,1.5719316008939692,15.458919423841616,10.820730637169149,12.004162141409946
1749,17.48,22.3653626727094,18.980158055623548,11.830597942004934,1.604327874944838,15.544096807519793,10.89162312306593,11.830597942004934
1750,17.49,22.33327614780398,18.738122178419818,12.151460847185474,1.5420468710772293,15.18987778156911,10.972002358475034,12.151460847185474
1751,17.5,22.564765447530295,19.056505554441863,12.083800550968377,1.5770291369890828,15.55208190201654,11.012863045522863,12.083800550968377
1752,17.51,22.426123096248208,18.905093389343193,12.06351694441922,1.5671295092836919,15.526601829140354,10.785508411712593,12.06351694441922
1753,17.52,22.49923748295054,18.898831709505156,12.208597271185951,1.5479937039211804,15.33705472693199,11.04267142892926,12.208597271185951
1754,17.53,22.607980490617376,19.053251461741986,12.169403871996472,1.5656684306111515,15.712604657862196,10.776847689844207,12.169403871996472
1755,17.54,22.0632521115806,18.46773009106049,12.071869740139876,1.529815222380498,15.090416583205057,10.64595613656147,12.071869740139876
1756,17.55,22.337199991790378,18.812114307264707,12.043872249556895,1.5619656135058078,15.290118497500055,10.959375942178466,12.043872249556895
1757,17.56,22.252183770502313,18.762289649810622,11.963952927557667,1.5682349941877258,15.199525739993751,10.99990591699121,11.963952927557667
1758,17.57,22.090673099146652,18.552860263403662,11.991214034449511,1.5472044957335616,15.21830608386334,10.61186995261583,11.991214034449511
1759,17.58,22.102179689887016,18.5608766543867,12.000008536026003,1.546738620948801,15.369945318453894,10.405331474157583,12.000008536026003
1760,17.59,22.031733922098613,18.61199442306252,11.789442871062246,1.5787000816422423,15.172051292729755,10.780315207584968,11.789442871062246
1761,17.6,21.852491862598356,18.480738948536995,11.661633184119413,1.5847470638764138,15.071735958803023,10.694881358486224,11.661633184119413
1762,17.61,21.63824822576473,18.186812910296407,11.72406168721772,1.55123824792945,14.791333882131884,10.581899915488776,11.72406168721772
1763,17.62,21.925494921001455,18.514270723422097,11.74517377950178,1.5763300799971183,15.085546332488272,10.73333649293239,11.74517377950178
1764,17.63,21.608947304399198,18.14804643621032,11.730090117021922,1.5471361477330074,14.773118403257692,10.5407097528665,11.730090117021922
1765,17.64,21.905353426950303,18.530354921392053,11.682056978411152,1.5862236381518078,15.074751252582534,10.776174097773291,11.682056978411152
1766,17.65,21.755010463851303,18.598107219196645,11.286757202383033,1.647781279043544,14.991659562169199,11.006349790405316,11.286757202383033
1767,17.66,21.594430077627315,18.334097347044803,11.40965752538699,1.606892871784331,14.667884824428192,10.999649099322417,11.40965752538699
1768,17.67,21.061096905349025,17.576146032951794,11.603830983121707,1.5146847673425343,13.854159179393028,10.815876423281052,11.603830983121707
1769,17.68,21.471014671638823,18.14400763806091,11.48039449930694,1.5804341600940843,14.479903549167851,10.933316348519735,11.48039449930694
1770,17.69,21.277904802881892,17.871234548688268,11.548515424342424,1.54749194091377,14.05413340409251,11.039128523311986,11.548515424342424
1771,17.7,20.91442227429691,17.38873408747468,11.620885762397922,1.4963346549485903,13.777624958244154,10.608728654974247,11.620885762397922
1772,17.71,21.37972046967263,18.06375987921938,11.436477883826077,1.5794862773936604,14.315764770371601,11.01627432544611,11.436477883826077
1773,17.72,21.127845364088053,17.840814314960085,11.317738038492164,1.5763586552615574,13.794953079423122,11.313440014310377,11.317738038492164
1774,17.73,21.1350203556805,17.93545177302707,11.180726950089124,1.6041400396495777,14.082793490929593,11.106545718377562,11.180726950089124
1775,17.74,21.519660918772857,18.45912172866224,11.061493166177401,1.6687730536329834,14.611178005795628,11.280631732155987,11.061493166177401
1776,17.75,21.43011320189486,18.45847309254046,10.887356104123183,1.6954045514824296,14.66552394040082,11.208819583772883,10.887356104123183
1777,17.76,21.828358369235257,18.975636959501106,10.78899583265183,1.7587954665876517,15.385931049935474,11.106211043619503,10.78899583265183
1778,17.77,21.920808115513914,19.048294063970584,10.84824048819363,1.755887886584119,15.39248459709804,11.22091460958493,10.84824048819363
1779,17.78,21.831040916380744,18.90403390607388,10.919333751227647,1.7312442624027793,15.274889880778957,11.137335276091294,10.919333751227647
1780,17.79,21.47041793031359,18.380318294254874,11.096970104682224,1.6563366505330617,14.906981799093833,10.752580817627255,11.096970104682224
1781,17.8,21.242942132962934,18.147702665417665,11.041896505220663,1.6435313133787608,14.529603241069765,10.873350067458622,11.041896505220663
1782,17.81,20.814245202588463,17.65441613154698,11.02517094686747,1.6012827571225139,13.92767944073817,10.848878022259512,11.02517094686747
1783,17.82,21.130911906962353,17.973648853615522,11.111407872395326,1.6175851935260548,14.28039945585551,10.914313743624756,11.111407872395326
1784,17.83,21.5668217552601,18.611054343437882,10.89754361536408,1.7078210466805366,14.959272426748328,11.072105140248858,10.89754361536408
1785,17.84,21.372473932984196,18.313154845085446,11.018666055199802,1.6620119670877322,14.833369947704547,10.739775434086702,11.018666055199802
1786,17.85,21.118717696158274,17.923426377848084,11.169199792639048,1.6047189333707095,14.560894308373799,10.451295138044282,11.169199792639048
1787,17.86,20.945048701033162,17.793760189267207,11.048853488733592,1.6104621359502442,14.340220469148521,10.534513684521198,11.048853488733592
1788,17.87,21.099129493756713,17.982011118529126,11.037234324205015,1.6292134959111986,14.747327640908651,10.289268745571608,11.037234324205015
1789,17.88,21.178822842240766,18.018756681628396,11.12955275971551,1.6190009671232275,14.838366156575232,10.222449909641565,11.12955275971551
1790,17.89,21.03274889570953,17.8290855382239,11.157967331941146,1.5978793455673421,14.588908043221103,10.248904977398475,11.157967331941146
1791,17.9,21.294334577560836,18.181477680007443,11.08524038857499,1.6401518634405254,15.037827286844704,10.219093948077667,11.08524038857499
1792,17.91,21.350269481019346,18.249266902302384,11.081437832730767,1.64683204271564,15.230208507113778,10.053680485340099,11.081437832730767
1793,17.92,20.82352348043299,17.566619415170532,11.18181615224905,1.5709987694295329,14.479386197802096,9.946531707703164,11.18181615224905
1794,17.93,20.954874946568832,17.805103675691985,11.049211153933017,1.611436638112774,14.67968727271839,10.076135096222657,11.049211153933017
1795,17.94,21.1209132330607,17.94554575842068,11.13778987191392,1.6112304114906877,14.98182484541822,9.878640436253349,11.13778987191392
1796,17.95,21.430142476189086,18.238149502114226,11.25259566892432,1.6207948849065579,15.50744006318515,9.599447898092345,11.25259566892432
1797,17.96,21.737816487006135,18.51554406885879,11.38891098643342,1.62575193457168,15.810076516854194,9.636744922278865,11.38891098643342
1798,17.97,21.53103976296662,18.259976937394846,11.408721029118821,1.6005279549556308,15.544693066910995,9.580671960239581,11.408721029118821
1799,17.98,21.39406450941298,18.095409302247244,11.413244868006121,1.5854745527253802,15.313187153128782,9.64106513976063,11.413244868006121
1800,17.99,21.06405902451543,17.674202155190766,11.459369998639541,1.5423362852660356,14.80803197392241,9.648813962443334,11.459369998639541
1801,18.0,21.173165759492,17.88656151319855,11.330219129102884,1.5786598043152578,15.012447765584024,9.723964975823744,11.330219129102884
1802,18.01,21.249441950689317,17.96867646436097,11.343079358570813,1.5841092084737878,15.25536081766291,9.494593208968732,11.343079358570813
1803,18.02,21.272581905661045,18.11774623490266,11.147646043032054,1.6252530951345856,15.426382641428933,9.501549727941736,11.147646043032054
1804,18.03,21.241769450226737,18.037388975983966,11.218973585209921,1.6077575046404267,15.19672925076958,9.716317262715958,11.218973585209921
1805,18.04,21.194499522439404,18.04639972388852,11.114597024288404,1.6236665786849718,15.136326336227464,9.826706876547732,11.114597024288404
1806,18.05,21.329642482859153,18.2085344387039,11.108686782924616,1.6391257395691992,15.32957785208505,9.826228639835806,11.108686782924616
1807,18.06,21.627873153655965,18.57869241331777,11.072356811535704,1.67793476398463,15.718149976843161,9.904926708165823,11.072356811535704
1808,18.07,21.50889076632548,18.45573343150368,11.046188732001585,1.6707783905625406,15.531777590486879,9.968850554320301,11.046188732001585
1809,18.08,21.488795064848222,18.41735616671324,11.071102256210764,1.6635521685640027,15.561689119157903,9.850524855572559,11.071102256210764
1810,18.09,21.790897624680976,18.740927944425746,11.118490863024942,1.6855640010236976,15.920837629540921,9.886825041030699,11.118490863024942
1811,18.1,21.759436389793038,18.688950314486483,11.144335249089782,1.6769910359626798,15.81988685788039,9.950278572040471,11.144335249089782
1812,18.11,21.57663485546494,18.44610387997922,11.193409817168314,1.6479432256368218,15.663009339881848,9.743145630121642,11.193409817168314
1813,18.12,21.761403121327323,18.633803309063012,11.240108542539383,1.6577956732838839,15.850110193597764,9.797582998457115,11.240108542539383
1814,18.13,21.772627733887195,18.629560319984286,11.268842031127278,1.6531920731983745,15.775759849919911,9.908880808324819,11.268842031127278
1815,18.14,21.23775201922576,18.022715527684454,11.234938176878837,1.604166862686851,15.059825601620151,9.900501393395416,11.234938176878837
1816,18.15,21.20585938876899,17.951930951266974,11.28789827812001,1.590369660405626,14.967883081764679,9.911321855821242,11.28789827812001
1817,18.16,21.34257400229216,18.16770668693119,11.199995481291632,1.622117322929135,15.337967478750032,9.737161798140702,11.199995481291632
1818,18.17,20.940099628386132,17.743159364506997,11.120614560915454,1.5955196781000898,14.8392394526963,9.72711039825466,11.120614560915454
1819,18.18,21.389328619895892,18.183487331872623,11.263399454051399,1.614387148928834,15.3651847348864,9.723698350483016,11.263399454051399
1820,18.19,21.767043801883215,18.5563643823183,11.378292349194197,1.6308567061587629,15.597116745311018,10.05328843326948,11.378292349194197
1821,18.2,22.090315315572994,18.921853981295985,11.399362817804866,1.6599045300796644,15.889568030212601,10.274151347081299,11.399362817804866
1822,18.21,22.159434868379407,19.107553730785888,11.222385847540588,1.7026284776131944,16.034999215623717,10.39121791369118,11.222385847540588
1823,18.22,21.866152417969936,18.80441492670439,11.158969523671516,1.6851390163594044,15.78059029472089,10.226386981032146,11.158969523671516
1824,18.23,21.691302544355064,18.504140981507376,11.318541098889186,1.6348521262447324,15.556902779198655,10.019281879559133,11.318541098889186
1825,18.24,21.95526830740056,18.782779521039913,11.368421170679374,1.652188922194678,15.84235924398228,10.090216059163728,11.368421170679374
1826,18.25,21.949291764886876,18.88138186733317,11.19217707865958,1.6870160054324732,15.861437527357285,10.243113822749402,11.19217707865958
1827,18.26,21.95942708777092,18.798981449552514,11.349657901562836,1.6563478487720686,15.913251325520893,10.008503174372635,11.349657901562836
1828,18.27,21.522923606956766,18.24447938016311,11.418196562404232,1.5978424684188066,15.23836792991935,10.032605378743968,11.418196562404232
1829,18.28,21.771912120829782,18.468807237658194,11.529063995631173,1.6019346622290214,15.522456049571325,10.00750713069455,11.529063995631173
1830,18.29,22.134614253558855,18.822426323757167,11.647206336310187,1.616046438971225,15.853869599245536,10.145863760340216,11.647206336310187
1831,18.3,22.189839303226506,18.866968131782226,11.68017473402388,1.6152984489883961,15.857941301233724,10.221946202769397,11.68017473402388
1832,18.31,21.801475215939337,18.337537293118096,11.791481993995502,1.5551511932474644,15.374967097733267,9.993781102271374,11.791481993995502
1833,18.32,22.008491952728956,18.71899248735211,11.574672275783472,1.6172373645961435,15.568311230336867,10.393669476027789,11.574672275783472
1834,18.33,22.42354277181308,19.094133513248803,11.757097253045053,1.6240516772372091,15.9506061159743,10.495908686474666,11.757097253045053
1835,18.34,22.63695145496223,19.303534680929474,11.823921515151808,1.6325831202611492,16.205165677729237,10.488996927027543,11.823921515151808
1836,18.35,22.692274869706022,19.468765155430486,11.657895268228623,1.6700068672334794,16.449821210490697,10.413270323015468,11.657895268228623
1837,18.36,22.685195148133747,19.55149370650923,11.504658741276979,1.699441430310438,16.450373525934,10.56627261681809,11.504658741276979
1838,18.37,22.55335218077121,19.396244488421374,11.508231590269675,1.6854235454230078,16.287691791270973,10.53211262602051,11.508231590269675
1839,18.38,22.419031354835035,19.2515602445463,11.488707283227333,1.675694207358922,16.140305147402458,10.493479956531548,11.488707283227333
1840,18.39,21.816218693257813,18.680034087630528,11.26959291886859,1.6575606787317665,15.533190942313464,10.37610970762499,11.26959291886859
1841,18.4,21.852871614728645,18.638317663201622,11.408817313613154,1.6336765810915503,15.560555743021363,10.259434208704617,11.408817313613154
1842,18.41,22.06069063389531,18.89588577275698,11.38505916134636,1.6597090542059523,15.891261285621791,10.223615499869783,11.38505916134636
1843,18.42,22.373361152726254,19.276318657632892,11.357412921951648,1.6972455602433505,16.305165900948396,10.28192715074152,11.357412921951648
1844,18.43,22.241879080653487,19.149055414817003,11.314365283067312,1.6924551166360888,16.021596415969512,10.487839222810635,11.314365283067312
1845,18.44,22.4713051448572,19.399042556423368,11.341812148301566,1.710400622296356,16.42247173291075,10.325951495512273,11.341812148301566
1846,18.45,22.488016034968112,19.32702094437867,11.496831154910947,1.681073739708094,16.24137787229231,10.476229445457248,11.496831154910947
1847,18.46,22.218361872732306,19.049904909325033,11.434890784496309,1.6659455055883294,15.934423214916235,10.439972886088576,11.434890784496309
1848,18.47,22.357686346699666,19.226374451300096,11.411076383750817,1.684887017203577,16.179940414295952,10.385711469679753,11.411076383750817
1849,18.48,22.471222216579747,19.24123824498896,11.6073502017679,1.65767706759277,16.14011510151295,10.474823803307594,11.6073502017679
1850,18.49,22.561392958954944,19.382075972424648,11.547795601219345,1.67842215447406,16.246912230455,10.568950372517255,11.547795601219345
1851,18.5,22.664924610668937,19.3923395766308,11.731835890087495,1.6529671705530626,16.346707809882208,10.43302343684214,11.731835890087495
1852,18.51,22.8737794594576,19.71002801456732,11.607091902146545,1.698102175870794,16.55790932365175,10.692092553132671,11.607091902146545
1853,18.52,22.912601558091257,19.642702493870434,11.7962514765133,1.6651647799285783,16.590962033268916,10.515499991599691,11.7962514765133
1854,18.53,22.977774486437497,19.69283823495093,11.839351443454694,1.6633375847490348,16.57883064800928,10.627805610405824,11.839351443454694
1855,18.54,22.897585682720234,19.493938914153507,12.011901419374297,1.6228853562443697,16.391588077122393,10.551279292042622,12.011901419374297
1856,18.55,22.770737590201634,19.342150926627664,12.016142805966412,1.6096805138686971,16.498936496966266,10.094746006587677,12.016142805966412
1857,18.56,22.646711295939106,19.374266619767035,11.72652230918429,1.6521749679010103,16.37227097583817,10.359099871492033,11.72652230918429
1858,18.57,22.65734527329567,19.43423212046052,11.647571279944772,1.6685222741605468,16.48545179321703,10.291708181126047,11.647571279944772
1859,18.58,22.840102094726745,19.540441474409086,11.825456045444271,1.6524048966328866,16.58023384358316,10.340439966795723,11.825456045444271
1860,18.59,22.65730084480888,19.412236619353312,11.684106769728503,1.6614223921375877,16.472251697629005,10.271312212941448,11.684106769728503
1861,18.6,22.573877734591772,19.27819798690485,11.744404555106057,1.6414793867538702,16.270940757143848,10.339506975664627,11.744404555106057
1862,18.61,22.379727518340705,19.213535490105542,11.475724716358046,1.674276437000763,16.34521590368237,10.09920111155106,11.475724716358046
1863,18.62,22.49401256395095,19.242523543799596,11.649287055159279,1.6518198455138418,16.438777277276476,10.002065484777651,11.649287055159279
1864,18.63,22.3616973605361,19.22244803909711,11.425541572652868,1.6824102312231923,16.320197214571568,10.15645959442948,11.425541572652868
1865,18.64,22.455066978813438,19.339023212863143,11.411932973661306,1.694631685753634,16.414497041432732,10.225561388229771,11.411932973661306
1866,18.65,22.411826892020404,19.304881992779855,11.384705348964161,1.6956856941876244,16.242049368057195,10.434284885930078,11.384705348964161
1867,18.66,22.35208072546465,19.148667828764143,11.530135868294932,1.6607495390768394,16.06251198232187,10.424355540469314,11.530135868294932
1868,18.67,22.450994220811058,19.29772901060816,11.473656633176008,1.6819162040119706,16.27157537112431,10.374882163604969,11.473656633176008
1869,18.68,22.50140054947294,19.432420380893674,11.344340651974864,1.7129616411431376,16.282749080246404,10.606179531268868,11.344340651974864
1870,18.69,22.49837438387362,19.372211217048662,11.440903918790452,1.693241316818673,16.376095417846482,10.349206071169586,11.440903918790452
1871,18.7,22.499299553094442,19.16942728992202,11.779284263327247,1.6273847257089038,16.271882872501447,10.133744145536781,11.779284263327247
1872,18.71,22.421917143265805,19.11884549643183,11.713757521096527,1.632170160770249,16.307042439539075,9.980512010488397,11.713757521096527
1873,18.72,22.524841351987668,19.256094886489713,11.686371877307273,1.6477393573176815,16.425394187358304,10.050055525587474,11.686371877307273
1874,18.73,22.388503152126265,19.14026733825839,11.614440994415821,1.647971464787755,16.218160777282325,10.164698459975197,11.614440994415821
1875,18.74,22.368256082228378,19.099184445296746,11.643025108822954,1.6403970846737759,16.138740637377243,10.21371123122901,11.643025108822954
1876,18.75,22.455527314780664,19.2638134215611,11.539332712256066,1.6694044536128825,16.17745389846879,10.458704169429138,11.539332712256066
1877,18.76,22.373393684837147,19.126227432726747,11.60845248809339,1.647612156085768,16.04370939141263,10.412106644300534,11.60845248809339
1878,18.77,22.05610986522956,18.70586400268302,11.686001638721613,1.6007069467371169,15.594295286924014,10.330890696890167,11.686001638721613
1879,18.78,22.303299576635133,18.920418468336294,11.8091039875247,1.6021891659455352,16.041037509652295,10.033312046920955,11.8091039875247
1880,18.79,22.661774277851997,19.32713296581026,11.83291784566278,1.6333361912839104,16.5758820003429,9.938722482734791,11.83291784566278
1881,18.8,22.762365071234505,19.270283009931298,12.115339712666326,1.5905689371454135,16.542826203487646,9.883253942100719,12.115339712666326
1882,18.81,22.471842515635046,19.061406455232383,11.901533094350834,1.6015925262838655,16.293187262673047,9.892889611991203,11.901533094350834
1883,18.82,22.350787482638975,19.043175690384217,11.70107519500882,1.6274722940424504,16.217386318652313,9.981929741609544,11.70107519500882
1884,18.83,22.484849554762384,19.140735838161536,11.798334249970074,1.622325273435111,16.283119812819102,10.061201597605496,11.798334249970074
1885,18.84,22.62375302859482,19.32286149941033,11.766954770604809,1.6421293253953042,16.457881186672935,10.124777694880567,11.766954770604809
1886,18.85,22.43957533632553,19.050503730349888,11.858028878972842,1.60654894036656,16.198573410054244,10.026360848241929,11.858028878972842
1887,18.86,22.334171254410865,19.015058067999345,11.71506603873686,1.6231285427776885,16.129447578286094,10.070419760303334,11.71506603873686
1888,18.87,22.181103306866994,18.96279709133026,11.507113903274906,1.6479194740510457,15.999090242840069,10.179233022601608,11.507113903274906
1889,18.88,22.38417097169268,19.17036105589795,11.556312866848167,1.658864836629022,16.088786963647813,10.423707452334071,11.556312866848167
1890,18.89,22.316709096680437,19.107852257121156,11.529331594931666,1.657325240391302,16.04456723852518,10.376988002711316,11.529331594931666
1891,18.9,21.811718166973417,18.445818505494746,11.640568244627321,1.5846149533128138,15.325615615087779,10.265170546865258,11.640568244627321
1892,18.91,22.19275182901855,19.001607036176758,11.46547704141107,1.6572888304208062,15.689387155333497,10.71933769630094,11.46547704141107
1893,18.92,21.891477457244076,18.608969820770326,11.530092257683146,1.6139480417747853,15.298816561363006,10.594336676361852,11.530092257683146
1894,18.93,21.76844467653066,18.369800392522983,11.679709635690372,1.5727959825635827,15.20232818701091,10.312069828872916,11.679709635690372
1895,18.94,21.692105268033067,18.339105504990965,11.58553581998856,1.5829311470730987,15.239677688542452,10.201716261126426,11.58553581998856
1896,18.95,21.42780313972307,18.001550680507926,11.62303404846731,1.548782409605152,14.895862922599376,10.107872906503353,11.62303404846731
1897,18.96,21.484374993780843,18.17357391966638,11.45860287556112,1.5860200512251748,15.201640066304588,9.959363850573045,11.45860287556112
1898,18.97,21.557852866176255,18.338967024048014,11.332400835241543,1.618277299812536,15.412839514133072,9.93791173339242,11.332400835241543
1899,18.98,21.5605119928996,18.18995422232627,11.57502668617408,1.5714827028479739,15.312917996909684,9.817788805542966,11.57502668617408
1900,18.99,21.594054397561216,18.11596528713113,11.752233278840787,1.5414912942332306,15.394721859044104,9.549384125021346,11.752233278840787
1901,19.0,21.790349489101313,18.123395370040807,12.098011039768535,1.4980475146258052,15.557265996036731,9.29671632714346,12.098011039768535
1902,19.01,22.061345574877883,18.538082582748416,11.960036067227545,1.5500022306409087,15.93083453907337,9.479927042623649,11.960036067227545
1903,19.02,22.188774479193945,18.706341154407337,11.933755213823302,1.567515071260981,16.083359022852086,9.55263115205,11.933755213823302
1904,19.03,22.141072509945133,18.520423007789617,12.133467085016756,1.5263916634891537,15.929181591169167,9.448134324988205,12.133467085016756
1905,19.04,22.196617654743427,18.727026869390006,11.915884354256397,1.5716019317274295,16.052782844372356,9.644153582263186,11.915884354256397
1906,19.05,21.82262011798065,18.233044152571516,11.990948659054105,1.5205672771189909,15.578629380472739,9.47365851693494,11.990948659054105
1907,19.06,22.154281982720967,18.658437199718424,11.944661210519055,1.5620733707613983,16.031440329391245,9.546213893528899,11.944661210519055
1908,19.07,21.729048702076117,18.258448252518058,11.780518872584352,1.5498848947145407,15.531612189385342,9.598955953040745,11.780518872584352
1909,19.08,21.999442419439397,18.511869961812472,11.886384533708084,1.5574012357849825,15.963340799386412,9.373424134525234,11.886384533708084
1910,19.09,21.954830144248906,18.46290670541111,11.880052299973508,1.5541098843017958,15.81242991808108,9.531315968872764,11.880052299973508
1911,19.1,21.508925602869652,17.892340861905687,11.937253414046381,1.4988657977933222,15.196580381155002,9.444564904627146,11.937253414046381
1912,19.11,21.842930100458226,18.428566285284862,11.726105067001837,1.571584612280532,15.85840111323988,9.387394178510352,11.726105067001837
1913,19.12,21.585692289849746,18.02899599907275,11.870021689007038,1.5188679912665712,15.426453587922522,9.331089241575906,11.870021689007038
1914,19.13,21.27118906937427,17.697959514947353,11.800242092107764,1.4997963072964495,15.212359108866588,9.044440355024701,11.800242092107764
1915,19.14,21.439313189349427,17.96609934088126,11.698864239942191,1.5357131232911923,15.425959569352875,9.209804389405054,11.698864239942191
1916,19.15,21.755773226762404,18.249234392618593,11.84394836098075,1.5408066496422521,15.715648228797562,9.276473288131935,11.84394836098075
1917,19.16,21.800655089064563,18.31678500030578,11.822180406546407,1.5493575948276899,15.828033174043037,9.218350101228523,11.822180406546407
1918,19.17,21.67791201458005,18.123293088161564,11.89445740471037,1.5236754793862635,15.60919203164882,9.209064907932602,11.89445740471037
1919,19.18,21.70045536370349,18.061831374365,12.028300395155236,1.5016112651825648,15.627467338250257,9.056048652029055,12.028300395155236
1920,19.19,21.544141082296456,17.906208823627225,11.979887334134173,1.4946892507584144,15.402881901802438,9.131459004697572,11.979887334134173
1921,19.2,21.68323948046711,18.13651240640702,11.88401414083355,1.52612679448856,15.413402192057374,9.55824853901784,11.88401414083355
1922,19.21,21.438963259104383,17.872880240330527,11.840156145086523,1.5095138967189625,15.211859285153176,9.382919863981389,11.840156145086523
1923,19.22,21.228078093021388,17.73300731410681,11.669265234848716,1.519633580797318,15.135116123147222,9.240552382894363,11.669265234848716
1924,19.23,21.432924547406145,17.96703860898816,11.685708291666955,1.5375224300096901,15.384563936851546,9.280607137994696,11.685708291666955
1925,19.24,21.695310162431863,18.31814642667995,11.624628791270368,1.5758048498233461,15.76990959959418,9.32010942692813,11.624628791270368
1926,19.25,21.43068177668267,17.954810574492157,11.70038027790307,1.534549317888495,15.411911460449222,9.211308696443155,11.70038027790307
1927,19.26,21.31030703670334,17.850435362084777,11.640066296314695,1.5335338225467254,15.165657974396412,9.414927552540869,11.640066296314695
1928,19.27,21.3314180622098,17.79432751572642,11.763983373323521,1.5126107332043284,15.041181361170139,9.507941680370484,11.763983373323521
1929,19.28,21.28473124922905,17.918001818179217,11.488472274224888,1.5596505253687545,15.126042387180776,9.605083594507867,11.488472274224888
1930,19.29,21.50992983233967,18.09208650582114,11.634151763582102,1.5550842788946626,15.525229320895049,9.289286768516522,11.634151763582102
1931,19.3,21.489349155122298,18.018638317108636,11.709859107093473,1.5387579092385064,15.281721301466554,9.546743992957962,11.709859107093473
1932,19.31,21.522750674147456,18.08975097424513,11.661462441362666,1.551242056063365,15.304555729850703,9.644151814550447,11.661462441362666
1933,19.32,21.778449362809425,18.353725026652516,11.723550413355312,1.5655432338776996,15.600026200009934,9.669457322568546,11.723550413355312
1934,19.33,22.002281535760392,18.559570584562675,11.817052614569283,1.57057526863175,15.863458000399167,9.633709594592094,11.817052614569283
1935,19.34,21.815818780649273,18.34433455476588,11.80742727324425,1.5536267241157884,15.643389844280417,9.581177612227101,11.80742727324425
1936,19.35,21.708915633511875,18.213678257310097,11.812660255934125,1.5418777703490119,15.448442206707927,9.647989896699501,11.812660255934125
1937,19.36,21.565253699476763,18.08368753001002,11.749060066224716,1.5391603607505249,15.30614441234727,9.630249109519976,11.749060066224716
1938,19.37,21.366495063267493,17.87671490049407,11.702571326639614,1.5275886300132773,15.118040021366314,9.54053465723557,11.702571326639614
1939,19.38,21.504668961588294,17.94288075839836,11.85343061047716,1.513728923552206,15.112770974149088,9.672182969372471,11.85343061047716
1940,19.39,21.73248488220763,18.15097188081904,11.951699416279661,1.5186938065138436,15.313260764537743,9.744835810600014,11.951699416279661
1941,19.4,21.927894473478492,18.510093706438234,11.756231837578074,1.5744920619268372,15.812718550881776,9.621928135863602,11.756231837578074
1942,19.41,21.46926908702927,17.862427965148783,11.910633162059076,1.4997043164799122,15.123133076486788,9.505639313639065,11.910633162059076
1943,19.42,22.158227897678945,18.64454642455157,11.97363571302462,1.5571332610587527,15.757083268425246,9.966616188515133,11.97363571302462
1944,19.43,22.561172918276007,19.11553712431149,11.983437065275549,1.5951631422759882,16.335183035358053,9.928018672035284,11.983437065275549
1945,19.44,22.29770597285721,18.69776597360357,12.148301908017622,1.5391258889658843,15.88323885406445,9.865555022824866,12.148301908017622
1946,19.45,21.91041647292453,18.247698076070133,12.127978600805202,1.5045951742410422,15.417207141359626,9.761567959903955,12.127978600805202
1947,19.46,21.748119920380404,18.009506810497054,12.19173427014824,1.4771899068202112,15.23946259189809,9.596932607217713,12.19173427014824
1948,19.47,22.08155586686412,18.490640388922202,12.070266256756735,1.5319165290634287,15.651748084487654,9.84512894238456,12.070266256756735
1949,19.48,22.39768325826208,18.929515283976194,11.972036854735501,1.5811440871474334,16.04849353887812,10.038545911578808,11.972036854735501
1950,19.49,22.41492118153574,18.89123887217504,12.064401578565025,1.5658662179928877,16.113668043790497,9.860456799768569,12.064401578565025
1951,19.5,22.22370930183046,18.58293932618009,12.18883181981666,1.5245873928597373,15.867644017797419,9.671789251475051,12.18883181981666
1952,19.51,22.09262409418351,18.58523895879946,11.944577523345917,1.555956158555984,15.99164103892649,9.469874552379215,11.944577523345917
1953,19.52,22.007295904503614,18.549742908724088,11.841795094014332,1.5664637634289433,16.026950641140242,9.33969031211495,11.841795094014332
1954,19.53,22.111917265101614,18.76731934735922,11.692929900283126,1.6050142699397179,16.25269197896074,9.38415041028163,11.692929900283126
1955,19.54,21.86867050882574,18.52617935709804,11.619786067403263,1.594364926310402,16.030001765841742,9.28753815380999,11.619786067403263
1956,19.55,22.04348820114766,18.769074107375296,11.560156972376737,1.623600280880652,16.29660072147546,9.311226974623226,11.560156972376737
1957,19.56,22.236928506708697,18.837193581868984,11.816984698799766,1.5940778516690683,16.38025606857994,9.301992967561102,11.816984698799766
1958,19.57,22.00240217702459,18.62100668416449,11.72023086922087,1.588791798723532,16.2338123315256,9.121689926570957,11.72023086922087
1959,19.58,22.0749499036294,18.639788541705403,11.826313726950408,1.576128366967646,16.281742263270807,9.07450195613584,11.826313726950408
1960,19.59,22.278200938208325,18.80454850751914,11.946011571714886,1.5741277659602744,16.388004137237957,9.221950171710532,11.946011571714886
1961,19.6,22.446080476799295,19.00666096659021,11.940409024486835,1.5917931226319162,16.560447332800138,9.327633420994669,11.940409024486835
1962,19.61,22.314321725609634,18.936496099375862,11.804154758064506,1.6042229611094005,16.42639701643502,9.421484255685614,11.804154758064506
1963,19.62,22.295759519946387,18.86985993802195,11.875574869904792,1.5889639149884145,16.40530278259826,9.324036394815261,11.875574869904792
1964,19.63,22.219727521395658,18.919171348495357,11.652521041016831,1.623611858918765,16.380245203808528,9.466921969512338,11.652521041016831
1965,19.64,22.136717859455345,18.828629501029685,11.641176431189585,1.6174163850470593,16.35966205630529,9.320876905663456,11.641176431189585
1966,19.65,22.18549172280605,18.90059885893743,11.617375166371655,1.6269250659691379,16.397166745230145,9.400295737666209,11.617375166371655
1967,19.66,22.254507680297667,18.972252219955738,11.632573137307682,1.6309592036097698,16.35340557496836,9.618340833959317,11.632573137307682
1968,19.67,22.268878187636137,18.904768996386768,11.769139515233483,1.6063000164045318,16.33602026859232,9.514448622536525,11.769139515233483
1969,19.68,22.116493438535137,18.746518127276868,11.734877081607948,1.5975044303325727,16.16867610803628,9.48714155105409,11.734877081607948
1970,19.69,21.98155989212564,18.625158245312992,11.674435987582273,1.5953797052914576,16.188511006033703,9.21024598316876,11.674435987582273
1971,19.7,22.132768750630984,18.722281623059825,11.804051143389023,1.5860895039874023,16.192136577915576,9.398858559170472,11.804051143389023
1972,19.71,22.32601840259303,18.906782916479365,11.873696032072175,1.592324990079756,16.299859703657383,9.580240805531048,11.873696032072175
1973,19.72,22.2175043684105,18.85398217107333,11.75350401596003,1.6041158573197911,16.22312861538276,9.606390666420973,11.75350401596003
1974,19.73,22.316894799859462,19.035614094677758,11.648570279072866,1.634158839980218,16.158004756868923,10.063472871652996,11.648570279072866
1975,19.74,21.83298975092641,18.461297102717104,11.655897680971062,1.583858884833577,15.668456872545882,9.763142421780024,11.655897680971062
1976,19.75,21.690982605220956,18.31950350914312,11.61440991004239,1.5773081586610076,15.416828386266223,9.895737028131013,11.61440991004239
1977,19.76,21.88993717109592,18.541096627301755,11.636025318449013,1.593421818866679,15.582005158622255,10.048551108473792,11.636025318449013
1978,19.77,21.77686089880725,18.462602733386376,11.548331953799822,1.5987246302970626,15.431411616486784,10.136036464683956,11.548331953799822
1979,19.78,21.80068052572821,18.430446870415192,11.644238899201097,1.582795323074288,15.548741164742443,9.895353456801885,11.644238899201097
1980,19.79,21.4115193184933,18.080952437974286,11.468754006513675,1.5765402612790556,15.068701715799389,9.992750855723006,11.468754006513675
1981,19.8,21.842888287137928,18.53826425098733,11.551819219713947,1.6047917560335907,15.407664781546366,10.308787873408326,11.551819219713947
1982,19.81,21.87023158687506,18.604846639180828,11.496378177326525,1.6183224274818848,15.430378445448925,10.39440904994908,11.496378177326525
1983,19.82,21.89294770219728,18.659010729569964,11.451745617369346,1.629359518890208,15.349441165079837,10.609115765508434,11.451745617369346
1984,19.83,22.35509232255536,19.077116485275713,11.653916910515337,1.6369703535523252,16.096120449075887,10.239691395819479,11.653916910515337
1985,19.84,22.4876732905476,19.187912738664835,11.72686892379171,1.6362349458631713,16.29576127236955,10.130358326365211,11.72686892379171
1986,19.85,22.603816023098997,19.378042583712293,11.637180261125971,1.665183674128061,16.500880576958924,10.160190675430586,11.637180261125971
1987,19.86,22.443757098160003,19.171806994566314,11.668935223245764,1.6429782690346955,16.35087713366644,10.010344669223224,11.668935223245764
1988,19.87,22.39865606729208,19.015375107795094,11.83703100995714,1.6064311305596508,16.123931615691138,10.07984720829979,11.83703100995714
1989,19.88,22.329593597370547,18.90317978767419,11.886149256113088,1.5903535602964283,16.096058008349655,9.91196865799005,11.886149256113088
1990,19.89,22.073349374952855,18.757170760097843,11.63620632789149,1.611966153877635,15.96648636872673,9.843920355261568,11.63620632789149
1991,19.9,22.05157402664018,18.56834704838922,11.894889866785958,1.5610356427290282,15.652962994373263,9.988406359685504,11.894889866785958
1992,19.91,22.11690796223986,18.736286435798984,11.751986572740964,1.594308019314648,15.750833031835247,10.146905351266104,11.751986572740964
1993,19.92,22.490890430387456,19.11236493168572,11.855701542707797,1.6120821583469558,16.266539918003765,10.034050646569412,11.855701542707797
1994,19.93,22.056895466360974,18.68801501771775,11.716003256722457,1.5950844847192118,15.826374572178635,9.938197683863088,11.716003256722457
1995,19.94,21.87761431434652,18.39729876072946,11.839316128719684,1.5539156620796275,15.342381029602485,10.152435473029685,11.839316128719684
1996,19.95,22.007069874328515,18.573121108674393,11.804672665351267,1.5733702776180891,15.714344884569742,9.90051476269204,11.804672665351267
1997,19.96,21.56598638145219,18.06620556609075,11.77726560151944,1.5339898222011692,15.00385697264854,10.063401984446127,11.77726560151944
1998,19.97,21.46287908415421,18.00041225061019,11.689325788475005,1.5399016655312618,14.614657304095251,10.508407732657345,11.689325788475005
1999,19.98,21.920064771452754,18.3127097793682,12.047153195727049,1.5200860719413323,15.235014543245939,10.161184543666765,12.047153195727049
2000,19.99,21.597199660700124,18.0016545126698,11.932286787980779,1.5086508422511775,14.938372876033807,10.045127227173504,11.932286787980779
2001,20.0,21.249782055397535,17.579522008760843,11.937907829489568,1.4725798071028076,14.335513458881033,10.175099406234203,11.937907829489568
2002,20.01,21.382170553529317,17.718626472886633,11.968604492359887,1.4804254317366115,14.422684560075536,10.292516415640918,11.968604492359887
2003,20.02,21.266231108178474,17.473589003972034,12.121314815923458,1.44155887948867,14.353760438610584,9.964731504195687,12.121314815923458
2004,20.03,21.054904681764896,17.116429782136947,12.261192546868376,1.3959840950796132,14.02539294613025,9.811244630191648,12.261192546868376
2005,20.04,21.60155706458718,17.672854229945436,12.4216541161681,1.4227456395636024,14.503737075353023,10.098088308285412,12.4216541161681
2006,20.05,21.46140834694203,17.40196170764024,12.560405127224826,1.3854618168263764,14.092927765683152,10.208705023920231,12.560405127224826
2007,20.06,21.852774667127093,17.972664258703887,12.430892972596117,1.4458063711371818,14.705010101571528,10.333408850363536,12.430892972596117
2008,20.07,21.88011889866624,18.05005596394397,12.366692472858794,1.4595702127758463,14.660118592615735,10.530215722004542,12.366692472858794
2009,20.08,21.813482699783687,17.9337898108079,12.418019589110209,1.444174707739603,14.544353196919321,10.49202587975745,12.418019589110209
2010,20.09,21.924195187921615,18.08509080343894,12.39353965860656,1.4592353194980858,14.700199554791897,10.53445026652686,12.39353965860656
2011,20.1,21.918527015604468,18.0392517255192,12.450189706070164,1.448913803837387,14.631604240256573,10.551339259693686,12.450189706070164
2012,20.11,22.27038863969617,18.6279958190212,12.205244034005908,1.5262288707313352,15.397838092343802,10.48374028271578,12.205244034005908
2013,20.12,22.4808622857278,18.978035852028714,12.050864048232032,1.5748278111902656,15.779964574840276,10.54317612570677,12.050864048232032
2014,20.13,22.578553892811218,19.10310073814903,12.03588958401956,1.587178131271064,16.13373602180807,10.228930530142572,12.03588958401956
2015,20.14,22.76722268269355,19.23400416358654,12.18193385790989,1.5788957966716959,16.26181383405335,10.271335209769731,12.18193385790989
2016,20.15,22.836249635178007,19.258238390754226,12.272512028311388,1.5692173164163543,16.549544730838896,9.848467653248521,12.272512028311388
2017,20.16,23.103967782112086,19.424381279653684,12.50946598298715,1.5527746193219443,16.65290873446313,9.999360918528854,12.50946598298715
2018,20.17,22.83350607878206,19.322931884128273,12.16524982279921,1.5883711527168696,16.391282563609888,10.232377657150836,12.16524982279921
2019,20.18,23.211845425600373,19.68923142654369,12.293247491772439,1.601629792267763,16.62074199851313,10.555414230946004,12.293247491772439
2020,20.19,23.308080421041325,19.849997724108825,12.21655447606257,1.6248442032492403,16.435988764805565,11.130169943460468,12.21655447606257
2021,20.2,23.15339063571415,19.640385112470153,12.261108047963544,1.6018442244893387,16.209078088553085,11.09101054391923,12.261108047963544
2022,20.21,23.126682095739447,19.51676064702468,12.407234929836086,1.573014515917006,16.532737580059973,10.371717999546838,12.407234929836086
2023,20.22,22.904520236178602,19.297021052806816,12.338639541580164,1.5639504653472935,16.259538023372738,10.392422469230434,12.338639541580164
2024,20.23,22.853635456695528,19.18130163629265,12.424424378018001,1.5438382538050857,16.226843962285585,10.227994304167302,12.424424378018001
2025,20.24,22.67824305799889,19.065244919965956,12.280844610180008,1.5524375989711756,16.227210557014086,10.008056824210096,12.280844610180008
2026,20.25,22.525962843277668,18.748017505300176,12.48722713966892,1.5013755492396088,15.986259967745713,9.794266313649667,12.48722713966892
2027,20.26,22.480528554346296,18.917814947453703,12.144564285995461,1.5577187045951773,15.895305871996898,10.257824994693742,12.144564285995461
2028,20.27,22.582957964567015,18.96037259423516,12.267610261056436,1.5455636583454984,15.969832133228303,10.220576820744142,12.267610261056436
2029,20.28,22.844864600484456,19.350857219791457,12.142164694720323,1.593690886782785,16.37221595667574,10.315339054472592,12.142164694720323
2030,20.29,23.084454426922935,19.67233314821742,12.078548948206816,1.6287000394313076,16.392457500096352,10.87603000188896,12.078548948206816
2031,20.3,23.072935753663526,19.71831718923992,11.9811656994305,1.6457761860498423,16.561101129354363,10.70242786281562,11.9811656994305
2032,20.31,22.81868840226222,19.44788040248757,11.936183990290886,1.6293214329057628,16.063397314708304,10.962997713184208,11.936183990290886
2033,20.32,23.15127325770961,19.824503332050615,11.957028104451968,1.657979153253754,16.639874449883873,10.77615472488159,11.957028104451968
2034,20.33,22.92602305707943,19.521309096068418,12.02168974768082,1.6238407000841455,16.286834588232097,10.76199460694021,12.02168974768082
2035,20.34,22.959018828856696,19.602448150885827,11.952429546984538,1.6400387949436859,16.104958502459006,11.17525324734257,11.952429546984538
2036,20.35,23.238620096172493,19.82143385153145,12.130301894165502,1.634042913727091,16.481197810958946,11.011782718828002,12.130301894165502
2037,20.36,23.36331561161747,20.008897975091166,12.061862136106566,1.65885646422666,16.586712798712103,11.190931896435053,12.061862136106566
2038,20.37,23.617188130151735,20.36368941648206,11.962095490508196,1.7023513507846888,16.557082383308092,11.855077798280883,11.962095490508196
2039,20.38,23.115046638877544,19.84059894281678,11.859848848437386,1.6729217375675838,16.338573422346098,11.256126551008034,11.859848848437386
2040,20.39,22.964154822429617,19.669268082912236,11.85210107074047,1.659559597535847,15.93238733041883,11.534259441809846,11.85210107074047
2041,20.4,23.33963158877111,20.23546559187818,11.630319642188534,1.7398890326689573,16.416617263789906,11.830838741793457,11.630319642188534
2042,20.41,23.716882365553964,20.603622400343465,11.746542177406488,1.754015955433493,16.62849435694761,12.16562499162688,11.746542177406488
2043,20.42,23.690734090563723,20.608655954092434,11.68478418780803,1.76371729446194,16.76469826875424,11.98589138077674,11.68478418780803
2044,20.43,23.460680327792552,20.27041239901104,11.811600341058446,1.716144452377788,16.614091771878318,11.612991579329835,11.811600341058446
2045,20.44,23.46965858904912,20.28530847829572,11.803860988122107,1.7185316311932386,16.667537339804177,11.56230682372033,11.803860988122107
2046,20.45,23.257547475191128,20.087160926612867,11.72260553243718,1.7135406348896105,16.589953831839694,11.325522767142811,11.72260553243718
2047,20.46,23.302606547041673,20.30949581460577,11.425228734810537,1.7776008066014934,16.587724154928864,11.718490841549471,11.425228734810537
2048,20.47,23.140964371367865,20.061573749335448,11.534187909726962,1.7393139340496793,16.375377724552123,11.58938072885119,11.534187909726962
2049,20.48,23.055405514336854,19.93189473903692,11.587549160304208,1.7201130681989398,16.207171643944566,11.602069435741488,11.587549160304208
2050,20.49,23.190145468326268,20.16105128435892,11.459269520854402,1.759366183653189,16.524156189586563,11.550768420875666,11.459269520854402
2051,20.5,23.136231406710525,20.035970072638396,11.569144607670754,1.7318454174523703,16.377412349103768,11.542116855199692,11.569144607670754
2052,20.51,23.277704933095333,20.203817847740645,11.561024665987325,1.7475802043032156,16.466739048109208,11.706440994006629,11.561024665987325
2053,20.52,23.123173552347776,19.99309000303346,11.617121298437029,1.7210020873005203,16.429294131516148,11.393065531696266,11.617121298437029
2054,20.53,23.154106272163897,20.028560543187414,11.617633142363202,1.7239794283186758,16.232380578537356,11.732564007310891,11.617633142363202
2055,20.54,23.07883458374885,20.02333936732794,11.475996092926191,1.744801863401673,16.334049443253413,11.58157796694983,11.475996092926191
2056,20.55,23.013987395846442,19.880457425194876,11.593577033046916,1.7147820183992066,16.22652528000474,11.486185823516577,11.593577033046916
2057,20.56,22.957024098025254,19.737835248399833,11.72360077554407,1.6835983778613306,16.26270628601645,11.185102795581987,11.72360077554407
2058,20.57,22.82008266143427,19.836325507608848,11.281682632962148,1.7582772138663298,16.25267810277779,11.372346465496943,11.281682632962148
2059,20.58,22.79952853125007,19.67940910831581,11.512573925705002,1.709383951435577,16.31768708798191,11.00055593827747,11.512573925705002
2060,20.59,22.958567459774997,19.942460659370184,11.375151983798359,1.7531599303265795,16.432727666948317,11.298991042320495,11.375151983798359
2061,20.6,23.473449475224605,20.418604017510567,11.579440411437139,1.7633498072448208,16.500733867756562,12.02685211721547,11.579440411437139
2062,20.61,23.750589457346635,20.708239229021387,11.630104367762348,1.7805720889679073,16.578775709493883,12.40868115234959,11.630104367762348
2063,20.62,23.5514508544959,20.50014326273543,11.593746743786443,1.7682069235920033,16.559113410142782,12.08518253328043,11.593746743786443
2064,20.63,23.74798508511611,20.61438350229356,11.790419348914785,1.7484012139221283,16.60387364460014,12.217372351442267,11.790419348914785
2065,20.64,23.465546938441154,20.225377629498492,11.898150817012146,1.6998757151892845,16.33394097191087,11.927626443762795,11.898150817012146
2066,20.65,23.43392793685257,20.1810740330119,11.911054924887734,1.6943145808894096,16.350905822756854,11.82893181573227,11.911054924887734
2067,20.66,23.140709864114417,19.929946317043484,11.759663805351202,1.6947717763814316,16.25919333222411,11.525684031136464,11.759663805351202
2068,20.67,22.907303846361923,19.761370831271915,11.58588763878294,1.705641505198283,16.016689000887144,11.574862875209593,11.58588763878294
2069,20.68,23.262437654068314,20.166176008114878,11.595962694798018,1.739068720629938,16.18569948886464,12.029039315192012,11.595962694798018
2070,20.69,23.75598762390947,20.62061862146752,11.795636297178996,1.7481565302584887,16.45592198129205,12.426284403539228,11.795636297178996
2071,20.7,23.34762867045108,20.121445067971877,11.842263842266798,1.6991214970363566,16.24145291308274,11.878036828345245,11.842263842266798
2072,20.71,23.342320385794764,20.15354113819491,11.777041249149775,1.7112567334898197,16.254278956380528,11.914849391288154,11.777041249149775
2073,20.72,23.270422040404537,20.13822253306042,11.660383147542046,1.727063534555077,16.124366850826423,12.064526532402029,11.660383147542046
2074,20.73,23.354673871062086,20.29381848539238,11.558621150708962,1.7557300495265071,16.20416521813846,12.21736871430691,11.558621150708962
2075,20.74,23.50920651048077,20.443393572924972,11.60820614801966,1.7611156549293863,16.375888881175165,12.237753230430563,11.60820614801966
2076,20.75,23.696125257041846,20.602835445801652,11.705961036610173,1.7600293885625171,16.57495554656155,12.237143336428215,11.705961036610173
2077,20.76,23.8360667677903,20.825991479516652,11.594660747674206,1.7961708352436423,16.71005120431005,12.429646409059123,11.594660747674206
2078,20.77,23.927588780942674,20.858041107928674,11.724829466130897,1.7789632819974537,16.741062731586155,12.441651718206051,11.724829466130897
2079,20.78,23.97043397546899,21.00164948797704,11.554757624306614,1.8175759432459166,16.631691671956965,12.824044344308998,11.554757624306614
2080,20.79,24.05154233000177,20.92301100504922,11.861884291058315,1.7638859469250876,16.839366531871764,12.418056382650542,11.861884291058315
2081,20.8,24.450936006013126,21.30845314054467,11.991584396040462,1.7769506044239303,17.070936037580132,12.752776875788108,11.991584396040462
2082,20.81,24.37689811938816,21.343245753980717,11.777054920828633,1.8122736029899578,17.088815009581186,12.786967618756558,11.777054920828633
2083,20.82,24.287776008850848,21.33467928853579,11.607218577740015,1.8380526864076474,16.825819913106766,13.11717670066153,11.607218577740015
2084,20.83,24.063158835722795,21.04151064478812,11.674349786540253,1.8023710981358103,16.27506236243439,13.33669806637322,11.674349786540253
2085,20.84,24.161469362777545,21.14759811691341,11.685704756408931,1.8096981361192768,16.491544299905833,13.238197487525374,11.685704756408931
2086,20.85,24.397612688650327,21.450312198996105,11.624440264846749,1.8452769948729137,16.721149975407645,13.435737305199373,11.624440264846749
2087,20.86,24.6458766599914,21.725640144634966,11.63682932096774,1.8669724841189148,16.80918165909393,13.76425993817883,11.63682932096774
2088,20.87,24.41757565601116,21.479149631562976,11.613101739929654,1.849561823583325,16.540180206472673,13.703149551562277,11.613101739929654
2089,20.88,24.245742531931526,21.36759389585383,11.457834089677833,1.8648894484432734,16.496593760794227,13.58073868349785,11.457834089677833
2090,20.89,24.098949307949987,21.169665755054496,11.515407485904104,1.8383774765216145,16.438213822575406,13.339410575584585,11.515407485904104
2091,20.9,23.918566554480822,20.92360303916139,11.588816241563466,1.8054995957325277,16.15158307348287,13.301260404968595,11.588816241563466
2092,20.91,23.991894992011666,20.97883934421177,11.640417736381579,1.8022411067468305,16.252209070055294,13.265647386142154,11.640417736381579
2093,20.92,23.844927996925136,20.915264526891008,11.451301277528195,1.8264530833657049,16.1871082277677,13.24484116372713,11.451301277528195
2094,20.93,24.152776429116308,21.192593021607127,11.585793466802574,1.8291878827575734,16.603145034815338,13.170481157966774,11.585793466802574
2095,20.94,23.997380072463635,20.929977276899194,11.739263244801963,1.782903819468125,16.34654203073323,13.071132791345537,11.739263244801963
2096,20.95,24.14642307008692,21.065482539401494,11.80233843192936,1.784856675725563,16.64975849356605,12.905041523519182,11.80233843192936
2097,20.96,24.22843780844134,21.10561666192086,11.898325258520979,1.7738308714334468,16.640929275391045,12.981776747864085,11.898325258520979
2098,20.97,24.674904864800272,21.694721219368375,11.755424335209327,1.8455072824882472,16.98741584632385,13.494022070908951,11.755424335209327
2099,20.98,24.633723564599727,21.6300996111733,11.788092613643506,1.8349108986587601,16.90828954713307,13.489660995725206,11.788092613643506
2100,20.99,24.40437108109136,21.511161389965984,11.525765203163072,1.8663542949896785,16.839655298481034,13.384919640158584,11.525765203163072
2101,21.0,24.483394690932776,21.494442079933606,11.722865488624125,1.833548469936111,17.208933156705424,12.878806619235544,11.722865488624125
2102,21.01,25.020865175846417,22.035586984843402,11.852282496687463,1.8591850971323052,17.661444221534754,13.177271408611743,11.852282496687463
2103,21.02,24.856017073171586,21.853934127761793,11.841754425812331,1.845498001556694,17.498687535534575,13.091614544977961,11.841754425812331
2104,21.03,25.06071439098914,22.006617282247486,11.989503808724383,1.8354902449118842,17.685447633816686,13.096417303936276,11.989503808724383
2105,21.04,24.925023646246142,21.890166921286966,11.919622306269746,1.8364815896702273,17.663737462304713,12.92949290206616,11.919622306269746
2106,21.05,24.383055110631297,21.2805398881563,11.902604697992436,1.787889325749481,17.33321451255528,12.345892134356042,11.902604697992436
2107,21.06,24.739709997406898,21.6885760524006,11.902055266844886,1.822254691827693,17.711119663466842,12.518409301789223,11.902055266844886
2108,21.07,24.818333617831293,21.710967661163657,12.024290697661998,1.8055923802129248,17.752243667633568,12.498958418566643,12.024290697661998
2109,21.08,24.547663317415537,21.5914098342639,11.678989498841094,1.848739553743619,17.516468029277956,12.623879214030492,11.678989498841094
2110,21.09,24.8767371104807,22.045252235972708,11.526443645648383,1.9125805767762136,17.643076399116747,13.21798022855948,11.526443645648383
2111,21.1,24.96447181587586,22.107475597421256,11.596739876149842,1.9063526330264653,17.80464089201276,13.104779280744996,11.596739876149842
2112,21.11,24.916140261927183,22.076653629927552,11.551424589903862,1.911162857715655,17.726526498023745,13.158605314039002,11.551424589903862
2113,21.12,24.702767975753204,21.80686667068844,11.605486274633897,1.8790136108602096,17.677390640027262,12.769075696895952,11.605486274633897
2114,21.13,24.899607534943122,22.033767613383468,11.597566130598691,1.8998613472226897,17.670553917288267,13.16200742655901,11.597566130598691
2115,21.14,24.94727584640908,22.07635128587156,11.619005381684918,1.9000207471003152,17.639145690581852,13.275007548157198,11.619005381684918
2116,21.15,24.838044072613542,21.920016260222578,11.680809925029623,1.8765835931678332,17.470076384578903,13.23946917234225,11.680809925029623
2117,21.16,24.971537516682638,22.065112085176747,11.69224164203236,1.887158404754057,17.544629923605402,13.381148387755914,11.69224164203236
2118,21.17,24.804631284966533,21.959113908785824,11.535469193930066,1.9036168828174456,17.419466707114402,13.370297801424016,11.535469193930066
2119,21.18,24.73355299994354,21.94782082779642,11.403587370295446,1.9246417916669842,17.427678751462942,13.341021416100842,11.403587370295446
2120,21.19,24.692965806207255,21.776321776453837,11.641922959496986,1.870509008882389,17.464450585259303,13.007734463260448,11.641922959496986
2121,21.2,24.933963981862874,21.94024468035733,11.846021408679242,1.8521192832120277,17.70577661965209,12.956844173213227,11.846021408679242
2122,21.21,24.811369890619286,21.858110268209863,11.739978336943718,1.8618526917912703,17.47065864655368,13.135945757836422,11.739978336943718
2123,21.22,24.76328313465697,21.85599188997648,11.641984801247105,1.8773424173887632,17.372258128250778,13.262316125780687,11.641984801247105
2124,21.23,24.338473697623098,21.384255761497588,11.62217309528423,1.8399533018635201,16.73340475602041,13.314637048914864,11.62217309528423
2125,21.24,24.401914757708553,21.47003937971607,11.597019137516146,1.8513412045911768,16.682690356331726,13.514822730665585,11.597019137516146
2126,21.25,24.15286566424782,21.050043484606928,11.842997470714863,1.7774253128618047,16.213816461931177,13.424473413979863,11.842997470714863
2127,21.26,23.716729250338812,20.6311869463125,11.697750703454979,1.7636883764516365,15.561296902702454,13.54591870341906,11.697750703454979
2128,21.27,23.652894342537905,20.4684250679972,11.853395547902952,1.72679845072903,15.66928273039507,13.169282572682498,11.853395547902952
2129,21.28,23.68012464791959,20.509257112091912,11.837173482344351,1.7326143899709119,15.83435091586929,13.034682902280439,11.837173482344351
2130,21.29,24.152944390173253,21.0189329903964,11.89828469402324,1.766551526620863,16.473903311242527,13.053966973552777,11.89828469402324
2131,21.3,24.152983277638423,21.00613429874083,11.92094472066478,1.7621199318479355,16.466879036205793,13.04222270104686,11.92094472066478
2132,21.31,23.504276611748317,20.2110784183982,11.998471911328433,1.6844710366255706,15.859133953054178,12.528988829659221,11.998471911328433
2133,21.32,23.278131739332498,20.056255577558236,11.816007340949959,1.697380087777247,15.29430568100876,12.97449812240146,11.816007340949959
2134,21.33,23.384568547711137,20.082400030890557,11.980619982366846,1.6762404667244235,15.550259234017139,12.707959267938255,11.980619982366846
2135,21.34,23.642526356664405,20.38546516760453,11.975051666942958,1.7023279510249176,15.933587602138216,12.71565870195504,11.975051666942958
2136,21.35,22.97604004469686,19.548261628762408,12.07327144683531,1.619135436061654,15.429265770254077,12.003011726121516,12.07327144683531
2137,21.36,22.560048456114412,19.093776477528134,12.015967966353092,1.5890335702453768,14.98880860085003,11.828267704989214,12.015967966353092
2138,21.37,22.70212696635557,19.27838292316311,11.988766436311185,1.6080372426618783,14.986943393985992,12.126317488733614,11.988766436311185
2139,21.38,22.763418040931878,19.500202377727884,11.743734846030835,1.660477065719735,15.561978806641175,11.750859900194333,11.743734846030835
2140,21.39,22.560517589120984,19.26132746272362,11.746412995581512,1.6397624934496082,15.380731950401927,11.594473696384693,11.746412995581512
2141,21.4,22.540310175552364,19.24749831839199,11.730276692968793,1.640839242089581,15.085889575989677,11.95333121843231,11.730276692968793
2142,21.41,23.14259167534518,19.939789456944748,11.746673821319428,1.6974838801393601,15.668762170981246,12.332278606020543,11.746673821319428
2143,21.42,23.35953494277278,20.274647177881466,11.602006488321134,1.7475121392399173,15.821847061720257,12.677952269318217,11.602006488321134
2144,21.43,23.6236408810656,20.443134149017034,11.838693958492529,1.7268065396987544,16.085408455454143,12.616709898222702,11.838693958492529
2145,21.44,23.48103598486458,20.258041349983934,11.873112969429982,1.7062114545816962,16.146067773619098,12.234898233633075,11.873112969429982
2146,21.45,23.43417703054922,20.101440944008658,12.045444162572531,1.6688003092876915,16.081157505465054,12.060858232725097,12.045444162572531
2147,21.46,23.400448229882073,20.06693031157119,12.03741189915574,1.6670469100570207,16.24337153750679,11.782808375933515,12.03741189915574
2148,21.47,23.89088954850168,20.676486311111383,11.969023236886555,1.7274998888288446,16.73595796944227,12.141861349012272,11.969023236886555
2149,21.48,23.949783387295614,20.72303017693849,12.00617110423126,1.7260315546923366,16.70960098035953,12.2569659700707,12.00617110423126
2150,21.49,24.203792917827148,20.95153326613661,12.118450619077944,1.728895378189093,17.140384678725134,12.048815679034755,12.118450619077944
2151,21.5,24.02132868352259,20.74416140718643,12.112142635984025,1.712674795090135,16.896310865358995,12.034737705016859,12.112142635984025
2152,21.51,24.07420322481977,20.830299927401718,12.069211483954142,1.725903962748132,16.971052273931264,12.078277185965081,12.069211483954142
2153,21.52,24.216122034906864,20.96068881838545,12.127245798956702,1.7283964690637903,16.944682699431723,12.338079427397444,12.127245798956702
2154,21.53,24.242872610166785,21.043908251164687,12.036228558370674,1.748380578609864,16.886581687182886,12.557445337549224,12.036228558370674
2155,21.54,24.679298611400885,21.450477170907348,12.204294698632784,1.7576171094352866,17.2433395692713,12.758926732230265,12.204294698632784
2156,21.55,24.464058221640695,21.09649412037243,12.386608918542521,1.7031694678590663,16.84016351632975,12.707122290833004,12.386608918542521
2157,21.56,24.389429969201494,21.314592292109925,11.85463831770975,1.7979960013008467,17.18094495366679,12.614554097467874,11.85463831770975
2158,21.57,24.606412382207075,21.514246621771967,11.942056884004826,1.8015528506306244,17.29105463654937,12.801649786581851,11.942056884004826
2159,21.58,24.419840625508343,21.413619054560584,11.738208345458327,1.8242663977629776,17.023783730587173,12.989760140512049,11.738208345458327
2160,21.59,23.772127222751966,20.630215934119445,11.811359921969581,1.7466418829339418,16.019375135199596,12.999439594311161,11.811359921969581
2161,21.6,24.32975272908469,21.302836570670298,11.752702748802761,1.8125904335358436,16.713746758943568,13.208388063446323,11.752702748802761
2162,21.61,24.281070479145313,21.160317327464846,11.90845725584187,1.7769150842007126,16.632370544856954,13.081409689233949,11.90845725584187
2163,21.62,24.333333710806563,21.187738481206328,11.966238654376063,1.770626434352281,16.697457469030184,13.042820861221683,11.966238654376063
2164,21.63,24.18707533701684,20.986148548956173,12.024815276738066,1.7452366681718392,16.335876748945612,13.174124705729541,12.024815276738066
2165,21.64,24.191212228105417,20.98456632009269,12.035893212506865,1.743498878694519,16.01366901230885,13.561505388657547,12.035893212506865
2166,21.65,24.026724787905025,20.81763609917149,11.996229877599117,1.735348214529035,15.99383144802842,13.32558923160943,11.996229877599117
2167,21.66,23.873993258526777,20.618930736248057,12.034419362893551,1.7133299176712793,15.739668177724399,13.319277396365191,12.034419362893551
2168,21.67,24.246457456682823,20.95479317467424,12.197841702750356,1.717909912697865,16.170956010852237,13.32679776572212,12.197841702750356
2169,21.68,23.69233299714375,20.24292446361676,12.310591050305126,1.6443503306134943,15.445057885668414,13.085342095185966,12.310591050305126
2170,21.69,23.549678136292126,20.1670052548092,12.16056081665042,1.6583943420764147,15.21948048402559,13.231610436521553,12.16056081665042
2171,21.7,22.999872725412942,19.524951565207044,12.15608537982163,1.6061874324786571,14.28407173792469,13.31123691508427,12.15608537982163
2172,21.71,22.758387889458604,19.203257423424073,12.213890602783543,1.5722473737440923,13.572484223392282,13.585019973340465,12.213890602783543
2173,21.72,22.20697287800689,18.536056996152748,12.229645761014929,1.5156658956746802,12.901203002624317,13.309559348442027,12.229645761014929
2174,21.73,22.789480205708657,19.13774193842392,12.373651100005892,1.5466527853217718,14.281778040630199,12.739073062820651,12.373651100005892
2175,21.74,23.382558827701644,19.757204301553184,12.505876039591001,1.5798336908990611,14.929884873436627,12.940079577778484,12.505876039591001
2176,21.75,23.446974519847515,19.906355086021243,12.3894165045661,1.6067225666910776,15.245154974956032,12.800321191295831,12.3894165045661
2177,21.76,23.174528123847608,19.47427747960869,12.562295586802971,1.550216466810966,14.8903070724376,12.550945726968505,12.562295586802971
2178,21.77,23.27452047775361,19.541707882990146,12.642189544744731,1.5457534324909323,15.476927922028226,11.930760624556267,12.642189544744731
2179,21.78,23.97394975201113,20.27334509604228,12.796161351308955,1.584330217434189,15.973739745044059,12.483916049894814,12.796161351308955
2180,21.79,24.608177867479984,20.851767949517754,13.067753874977747,1.5956658006426727,16.482439634643388,12.772055837290749,13.067753874977747
2181,21.8,25.08407008037236,21.373044716316592,13.130252524280074,1.627771033100406,16.935293315266836,13.03851528248316,13.130252524280074
2182,21.81,25.163995542405367,21.47824025780015,13.111516582242118,1.6381202070010494,17.23901026076474,12.811375016017408,13.111516582242118
2183,21.82,25.037154156979604,21.396849849381532,13.00130396550217,1.645746450214241,17.152167075003174,12.791729676167938,13.00130396550217
2184,21.83,24.743163405684264,21.07349523759869,12.966569854487279,1.6252174225017486,16.99313690544742,12.462965122386224,12.966569854487279
2185,21.84,24.933408144981843,21.312025333789958,12.941113472037173,1.6468463382104204,17.028367736210864,12.8155029580769,12.941113472037173
2186,21.85,24.932921960413736,21.32626944311744,12.916688009069395,1.6510632933259126,17.151247928092353,12.674559671623797,12.916688009069395
2187,21.86,24.942535529899775,21.416581045898834,12.785152911277969,1.675113406505053,17.410595983928008,12.471611410719268,12.785152911277969
2188,21.87,24.897923111454944,21.274900331974557,12.933877652447116,1.6448972924952094,17.305396663805283,12.37516183505525,12.933877652447116
2189,21.88,24.997746740232184,21.554465214718,12.660662360093982,1.702475320932419,17.491632723619563,12.595148087834838,12.660662360093982
2190,21.89,24.991736110884485,21.59027774106933,12.587564534077817,1.7152069157316987,17.59383664563868,12.51387250307015,12.587564534077817
2191,21.9,24.81622196001492,21.506736180145783,12.381646548271965,1.736985149454727,17.420993642922628,12.611450416809362,12.381646548271965
2192,21.91,24.76754551830066,21.413065122415006,12.446363045657517,1.7204274890475684,17.4191395915393,12.453631351025857,12.446363045657517
2193,21.92,25.11980759588529,21.690946391410336,12.669158547403978,1.712106317893938,17.47117666419973,12.855160104929064,12.669158547403978
2194,21.93,25.08442565794832,21.69666705076754,12.589005102758286,1.723461613818374,17.433036249792515,12.916447198253938,12.589005102758286
2195,21.94,24.78130580678201,21.293790737446603,12.676261022836384,1.6798163669149502,17.482009845018464,12.157502035732682,12.676261022836384
2196,21.95,24.577584226752144,21.170833711075375,12.48412777894757,1.6958200112927797,17.379530967819257,12.089503850887223,12.48412777894757
2197,21.96,24.41990243717918,20.97586741989417,12.503784268147463,1.677561526179619,17.33244815137023,11.814112539545249,12.503784268147463
2198,21.97,24.325454706142352,20.88591311818213,12.470219720611603,1.6748632811706208,17.38991034250811,11.56773033311989,12.470219720611603
2199,21.98,24.412805067796082,21.265365184829903,11.990383431485176,1.7735350421730334,17.53107189897091,12.036497601764733,11.990383431485176
2200,21.99,24.15065591248677,20.91808520686261,12.070123954697724,1.7330464281372384,17.176844674563558,11.938270215884792,12.070123954697724
2201,22.0,23.993687009440777,20.807720054804104,11.94720898067453,1.7416385775507977,17.049595224489092,11.927804347832659,11.94720898067453
2202,22.01,23.940207414545835,20.765197781113272,11.913861345622735,1.7429443887848,16.59799910960704,12.47797517413124,11.913861345622735
2203,22.02,24.19490222873311,20.960725499652003,12.08475404740174,1.7344767975777402,16.81540458045823,12.513759717497617,12.08475404740174
2204,22.03,24.211806143649255,21.037720590527012,11.984401073585929,1.7554252783557904,16.940128682169103,12.474683478014022,11.984401073585929
2205,22.04,24.396117755079896,21.293019834029852,11.907051182695735,1.7882697829479852,17.337080629049346,12.361971077228363,11.907051182695735
2206,22.05,24.262276941841044,21.171620502451617,11.849918468190491,1.786646934262373,17.149043338002908,12.415628348622864,11.849918468190491
2207,22.06,24.277954351816717,21.25852151439125,11.725797650098711,1.8129701832448295,17.260846183334216,12.409187161660205,11.725797650098711
2208,22.07,24.118977328596063,21.031980166386347,11.805967883153944,1.7814702169736625,16.817424258229213,12.630060611018152,11.805967883153944
2209,22.08,23.861462981500217,20.72481747354358,11.82587655549507,1.752497362566624,16.577691333058777,12.437773489556935,11.82587655549507
2210,22.09,23.826240771637135,20.49225365288995,12.155545628791913,1.6858357723039197,16.304163083366852,12.41397301130299,12.155545628791913
2211,22.1,23.743574012277616,20.446416952835314,12.070681035770676,1.6938909157025765,16.163818920506166,12.52145854580361,12.070681035770676
2212,22.11,24.035855757027914,20.765938796901768,12.103641925304203,1.715676895025119,16.617864603824955,12.452742273315213,12.103641925304203
2213,22.12,23.843174749361616,20.660731854268366,11.900888259899586,1.7360663677420909,16.397887184768315,12.56881603929307,11.900888259899586
2214,22.13,23.77807134310784,20.717756911911692,11.669242706228262,1.7754157174958696,16.152161475291326,12.974325845190547,11.669242706228262
2215,22.14,23.76438282885943,20.63491703130878,11.7875396223127,1.7505703219227218,16.329656623521448,12.615154198299734,11.7875396223127
2216,22.15,24.140711050579334,21.022760669510188,11.866653439789113,1.7715829299455628,16.65261860369644,12.831475355832143,11.866653439789113
2217,22.16,23.829271393684863,20.614734708807624,11.952693756612765,1.7246936237618093,16.21264157557715,12.73253864146444,11.952693756612765
2218,22.17,23.8256444175762,20.464805522553377,12.200535514347262,1.6773694481269055,15.917887530849555,12.861925269226045,12.200535514347262
2219,22.18,24.118337516458457,20.934616607523598,11.976478282608987,1.7479776703576293,16.55951909407245,12.807829631793703,11.976478282608987
2220,22.19,24.281940352443065,21.146692837973205,11.934404438262325,1.771910190187271,16.560808456530093,13.149990161582199,11.934404438262325
2221,22.2,24.65536063910881,21.527766613966605,12.018405587227482,1.7912331596501587,16.94703312927957,13.275647008734298,12.018405587227482
2222,22.21,24.61163972530827,21.43829836101048,12.088514108552276,1.7734436315744961,16.75158269429837,13.378531827214376,12.088514108552276
2223,22.22,24.12871502145232,20.935809743732005,11.995280695369944,1.7453372101424032,16.16423326616924,13.305100245492763,11.995280695369944
2224,22.23,24.117129457091668,21.001210234700707,11.856858855869918,1.7712288296578431,16.13806403595005,13.439260414683295,11.856858855869918
2225,22.24,24.08661469918623,20.887848140958486,11.994282292297077,1.7414837863515185,16.17211212460799,13.21987100500039,11.994282292297077
2226,22.25,24.462978700045014,21.264287830415068,12.094105586777282,1.7582356692555854,16.68789680401674,13.17892397706377,12.094105586777282
2227,22.26,24.588157693406977,21.363928870482034,12.172100967903322,1.7551554104600917,16.667283373416804,13.364846491196204,12.172100967903322
2228,22.27,24.169095748501427,21.019385314762978,11.930240160606836,1.761857685327084,16.29587079528157,13.276262803739716,11.930240160606836
2229,22.28,24.301042189945978,21.194248067201148,11.888839320281633,1.7827011953172802,16.3360225224236,13.50298186627415,11.888839320281633
2230,22.29,24.194403080917787,21.063016415917353,11.904557106617613,1.7693238166927396,16.24671484087118,13.405033286665875,11.904557106617613
2231,22.3,24.432744514070666,21.224431373698096,12.102996213873247,1.753650996715116,16.57888164747884,13.252062875481284,12.102996213873247
2232,22.31,24.083082051854973,20.797601205815,12.143089606861247,1.7127108404160722,16.382223338422477,12.812609976353897,12.143089606861247
2233,22.32,24.040398169264808,20.786643583760327,12.07709371738525,1.721162729228265,16.431804069908132,12.73107876365687,12.07709371738525
2234,22.33,24.13236200310322,20.908262813468127,12.05053699931111,1.7350482235491569,16.541065083559317,12.788612895013632,12.05053699931111
2235,22.34,23.587528619350252,20.174417348908822,12.221472538148333,1.6507353991866378,16.077479154154712,12.186951194440466,12.221472538148333
2236,22.35,23.259522344774464,19.75384920238105,12.279691421068032,1.6086600652268632,15.62732316246676,12.083100971449358,12.279691421068032
2237,22.36,23.04380332003894,19.587848144955334,12.138083724493242,1.6137512798193452,15.381784341446817,12.127840097191735,12.138083724493242
2238,22.37,22.983202510230658,19.581984276985224,12.03218556215687,1.6274669448727308,15.516922256774459,11.94484122545436,12.03218556215687
2239,22.38,23.072891443842092,19.70381003648058,12.004923557674532,1.6413107456968592,15.656721286375497,11.962742516432812,12.004923557674532
2240,22.39,22.702539011873956,19.346995764157786,11.878511375055348,1.6287390863459639,15.055000989765,12.151262909529782,11.878511375055348
2241,22.4,22.384773596535563,19.10571802602002,11.664031364771335,1.638002970715998,14.769458363313412,12.119882876667493,11.664031364771335
2242,22.41,22.12069667584622,18.606562444459524,11.963321253950443,1.555300743789305,14.150441329296488,12.081770407755208,11.963321253950443
2243,22.42,22.306601842066456,18.773481241750538,12.047443206179612,1.5582958907098956,14.369604290835493,12.081310792259321,12.047443206179612
2244,22.43,22.41210444693318,19.036814620876434,11.828022439555454,1.609467239190655,14.514902242414527,12.317382993264623,11.828022439555454
2245,22.44,23.01541235577156,19.719873201131172,11.867426293746707,1.661680697483847,15.363691848064315,12.362458164394875,11.867426293746707
2246,22.45,23.24787185019639,20.032665813764115,11.79643361178285,1.6981968002392278,15.722513368540758,12.41411587597001,11.79643361178285
2247,22.46,22.96656878952086,19.744111973505184,11.731722991167281,1.6829677949581971,15.258999251997166,12.529680740141014,11.731722991167281
2248,22.47,22.56023343190596,19.270232160920585,11.731252489240404,1.6426406454549278,14.841066430075408,12.291647357204274,11.731252489240404
2249,22.48,22.446006918116296,19.061731008179333,11.852157505700765,1.6082920766966553,14.638281331196035,12.209435232513549,11.852157505700765
2250,22.49,22.584768439915987,19.231723762085903,11.841138738459472,1.6241447876649018,14.914586270651078,12.141429703148052,11.841138738459472
2251,22.5,22.83840909742257,19.514771664912594,11.864510818721461,1.6448020456199084,15.22688390121122,12.205257874895969,11.864510818721461
2252,22.51,22.895578827521867,19.649888907129245,11.75114444574428,1.6721681022519916,15.61800759558237,11.924595289017248,11.75114444574428
2253,22.52,23.054238166197404,19.80212164871712,11.805671333438088,1.6773397369305112,15.850027467274902,11.870158005571044,11.805671333438088
2254,22.53,23.501087883467104,20.246495405370208,11.932332358209248,1.6967760197729451,16.076458020435055,12.30723664015876,11.932332358209248
2255,22.54,23.414405963253675,20.104534644829045,12.001753760468429,1.6751330718890174,16.27765842965381,11.799582591458543,12.001753760468429
2256,22.55,23.51671469569407,20.320992753116908,11.83609410263553,1.716866440643798,16.52234529179913,11.830251583579829,11.83609410263553
2257,22.56,24.238548294577377,21.065650514610926,11.989394973260014,1.7570236497833056,17.280187026629168,12.048102254232598,11.989394973260014
2258,22.57,24.428442104635444,21.324923514928358,11.916225104536307,1.789570382218637,17.53583189036221,12.13453595447721,11.916225104536307
2259,22.58,24.229381639436568,21.190905637044526,11.747699898760622,1.8038344373505966,17.30793896475723,12.226599302764605,11.747699898760622
2260,22.59,24.18268259075352,21.13735863514094,11.747944808117118,1.7992388439326261,17.304295922337865,12.138750870774492,11.747944808117118
2261,22.6,23.793988644901635,20.689449868437734,11.751619453297058,1.7605615932902814,16.813036464773,12.057161386197487,11.751619453297058
2262,22.61,23.940175434424077,20.86810933583211,11.732604680068233,1.778642501377686,16.866239881754773,12.288528777007768,11.732604680068233
2263,22.62,23.199449750311892,19.97790620207448,11.793970175405763,1.6939084892494358,16.097133198949475,11.83211895622101,11.793970175405763
2264,22.63,23.261721101454917,19.999373104670735,11.879930303753717,1.6834587908610463,16.253931521130017,11.652666419590119,11.879930303753717
2265,22.64,23.005281162561637,19.819992206920503,11.67950642305247,1.696988852868022,15.9008642507776,11.831931674951997,11.67950642305247
2266,22.65,23.428783018706614,20.240467790319016,11.799632933557453,1.715347240400702,16.284352513446706,12.020665521872886,11.799632933557453
2267,22.66,23.344437112430032,20.19781000294258,11.705178989713628,1.725544737136628,16.168536845791703,12.104955397738708,11.705178989713628
2268,22.67,23.462954139332762,20.346534868264072,11.684551159498875,1.7413193361495531,16.239129443799897,12.258554403068784,11.684551159498875
2269,22.68,23.62650490608555,20.598703090092123,11.571739933282018,1.7800869366971546,16.586205395430678,12.214923641773492,11.571739933282018
2270,22.69,23.64645675688089,20.58084405032462,11.644044629391267,1.7674995850132325,16.49145074313412,12.312724889745708,11.644044629391267
2271,22.7,23.822999864720835,20.786514374394805,11.638562742777438,1.7860035499051914,16.82723881228345,12.203409924742482,11.638562742777438
2272,22.71,23.903837015545633,20.83412760278437,11.718897179200265,1.7778232272369983,16.619387210631455,12.56410926855546,11.718897179200265
2273,22.72,23.22023820265853,20.131246636265846,11.572051289984747,1.7396437443799457,15.91122730312645,12.332880313957817,11.572051289984747
2274,22.73,23.931318281527975,20.736290693692716,11.946306666014728,1.735790924628115,16.715556486527355,12.27126411903193,11.946306666014728
2275,22.74,23.733855029151698,20.582444807759064,11.81773414324173,1.741657458044075,16.547439172883504,12.240069080040705,11.81773414324173
2276,22.75,23.68413620564087,20.386212654931743,12.055730645433709,1.6909976885269355,16.344410964210734,12.18432996291085,12.055730645433709
2277,22.76,23.679558398152032,20.276455267371176,12.230570212454857,1.657850363078157,16.217182397974053,12.171180439075943,12.230570212454857
2278,22.77,23.474754689483373,20.046648665780022,12.214580836123742,1.6412064347303268,16.05909287546788,11.998902397566072,12.214580836123742
2279,22.78,23.43484684080477,20.052597673772983,12.127875864543292,1.6534303201765266,15.978311887071353,12.116114175166885,12.127875864543292
2280,22.79,23.598996252172956,20.15166979457927,12.280994609571115,1.6408825535086706,16.24005090122793,11.931074647125646,12.280994609571115
2281,22.8,23.641110461126903,20.25156723929696,12.197382021870016,1.6603208133504155,16.087670068905425,12.300928721109246,12.197382021870016
2282,22.81,23.953243627513988,20.649895529181414,12.138356351373647,1.7012101911841262,16.54391334876514,12.357876697663604,12.138356351373647
2283,22.82,23.44991783555348,20.15093678230513,11.993264496781162,1.6801878077243593,15.983196505989985,12.271824748396934,11.993264496781162
2284,22.83,23.183704302177706,19.866715723186726,11.949801318218581,1.6625143125097883,15.561810446323847,12.349755028282976,11.949801318218581
2285,22.84,23.152249893306944,19.788928964509473,12.017693853636372,1.6466494491804387,15.627595679967566,12.140014943395297,12.017693853636372
2286,22.85,23.093873672179523,19.656612044720973,12.122070949714688,1.621555601040565,15.627169432659882,11.923672781471751,12.122070949714688
2287,22.86,22.925841106263395,19.331398530443867,12.324415657011455,1.5685448355878913,15.109621544814198,12.05828785173641,12.324415657011455
2288,22.87,23.353780564931178,19.84958398756866,12.304189619613918,1.6132378158352456,15.772796441768048,12.05092846572792,12.304189619613918
2289,22.88,23.242574139637757,19.69618981885706,12.34007128245657,1.5961163730762573,15.591879194676995,12.034666449845929,12.34007128245657
2290,22.89,23.00321278635183,19.307653090177926,12.504492418467978,1.544057323083527,15.25279449571545,11.837978202468939,12.504492418467978
2291,22.9,22.670952988425483,18.876400849701223,12.556018491735248,1.5033747252065806,14.470890096612345,12.120719815686185,12.556018491735248
2292,22.91,21.800889080713493,17.834723669077817,12.537998100063989,1.4224538500278443,13.132337449307252,12.067273158004122,12.537998100063989
2293,22.92,21.587340733598943,17.286590558679126,12.93008378956168,1.336927961181072,12.275092212357157,12.171619626062219,12.93008378956168
2294,22.93,21.298794588864865,17.042294352830307,12.77493068983733,1.3340420207827615,11.706379632977216,12.385494447018576,12.77493068983733
2295,22.94,21.62273589828931,17.426308788853124,12.801033931784946,1.361320412219487,12.296010122278382,12.348456303412473,12.801033931784946
2296,22.95,21.52878482400403,17.31779619361865,12.78993788079339,1.354017224714182,11.815304726891965,12.66114683645984,12.78993788079339
2297,22.96,21.410238864690406,17.125495512668504,12.84973663888371,1.33275070096349,11.764636522091362,12.444915590613828,12.84973663888371
2298,22.97,21.538075923536567,17.351267844702058,12.760180981061122,1.3597979425570144,11.963362401822932,12.567595468554874,12.760180981061122
2299,22.98,21.3166925600643,16.964397638109233,12.90777263808185,1.3142776925012691,11.379274859118892,12.581847674507541,12.90777263808185
2300,22.99,21.20647476112091,16.752269720466394,13.002923940668229,1.288346359396261,11.486328171657972,12.194375995524807,13.002923940668229
2301,23.0,20.769286377904923,16.32551360324658,12.839036655358452,1.2715528463292474,10.665505185696546,12.359991648203861,12.839036655358452
2302,23.01,20.82800551890867,16.314950422240237,12.947131211798744,1.260120883564723,10.700359061206768,12.315840338418125,12.947131211798744
2303,23.02,21.384048232387514,16.931896248538475,13.06094974470862,1.2963755760103197,11.782041310846443,12.160288365033914,13.06094974470862
2304,23.03,21.433430446223362,17.03473829079935,13.008060272656683,1.3095525338706233,11.82990783974206,12.2570628267638,13.008060272656683
2305,23.04,21.559538681469867,17.112219730056548,13.114329722408948,1.3048489775894725,12.066656262881619,12.133584413651082,13.114329722408948
2306,23.05,22.459689608490773,18.10968016808612,13.284469937463697,1.3632218864084886,13.412837485717667,12.167839018169934,13.284469937463697
2307,23.06,22.583878354439488,17.972215673721273,13.675928681642349,1.3141495610346354,13.501366187293486,11.862278335099067,13.675928681642349
2308,23.07,22.70238372297754,18.12214791107624,13.674281765211312,1.3252723779014652,13.616600537712197,11.958278919112939,13.674281765211312
2309,23.08,23.10583761786576,18.765469989862297,13.480981718063346,1.3919958043350948,14.389995043227628,12.044538455096847,13.480981718063346
2310,23.09,23.28602710399677,19.018287657269436,13.436658545688552,1.4154030626440137,14.994091491382788,11.69925150437793,13.436658545688552
2311,23.1,23.307780998334373,19.280681810694603,13.09610491638896,1.4722455213814016,15.262964505769183,11.780772707292156,13.09610491638896
2312,23.11,22.65363954130766,18.599782209089888,12.931956009897394,1.438280658769227,14.601719615549605,11.521357667152367,12.931956009897394
2313,23.12,22.611352401715173,18.43344796173339,13.09508509619612,1.4076615635806722,13.831768696037447,12.184998091803353,13.09508509619612
2314,23.13,22.682920751205174,18.564310497861296,13.033850910013168,1.424315087385217,13.934843670288275,12.26595924278366,13.033850910013168
2315,23.14,22.85841918965811,18.777736561319937,13.03472046051616,1.440593729508823,14.348587263108692,12.112862333869996,13.03472046051616
2316,23.15,22.757722947746043,18.626185207521605,13.075900671902884,1.4244667097804597,13.850487676386122,12.453865524855038,13.075900671902884
2317,23.16,22.384239517523547,18.14098457277778,13.113308411995096,1.3834025710997335,13.587070321530906,12.020267939922778,13.113308411995096
2318,23.17,22.05549833940693,17.51249547288361,13.407367724941867,1.3061844675375713,13.308051994645536,11.383463875094433,13.407367724941867
2319,23.18,22.569446244527203,18.14334620406982,13.423818097093992,1.3515786695588135,13.82517346187731,11.74928041327375,13.423818097093992
2320,23.19,22.591453305712957,18.135754298126557,13.471012526985234,1.3462799668396772,13.914318418194904,11.631737914821581,13.471012526985234
2321,23.2,22.73193342041431,18.498235049786206,13.211967948530996,1.4001120137324414,14.45878040796519,11.53812675746721,13.211967948530996
2322,23.21,22.861732719086145,18.578956682609565,13.322206705521856,1.3945855287554474,14.745815877981402,11.302147827158969,13.322206705521856
2323,23.22,22.258689920527978,17.812063141353256,13.348396294186754,1.3343972376000282,14.179452367735395,10.780200550206768,13.348396294186754
2324,23.23,21.70545469680277,17.171590394109142,13.276416946296024,1.293390412757399,12.709562846549284,11.546883948177332,13.276416946296024
2325,23.24,21.68134927736322,17.222714293734082,13.170384157017837,1.3076850370045554,12.548151374966315,11.796854865366583,13.170384157017837
2326,23.25,21.382462748747862,17.00988213681429,12.95660537692169,1.3128347774728324,12.785592706195294,11.218944222144955,12.95660537692169
2327,23.26,22.180607825106417,17.88656896557009,13.116783680882937,1.363639852629336,13.857547590543367,11.309187598405146,13.116783680882937
2328,23.27,21.926575355953965,17.730754650203895,12.899420389095031,1.374538864179758,13.407533268976051,11.602487324148537,12.899420389095031
2329,23.28,21.29736747136728,16.824101619994313,13.058616538154338,1.2883525273016536,12.588712388496491,11.161304391495207,13.058616538154338
2330,23.29,21.846550472421253,17.62187792386393,12.912830285436508,1.3646797436607243,13.747289653745144,11.024636444781056,12.912830285436508
2331,23.3,22.617057138216595,18.448972106460932,13.083069280882858,1.4101409776541347,15.028298883293045,10.701159024114467,13.083069280882858
2332,23.31,22.504997853885722,18.246743748048367,13.173126849630608,1.385149020147789,14.910618895202155,10.517466499541733,13.173126849630608
2333,23.32,22.23112118787448,18.014956146250565,13.026285131173454,1.3829695853300974,14.751686969225483,10.340521094863359,13.026285131173454
2334,23.33,22.061155924101772,17.851317302725,12.962448505778596,1.3771562752798572,14.290004788207588,10.698845386095323,12.962448505778596
2335,23.34,22.376749192548306,18.181699205238314,13.04395332851386,1.3938795047275605,14.958072397629728,10.335872296861604,13.04395332851386
2336,23.35,22.580173872085243,18.589322783436796,12.818008056901775,1.4502505148159501,15.616482075826307,10.084067092309436,12.818008056901775
2337,23.36,22.717436080728966,18.76705003525426,12.801552056538663,1.4659980252682403,15.750419193256727,10.204237465995536,12.801552056538663
2338,23.37,22.906403661999704,19.01499304806348,12.772367365080411,1.4887602669533588,16.188451900402047,9.975168454029829,12.772367365080411
2339,23.38,23.144961032568904,19.13144772812606,13.02600971230688,1.468711305354763,16.32165149889065,9.980780757174282,13.02600971230688
2340,23.39,23.07975545030215,19.01818919040875,13.07606942332334,1.4544270586761077,16.377575433294123,9.667809628294359,13.07606942332334
2341,23.4,22.989514279534323,18.771470231790083,13.272138943890367,1.4143515458321247,16.087559847669798,9.672564955099741,13.272138943890367
2342,23.41,23.141733455537516,18.917890160232485,13.328663069210023,1.4193389135879575,16.293729773978264,9.612540671809684,13.328663069210023
2343,23.42,23.43156580066432,19.289065227106494,13.303016144291972,1.4499768336658754,16.35181953878796,10.231619378499241,13.303016144291972
2344,23.43,23.196828952076753,18.9522384777606,13.37555718891729,1.4169307648330367,16.272986213628037,9.714796086845116,13.37555718891729
2345,23.44,22.933122398951884,18.674273169140196,13.311634932255279,1.4028534634683203,16.42914537669281,8.877593175357994,13.311634932255279
2346,23.45,23.152542777393844,18.86478820443954,13.422369502464548,1.4054737653419305,16.417777238881275,9.291761110404916,13.422369502464548
2347,23.46,23.158148691833627,18.9202626213498,13.353782728958452,1.4168466722406763,16.33479076323779,9.547300580901794,13.353782728958452
2348,23.47,23.173612971138475,18.75638659140896,13.60934605959197,1.3781989604261193,16.248832090583957,9.368964385586855,13.60934605959197
2349,23.48,23.03645879419799,18.683958434406158,13.475464036468832,1.3865168860858155,16.305025475049728,9.123401067397856,13.475464036468832
2350,23.49,22.544339957245857,18.167389242478677,13.348903783462603,1.3609648805009362,15.91291834942523,8.765447021815586,13.348903783462603
2351,23.5,22.61985526530345,18.199357243555916,13.432842146943628,1.354840401195127,16.007047259387924,8.659736838628106,13.432842146943628
2352,23.51,22.79473649257423,18.13715701585608,13.807372927102316,1.3135849311533323,15.777283141906263,8.946161259330045,13.807372927102316
2353,23.52,23.393336716623498,18.79532260877249,13.927815721407665,1.3494809943445227,16.003494902599456,9.856586775872646,13.927815721407665
2354,23.53,23.20684577684069,18.38606052965844,14.160171930799594,1.2984348367739218,15.887346481265777,9.25415817805574,14.160171930799594
2355,23.54,22.958307477610855,18.180801391465586,14.01935601233543,1.2968357016876209,15.840555958976452,8.922910183704222,14.01935601233543
2356,23.55,23.261721637445554,18.510233352163556,14.08825591712667,1.313876853249182,15.9572482094895,9.38056332702318,14.08825591712667
2357,23.56,22.912012677789452,18.06051613209468,14.098868110225455,1.2809905015705458,15.706196191415199,8.916145139825105,14.098868110225455
2358,23.57,22.31661902782916,17.476743921249785,13.877856705713787,1.2593258665118126,15.098309322532295,8.8021380181224,13.877856705713787
2359,23.58,22.16014287717289,17.227293019675255,13.938877557069103,1.2359168052909992,15.046878253105415,8.388747202173576,13.938877557069103
2360,23.59,22.130464316916708,17.265890905630457,13.843643383054598,1.2472071425044713,14.84361447501132,8.819189196426555,13.843643383054598
2361,23.6,22.11014588791623,17.261781077482393,13.816275374282673,1.2493802135424366,14.835344454926581,8.825057556220715,13.816275374282673
2362,23.61,22.145170493704214,17.10136911545699,14.06953270624585,1.215489488706702,14.840951584508415,8.497233766902223,14.06953270624585
2363,23.62,22.569045516789018,17.61116148252341,14.114134999190643,1.2477676799558244,15.367224937792766,8.602407016341195,14.114134999190643
2364,23.63,22.900180507033383,17.74702942894672,14.47277491370645,1.2262354341004353,15.572014657910467,8.51289686568107,14.47277491370645
2365,23.64,22.774149278348485,17.72661105037898,14.297871730473828,1.2398076709974462,15.416505448462171,8.750091376034563,14.297871730473828
2366,23.65,22.932485188132212,17.871181551848235,14.37079492737902,1.2435764091101413,15.246715195155732,9.322918310106981,14.37079492737902
2367,23.66,23.159558897784486,17.91467805787536,14.677516084904413,1.2205524391351419,15.041345733387049,9.731064096286703,14.677516084904413
2368,23.67,21.64951091096496,15.798174497909049,14.802668854554808,1.0672517674438093,12.898505317815252,9.121999672915774,14.802668854554808
2369,23.68,21.901274636604658,16.169440761754398,14.772102631653285,1.0945930423680468,12.872603894845676,9.785033649113764,14.772102631653285
2370,23.69,22.484884173535626,16.98932835984202,14.728636670743855,1.1534895414718647,13.057467478206894,10.869214377042233,14.728636670743855
2371,23.7,22.888579181540802,17.03626186377066,15.285707005523049,1.114522334990138,12.899192994117422,11.128568568844718,15.285707005523049
2372,23.71,21.978660325245823,16.115822918281093,14.944623158820049,1.0783693069416624,11.146709744872101,11.639184258227356,14.944623158820049
2373,23.72,21.523409374791797,15.376043297408408,15.061023990124221,1.020916194509135,10.022018834344955,11.661125416005653,15.061023990124221
2374,23.73,21.588912515304834,15.436452789053583,15.092947653947707,1.0227593140174993,9.774659070976593,11.9473894535524,15.092947653947707
2375,23.74,22.000104597108024,15.767592110085602,15.3423479732947,1.0277170181207655,9.439440879542309,12.629881900938713,15.3423479732947
2376,23.75,22.19875538452483,16.091390175178933,15.29221706791154,1.052260120538332,9.902056794952703,12.683931133500217,15.29221706791154
2377,23.76,21.939348177628105,15.530443198600755,15.496461935365414,1.0021928401061528,8.63795200953691,12.906604938011457,15.496461935365414
2378,23.77,22.581275703180314,16.58773808442375,15.321911030468733,1.0826154812828392,9.207917054831839,13.797366352633357,15.321911030468733
2379,23.78,22.628406965482913,16.46829779742512,15.519019603404034,1.0611686961084104,9.212920245077889,13.650162376415562,15.519019603404034
2380,23.79,21.757779931072996,15.395206521662228,15.374934266017908,1.001318526329516,7.878834077707471,13.226350873184433,15.374934266017908
2381,23.8,21.928697823235677,15.533961800270301,15.477849301841788,1.003625342083014,7.526463845273795,13.588830383739557,15.477849301841788
2382,23.81,21.815927552203647,15.529022201212388,15.322668319755895,1.0134672288892683,8.191625735983736,13.192717624785129,15.322668319755895
2383,23.82,21.564159772312482,15.202972112186586,15.293221558648026,0.9940987288966329,8.302287589745086,12.735869888668297,15.293221558648026
2384,23.83,21.40888099572077,15.34511083837661,14.928756105143881,1.0278894457314678,7.862300012689818,13.177885458316936,14.928756105143881
2385,23.84,22.033904713075763,15.842844985166497,15.313302050207437,1.0345805844632894,7.860625866795979,13.755228031780252,15.313302050207437
2386,23.85,21.942358637214866,15.372696253595958,15.657180859236268,0.9818304068786118,7.1427005728418,13.612553714569822,15.657180859236268
2387,23.86,21.872613374014197,15.649678537995761,15.280666787365654,1.0241489298709932,7.6638089264569675,13.644723195483433,15.280666787365654
2388,23.87,22.202678555023194,15.93272058780436,15.463096381017673,1.030370644741191,8.366530953554877,13.55923099339535,15.463096381017673
2389,23.88,22.08225580732592,15.992391754397625,15.227259356629293,1.0502475448699327,8.701035162360728,13.418218254652416,15.227259356629293
2390,23.89,21.97871631961669,16.09178695904156,14.970583272638548,1.074893787769259,8.451379461971763,13.693786646685494,14.970583272638548
2391,23.9,21.991319211528193,16.30336947807454,14.758667430520834,1.1046640595992612,8.82637529931042,13.707478083671534,14.758667430520834
2392,23.91,22.520070373670904,16.822427082133437,14.971957677651693,1.123595687639693,8.88508737070044,14.284581735168729,14.971957677651693
2393,23.92,22.54055108022151,16.988789908634214,14.81409667986419,1.1467989088883117,9.073675691244674,14.362708380031505,14.81409667986419
2394,23.93,22.78851606571496,17.392586068772772,14.724619326749334,1.1811908805803015,9.432210075259404,14.612852673446197,14.724619326749334
2395,23.94,23.530855683536057,18.05891657098416,15.085645544080464,1.197092727534646,9.303599324819105,15.477968449411952,15.085645544080464
2396,23.95,23.65073612134827,18.279904338258977,15.006745698709912,1.2181124878947238,8.822960855322776,16.009692825327452,15.006745698709912
2397,23.96,23.288052038349775,17.635169573930106,15.209673298253879,1.1594706360954303,9.348759106751373,14.953257473380289,15.209673298253879
2398,23.97,22.838697381161055,16.750845202892467,15.524666922577994,1.0789825821339332,9.100978768143344,14.062823346436149,15.524666922577994
2399,23.98,22.40446055627168,16.04467882332953,15.63739538010517,1.0260454783756718,9.13299886770746,13.191665938245,15.63739538010517
2400,23.99,23.24537386211543,17.194826905789775,15.64242096574079,1.0992433296258286,9.642163145039897,14.23695059359645,15.64242096574079
2401,24.0,21.928636237718102,15.700575742482743,15.308723284478235,1.0255966778367347,8.813677847857134,12.993350662536201,15.308723284478235
2402,24.01,22.700534876718088,16.85872492427259,15.201897171629746,1.1089882225841434,10.022070100544433,13.55635338031814,15.201897171629746
2403,24.02,22.115782717579087,16.192093725279115,15.063995021339677,1.0748870868810945,8.613332865382018,13.71110484820072,15.063995021339677
2404,24.03,22.49977917026797,16.543364492454977,15.249824719668235,1.0848232551236092,9.64183629334341,13.443135855245455,15.249824719668235
2405,24.04,22.17585699122259,15.918811135973277,15.43891464165694,1.0310835641918437,9.976069128682738,12.405103495035018,15.43891464165694
2406,24.05,22.61656583644657,16.77091789118306,15.173838120973809,1.1052521950924012,11.472797195785999,12.232686189760983,15.173838120973809
2407,24.06,23.21342443948978,17.467145551388516,15.289274034253879,1.1424444033284618,12.542227126816213,12.157043736564704,15.289274034253879
2408,24.07,23.821094566849936,18.154290853496395,15.422913796344218,1.1770986399340189,13.361809123204127,12.289846758540232,15.422913796344218
2409,24.08,25.038671907993105,19.83139484174235,15.285642595162239,1.2973870557472538,14.70166489565051,13.309593181802459,15.285642595162239
2410,24.09,24.782459436406075,19.453570423548925,15.353465194969345,1.267047547671714,14.53915818110614,12.924948031181865,15.353465194969345
2411,24.1,24.856234780879475,19.55742844633303,15.340775731649497,1.274865677488797,14.532101006946492,13.088584635373728,15.340775731649497
2412,24.11,24.8852357645861,19.730642084662357,15.164983415288853,1.3010658531133341,13.90425098724389,13.998930014711004,15.164983415288853
2413,24.12,25.520543057971114,20.49236095951275,15.210564101268414,1.3472452976154834,14.748339593011886,14.227555550556122,15.210564101268414
2414,24.13,24.753768396805892,19.463078269011238,15.295019912934034,1.2725108159259433,13.488907011265985,14.030709295936427,15.295019912934034
2415,24.14,24.432412161643647,19.112751403980948,15.219904658244634,1.2557733989238595,13.5760785320898,13.453154199700018,15.219904658244634
2416,24.15,24.96055517135131,19.97033754609036,14.973808224940186,1.3336846075554794,14.88306920228532,13.31572877557862,14.973808224940186
2417,24.16,24.94492469052492,20.07505618262542,14.806802054474584,1.3557995918881607,15.001083521822279,13.340741130345018,14.806802054474584
2418,24.17,23.88640596391076,19.11127464540319,14.328976631313235,1.3337501440011532,14.670071263182807,12.248666364350399,14.328976631313235
2419,24.18,24.142769102732867,19.423174212675423,14.3392330147722,1.3545476381244224,15.150253122709502,12.154403597617224,14.3392330147722
2420,24.19,25.009569456828274,20.55394546360546,14.248294294232219,1.4425548096606764,16.475996157738983,12.288459005548159,14.248294294232219
2421,24.2,24.701122970763542,20.104456314047102,14.351178081723958,1.4008924005792855,16.018519860170105,12.148917037035202,14.351178081723958
2422,24.21,25.07833998117358,20.479589900722157,14.474444158915691,1.4148791950748265,16.556217653903,12.054263125481855,14.474444158915691
2423,24.22,25.64135312096199,21.211733333708224,14.406295806123047,1.4723932938189905,16.611775345388313,13.190396161400821,14.406295806123047
2424,24.23,25.60444644892257,21.21596374660311,14.334244321155065,1.4800894467308416,16.456610328472944,13.390186488394216,14.334244321155065
2425,24.24,25.68489524929605,21.350091615396234,14.278915644456276,1.4952179946300972,16.4520095753377,13.607269855441585,14.278915644456276
2426,24.25,25.423157849048934,21.10287133557223,14.17765059563616,1.4884603900499307,16.817392399242408,12.747803398845617,14.17765059563616
2427,24.26,25.06827341207149,20.78193760593577,14.018894435916234,1.4824234322424672,17.022247024540388,11.92191414549414,14.018894435916234
2428,24.27,25.16867353364743,20.94321833096462,13.958643679988109,1.5003763124199514,16.90988928640198,12.356133633952007,13.958643679988109
2429,24.28,25.215346275339993,21.148086756099012,13.732156216043135,1.5400412304800264,17.056718302891717,12.502397137320868,13.732156216043135
2430,24.29,24.99255307959662,20.93955359076128,13.644149107074833,1.534691055223341,16.895071745383582,12.370184125497284,13.644149107074833
2431,24.3,24.535172814438443,20.387250770898937,13.650447283471697,1.4935225452710499,16.297929860483556,12.248162158392491,13.650447283471697
2432,24.31,25.273111031941152,21.10517669099377,13.903296662114311,1.5179980118315515,16.47889562945408,13.186147352112595,13.903296662114311
2433,24.32,25.022084629664747,20.775381827997858,13.945903667923465,1.489712127854623,16.517424506683277,12.601237152165751,13.945903667923465
2434,24.33,25.475362955831717,21.44657133159121,13.74913436730957,1.559848842744845,16.84503795370873,13.27403925785751,13.74913436730957
2435,24.34,25.503329377783967,21.41487744851364,13.85001202948506,1.5461991948399658,16.77298669558979,13.3140487247278,13.85001202948506
2436,24.35,25.945574218810485,21.97075175855351,13.800684356502806,1.5920045115879355,17.042883923278502,13.865570324138755,13.800684356502806
2437,24.36,25.681773082469633,21.741418359521955,13.669827957063081,1.5904675924094827,17.274088426473362,13.202088521068829,13.669827957063081
2438,24.37,25.09154981400696,21.12571026278981,13.538472512120777,1.5604205159685705,17.111709520778163,12.38890759445128,13.538472512120777
2439,24.38,25.09355175491585,21.240305369928745,13.361727712718007,1.589637644667143,16.977571668219355,12.763723299190536,13.361727712718007
2440,24.39,24.925868491318475,21.17583722479852,13.148491847939836,1.610514534267019,17.05588792221932,12.550409131014648,13.148491847939836
2441,24.4,24.81968416284295,21.11426363399199,13.046248239917881,1.6184165168180864,16.893625983054903,12.665604207868206,13.046248239917881
2442,24.41,25.1748064245061,21.42787081771658,13.214281317219019,1.6215691420005378,16.891507617895787,13.184483993517473,13.214281317219019
2443,24.42,26.14634141597356,22.59432470766059,13.157798464996054,1.7171812418140247,16.863449385778235,15.037539154013778,13.157798464996054
2444,24.43,25.16837353364382,21.450365251518306,13.165441766438324,1.6292932384692262,16.62416618526676,13.555636025955302,13.165441766438324
2445,24.44,24.60923381013208,20.84128517505509,13.086451809935982,1.5925848715716202,16.426719598782963,12.826614945921264,13.086451809935982
2446,24.45,25.02692728969627,21.284610697983602,13.16481815290382,1.6167796965192995,16.122442790602552,13.89609625141053,13.16481815290382
2447,24.46,24.758124049963467,21.0363673180879,13.055112275727947,1.6113509308685685,15.800759658969474,13.887575171389702,13.055112275727947
2448,24.47,24.125619039577142,19.957080353987095,13.555826709843608,1.4722141836982319,15.334102205482607,12.773032756840138,13.555826709843608
2449,24.48,24.58494966099875,20.353554637643875,13.789581699467465,1.4760095760141805,15.80783686109883,12.821056125001542,13.789581699467465
2450,24.49,25.13903281951495,20.93091964741664,13.923633642624964,1.5032656118830934,15.59707496321098,13.958318304100574,13.923633642624964
2451,24.5,25.386503844280803,21.17660395325421,14.000929342108039,1.512514165010833,16.285669502182518,13.536082293583476,14.000929342108039
2452,24.51,24.832814907556507,20.606066941331303,13.858524504518295,1.4868875062863371,15.978418103135851,13.011539098508186,13.858524504518295
2453,24.52,24.719476559515027,20.49374226518877,13.822411126298773,1.4826459781822725,15.936645329046923,12.884750975015056,13.822411126298773
2454,24.53,24.538143133818497,20.34762519622944,13.71475910577844,1.4836297917661838,15.60762710121252,13.054800932826497,13.71475910577844
2455,24.54,24.226411992408444,19.808112766589193,13.948394411257445,1.420099846804052,14.987833539421883,12.950914144124893,13.948394411257445
2456,24.55,23.68915353573903,19.2712366109736,13.776626391235544,1.398835684709693,14.17259444822249,13.05825896214125,13.776626391235544
2457,24.56,23.287670408150174,18.65686765752684,13.936889260095395,1.3386679989591261,14.230044003514543,12.065842633173647,13.936889260095395
2458,24.57,23.84117939333815,19.18537451950653,14.153559248881583,1.3555158940690175,13.659503703554405,13.472065692621674,14.153559248881583
2459,24.58,23.71962378934351,19.11733332051577,14.040944392037453,1.3615418441053802,13.630637614890842,13.40440791304209,14.040944392037453
2460,24.59,23.881993850220034,19.085001858572557,14.356612912530226,1.329352680527833,13.794818472468544,13.188642054941008,14.356612912530226
2461,24.6,24.092226800029145,19.234932389533345,14.506990320329155,1.3259078530285333,14.279586303511826,12.887049275550877,14.506990320329155
2462,24.61,24.305524848951016,19.390079881854266,14.65548840394908,1.3230592763206308,14.159436349411807,13.247096289060677,14.65548840394908
2463,24.62,24.707064807879142,20.13770770232392,14.314739952807516,1.406781245674977,14.656445629837053,13.809991781455427,14.314739952807516
2464,24.63,25.191196467634533,20.782594595890398,14.236577585003701,1.4598027139459442,14.156257036884652,15.21567037112682,14.236577585003701
2465,24.64,24.32724340392221,19.66590346532101,14.320161050992128,1.3733018361520812,14.090880800822074,13.71841234853176,14.320161050992128
2466,24.65,24.392834833644077,19.821687455264208,14.216578267897706,1.3942657003495234,14.489490175679274,13.526047760638443,14.216578267897706
2467,24.66,24.836948456398986,20.26483541439984,14.360029744158123,1.4111973147300674,14.526987922319613,14.129054330615833,14.360029744158123
2468,24.67,24.84501141759778,20.194715728107145,14.472320097396482,1.3954027821524002,13.99369778667618,14.560321617128938,14.472320097396482
2469,24.68,25.020289234208533,20.353222574239624,14.552017186868419,1.3986530054820268,14.764199409797943,14.009713949408798,14.552017186868419
2470,24.69,25.491090379826396,21.036213993508348,14.396992379375671,1.461153374203605,15.267431670711874,14.471621518020035,14.396992379375671
2471,24.7,25.173475840272783,20.738423275742218,14.269607069465884,1.453328264386362,15.1606946648506,14.15046067246636,14.269607069465884
2472,24.71,25.044833957372827,20.361655350166686,14.582410615306479,1.3963161432852538,16.222703228020727,12.305320336120372,14.582410615306479
2473,24.72,25.17597484533244,20.560584052549785,14.529008666486758,1.415140187780032,15.964956653902316,12.955993810626211,14.529008666486758
2474,24.73,24.53511158466131,19.6647500129439,14.67205873080545,1.3402856663636302,15.801501642848589,11.7053380516169,14.67205873080545
2475,24.74,23.751556286609375,18.840957208426342,14.462183704621541,1.3027740203856986,15.253439121384666,11.059577907857259,14.462183704621541
2476,24.75,23.87301541063431,19.030389097992828,14.414061036896545,1.3202656107310486,15.611094275149442,10.883448201438759,14.414061036896545
2477,24.76,23.682216193013176,18.590589450631537,14.670969555236724,1.2671684295054464,15.457648920143788,10.328170505152896,14.670969555236724
2478,24.77,22.92174537236945,17.974802183495736,14.223673835543936,1.2637242945333858,14.844840553512869,10.135295875137682,14.223673835543936
2479,24.78,22.80173570122209,17.807861146956025,14.240759542914834,1.2504853475891966,14.629050963287941,10.154348159423632,14.240759542914834
2480,24.79,23.027112681761828,17.954997216538803,14.417558510810354,1.2453562926813206,14.739749420737205,10.252887986308707,14.417558510810354
2481,24.8,22.76480730961504,17.682849799691155,14.337129238639962,1.2333605637057488,14.475744534514934,10.155589456545524,14.337129238639962
2482,24.81,23.4102602184442,18.241850442264322,14.67225871968362,1.2432884936653894,15.12112069132039,10.20376482463514,14.67225871968362
2483,24.82,22.516666449035473,17.15780329211298,14.581154075253323,1.1767109244962075,13.83134302607323,10.153037176428466,14.581154075253323
2484,24.83,22.26580676720632,16.940578492900276,14.449323559269326,1.1724132568152503,13.37439581693337,10.39753510242262,14.449323559269326
2485,24.84,21.47254205383998,16.075550897057177,14.235403949661938,1.1292655237534681,12.200832779922944,10.467235361843812,14.235403949661938
2486,24.85,22.224002456454336,17.24358163112394,14.020170388238988,1.229912415728482,13.518155478841342,10.705166038838763,14.020170388238988
2487,24.86,22.631211970511988,17.67309276568112,14.136249408873445,1.250196728602395,13.169642582665437,11.785530202295337,14.136249408873445
2488,24.87,22.105360605387823,16.804822258039234,14.36122962597357,1.170152047958777,12.622978353260446,11.093352451689663,14.36122962597357
2489,24.88,21.313735638724427,15.657031157348465,14.46142116858683,1.0826758293547765,11.328038153021575,10.808245753399028,14.46142116858683
2490,24.89,20.924280806284244,15.44036779255465,14.121634809428976,1.0933838752327145,10.88530058657769,10.950579377786838,14.121634809428976
2491,24.9,20.7694321043504,15.114955462487835,14.24455795397773,1.0611038623537665,10.506994242710705,10.86576967437811,14.24455795397773
2492,24.91,20.801892926717752,15.325222549784128,14.06614030692919,1.0895115657444918,9.926205597362738,11.676167549298725,14.06614030692919
2493,24.92,21.34323826162381,15.876181083764543,14.264665915749992,1.1129725138697595,10.520068695963158,11.890386050784857,14.264665915749992
2494,24.93,21.130309406510513,15.54643733254104,14.310774328464586,1.0863449437266774,9.99564818166597,11.90708743408662,14.310774328464586
2495,24.94,20.458987925902814,14.51520392656061,14.41801102519334,1.00674107553375,9.176905607962876,11.246134824559949,14.41801102519334
2496,24.95,20.599240176532195,14.780023640877799,14.348505044970766,1.0300741153558908,9.553651333665997,11.277271169021724,14.348505044970766
2497,24.96,20.338855908905277,14.551070071216241,14.210398286669033,1.0239734156407705,9.501778581999217,11.020428485140947,14.210398286669033
2498,24.97,21.01798878259576,15.50444685617505,14.190418603739806,1.0925996821608166,10.890383368851358,11.035733885673494,14.190418603739806
2499,24.98,21.486866449884463,15.969759139545483,14.375403398168489,1.1109085913776948,11.874781901761196,10.678144115936123,14.375403398168489
2500,24.99,21.566728968658854,16.1716252189459,14.268929048304285,1.1333454083484793,11.408380210149781,11.461689369491301,14.268929048304285
2501,25.0,23.270155999981547,18.302616661642563,14.370608323952094,1.2736146062193363,13.270931096344329,12.604291511192411,14.370608323952094
2502,25.01,23.09868665241261,18.15685828493136,14.278579141051251,1.2716152010342516,12.99483464690051,12.680921704623632,14.278579141051251
2503,25.02,23.686787097427615,18.931445735882875,14.236019294317689,1.3298272041145214,14.18130113395324,12.541544394484053,14.236019294317689
2504,25.03,24.209703901422618,19.643831554917828,14.150252465471135,1.388231878042593,14.933462490430555,12.762124282614119,14.150252465471135
2505,25.04,24.10311901112256,19.477754838032997,14.197796044943733,1.3718858037103314,14.96328972775742,12.46927800851786,14.197796044943733
2506,25.05,23.58930091659902,19.000602056874026,13.979708123211081,1.3591558485635726,14.59053261327638,12.171246303670127,13.979708123211081
2507,25.06,24.273323000845817,19.785643851821455,14.061383533360805,1.4070908317719784,14.56255845914341,13.394162674656108,14.061383533360805
2508,25.07,24.018279113695197,19.44128732685497,14.103690249648688,1.3784539352981917,14.815540436836246,12.588225231930101,14.103690249648688
2509,25.08,23.90124441127183,19.211530000014164,14.219233434538884,1.351094634493366,14.504645706377978,12.597544914541688,14.219233434538884
2510,25.09,24.231427144700334,19.51798316798657,14.360027664427156,1.3591884099455303,14.28405192585358,13.301034829114826,14.360027664427156
2511,25.1,24.476645927889397,19.805262519796425,14.382550969880539,1.3770340575376336,14.3538243722717,13.646103816402396,14.382550969880539
2512,25.11,24.66052328360642,19.802367749346836,14.697198377273235,1.3473566349875152,14.800327335312577,13.15614226313971,14.697198377273235
2513,25.12,24.775336744389552,20.181088075711333,14.371534186658046,1.404240341608528,14.489870487895685,14.04706265251308,14.371534186658046
2514,25.13,24.225311737755963,19.220109893500307,14.74629121078342,1.3033860255957341,13.73815631922822,13.44156558093878,14.74629121078342
2515,25.14,24.81444663436477,19.95180512709747,14.754058219353215,1.3522926933368242,14.669789029867825,13.523010672510857,14.754058219353215
2516,25.15,25.066877496776094,20.187096381081897,14.86033267256456,1.358455212671767,14.940904640383561,13.575280064369016,14.86033267256456
2517,25.16,26.060886663883203,21.339187411711706,14.960243791984482,1.4263930259709394,14.484893934287417,15.669995759559058,14.960243791984482
2518,25.17,26.14180467059442,21.34430287212383,15.093531274640753,1.4141357965703658,15.57284466109522,14.596772734353019,15.093531274640753
2519,25.18,26.672348735262947,22.226538849584543,14.744326292624962,1.5074638480228253,15.806402237056153,15.626153639091012,14.744326292624962
2520,25.19,26.188962066425397,21.845569173138404,14.444128274779796,1.512418662971992,15.156068277592166,15.732847385751231,14.444128274779796
2521,25.2,26.378098139914634,21.953573599966354,14.623428724817867,1.501260341407366,15.318405437098974,15.72596097775256,14.623428724817867
2522,25.21,26.33831679343805,22.008726755900867,14.467994957684844,1.5212008865271738,14.782879647312528,16.304923267190794,14.467994957684844
2523,25.22,26.775575606579363,22.43343514085394,14.617538672592845,1.5346930590247394,14.90044529689718,16.77008473959136,14.617538672592845
2524,25.23,26.483912094877844,22.02442012018115,14.707906656590415,1.4974544396032257,14.574348341217885,16.512524097153644,14.707906656590415
2525,25.24,26.43679405215149,21.7806322364025,14.983595667878156,1.4536318730954438,13.386595481563855,17.18123982809127,14.983595667878156
2526,25.25,26.307815863134554,21.717211672054294,14.848026558427977,1.4626328681859246,12.438367812567396,17.802367510196465,14.848026558427977
2527,25.26,26.564397996862372,22.000869730443995,14.887208336009097,1.4778371628768312,12.990471547610243,17.756292345720592,14.887208336009097
2528,25.27,27.193970044105633,22.819351905004496,14.791524106571371,1.542731617147325,13.468196620444687,18.42092563248315,14.791524106571371
2529,25.28,26.060632833137404,21.4574126861343,14.789726991412724,1.4508322363619692,12.976201448756791,17.0891414396499,14.789726991412724
2530,25.29,24.913167831579287,20.081774605311143,14.744092379862437,1.3620217567775783,13.12620034766779,15.198043812655808,14.744092379862437
2531,25.3,24.439984032086898,19.603404987111276,14.59518182140816,1.3431422250839706,12.916607145220192,14.746346901681987,14.59518182140816
2532,25.31,24.884418862781306,20.185685041451443,14.55240260388879,1.3871032564792627,13.11252725022293,15.34677522168216,14.55240260388879
2533,25.32,24.783099307485685,20.06599273344328,14.545031691477986,1.3795771064012226,12.512377339381587,15.68707996076799,14.545031691477986
2534,25.33,23.97809715709069,18.982781132201286,14.649340045265646,1.2958113521527623,12.141916822978844,14.591772866136605,14.649340045265646
2535,25.34,23.799332757531396,18.50451815994134,14.9663304578012,1.2364098342019343,13.002727362588418,13.166103199724411,14.9663304578012
2536,25.35,24.124384221728818,19.005102217544415,14.859071430553348,1.279023545069308,13.056402708943391,13.810295384285133,14.859071430553348
2537,25.36,25.466850777704035,20.682017245512718,14.859833484604032,1.391806796956435,13.613478153015839,15.569812135059497,14.859833484604032
2538,25.37,24.730463830483615,19.89821678948133,14.685258250015952,1.354979017101025,13.235456302494292,14.858052626975075,14.685258250015952
2539,25.38,24.04075434620048,18.962393595645338,14.77787192589603,1.2831613165097577,12.848653316152907,13.945769209243508,14.77787192589603
2540,25.39,23.88637738580466,18.90660636335901,14.597919729813313,1.2951575781545142,13.666666706522212,13.064531576441794,14.597919729813313
2541,25.4,24.365535264080442,19.48866776551232,14.62433374313608,1.3326191885260628,14.166843562687339,13.38315040432795,14.62433374313608
2542,25.41,26.215597674446418,21.97469328806328,14.295818141120405,1.5371413563841725,14.430430433193196,16.572562343138877,14.295818141120405
2543,25.42,27.988709040195054,24.112914910693707,14.210389447384664,1.6968510961627123,15.168192500698515,18.74456192478523,14.210389447384664
2544,25.43,28.00535323041164,24.112165311585887,14.244412713302083,1.6927454853276505,15.094954098334911,18.80262951776713,14.244412713302083
2545,25.44,27.609984311166873,23.84415405330835,13.920041348537001,1.712937013352649,14.506801424533828,18.923435072603606,13.920041348537001
2546,25.45,27.85054060307716,23.87002946630561,14.34832063906267,1.6636113777190418,14.872482265444761,18.670500207180556,14.34832063906267
2547,25.46,27.818806282887582,23.992662324786156,14.079706586914828,1.7040598237383777,15.068171193818662,18.670780977371738,14.079706586914828
2548,25.47,27.75074305820539,23.846784925719422,14.192765374972408,1.6802070840803836,15.335489394949533,18.261761040789835,14.192765374972408
2549,25.48,26.625057216257726,22.551580317023717,14.153441170748062,1.593363765388215,15.354604469439389,16.516957842842714,14.153441170748062
2550,25.49,26.541426201083787,22.40643692253182,14.226696356645132,1.5749571341674151,15.015287447319896,16.63098188435532,14.226696356645132
2551,25.5,27.99850096473536,24.080940122729256,14.283710270017915,1.6859023088193075,15.37227439188508,18.536042113004218,14.283710270017915
2552,25.51,29.37360306950016,25.606835735180937,14.390918001156486,1.7793747232194024,15.914241107886717,20.061080886347774,14.390918001156486
2553,25.52,28.93289997280378,25.16100382460902,14.284137613950632,1.7614646753357706,15.56260073700887,19.770725119793678,14.284137613950632
2554,25.53,29.001557610251343,25.10777050714399,14.515171510571895,1.729760512223858,15.605266100303387,19.669158847752783,14.515171510571895
2555,25.54,28.698279980238485,24.646550616727893,14.701660332126666,1.6764467454651533,15.402680572998174,19.2408390791336,14.701660332126666
2556,25.55,28.61340028127427,24.581854058741282,14.644423057641136,1.6785812566316851,15.372358546292917,19.182235054588144,14.644423057641136
2557,25.56,29.26663264137355,25.33545047124783,14.650963640117997,1.7292685377959058,15.517800216329498,20.02705487651982,14.650963640117997
2558,25.57,29.410082272881997,25.579055238927864,14.514298893903383,1.762334882718458,15.95275632396996,19.99494017455815,14.514298893903383
2559,25.58,29.269736559730557,25.514851910729266,14.342587292730093,1.7789574077518162,15.956250921896844,19.909940345061585,14.342587292730093
2560,25.59,29.611813166442197,26.05414080135203,14.072712109170816,1.8513944291074662,15.784308624010174,20.72857578703068,14.072712109170816
2561,25.6,29.495552159699248,25.91457417833452,14.086250117087106,1.839707087615834,15.757394312616732,20.573518885234876,14.086250117087106
2562,25.61,28.99692485466784,25.4634259278268,13.872115593712858,1.8355834591925817,15.461341050746125,20.23197946060728,13.872115593712858
2563,25.62,28.868591211665095,25.3996995419231,13.720452679349126,1.8512289744020323,15.742375046115866,19.932946714607876,13.720452679349126
2564,25.63,28.85931891174427,25.519720637722397,13.476058274672399,1.8937080945758065,15.881495369502833,19.975841565647606,13.476058274672399
2565,25.64,29.102083959264828,25.759971822666863,13.54086933942975,1.9023868539707582,15.647893295671674,20.46263872798091,13.54086933942975
2566,25.65,29.21196258691275,26.000104120150667,13.31665663447528,1.9524498403630393,15.618601179719736,20.786166348019375,13.31665663447528
2567,25.66,29.47578709422896,26.215379744790035,13.475009820433035,1.9454813090405283,15.736386391545956,20.96693297789438,13.475009820433035
2568,25.67,29.946036185010655,26.68377872584431,13.59194747282913,1.9632049622900836,15.759476138689433,21.53283443775807,13.59194747282913
2569,25.68,30.60176828224885,27.468396586815416,13.48908488185463,2.0363424818955362,15.890810329141598,22.405243987375357,13.48908488185463
2570,25.69,29.99897248788432,26.78052999766537,13.518193791072308,1.9810730939034014,16.024863033467586,21.456946467623457,13.518193791072308
2571,25.7,29.217332342298228,25.89375430386054,13.533883302718756,1.913253847745153,15.950754003440585,20.39754785925064,13.533883302718756
2572,25.71,29.28910484080677,25.90485754381863,13.667114472712722,1.895415275516961,15.987914054663268,20.3825476461172,13.667114472712722
2573,25.72,29.10386966227301,25.650761500501396,13.750405949024579,1.8654548524308114,15.855835658653195,20.16318529204616,13.750405949024579
2574,25.73,28.48318216704638,24.925154706504404,13.785076322529745,1.8081259851835414,15.669138773229964,19.3840508472414,13.785076322529745
2575,25.74,28.453738048255076,24.802982032847563,13.943718700438552,1.778792484681111,16.055862030182773,18.904952054673245,13.943718700438552
2576,25.75,27.020049364106452,23.120612377859086,13.982859182282384,1.6534967617463463,15.99228688844914,16.697588951844168,13.982859182282384
2577,25.76,26.896805271719707,22.98713008269051,13.965313615750784,1.646016030514665,15.934846154281722,16.56770435147573,13.965313615750784
2578,25.77,27.307139599225405,23.41360141974746,14.05286951653589,1.6661082202604156,16.108101165290755,16.99193362426887,14.05286951653589
2579,25.78,27.736346260010784,23.915317277037616,14.04857656112677,1.702330280436574,16.12986635607572,17.657004609970244,14.04857656112677
2580,25.79,26.65519819461081,22.53125515784613,14.242265683732198,1.5819993572779492,16.322839924981878,15.531334642308925,14.242265683732198
2581,25.8,28.45878281872685,24.859719866965705,13.852676552184889,1.7945788146655852,16.342507230845005,18.73307580921478,13.852676552184889
2582,25.81,28.08435536985122,24.269781167980746,14.131834226257329,1.7173836587246996,16.52888915212805,17.7712717985612,14.131834226257329
2583,25.82,29.044099784130356,25.358229264460753,14.160506376594286,1.7907713601524191,16.607355388029177,19.163390577991464,14.160506376594286
2584,25.83,29.15505020006216,25.38751671508599,14.334955431021541,1.7710216705763988,16.851692239688482,18.98806134437093,14.334955431021541
2585,25.84,29.091677974622794,25.289295373823926,14.379751975421572,1.7586739616266933,16.670076490967293,19.017281884901738,14.379751975421572
2586,25.85,29.511818609886458,25.726536865488598,14.460039369638542,1.779147083064386,16.786409914323492,19.49541333954338,14.460039369638542
2587,25.86,29.4584064060443,25.750200375581638,14.308210531057586,1.7996800032881766,16.622360877999288,19.666467354971598,14.308210531057586
2588,25.87,29.78963426647094,26.198880836853526,14.178891092975112,1.8477383502743512,16.4204633780197,20.414449283651148,14.178891092975112
2589,25.88,30.416986087313063,26.96004871246306,14.083636464259344,1.914281782328076,16.416110906258705,21.38587218917655,14.083636464259344
2590,25.89,31.067794814261244,27.533329447801787,14.39179085937011,1.9131274013668405,16.32768582247227,22.169594181306685,14.39179085937011
2591,25.9,31.22997952194204,27.767011617970482,14.293519047051067,1.9426294900904173,16.146113073415346,22.590041319417587,14.293519047051067
2592,25.91,30.899171930070455,27.51043006438297,14.0689396770598,1.9554018068071097,16.20142491460443,22.23370398884858,14.0689396770598
2593,25.92,30.029153362610575,26.419641108083482,14.274194036626076,1.850867449349047,15.45784807494456,21.425507442575718,14.274194036626076
2594,25.93,29.623584713211216,25.89044538612709,14.395888613377494,1.7984610802050933,15.359834111534484,20.842040647647035,14.395888613377494
2595,25.94,29.177340173944394,25.54234167832953,14.103402469388008,1.8110765635292754,15.079606422161547,20.61593288127496,14.103402469388008
2596,25.95,28.971068169132614,25.165164635797304,14.35399873602285,1.7531814721874477,14.779581538927465,20.36785410103327,14.35399873602285
2597,25.96,28.871228688446145,25.01384172164843,14.417196964211723,1.7350003460271164,14.515028037548781,20.371701910857926,14.417196964211723
2598,25.97,27.95943308163942,23.870007845451966,14.55859277899944,1.6395820810294321,14.49929096347568,18.961746652099613,14.55859277899944
2599,25.98,26.564507985737162,22.220062315986663,14.558225001625821,1.5262892497887064,14.986065508026964,16.405761485388453,14.558225001625821
2600,25.99,27.528754768993252,23.083943523582104,14.998796302751789,1.5390530718353015,15.452816639969333,17.148729005130818,14.998796302751789
2601,26.0,27.8724649284632,23.58401228270672,14.854920593444778,1.587622911502734,15.508352755619208,17.76785384221008,14.854920593444778
2602,26.01,26.788570012281077,22.28077172031466,14.872615602176758,1.4981071464694915,15.355636543876345,16.1442625965122,14.872615602176758
2603,26.02,25.947038875032046,21.262730274382523,14.870949117701977,1.4298166247554396,15.373204591880226,14.689053042907018,14.870949117701977
2604,26.03,25.463457224152425,20.75545544462801,14.751227850328316,1.4070323945383338,14.719972501118663,14.632543875903764,14.751227850328316
2605,26.04,26.469730788789175,21.963822703624118,14.772851460525121,1.4867693459393507,14.740262338965252,16.28294119422891,14.772851460525121
2606,26.05,26.48387793039368,22.073456181012123,14.634149188009923,1.508352545640124,15.490748162048009,15.724954345086934,14.634149188009923
2607,26.06,26.987513387878295,22.641663242629175,14.686080636721458,1.5417090374688105,15.434083582328434,16.566048966676544,14.686080636721458
2608,26.07,27.959718177795953,23.81666392413091,14.646240476886026,1.626128149521865,15.847210084167674,17.779184824486563,14.646240476886026
2609,26.08,26.431979850255566,21.8389977474866,14.889853464342464,1.4667033359183574,15.818851540674274,15.056751261438572,14.889853464342464
2610,26.09,27.058659874010136,22.796674200410607,14.576787011467916,1.563902537814122,15.92100855693242,16.315938254656125,14.576787011467916
2611,26.1,26.70512187582509,22.371685452372777,14.583251503788995,1.534067038928884,15.900091720987755,15.73783318135265,14.583251503788995
2612,26.11,26.56336828364845,22.156910488315376,14.65209378162454,1.512200974041182,15.96105099233564,15.367938495689048,14.65209378162454
2613,26.12,26.473106274852302,22.10375664286631,14.568778195599243,1.5172004368590866,15.959113303531735,15.293225960930963,14.568778195599243
2614,26.13,26.774568918535394,22.314373072318332,14.79683395739765,1.5080505151686385,16.360397658218186,15.174604906737255,14.79683395739765
2615,26.14,26.516319008735092,22.068206875348675,14.700660498080335,1.501171112565345,16.254352507068766,14.92654612658715,14.700660498080335
2616,26.15,26.328455479361338,21.904653624842823,14.607317258975801,1.499567185164203,16.120295503205753,14.830708793367373,14.607317258975801
2617,26.16,26.171050333461746,21.910112134580167,14.31331065151284,1.530750828234444,16.238323126631066,14.709516504120584,14.31331065151284
2618,26.17,25.330293779273916,20.958796298668325,14.225070848865736,1.4733702574380863,15.91029884769027,13.643076371048386,14.225070848865736
2619,26.18,26.319404854479682,22.080263076515422,14.323863109017706,1.5415019613399272,16.19081579995039,15.013177587046895,14.323863109017706
2620,26.19,25.75404768508073,21.26813118320676,14.523689894077211,1.464375192414425,16.550148634398038,13.357618957187857,14.523689894077211
2621,26.2,25.284305720374547,20.706778378980466,14.509494992078539,1.427119165090538,16.35266389335484,12.702797110368321,14.509494992078539
2622,26.21,25.507774709507725,21.12519589163357,14.295896934823986,1.4777104219444814,16.33369270857081,13.397178208931637,14.295896934823986
2623,26.22,24.940105214963967,20.331233335327752,14.444715268842463,1.4075205330756935,16.235039642175828,12.238567593984264,14.444715268842463
2624,26.23,24.547789709787924,20.132778904845544,14.04511278717889,1.433436613141604,16.129228440167203,12.048932581614656,14.04511278717889
2625,26.24,23.928288402998046,19.43108420091469,13.964095125500045,1.3915032822593205,15.251692048407302,12.039639649241417,13.964095125500045
2626,26.25,24.129635979719026,19.615798161083635,14.052038820661533,1.3959396505680999,15.188357081159777,12.413434120804595,14.052038820661533
2627,26.26,24.009981366632854,19.623951464247988,13.834006439021783,1.41852987785913,14.437767373296937,13.29098733524802,13.834006439021783
2628,26.27,23.560791147423473,19.099093650371685,13.796213293032269,1.3843721639196183,14.620817549945297,12.288493497450352,13.796213293032269
2629,26.28,23.97562894689287,19.558639273359375,13.866881883599198,1.4104569028234097,15.125665774683625,12.399782461719246,13.866881883599198
2630,26.29,24.43996045748902,19.992756257587143,14.05707524303463,1.422255761737754,15.524011305343569,12.598229072645681,14.05707524303463
2631,26.3,24.9648195382582,20.78811055683977,13.823772063167318,1.50379436682326,15.26120930785849,14.11527651111116,13.823772063167318
2632,26.31,25.305430927625785,21.222091569426563,13.783601265696616,1.5396623248412005,15.299415064158827,14.707313462210427,13.783601265696616
2633,26.32,26.347566581770998,22.387002548528603,13.8930335662529,1.6113833196882297,15.778717505582959,15.881119513020362,13.8930335662529
2634,26.33,26.201707115485338,22.21597367772073,13.891723050669222,1.5992237677564767,15.693248439823465,15.724866926469003,13.891723050669222
2635,26.34,26.183206695455233,22.220070051412304,13.850227426553749,1.6043108439368898,15.953328581161262,15.46682967744758,13.850227426553749
2636,26.35,26.298067707929608,22.250246628865767,14.018376872002614,1.5872198922903675,15.831187590396556,15.634800111386985,14.018376872002614
2637,26.36,27.092889568201347,23.22463836019254,13.951374061110489,1.6646846581894261,15.865470874850862,16.960856726032027,13.951374061110489
2638,26.37,28.19226091176288,24.521461626220972,13.910481480908041,1.762804663510488,16.284580862307784,18.333425932574272,13.910481480908041
2639,26.38,28.399623666210037,24.839372141106303,13.767505802359027,1.8042027726511027,16.26910197990789,18.7699421717736,13.767505802359027
2640,26.39,27.2323920793643,23.517430711278088,13.73075493570757,1.7127558405488499,15.994376267349802,17.240924426439648,13.73075493570757
2641,26.4,26.895269614436405,23.18078257329952,13.638432715038746,1.6996661608880228,15.736279946145594,17.021109663212997,13.638432715038746
2642,26.41,26.744275672033393,23.017161855373907,13.618610110625736,1.6901256198982506,15.900906182649635,16.641842519596626,13.618610110625736
2643,26.42,27.214950443254526,23.422868958045164,13.85722690162228,1.6902998792134252,16.21733895222291,16.90055346828823,13.85722690162228
2644,26.43,27.548132094158735,23.89624949506364,13.70652552424899,1.7434213690980571,16.293169658438803,17.480370774433197,13.70652552424899
2645,26.44,25.713898904694595,21.732234560461208,13.744619961641337,1.581144813105914,16.067208735471013,14.633346248951689,13.744619961641337
2646,26.45,24.988586554856603,20.83887662149157,13.790238546298333,1.5111324254129945,15.733541819824994,13.664349258181522,13.790238546298333
2647,26.46,23.979414284165458,19.826163739024985,13.488348334952256,1.4698733489592344,15.70819796753369,12.096664218676137,13.488348334952256
2648,26.47,23.81363134767603,19.44714498364597,13.744001962604337,1.4149550499599135,15.458829454768676,11.798984697986647,13.744001962604337
2649,26.48,23.447244420825243,18.930794982805136,13.834676441786435,1.368358346685024,15.28464331143513,11.169363344577949,13.834676441786435
2650,26.49,23.352861489467116,18.719397273375222,13.962102473044252,1.3407291136500092,15.21544612614277,10.904404314812192,13.962102473044252
2651,26.5,23.41837868582929,18.871630470162323,13.866579378871513,1.360943456532402,15.123953212989523,11.287359116005074,13.866579378871513
2652,26.51,24.013080062538574,19.661026549922052,13.786661999670109,1.4260904162583015,15.052679627508246,12.64803546122235,13.786661999670109
2653,26.52,23.309345163615138,18.886565954044524,13.661010153721232,1.3825160615153969,15.203380523541302,11.205337754520333,13.661010153721232
2654,26.53,23.0743823234634,18.737693998617925,13.465732182971635,1.3915094808073678,15.171502659818351,10.99666692361676,13.465732182971635
2655,26.54,23.095984971629786,18.949462103370333,13.203878513629265,1.4351436272160776,15.235033369573394,11.268357122271798,13.203878513629265
2656,26.55,22.825699378627075,18.623017183071926,13.198325012003004,1.4110136828829056,15.12893973387058,10.85964785478352,13.198325012003004
2657,26.56,22.742424772288906,18.390513825153356,13.379345491094229,1.3745451029271005,14.977522869202987,10.671682503507036,13.379345491094229
2658,26.57,22.635732709659223,18.31678240946545,13.299318684332425,1.3772722380917126,14.853042125087184,10.718752607747254,13.299318684332425
2659,26.58,23.03340585206541,18.79670143081,13.312467857874683,1.4119622020113456,15.232799352079937,11.012620422873376,13.312467857874683
2660,26.59,23.10565242456641,18.985030074604904,13.169654780259766,1.441573859860162,15.344995084209973,11.178662388641337,13.169654780259766
2661,26.6,23.17746651435161,18.924038089678653,13.381918263249178,1.4141498787696098,15.304873301811503,11.130142444511028,13.381918263249178
2662,26.61,23.26563584149132,19.046854991001318,13.360655899343177,1.4255928103004045,15.598864617426099,10.929689277168132,13.360655899343177
2663,26.62,23.487306184773544,19.146279635885787,13.604173180379867,1.407382821581456,15.854882006223168,10.733253955081635,13.604173180379867
2664,26.63,23.386525573132364,19.124570653904453,13.46032598738198,1.4208103631243603,15.86775442149153,10.675372233108284,13.46032598738198
2665,26.64,23.368450368732315,19.117282513990293,13.439270140754903,1.4224941022665125,15.907704126271392,10.602614778946144,13.439270140754903
2666,26.65,23.702813584758285,19.52957259790942,13.432020174820595,1.4539564669891711,16.05328355316072,11.121883519387982,13.432020174820595
2667,26.66,23.57684048130565,19.420623442841002,13.368125978322738,1.452755866778393,16.095074370807147,10.86780547796161,13.368125978322738
2668,26.67,23.296959459938382,18.81783350912541,13.734535379868124,1.3701106727431283,15.823700692445534,10.18436813813512,13.734535379868124
2669,26.68,23.47649914737019,18.921674240060742,13.896627510640668,1.361601886901868,15.898963349701491,10.259274850194187,13.896627510640668
2670,26.69,23.387170842699845,18.91443409441268,13.755142417065299,1.3750809348906858,15.939608077043665,10.182569001098159,13.755142417065299
2671,26.7,23.50289028934584,19.175328859151808,13.590166117321996,1.410970895691332,15.897084409963178,10.722683624873294,13.590166117321996
2672,26.71,23.677092719655047,19.269017685500135,13.758985322000484,1.4004679294692728,15.957763448380373,10.800223529615135,13.758985322000484
2673,26.72,23.82744975132737,19.673891767040423,13.441924876698645,1.463621612790352,15.92094831172618,11.55791599366271,13.441924876698645
2674,26.73,23.775925280350496,19.59816240798746,13.46130206060903,1.455889060341075,15.783838208664983,11.617160632983438,13.46130206060903
2675,26.74,24.315341933406987,20.080592974930802,13.71151483657659,1.4645057978104778,16.111203459867717,11.985797315973048,13.71151483657659
2676,26.75,24.152975086260934,19.75729727339828,13.892998595267695,1.4221046045544201,16.14222012336182,11.39208168151738,13.892998595267695
2677,26.76,23.95719281999585,19.355284439777623,14.118075367052084,1.3709577216840634,16.487963651785616,10.137755686644557,14.118075367052084
2678,26.77,23.731917852150733,19.116209199862116,14.063231163866213,1.3593042009420229,16.22125890226757,10.114356815858242,14.063231163866213
2679,26.78,24.268739964042513,19.58653256447545,14.329671368983202,1.3668514832008505,16.369431888710206,10.755182822255268,14.329671368983202
2680,26.79,24.680920525109507,19.991349495362023,14.473900072926451,1.3811999111943578,16.498342659203583,11.289762802876531,14.473900072926451
2681,26.8,24.522967883515026,20.01736671149167,14.166191575493208,1.4130379788256355,16.720471679515146,11.005489397426476,14.166191575493208
2682,26.81,24.360507194447376,19.981114161213487,13.93518523907294,1.4338606784492778,16.69768318331536,10.974165090478344,13.93518523907294
2683,26.82,24.00663827280664,19.55115851383013,13.93093255774617,1.4034350128957365,16.379521842216196,10.675161050460785,13.93093255774617
2684,26.83,23.841175295125105,19.40853399939511,13.845954190564388,1.401747668110982,15.903930377225935,11.124575972234906,13.845954190564388
2685,26.84,24.27843331064881,19.890217690329578,13.921981333521536,1.4286915930879494,16.311396322462254,11.382403515086988,13.921981333521536
2686,26.85,24.267992324475188,19.727634435198752,14.133502434002237,1.395806490805719,16.353581256103052,11.033582396886086,14.133502434002237
2687,26.86,24.139299716411312,19.52452660609168,14.19502207137254,1.3754488374813651,16.12221564204078,11.01277903090394,14.19502207137254
2688,26.87,23.90031898077528,19.132759208097482,14.323504196521464,1.3357596678572532,15.663493333072143,10.987149380974286,14.323504196521464
2689,26.88,24.011752687770773,19.266788397080223,14.330217444295874,1.3444868141026949,15.760964183124786,11.081567721045737,14.330217444295874
2690,26.89,23.928886322322132,19.23319275058798,14.236428528438775,1.3509843927616842,15.579511176230238,11.278055456991998,14.236428528438775
2691,26.9,23.65265822842875,18.757534895132753,14.408439399488602,1.3018436192193386,15.323321674627628,10.818545567589481,14.408439399488602
2692,26.91,23.84647416052303,19.086989136349057,14.29479540243181,1.3352404563343387,15.775911139528112,10.74401144865454,14.29479540243181
2693,26.92,24.369656074135023,19.80868848464737,14.194928590515163,1.39547644486801,15.551829134981828,12.268852841163742,14.194928590515163
2694,26.93,24.418314917369845,20.045562824862557,13.943798422178052,1.4375970031938683,15.437120475062109,12.78748999623968,13.943798422178052
2695,26.94,24.78909110076958,20.43516671080212,14.032212908304173,1.4563039232898698,15.329313876534506,13.513259213563614,14.032212908304173
2696,26.95,24.057286549727223,19.574501261697968,13.985418709908934,1.3996364118743947,15.01007966555644,12.564179562465048,13.985418709908934
2697,26.96,24.56914025538154,20.273421426187703,13.879158352176944,1.4607097139292902,15.121637627092019,13.50361773002781,13.879158352176944
2698,26.97,24.46782999182045,20.220679867353397,13.776748898438896,1.4677395963604076,15.127945004075668,13.417196959561002,13.776748898438896
2699,26.98,25.573117868152888,21.5416016000613,13.78200848942842,1.5630233878164366,15.442969022837506,15.018498834951668,13.78200848942842
2700,26.99,24.33995690797881,19.94458542640347,13.951595408811121,1.4295558924972467,15.718564220602708,12.276531540866662,13.951595408811121
2701,27.0,23.777859426843445,19.26462857510661,13.937743174054885,1.382191387409672,16.099961248887787,10.579090788963185,13.937743174054885
2702,27.01,23.58635508408074,18.823102473967108,14.212915232522661,1.324366054818592,15.77228655374864,10.273468918136,14.212915232522661
2703,27.02,23.517766990560037,18.62334829536144,14.36162464667328,1.2967438401668117,15.528516213748516,10.280772632914868,14.36162464667328
2704,27.03,23.716021443005157,19.021296204626335,14.164743689207668,1.3428620116238987,15.942724117773901,10.374934072498126,14.164743689207668
2705,27.04,23.73489508436691,18.93066801550022,14.316949855078128,1.322255662492639,15.805600956445712,10.41888525316818,14.316949855078128
2706,27.05,23.62950333643127,18.88145881201866,14.20717920828971,1.329008280616434,15.655820844632615,10.554845358920426,14.20717920828971
2707,27.06,23.60970585954453,18.72468186595854,14.380698863158726,1.3020703683552175,15.576691936711097,10.391360800691896,14.380698863158726
2708,27.07,23.970089159387236,19.2881539357111,14.231384052905243,1.3553252349881986,15.950078567080011,10.84563856818318,14.231384052905243
2709,27.08,23.73242796525823,19.079639170497536,14.113663813829033,1.3518558626713693,15.813794485482257,10.675042615714226,14.113663813829033
2710,27.09,23.401226812705726,18.755278607011856,13.99488980710677,1.3401519315634558,15.759564197008356,10.168412459524294,13.99488980710677
2711,27.1,23.672593377999146,18.944028555249794,14.195614088089654,1.3344987006334679,15.701609334992057,10.598852871580485,14.195614088089654
2712,27.11,23.656979407680517,18.826415975076447,14.32545762720362,1.3141929888037671,15.503696858797278,10.680324067046513,14.32545762720362
2713,27.12,23.68642039247586,18.923917745882584,14.245414987151712,1.3284216544727219,15.730735626862744,10.519440074960313,14.245414987151712
2714,27.13,23.623771563672438,19.027614911068962,14.001159012333387,1.3590028435722967,15.711213205988846,10.733494715138015,14.001159012333387
2715,27.14,23.53122478331219,19.025885043651503,13.846813283514871,1.374026258179021,15.570047685105118,10.934254285400296,13.846813283514871
2716,27.15,23.21848641790332,18.772804548320167,13.663086069001062,1.3739798207750504,15.240151872753058,10.961567474811792,13.663086069001062
2717,27.16,23.15876043211797,18.630885279077816,13.75566423223808,1.354415531269952,15.274392306281072,10.66784073540565,13.75566423223808
2718,27.17,22.908306463980352,18.54880010459659,13.443679545695874,1.379741315727447,15.034025002342895,10.864440968094547,13.443679545695874
2719,27.18,22.745218271208145,18.454561481359168,13.295642697351463,1.388015750832066,14.623664906566948,11.256965140290156,13.295642697351463
2720,27.19,22.98845873730397,18.73109041318704,13.327246041464825,1.4054734455197517,14.882508137535574,11.373860365028879,13.327246041464825
2721,27.2,22.648043346818252,18.45245694691883,13.131667832437184,1.4051876107723726,14.896974491574296,10.889137632304854,13.131667832437184
2722,27.21,22.042394534757175,17.816776220782337,12.978044610975033,1.3728398040576448,14.540280848347637,10.296492011972322,12.978044610975033
2723,27.22,22.27986283222842,18.145573591583375,12.92789413846453,1.4035985596134033,14.684143639390786,10.66010161983961,12.92789413846453
2724,27.23,22.380928465054474,18.34098927226876,12.826303889757483,1.4299512493942281,14.627422702306587,11.064826820765141,12.826303889757483
2725,27.24,22.32081854398709,18.127400747947075,13.02368160686239,1.3918799073217094,14.456245224272921,10.93707602114745,13.02368160686239
2726,27.25,22.172444989416984,17.97023939227627,12.987987257192874,1.383604636840414,14.181836057405093,11.036531604476224,12.987987257192874
2727,27.26,22.20441612781738,17.978651926269393,13.030892927628805,1.3796945478809115,14.156003959331096,11.083297207480838,13.030892927628805
2728,27.27,22.18249034797634,17.85774369056315,13.159174302372296,1.3570565508311423,14.004735559544338,11.079999622070497,13.159174302372296
2729,27.28,21.99302764938111,17.62962581368863,13.148747425354452,1.3407836688454289,14.068080434854767,10.62510325639864,13.148747425354452
2730,27.29,21.921103912527485,17.525074731984915,13.168392171490476,1.330843925648466,14.00641730758154,10.53321026883715,13.168392171490476
2731,27.3,22.14642995249912,17.830166551817218,13.135810609757149,1.3573708605826844,14.249809407235885,10.717171787509669,13.135810609757149
2732,27.31,22.07728812737922,17.998118686861275,12.785709788391665,1.4076745823843142,14.284855206645936,10.948752805297302,12.785709788391665
2733,27.32,22.319701132450028,18.36795618029433,12.680191023824465,1.4485551633869929,14.371182752681118,11.439008721486898,12.680191023824465
2734,27.33,21.88600599815099,18.04052809631309,12.390988845013101,1.4559393380112444,14.281054733306332,11.023254043075063,12.390988845013101
2735,27.34,21.965275855329864,18.14097302382659,12.384605005793802,1.4648002915991125,14.10314129777748,11.410359669446331,12.384605005793802
2736,27.35,21.49229281673353,17.495689869310354,12.482767582436473,1.4015874087031126,13.895972511574488,10.630198114835636,12.482767582436473
2737,27.36,21.857265460664546,17.87427594272154,12.57975806370716,1.4208759701260998,13.791308734994303,11.370556004550695,12.57975806370716
2738,27.37,21.751004277484864,17.766563344114417,12.548123924265916,1.4158740741918348,13.915599427405686,11.04567180557238,12.548123924265916
2739,27.38,21.981203147308236,18.101690702426286,12.470047534669915,1.4516136086970772,13.96349277544284,11.519204651210163,12.470047534669915
2740,27.39,22.305155699424816,18.528536580849185,12.418264892798707,1.4920390844290812,14.12875936554801,11.986860582250292,12.418264892798707
2741,27.4,22.49255045595715,18.596586756990032,12.652343142814347,1.4698136579983292,14.070504120800143,12.159521075963612,12.652343142814347
2742,27.41,22.668854006704773,18.77006885123838,12.71068280215763,1.476716014662263,14.260081056688042,12.20514534681649,12.71068280215763
2743,27.42,22.901194627461418,18.709831778770884,13.206320841739494,1.4167330934166888,14.416185664489424,11.926080499345732,13.206320841739494
2744,27.43,22.983790404285312,18.90283230131148,13.074308866498948,1.4457997355215688,14.573376593863523,12.038843950518483,13.074308866498948
2745,27.44,22.879430215648515,18.78221979508464,13.065088846305676,1.4375883712720068,14.52849854067561,11.903550335276275,13.065088846305676
2746,27.45,22.862901715718994,18.823082563145064,12.977050423098882,1.4504900535517968,14.674074559331297,11.788976758233163,12.977050423098882
2747,27.46,22.8588244963524,18.779298376023842,13.03318111050824,1.4408837118731275,14.540831786486843,11.883865467634072,13.03318111050824
2748,27.47,23.143400861268802,18.88751531768926,13.374556760858708,1.4121974772999202,14.802928209662872,11.730794998443777,13.374556760858708
2749,27.48,23.145963203526588,18.87787187888034,13.392593697398034,1.4095754941440513,14.76640358654468,11.761265739481518,13.392593697398034
2750,27.49,23.399434282206432,19.411077846441056,13.0668887485393,1.485516423992739,15.187363064740335,12.088587440241135,13.0668887485393
2751,27.5,23.445505483269997,19.473803551238323,13.056136588356502,1.4915441041421942,15.342764722892953,11.992856015569176,13.056136588356502
2752,27.51,23.7994593353693,19.927400573383462,13.012031780003198,1.5314595683671597,15.62875612912485,12.362980039959055,13.012031780003198
2753,27.52,23.545739988141644,19.65474956237282,12.965056545560369,1.5159786996149436,15.846701748457498,11.627176099768535,12.965056545560369
2754,27.53,23.75240673119438,19.804696819239208,13.113001541298784,1.5103099589262796,16.199533308605012,11.393030180131198,13.113001541298784
2755,27.54,23.61442036959972,19.80171828726766,12.865955163292604,1.5390787575385958,15.927821773316493,11.764885918944374,12.865955163292604
2756,27.55,23.33976228991285,19.414050492936703,12.955274879651993,1.4985440813323914,15.353661683853655,11.881516293809476,12.955274879651993
2757,27.56,23.613493748217522,19.696364197815388,13.024988460038038,1.5121982071804358,15.651304678155066,11.95756766589866,13.024988460038038
2758,27.57,23.759955582015305,19.911408672019313,12.964231329129175,1.5358726766376505,15.854074977119737,12.046265061172766,12.964231329129175
2759,27.58,23.686248411123916,19.715181367054864,13.128213414535999,1.5017413828164579,15.7113180158201,11.909780121464628,13.128213414535999
2760,27.59,23.714171378786034,19.80575326626795,13.04201141458445,1.5186118641270188,15.541044133104943,12.277777066601589,13.04201141458445
2761,27.6,23.677169321934283,19.828465193938452,12.93987307326919,1.532353917357931,15.599601123166432,12.240117513542643,12.93987307326919
2762,27.61,23.608348349928423,19.693977249248444,13.019269254364966,1.5126791576758927,15.533939606359528,12.105761446513394,13.019269254364966
2763,27.62,23.90295072512807,20.130202241397143,12.888987977663334,1.5618140288657931,15.708240242191053,12.588734280028318,12.888987977663334
2764,27.63,24.315417285297507,20.72673825315515,12.71384438882825,1.6302494838907964,15.644474923802663,13.595884780819333,12.71384438882825
2765,27.64,24.869470793818152,21.259892516922598,12.903780365980841,1.6475708601621561,15.606230991532941,14.437055934989594,12.903780365980841
2766,27.65,24.826114033400426,21.284993042262148,12.77830228122083,1.665713689802351,15.309769173931548,14.787220720949675,12.77830228122083
2767,27.66,25.01112941008646,21.488106660012075,12.799135382362222,1.6788717376662523,15.511361504914444,14.87065540236588,12.799135382362222
2768,27.67,25.203160469931046,21.698701288443957,12.82051715290671,1.6924981285582816,15.517273156716271,15.16732907881187,12.82051715290671
2769,27.68,25.444234493123123,21.990885107230284,12.798829678593025,1.7181949959074494,15.404135543634892,15.694318588353138,12.798829678593025
2770,27.69,25.736857835093836,22.393048904496037,12.68610310476309,1.7651637165149954,15.288247064041368,16.362094638156258,12.68610310476309
2771,27.7,25.9199954767863,22.469766767977884,12.921135666391685,1.7389931773893927,15.503090483583488,16.264827206741128,12.921135666391685
2772,27.71,26.62469708445853,23.274461399785586,12.929576226198021,1.8000946815740695,15.39178821779529,17.458333508919097,12.929576226198021
2773,27.72,26.860473061232494,23.610055492182305,12.808211925529207,1.8433529699116677,15.44919668173375,17.85376829224113,12.808211925529207
2774,27.73,26.836415291543133,23.48503255248707,12.986394099548685,1.8084336862457642,15.161278157879453,17.935506644942727,12.986394099548685
2775,27.74,26.774036117637696,23.22875275351287,13.314430349990042,1.7446298597018268,15.555233425516969,17.251367121521454,13.314430349990042
2776,27.75,27.2669831243847,23.641258659482688,13.585994910234406,1.740119793632014,15.457899575487772,17.887494282841857,13.585994910234406
2777,27.76,28.058465594903534,24.520499934962306,13.639009292463253,1.7978211913465025,15.29653182501178,19.164316611528005,13.639009292463253
2778,27.77,27.607572004796133,23.95804071424951,13.718247597064506,1.746435945606942,15.376393491627942,18.372649184487766,13.718247597064506
2779,27.78,27.952053108556235,24.33802233007777,13.74692482136219,1.7704339440525216,15.33681861398309,18.897653974532027,13.74692482136219
2780,27.79,27.29789519173355,23.44908084858445,13.975538961178549,1.6778659423240594,15.519500765601393,17.57852350540135,13.975538961178549
2781,27.8,27.210008889488627,23.42637088710547,13.841594229922627,1.6924619012788689,15.78319819332639,17.31142708532146,13.841594229922627
2782,27.81,26.351628128072985,22.521180329076632,13.682278376990402,1.646010971897099,15.906687209913986,15.943050693664212,13.682278376990402
2783,27.82,26.37087629448836,22.56888418399679,13.640695848399657,1.6545258713208975,15.776161312962,16.138998343703417,13.640695848399657
2784,27.83,26.312144896940527,22.485524550535228,13.664924250242693,1.6454920743622767,15.782578038620652,16.015899748923616,13.664924250242693
2785,27.84,26.788028250777494,22.997941367314674,13.736562540534274,1.6742137124518333,15.821524771473403,16.690855611384848,13.736562540534274
2786,27.85,25.93563685153824,21.875446224500276,13.932771130463063,1.570071453816613,15.888639985336233,15.036165300281121,13.932771130463063
2787,27.86,25.92417551022295,21.98973205573255,13.730060451503176,1.6015757638798378,16.16392600764663,14.908917194157208,13.730060451503176
2788,27.87,25.618129522544326,21.71379210878587,13.594108742035493,1.597294278045814,16.12312294255679,14.54419727323479,13.594108742035493
2789,27.88,25.705577605897716,21.864300414054423,13.517732334116163,1.617453273495668,16.296395069057855,14.576527033186169,13.517732334116163
2790,27.89,26.136036705981173,22.25142949670629,13.710080234976912,1.622997758972908,16.614860697953073,14.801098561745514,13.710080234976912
2791,27.9,25.493213101708907,21.49161111355623,13.711840357618266,1.5673761182331403,16.393914681564286,13.897082775529713,13.711840357618266
2792,27.91,26.92136058885407,23.1826713707522,13.686614046973473,1.693820786586628,16.465276609663093,16.319648220828018,13.686614046973473
2793,27.92,27.08369956470588,23.41897690491695,13.604348673796038,1.7214331583565863,16.256994653380612,16.857004600847315,13.604348673796038
2794,27.93,26.18978711620759,22.420099605135036,13.53676781540176,1.6562372872810944,16.014145188419043,15.69101718144529,13.53676781540176
2795,27.94,27.38955002499251,23.63489405136293,13.84121503887633,1.7075736476153816,16.31450669228247,17.101025940177426,13.84121503887633
2796,27.95,28.035213536919443,24.453213561589106,13.711803111625594,1.7833696533212597,16.40277547959511,18.135837726851186,13.711803111625594
2797,27.96,27.829797844437554,24.241639446611817,13.668963567247337,1.7734804345150224,16.378098150056896,17.872184646724893,13.668963567247337
2798,27.97,26.988477054042324,23.069064299097118,14.007004178649057,1.6469663323340336,16.450142977998777,16.173265707310776,14.007004178649057
2799,27.98,27.140931374157763,23.138000533005656,14.186722214499408,1.630961696660112,16.40962092698329,16.31230853368345,14.186722214499408
2800,27.99,27.604857943822275,23.613226800917413,14.29838110231516,1.6514615628124512,16.348987128248837,17.03804859225135,14.29838110231516
2801,28.0,28.127698855718084,24.334999726290896,14.10585804690329,1.7251697589309887,16.247506010835238,18.116587981914552,14.10585804690329
2802,28.01,27.531123591673158,23.76592504245076,13.897610337629775,1.7100727725903428,16.035314336501905,17.54103438378036,13.897610337629775
2803,28.02,28.058350670063906,24.444687875978182,13.774188795362175,1.7746735026754394,15.990983417776835,18.488678013486552,13.774188795362175
2804,28.03,28.1805868552765,24.476231226660033,13.966373203049347,1.7525116127726,15.851560861271853,18.649769792743342,13.966373203049347
2805,28.04,28.065194843177146,24.2114788948196,14.193641228071188,1.7057975825777416,15.943148879379294,18.22118860240027,14.193641228071188
2806,28.05,27.758177909537576,23.673803761182516,14.493704023974006,1.6333853459421916,15.97567867337875,17.470737690433413,14.493704023974006
2807,28.06,27.267856307353362,23.009539729967862,14.63205621276453,1.5725431474145848,15.928912014746437,16.60447772775272,14.63205621276453
2808,28.07,27.32738300028411,23.110894100905846,14.583293026642936,1.5847514041364605,16.183441322373465,16.49877732162537,14.583293026642936
2809,28.08,28.93381484873747,24.899438344568686,14.73715073635482,1.689569360456136,16.035418558605265,19.048553265939,14.73715073635482
2810,28.09,29.24112950015466,25.276883888322494,14.701115445471405,1.7193854426950232,16.066845684242825,19.513516568329376,14.701115445471405
2811,28.1,28.989993188282458,24.963918357670345,14.73846957076049,1.6937931199583995,16.32476625258226,18.886482641481493,14.73846957076049
2812,28.11,29.142783138222775,25.201194281414292,14.635628303284188,1.7219072361764767,16.20913693480611,19.29673736770786,14.635628303284188
2813,28.12,29.14705649275063,25.225862088111597,14.601602107411722,1.7276091967543095,16.32954668817165,19.227324906165396,14.601602107411722
2814,28.13,28.029421794215683,23.86689653031999,14.697609878107816,1.6238624326170126,16.547038046838708,17.199543071415377,14.697609878107816
2815,28.14,27.785922674434104,23.638077825553026,14.604751815170623,1.6185196520079905,16.436572833276,16.988166374959803,14.604751815170623
2816,28.15,27.670302818194575,23.273464833736647,14.966345334897577,1.5550533088040575,16.353943602179353,16.559066822255215,14.966345334897577
2817,28.16,26.983595607299648,22.484741031860764,14.918138376769326,1.5072082363087762,16.03493603122222,15.762119329089423,14.918138376769326
2818,28.17,26.580606003050516,21.991610615799,14.929758136436176,1.4730051495026115,15.567277909755465,15.53353777982861,14.929758136436176
2819,28.18,28.226865423846156,24.067207894859052,14.748743532977842,1.6318141163038968,16.366769858272892,17.64537730570519,14.748743532977842
2820,28.19,29.555979343228785,25.737210842134537,14.53106647857889,1.7711852657253542,16.620350953836123,19.651156609823406,14.53106647857889
2821,28.2,29.111666871558146,25.232706773783857,14.518941315013935,1.7379164380043945,16.57493921815028,19.025269539388432,14.518941315013935
2822,28.21,27.9155146545153,23.74625585953683,14.676215148323195,1.618009522179151,16.504790922046727,17.072684146498794,14.676215148323195
2823,28.22,28.76498997969787,24.791696914121367,14.587543064219687,1.6995114807873588,16.335081976664075,18.649218018386705,14.587543064219687
2824,28.23,28.273837385258798,24.13065102357017,14.735045356792417,1.6376366980402037,16.218732188716746,17.867317790088453,14.735045356792417
2825,28.24,27.948939217170672,23.49993653432156,15.129315458670282,1.5532716333741494,15.68155795485786,17.502450034940114,15.129315458670282
2826,28.25,27.968402338573895,23.676168183692734,14.888606029774635,1.5902206114087845,15.242308453061925,18.11720102234948,14.888606029774635
2827,28.26,27.486998541248962,23.16002615805806,14.803657560369633,1.5644799985146223,14.263103238244442,18.246936665016253,14.803657560369633
2828,28.27,26.666134825098332,22.20238883780584,14.76945078211092,1.5032643505402283,12.874695330400264,18.08834680822145,14.76945078211092
2829,28.28,27.557963254118743,23.182333356852308,14.900361030764726,1.5558236011186455,13.685530806396216,18.71167620539131,14.900361030764726
2830,28.29,28.577916396785383,24.388963042760174,14.89549553658868,1.6373381458073775,15.445107685937925,18.875120314077545,14.89549553658868
2831,28.3,29.743296137065926,25.54111657656762,15.241884041003058,1.6757191242144351,15.703760308644522,20.14300246106469,15.241884041003058
2832,28.31,29.710995180992548,25.565795013811233,15.137151646090722,1.6889435748246457,15.978307212890131,19.957544270243233,15.137151646090722
2833,28.32,29.187756755915597,25.153082506302223,14.807011341714075,1.6987278476272496,15.488588959103698,19.81870761741991,14.807011341714075
2834,28.33,28.258838276190623,24.047977783551698,14.841047983269247,1.6203692495746727,15.214289958435176,18.623388964924043,14.841047983269247
2835,28.34,27.064386920308014,22.462539295354134,15.096866157478209,1.4878941802254337,15.082494363571245,16.645841383606005,15.096866157478209
2836,28.35,26.771664445476247,22.016085766499074,15.23200527518731,1.4453832813702423,14.612696484298837,16.46745681444477,15.23200527518731
2837,28.36,26.868814861412833,21.9691803712785,15.468947148112903,1.4202117416865425,15.265342589538106,15.79918358048297,15.468947148112903
2838,28.37,26.24810941252692,21.26343358589555,15.389270283876144,1.381705122703184,15.807699134744261,14.221471651246102,15.389270283876144
2839,28.38,25.105327240543012,19.949994139255516,15.240577078917372,1.3090051666647704,14.797030018322587,13.380962924737128,15.240577078917372
2840,28.39,24.80541152532451,19.380388015016283,15.482538594433244,1.251757771944745,14.243049880899003,13.142867636205187,15.482538594433244
2841,28.4,23.962075341682855,18.299107321445057,15.4700913351771,1.1828700248094282,12.719413414608002,13.155753537903257,15.4700913351771
2842,28.41,24.412618036540966,18.558174209619732,15.860961175270884,1.1700535676585682,13.806172219474515,12.401428895123543,15.860961175270884
2843,28.42,25.414933754909903,19.898623307987098,15.810238714620706,1.2585909464849263,15.518058359248942,12.455724559900615,15.810238714620706
2844,28.43,25.02539116215512,19.159343207140903,16.099371748296743,1.1900677558531372,15.128140557633222,11.756691515792571,16.099371748296743
2845,28.44,24.63062197833375,18.588963147677017,16.159145649875278,1.1503679433584717,14.290398847587966,11.888399878980803,16.159145649875278
2846,28.45,24.036565267752216,17.55820961663353,16.41541181113864,1.0696173704712937,12.622354291619054,12.20519959191525,16.41541181113864
2847,28.46,24.800499142841637,18.34213256016936,16.692241637337503,1.0988417828280985,13.780288235562816,12.105266746323025,16.692241637337503
2848,28.47,24.553739657131143,18.28260294738266,16.390014051810006,1.115472072787128,13.87114513330518,11.909865793636346,16.390014051810006
2849,28.48,23.891875612585483,17.494675582175617,16.271387358233635,1.07518032709872,12.80282399616097,11.922725000975936,16.271387358233635
2850,28.49,25.041876213942682,18.644586585952055,16.71750445949888,1.1152733131384456,14.0509958178314,12.25520809649301,16.71750445949888
2851,28.5,25.537369281187075,19.538935032617818,16.443456072093163,1.1882498999573523,14.517552390808504,13.07710422031537,16.443456072093163
2852,28.51,25.80486897126479,19.857293821662577,16.479658512976087,1.2049578458210732,14.403349841205129,13.669514668476527,16.479658512976087
2853,28.52,25.728042758835436,19.768213091168747,16.46663096636981,1.200501373446811,14.73127553012986,13.18225208654624,16.46663096636981
2854,28.53,25.009812231430868,19.29912884922533,15.907052948690016,1.2132435160351094,13.958125010503753,13.327682489095805,15.907052948690016
2855,28.54,24.173410562170478,17.890980384985443,16.256278758415817,1.100558168991987,12.931314752766458,12.363991180068776,16.256278758415817
2856,28.55,23.814172916292556,17.361251013167486,16.300361804109524,1.0650837829127509,12.79623306394097,11.733262807740777,16.300361804109524
2857,28.56,23.940318659956244,17.08320348409175,16.772090396291233,1.0185494521225162,11.828403651662299,12.32577414738022,16.772090396291233
2858,28.57,25.070032600930727,18.751319727069987,16.640148530134137,1.1268721365745424,13.01222131321758,13.501632790246157,16.640148530134137
2859,28.58,25.11734034364758,18.816952621107887,16.63740003707332,1.131003196363485,13.39391510953371,13.216684303698246,16.63740003707332
2860,28.59,25.209730542498054,18.976720343251824,16.5956198751168,1.1434776456711453,12.518741907472771,14.261732574973932,16.5956198751168
2861,28.6,26.158724110440293,20.476394077095986,16.278701812048737,1.2578640676334714,13.5857576751133,15.320244867286931,16.278701812048737
2862,28.61,26.56883513994276,21.277339115601915,15.911563117844015,1.337224945030099,13.478172869963819,16.46402186367883,15.911563117844015
2863,28.62,27.47443656964397,22.431332190789696,15.864425642481724,1.413939129994289,14.32115132286117,17.264683276598788,15.864425642481724
2864,28.63,27.902603670829645,22.702274127490583,16.22226991057872,1.3994511404773373,15.346344356725883,16.729703088952775,16.22226991057872
2865,28.64,27.701100597997684,22.522768882157564,16.1268675266247,1.396599112938302,15.22940454660074,16.593382876166686,16.1268675266247
2866,28.65,27.320938192374186,21.7748363527344,16.501217092177388,1.3195897145706323,14.763658594640889,16.00555788122519,16.501217092177388
2867,28.66,28.33805278063045,23.152372722896448,16.34052853177882,1.416868045477847,15.545337241754124,17.15735564532168,16.34052853177882
2868,28.67,28.145662261731704,23.08125932738145,16.10694794222776,1.4330001816712317,15.886419794136902,16.74413922130034,16.10694794222776
2869,28.68,28.334278369840508,23.617780099870362,15.653491428233488,1.5087867271113746,16.567843396335686,16.83169932123101,15.653491428233488
2870,28.69,28.18373113148864,23.486622065594755,15.57887301572098,1.5075944223881852,16.639053965597654,16.57598561721177,15.57887301572098
2871,28.7,28.262422723005596,23.53137058640382,15.653725962185238,1.5032440610784064,16.493961219497415,16.783165522760786,15.653725962185238
2872,28.71,27.884694730412896,23.04699284784538,15.696888891741592,1.4682522764094232,16.014121831405852,16.57443155277208,15.696888891741592
2873,28.72,26.793555905259936,21.783488284876267,15.600457563512306,1.3963364982207551,15.657479993300875,15.144757578671385,15.600457563512306
2874,28.73,26.396208931885134,21.16276990030211,15.776470331560212,1.3414134756091047,15.850870714964095,14.021866046665348,15.776470331560212
2875,28.74,27.241246422797637,22.46820750137561,15.403413853516827,1.4586511610376414,15.512376841287791,16.25381533852127,15.403413853516827
2876,28.75,28.791916302305523,24.228916039381975,15.554230032873543,1.5577059094647991,15.882100238825073,18.297520718592825,15.554230032873543
2877,28.76,29.298908402621727,24.98930694224399,15.295769746290453,1.6337397435198986,16.051370537798682,19.152518510941896,15.295769746290453
2878,28.77,29.583132044293897,25.25837745924993,15.400521733895363,1.6400988158510361,16.169150943930433,19.40474657464865,15.400521733895363
2879,28.78,29.628242043716593,25.2041771342916,15.575049970523624,1.6182405309768808,16.1230271119414,19.37262351268795,15.575049970523624
2880,28.79,29.38489452160383,24.88863049099076,15.621398731506323,1.5932395631636775,16.15696705074515,18.931358731961385,15.621398731506323
2881,28.8,28.59008126499828,23.76332580182288,15.896449087001319,1.494882641511077,16.32127398622785,17.27170138203133,15.896449087001319
2882,28.81,29.0161970424222,24.038699736922272,16.25055709084351,1.4792538866539562,14.964281569392499,18.81301044899106,16.25055709084351
2883,28.82,28.607302384010946,23.65605738312743,16.086289154942506,1.470572681820724,15.164446235875426,18.15622816757548,16.086289154942506
2884,28.83,28.4258027353555,23.356390567664977,16.202014714227193,1.4415732228137923,15.918774816130393,17.09133080548856,16.202014714227193
2885,28.84,29.054272588585583,24.05698272984687,16.29148052166178,1.4766603132146143,16.108063914567204,17.868091531788398,16.29148052166178
2886,28.85,29.36608798792696,24.46360480810417,16.24497348436035,1.5059184203443732,16.118453150864656,18.40281033512215,16.24497348436035
2887,28.86,28.997255342335976,23.98211019329482,16.300282453543453,1.4712696090785498,15.904379435992244,17.949716545932482,16.300282453543453
2888,28.87,27.869755676123788,22.43896507570969,16.52925067200311,1.357530690348615,15.327300036126122,16.388441880529314,16.52925067200311
2889,28.88,27.94274813997661,22.75028830585236,16.22410415445992,1.4022523579274748,15.450506738185842,16.69902570609066,16.22410415445992
2890,28.89,28.713624756079998,23.6003271946807,16.35532949643586,1.4429747318648434,14.831248397941991,18.357818896985787,16.35532949643586
2891,28.9,28.87528204677836,23.845903424802234,16.283574642442783,1.4644145372508321,15.821627890020293,17.841053810095605,16.283574642442783
2892,28.91,28.812948617381203,23.533078103009274,16.624687757233662,1.4155500810996984,16.03153899788918,17.22775442016437,16.624687757233662
2893,28.92,28.32733470583373,23.31778482000164,16.084738189489855,1.4496838273213566,16.242509729314985,16.73021119427388,16.084738189489855
2894,28.93,28.20120910067924,23.0219204858169,16.288013134970065,1.4134271807768413,16.13259174221076,16.424016151186322,16.288013134970065
2895,28.94,26.431308908292845,21.04390686350994,15.9927506866555,1.315840362663139,15.59295994909525,14.131723748573357,15.9927506866555
2896,28.95,26.40946024478638,20.979178487576824,16.04162274856712,1.3077965251022212,15.67036000798437,13.948682634348316,16.04162274856712
2897,28.96,25.108782988405192,19.357936031910622,15.991288120201023,1.2105301265541377,13.158988325778536,14.197560130443813,15.991288120201023
2898,28.97,24.569620453547138,18.77274845251228,15.850872681655728,1.1843353252239575,12.421686350855369,14.075432237138426,15.850872681655728
2899,28.98,24.84404953342942,19.246308570930445,15.710073316570607,1.2250934914880316,12.984394434821967,14.206544082514759,15.710073316570607
2900,28.99,25.17903671746676,19.507568019123603,15.919757535804537,1.225368412505646,12.27764046002174,15.15931247633517,15.919757535804537
2901,29.0,24.294450933879716,18.131534118621484,16.16996650225207,1.1213093184884593,11.460037254293079,14.05062545315865,16.16996650225207
2902,29.01,25.604425917710348,19.765643221365863,16.275932373329372,1.2144092742579173,11.558040875493663,16.03409938458484,16.275932373329372
2903,29.02,27.23192565600775,21.65231017283408,16.515303179588283,1.311045273428269,12.288064839911184,17.82767506745489,16.515303179588283
2904,29.03,28.537654127473374,23.329059939085663,16.436321530617686,1.4193601588791105,13.177463962882234,19.250960525345004,16.436321530617686
2905,29.04,28.61532708023855,23.620662513523737,16.152437782924537,1.4623589845053726,14.300249852089483,18.799961482556295,16.152437782924537
2906,29.05,29.230857314553923,24.434512213434207,16.043616557227523,1.5230052479923333,13.515402421388014,20.356308223654025,16.043616557227523
2907,29.06,29.32395045072097,24.54757675202561,16.040902270126544,1.5303114711783576,13.16152511895893,20.72095029045727,16.040902270126544
2908,29.07,30.412885008387995,25.64387118186396,16.35039587720733,1.5683945131635535,14.337766313890977,21.26115204593312,16.35039587720733
2909,29.08,30.665514861866242,25.91862270071805,16.388984075932292,1.5814660982421915,13.756436979290543,21.966689425969147,16.388984075932292
2910,29.09,30.829104494658512,26.136277653107403,16.350188817938843,1.598530631305714,13.559918438637283,22.343536459070798,16.350188817938843
2911,29.1,30.880914685661832,26.29718857463812,16.18915578073937,1.6243705929326173,13.175833391255734,22.758285115006974,16.18915578073937
2912,29.11,31.08284887367218,26.625271296289124,16.03865401156052,1.6600689357783929,13.423919958709243,22.993552238468183,16.03865401156052
2913,29.12,31.275436640346538,26.740560051660328,16.22021532433766,1.6485946405124101,13.888801780844558,22.85079291772741,16.22021532433766
2914,29.13,30.74510192378665,26.334259092882043,15.86720171715822,1.659666245019443,14.186894217785996,22.186149607906074,15.86720171715822
2915,29.14,29.233658373978983,24.479925065524164,15.979363276202006,1.5319712458119032,14.157530887092996,19.970754877938038,15.979363276202006
2916,29.15,29.49946051499201,24.498990880311524,16.432212770104496,1.4909124670587948,15.12872766494272,19.269721155055255,16.432212770104496
2917,29.16,29.49064315201749,24.520800878295177,16.383783378897395,1.4966507009533834,14.749439764888738,19.588866795578564,16.383783378897395
2918,29.17,29.765795790482873,24.71903713996357,16.58227372569364,1.4906904534848142,14.40470487664166,20.08818743798839,16.58227372569364
2919,29.18,29.542816881643766,24.61449262152755,16.337220763860113,1.5066511603967396,14.770849224431673,19.68997867455271,16.337220763860113
2920,29.19,29.393618809387142,24.467957665602086,16.28815134955044,1.502193658476621,15.438315012308053,18.982607352691033,16.28815134955044
2921,29.2,29.31285461087631,24.406426430252214,16.234832747615815,1.5033371029853355,15.460071879509027,18.885439591805326,16.234832747615815
2922,29.21,29.587995515095706,24.627820701386415,16.398778189294667,1.5018082699273152,15.389916400522546,19.22706492641465,16.398778189294667
2923,29.22,29.794145478826476,24.95619380144961,16.275118916860915,1.533395481098154,15.601008193602734,19.47871023447529,16.275118916860915
2924,29.23,30.401907539189807,25.70028517618503,16.241038263738258,1.5824287067635727,15.757249211314642,20.3030479344792,16.241038263738258
2925,29.24,30.102850136065474,25.447781951258964,16.080795380689207,1.5824952279299693,15.767313502218217,19.974519547703483,16.080795380689207
2926,29.25,30.424073064236723,25.91825172141141,15.933249810492814,1.626677045152646,15.04612467673349,21.10378886614053,15.933249810492814
2927,29.26,30.829470728728268,26.44374853518601,15.848798970942903,1.6685017321292186,15.423925331460731,21.479626718397043,15.848798970942903
2928,29.27,30.91379774013887,26.620615152877985,15.716416245460607,1.693809500659341,15.306724446219574,21.779837874629393,15.716416245460607
2929,29.28,30.80953069272748,26.637079334835363,15.482027839265864,1.7205161760062082,15.478458941975893,21.678360276364995,15.482027839265864
2930,29.29,29.395706132193997,25.115587865899712,15.274645172984517,1.6442665332953441,15.41346626048298,19.829720413729532,15.274645172984517
2931,29.3,29.76626605155938,25.68541424684201,15.04294152153567,1.7074728509760169,15.516223328554107,20.469179725878316,15.04294152153567
2932,29.31,30.3101157208336,26.204127934050682,15.233082230009428,1.7202118086402836,16.05967359545303,20.706115154504573,15.233082230009428
2933,29.32,30.426181909258325,26.32878754276753,15.249507929867377,1.7265335815328506,15.637543303574315,21.18188596185497,15.249507929867377
2934,29.33,30.836376314590893,26.651222047376407,15.511107877791972,1.7182023526207495,15.658667155313298,21.56603300418681,15.511107877791972
2935,29.34,31.01692126663568,26.76829278864743,15.668691905897024,1.7083935882722279,15.703207067665401,21.67834833673399,15.668691905897024
2936,29.35,31.21067985382566,27.158993036353664,15.378414553824845,1.766046359414782,15.151850813318035,22.539572304719105,15.378414553824845
2937,29.36,31.536576387866237,27.50100934248292,15.435353426870076,1.7816896433747207,15.146822910440523,22.953850887706988,15.435353426870076
2938,29.37,31.431975211330304,27.16331123732235,15.815296023471703,1.7175341642046345,14.951095719186952,22.678408545825086,15.815296023471703
2939,29.38,31.210660678937,27.065917272769553,15.541604235063335,1.7415137371537408,14.79747286584969,22.66271551692002,15.541604235063335
2940,29.39,30.926517534462835,26.939378896325458,15.189448689457153,1.7735587016416083,14.866752640709207,22.46574728870044,15.189448689457153
2941,29.4,30.86058819267642,27.022598147948532,14.904868095103959,1.8130048501955598,15.301830527927534,22.27273654403734,14.904868095103959
2942,29.41,30.588081478455525,26.54000404788037,15.207199402622695,1.745226280343452,14.781623149956413,22.042582242427475,15.207199402622695
2943,29.42,29.90142896135313,25.967121399163407,14.825790372589163,1.75148310792071,14.057769723062652,21.832785075941025,14.825790372589163
2944,29.43,29.812546685575807,26.006600075648414,14.57548257811456,1.7842702590649009,14.014332933195664,21.907572205341772,14.57548257811456
2945,29.44,29.41033523941757,25.62546896629231,14.432711427604888,1.7755131525237502,13.901019365914896,21.52733890500331,14.432711427604888
2946,29.45,29.434270022024144,25.755373871033715,14.249104129477862,1.8075082922407897,13.603978922279511,21.869408787594168,14.249104129477862
2947,29.46,29.872190056645312,26.292257520307484,14.179736713570309,1.8542133786691002,14.432445791662309,21.976972357103566,14.179736713570309
2948,29.47,30.05239990180429,26.597314319086944,13.990339912584629,1.9011199502852718,14.284420883072029,22.43596329609146,13.990339912584629
2949,29.48,30.654291156301944,27.14859638947682,14.235142443144634,1.9071531245934987,14.916420958670285,22.683621221102587,14.235142443144634
2950,29.49,30.021566753342398,26.53034931696785,14.05115779731541,1.8881254982444715,14.120297264147432,22.460557429690986,14.05115779731541
2951,29.5,30.316397665762498,27.015125882230436,13.757432209387513,1.9636750136988799,14.556572395008448,22.757926674933174,13.757432209387513
2952,29.51,30.09063847570362,26.780565601823298,13.720343651743331,1.9518873784491915,15.020419026093204,22.171732143297657,13.720343651743331
2953,29.52,30.2465206336378,27.141564462174596,13.348688661688783,2.0332757134468094,15.602793105887406,22.20849766979413,13.348688661688783
2954,29.53,30.355588848825338,27.345203882115232,13.179590244179794,2.074814419529551,15.76980695917495,22.339949951260124,13.179590244179794
2955,29.54,29.979071112806317,26.907586570977106,13.218414795733676,2.035613724246397,15.622352132414852,21.907996917232314,13.218414795733676
2956,29.55,30.131407815153693,27.125040828562167,13.119980829709322,2.067460401095962,15.622098451525645,22.174712623211253,13.119980829709322
2957,29.56,30.14443909510199,27.133910937149686,13.131568284601116,2.0663115287584177,15.633940796235484,22.17721844427238,13.131568284601116
2958,29.57,30.072431412675606,26.982037232373724,13.278584181337877,2.031996549021777,15.38841968534734,22.163638527931653,13.278584181337877
2959,29.58,30.009247702604952,26.99645694138053,13.105199742410948,2.059980578091824,15.69921451884141,21.962316610030282,13.105199742410948
2960,29.59,30.294825691868002,27.20530003055007,13.328470052801176,2.0411420007529277,16.071504411673555,21.950742486253287,13.328470052801176
2961,29.6,30.49425150494045,27.350132650988247,13.485904449457948,2.028053272473509,16.040757670386252,22.152287678400125,13.485904449457948
2962,29.61,30.286646257750604,27.177295181515408,13.366958074255258,2.033169778085774,15.911134961557812,22.032729236713127,13.366958074255258
2963,29.62,30.270172311436646,27.19583715888613,13.291718210653363,2.0460738580124698,15.948763332321525,22.028402278473305,13.291718210653363
2964,29.63,30.3382713858488,27.380715660889614,13.065493506903074,2.095651086307852,16.131398573534216,22.12423038580696,13.065493506903074
2965,29.64,30.505696848931976,27.382372452774888,13.446308753574462,2.0364230031156896,15.86987872961835,22.314597694103565,13.446308753574462
2966,29.65,30.294787453084876,27.15472985475134,13.43111288550077,2.021778097335893,15.774402443741701,22.103112473753544,13.43111288550077
2967,29.66,30.357169183151395,27.368593657362187,13.134603230881044,2.0837015916107235,15.830007635566984,22.326011220988324,13.134603230881044
2968,29.67,30.454199312716607,27.40983701888966,13.272493751235102,2.0651610415216037,15.940254099993675,22.2981493543686,13.272493751235102
2969,29.68,30.483282267662485,27.436296377894212,13.284582751232142,2.065273474648611,15.966822026094379,22.31167751027875,13.284582751232142
2970,29.69,30.34059530142673,27.44298947589816,12.93963105620484,2.120847909549835,16.08786713033434,22.232818142803332,12.93963105620484
2971,29.7,30.566619309758238,27.64342701816125,13.04450684078467,2.119162292263278,15.999499222249838,22.542739007175555,13.04450684078467
2972,29.71,30.785357974549303,27.947350098744046,12.910611452575642,2.1646805963762934,16.074524139373366,22.861847065241072,12.910611452575642
2973,29.72,30.897642016148993,28.011045169003975,13.040154550392218,2.1480608270982082,15.968369603467528,23.0136877459271,13.040154550392218
2974,29.73,31.030230641535688,28.164774191158042,13.023851520497999,2.1625533849821634,15.867599481344522,23.269589423506318,13.023851520497999
2975,29.74,30.98766920869302,28.202406953283713,12.839777452462185,2.1964872099769575,15.882000473228901,23.30531739597173,12.839777452462185
2976,29.75,31.104857018962683,28.267626363790455,12.978961049608351,2.1779575619146687,16.09608127819772,23.23735931056957,12.978961049608351
2977,29.76,30.800561659753587,28.046330937603624,12.7309826602152,2.202998125608125,16.163602916845363,22.920179314484653,12.7309826602152
2978,29.77,30.836536699132516,28.071919254501122,12.761635669682626,2.1997116969253874,16.273046036217217,22.87401633588614,12.761635669682626
2979,29.78,31.195185506482236,28.321572620671827,13.077772099094394,2.1656267142499774,16.346462529437165,23.12800550159254,13.077772099094394
2980,29.79,31.098489099689257,28.255408278012016,12.990301279275286,2.1751157013648843,16.487568550544346,22.94620186977032,12.990301279275286
2981,29.8,31.097751490017412,28.30131394358658,12.888203009009118,2.195908453940661,16.501268794801423,22.992879312847293,12.888203009009118
2982,29.81,31.06763916384349,28.23432068839548,12.962304520401647,2.178186806517073,16.54394672197813,22.879569305288644,12.962304520401647
2983,29.82,31.14147492678061,28.276948576972444,13.046288353035948,2.167432438390972,16.37028324278175,23.056444812152698,13.046288353035948
2984,29.83,30.9356706710267,28.11009939458907,12.916579728881198,2.1762804074003808,15.97256511562404,23.13125270280075,12.916579728881198
2985,29.84,31.110750769633515,28.27878305365366,12.968779528338144,2.180527704388956,16.137182942739926,23.22242230406107,12.968779528338144
2986,29.85,31.329453368566618,28.459757718243353,13.098734251525135,2.1727105208604165,16.092664288990317,23.473047639004356,13.098734251525135
2987,29.86,31.427137446434884,28.449160154076182,13.353286284837667,2.130498781141202,16.185471462918787,23.396265236043924,13.353286284837667
2988,29.87,31.499515610223547,28.516474510704217,13.38021543769283,2.131241805746392,16.06438568698126,23.56108722066015,13.38021543769283
2989,29.88,31.34459262447006,28.301953757152518,13.47155894178486,2.1008670102290896,16.003183029238564,23.34306576704719,13.47155894178486
2990,29.89,31.01417425756822,28.054174349541444,13.222794955845682,2.1216523770671447,16.233552905714816,22.88030722022384,13.222794955845682
2991,29.9,31.31942105417785,28.319211547623105,13.376411794268643,2.117100757899586,16.23275056224739,23.205075993473645,13.376411794268643
2992,29.91,31.548182455994475,28.552646305499575,13.417682558093238,2.1279864225344394,16.574972976020646,23.249169488202018,13.417682558093238
2993,29.92,31.69732599320624,28.674926198415843,13.508111734620515,2.1227930862404443,16.560926311378086,23.409124549920705,13.508111734620515
2994,29.93,31.019507174292507,28.107716526958306,13.121207908425932,2.1421592221634276,16.349771688707804,22.863260792961576,13.121207908425932
2995,29.94,30.994228364904515,27.987153612754476,13.317710936641319,2.1014988045545264,16.46624565897312,22.630588177116937,13.317710936641319
2996,29.95,30.635277688258313,27.87396537525134,12.710715687796139,2.19295011074898,16.238193110519727,22.65566221160132,12.710715687796139
2997,29.96,30.65210196232556,27.89120939070348,12.713449312941648,2.1938349462967253,16.65124869014434,22.375331915639425,12.713449312941648
2998,29.97,30.217140746565864,27.522512740902904,12.473447291130388,2.206488078117234,16.217184632891318,22.23716776381103,12.473447291130388
2999,29.98,30.623771875948766,27.858973962900208,12.715855206968943,2.1908848055797345,16.448828761432623,22.484627251582772,12.715855206968943
3000,29.99,30.79095175258313,28.00939831096924,12.788913796228965,2.190131136799773,16.709166022644,22.47954991920981,12.788913796228965
3001,30.0,30.79141281589356,27.959429954306184,12.898890643346812,2.1675840758234144,16.699417062518748,22.424522138538684,12.898890643346812
3002,30.01,30.80852486725114,27.885737129936075,13.097742905406887,2.1290490530566566,16.5496129107838,22.44381090151834,13.097742905406887
3003,30.02,30.82779552439821,27.84609289634606,13.226794294241204,2.105279047733428,16.575472417384635,22.37540175577761,13.226794294241204
3004,30.03,30.98525135354758,28.020600237726423,13.226177216416241,2.118571358846413,16.686074486696747,22.510640948379994,13.226177216416241
3005,30.04,30.382360770153152,27.538863681664306,12.833504318402358,2.14585689133836,16.38297982147112,22.135649641394295,12.833504318402358
3006,30.05,30.511409391026753,27.637785651613772,12.926674255286521,2.1380430190937134,16.392727218363994,22.251419956237765,12.926674255286521
3007,30.06,30.588854527995004,27.758920870644687,12.8499156974716,2.160241477390131,16.52071675483727,22.30747869682166,12.8499156974716
3008,30.07,30.588281647668648,27.709966948176795,12.953791178186115,2.1391395435522953,16.443086448095972,22.303972209664654,12.953791178186115
3009,30.08,30.67807589257039,27.86153191043816,12.840536596028398,2.1698105606471136,16.39922479021497,22.523995797290556,12.840536596028398
3010,30.09,30.742299138285972,27.918855678001226,12.869594163717716,2.1693656631932314,16.453001828456017,22.55573614852515,12.869594163717716
3011,30.1,30.331681053213035,27.651295025657134,12.466625803236083,2.2180255878442603,16.15142848017543,22.44382932223708,12.466625803236083
3012,30.11,30.316621370771927,27.710945216714002,12.296383473811325,2.253584989093127,16.46165169936779,22.291489589805934,12.296383473811325
3013,30.12,30.480261027504532,27.86906662549517,12.343477537895206,2.2577970057413306,16.39357947481303,22.53742280251399,12.343477537895206
3014,30.13,30.204761282749924,27.632244999070377,12.19781293754168,2.2653442170789115,16.432572507358593,22.215119276723506,12.19781293754168
3015,30.14,30.140097700926766,27.558900597537345,12.20378987349694,2.2582247714201644,16.47387555930418,22.093085483958657,12.20378987349694
3016,30.15,30.23691998731057,27.65764275630208,12.219907016168033,2.263326776521993,16.24084404071187,22.387054019689653,12.219907016168033
3017,30.16,30.083129673705503,27.451432708955,12.305020649746837,2.2309131768519044,16.222229403307043,22.14543815237723,12.305020649746837
3018,30.17,29.79068934227734,27.161413385736417,12.236943833213227,2.219623931917996,16.157581975851915,21.832886245397944,12.236943833213227
3019,30.18,29.9679523096385,27.328732041339833,12.297096024891932,2.2223728257485083,16.178587500662417,22.025278692238253,12.297096024891932
3020,30.19,29.709746217538544,27.13024414115958,12.108628045803632,2.2405712718677355,16.142450910542486,21.805307284228988,12.108628045803632
3021,30.2,29.22685665081945,26.64244446800085,12.016209987223096,2.2172086287048836,16.128343673619984,21.206045778883702,12.016209987223096
3022,30.21,29.322892498412553,26.740844666457587,12.031593867723672,2.222552137351761,16.187081606714468,21.284998532609283,12.031593867723672
3023,30.22,28.93135377445917,26.343678352665037,11.959675667602381,2.202708424947304,16.09088163926656,20.858401597912216,11.959675667602381
3024,30.23,28.845833814362965,26.344171550266058,11.750181010350381,2.242022614550386,16.160902294447595,20.804821837717473,11.750181010350381
3025,30.24,28.87430021613852,26.311339192534394,11.892797941069226,2.2123758700779597,16.05737924554769,20.843395641527575,11.892797941069226
3026,30.25,28.71973838113132,26.11520681828841,11.950704812631331,2.1852440695117723,15.694159507784482,20.873365433158966,11.950704812631331
3027,30.26,28.762918773141084,26.228666187841583,11.805192347314273,2.2217906677148473,15.839555603022934,20.905774520260405,11.805192347314273
3028,30.27,28.816469229865977,26.314200646152223,11.74528600034305,2.240405269431809,15.751698762708779,21.078926484402302,11.74528600034305
3029,30.28,28.80339977551037,26.37065330192624,11.58552903658171,2.2761716982159372,15.767349901764973,21.137692226108918,11.58552903658171
3030,30.29,28.87817530916062,26.439632002556174,11.614425029075763,2.276447773898985,16.028678921880235,21.02702053192189,11.614425029075763
3031,30.3,29.372271843387548,26.918541338713435,11.752552294622326,2.290442166424623,16.618708435427845,21.176080792778052,11.752552294622326
3032,30.31,29.153140060105798,26.654469103950742,11.808676985618703,2.257193514261768,16.452755712335666,20.97063548592819,11.808676985618703
3033,30.32,29.412376918307405,26.90958769951017,11.872742135958024,2.266501486460424,16.469507230589404,21.281006596004627,11.872742135958024
3034,30.33,29.43321052171633,26.932548210687504,11.872309315995189,2.268518069555527,16.577245995719217,21.226329600720373,11.872309315995189
3035,30.34,29.390309287243916,26.84614605363576,11.96138462163611,2.2444012046126876,16.353430891256686,21.290393514870374,11.96138462163611
3036,30.35,29.38708492543199,26.805903570923736,12.043433653277217,2.225769190303083,16.24297606504025,21.324216159197775,12.043433653277217
3037,30.36,29.100643209654887,26.56448081059247,11.881742064162877,2.235739563032171,16.088932192333647,21.138067594906246,11.881742064162877
3038,30.37,29.447462456675442,26.875301648986245,12.036245528124914,2.2328641922588846,15.813867005611012,21.730242728806555,12.036245528124914
3039,30.38,29.25106338801677,26.68263840423306,11.985888249050298,2.2261711314009007,15.527150146106438,21.699557611880476,11.985888249050298
3040,30.39,29.173974398218505,26.621149571314596,11.934620969666579,2.2305819044421917,15.252842868371046,21.81825815529475,11.934620969666579
3041,30.4,28.74299023931494,26.211024814128468,11.795832573010502,2.2220580575296314,14.864356896733891,21.588624686472688,11.795832573010502
3042,30.41,29.012413210517177,26.48409788036556,11.845365328304906,2.2358194235749655,15.232437314121674,21.665186221404543,11.845365328304906
3043,30.42,29.026408410209413,26.459541620607155,11.934196345947782,2.2171196831021978,15.381923604085019,21.529137674573374,11.934196345947782
3044,30.43,29.18347715864669,26.563322707645067,12.085744734966108,2.1979053248405016,15.372445145995066,21.663287919978,12.085744734966108
3045,30.44,29.367300441851913,26.792964541543626,12.023950528739777,2.2282996322633557,15.274403820453701,22.01262221667658,12.023950528739777
3046,30.45,29.541540430377797,26.96411946947727,12.068093148273368,2.234331400842323,15.702683259727158,21.9200701916971,12.068093148273368
3047,30.46,28.893861398034446,26.383130431215665,11.780732368502674,2.2395153039682327,15.304772697388122,21.49031186446165,11.780732368502674
3048,30.47,29.32970405868489,26.804142029563526,11.90670022420246,2.251181395755593,15.992950927675327,21.510173187726377,11.90670022420246
3049,30.48,29.333644072355806,26.770787846527117,11.991146427255853,2.232546154692696,15.57943167301305,21.770539512600088,11.991146427255853
3050,30.49,29.055600576957534,26.497777803471354,11.92038994184148,2.2228952184242003,15.623090677543747,21.402132281699995,11.92038994184148
3051,30.5,29.13710868593003,26.56508240160507,11.969440236353252,2.21940891779737,15.798576505856804,21.356698794351548,11.969440236353252
3052,30.51,29.025933427582796,26.467950902632808,11.914377296287356,2.221513575105641,15.930045374811739,21.13731485644806,11.914377296287356
3053,30.52,29.37368793859965,26.91967451089774,11.75349596254481,2.290354682273547,16.350080280234845,21.385596802580775,11.75349596254481
3054,30.53,29.36683272413384,26.97419534884351,11.61049738511177,2.323259241540567,16.588789980626117,21.270149545695475,11.61049738511177
3055,30.54,29.277338493367424,26.876564362616616,11.610893045642111,2.3147715043938097,16.502840417993163,21.213344151173448,11.610893045642111
3056,30.55,29.07263753021621,26.686748100681243,11.534111529464333,2.3137237777273882,16.80717937068395,20.729236498020608,11.534111529464333
3057,30.56,28.88570343304751,26.505062102334108,11.483272433125705,2.308145370293155,16.519312239405266,20.727533384019026,11.483272433125705
3058,30.57,28.920246013586215,26.565334869070337,11.430818552514271,2.324009846453835,16.259853699644058,21.007955025942334,11.430818552514271
3059,30.58,28.850000573542285,26.45625671830354,11.506042479871558,2.299335915418841,16.04011499404087,21.039206984169493,11.506042479871558
3060,30.59,28.72397155798976,26.433862701984793,11.23910337690787,2.3519547614711365,16.08944670481997,20.973287822373976,11.23910337690787
3061,30.6,28.866964445451448,26.555994875547068,11.317277608368357,2.34650026221065,16.163609282299273,21.070325075784922,11.317277608368357
3062,30.61,28.683089537777132,26.383330339250385,11.253421952549818,2.3444717927130077,16.148394823910262,20.864071136792024,11.253421952549818
3063,30.62,28.798039717320332,26.451628896837388,11.385886889669871,2.32319442070308,16.244255083842535,20.876131060784676,11.385886889669871
3064,30.63,28.86816802314149,26.492462642501124,11.468240848011996,2.3100720497244835,16.382707617737367,20.819641398834126,11.468240848011996
3065,30.64,28.67911529811983,26.23699883423757,11.580653973548602,2.2655887045900482,16.3404391271358,20.527302720039792,11.580653973548602
3066,30.65,29.06942683871733,26.61861114049158,11.682513329024559,2.278500386929507,16.38625442812258,20.977157216017993,11.682513329024559
3067,30.66,29.262309179388087,26.814049297833108,11.717060158737604,2.288462202512243,16.40846075201848,21.20744339839419,11.717060158737604
3068,30.67,28.82142616595254,26.381805377516883,11.604953738049755,2.273322752766994,16.27746379354926,20.761595011628362,11.604953738049755
3069,30.68,28.601338378590025,26.180426052377307,11.516155988983932,2.273365008030531,16.162609511770388,20.595746212604823,11.516155988983932
3070,30.69,28.61740051815736,26.201836785283003,11.507361187258525,2.2769630985681473,16.160043669850584,20.624966412363722,11.507361187258525
3071,30.7,28.506875023972572,26.08496323772339,11.498548452696541,2.2685440118840536,16.198481266230708,20.445892296032316,11.498548452696541
3072,30.71,28.65946639975664,26.248210369569495,11.506366355787737,2.281190217480479,16.08963432202018,20.738664734954508,11.506366355787737
3073,30.72,28.801935541596784,26.33240663911635,11.668583955841317,2.256692563448052,16.29969536451664,20.681285512069444,11.668583955841317
3074,30.73,28.987210117947267,26.530212044513448,11.679306456086254,2.2715571463310797,16.240980449881793,20.97814827751496,11.679306456086254
3075,30.74,29.015887231420535,26.537501957191346,11.733827240017586,2.261623715294412,16.450653950223526,20.823424183787104,11.733827240017586
3076,30.75,28.7184043421792,26.17233443570306,11.82182972921742,2.2138987817612237,16.334387061911023,20.4494227088679,11.82182972921742
3077,30.76,28.958070518774708,26.41763606989102,11.860790557510144,2.2273082002247833,16.22629511518343,20.847034377968043,11.860790557510144
3078,30.77,29.103304892424042,26.56282067689402,11.891968438764241,2.233677360789759,16.266547128586822,20.999592539530198,11.891968438764241
3079,30.78,29.116090216096886,26.603508865968166,11.832160643358675,2.248406666190808,16.13476890223996,21.152208311496867,11.832160643358675
3080,30.79,28.796358818278268,26.360272677994725,11.591648093899217,2.2740746151419455,16.18049453798708,20.80998731773774,11.591648093899217
3081,30.8,28.96847012181271,26.551146847838762,11.584854865852117,2.291884288175397,16.164445563646545,21.063572787051243,11.584854865852117
3082,30.81,28.857402583924397,26.427732125114762,11.589851535453919,2.280247684301308,16.011115480544596,21.02544188228842,11.589851535453919
3083,30.82,28.92289474537879,26.51101189391093,11.562875456095387,2.2927698213626964,15.913127828736606,21.203917429224617,11.562875456095387
3084,30.83,28.98265197508052,26.541741031257736,11.641739497956827,2.279877593543123,15.879896624887172,21.267178942051707,11.641739497956827
3085,30.84,29.162048347429298,26.705881293950767,11.714135398364409,2.2797996084012815,15.862155214597514,21.484788284612122,11.714135398364409
3086,30.85,29.03110700113419,26.609657565326845,11.607381184718045,2.292477273026958,15.870513767377005,21.358854569088045,11.607381184718045
3087,30.86,28.963628374244283,26.503516196576516,11.681412492465727,2.268862281309794,15.745574082405591,21.31931677136186,11.681412492465727
3088,30.87,28.73460800158631,26.28437993483573,11.610730745566045,2.263800660856193,15.914164860016982,20.91908184808778,11.610730745566045
3089,30.88,28.7610732580401,26.392182008062825,11.430313373115975,2.3089639930727595,15.974205066632104,21.008856314323737,11.430313373115975
3090,30.89,28.774888632116944,26.30917220183938,11.654255610921481,2.257473414019204,15.893313382666621,20.966047115905948,11.654255610921481
3091,30.9,28.65289128009561,26.13653075378912,11.741803050009576,2.2259384391367223,15.864729387855265,20.770859425981538,11.741803050009576
3092,30.91,28.442272169221507,25.950302505032973,11.642364280735748,2.2289546933325317,15.886504350323875,20.5191905208237,11.642364280735748
3093,30.92,28.772475546536135,26.363379661945174,11.525084029027953,2.2874783034591646,16.241172709617857,20.76661012818964,11.525084029027953
3094,30.93,28.762843565183065,26.4090752528686,11.395697181108153,2.3174602512823617,16.451709588883745,20.65866663932373,11.395697181108153
3095,30.94,28.75092349182561,26.351792702509503,11.497766000261823,2.291905462496752,16.49266053113844,20.552594173015272,11.497766000261823
3096,30.95,28.433747599292033,26.06404070836407,11.364144688140229,2.2935329867424907,16.264746922188216,20.366448527036532,11.364144688140229
3097,30.96,28.535357605785272,26.186684504293098,11.336850901492134,2.309872885498252,16.279423620847815,20.511528755808687,11.336850901492134
3098,30.97,28.395267760967254,26.01684215122499,11.376078221217938,2.2869781347582534,16.221986105414757,20.340187863377462,11.376078221217938
3099,30.98,28.46850310595184,26.00571554916851,11.582677923059276,2.2452247849692215,16.44489129415804,20.14603662132058,11.582677923059276
3100,30.99,28.590192076178802,26.136955911818305,11.587002141039898,2.255713392788982,16.596172294482574,20.19176885535744,11.587002141039898
3101,31.0,28.52063303407994,26.063084300955357,11.581975020951555,2.250314324958202,16.51307292668881,20.164394010149735,11.581975020951555
3102,31.01,28.70693662864312,26.27131433684958,11.571786967248137,2.270290181733021,16.635890976867966,20.33295572196333,11.571786967248137
3103,31.02,28.758909526238703,26.2396362429584,11.77099685564511,2.229177066713296,16.587374031900286,20.331687900629795,11.77099685564511
3104,31.03,28.787523417961562,26.2504777979527,11.816679733278617,2.221476623761329,16.617270480450536,20.321267342376927,11.816679733278617
3105,31.04,28.656818636387516,26.140312095732668,11.742969722199717,2.2260392996087885,16.554890615138326,20.229965723725595,11.742969722199717
3106,31.05,28.668854574598846,26.24432977461593,11.53856045183734,2.274489082425956,16.748036843465822,20.20564542915429,11.53856045183734
3107,31.06,28.531364356841838,26.116791300197786,11.487034614937743,2.2735886306319215,16.74459272305038,20.042589711842506,11.487034614937743
3108,31.07,28.646822318626427,26.214740835189726,11.551094835503234,2.269459406966046,16.719794420693667,20.19061939579627,11.551094835503234
3109,31.08,28.5847974847743,26.127682884081413,11.594603673883727,2.2534347545602382,16.574440254205257,20.197617264194836,11.594603673883727
3110,31.09,28.58869753049445,26.16942670543807,11.50976682643068,2.2736713175929326,16.783538031052682,20.07863902886606,11.50976682643068
3111,31.1,28.52856403046443,26.110402521838566,11.494600723290722,2.2715362760650613,16.442339694382568,20.28306153486118,11.494600723290722
3112,31.11,28.70903717758139,26.226086382307415,11.67909280430205,2.24555852254611,16.60490276990738,20.29987219009451,11.67909280430205
3113,31.12,28.291035908064767,25.87378461894315,11.442463993561478,2.2612074316774766,16.56622158633066,19.874934788825126,11.442463993561478
3114,31.13,28.296866343174237,25.88599774225543,11.429250444863555,2.264890236427439,16.57073385805511,19.887072648269758,11.429250444863555
3115,31.14,28.231865819438788,25.832298466055434,11.389934310935526,2.2679936302401438,16.50564032229953,19.87137341982808,11.389934310935526
3116,31.15,28.197530405134636,25.798894519226977,11.380587090932195,2.2669212328934223,16.706988395421753,19.658573121400305,11.380587090932195
3117,31.16,28.22514259406537,25.777854450934008,11.496125189027179,2.242308084426434,16.639735388703908,19.687990915465523,11.496125189027179
3118,31.17,28.191736693489588,25.795682196160158,11.373512994222716,2.268048773432036,16.673305476463256,19.68293942615875,11.373512994222716
3119,31.18,28.09766710588522,25.71849547565122,11.315382771345035,2.272878964446566,16.219048033611585,19.959546347913133,11.315382771345035
3120,31.19,28.188459937911073,25.872645423119085,11.18907916143115,2.3123123046892284,16.415532288260138,19.998101932021793,11.18907916143115
3121,31.2,28.231221204807504,25.930061549755656,11.163949065660264,2.322660323622866,16.290903271212464,20.173610548984918,11.163949065660264
3122,31.21,28.402180713685915,26.01709232500937,11.392751039358801,2.2836531962409707,16.567638658958405,20.059971144402187,11.392751039358801
3123,31.22,28.30669529527764,25.942834932856176,11.324235699872665,2.2909126602820438,16.415437751097468,20.0889045941601,11.324235699872665
3124,31.23,28.127392019362592,25.794889403076432,11.214894671549866,2.300056323178259,16.240989131032286,20.04012453460896,11.214894671549866
3125,31.24,27.97818994924495,25.635144811693113,11.207964280794036,2.2872257770861646,16.297551587079507,19.787634062286436,11.207964280794036
3126,31.25,28.03780773089272,25.69973574586318,11.20902515597631,2.292771707462969,16.108927262617545,20.02445704269893,11.20902515597631
3127,31.26,28.345683793385017,26.016593129643482,11.25231850069832,2.312109555735459,16.15868236336259,20.390196231359987,11.25231850069832
3128,31.27,28.127744354309318,25.77862803504114,11.253103531576096,2.2908016408723664,15.913504604647555,20.280484081176915,11.253103531576096
3129,31.28,28.0033772348779,25.635913965131497,11.268941908238501,2.274917572020634,15.697377235326496,20.268015017743537,11.268941908238501
3130,31.29,27.98513032694282,25.655900641752265,11.177758347562817,2.2952634905858598,15.760979467290692,20.24393153444028,11.177758347562817
3131,31.3,28.142186674455143,25.74215810573372,11.372069595253468,2.263630018275487,15.893393468369942,20.249907357816923,11.372069595253468
3132,31.31,28.204898566201525,25.88055110090912,11.212197725822906,2.3082496165139337,16.132395464831017,20.23731063785571,11.212197725822906
3133,31.32,28.187365346457412,25.84798694534607,11.243181758198503,2.2989921804384044,16.209928809866113,20.133470567834383,11.243181758198503
3134,31.33,28.18183032259152,25.826426689803785,11.278796246387728,2.2898211941788773,16.2282148996023,20.091026771574796,11.278796246387728
3135,31.34,27.959852547283457,25.688396936834337,11.039004360968136,2.3270574135891935,16.32595146887277,19.833230846747355,11.039004360968136
3136,31.35,27.75898397079838,25.502690306292003,10.962389257474914,2.326380655467284,16.41796553404754,19.515061377855496,10.962389257474914
3137,31.36,27.765159233775204,25.55371178647139,10.85872373766115,2.3532886924679586,16.46881291911213,19.538945393785514,10.85872373766115
3138,31.37,27.742384743258018,25.513289454611584,10.895502395399708,2.341634972737355,16.64903812478602,19.332290819098915,10.895502395399708
3139,31.38,27.856983911254954,25.634341848617204,10.903764057432184,2.35096263213293,16.78926736492645,19.3711120837391,10.903764057432184
3140,31.39,27.89591981115454,25.647612786686306,10.971886822901938,2.3375754052759,16.798876642407148,19.38034533255232,10.971886822901938
3141,31.4,27.911907845820153,25.606864352456835,11.106894148610213,2.3054927876179483,16.513141607189667,19.57109236159357,11.106894148610213
3142,31.41,27.476989789633446,25.200199859911677,10.951479120197789,2.3010772867598317,15.916497612268,19.537532514065322,10.951479120197789
3143,31.42,27.478412538734304,25.15712743463792,11.053600991815234,2.275921435310159,15.87777763371734,19.513514244667395,11.053600991815234
3144,31.43,27.536160043182054,25.310492653359876,10.845232665459584,2.333789733619081,16.20183068731047,19.445352162805104,10.845232665459584
3145,31.44,27.581071403837207,25.360648479399686,10.842186517851891,2.339071407565516,16.348024784620065,19.388258739173192,10.842186517851891
3146,31.45,27.637675780669806,25.443706675875973,10.791613093018421,2.3577296977350537,16.625717123139637,19.26052282648,10.791613093018421
3147,31.46,28.042547390979347,25.754114633367298,11.09549654709961,2.3211322291023997,16.869892039583153,19.45973183580474,11.09549654709961
3148,31.47,27.755588772166448,25.569033622023333,10.798019620534708,2.3679373181910535,16.547888576093417,19.49212312800626,10.798019620534708
3149,31.48,27.54654357314293,25.340517967591744,10.80139861134761,2.3460404415563176,16.38160666016603,19.3335153062614,10.80139861134761
3150,31.49,27.72579005374919,25.486701216742254,10.915470452210766,2.334915506237324,16.584598070511685,19.35259790702714,10.915470452210766
3151,31.5,27.92320027021522,25.691108261859625,10.939473004123892,2.348477687378063,16.476122845688042,19.712189622068585,10.939473004123892
3152,31.51,27.504960002162502,25.302785872634963,10.783869982716942,2.3463548719696314,15.816591606103795,19.75009880689569,10.783869982716942
3153,31.52,27.446169272895563,25.240595958279233,10.779820194573494,2.341467251094338,15.798000229305332,19.68529585970123,10.779820194573494
3154,31.53,27.26260212007542,25.089597182221933,10.665907724679691,2.3523171051037197,15.81896124284738,19.47429978108202,10.665907724679691
3155,31.54,27.587651912211932,25.430969450526376,10.69319086315049,2.3782395522522037,15.86018434072995,19.879355117097496,10.69319086315049
3156,31.55,27.59171507984603,25.492297170277073,10.556776308593749,2.4147804618655275,16.00946590456124,19.838200938301025,10.556776308593749
3157,31.56,27.626208430926205,25.486788726637844,10.659783894277789,2.3909292138951566,16.12789290330059,19.7349302024593,10.659783894277789
3158,31.57,27.896063524719544,25.727186384136477,10.784351669483476,2.3856034347374635,16.268683543518787,19.930330027496744,10.784351669483476
3159,31.58,27.798382006782248,25.52506509017789,11.010045156000793,2.318343360859514,15.89225173111515,19.974115318899244,11.010045156000793
3160,31.59,27.561709414406224,25.310174128228716,10.91067878011769,2.3197616425433525,15.745174129994473,19.816518514043054,10.91067878011769
3161,31.6,27.79510297044298,25.571315510558886,10.893831841779951,2.347320564696799,15.871820707710215,20.049376158944465,10.893831841779951
3162,31.61,27.678163472409743,25.429371256597168,10.928303193981519,2.3269276854069845,15.791657964254915,19.93179523389287,10.928303193981519
3163,31.62,27.768422219190555,25.51098370509623,10.966995164654293,2.326159838869629,15.547268779850738,20.226040717074707,10.966995164654293
3164,31.63,27.81457099629384,25.6141731903585,10.842716056514194,2.3623392014374263,15.497993729482292,20.393578856753113,10.842716056514194
3165,31.64,27.67136163655044,25.4607971522584,10.837530308714515,2.3493172731231247,15.39561328231006,20.278739686923533,10.837530308714515
3166,31.65,27.265588147594695,25.077263320843784,10.70248388792617,2.3431255382812846,15.216467222379238,19.933094615066555,10.70248388792617
3167,31.66,27.501047160017688,25.28717946559657,10.810464817584315,2.339138963244616,15.310427913727375,20.12541285101616,10.810464817584315
3168,31.67,27.479019929884515,25.24490970323155,10.85315946545872,2.326042456445612,15.240750734968147,20.1252324945299,10.85315946545872
3169,31.68,27.54033658851306,25.271283401765587,10.946797460272947,2.308554944354974,15.294009477999182,20.11792829441501,10.946797460272947
3170,31.69,27.736364313060136,25.44130614558311,11.047436214502937,2.3029149615893756,15.30805964577059,20.320515945093888,11.047436214502937
3171,31.7,27.473006370251234,25.13573868405886,11.08876547802197,2.2667752090057376,15.34633993046819,19.907164788884696,11.08876547802197
3172,31.71,27.53713362877702,25.290265298520662,10.894779007376126,2.3213197148283884,15.199295816884998,20.213335339334293,10.894779007376126
3173,31.72,27.48865925708701,25.21281835781923,10.951720330973089,2.3021787989338662,15.104867500458697,20.18735216262829,10.951720330973089
3174,31.73,27.601027890652926,25.267648264707383,11.106875879005358,2.274955490631642,14.897884903886847,20.40850494817076,11.106875879005358
3175,31.74,27.760967378102553,25.385618317129364,11.235732838809424,2.259364714462124,15.117627362314723,20.393306751901886,11.235732838809424
3176,31.75,27.9170102613261,25.520473026218678,11.316577152524161,2.255140638574301,15.340566382699,20.39513585490326,11.316577152524161
3177,31.76,28.024589715299655,25.69494103391138,11.186940331238766,2.296869409606129,15.757036012751962,20.29644823187103,11.186940331238766
3178,31.77,28.203972622725395,25.860488498700047,11.25607419627493,2.2974696193152564,15.551604014792657,20.661860467017057,11.25607419627493
3179,31.78,28.219002350941853,25.842476607204095,11.33483552984211,2.2799163286636652,15.808840590478534,20.442948818082222,11.33483552984211
3180,31.79,28.06556496157659,25.653914531266675,11.382117809746124,2.253878843996861,15.364900734699681,20.54368896255881,11.382117809746124
3181,31.8,27.978008413569164,25.617462908480306,11.247868639097026,2.2775393037073077,15.41276548432773,20.462186246647253,11.247868639097026
3182,31.81,27.922235094400623,25.629084120711116,11.081572984034846,2.3127659004398367,15.21160454524135,20.62660999838993,11.081572984034846
3183,31.82,27.722323155442123,25.348526904579376,11.224053853335617,2.2584110193881672,15.260112194742476,20.24047410600988,11.224053853335617
3184,31.83,27.799103989848366,25.4523995566549,11.178798658478323,2.27684569104848,15.134816115610645,20.46367475157526,11.178798658478323
3185,31.84,27.94118806687444,25.524884137624433,11.36619023020884,2.2456851082594844,15.495908156332112,20.282912528768428,11.36619023020884
3186,31.85,28.28638551387902,25.793807142562024,11.610302258429837,2.221630976388581,15.944187253873716,20.275684445194315,11.610302258429837
3187,31.86,28.495494470221992,26.001967265803263,11.657225373584737,2.230545128236407,15.719592947788144,20.712235496144633,11.657225373584737
3188,31.87,28.603815263591812,26.17860910223709,11.526433668136805,2.2711803022477066,15.682592042053797,20.96129484001982,11.526433668136805
3189,31.88,28.47416291058948,26.11462438323174,11.34920027057007,2.301010094160582,15.956330472809785,20.672907984116883,11.34920027057007
3190,31.89,28.428421232984558,26.109871992927054,11.244986363396373,2.321912285987066,15.782784757482741,20.79973847878879,11.244986363396373
3191,31.9,28.187493814619454,25.844186612208468,11.252236484475201,2.2968044306450452,15.235249799228457,20.87604237401727,11.252236484475201
3192,31.91,28.35239052185473,26.031202367790524,11.23541506090873,2.316888359412785,15.324778625798482,21.042211309250103,11.23541506090873
3193,31.92,28.315940506721613,26.00099403988516,11.213420339845216,2.3187389085464414,15.23771112908479,21.068076575917154,11.213420339845216
3194,31.93,28.538632649528818,26.20616326393525,11.300024800358766,2.319124402550269,15.226483074724111,21.328788202595327,11.300024800358766
3195,31.94,28.5435727741845,26.19242628210847,11.344265166659316,2.3088693623882977,15.644406566847124,21.00704019406059,11.344265166659316
3196,31.95,28.773738340904693,26.401526815929905,11.440603126521912,2.3077041065016215,15.878975336155298,21.092623366618902,11.440603126521912
3197,31.96,28.831830161044916,26.56749470061636,11.200118560446613,2.372072630948735,15.956486350556455,21.241994209861375,11.200118560446613
3198,31.97,28.59969652920581,26.317880223106176,11.194276310905652,2.3510122041088852,15.477948551628783,21.285298402204646,11.194276310905652
3199,31.98,28.926091509670744,26.682496850188073,11.169741799412803,2.388819484761123,15.898984129679091,21.42843768930691,11.169741799412803
3200,31.99,29.007240563002995,26.736095253322418,11.251720565548924,2.3761783895686426,15.848674386638873,21.53226206372722,11.251720565548924
3201,32.0,28.872114368115923,26.62756151769884,11.16118074877071,2.385729800194446,15.847879445164383,21.397937972392864,11.16118074877071
3202,32.01,28.87604990666577,26.56593578251404,11.317124820889456,2.3474103363672296,15.794978812474175,21.36042107061918,11.317124820889456
3203,32.02,28.423638231568777,26.076562770795444,11.309999309454588,2.305620191240574,15.535936773677104,20.943299513294043,11.309999309454588
3204,32.03,28.34359223025931,26.074681064821622,11.111715793838911,2.3465935908187276,15.412365226780024,21.032070529277643,11.111715793838911
3205,32.04,28.317962109431768,26.054623294408053,11.093402679867994,2.3486592929409547,15.285376372243816,21.099778770697128,11.093402679867994
3206,32.05,28.289620831482452,25.910302329111843,11.356006340393945,2.281638593045467,14.941598660861606,21.168193032087487,11.356006340393945
3207,32.06,28.34162186275977,26.022775524952234,11.227763971050056,2.3177166524029187,14.90026445338531,21.33464237434589,11.227763971050056
3208,32.07,28.298357996521954,25.96488920623641,11.252626084927275,2.307451523783945,15.047072627566857,21.160365706500926,11.252626084927275
3209,32.08,28.618010209522797,26.28853025475184,11.309451153674447,2.3244744503990082,15.221110316872402,21.43372631337359,11.309451153674447
3210,32.09,28.50421719970697,26.15336600154471,11.335424339534693,2.307224257174856,15.190656975525128,21.289492569403446,11.335424339534693
3211,32.1,28.8553514969009,26.448661421484292,11.536880818548381,2.2925313901970408,15.344945313560425,21.542152731613232,11.536880818548381
3212,32.11,28.48964487520807,26.051824218124757,11.530928844780803,2.2592997120016474,15.12864266076481,21.20900083301801,11.530928844780803
3213,32.12,28.557388716562354,26.124985044839192,11.532979091100943,2.265241689807424,15.291037555293503,21.182516707786995,11.532979091100943
3214,32.13,28.713027902367088,26.299766381479728,11.522163841991645,2.282537094780083,15.123012686977022,21.516788770398417,11.522163841991645
3215,32.14,28.64197837851444,26.174706471249593,11.629603027584956,2.2506964691025333,14.937807647374802,21.49365398312037,11.629603027584956
3216,32.15,28.7993096660645,26.26295702634914,11.817670052680196,2.2223464447116474,15.063192997152731,21.513789264060172,11.817670052680196
3217,32.16,28.979717895041393,26.40023005829954,11.95206685661688,2.208842234151652,15.17653160202751,21.601968328460323,11.95206685661688
3218,32.17,28.741547286405,26.272959360370812,11.653675251394251,2.2544784193490806,15.273498363678678,21.37729265567558,11.653675251394251
3219,32.18,28.70144676659183,26.234556021961076,11.641353736833638,2.253565746306123,15.25571110454965,21.34280226127616,11.641353736833638
3220,32.19,28.61125751881159,26.18105263701019,11.539347452341259,2.268850361351952,15.36940419121911,21.195021396281597,11.539347452341259
3221,32.2,28.792618238615596,26.337712072034876,11.633562990126794,2.2639420179688066,15.37559650294017,21.383781456238875,11.633562990126794
3222,32.21,28.64460499871584,26.229551910797838,11.511906970229477,2.278471497261846,15.275613465617402,21.322406681476807,11.511906970229477
3223,32.22,28.37272758653749,25.973269322022418,11.41932359754967,2.274501558708407,15.233705261487327,21.036752203713487,11.41932359754967
3224,32.23,28.391023589113107,26.033924385589632,11.326296902473395,2.2985380490868503,15.32707116847908,21.04390905490175,11.326296902473395
