frame,time_ns,Rg,Rg_parallel,Rg_perp,F_index,Rg_x,Rg_y,Rg_z
900,8.99,21.267458388939716,18.11867404812357,11.136356543463206,1.6269840119979662,13.751386046055217,11.797700245153901,11.136356543463206
901,9.0,20.999324222864114,17.768062978570953,11.192298950908336,1.5875257671819913,13.636670098276111,11.390579030112816,11.192298950908336
902,9.01,20.679535770104398,17.380619280496145,11.205234182892962,1.5511161120604822,13.513600532205249,10.930165928728455,11.205234182892962
903,9.02,20.96615521742529,17.786708060527896,11.100120763789985,1.6023886981978084,13.52746231860344,11.548798502407605,11.100120763789985
904,9.03,21.172921641605612,18.137496199135796,10.923545325026376,1.6604038029285149,14.0769334408805,11.43716369012378,10.923545325026376
905,9.04,21.39202455995294,18.169953739733238,11.290327535974493,1.60933805346551,14.216332131681153,11.315613974759648,11.290327535974493
906,9.05,21.359509920715784,18.079731139480636,11.373301454601924,1.589664286280315,14.206292108661707,11.18293085909422,11.373301454601924
907,9.06,21.4950356690053,18.27425198609691,11.31760896834854,1.6146742688498699,14.357643165120413,11.305147871409643,11.31760896834854
908,9.07,21.480718477690232,18.272044460582904,11.293965536881368,1.617859059416646,14.215420037209118,11.47995827236458,11.293965536881368
909,9.08,21.523292735383254,18.229428187740137,11.442905143407724,1.593076929265829,14.149222824460416,11.493978663445613,11.442905143407724
910,9.09,21.656045464002254,18.289350598381006,11.596721943223141,1.5771138333681343,14.03922898776146,11.721791447543245,11.596721943223141
911,9.1,21.69281619657198,18.350378192565564,11.56900577958494,1.5861672595018723,14.027615395681638,11.830569982930715,11.56900577958494
912,9.11,21.559241685431203,18.1916928172685,11.569927160227769,1.5723256132331929,13.883823153138986,11.754877379633534,11.569927160227769
913,9.12,21.579485733398553,18.330699103242715,11.38682022797973,1.6098172041216972,13.850343422718385,12.007602453711767,11.38682022797973
914,9.13,21.564743613046286,18.251750957472836,11.485284240401281,1.5891422950830814,13.941825251359768,11.779300559632464,11.485284240401281
915,9.14,21.501656852952017,18.229948025004383,11.401326345111665,1.598932218339711,14.038315261228691,11.629991815161123,11.401326345111665
916,9.15,21.2460691544377,18.0223859259002,11.251180384878003,1.601821791971529,13.794275795392071,11.598463249187194,11.251180384878003
917,9.16,21.354706590470634,18.230676579980727,11.120518198412881,1.6393729370077923,13.859391500704024,11.843767803957947,11.120518198412881
918,9.17,21.557454322739108,18.412672426389697,11.211482105210338,1.6423049382411923,13.951888908947573,12.015460946377258,11.211482105210338
919,9.18,21.64149560753138,18.531383343215285,11.177753062114185,1.6578809032761204,14.174394144767017,11.93728274114304,11.177753062114185
920,9.19,21.84567254842345,18.777161177778773,11.164749311859165,1.6818255970900955,14.277798986430833,12.19533673169204,11.164749311859165
921,9.2,21.921945334467942,18.89040978165638,11.123133799811168,1.698299249261667,14.429072957905797,12.192187469618842,11.123133799811168
922,9.21,21.896218945948103,18.861077360180403,11.122237407203059,1.6957988460096585,14.344198681071395,12.246803802815629,11.122237407203059
923,9.22,22.051654127508385,19.06501511674674,11.081545395723278,1.720429275514635,14.246130985803148,12.669749537268725,11.081545395723278
924,9.23,22.11169952426005,19.238453027376224,10.899962429504091,1.7650017742539599,14.254483281033647,12.920053454893042,10.899962429504091
925,9.24,21.692941398562436,18.784246608072305,10.850612235656943,1.7311692833648686,14.055692724221917,12.461357176292273,10.850612235656943
926,9.25,21.776742845813224,19.04845159036549,10.553815470349095,1.8048876867216455,14.177730303355785,12.721457127067037,10.553815470349095
927,9.26,21.70720196514797,19.001732787893346,10.494606624987094,1.810618869948993,14.308713075263885,12.503062787664202,10.494606624987094
928,9.27,21.856207437399018,19.069001021120208,10.680215522316606,1.7854509566099113,14.476069107367362,12.412502694549872,10.680215522316606
929,9.28,21.541236347578828,18.60105853076889,10.863953466264528,1.71218135170867,14.275209663501066,11.925509109810612,10.863953466264528
930,9.29,21.784598977545897,18.762253162016663,11.070077185678944,1.6948620002658046,14.284154130508684,12.164912021526334,11.070077185678944
931,9.3,21.685513381223853,18.798583518667364,10.810862514107114,1.7388606592801508,14.32062614183246,12.17811189036203,10.810862514107114
932,9.31,21.412644141610496,18.65982439532101,10.502965422728447,1.7766243764776275,14.22230093491875,12.079536521772113,10.502965422728447
933,9.32,21.30367513376405,18.543850962298304,10.486761449228494,1.768310555368127,14.405040406721705,11.677723210996511,10.486761449228494
934,9.33,21.73484158843894,18.9380905412565,10.665461336749852,1.775646635743899,14.571599073939053,12.096271069102551,10.665461336749852
935,9.34,21.839408161051313,18.98870687595339,10.788362248465472,1.7601102408898375,14.529839014212902,12.225169407494368,10.788362248465472
936,9.35,22.116298167844082,19.290530062596734,10.816935543537053,1.7833636878905614,14.668994991972285,12.527774583757497,10.816935543537053
937,9.36,22.28184975231585,19.437143582980674,10.893956017873908,1.784213517209892,14.756341485827544,12.651202971221815,10.893956017873908
938,9.37,22.09762128592347,19.16895717849218,10.993450194785577,1.743670716549425,14.56035834497528,12.467753774308171,10.993450194785577
939,9.38,21.802328552190193,18.8358219956205,10.979678503806323,1.715516714728094,14.445886832909519,12.087371255218084,10.979678503806323
940,9.39,22.147848467275377,19.1595012940492,11.110387117140393,1.724467481829787,14.677227501935459,12.315254065308698,11.110387117140393
941,9.4,22.12947493969657,19.14519274842039,11.098434832555897,1.7250353799673008,14.571548865720393,12.418066235452738,11.098434832555897
942,9.41,21.852505931060936,18.918347287286178,10.937465491816875,1.7296829234744,14.584874675090468,12.049286069899452,10.937465491816875
943,9.42,21.961383176493964,19.094596503024473,10.848904802397229,1.7600483044892452,14.538219575692963,12.379167467251273,10.848904802397229
944,9.43,21.985809181026678,19.0643579085025,10.951075877786401,1.7408662054084936,14.37933870374147,12.51736237817554,10.951075877786401
945,9.44,21.9743150323584,19.071418066938644,10.915655457066181,1.747161967684944,14.240191181561299,12.68605305824225,10.915655457066181
946,9.45,22.19690261959223,19.19702273725573,11.143464628603924,1.722715813893221,14.466994427794075,12.618706518533848,11.143464628603924
947,9.46,22.47529631437715,19.39082373185722,11.363753755652132,1.7063748607023947,14.654303381059083,12.69863919543498,11.363753755652132
948,9.47,22.490408653326373,19.53753367711543,11.140164236186028,1.7537922478425099,14.674084517474494,12.899087787841239,11.140164236186028
949,9.48,22.272728901621505,19.23621587449704,11.226862943622052,1.713409700563333,14.439631288890293,12.70940790954293,11.226862943622052
950,9.49,22.23514051777964,19.07141368311686,11.431651410571822,1.6682990932945958,14.497841249017254,12.390779595766798,11.431651410571822
951,9.5,21.92072965067816,18.784462201659395,11.298777288386125,1.662521680196999,14.251191214217297,12.237629230426384,11.298777288386125
952,9.51,21.530662760167935,18.43829916525693,11.117489050346215,1.6584949246864995,14.024854806133476,11.96972530070716,11.117489050346215
953,9.52,21.660926679842028,18.598991733128994,11.102848784906131,1.6751549168546331,14.197413037953227,12.014822367340948,11.102848784906131
954,9.53,21.41482990065519,18.42408222296266,10.915499709839532,1.687882617628095,14.03791699598521,11.932463793044512,10.915499709839532
955,9.54,21.50917771876674,18.443670629483925,11.066875794396703,1.6665652504044715,14.185248443735057,11.787608446092875,11.066875794396703
956,9.55,21.592845941698485,18.4743381305016,11.178095835240427,1.6527267615883918,13.925273742952271,12.140342686429795,11.178095835240427
957,9.56,21.87086459726972,18.621314534399726,11.47089199857882,1.6233536621830982,14.086678356297282,12.178622577092703,11.47089199857882
958,9.57,22.04156018663695,18.905287059423834,11.332276764265897,1.6682690912595723,14.352893391936895,12.304646686472251,11.332276764265897
959,9.58,21.673580419055305,18.453206425774763,11.367640950918645,1.6233101050120269,14.211280858298466,11.771164927857168,11.367640950918645
960,9.59,21.825885613940944,18.727975924782196,11.208577099418665,1.6708611413087864,14.39833039308465,11.976024554533796,11.208577099418665
961,9.6,21.70024952723097,18.648182630877827,11.097121884052392,1.6804521772151588,14.433664111876388,11.807796396453702,11.097121884052392
962,9.61,21.732377517225757,18.669275808863297,11.12449429519433,1.6782134372551423,14.487291195185465,11.775408827438223,11.12449429519433
963,9.62,21.663597241118268,18.631099976738227,11.054119552554697,1.6854440453769497,14.39799037691066,11.824371418794453,11.054119552554697
964,9.63,21.800226638967587,18.69117207687706,11.220069870679204,1.6658694903248044,14.297572927822232,12.03907479755124,11.220069870679204
965,9.64,21.731624040145938,18.61707647748135,11.210171580036555,1.6607307340982416,14.326726207283803,11.888669090773657,11.210171580036555
966,9.65,21.729603584197914,18.741530410936953,10.996849993625998,1.7042635319932464,14.251645494010166,12.171095384439907,10.996849993625998
967,9.66,21.401601489081056,18.459178448852395,10.829925082421381,1.704460401006324,14.328911780593383,11.637162720807373,10.829925082421381
968,9.67,21.33090289043162,18.397310170363678,10.795665640267725,1.7041385666615956,14.087862554140647,11.831870104096332,10.795665640267725
969,9.68,21.284325414936934,18.28755685827652,10.889801307839994,1.6793287904261938,14.162436975666918,11.569793202774159,10.889801307839994
970,9.69,21.398984619017792,18.448172485781868,10.843499188905804,1.7013117412003456,14.240243958493831,11.72819338464962,10.843499188905804
971,9.7,21.129597556123482,18.00328145788838,11.060820477333124,1.6276623867806554,14.2756963644633,10.969167541869203,11.060820477333124
972,9.71,20.85961252328823,17.79021768538401,10.89181294956782,1.6333568862922785,14.385730295122993,10.466260515070822,10.89181294956782
973,9.72,20.957929749376444,17.839052783180996,11.000137052722597,1.6217118657413208,14.353912854795446,10.592308056229088,11.000137052722597
974,9.73,20.850158298965713,17.74861746889989,10.941466036806506,1.6221425364018396,14.280105796436665,10.540018999030048,10.941466036806506
975,9.74,21.042733091585816,17.954868196536793,10.973573894074448,1.6361914878280568,14.327425602087152,10.821375493515882,10.973573894074448
976,9.75,21.072089322808953,17.9429174196931,11.049192861857064,1.6239120489636736,14.16433015058331,11.014537526160716,11.049192861857064
977,9.76,20.89553418403199,17.803173404044653,10.939395119546903,1.6274367284013085,13.99487175423797,11.004387662969489,10.939395119546903
978,9.77,20.93734798481084,17.863254370139025,10.921386539481672,1.635621475859494,14.235452777938297,10.79109544482764,10.921386539481672
979,9.78,20.309693292576643,17.20606061058074,10.790510641464314,1.594554806745069,14.017463383393299,9.977937764398323,10.790510641464314
980,9.79,20.581326186702153,17.470666152098012,10.87965127223151,1.6058112263845226,14.259334105484745,10.094333393851361,10.87965127223151
981,9.8,20.373513508988438,17.268077807567607,10.811731662075486,1.597161153022246,14.119911464054173,9.940553878707183,10.811731662075486
982,9.81,20.197693865534006,16.973631831648813,10.947267235683444,1.5504903156398684,14.109522732331257,9.435334960783816,10.947267235683444
983,9.82,20.603056020607983,17.452978039992832,10.948948576180218,1.59403233274493,14.209136195048295,10.134440835835028,10.948948576180218
984,9.83,20.664908171672653,17.54096850103019,10.924873170409347,1.6055992804146157,14.331408733830983,10.114163319721818,10.924873170409347
985,9.84,20.926013037141157,17.790744322967928,11.01759674635926,1.6147572590044956,14.25883017576783,10.639377123865303,11.01759674635926
986,9.85,20.563934326003697,17.58737415346977,10.656437742043847,1.650398996287535,14.17925644880535,10.405018797347193,10.656437742043847
987,9.86,20.706985536939577,17.712458366530267,10.7260462725534,1.6513501728828277,14.3096216663605,10.43867372570358,10.7260462725534
988,9.87,20.494246145354133,17.346082650237864,10.914556415974024,1.5892613487114295,13.953158286793755,10.305142266488215,10.914556415974024
989,9.88,21.176860368534033,18.2011131598509,10.824920083339634,1.6814085480283392,14.20033468360798,11.385561695903188,10.824920083339634
990,9.89,21.328288444917494,18.391637516935493,10.800164694820714,1.702903431255573,14.21298030167728,11.672340018114735,10.800164694820714
991,9.9,21.62741087060014,18.60615901327119,11.025232321299196,1.6875979091457973,14.32773225138828,11.870351374734485,11.025232321299196
992,9.91,21.298041512135015,18.317658171241305,10.866000707444435,1.6857773770152293,14.060836804446618,11.740079609489996,10.866000707444435
993,9.92,21.228801246468926,18.182444310934496,10.957222332409177,1.6594026989079722,13.798863815669483,11.840297230933084,10.957222332409177
994,9.93,21.123885808326115,18.083831797157924,10.91758119618542,1.6563954480573386,13.840698012984458,11.638730643041278,10.91758119618542
995,9.94,21.38315800561657,18.438884414145623,10.828064825024907,1.7028790196685224,14.193544386635356,11.770121332545147,10.828064825024907
996,9.95,21.03518049050437,18.128617334622362,10.669210458273154,1.699152660407501,14.030783551408726,11.479715998172109,10.669210458273154
997,9.96,21.020483584251437,18.21412084804003,10.493165959269769,1.7358079457372435,13.964555008650654,11.6938189517957,10.493165959269769
998,9.97,21.08144281761923,18.291149330430887,10.481463993375504,1.7450948972387121,13.962242952700073,11.816171780991478,10.481463993375504
999,9.98,20.915147409026574,18.10963763120076,10.463480109787008,1.7307470785233225,13.827913261327398,11.693921069111441,10.463480109787008
1000,9.99,20.76146719308631,17.865353952109547,10.57675035989046,1.6891155926171046,13.669708909370556,11.502605364317755,10.57675035989046
1001,10.0,20.903878087552677,18.111883348495248,10.437039842300381,1.735346767106265,13.72828414482462,11.814166617601783,10.437039842300381
1002,10.01,20.89368530835119,18.07970022788417,10.472369618871145,1.7264192237165372,13.896952656683107,11.565045057761916,10.472369618871145
1003,10.02,20.82543634353365,18.00364842004404,10.467446797859438,1.7199656007543056,13.7694131658575,11.598905875144624,10.467446797859438
1004,10.03,20.671223765679912,17.824223744407643,10.468836605855724,1.7025983321239053,13.619719632757707,11.49809502551529,10.468836605855724
1005,10.04,20.713904993702595,17.86589012072056,10.48216725121656,1.7044080381990707,13.733952390550115,11.426660996973844,10.48216725121656
1006,10.05,20.88996952463838,17.968492152691894,10.654769659592377,1.6864270863439126,13.701150031618733,11.625196688762912,10.654769659592377
1007,10.06,21.030834155379154,18.102578183841022,10.704795578103555,1.6910718240028313,13.751468447687499,11.772869337350691,10.704795578103555
1008,10.07,20.776624910600887,17.889526079274937,10.565651865111933,1.6931776957696887,13.715516807281547,11.485631983057594,10.565651865111933
1009,10.08,20.884873546136046,17.949350723273316,10.677019792574187,1.6811199259700724,13.879843902218022,11.381086267889085,10.677019792574187
1010,10.09,20.939454914595316,17.94444991388749,10.791547127652885,1.6628245886917912,13.830904240741642,11.432819888175077,10.791547127652885
1011,10.1,20.831916185506792,17.73188395969342,10.933847593594264,1.6217423745765283,13.791895281450579,11.14465492088176,10.933847593594264
1012,10.11,20.63392552988694,17.524863646990227,10.892108929280889,1.6089504576913225,13.553292957385699,11.109864799216904,10.892108929280889
1013,10.12,20.77513645619936,17.590593817131154,11.053384275162559,1.591421539252733,13.420259564927001,11.372142456427376,11.053384275162559
1014,10.13,20.706345407204047,17.531564415347237,11.018030190236848,1.5911704826223907,13.347918432374373,11.366126181428305,11.018030190236848
1015,10.14,20.771625768428915,17.598370468799,11.03439141532343,1.5948655260099067,13.524991270636763,11.259540589486596,11.03439141532343
1016,10.15,20.946900806747863,17.69430061000863,11.210904483153115,1.5783116015838208,13.573928373939328,11.350627408937203,11.210904483153115
1017,10.16,20.83781777342299,17.68658713305116,11.01813437671606,1.6052252158429947,13.739537810951564,11.137345516614051,11.01813437671606
1018,10.17,20.926364324458053,17.680562328984042,11.19421455801438,1.5794375065221373,13.64824968780454,11.239553582257297,11.19421455801438
1019,10.18,21.057839969943494,17.833113068104005,11.198781295300302,1.5924155136048488,13.780773721893675,11.318577531021582,11.198781295300302
1020,10.19,21.12166882784156,17.95666603393299,11.121287651113569,1.6146211299673556,14.002494521645131,11.241530243943698,11.121287651113569
1021,10.2,21.051382225200868,17.721329175280705,11.362886334591575,1.55957990368454,13.860643310184772,11.042104634827782,11.362886334591575
1022,10.21,20.95926416736666,17.75933317811764,11.130895718946881,1.595499017018721,13.864916932645473,11.097657112302164,11.130895718946881
1023,10.22,21.270475060864374,17.925484871079895,11.450331936303815,1.5654991462951657,13.893322247378851,11.326897403693655,11.450331936303815
1024,10.23,21.224633211821157,17.788816496741134,11.577696775335413,1.5364728271893942,13.802897183309126,11.22149819327734,11.577696775335413
1025,10.24,21.234562457068147,17.656102816500734,11.796977412722415,1.4966632721920416,13.649721619417374,11.199244009273798,11.796977412722415
1026,10.25,21.055994551191674,17.57868405560431,11.590719279365556,1.5166171858634228,13.52756592515968,11.225644447746237,11.590719279365556
1027,10.26,21.04745066786735,17.558821814508867,11.605298621863943,1.5130004308056935,13.493741692499194,11.235264066757908,11.605298621863943
1028,10.27,21.05821042634112,17.794718252862406,11.260383148956668,1.5802942064641181,13.612853104267572,11.460463693079232,11.260383148956668
1029,10.28,20.75989446884359,17.53807552245948,11.108065777894474,1.5788595308249793,13.567469909854271,11.113408715452305,11.108065777894474
1030,10.29,20.77398053973788,17.683420863330984,10.902059164933878,1.6220257655736392,13.528928066349577,11.387338530369075,10.902059164933878
1031,10.3,20.632780570022444,17.47205209559948,10.974471723930655,1.592063156671165,13.364988872035932,11.25387386110658,10.974471723930655
1032,10.31,20.72741200407709,17.57379287213768,10.990332682588,1.5990228303079363,13.204809241284693,11.596172162143832,10.990332682588
1033,10.32,20.719484783292856,17.591741586104526,10.946582921296711,1.6070532432435676,13.2326223475291,11.59168140693803,10.946582921296711
1034,10.33,20.592375199294537,17.394094445546788,11.022313494358574,1.578080178398973,13.235765754076372,11.285788695692508,11.022313494358574
1035,10.34,20.715377550872937,17.505898301820363,11.07566664907956,1.5805728771437144,13.370615650738024,11.299695238098966,11.07566664907956
1036,10.35,20.263607232142814,17.072524442295656,10.915250213612513,1.5640983127445258,13.192567244884037,10.836385943754284,10.915250213612513
1037,10.36,20.349295945445483,17.14269376450751,10.96457459145768,1.5634618216618363,13.142702798449767,11.006421428207501,10.96457459145768
1038,10.37,20.147087620526825,17.106325102349643,10.643250494182112,1.6072463118011195,13.163805614894642,10.92431143095737,10.643250494182112
1039,10.38,20.27042942321074,17.052836302587234,10.958607714419323,1.556113399346263,13.030355882755247,11.000411425559626,10.958607714419323
1040,10.39,20.239340053586382,17.043462049414128,10.915644148417742,1.561379412673931,12.954559820298554,11.075151398158216,10.915644148417742
1041,10.4,20.278176370358683,17.10368946447169,10.893495472542014,1.570082762468943,13.081363339860507,11.018807851470747,10.893495472542014
1042,10.41,20.520241356917353,17.505683744744605,10.70660272799574,1.6350362658895108,13.396343849153029,11.268847982215187,10.70660272799574
1043,10.42,20.20687433543165,17.169453554618784,10.654934774259052,1.6114086025282828,13.103817786678768,11.094146870207403,10.654934774259052
1044,10.43,20.206555825897304,17.174423028740005,10.646318235662008,1.61317956579682,12.969692874763386,11.258235790052847,10.646318235662008
1045,10.44,20.356043160987586,17.404567186735754,10.55696614631261,1.648633418495418,13.12718619991979,11.427858129598667,10.55696614631261
1046,10.45,20.198237299344896,17.318058476506057,10.394885309851391,1.6660172729460967,13.147672690377938,11.271816722355515,10.394885309851391
1047,10.46,20.121340528152032,17.284758231922986,10.300751308221361,1.6780094688945129,13.14295859526765,11.226108252600705,10.300751308221361
1048,10.47,20.199971747376107,17.307926924589445,10.415110377133063,1.6618092653717749,13.344201334656391,11.02255075593135,10.415110377133063
1049,10.48,20.10504352978467,17.234640965039855,10.352773837996587,1.6647365464302473,13.429273341321995,10.802197309709179,10.352773837996587
1050,10.49,20.097842447211168,17.324255442116595,10.187906772699504,1.7004725139947627,13.260154147709788,11.148907507136357,10.187906772699504
1051,10.5,20.50683105054704,17.6531032963588,10.435423505721564,1.6916518324991703,13.392997252046268,11.500420887889062,10.435423505721564
1052,10.51,20.39424575600569,17.427280730279918,10.593165074913664,1.6451438835358614,13.222788910603436,11.352002778259372,10.593165074913664
1053,10.52,20.200959844855877,17.205458084678266,10.585414056609164,1.625393016528794,13.20538816842834,11.029302390666125,10.585414056609164
1054,10.53,20.330203482013932,17.44302093017866,10.443093145684408,1.67029257393792,13.29555287194061,11.291025329884018,10.443093145684408
1055,10.54,20.19929187310902,17.22829387227472,10.545012206042697,1.6337860531258792,13.462554779619582,10.750522245695814,10.545012206042697
1056,10.55,20.204289965552697,17.24443152062421,10.5281961675605,1.6379284016152538,13.352525026916073,10.912400921661451,10.5281961675605
1057,10.56,20.45171232729311,17.51616112481177,10.557302523276755,1.659151197589736,13.528519683266232,11.1263226508063,10.557302523276755
1058,10.57,20.616275772958833,17.736746943168498,10.508978762024993,1.6877707477401709,13.636554691468053,11.341806217379913,10.508978762024993
1059,10.58,20.161189254531696,17.21699304533845,10.490410031729533,1.6412125925739358,13.525103971131925,10.653469486195757,10.490410031729533
1060,10.59,20.68557540898591,17.795199296953868,10.546274791723137,1.6873445504112776,13.522496162261213,11.567679782909721,10.546274791723137
1061,10.6,20.7349140783871,17.86352200724487,10.527641869610385,1.696820829250528,13.63576236584839,11.539991473369232,10.527641869610385
1062,10.61,20.5082024696766,17.610593691438677,10.509679270668052,1.6756547215088566,13.592307201892046,11.197419126492198,10.509679270668052
1063,10.62,20.837877069658262,17.99156227104956,10.512887701156883,1.7113815711233833,13.582985657155552,11.798254684086139,10.512887701156883
1064,10.63,20.713294217121593,17.80675081425756,10.581123889454304,1.6828789644930524,13.499577480128941,11.612139441939963,10.581123889454304
1065,10.64,20.645776329679904,17.692814049599225,10.640132107331901,1.6628378173432135,13.589099347297008,11.330138918962454,10.640132107331901
1066,10.65,20.217852504707256,17.38725367774418,10.317217136799485,1.6852658470981738,13.206785174509971,11.309173966677324,10.317217136799485
1067,10.66,19.746165820197476,16.9749089487827,10.08779117444805,1.682718114920879,12.869929213366218,11.068534494792248,10.08779117444805
1068,10.67,19.932274346553314,17.092500645564385,10.25387645272014,1.6669306212510586,13.025493848479359,11.067524037554437,10.25387645272014
1069,10.68,19.987448861265534,17.133734082015103,10.29238885723324,1.6646994511846425,13.049858813540586,11.102523521247907,10.29238885723324
1070,10.69,20.130158027417405,17.36662267608743,10.179571652835063,1.70602686128259,13.087708430091274,11.415404995991684,10.179571652835063
1071,10.7,20.021452009806584,17.186311081066798,10.270796074588798,1.6733183052468374,13.024170840625423,11.213396563459346,10.270796074588798
1072,10.71,20.084380139978155,17.162673709608917,10.431920089065471,1.645207551733308,13.058212214252684,11.137345403193846,10.431920089065471
1073,10.72,20.117186730955037,17.183212144841942,10.461282060697418,1.6425531827880375,12.811501369620473,11.451122751540844,10.461282060697418
1074,10.73,20.238140210459754,17.371629360727773,10.38310225952383,1.6730673479396552,12.709779243841274,11.842086734157991,10.38310225952383
1075,10.74,20.447724914749713,17.499421457182688,10.577320211337577,1.6544286367000098,13.009344655491066,11.704131875997975,10.577320211337577
1076,10.75,20.5080333812581,17.425140293416703,10.814061166904054,1.6113410146731515,12.861969190446956,11.756073442661359,10.814061166904054
1077,10.76,20.341805907265027,17.351053126732012,10.617439567153925,1.6342031444576497,12.8695671016377,11.637580814891097,10.617439567153925
1078,10.77,20.82154110957546,17.881790231670255,10.66668422183216,1.6764150751805789,13.192009911206835,12.071838981368101,10.66668422183216
1079,10.78,20.823819957967363,17.82636904602501,10.763458750641506,1.6561933723174767,13.1716622589724,12.011941837215195,10.763458750641506
1080,10.79,20.85228676977002,17.71885953329365,10.993629080887466,1.611738890126652,13.013898687154308,12.02482532601096,10.993629080887466
1081,10.8,20.820697137761385,17.656608858858323,11.033838539133647,1.6002236027141177,12.944450716535911,12.008206862054267,11.033838539133647
1082,10.81,21.03144635319573,17.868345890778695,11.09251778609537,1.6108467198652523,13.207520427740779,12.034915414049152,11.09251778609537
1083,10.82,20.849852945711287,17.729911725178127,10.971171226226344,1.616045484988436,13.062721261353259,11.988122581572076,10.971171226226344
1084,10.83,20.75923081004599,17.595450370180732,11.015706518207061,1.597305659977278,12.851530095718129,12.018238137445287,11.015706518207061
1085,10.84,20.841424869295917,17.82361235648774,10.802029121797622,1.6500244681363736,13.123976463860568,12.059950215916162,10.802029121797622
1086,10.85,20.673442878620218,17.627522171175638,10.801004701428667,1.632026154830209,12.94686254198882,11.962787643945514,10.801004701428667
1087,10.86,20.445843000121474,17.252692173320483,10.971650229489752,1.5724792362545845,12.735840528832954,11.638460089354165,10.971650229489752
1088,10.87,20.44249993035692,17.343202596281664,10.8216970530029,1.602632425518613,12.959597513657696,11.525428780729518,10.8216970530029
1089,10.88,20.25498748319567,17.213362388999776,10.675423795305791,1.6124289507428131,12.651555330455317,11.67210317189922,10.675423795305791
1090,10.89,20.322553840147123,17.29343899906074,10.674416244996427,1.6200828787398038,12.626687167262615,11.81650555766469,10.674416244996427
1091,10.9,19.98556161934963,16.953276402958355,10.58343481322186,1.6018690247686571,12.387041938238157,11.574747203089737,10.58343481322186
1092,10.91,19.952900849901386,16.879600668058448,10.639423556418658,1.5865145868617245,12.526912268414803,11.31359305139432,10.639423556418658
1093,10.92,19.956650811360944,16.83384071523715,10.71866215442101,1.5705169612323195,12.464530902130177,11.314312290891477,10.71866215442101
1094,10.93,20.12993640587929,17.105527028885323,10.612034902355816,1.6118988663604927,12.632835857908889,11.533018387354534,10.612034902355816
1095,10.94,20.425772984382384,17.52297150985964,10.49560248266733,1.6695536572385876,12.739894784756236,12.031193266201551,10.49560248266733
1096,10.95,20.0915823313838,17.09925009015876,10.549280872788406,1.6208924851234008,12.555389371131005,11.60803822293349,10.549280872788406
1097,10.96,20.061721526794297,17.12115757958216,10.456511548014372,1.6373680171407992,12.518769476835248,11.679659569128795,10.456511548014372
1098,10.97,20.202352581596536,17.21662936506499,10.569897025852336,1.62883605421659,12.588894764958434,11.744447849550879,10.569897025852336
1099,10.98,19.91678527872018,16.88917534553772,10.55623474475278,1.5999241920925331,12.354055761164558,11.516143021965123,10.55623474475278
1100,10.99,20.12559152757348,17.01829917420899,10.743227054840416,1.58409564345392,12.406880655289557,11.648683152540643,10.743227054840416
1101,11.0,20.334993775307854,17.27971989695412,10.720226309393704,1.6118801411694634,12.424000159043638,12.009701901599215,10.720226309393704
1102,11.01,20.378957248638873,17.40483981571339,10.600634392865777,1.6418677572190248,12.361704549401685,12.25221243873709,10.600634392865777
1103,11.02,20.36821235594142,17.36810402033751,10.64016152675611,1.6323158230881258,12.510996500371277,12.046825466858957,10.64016152675611
1104,11.03,20.22288576622046,17.23771979248967,10.574787235174623,1.6300772213319166,12.64983646920521,11.709851448534948,10.574787235174623
1105,11.04,19.94378052158307,16.94563321455608,10.51664853700122,1.611314969301813,12.594425961981372,11.337324187410177,10.51664853700122
1106,11.05,19.974835430756233,16.93557615831709,10.591520696842185,1.5989749388269012,12.543908948742336,11.378228689028015,10.591520696842185
1107,11.06,19.87844377214389,16.783414821403113,10.652206988929215,1.575580988882964,12.599390881121643,11.08775732472543,10.652206988929215
1108,11.07,19.52240577937052,16.277939780877798,10.777430301538281,1.510373004087479,12.50021301312695,10.4266964152763,10.777430301538281
1109,11.08,19.248371557563242,15.922493681113199,10.815452029061,1.4721986319508085,12.136608610002611,10.30672287745723,10.815452029061
1110,11.09,19.20728563580723,15.859669094355231,10.83469970571591,1.4637848325402476,12.30310811931361,10.00812841578914,10.83469970571591
1111,11.1,19.64878753163805,16.379573871208333,10.852852678493525,1.5092413355676333,12.5043700847125,10.579752784773273,10.852852678493525
1112,11.11,19.59085705695026,16.301860101072094,10.86512942725173,1.5003834248107575,12.358416992613181,10.631094590474495,10.86512942725173
1113,11.12,19.20771245683824,15.817940722905357,10.896282352767448,1.4516823454825307,12.62065345606322,9.53553118894313,10.896282352767448
1114,11.13,18.50229128347597,15.01733663074966,10.808070283697052,1.3894558636801138,12.23338223289607,8.710037808478122,10.808070283697052
1115,11.14,18.915788173348425,15.575051594802476,10.734281999194405,1.4509635200539137,12.4438263861809,9.366611823458209,10.734281999194405
1116,11.15,19.0630546260577,15.714680750650942,10.791147324598093,1.4562567146896237,12.441532109103795,9.59997238918001,10.791147324598093
1117,11.16,19.40999963485942,16.068044061416124,10.888803693043268,1.4756482451494477,12.670416915719132,9.881425764608489,10.888803693043268
1118,11.17,18.823787586605675,15.273526535021492,11.002470917464146,1.3881905846056752,12.611060640630404,8.616365958706043,11.002470917464146
1119,11.18,18.881724896709024,15.354381321550028,10.989199666374114,1.3972247104157136,12.912084534931022,8.308736289614654,10.989199666374114
1120,11.19,19.180811790426773,15.5875677505956,11.177265880364786,1.3945778795490975,13.107449280771801,8.436056053121195,11.177265880364786
1121,11.2,19.202971041287192,15.549534264381297,11.267922655633843,1.3799823392119837,13.148563152212857,8.300801339114093,11.267922655633843
1122,11.21,19.203775741209732,15.497540933430948,11.340689032651742,1.3665431517265778,13.066493636119503,8.33309780577525,11.340689032651742
1123,11.22,19.033500541378576,15.288639142505549,11.337180250349107,1.3485398313248802,12.959363855853303,8.111558129074576,11.337180250349107
1124,11.23,18.968731121411125,15.48769321040038,10.951900263283491,1.414155793796191,13.118033326151187,8.23321581360946,10.951900263283491
1125,11.24,19.015856470406717,15.414189297259886,11.13577862618272,1.384203998184524,13.053746723255728,8.197373248599305,11.13577862618272
1126,11.25,19.14292191395032,15.466080810418852,11.280594123058995,1.3710342417873347,13.09342633769326,8.231758158121918,11.280594123058995
1127,11.26,19.32089876644285,15.605066276469346,11.392060202181687,1.3698195058239622,13.317969895999948,8.133250970075864,11.392060202181687
1128,11.27,19.22954370758986,15.356248092276395,11.574152052334817,1.3267708962902927,13.233485544593355,7.790328350755257,11.574152052334817
1129,11.28,19.045364198731544,15.266147024361187,11.387302248246211,1.3406289471865356,12.921218510226238,8.130028116827075,11.387302248246211
1130,11.29,18.994326883377695,15.273635047374093,11.291613090795773,1.352653064230851,12.965550911739076,8.073315125490655,11.291613090795773
1131,11.3,19.18431424775213,15.519955850847834,11.276918175824433,1.3762586203843943,13.252099306719474,8.077802521547007,11.276918175824433
1132,11.31,19.367143286880225,15.787825858649326,11.217432582882479,1.407436660929093,13.503266761785799,8.180295355492197,11.217432582882479
1133,11.32,19.23784440691332,15.639587562693213,11.202587125010805,1.3960692640163805,13.20556060197698,8.379132909714563,11.202587125010805
1134,11.33,19.37048673786106,15.651852864838764,11.412066349223961,1.3715178641511416,13.319622106410186,8.219985708320328,11.412066349223961
1135,11.34,19.58346162195537,15.950983149101864,11.361254581940642,1.403980786986048,13.662558107069366,8.232154602161259,11.361254581940642
1136,11.35,19.52547825531552,15.960323542576907,11.247771935590825,1.4189764545344634,13.663018301376123,8.24947625489011,11.247771935590825
1137,11.36,19.454743626952492,15.842471821220947,11.29172866235586,1.4030156316132767,13.555877945266241,8.198907643047583,11.29172866235586
1138,11.37,19.59311551215877,15.860722908022314,11.503375344121082,1.3787886106079377,13.643563232429857,8.08799811373321,11.503375344121082
1139,11.38,19.452383322776985,15.886931592364993,11.224999844800323,1.4153168652135157,13.631635117743183,8.159235223793692,11.224999844800323
1140,11.39,19.54787167509275,15.758149831853748,11.567195031758608,1.3623138356869195,13.561363824652867,8.025502933682652,11.567195031758608
1141,11.4,19.425830002388885,15.675430145669882,11.473611507713521,1.36621587153544,13.54587852610541,7.888490679957249,11.473611507713521
1142,11.41,19.69087455967524,15.946872243600527,11.551095470610083,1.3805506399089849,13.74414517488441,8.08710132033836,11.551095470610083
1143,11.42,19.29587990568339,15.482942644953898,11.515618454413287,1.3445168148151139,13.296699302800153,7.932168719703705,11.515618454413287
1144,11.43,19.69122932567059,15.949741669825725,11.547738004560642,1.3812005142069004,13.682420824965938,8.196683457515823,11.547738004560642
1145,11.44,19.67131958414473,15.944492302530197,11.521023365834793,1.3839475709955638,13.672132764169106,8.203634588667292,11.521023365834793
1146,11.45,19.623633092409893,15.941673701136526,11.443339344440359,1.3930963000657357,13.750554840545814,8.065928463025818,11.443339344440359
1147,11.46,19.592948665041583,15.869187239696625,11.491411303334527,1.3809606862728667,13.64732611072695,8.098246333374938,11.491411303334527
1148,11.47,19.49667236392006,15.725156795608024,11.525609615963356,1.3643665992146874,13.54945605541284,7.9807767071190225,11.525609615963356
1149,11.48,19.341208281965475,15.587597094169976,11.450290591779483,1.3613276422312628,13.374360160030424,8.006227168895926,11.450290591779483
1150,11.49,19.20219476093465,15.484637389564803,11.355628056191248,1.363609067938991,13.243488831286781,8.023964024214624,11.355628056191248
1151,11.5,19.218080978674315,15.524391892884124,11.328190184625132,1.370421191723473,13.368287818595986,7.892757721039233,11.328190184625132
1152,11.51,18.96271755873126,15.359227252932042,11.12109686159618,1.3810892436312774,13.154475673515678,7.9287849991089185,11.12109686159618
1153,11.52,19.116932815038847,15.377134552574477,11.357854251870341,1.3538767280837634,13.190018828037656,7.904408286772135,11.357854251870341
1154,11.53,19.120472554088405,15.49436584798895,11.203441331141146,1.38300057902037,13.220124571841378,8.081069195120293,11.203441331141146
1155,11.54,18.875082506153745,15.277443242694062,11.084604980799845,1.378257797112015,12.970818758828928,8.072058768328564,11.084604980799845
1156,11.55,18.799354762529767,15.44070652776192,10.723820280617405,1.43985129587354,13.121173805054822,8.139423570131532,10.723820280617405
1157,11.56,18.759658620865657,15.40137951773527,10.710849663873711,1.4379232274804585,13.004968880018328,8.250653033491975,10.710849663873711
1158,11.57,18.675704785395986,15.333998055156389,10.660696641201389,1.4383673573351348,12.962492875643996,8.191780929957698,10.660696641201389
1159,11.58,18.922359268738436,15.444788877235002,10.932253968548725,1.4127726013014792,13.089669084625289,8.197686668650308,10.932253968548725
1160,11.59,18.915158981872505,15.508481808552412,10.82913806834648,1.4321067577745297,13.197292190246085,8.145212511130133,10.82913806834648
1161,11.6,18.89009400202437,15.490067334594912,10.811728140081621,1.4327096587981698,13.054500004430622,8.337998300827676,10.811728140081621
1162,11.61,19.00919304642782,15.584783819246415,10.884113817105872,1.4318835764794005,13.239604331771032,8.221822415425581,10.884113817105872
1163,11.62,18.920800698246506,15.334195226331133,11.08418494177758,1.3834301129832984,13.119552363873105,7.9381917973067475,11.08418494177758
1164,11.63,18.876320450095186,15.266240729780545,11.102133475826674,1.3750727067928543,13.018996930079174,7.972692453255641,11.102133475826674
1165,11.64,18.94769243369906,15.360175600701332,11.094145035904125,1.384529907531495,13.03297700555338,8.128745589394306,11.094145035904125
1166,11.65,19.111830453634127,15.383109005051425,11.341164870821805,1.3563958535360514,13.049450333348728,8.145666863968785,11.341164870821805
1167,11.66,18.979879437851046,15.358180702783068,11.151776045815424,1.3771959407798589,12.990927969023124,8.192039123624287,11.151776045815424
1168,11.67,18.855760394622436,15.142107068608446,11.236382584364515,1.3475962530573466,12.764101568784229,8.146233339339224,11.236382584364515
1169,11.68,19.165874309175546,15.475328784711623,11.306853542882347,1.368668014140267,12.921191641862455,8.516372910411329,11.306853542882347
1170,11.69,19.25342745189808,15.541742440967111,11.364361422629266,1.3675860757138225,12.849825736958522,8.74229584440819,11.364361422629266
1171,11.7,19.147095346661715,15.401211657620435,11.376024775435887,1.3538307063884112,12.659637752812108,8.771025737643114,11.376024775435887
1172,11.71,19.137487759460868,15.489164402654666,11.23962738933325,1.3780852216999966,12.680612918892512,8.894732705015974,11.23962738933325
1173,11.72,19.089527704352204,15.524640678413805,11.108357204437098,1.3975640495439483,12.830365203059184,8.740491802523968,11.108357204437098
1174,11.73,19.007316265031438,15.462602485531955,11.053777452678773,1.3988523427151818,12.875956747777549,8.561647823575832,11.053777452678773
1175,11.74,19.189113023618592,15.631410924041854,11.130186483476088,1.4044159050927223,12.94066244683357,8.768139079266842,11.130186483476088
1176,11.75,19.264735777249946,15.767197765092442,11.069124590667418,1.424430417775409,13.036334534181687,8.868963145511318,11.069124590667418
1177,11.76,19.39804192512661,15.953724795630686,11.03461352627487,1.4457891758186876,13.257383324151572,8.874858998949177,11.03461352627487
1178,11.77,19.42402502625803,15.805900288090974,11.290095850063626,1.3999792825498376,13.322798231071499,8.504677019806957,11.290095850063626
1179,11.78,19.46675959248747,15.811518325474939,11.355642530252222,1.3923931017863544,13.343814765618864,8.482141195339878,11.355642530252222
1180,11.79,19.35003438899019,15.79893586424148,11.172173307494257,1.4141327232762857,13.181444128654629,8.709529558223686,11.172173307494257
1181,11.8,19.515422585501618,15.958380322914177,11.233067976289126,1.4206608877111122,13.442707947227493,8.60020381016178,11.233067976289126
1182,11.81,19.398140932615174,15.841026513605536,11.195970285636115,1.4148864376613077,13.272914171628168,8.646841642897465,11.195970285636115
1183,11.82,19.639695490449256,16.151983144783582,11.172782976868383,1.4456544245264502,13.4319583931613,8.970454460826197,11.172782976868383
1184,11.83,19.439102726000286,16.008112429502177,11.028102794062528,1.4515744664731325,13.245914771846168,8.989182688797102,11.028102794062528
1185,11.84,19.43045331759242,15.904941796410197,11.161332473317971,1.425003854551613,13.170226429827844,8.916967496534916,11.161332473317971
1186,11.85,19.59291164061793,16.089454283580633,11.18086076353831,1.439017498192057,13.535459533299086,8.698383434055666,11.18086076353831
1187,11.86,19.48192698054557,15.861684825664208,11.311606135584958,1.4022486847173052,13.16149991051588,8.852568306101716,11.311606135584958
1188,11.87,19.737847132967538,16.114889984534415,11.397057963823263,1.4139517440103029,13.504172657291663,8.793577204738911,11.397057963823263
1189,11.88,19.820814316709455,16.057783262717912,11.619478338765946,1.3819711001262849,13.208393629261634,9.131853100379145,11.619478338765946
1190,11.89,19.815557037938007,16.19536549315514,11.417812280244155,1.4184298266295217,13.201099812651023,9.381941547105555,11.417812280244155
1191,11.9,20.3197865305026,16.85703076515995,11.346111158791182,1.485709996071985,13.349100020923217,10.293736680571193,11.346111158791182
1192,11.91,20.36212895730566,16.972072157779717,11.250113881426463,1.5086133648655773,13.362433422764775,10.464062612153096,11.250113881426463
1193,11.92,20.30595757997182,16.880605219404117,11.286145518565739,1.4956926783936533,13.466991654713052,10.178161344037662,11.286145518565739
1194,11.93,20.091933718122498,16.61914950612212,11.291132371316378,1.4718762440816708,13.538852667447754,9.638236288656861,11.291132371316378
1195,11.94,20.619389193675374,17.211972256568906,11.353731622658655,1.5159749083921408,13.832674896557599,10.24251405500832,11.353731622658655
1196,11.95,20.51516830414678,16.958746906777737,11.544394046433322,1.4690027764616367,13.920744809327756,9.685657468737876,11.544394046433322
1197,11.96,20.332892769130837,16.64944060352227,11.671446180776279,1.4265105065510313,13.69038693818906,9.475081946499369,11.671446180776279
1198,11.97,20.44789865393476,16.72121023271965,11.769353750940564,1.4207415790678695,13.563804802951207,9.778653839575574,11.769353750940564
1199,11.98,20.925379407594782,17.20886497717491,11.904892672727227,1.4455287796586764,13.948977266542443,10.078247219636923,11.904892672727227
1200,11.99,20.230497247065948,16.52855851606215,11.665323495070858,1.416896712984105,13.551690951608617,9.462817707796125,11.665323495070858
1201,12.0,20.355400239649857,16.590419124485944,11.794079539761826,1.4066734982203601,13.643527985369953,9.439075740692825,11.794079539761826
1202,12.01,20.475929601311204,16.875466640240433,11.596651185233807,1.4552017104496704,13.789026990590214,9.728520389999822,11.596651185233807
1203,12.02,20.643280130563312,17.172847004548522,11.455930355378339,1.4990355625273335,13.603342698186918,10.481208979755904,11.455930355378339
1204,12.03,20.431936691713915,17.085646599486775,11.20467390206655,1.524867813987479,13.639264694517191,10.290275910559975,11.20467390206655
1205,12.04,20.209924067367584,16.830348277809637,11.188405054179693,1.5042669796373043,13.558378518081717,9.97150916926771,11.188405054179693
1206,12.05,20.747136253132012,17.547062838868207,11.06997057063997,1.5851047414170123,13.33524086167665,11.404857098283125,11.06997057063997
1207,12.06,20.386606334069835,17.227229615943756,10.901205326929986,1.5803050304342183,13.464695574427237,10.746134808778885,10.901205326929986
1208,12.07,20.93944730014632,17.78050376225548,11.059572288114206,1.6077026578472935,13.69904895130512,11.335006478574567,11.059572288114206
1209,12.08,20.663269917730283,17.314833022407967,11.276847125819684,1.5354320963315709,13.824773423866873,10.42492601281245,11.276847125819684
1210,12.09,20.931192483836355,17.59985022637725,11.329611238012372,1.553438141577831,14.13034345542506,10.492288683725658,11.329611238012372
1211,12.1,20.633133623850267,17.238171124410048,11.338944369967429,1.5202624302547456,14.014531622763476,10.037302780578402,11.338944369967429
1212,12.11,20.89535566984544,17.61797058645576,11.234901022444376,1.5681464884523406,13.812981310688382,10.935924053128465,11.234901022444376
1213,12.12,21.30287937715655,18.064552791447454,11.290907944124331,1.5999202970074746,13.893725812317156,11.54523497409836,11.290907944124331
1214,12.13,20.959435559042397,17.734246870734168,11.171142595164842,1.5875051920302232,13.607946148939398,11.37221674431639,11.171142595164842
1215,12.14,20.97727851209589,17.75235431808191,11.175872670146097,1.588453523231653,13.52114013047192,11.503254035570249,11.175872670146097
1216,12.15,20.19565385455395,16.77635845976357,11.24358623582703,1.492082517791938,13.244798802093202,10.296674602149533,11.24358623582703
1217,12.16,20.865303818984884,17.67927451502217,11.081703663292611,1.5953570905873942,13.368233382782483,11.569230034923342,11.081703663292611
1218,12.17,20.07551013228911,16.888565151146622,10.853684821622508,1.5560213354916608,13.348863236351962,10.345602116923653,10.853684821622508
1219,12.18,19.820229977899732,16.715061138398564,10.651208734994976,1.56931119784373,13.108676908091248,10.370914066738628,10.651208734994976
1220,12.19,19.999621324561545,16.910451286934922,10.678084584702356,1.5836596116836519,13.223919962299725,10.53998593730038,10.678084584702356
1221,12.2,20.096626475661747,16.944113393648085,10.806082407860131,1.5680163036072416,13.477625324324205,10.269206118972356,10.806082407860131
1222,12.21,20.383896637572498,17.336736421682815,10.721045302410396,1.617075194877222,13.812630212932394,10.477293369744434,10.721045302410396
1223,12.22,20.513088506491247,17.379834165631802,10.896245429058615,1.5950296162825455,13.785186396004503,10.58429363029366,10.896245429058615
1224,12.23,20.59937316361258,17.40145865574262,11.023765753418491,1.5785403141704453,14.053731744888,10.261743876663802,11.023765753418491
1225,12.24,20.29495805030169,17.06951242982265,10.978026583664091,1.554879859302129,13.887372094943991,9.925177625032255,10.978026583664091
1226,12.25,20.197996850095674,17.020319668834613,10.87509977550351,1.5650725069367544,13.797438298945979,9.966041240939006,10.87509977550351
1227,12.26,20.32870003106448,17.244661579645445,10.764650108410457,1.6019713976743315,13.836045357762673,10.29282283216969,10.764650108410457
1228,12.27,19.97393635637646,16.943414920036062,10.57727868669804,1.6018690082680773,13.717110214694536,9.945863286332841,10.57727868669804
1229,12.28,20.272678129431043,17.227262319525348,10.686576229727361,1.6120469221567377,14.025803132287438,10.002770292276727,10.686576229727361
1230,12.29,20.123469985293276,17.06321310113716,10.667745915336596,1.5995143900649202,13.816300116237532,10.01314598080311,10.667745915336596
1231,12.3,20.23699616023633,17.176792238759983,10.700178595513945,1.6052808918499137,13.986665265075096,9.970726471840806,10.700178595513945
1232,12.31,20.22409093479027,17.167850816870622,10.69012406234561,1.60595431042207,13.972622783097268,9.975014497813849,10.69012406234561
1233,12.32,20.236393003185153,17.26607781131389,10.554343124657981,1.6359215924082824,13.958523164657489,10.162532855940302,10.554343124657981
1234,12.33,20.049173682207076,17.06027060659063,10.531691799953347,1.6198983915068808,13.754123440939043,10.093409807469001,10.531691799953347
1235,12.34,20.043188144765026,16.97913872910122,10.650738895700357,1.5941747230284278,13.737846563087418,9.978112235845623,10.650738895700357
1236,12.35,20.00113280459423,16.861894732103195,10.757407657539343,1.5674682292332311,13.5312240938849,10.061285627473174,10.757407657539343
1237,12.36,20.12882252779491,16.876702404285297,10.970251242002378,1.5384061888818532,13.505129269554514,10.12099636673342,10.970251242002378
1238,12.37,20.69242811664606,17.42539494381523,11.159399285562953,1.5614993690886811,13.623357736806332,10.865013250012192,11.159399285562953
1239,12.38,20.57503454102825,17.26489200623034,11.191762612641018,1.5426427993325882,13.92006632061679,10.213141025973666,11.191762612641018
1240,12.39,20.303855884917088,16.98994847555717,11.11702363914888,1.5282821218196063,13.633335238356695,10.138565947937064,11.11702363914888
1241,12.4,20.445364564950268,17.09110136420989,11.220837150232011,1.5231574200198157,13.912873875531558,9.92661505072342,11.220837150232011
1242,12.41,20.411585641824164,17.07745732738954,11.18003934003418,1.5274952804716455,13.863551474503726,9.97203536308392,11.18003934003418
1243,12.42,21.020074740825812,17.59356652778097,11.502606615130697,1.529528663932411,14.075518215455398,10.555253200839768,11.502606615130697
1244,12.43,20.7120269430706,17.28029540383799,11.418382146634352,1.5133751158373585,14.125682002438971,9.953578110904445,11.418382146634352
1245,12.44,20.381298489491744,16.961008569917514,11.301394445330327,1.5007890089993017,14.037498673810818,9.51968711101236,11.301394445330327
1246,12.45,20.392209511862394,17.0691848489355,11.1572907718927,1.529868244711876,14.09528756931323,9.627042107807211,11.1572907718927
1247,12.46,20.296668929433572,17.0126296866973,11.069110206983206,1.536946454464288,14.106341832091886,9.510030965925862,11.069110206983206
1248,12.47,20.46005085211902,17.18980081245922,11.096144776419983,1.549168757151461,14.350684198468807,9.462933742124656,11.096144776419983
1249,12.48,20.20195887121419,16.870300802965886,11.11359946424552,1.517987116347024,13.886355611688689,9.579988361593843,11.11359946424552
1250,12.49,20.467409010308494,17.086445221338497,11.268017629266307,1.5163665680607428,13.97333246891101,9.833239039862628,11.268017629266307
1251,12.5,21.03974003090027,17.749151560724307,11.297711247961027,1.5710395823691825,14.108659844117172,10.769312815985879,11.297711247961027
1252,12.51,20.5131791311219,17.15642473013117,11.244892553725828,1.5257081958018928,14.019993214696154,9.888513527347287,11.244892553725828
1253,12.52,20.452613573185072,17.026544229116052,11.331645669892309,1.5025658871733734,13.829046525232128,9.932808293177228,11.331645669892309
1254,12.53,20.826383387681485,17.633476603261,11.081459646316556,1.5912593797264165,13.981141523444984,10.745565542080861,11.081459646316556
1255,12.54,21.28991885066145,18.15038432814872,11.127631976671548,1.631109329118718,14.325930021748432,11.144692919568207,11.127631976671548
1256,12.55,21.460838475741056,18.22123702671116,11.338170456394538,1.607070302637291,14.51824745728675,11.010629843590994,11.338170456394538
1257,12.56,21.039277522379102,17.695476971857076,11.380742216664183,1.554861417205864,14.311800082862112,10.406838311884744,11.380742216664183
1258,12.57,20.84416427637071,17.590857945835207,11.182168891130884,1.5731168181324253,14.106566296984164,10.509189815554011,11.182168891130884
1259,12.58,21.145316491502566,17.897908967517715,11.260073894795685,1.5895019104439434,14.282835276534753,10.785905704804094,11.260073894795685
1260,12.59,21.022300571532373,17.776782984701146,11.22154659726948,1.5841651443150218,14.182500210510323,10.717775005290735,11.22154659726948
1261,12.6,20.793853928768833,17.513064817026205,11.210571882183979,1.562191920365655,13.992170782170284,10.53216958123735,11.210571882183979
1262,12.61,20.102845720535242,16.739285059340098,11.131969357027335,1.5037128222755125,13.575432716163863,9.79343100587095,11.131969357027335
1263,12.62,19.84007208244154,16.486566960793738,11.037280918946504,1.493716349331386,13.236836505401943,9.82817630499139,11.037280918946504
1264,12.63,19.51294842210484,16.200032563913357,10.877228555651051,1.4893529616509664,13.149747461248584,9.461775561555006,10.877228555651051
1265,12.64,19.74255128810699,16.438275440857165,10.933957741552108,1.5034149417266454,13.283319312561865,9.683508016726623,10.933957741552108
1266,12.65,19.704814581114526,16.296318301950443,11.07744228049141,1.4711264468197722,13.329532349443832,9.37515640102155,11.07744228049141
1267,12.66,19.828930878156534,16.348301633295897,11.221387324100544,1.45688774133873,13.28826434512807,9.523077075568766,11.221387324100544
1268,12.67,20.324031589439933,16.929364192533424,11.24557193232606,1.5054249169727836,13.70334556904389,9.94091002769857,11.24557193232606
1269,12.68,20.552619902093017,17.18604172830736,11.271652698375165,1.5247135613737253,13.545603411707061,10.577176300878786,11.271652698375165
1270,12.69,20.577125453154746,17.230740632235367,11.24809624689894,1.5318806181966855,13.686155133206789,10.468408685428953,11.24809624689894
1271,12.7,20.791707199770762,17.4636499009639,11.28344009677735,1.547723899021866,13.74734936327115,10.769839987093809,11.28344009677735
1272,12.71,20.905094309202504,17.578971254252327,11.313829489559282,1.5537596063715378,13.825133914570339,10.857527462642064,11.313829489559282
1273,12.72,20.759084161734915,17.39268522020394,11.332875895592114,1.5347106401269928,13.785691388607363,10.604725932676311,11.332875895592114
1274,12.73,21.06597840591462,17.66966261926361,11.469894032634276,1.5405253587338892,13.769582296670178,11.073191972228651,11.469894032634276
1275,12.74,20.999358299174435,17.652553488941386,11.373671539884095,1.5520540950245585,13.99708069946092,10.756132045150588,11.373671539884095
1276,12.75,21.144540864562032,17.684316725497126,11.591227300223055,1.5256638721213602,14.025635993090624,10.771099899129066,11.591227300223055
1277,12.76,20.540823817809205,16.961487158421512,11.585913709715781,1.4639749253611178,14.05399532316773,9.496170916831556,11.585913709715781
1278,12.77,20.415609981038315,16.773165875747637,11.6386441393543,1.4411615025698512,14.0457033146076,9.168277476896417,11.6386441393543
1279,12.78,20.697347384890897,17.105798108625446,11.65211825539872,1.4680419245401923,14.096654782157621,9.689822128693933,11.65211825539872
1280,12.79,20.58769742571552,16.958111642602823,11.673719836017655,1.4526742016097478,14.113413175455522,9.401548756553884,11.673719836017655
1281,12.8,21.559576620666416,18.18968053059989,11.573714453756892,1.5716372304913242,14.306849690355351,11.232921692189606,11.573714453756892
1282,12.81,21.26521784042389,17.842487109339952,11.569578365425425,1.5421899178850385,14.13216728967579,10.892024327166185,11.569578365425425
1283,12.82,21.028395734175515,17.617123158431138,11.481741974707512,1.5343597859313434,14.331137611605003,10.246049147674977,11.481741974707512
1284,12.83,20.8260302161955,17.532300993042256,11.240193790823078,1.5597863630568625,13.95155123348652,10.617711443151544,11.240193790823078
1285,12.84,21.087383280021577,17.782648654740154,11.333805204811034,1.568991908136173,14.2546054350348,10.631501167257996,11.333805204811034
1286,12.85,20.958964822795245,17.65247682843052,11.29903837788385,1.562299041569994,14.304737658535942,10.343327254744484,11.29903837788385
1287,12.86,20.33284308386967,17.04759201665201,11.081701778474699,1.538355061112145,13.920144908242348,9.841237691456902,11.081701778474699
1288,12.87,20.97809316562624,17.757616257377244,11.169040143245338,1.589896359009548,13.800218182248871,11.17528135066837,11.169040143245338
1289,12.88,20.664037523115407,17.420057127861295,11.115037400691484,1.5672513280771836,13.82355160954488,10.600368448134258,11.115037400691484
1290,12.89,20.837549466714968,17.50823356348448,11.298903719576904,1.5495515315480615,13.899797599259758,10.645838116989056,11.298903719576904
1291,12.9,20.17875277877058,16.660173498884937,11.385107935096324,1.4633303077898299,13.974697654465466,9.070237399276019,11.385107935096324
1292,12.91,20.634710201556715,17.328227952361836,11.203739604846882,1.5466467950455953,14.037448644423485,10.159602331006234,11.203739604846882
1293,12.92,20.55675138005995,17.20753515541424,11.24636657666731,1.5300528431213056,13.794355909361645,10.286642366227985,11.24636657666731
1294,12.93,20.348991225587284,17.00887095288578,11.17048579100778,1.5226617061343821,13.900775489252817,9.801537220727662,11.17048579100778
1295,12.94,20.33496251536278,16.862604326145036,11.36500223673907,1.4837308409525996,13.826666972251072,9.652497350353777,11.36500223673907
1296,12.95,20.19625664762723,16.602888410809438,11.499255584386178,1.4438228882705268,13.821113648885529,9.199604398363034,11.499255584386178
1297,12.96,20.267323689045384,16.627429590879238,11.588485436712325,1.4348233582106886,14.021099284912776,8.937571797880283,11.588485436712325
1298,12.97,20.153714250464883,16.449422315969546,11.644256247621593,1.4126640608179193,13.783569409477217,8.977566979045092,11.644256247621593
1299,12.98,20.317776444963915,16.666441686345596,11.62074701485117,1.4341971015328094,13.881560285381012,9.223478873380197,11.62074701485117
1300,12.99,20.13928923351234,16.61925668772322,11.375028702321286,1.4610298683757827,13.790962788721485,9.274105790453993,11.375028702321286
1301,13.0,20.236914539791076,16.58561578295359,11.595260203680137,1.430378921353537,13.825839504816381,9.161266991351027,11.595260203680137
1302,13.01,20.636597542550717,16.98212769116083,11.725037194581464,1.448364504891195,13.965419842234086,9.662282833214205,11.725037194581464
1303,13.02,20.351134607155693,16.668248291507297,11.676394079133942,1.4275167640405306,13.966855440626373,9.09711219057902,11.676394079133942
1304,13.03,20.32441362301722,16.602956266089908,11.722782619574328,1.416298229258881,13.938425363537378,9.021000784768395,11.722782619574328
1305,13.04,20.348663475039096,16.649930533428808,11.698201505034234,1.423289770334665,13.936396960784874,9.11027038673557,11.698201505034234
1306,13.05,20.344132423021538,16.59214243600451,11.772193229333881,1.4094351080357999,13.908950417170944,9.046562270240667,11.772193229333881
1307,13.06,20.615400773750007,16.95234532146365,11.730845543445788,1.4451085609029433,14.240218443185862,9.197727468701155,11.730845543445788
1308,13.07,20.682509128488682,17.103528889842966,11.629079213950032,1.47075521416398,14.271263746922532,9.426650070489922,11.629079213950032
1309,13.08,20.652629394509077,17.155601110932196,11.49854127398438,1.4919806523412669,14.072546525204897,9.812139612406748,11.49854127398438
1310,13.09,20.940978316837413,17.460979207678104,11.5602239586994,1.5104360668149701,14.359685080784658,9.934044456899597,11.5602239586994
1311,13.1,20.498383020743464,17.034776600502486,11.401758313351358,1.4940482101392127,14.058821947950584,9.61941470490019,11.401758313351358
1312,13.11,20.56938147847853,16.940884291395083,11.666443066879426,1.4521036269820395,14.197838059946358,9.242021153296246,11.666443066879426
1313,13.12,20.766881820742437,17.044517682270467,11.863717694527804,1.4366927906698532,14.30847553176195,9.261917240949638,11.863717694527804
1314,13.13,20.6103596056799,16.9422126671861,11.736624430187778,1.4435336810820176,14.24820412994946,9.1666378313672,11.736624430187778
1315,13.14,20.47094040578366,16.774505615208813,11.733514497475772,1.4296232913691382,14.132106867988348,9.037012454701417,11.733514497475772
1316,13.15,20.525445555582472,16.818303754544907,11.765992269037111,1.4293995244925704,14.247969997019846,8.935921449081874,11.765992269037111
1317,13.16,20.613796408095734,16.88970135850432,11.818062039732155,1.429143060996074,14.39321066541598,8.837278920596445,11.818062039732155
1318,13.17,20.320435725479268,16.78485159817457,11.453770772133986,1.4654432965439323,14.216848917371218,8.922580906519382,11.453770772133986
1319,13.18,20.433587843873894,16.8110279753313,11.615543490768706,1.4472872482197354,14.197479914534089,9.002345564561091,11.615543490768706
1320,13.19,20.25620561741058,16.627398107167664,11.569075079736198,1.4372279540558404,14.076280704022015,8.850349674211769,11.569075079736198
1321,13.2,20.141608795921556,16.543715808990513,11.48868452518834,1.4400008784921616,14.007959716712163,8.801795120520127,11.48868452518834
1322,13.21,20.193875692590623,16.56448971841,11.550337478034645,1.4341130508013988,14.021473643070763,8.819330842415571,11.550337478034645
1323,13.22,20.228573372596163,16.637169317167945,11.506510235618446,1.4458918452675187,14.092488782578274,8.84291596709027,11.506510235618446
1324,13.23,20.338272479562097,16.682224231096487,11.633946972387754,1.43392644565859,14.093930615158182,8.92511765254048,11.633946972387754
1325,13.24,20.410375095218345,16.583311017933177,11.898622071904182,1.3937169293821672,14.111485487347348,8.710463917489644,11.898622071904182
1326,13.25,20.430432577324638,16.446067169065348,12.12144586949918,1.356774377093749,13.997797973285524,8.633352606519255,12.12144586949918
1327,13.26,20.25976408149629,16.370465205499446,11.93590841090108,1.3715307324701218,13.969190064722525,8.535447263039329,11.93590841090108
1328,13.27,20.399008308205822,16.56580900138216,11.903508394081804,1.3916744923386086,14.198875498465814,8.5333441539259,11.903508394081804
1329,13.28,20.4468450768431,16.65860025373346,11.855990518836219,1.4050787428740847,14.172532283471515,8.754900975319266,11.855990518836219
1330,13.29,20.26615142433275,16.517250043263687,11.742970006020203,1.4065649520347816,14.010928707975252,8.747195306595664,11.742970006020203
1331,13.3,20.280972644343606,16.372232892268872,11.96945452065059,1.3678345044063858,13.911913949094075,8.63183990535578,11.96945452065059
1332,13.31,20.28110067225679,16.35167290505649,11.997743024596591,1.3628957439356635,13.855719936868454,8.683100357880503,11.997743024596591
1333,13.32,20.249628416105594,16.337252791605465,11.964180799934885,1.365513700001456,13.774022235496775,8.785336660189012,11.964180799934885
1334,13.33,19.984309506785777,16.132795938073627,11.794300389742636,1.3678467908197531,13.633444408792892,8.625328882534209,11.794300389742636
1335,13.34,20.081233212551858,16.11891510346969,11.976497953242948,1.345878834230091,13.560947585633357,8.713215519690081,11.976497953242948
1336,13.35,20.206907693072253,16.057283019630834,12.267142313669385,1.3089668815318187,13.44586542009601,8.777530465751232,12.267142313669385
1337,13.36,19.91009807329285,15.886410365606146,12.001415374184047,1.3237114015551046,13.298782137255767,8.690249016584355,12.001415374184047
1338,13.37,20.007522458500368,15.886503307345377,12.162235304133079,1.3062157498257483,13.35777866114636,8.599461411862867,12.162235304133079
1339,13.38,19.841008824017976,15.783357072325876,12.02294767027703,1.3127693395310436,13.299416256387442,8.49940513870687,12.02294767027703
1340,13.39,19.88226021056685,15.77814054181703,12.097708548454934,1.3042255464016899,13.371290983878106,8.376054941426203,12.097708548454934
1341,13.4,19.757629560853776,15.85583332379366,11.787980126891863,1.3450848366822254,13.44492858624052,8.404840611386868,11.787980126891863
1342,13.41,19.409119711476556,15.434033116678524,11.768795593759732,1.3114369260404388,13.072460401199598,8.204886184816818,11.768795593759732
1343,13.42,19.413822278153436,15.464004269088086,11.737166072496043,1.3175245347618643,13.149920333550675,8.137261410059594,11.737166072496043
1344,13.43,19.780864294652734,15.733579658418005,11.989039301615561,1.3123303095935182,13.375175351152023,8.285542420006076,11.989039301615561
1345,13.44,20.018430580296116,16.007683388113307,12.020467355475649,1.3317022470695679,13.62310286655571,8.405771573229927,12.020467355475649
1346,13.45,20.125479792653813,16.087077333283826,12.093009540948133,1.3302790574018306,13.42040414574694,8.870558589619522,12.093009540948133
1347,13.46,19.710546235667213,15.69762745226532,11.920156260647818,1.316897791355984,13.1890652590538,8.512582758630538,11.920156260647818
1348,13.47,19.84753046022617,15.884319240201917,11.900120488673924,1.3348032278597515,13.35111732717172,8.605769218422248,11.900120488673924
1349,13.48,19.64658272193196,15.666182769474512,11.855755146051868,1.3213989810418418,13.1364560064287,8.53597130722353,11.855755146051868
1350,13.49,19.69154266274816,15.706537708869462,11.876932501226584,1.322440597119448,13.098242931547638,8.667834729983072,11.876932501226584
1351,13.5,19.550930198764085,15.696019174460671,11.656494057473214,1.34654717765653,13.129304496345586,8.60153366367165,11.656494057473214
1352,13.51,19.538202669897817,15.654841235771617,11.690479436395531,1.339110283795033,13.192721508375278,8.427701544292352,11.690479436395531
1353,13.52,19.775829797900325,15.974273932067145,11.65787358564171,1.3702562319548295,13.536143016288047,8.482349904319923,11.65787358564171
1354,13.53,19.819299263435713,15.970747230567989,11.736262445554308,1.3608035185526806,13.593418097132826,8.383540513365274,11.736262445554308
1355,13.54,20.02294730491714,16.078517338560676,11.933134498910677,1.3473842384017722,13.813003846637208,8.229194647058847,11.933134498910677
1356,13.55,20.0148116169383,16.144243103609984,11.830304251077813,1.3646515559512467,13.828054588592071,8.331956053855318,11.830304251077813
1357,13.56,20.104015957181034,16.167646295525273,11.949002923649207,1.3530540078391493,13.881632484491853,8.288128033682435,11.949002923649207
1358,13.57,20.107490868693663,16.154026886860056,11.973245356761108,1.349176969612347,13.962111340804995,8.124778862736031,11.973245356761108
1359,13.58,20.032412815762136,16.112786859932417,11.902758622584106,1.353701891371658,13.877543211920866,8.18753288817088,11.902758622584106
1360,13.59,19.91388868949314,15.98947712935141,11.87011305200886,1.3470366338798605,13.784043132034476,8.103303882014112,11.87011305200886
1361,13.6,19.92355233044272,16.085796942098362,11.755640101732807,1.3683471765801405,13.766059369749023,8.321566720934596,11.755640101732807
1362,13.61,19.624836991173392,15.849459297361415,11.572764013467625,1.3695483014184728,13.601935445142042,8.135890373210836,11.572764013467625
1363,13.62,19.183779054062025,15.501277049110548,11.301671940106361,1.371591489406183,13.199506060706367,8.12789209491965,11.301671940106361
1364,13.63,19.193085664308555,15.564190751005778,11.230783747530387,1.38585080978238,13.25129990316739,8.163766570034309,11.230783747530387
1365,13.64,18.83067403038068,15.353110311908118,10.903040318591602,1.4081494577001943,12.914197481899572,8.303101808849394,10.903040318591602
1366,13.65,18.836567000079153,15.305099565928977,10.98044551124733,1.393850509093814,12.878624263059061,8.269649920882127,10.98044551124733
1367,13.66,19.03612248784792,15.532883984561083,11.004702381005814,1.4114769710965505,13.195891615211261,8.193834838305646,11.004702381005814
1368,13.67,18.800651417083714,15.283446726282191,10.949006798408064,1.3958751700203835,12.899697524000217,8.196435055828143,10.949006798408064
1369,13.68,18.962152216685553,15.46497163278912,10.972596278264348,1.409417720346071,13.03199365913978,8.326613289393995,10.972596278264348
1370,13.69,18.888891687351492,15.342396217239632,11.018217073997379,1.392457247320637,13.029918148398961,8.10002189705635,11.018217073997379
1371,13.7,19.180266182983722,15.674428824385192,11.054179837481907,1.4179639787691165,13.328900910840131,8.247916068906283,11.054179837481907
1372,13.71,19.54883266561255,15.92279411239159,11.341141311283797,1.4039851612244092,13.615309451437945,8.255829509334415,11.341141311283797
1373,13.72,19.54238199483764,16.056434152609718,11.139821198523013,1.4413547458677864,13.711072356226207,8.355571347276097,11.139821198523013
1374,13.73,19.228562659545045,15.73169746265673,11.056731745660189,1.4228162376130256,13.392781814311645,8.25346595866267,11.056731745660189
1375,13.74,19.297638664918093,15.720389199645444,11.192328687695541,1.4045682215290813,13.438711331663033,8.15669506188387,11.192328687695541
1376,13.75,19.615641781998754,16.182504260934675,11.086025363696688,1.4597210208383053,13.789737304953295,8.468564767157917,11.086025363696688
1377,13.76,19.733195963604604,16.355067111540002,11.041322507518906,1.481259794775721,13.989290133071412,8.472778870932975,11.041322507518906
1378,13.77,19.665951877922435,16.2730475861274,11.04253528517768,1.4736695121065724,13.98390033395195,8.322416066892199,11.04253528517768
1379,13.78,19.480448233019175,16.052273721140537,11.036864216838081,1.4544234128250701,13.80680555746007,8.188260616083781,11.036864216838081
1380,13.79,19.355400581697012,15.824437635455368,11.145344552751192,1.4198248928561976,13.550997675080554,8.172104287659188,11.145344552751192
1381,13.8,19.549422986163453,15.90871866736176,11.361892864072935,1.400182069808649,13.573298389879243,8.29776478677036,11.361892864072935
1382,13.81,19.29984233008362,15.692427482832123,11.235285206088124,1.3967093131137236,13.250694425108938,8.406627002331662,11.235285206088124
1383,13.82,19.180206532578445,15.677248278536554,11.050077332104399,1.418745571398725,13.263703040994768,8.357648905474761,11.050077332104399
1384,13.83,19.41048472173173,15.868166288971544,11.178918362620243,1.4194724189087093,13.39844072081396,8.501793200571703,11.178918362620243
1385,13.84,19.48705269151321,15.977871245168254,11.15584389791457,1.43224227511422,13.666873369009163,8.277012857465103,11.15584389791457
1386,13.85,19.53934160316412,16.07406889143494,11.109013437679504,1.4469393687935403,13.808493307278992,8.228074094794469,11.109013437679504
1387,13.86,19.583094057779633,16.17933073957585,11.032988248668621,1.4664504642727458,13.870228464299954,8.329916297821207,11.032988248668621
1388,13.87,19.542404879660705,16.16757155288729,10.977942364708259,1.4727324133949344,13.760812619965979,8.487072873253492,10.977942364708259
1389,13.88,19.62486907122911,16.37673238599153,10.813793155988378,1.5144299645608212,13.70708186486442,8.961767146734442,10.813793155988378
1390,13.89,19.57722129689014,16.4513773273057,10.612246592593904,1.5502256929071758,13.838652890853579,8.896038563982168,10.612246592593904
1391,13.9,19.64655082714603,16.254960848232216,11.034636705667758,1.4730852751938017,13.73086029942516,8.699840666083041,11.034636705667758
1392,13.91,19.928126453266874,16.586865719101375,11.045637580234768,1.5016666623918717,13.95405050304807,8.967083636382805,11.045637580234768
1393,13.92,20.123465334846525,16.758583580014985,11.140185522441795,1.5043361303323883,14.146782319972218,8.984357161181284,11.140185522441795
1394,13.93,20.65516759380066,17.413622367088735,11.108631976279524,1.5675757738911846,14.063143741757543,10.269480612097123,11.108631976279524
1395,13.94,20.03548430353514,16.622745852410056,11.185032481105594,1.4861598194274503,14.082728620269801,8.83133253148411,11.185032481105594
1396,13.95,20.151707321285297,16.83424858016944,11.076975340940622,1.5197513817648283,14.340205460011411,8.817620576073553,11.076975340940622
1397,13.96,20.071755873399816,16.73624060369996,11.080326452610713,1.5104465265783409,14.31339531337126,8.673434391756066,11.080326452610713
1398,13.97,20.17035119585012,16.878433266582643,11.043620684786712,1.5283423569440189,14.426554935074305,8.761051434603429,11.043620684786712
1399,13.98,20.011156959817008,16.636516738800356,11.120823425900097,1.4959788589084473,14.149724926686947,8.749798494792806,11.120823425900097
1400,13.99,20.094264382398215,16.814541061704148,11.002302938657103,1.528274685350235,14.317503504694999,8.816909011029958,11.002302938657103
1401,14.0,19.86282924480748,16.612835664159622,10.887868331496545,1.5258115875723652,14.11326298887526,8.763681681303675,10.887868331496545
1402,14.01,20.373445030253528,17.201375358799023,10.917414903101555,1.5755905140064101,14.088204496631757,9.869640737908496,10.917414903101555
1403,14.02,19.937021203115442,16.694993309758676,10.897798531840628,1.5319601716787203,14.063507826825179,8.996696572504483,10.897798531840628
1404,14.03,20.082838723152623,16.74054952250232,11.093890790196463,1.5089881304127981,14.261547263545879,8.766656601293315,11.093890790196463
1405,14.04,19.766311340707713,16.510774549177704,10.867446241137625,1.5192874372525376,14.013209135555547,8.731302648342728,10.867446241137625
1406,14.05,19.598595862661995,16.4328524068638,10.680183592157132,1.5386301429247973,14.000897263217428,8.60311071942005,10.680183592157132
1407,14.06,19.39524396036895,16.266278792527125,10.563316833552362,1.5398836415528494,13.859073356881789,8.515744914262466,10.563316833552362
1408,14.07,19.358179006663352,16.14831907847876,10.675714748608671,1.5126218205280648,13.813265582254626,8.364323225130702,10.675714748608671
1409,14.08,19.291133631055928,16.16287610520783,10.531347149294765,1.5347396563876616,13.745475934079737,8.502967443071443,10.531347149294765
1410,14.09,19.314055227171092,16.165476039728652,10.56930053159497,1.5294745372605263,13.633853907409904,8.685657328172972,10.56930053159497
1411,14.1,19.33592045345871,16.306314117070276,10.39143588239457,1.5692070183194644,13.756170290405178,8.755778607636179,10.39143588239457
1412,14.11,19.374526379968852,16.38602591416543,10.337815397288145,1.5850569278364048,13.889244635468657,8.694292881874073,10.337815397288145
1413,14.12,19.355677254056353,16.371283636445053,10.325856577459371,1.5854649455602967,13.832378318871308,8.756953691127553,10.325856577459371
1414,14.13,19.509971992140322,16.531183287013295,10.361418158981525,1.5954556638256772,13.77073285814505,9.145869965095281,10.361418158981525
1415,14.14,19.16429738807774,16.01243871820921,10.52958216997606,1.5207097926323145,13.58830973372394,8.470893240077382,10.52958216997606
1416,14.15,19.126767729970886,15.97261022406397,10.52183284539262,1.5180444755932592,13.52228803691871,8.501294231849526,10.52183284539262
1417,14.16,19.21076128002639,15.897707697748887,10.78500064511342,1.4740571856110165,13.457841231475323,8.463073876049235,10.78500064511342
1418,14.17,19.14978103582846,15.854651770003642,10.739838498417736,1.4762467584907775,13.54640148494395,8.238020973315617,10.739838498417736
1419,14.18,19.097710936531296,15.844792722463703,10.661383896918272,1.4861853653955488,13.47559082665945,8.334621064588982,10.661383896918272
1420,14.19,19.343265664564655,15.972776669414909,10.910193950563878,1.4640231641885137,13.593080971784456,8.38795232613518,10.910193950563878
1421,14.2,19.331572100783873,15.989942150423502,10.864227073930074,1.4717974911250846,13.532342228508314,8.517861456047566,10.864227073930074
1422,14.21,19.250554004326762,15.872783607359938,10.892133401103148,1.4572704008337203,13.482995685132188,8.375803651040368,10.892133401103148
1423,14.22,19.194665955996502,15.844434861775065,10.83462436235138,1.4623889423275245,13.345748082128729,8.540323425807147,10.83462436235138
1424,14.23,19.450733283620426,15.896879018402116,11.208044554909039,1.4183454518334693,13.519658721435297,8.362391439153749,11.208044554909039
1425,14.24,19.57300009685511,16.036411455529308,11.222113901598867,1.4290009525963308,13.603793414785274,8.491366032557801,11.222113901598867
1426,14.25,19.57164366656688,15.990249790195298,11.285439621841354,1.4168920596809058,13.381722668438666,8.753147249865933,11.285439621841354
1427,14.26,19.75343586327072,16.12456693184477,11.410371144919344,1.4131500831175419,13.436465842274949,8.914204642530956,11.410371144919344
1428,14.27,19.717661551024566,16.16107183321921,11.296279663777861,1.430654367122352,13.467060723711151,8.934121012295936,11.296279663777861
1429,14.28,19.71029796268023,16.189572776383034,11.24248989751975,1.4400344517947647,13.44875039493631,9.012956201852038,11.24248989751975
1430,14.29,19.624213662455855,16.331107031760812,10.88139260328803,1.5008287658719384,13.57554034561503,9.077982221143971,10.88139260328803
1431,14.3,19.736555952703814,16.354019629963346,11.048876993476846,1.4801522036690795,13.383671309028106,9.398473298846168,11.048876993476846
1432,14.31,19.683758285963638,16.185508057124657,11.201770806126813,1.4449061971766095,13.542438455051132,8.864143035759268,11.201770806126813
1433,14.32,19.564430106690434,16.02361312356808,11.225450898106137,1.4274360352216628,13.362007966814947,8.843806908145217,11.225450898106137
1434,14.33,20.237924088015415,16.99071035205897,10.994968536776753,1.5453168688229741,13.518653366912678,10.292242195596856,10.994968536776753
1435,14.34,19.98835652966694,16.729998298759355,10.938078152974962,1.5295189945419339,13.30296723575833,10.145141980319016,10.938078152974962
1436,14.35,20.59869046204916,17.23327077617213,11.283635367488912,1.5272800134809092,13.340687311948166,10.909247622530783,11.283635367488912
1437,14.36,20.119393472543788,16.55827126356505,11.428632746975177,1.4488409620081228,13.146936927427248,10.066498729153743,11.428632746975177
1438,14.37,19.734817212745984,16.21177306905831,11.253507203438886,1.440597386751062,13.225752111627836,9.375556896761715,11.253507203438886
1439,14.38,19.518735343872343,15.897064097787037,11.32538663777011,1.4036663476697921,13.16160807692812,8.915644663090273,11.32538663777011
1440,14.39,19.53657400939927,16.14316971256158,11.003444717731332,1.467101451107208,13.231671777298093,9.247961415707717,11.003444717731332
1441,14.4,19.61232940379313,16.026228029331982,11.305020114742945,1.417620478926179,13.003444502476407,9.367519197693813,11.305020114742945
1442,14.41,19.56592524296014,15.885157577309949,11.423099376138563,1.3906171218725516,13.063947348549725,9.037229162209416,11.423099376138563
1443,14.42,19.861399934549663,16.254184319068493,11.41388187611372,1.4240715381052143,13.123062792206749,9.590814920018571,11.41388187611372
1444,14.43,20.00105297716528,16.336952898753776,11.538894668869833,1.41581610436469,13.179994826881984,9.653173901855467,11.538894668869833
1445,14.44,19.832523916679126,16.12626407084577,11.54437577450588,1.396893551096833,13.237977824168688,9.209361324731988,11.54437577450588
1446,14.45,19.55309593884823,15.750201733621084,11.586833309582152,1.359318919397579,12.946374981003581,8.969962625396224,11.586833309582152
1447,14.46,19.57103974810037,15.768816965363294,11.591807811320695,1.3603414775358234,13.169536847243057,8.672882318827844,11.591807811320695
1448,14.47,19.39898066287101,15.678231430048626,11.424250959440572,1.372364060078068,13.223752058995709,8.422548441913017,11.424250959440572
1449,14.48,19.4576229775687,15.626739220962968,11.593278796666075,1.347913691634571,13.097873017625277,8.522951430939052,11.593278796666075
1450,14.49,19.479865851397303,15.608996650680055,11.654372447604965,1.3393253665827185,13.08737385928094,8.506551704912578,11.654372447604965
1451,14.5,19.688515588841526,15.917548039183107,11.587463506408714,1.3736870049583794,13.401747169153673,8.588452037112594,11.587463506408714
1452,14.51,19.544142540518752,15.72351230211268,11.607957121277886,1.354546035778406,13.142493407977767,8.631552938837231,11.607957121277886
1453,14.52,19.475313148740856,15.842184232571316,11.327533755535105,1.3985554644522833,13.313888145023261,8.58575469720282,11.327533755535105
1454,14.53,19.532677656167316,15.980208237232452,11.232027471228244,1.4227358576327436,13.371865804956146,8.749872010467149,11.232027471228244
1455,14.54,19.78478384621451,16.233716961743305,11.309469724414058,1.435409206383845,13.461076926151664,9.073751946257929,11.309469724414058
1456,14.55,20.023097049373735,16.58521451393255,11.218514829311424,1.4783788020317237,13.43631627800641,9.722897991367532,11.218514829311424
1457,14.56,19.89319241676343,16.578714502388948,10.99478649081702,1.5078705272026602,13.55046712474513,9.551890663786047,10.99478649081702
1458,14.57,19.98214548329078,16.590439290487183,11.137480067953309,1.4896043978766862,13.756510298120155,9.273677817837697,11.137480067953309
1459,14.58,20.114774184724006,16.8211794314857,11.029599405064618,1.525094322443087,13.661908102535358,9.813477694686846,11.029599405064618
1460,14.59,20.070839820162544,16.726364970606284,11.093571379708944,1.5077529497128566,13.683591202120335,9.619283598230167,11.093571379708944
1461,14.6,19.845141930751648,16.481265544842874,11.05429981012151,1.4909370858344497,13.621092218341593,9.278898681366176,11.05429981012151
1462,14.61,19.9053231303679,16.625166412509913,10.946493990347399,1.5187663216341194,13.580837030842874,9.589422494881253,10.946493990347399
1463,14.62,20.005756209702103,16.832491563915656,10.811915152864573,1.5568464352456517,13.66705580776009,9.825698845215182,10.811915152864573
1464,14.63,19.835437361152252,16.48754578374677,11.027484270541882,1.4951321062221372,13.516610024638668,9.441420412892512,11.027484270541882
1465,14.64,20.100542646165557,16.843223722896678,10.969850923817102,1.5354104481335886,13.496711056032156,10.076357280760181,10.969850923817102
1466,14.65,19.833214308731087,16.64237235200129,10.788319253405442,1.5426288341205656,13.590921330352089,9.604968240178495,10.788319253405442
1467,14.66,19.77844967281606,16.60466896128159,10.745791741252454,1.5452252715393,13.726395908664337,9.34350505283489,10.745791741252454
1468,14.67,19.88341683676278,16.75593724564021,10.70461732733257,1.5652999760072264,13.78810336523453,9.521010375450766,10.70461732733257
1469,14.68,19.82903277417431,16.68561691992971,10.713576842522492,1.5574272873746535,13.873868421552997,9.269605548246334,10.713576842522492
1470,14.69,19.838730122187666,16.60629479059031,10.853855821274264,1.5299903614014194,13.589338336706263,9.544574911566908,10.853855821274264
1471,14.7,19.86644075496888,16.83927121136508,10.541082171237429,1.5974897963809631,13.647983398993572,9.863752028042102,10.541082171237429
1472,14.71,19.3254792007398,16.161987858084885,10.595484642683571,1.5253656064939998,13.590245597631347,8.747289644280965,10.595484642683571
1473,14.72,19.221171536095937,16.09269101570696,10.510886313389994,1.5310498597255506,13.487838754356723,8.777978688940207,10.510886313389994
1474,14.73,19.394884671604682,16.25653437132513,10.577648210201115,1.5368760662362813,13.627120545187205,8.864338408082812,10.577648210201115
1475,14.74,19.1873692774284,16.0945401725529,10.446095750206581,1.5407230181893188,13.452510833480156,8.835393349535615,10.446095750206581
1476,14.75,19.279434069439006,16.01033989903806,10.74083769336058,1.4906043975447842,13.4609537078276,8.667970290584318,10.74083769336058
1477,14.76,19.367728679770355,16.079088270357783,10.796843733575185,1.4892396951487112,13.44616456538907,8.81690070752941,10.796843733575185
1478,14.77,19.32042372869092,16.064968889605808,10.73291887755426,1.4967940289945223,13.39992527757243,8.861446156213889,10.73291887755426
1479,14.78,19.239717546478424,15.962745299219353,10.74046059443077,1.4862253959105334,13.298650502552862,8.829220367546618,10.74046059443077
1480,14.79,19.157086607329862,15.796157458593928,10.838605852416837,1.457397535594639,13.21096524749185,8.65961821827355,10.838605852416837
1481,14.8,19.358788036863785,15.933603556761492,10.994678346917564,1.4492105229461842,13.409390105562885,8.606275576628644,10.994678346917564
1482,14.81,19.397162271876095,16.151347525694725,10.741688754834055,1.503613434938354,13.454676283356573,8.935195185660312,10.741688754834055
1483,14.82,19.113495757991043,15.8589150549718,10.6686706468018,1.4864940141090497,13.397406804467266,8.486146218185578,10.6686706468018
1484,14.83,19.20562671696135,15.958349953101822,10.68583943195829,1.4934109813942142,13.627947423770845,8.303492171406104,10.68583943195829
1485,14.84,19.351409657010468,15.986227009707651,10.904934741094584,1.4659626480353456,13.75656118896676,8.143493001170926,10.904934741094584
1486,14.85,19.293792742788217,15.776035995046128,11.107075523497455,1.4203591180839008,13.581294374344123,8.02693931921749,11.107075523497455
1487,14.86,19.25977328008879,15.784038926695247,11.036438826043083,1.4301750025967688,13.594885390866741,8.019661841289127,11.036438826043083
1488,14.87,19.308772747625376,15.692245956148412,11.250872049365077,1.3947581918358032,13.571530039791353,7.877826827704267,11.250872049365077
1489,14.88,19.44567209465399,15.764173603529033,11.385297264920377,1.3846079936885407,13.623910143135017,7.930841179470456,11.385297264920377
1490,14.89,19.39766534013166,15.676523615862207,11.424361162404647,1.3722013330120024,13.516655309086135,7.9406184856117505,11.424361162404647
1491,14.9,19.42418163980165,15.767468633930855,11.34397484367865,1.3899421367914233,13.592918724321587,7.990345904651499,11.34397484367865
1492,14.91,19.477823736085647,15.789868211456943,11.404634117710355,1.384513352071218,13.770546137900729,7.726059616591487,11.404634117710355
1493,14.92,19.660012796828987,16.021683694166843,11.393934999619216,1.4061589516442112,13.738348963629319,8.243307355029103,11.393934999619216
1494,14.93,19.766979349146382,16.31514652876017,11.160173221534892,1.4619080013272678,13.979710882438058,8.411402374060941,11.160173221534892
1495,14.94,19.811776362679783,16.245755132883545,11.339396933136495,1.4326824635099835,13.842520442332244,8.503480913204074,11.339396933136495
1496,14.95,19.71321570782734,16.21026463169353,11.217762437928364,1.4450533001915802,13.812529254440603,8.484498513451264,11.217762437928364
1497,14.96,19.76431812065587,16.288974873024507,11.19363963867258,1.4551991486976408,13.930978675942015,8.441477094944503,11.19363963867258
1498,14.97,19.852063684805266,16.31096342759157,11.31622307173795,1.4413787466180203,13.956923224173272,8.44107943634951,11.31622307173795
1499,14.98,19.769553810519312,16.20547375908215,11.323333348034867,1.431157527645741,13.841582194013121,8.427810043106039,11.323333348034867
1500,14.99,19.819457933216878,16.341464056288967,11.214609456578021,1.4571585501538573,13.931671482476535,8.541192961602865,11.214609456578021
1501,15.0,19.729597698943678,16.229616437530858,11.21858171306836,1.4466727481803887,13.765774187768363,8.596738376892835,11.21858171306836
1502,15.01,19.668947848014593,16.031040212431677,11.396194941967098,1.4067011220908932,13.653927654748504,8.40026844163301,11.396194941967098
1503,15.02,19.65540822342997,16.032593891053164,11.370620280100963,1.4100016970147917,13.685349293260376,8.351962739194478,11.370620280100963
1504,15.03,19.377375264119443,15.940095904343746,11.017985963270773,1.4467340907386497,13.566584747383933,8.368657940896254,11.017985963270773
1505,15.04,19.419882303639795,16.05961900691664,10.918812483045206,1.4708210285554504,13.64509972203024,8.46892060555349,10.918812483045206
1506,15.05,19.38134947870402,16.130098414088728,10.745074814419535,1.5011620386712123,13.686914449389032,8.535130210095996,10.745074814419535
1507,15.06,19.15932998811093,15.91979584142809,10.660207594628517,1.4933851616032114,13.496252639472363,8.443403598329668,10.660207594628517
1508,15.07,19.13358803060819,15.94230407804617,10.580034574997637,1.5068291095872655,13.532352957684722,8.4280770490978,10.580034574997637
1509,15.08,19.222216574704717,15.989190678821734,10.669554418115734,1.498580920274781,13.477433467035562,8.6030811750994,10.669554418115734
1510,15.09,19.27667732383922,16.098068174863837,10.603890308978746,1.5181285081035727,13.579879470774555,8.644921776499752,10.603890308978746
1511,15.1,19.300467204924093,16.117626608309305,10.617445401011974,1.5180324456175773,13.687873098168016,8.509995154718268,10.617445401011974
1512,15.11,19.355057285342674,15.996636305020997,10.896140116746887,1.4681011930486167,13.501971641744827,8.578410975270087,10.896140116746887
1513,15.12,19.492548538085764,16.128666806605818,10.946485990998255,1.473410446043514,13.679695731138663,8.543993074785055,10.946485990998255
1514,15.13,19.51690394706615,16.21449845655352,10.862761135246869,1.4926682318311906,13.798303213946017,8.515678987231933,10.862761135246869
1515,15.14,19.552237987001416,16.230502537288377,10.902329920132525,1.4887187102379567,13.84673918852326,8.467409666358343,10.902329920132525
1516,15.15,19.3929181805604,16.19796671583847,10.663543024271966,1.519004207041623,13.782391520692258,8.509982943447127,10.663543024271966
1517,15.16,19.43493910249025,16.322557752821115,10.549453366090768,1.5472420405484615,13.806543664469887,8.706620678269333,10.549453366090768
1518,15.17,19.574550831475186,16.43162398042673,10.637893288610826,1.544631397836901,13.972146480387483,8.647392055685362,10.637893288610826
1519,15.18,19.62713866967731,16.43868790411589,10.723530778144685,1.5329547929884344,14.031754349112514,8.563896887228863,10.723530778144685
1520,15.19,19.811726956226035,16.467718261251296,11.014480480535786,1.49509713965649,14.138780669932602,8.442785434884009,11.014480480535786
1521,15.2,19.913523011911106,16.44897676778022,11.224061744259066,1.4655101818371248,14.14557892533652,8.394726533607194,11.224061744259066
1522,15.21,19.668002722431133,16.129887945281133,11.254201258296074,1.4332325835554904,13.907469847520154,8.170408041685757,11.254201258296074
1523,15.22,19.693540657911637,16.028116050071286,11.442684979071384,1.4007303425189659,13.810733384727286,8.13413471062116,11.442684979071384
1524,15.23,19.936208109349824,16.184210863971437,11.641465220916764,1.3902211239606257,14.090133331119993,7.962212255444622,11.641465220916764
1525,15.24,19.95953181544364,16.144210252403166,11.736583217355355,1.3755460131301311,14.096719965939883,7.868799837057198,11.736583217355355
1526,15.25,19.997436609870963,16.334080299222137,11.536693275994242,1.415837268830782,14.24889013190173,7.985694035613325,11.536693275994242
1527,15.26,19.96778288458614,16.350296879129438,11.46211783617239,1.4264638623353558,14.192182186341595,8.118754388781458,11.46211783617239
1528,15.27,19.957220587053506,16.155170846217743,11.717555568028192,1.3787151042234234,14.074354033676327,7.931084642419513,11.717555568028192
1529,15.28,20.151340825017893,16.188993082140623,11.99970999784728,1.3491153607082913,14.156287249823844,7.853854360380753,11.99970999784728
1530,15.29,20.117270154510532,16.32110760357694,11.761207636209095,1.3877067821955065,14.227652620199814,7.997027843296434,11.761207636209095
1531,15.3,20.144869951471126,16.300478380650457,11.836815024474756,1.3771000346753979,14.22241880031441,7.964194805912032,11.836815024474756
1532,15.31,20.334087180130727,16.4854784407728,11.903953210088323,1.3848742640219502,14.404717663174349,8.017175840993984,11.903953210088323
1533,15.32,20.344403788231112,16.551291566889095,11.83002590725897,1.3990917430479277,14.493078883272055,7.993492166470653,11.83002590725897
1534,15.33,19.944721408673843,16.192925767436282,11.643928338834398,1.3906754916577626,14.168955522723346,7.839103539614054,11.643928338834398
1535,15.34,19.918854674457812,16.24499509619506,11.52653052166038,1.4093568802570602,14.036674320661024,8.177508159035789,11.52653052166038
1536,15.35,19.723784706788255,16.045225653650878,11.470763570188254,1.3987931627630565,13.91930931827881,7.981359181157865,11.470763570188254
1537,15.36,19.856588118047156,15.990559495806414,11.772259710898615,1.3583254097768969,13.848728045222675,7.994418335212862,11.772259710898615
1538,15.37,20.050458425419734,16.020654001492215,12.056513942013117,1.3287965392438466,13.844036509960755,8.062506294348063,12.056513942013117
1539,15.38,20.03683220458271,16.081210142483513,11.952795704264677,1.3453932067747,13.855307395047733,8.163073969740212,11.952795704264677
1540,15.39,20.150851210972306,16.233491122778357,11.938616774711399,1.3597463951740574,14.022303334510296,8.179318017310806,11.938616774711399
1541,15.4,19.808865998427706,16.01013213349483,11.664769230966447,1.3725202630663926,13.666448096449622,8.339815786875166,11.664769230966447
1542,15.41,19.77219340349553,16.109139793758956,11.464521232496528,1.4051297448075823,13.818791911362887,8.2792134291441,11.464521232496528
1543,15.42,19.7982322590014,16.155011100078912,11.444894798017614,1.411547365457404,13.904416045441144,8.225059153522958,11.444894798017614
1544,15.43,19.57505635637538,15.98407982002425,11.30008954222779,1.414509129356246,13.683536860534074,8.261454271453163,11.30008954222779
1545,15.44,19.369280813317804,15.84008282123582,11.147233533103675,1.4209877970346545,13.494797119961516,8.29449663781284,11.147233533103675
1546,15.45,19.3774724284201,15.821736676669659,11.187452178593087,1.4142394911813934,13.438445467561762,8.350780495333511,11.187452178593087
1547,15.46,19.399459194102416,15.888279558572771,11.131109095336521,1.427376142169814,13.361180071190658,8.59745860336524,11.131109095336521
1548,15.47,19.038760721057848,15.56924763122455,10.957779792973751,1.4208396158141199,13.061177598311463,8.473907690537944,10.957779792973751
1549,15.48,19.112692035673096,15.526935826272409,11.144920847511663,1.3931849349777232,12.99387413287186,8.499704181456275,11.144920847511663
1550,15.49,19.043465407865114,15.564627514305666,10.972508604757357,1.4185113062984795,12.914990811133338,8.686808505281006,10.972508604757357
1551,15.5,18.97408034519015,15.41096823784449,11.068775131778555,1.3922921058897888,12.82005953931737,8.552427458693199,11.068775131778555
1552,15.51,18.831441794779675,15.240288528331389,11.061501057423696,1.3777776134734614,12.676656127284522,8.459833559672976,11.061501057423696
1553,15.52,18.728132748614286,15.091411230038563,11.09018770515562,1.360789522347115,12.59358664289301,8.315784291459273,11.09018770515562
1554,15.53,18.761977507576358,15.112969807508385,11.118000881100027,1.359324393758556,12.58079820697002,8.374089376055165,11.118000881100027
1555,15.54,18.939505721941984,15.25024830278458,11.230975188953503,1.3578739197807446,12.792676176248372,8.301657036172436,11.230975188953503
1556,15.55,18.96903093644744,15.276807600541657,11.244700271858411,1.3585784619599166,12.780027356241952,8.369692421927745,11.244700271858411
1557,15.56,18.85473200903769,15.05718704781053,11.348217363968551,1.3268328024468616,12.626656454687556,8.202830521719333,11.348217363968551
1558,15.57,18.927574864952184,15.177647782535827,11.308938856393866,1.3420930093679535,12.714623740323958,8.28850621962155,11.308938856393866
1559,15.58,18.95475521502004,15.158046030329531,11.380526604851836,1.3319283506500688,12.6158437911198,8.40278792399599,11.380526604851836
1560,15.59,18.71218151732595,15.062302727042061,11.10282728390819,1.356618664947847,12.619910036463315,8.222580745278893,11.10282728390819
1561,15.6,18.75405902620516,14.986724604124495,11.27443194127832,1.32926649273163,12.602162795515467,8.110943671065426,11.27443194127832
1562,15.61,19.04447997275881,15.436770016572172,11.153400776815552,1.3840415426172448,12.852194642608188,8.550728706552151,11.153400776815552
1563,15.62,18.84396892892473,15.275176793033305,11.03467892309774,1.3842882878140998,12.727356644417831,8.446621745065688,11.03467892309774
1564,15.63,19.050062211377224,15.526907508778452,11.037210402596383,1.4067782476200614,13.033457357659229,8.438829663658298,11.037210402596383
1565,15.64,18.975443260865212,15.611344426832574,10.786722029102195,1.4472741936534304,13.091559249711587,8.504419511318067,10.786722029102195
1566,15.65,19.21443549345459,15.858920473154408,10.848464073696864,1.4618585972557971,13.223681759213187,8.754404565982112,10.848464073696864
1567,15.66,19.120402998810626,15.79079741152399,10.78149006144947,1.4646210608667078,13.116578011739009,8.79230710074196,10.78149006144947
1568,15.67,19.347881047762016,16.02701234022082,10.83860583676508,1.4786968528605786,13.139189493351031,9.177517311964298,10.83860583676508
1569,15.68,19.306905736558843,15.981527000333296,10.832700672407896,1.4753040339275725,13.337348826789462,8.804790260700134,10.832700672407896
1570,15.69,19.212812235148075,15.84619885049597,10.86416752326637,1.4585746046864827,13.170318043740444,8.811625311835762,10.86416752326637
1571,15.7,19.10174076031381,15.822369059092066,10.70182869570056,1.4784734001067197,13.12694355946252,8.833499613901584,10.70182869570056
1572,15.71,18.997581764187444,15.539979018815314,10.92781611218669,1.4220571484072781,12.8880386554002,8.682707384343344,10.92781611218669
1573,15.72,19.081971520064446,15.71476279743003,10.824410714355759,1.451789220875414,13.015761386377012,8.80589151150456,10.824410714355759
1574,15.73,19.214652893561823,15.813125133554397,10.915491712727102,1.448686467794833,13.080597059203207,8.885544837780866,10.915491712727102
1575,15.74,19.191153014126026,15.853062755797943,10.815764201956817,1.4657367209364425,12.983193402353729,9.097048302408123,10.815764201956817
1576,15.75,19.26223039786005,15.849678445357155,10.94628763915075,1.4479501149475391,12.957648040191966,9.127522341124589,10.94628763915075
1577,15.76,19.316642222674755,15.911848929862927,10.951973812607529,1.4528749978881217,13.02141276740059,9.144930065766326,10.951973812607529
1578,15.77,19.347272994506284,15.856181851416784,11.085958209318356,1.4302942111119266,13.013271737348608,9.059429429888116,11.085958209318356
1579,15.78,19.31237727993293,15.823849583409725,11.071300762064665,1.4292674296799401,12.90620526825986,9.155549203183693,11.071300762064665
1580,15.79,19.161955289642002,15.734186913605901,10.936905078218059,1.4386324834200224,12.943810630790937,8.945524254425266,10.936905078218059
1581,15.8,19.18858441755302,15.738069985398218,10.977928997960701,1.4336101088212336,13.007894518209799,8.858980024157391,10.977928997960701
1582,15.81,19.389395753857876,15.976195088668806,10.986803820425507,1.4541258176438492,13.215321184993186,8.977421427596877,10.986803820425507
1583,15.82,19.235508653267075,15.808878093076087,10.958292138292881,1.4426406864837285,13.106336763697682,8.839941357174695,10.958292138292881
1584,15.83,19.267399254828412,15.77081904872015,11.068601563769839,1.4248248939000374,13.116513100487003,8.756472894506505,11.068601563769839
1585,15.84,19.12299546801163,15.39599327210792,11.342501789058753,1.3573719059898461,12.809787575487684,8.540840187339514,11.342501789058753
1586,15.85,19.24239329880585,15.416122150499046,11.515766483687528,1.3386970092122399,12.771271756210904,8.634317569334417,11.515766483687528
1587,15.86,19.32072867057584,15.468109291259728,11.577052790570479,1.3361007823907065,12.837343175196564,8.629311980024234,11.577052790570479
1588,15.87,19.543719958684598,15.705008733890873,11.632269361216592,1.3501242316699862,13.092933766362002,8.673083922183984,11.632269361216592
1589,15.88,19.589164510585213,15.653275859440384,11.777534593073034,1.3290791664196742,12.990831519505711,8.732888500579637,11.777534593073034
1590,15.89,19.534069781257948,15.64257110949299,11.699993645447435,1.3369726158423723,13.03696056951623,8.644517917410072,11.699993645447435
1591,15.9,19.592757387533176,15.800190017630591,11.585773062402971,1.363757941099661,12.987867935953481,8.997849246984796,11.585773062402971
1592,15.91,19.447417821555625,15.650606103477923,11.543855011214365,1.3557521372430634,12.973158229011059,8.754349602983824,11.543855011214365
1593,15.92,19.52145999572521,15.705816071304563,11.593737184318563,1.3546810507786833,13.020822554600052,8.782416436680014,11.593737184318563
1594,15.93,19.535424519763282,15.837636825234572,11.436873303457649,1.3847872932584173,13.20214731050322,8.748373940327358,11.436873303457649
1595,15.94,19.454043090355384,15.801532186595194,11.347747490907622,1.3924818294781556,13.130873359029351,8.79025507440695,11.347747490907622
1596,15.95,19.428589830185526,15.687132485758077,11.462284988773488,1.3685868481827606,13.168689124086015,8.524772863772096,11.462284988773488
1597,15.96,19.295726091938214,15.594075411010731,11.364411884951005,1.3721849902026815,13.037503186619597,8.555623798600156,11.364411884951005
1598,15.97,19.274442665319516,15.60910747858327,11.307515367255753,1.3804188605203267,13.003379925896104,8.634601715236576,11.307515367255753
1599,15.98,19.044008921496033,15.35507176660533,11.264814549934695,1.3631002710732016,12.719588169908583,8.601761781491147,11.264814549934695
1600,15.99,19.147219460644415,15.525583892091554,11.205902814307619,1.385482646901827,12.745285029375179,8.865746709124826,11.205902814307619
1601,16.0,19.329807418985055,15.782586192002134,11.16026110568535,1.4141771453682246,13.13949907702223,8.74320255472263,11.16026110568535
1602,16.01,19.14824584855777,15.72483424541486,10.926340056534846,1.4391675679186025,13.111492151359828,8.680966859204197,10.926340056534846
1603,16.02,19.259875038458368,15.697211743017403,11.159763886028601,1.4065899514836002,13.027010022649298,8.757823152754243,11.159763886028601
1604,16.03,19.268921177466865,15.779516867403238,11.058850336936828,1.4268677472466798,12.946072117914715,9.02177195934449,11.058850336936828
1605,16.04,19.316354444915383,15.751529549601594,11.180825814296101,1.4087984028390166,13.05464636677219,8.814016756876168,11.180825814296101
1606,16.05,19.171824031036593,15.64757358442256,11.077557384058705,1.4125472829362538,12.715613981581575,9.119195148220363,11.077557384058705
1607,16.06,18.979799773940503,15.391292750958282,11.105895142363403,1.3858669250575077,12.645427057574006,8.774113463893443,11.105895142363403
1608,16.07,18.98323041208819,15.417420794419645,11.075476194106809,1.3920323175470466,12.511481976985062,9.008866892777428,11.075476194106809
1609,16.08,19.14260658574146,15.652518875371175,11.019892910215669,1.4203875666396872,12.917649821276882,8.839438344075727,11.019892910215669
1610,16.09,19.131008366549565,15.668531425000875,10.976912321083258,1.427407905491462,12.93059591588429,8.848873729258232,10.976912321083258
1611,16.1,19.102482794068063,15.733625098420031,10.833184673032841,1.4523545543893392,12.996561557943268,8.86771370806613,10.833184673032841
1612,16.11,19.17889217300201,15.828209535562186,10.830405711790123,1.4614604435668914,13.19463333773591,8.742646520612043,10.830405711790123
1613,16.12,19.08857878409147,15.755703066097901,10.776440084249536,1.4620508203934506,13.103205954791985,8.749181265315666,10.776440084249536
1614,16.13,19.06552931576614,15.857397117262925,10.58477041582667,1.4981333079792136,13.340018741720675,8.573269114236394,10.58477041582667
1615,16.14,18.985659453710337,15.764933033756801,10.579326601132244,1.4901641312472167,13.180544370680485,8.649067212790024,10.579326601132244
1616,16.15,19.203220066403254,16.04507566756804,10.550791806339879,1.520746116696824,13.463677295342322,8.727762993165406,10.550791806339879
1617,16.16,19.055525995665295,15.857539178255099,10.566528388339309,1.5007331259105576,13.26895270491724,8.683112512490256,10.566528388339309
1618,16.17,19.189766566422133,16.14050632968525,10.379363963902748,1.55505736052985,13.483820018808784,8.87144533201784,10.379363963902748
1619,16.18,19.03110122650264,16.00423067417937,10.297932531389314,1.5541207543743938,13.430431768589713,8.703958983221373,10.297932531389314
1620,16.19,19.30491623533752,16.161018038294312,10.55941697345663,1.5304839347587573,13.643946427406423,8.661479661128208,10.55941697345663
1621,16.2,19.36988867516559,16.106889704529404,10.759214252650276,1.4970321555369952,13.668040979135142,8.521534588708647,10.759214252650276
1622,16.21,19.294409207970006,16.082547613172377,10.659544500335892,1.5087462332621813,13.713146135498395,8.402259267388862,10.659544500335892
1623,16.22,19.437527762936003,16.19967300243432,10.741884385391076,1.5080848407255079,13.743747902319193,8.575476603856847,10.741884385391076
1624,16.23,19.343084511266454,16.168747720072957,10.617274394807351,1.5228717954186712,13.61312880902108,8.724169121719543,10.617274394807351
1625,16.24,19.56298293558282,16.402127798381258,10.66210603133703,1.5383572204378488,13.802495879725635,8.861202164751013,10.66210603133703
1626,16.25,19.33972473111624,15.935514742492657,10.958299255228813,1.4541959816336407,13.455762759373208,8.537158700156976,10.958299255228813
1627,16.26,19.397692347221906,16.157328176536893,10.73364870829851,1.50529690468118,13.749604419036103,8.485731089560629,10.73364870829851
1628,16.27,19.483534134735077,16.191418537141693,10.837253717362685,1.4940518104878306,13.799885303194111,8.469073140762385,10.837253717362685
1629,16.28,19.55391055176239,16.225160697813383,10.913275319373948,1.486736128521328,13.718219087464544,8.66408129799066,10.913275319373948
1630,16.29,19.59027276466002,16.272002309700277,10.90874547447547,1.491647444499817,13.808094690292036,8.608982529359672,10.90874547447547
1631,16.3,19.737495239353102,16.353718503238063,11.051000381881055,1.479840551815672,13.815604451735112,8.750610408214275,11.051000381881055
1632,16.31,19.6622331820687,16.241607657086043,11.082129507424444,1.465567393541559,13.712591464936615,8.703714988581803,11.082129507424444
1633,16.32,19.78693919208611,16.50867084084822,10.908104769383218,1.5134316354555586,14.088176834271085,8.605782150262687,10.908104769383218
1634,16.33,19.584422183812563,16.255378974014125,10.923014542011249,1.4881769965144651,13.86834122859172,8.479767517813418,10.923014542011249
1635,16.34,19.738765860868067,16.29638270328916,11.137629393102854,1.4631823459111455,13.938555457832704,8.44326719706206,11.137629393102854
1636,16.35,19.701562942823152,16.190824565345373,11.225363347537188,1.4423430283793524,13.895186899352288,8.310630610119768,11.225363347537188
1637,16.36,19.674159302703156,16.243882524335078,11.099947063105422,1.4634198192104297,13.845453308487373,8.49512461043948,11.099947063105422
1638,16.37,19.497775860257033,16.027341241822242,11.103494774844805,1.4434501539220348,13.731323864144004,8.265979205139914,11.103494774844805
1639,16.38,19.477474825404077,15.994469016043306,11.115259172375616,1.4389650090925301,13.755924998983412,8.160733210166383,11.115259172375616
1640,16.39,19.593216891194725,16.136287140843528,11.113702598758259,1.451927204048671,13.857726013588477,8.266994158947101,11.113702598758259
1641,16.4,19.70287369573051,16.136791016883887,11.305184985099745,1.4273796526241904,13.965009907514148,8.085451292637675,11.305184985099745
1642,16.41,19.518723639473126,16.005503338167998,11.171590549515324,1.4326969169902481,13.762750199837804,8.170853324162133,11.171590549515324
1643,16.42,19.550694592952393,16.061689176953877,11.146829138809865,1.440920012044678,13.929318529095365,7.996995969242311,11.146829138809865
1644,16.43,19.53712256745455,15.926002370978212,11.316430828460808,1.4073343983090798,13.700242270575492,8.12040105216116,11.316430828460808
1645,16.44,19.588038222193536,16.02093021838402,11.270360967235456,1.4215099467496335,13.827150134019353,8.091979006004582,11.270360967235456
1646,16.45,19.460718622700483,15.888852900753347,11.23672206696167,1.4140113821511988,13.671268527934451,8.096422873027757,11.23672206696167
1647,16.46,19.425498383434437,15.861523894327076,11.214367890991685,1.4143930401167215,13.837591083301014,7.7530002748392235,11.214367890991685
1648,16.47,19.40561874398179,15.91561863000673,11.102752922629604,1.4334839963490096,13.807737317827456,7.915384168673834,11.102752922629604
1649,16.48,19.413433325038003,15.973492582809763,11.033083348394387,1.4477813751977446,13.854225975964457,7.95065330020057,11.033083348394387
1650,16.49,19.477000272448088,15.995896603578224,11.112372899636583,1.4394672270313527,13.871109127701926,7.9662437647708,11.112372899636583
1651,16.5,19.44289059566904,15.96863145500316,11.091835022638922,1.4396744472317236,13.855303905650214,7.939001462891304,11.091835022638922
1652,16.51,19.43651235876507,15.96336813153263,11.088232075926076,1.4396675702875192,13.736985266227146,8.13168850229089,11.088232075926076
1653,16.52,19.48220117479669,16.029386467945706,11.07316269529571,1.4475888153215326,13.847755142057913,8.073469394527331,11.07316269529571
1654,16.53,19.533414020884585,16.05681835444743,11.12352676283788,1.44350067175556,13.92858160082346,7.988493616253446,11.12352676283788
1655,16.54,19.33133952970183,15.832009063844248,11.092708281342572,1.4272446964528007,13.716870827657253,7.9056919807827,11.092708281342572
1656,16.55,19.42911657524226,15.906101580667192,11.157351988704587,1.4256161853430918,13.75339285339564,7.990510153592767,11.157351988704587
1657,16.56,19.382882465997906,15.84885793578561,11.158397502418278,1.4203525131947308,13.712072469957306,7.947664213298988,11.158397502418278
1658,16.57,19.226425453284396,15.717136846527442,11.073709634003935,1.4193199357751787,13.617519306154808,7.8480289626741095,11.073709634003935
1659,16.58,19.257967469167088,15.705156220033318,11.145285063552505,1.4091300608714423,13.590181535756582,7.871397443963311,11.145285063552505
1660,16.59,19.275848038196127,15.800056252215962,11.041582314978264,1.4309594224355575,13.682102427405647,7.902015612435171,11.041582314978264
1661,16.6,19.26529884918338,15.734888109981439,11.11598110445998,1.4155195085450667,13.646744361731162,7.832820191935597,11.11598110445998
1662,16.61,19.20766532246955,15.57988409098359,11.233949387971961,1.3868572443155889,13.530166050801162,7.724467290773601,11.233949387971961
1663,16.62,19.204245562380386,15.633910324111413,11.152752825999919,1.4017983333822992,13.453460079537294,7.963891254321207,11.152752825999919
1664,16.63,19.312846692272828,15.692584735162816,11.257390092244664,1.393980719027726,13.509112117586087,7.985055132230073,11.257390092244664
1665,16.64,19.490854783991132,15.808724897580605,11.400773540564916,1.3866361647595074,13.600742698154017,8.0582616578264,11.400773540564916
1666,16.65,19.11603310175671,15.46321705746208,11.238845126669915,1.3758724213369289,13.370491431921321,7.767949577276153,11.238845126669915
1667,16.66,19.518195609399484,15.796866164696779,11.463811723045668,1.377976762557988,13.615327369355107,8.010233532839829,11.463811723045668
1668,16.67,19.65008969112502,15.94238056449544,11.487668466928165,1.387782090890936,13.659586379613943,8.220413493314508,11.487668466928165
1669,16.68,19.486756713148473,15.796654895982838,11.410494349267193,1.3843970657587972,13.42387787899831,8.326692536206583,11.410494349267193
1670,16.69,19.461182788813304,15.777678831375676,11.39308940689763,1.384846398363513,13.546325321146673,8.089018457124487,11.39308940689763
1671,16.7,19.54944256413311,15.877455878243955,11.405573172916647,1.3920787353279285,13.564908276822925,8.251476753100892,11.405573172916647
1672,16.71,19.423703659920832,15.834705023300454,11.249105773059709,1.4076412243560479,13.557716502208823,8.180843869716082,11.249105773059709
1673,16.72,19.407279671735484,15.859178413850524,11.186105859261971,1.4177568685101707,13.589620442322792,8.175313828590612,11.186105859261971
1674,16.73,20.274344340611247,15.876318489455478,12.609185130810372,1.2591074145356078,13.50088376756633,8.353659453993194,12.609185130810372
1675,16.74,20.3082408262822,15.937239232623497,12.586860255854186,1.2661806764090386,13.657918384486381,8.213212511592676,12.586860255854186
1676,16.75,20.284472729438235,15.86540457505732,12.63917606416944,1.2552562362062394,13.615395396263999,8.144450290451951,12.63917606416944
1677,16.76,20.023158029327742,15.571501789134068,12.587898533846966,1.2370215526654145,13.32800428989096,8.052078589883088,12.587898533846966
1678,16.77,20.05060065841561,15.619131594270872,12.572561990465823,1.2423189168695576,13.410765716222318,8.006786787703707,12.572561990465823
1679,16.78,20.058688717930256,15.780171409704865,12.382939205340376,1.2743478061250084,13.582038620328316,8.033805862452546,12.382939205340376
1680,16.79,20.086882858315143,15.720575781610409,12.503853808259239,1.2572584438908276,13.337348703956417,8.32175657264906,12.503853808259239
1681,16.8,19.03263766920337,15.597876723492053,10.90630727450515,1.4301702978747015,13.12559239674408,8.426896375047527,10.90630727450515
1682,16.81,19.09912723341642,15.64409887518347,10.956223412367603,1.4278732996192922,13.2042930274849,8.38954559322675,10.956223412367603
1683,16.82,19.16519653260575,15.719215680034079,10.964078462778998,1.4337014946945048,13.282313395627485,8.406776579389033,10.964078462778998
1684,16.83,19.2205430617383,15.811039966014171,10.928874177207774,1.4467217491613344,13.19128699803272,8.716589478828883,10.928874177207774
1685,16.84,19.333946625025035,15.88576411705368,11.020162907899627,1.4415180836996726,13.367203825753778,8.583435411501846,11.020162907899627
1686,16.85,19.164496051473535,15.576043124885427,11.165338753421414,1.3950354278424766,13.283485272373893,8.134011215071965,11.165338753421414
1687,16.86,19.13814481048621,15.638275837808555,11.03235766315403,1.4174917379661658,13.398761897746358,8.064046799646395,11.03235766315403
1688,16.87,19.33280710183708,15.846100238222702,11.075131497054143,1.4307821304367883,13.589939017943646,8.14938342749772,11.075131497054143
1689,16.88,20.00758316121453,15.601927585218421,12.525303971501675,1.2456326505701472,13.408206481991916,7.977477252281542,12.525303971501675
1690,16.89,19.11588202212309,15.810709922277496,10.74422622794795,1.4715540781476266,13.46104479679176,8.293299779048716,10.74422622794795
1691,16.9,19.149138137923693,15.742857692522723,10.901922908288327,1.4440441218451483,13.284837460465583,8.446932104381577,10.901922908288327
1692,16.91,19.338304663489293,15.908081568056152,10.995588573696446,1.4467694440760843,13.487170826539375,8.43583322924731,10.995588573696446
1693,16.92,19.334255383368554,15.85289216915534,11.067937527039499,1.4323257725683731,13.41899613174626,8.440659508773326,11.067937527039499
1694,16.93,19.38039421241301,15.859269690789535,11.139265896069455,1.4237266475868537,13.59670475846192,8.163703500030763,11.139265896069455
1695,16.94,19.367464808773942,15.84189855209697,11.141496460716805,1.4218824740422489,13.554007428416373,8.200892168865886,11.141496460716805
1696,16.95,19.366248915012914,15.876417459127406,11.090129201310207,1.4315809284937582,13.748164792063005,7.940314615099627,11.090129201310207
1697,16.96,19.2717122871108,15.779975775684358,11.06305830211485,1.4263665023502412,13.671064354625019,7.880966621734062,11.06305830211485
1698,16.97,19.219396777797563,15.736719404241596,11.033624739612156,1.426251098403294,13.452910888983658,8.16477349477001,11.033624739612156
1699,16.98,19.2066715941137,15.920533661586143,10.743967686773665,1.4818113871642669,13.480945660949672,8.469208708977463,10.743967686773665
1700,16.99,19.30321320206298,15.863193666504584,10.998778415045345,1.4422686836571916,13.419934379627529,8.458503091417667,10.998778415045345
1701,17.0,19.38681994223821,15.879388213391126,11.121772225737237,1.4277749886519113,13.336505232573254,8.619315414412632,11.121772225737237
1702,17.01,19.41402607227501,15.985660891539986,11.016490103279853,1.4510666048509135,13.543258845388703,8.492437458475134,11.016490103279853
1703,17.02,19.311627474181932,15.7469877104979,11.179057820183532,1.4086149265698469,13.37861765030202,8.305432663118706,11.179057820183532
1704,17.03,19.359415807954353,15.753728929280497,11.251977837163729,1.4000853145344907,13.274272995915613,8.48372863823182,11.251977837163729
1705,17.04,19.491419560373256,15.856613491130508,11.335044996443516,1.398901680240853,13.385733504408012,8.500254699482298,11.335044996443516
1706,17.05,19.51938491668933,16.036890225315194,11.127647524390275,1.441175252016613,13.428595485927866,8.766679609414716,11.127647524390275
1707,17.06,19.475552296691816,15.905012321986677,11.239560502912468,1.4150920151962585,13.408619491738625,8.554433954874806,11.239560502912468
1708,17.07,19.503905312940518,15.958701245651035,11.212590111486527,1.423284101797536,13.449560423691642,8.590079735218492,11.212590111486527
1709,17.08,19.63633274980776,16.04010972155315,11.32697859014966,1.4160978229006451,13.560973491935355,8.56651141541821,11.32697859014966
1710,17.09,19.713659564546294,16.083701718106276,11.399250522284907,1.410943788511668,13.49975260545415,8.74311961193193,11.399250522284907
1711,17.1,19.903061034169962,16.32409518416961,11.386648099773048,1.4336172542730088,13.423083933519047,9.289612548192325,11.386648099773048
1712,17.11,19.732781764257236,16.131454729423965,11.36480727809971,1.4194217583002673,13.381750193102294,9.008473425440158,11.36480727809971
1713,17.12,19.44621553108616,15.779095055086191,11.365538162533753,1.3883280166267562,13.166877393625196,8.695583963063509,11.365538162533753
1714,17.13,19.474171039091644,15.626482442132236,11.621376172619518,1.3446327018437736,13.14330643934145,8.45224522572746,11.621376172619518
1715,17.14,19.203261654505212,15.309188311282076,11.592843112071105,1.3205723706673222,13.136242435520233,7.861957862106186,11.592843112071105
1716,17.15,19.210347842398033,15.210352080700872,11.733825199270928,1.2962824843893153,12.98929806416587,7.9140979409619465,11.733825199270928
1717,17.16,19.066706468413273,15.190751973423719,11.523035625847728,1.318294281703756,13.074359152326377,7.734344075230694,11.523035625847728
1718,17.17,19.152821720831728,15.303350993856203,11.516858435736891,1.3287782496631024,13.119885257505793,7.877890737439928,11.516858435736891
1719,17.18,19.047252895386585,15.460866840676092,11.124721991838502,1.3897755694046774,13.30669178461074,7.872125330207248,11.124721991838502
1720,17.19,18.86171124190582,15.255774520053526,11.091685839687399,1.375424325981765,13.050990235683408,7.900019624963646,11.091685839687399
1721,17.2,18.93530053261036,15.481648818485706,10.90248394272398,1.4200111552393282,13.197017103867031,8.094454255795192,10.90248394272398
1722,17.21,18.89117793471961,15.590285796603087,10.668626553660648,1.461320791217845,13.225098270359661,8.255530689125557,10.668626553660648
1723,17.22,18.887334541175548,15.538736537546704,10.736809250750147,1.4472396942751928,13.2530918769034,8.112206166367205,10.736809250750147
1724,17.23,18.82128990945884,15.44078698615102,10.76211183291674,1.434735786606881,13.209037565955338,7.996200931246746,10.76211183291674
1725,17.24,19.08415030847677,15.580743597253322,11.020218779733167,1.4138325117380819,13.299333520556484,8.117099171031054,11.020218779733167
1726,17.25,19.313668935338605,15.79668420968949,11.112271402517583,1.421553131442651,13.40948294598186,8.349910127784304,11.112271402517583
1727,17.26,19.315814311490577,15.817046984300053,11.087006233083338,1.4266292136737866,13.3865826314472,8.424866809332453,11.087006233083338
1728,17.27,19.430059748703485,15.947159177752907,11.100240357649856,1.4366498980143922,13.463539545811866,8.546636106618134,11.100240357649856
1729,17.28,19.100845787544927,15.646607101653718,10.95563763575869,1.4281785891296663,13.263921844379722,8.299680180567622,10.95563763575869
1730,17.29,19.02477126264337,15.604839631533272,10.882596274328547,1.4339261733290833,13.264845146436365,8.219178983751057,10.882596274328547
1731,17.3,18.91425299651092,15.48642331703921,10.859081879306684,1.426126397163511,13.271461567419166,7.981078562390656,10.859081879306684
1732,17.31,18.99555791939597,15.582354528943501,10.863767670722751,1.4343416576310886,13.437426703684947,7.889571360269247,10.863767670722751
1733,17.32,18.922948313384236,15.50350624377074,10.849851013740828,1.428914205746814,13.451660772208879,7.707887409663893,10.849851013740828
1734,17.33,18.845092231090533,15.458144245015388,10.778834709680188,1.434120168030115,13.401765253858713,7.703694670751669,10.778834709680188
1735,17.34,19.007694083452876,15.647094269927122,10.791704002526354,1.449918777077662,13.575675493883402,7.7802695311126495,10.791704002526354
1736,17.35,19.195837785936554,15.750699097692117,10.972495898288155,1.4354709487883628,13.682599141504372,7.8019871057919,10.972495898288155
1737,17.36,19.247827134901357,15.837265233036012,10.938915821666868,1.447791124022265,13.62039562932108,8.081076225497592,10.938915821666868
1738,17.37,19.329198650186814,16.050278411931536,10.77063059239654,1.4901892952546467,13.763020500958,8.25776627125795,10.77063059239654
1739,17.38,19.160222818107933,15.748740950435426,10.912895899605303,1.443131236228967,13.56644263584958,7.998404574171303,10.912895899605303
1740,17.39,19.20348427460917,15.81660785213782,10.890763257772793,1.4522956268330804,13.608491072438085,8.060648527239026,10.890763257772793
1741,17.4,19.312068270948927,15.812160655444883,11.087450397101815,1.4261313547412193,13.767338964675691,7.777197594591616,11.087450397101815
1742,17.41,19.19361133515084,15.757146493093751,10.959336224425918,1.4377829250255671,13.719681287349726,7.74971038028922,10.959336224425918
1743,17.42,19.165649537294758,15.800650176325485,10.847192087899622,1.456658096241478,13.691374390182228,7.88712959843293,10.847192087899622
1744,17.43,19.15319980230775,15.776393259043019,10.860500835741583,1.4526395695420768,13.779958671225312,7.681622438215791,10.860500835741583
1745,17.44,19.037503503566807,15.711258223762613,10.750949012741625,1.4613833816105177,13.651822151940078,7.776335056152516,10.750949012741625
1746,17.45,19.12599153901088,15.718047583338048,10.897088258715568,1.4424080277377438,13.696643391673335,7.71096489639333,10.897088258715568
1747,17.46,19.214445358563452,15.901019279505821,10.786681431747429,1.4741345037506939,13.84046115935682,7.828412931338707,10.786681431747429
1748,17.47,19.270819726677015,15.948756210108403,10.816730942785467,1.4744525212347903,13.829140204507892,7.944665244900805,10.816730942785467
1749,17.48,19.27681744528417,16.099732827217444,10.601617504467384,1.5186109874680185,13.90786787159752,8.110031342354258,10.601617504467384
1750,17.49,19.368941009793044,16.217044204950177,10.59072014055393,1.5312503767191388,13.872286627471928,8.399534896086314,10.59072014055393
1751,17.5,19.399212069553485,16.185119202254935,10.69445395185318,1.5134123981571128,13.812128498648145,8.437013092797308,10.69445395185318
1752,17.51,19.133075341453576,15.781983111214817,10.816819361488344,1.4590225262893999,13.561201204603087,8.072472533923019,10.816819361488344
1753,17.52,18.968696166296166,15.773631223047317,10.535843216779831,1.497139896494052,13.621942360321128,7.95299492598745,10.535843216779831
1754,17.53,18.93686903741242,15.687018151940103,10.607660931647985,1.4788385727090732,13.473358163213783,8.034373547767043,10.607660931647985
1755,17.54,19.331664875768077,15.913313747050148,10.976325088887899,1.4497852075427602,13.767801939252413,7.980049133531242,10.976325088887899
1756,17.55,19.35873283174777,15.907461822505,11.032370335360158,1.4418897606726953,13.819104849164782,7.879066112315883,11.032370335360158
1757,17.56,19.237278821345324,15.814816139145645,10.952830087936167,1.4439022619884005,13.716260254805334,7.8722686779243665,10.952830087936167
1758,17.57,19.236489510992094,15.870002959174013,10.871317067509203,1.4598049951651433,13.86422292861303,7.722714322692032,10.871317067509203
1759,17.58,19.184018100567908,15.836260660684587,10.827714383459268,1.462567269494707,13.736752216895866,7.879644043023311,10.827714383459268
1760,17.59,18.87394125128907,15.541614685577267,10.709055575640662,1.4512591307238127,13.445219681517058,7.795373932705046,10.709055575640662
1761,17.6,18.884507253964752,15.679522159212471,10.52507477806274,1.4897302384865778,13.555602008084687,7.879915566784032,10.52507477806274
1762,17.61,18.923694604716808,15.623467202635142,10.677709963319481,1.4631852013498714,13.57067360853304,7.741417521518962,10.677709963319481
1763,17.62,19.007024324452985,15.737744476695074,10.65787842192812,1.4766301372246236,13.675748738065373,7.78784294057409,10.65787842192812
1764,17.63,19.00814812373647,15.820375033864826,10.536860485067304,1.5014315750204006,13.668189784833356,7.966483177532644,10.536860485067304
1765,17.64,18.852832006231512,15.560961990301587,10.64357724600036,1.4620048908978491,13.355263414994562,7.986268038309164,10.64357724600036
1766,17.65,19.166024339600575,15.85229183689524,10.772248256704184,1.471586196226907,13.668090879531627,8.029847332979612,10.772248256704184
1767,17.66,19.017450656150487,15.57112210056289,10.918039475495611,1.4261829823486747,13.486284030892175,7.783314622237803,10.918039475495611
1768,17.67,18.863817825780473,15.495836130938063,10.75744791144013,1.4404751255601098,13.376780440198775,7.8219359784902975,10.75744791144013
1769,17.68,19.029320872163083,15.681582801723946,10.779750168181879,1.4547259961562555,13.503820283027835,7.972382136539261,10.779750168181879
1770,17.69,19.03528001336081,15.738936655894289,10.706435360511017,1.4700445223762197,13.565621288391402,7.980479065707455,10.706435360511017
1771,17.7,19.226346258378932,15.963708426641217,10.715055002951022,1.4898391489586071,13.758688028618716,8.095584627558395,10.715055002951022
1772,17.71,19.04102467164831,15.703652659763831,10.768282764109232,1.4583246933396126,13.286709914549874,8.370665834036725,10.768282764109232
1773,17.72,19.000027239733484,15.821809168355266,10.520047041280927,1.5039675303988749,13.494114963629789,8.260660185977471,10.520047041280927
1774,17.73,18.952059950962518,15.863574773735877,10.36955022086147,1.529822840514483,13.439592593528326,8.427950849517801,10.36955022086147
1775,17.74,19.18423887348886,16.117079987242192,10.405515548972962,1.5488977851590418,13.757736302882032,8.395532093651044,10.405515548972962
1776,17.75,18.924776385476207,15.719028846644765,10.538467315441448,1.4915858612203048,13.33322411164669,8.325443091526935,10.538467315441448
1777,17.76,19.17448486376861,15.984531190205717,10.590355632377609,1.5093479147514783,13.630135994487128,8.350127552465635,10.590355632377609
1778,17.77,19.1227132444454,15.913152603921743,10.604231986975108,1.500641689418662,13.667880782158944,8.149690835877859,10.604231986975108
1779,17.78,19.12816076243451,15.784237656477108,10.804831130442953,1.4608500092152779,13.525029769332289,8.137304721762934,10.804831130442953
1780,17.79,19.320602825597124,16.00542093447526,10.821838764957304,1.478992737010937,13.661700511049117,8.338551339179917,10.821838764957304
1781,17.8,19.005694823395565,15.659593713767139,10.770030661042227,1.453997133955396,13.330556822265885,8.21700250021842,10.770030661042227
1782,17.81,19.212797118220678,15.909002708681065,10.771963884134006,1.476889718513946,13.513913926522173,8.394670783977862,10.771963884134006
1783,17.82,19.22466838613094,15.71856377518867,11.06863258953106,1.4200998766600683,13.38447793737838,8.241904967815685,11.06863258953106
1784,17.83,19.333703813879893,15.90377095633989,10.993733329998216,1.4466214959884307,13.469081638127136,8.456581487645387,10.993733329998216
1785,17.84,19.569833495071965,16.23468465824016,10.927643710898625,1.4856528166313279,13.63329619336467,8.814659429410009,10.927643710898625
1786,17.85,19.76121619801103,16.36230422624058,11.080643755327724,1.476656463968834,13.839973681189525,8.728122827735156,11.080643755327724
1787,17.86,19.47865980254834,16.19564292316232,10.822168821859819,1.4965246975678814,13.689393401020212,8.654441519051478,10.822168821859819
1788,17.87,19.54424687042057,16.25977195188771,10.844233573865413,1.499393372628356,13.51714571367415,9.036977131911692,10.844233573865413
1789,17.88,19.09812379000479,15.630411236113702,10.973995484249004,1.4243136201894797,13.326252247878761,8.168277446067544,10.973995484249004
1790,17.89,19.246146294706982,15.826054464588736,10.952175458836214,1.4450146935712465,13.543846242608776,8.187076943128188,10.952175458836214
1791,17.9,19.320957942851958,15.875085276192609,11.012769102413198,1.4415162189057378,13.61633860040689,8.161718914876738,11.012769102413198
1792,17.91,19.327051191721274,16.029674692367752,10.797427333595698,1.484582780426978,13.848219500692828,8.073245159399413,10.797427333595698
1793,17.92,19.21703553431087,15.900808899525646,10.79160465675669,1.4734424958358767,13.721094577449568,8.035377231712156,10.79160465675669
1794,17.93,19.13101131062581,15.80197474283034,10.783931935720133,1.46532589755029,13.594558876159509,8.055456209035013,10.783931935720133
1795,17.94,19.334657806911693,16.03477298945621,10.803473871259039,1.4842237950992996,13.901875053139891,7.990733059631093,10.803473871259039
1796,17.95,19.069355941983375,15.68448791597736,10.846067252954724,1.4460990836751946,13.500423123743467,7.983842224539043,10.846067252954724
1797,17.96,18.754367176077764,15.402411641901168,10.700093634570235,1.439465126934826,13.09957153865519,8.101574531548017,10.700093634570235
1798,17.97,18.93592189034672,15.649766325660977,10.660860743369641,1.4679646139636624,13.421458050929607,8.048580609954099,10.660860743369641
1799,17.98,18.850337476577426,15.564291092062186,10.634287271952601,1.4635951328033259,13.32349819464752,8.045592150716478,10.634287271952601
1800,17.99,18.988839694948773,15.763280412795911,10.587493734969899,1.4888585351158867,13.57249860258129,8.016750654433764,10.587493734969899
1801,18.0,19.063721716657568,15.981065565733601,10.393797625213082,1.53755789192653,13.780251486206284,8.093153006905633,10.393797625213082
1802,18.01,19.036142222069472,15.913162021796323,10.447295591056822,1.5231848168839441,13.639786083709668,8.196643283843756,10.447295591056822
1803,18.02,19.035831758230763,15.80072269147332,10.616028125190091,1.4883836501884165,13.765360284023544,7.757428299627858,10.616028125190091
1804,18.03,19.23810130132705,16.04856431542846,10.608870113903633,1.512749627728569,13.769203305722144,8.244116502823946,10.608870113903633
1805,18.04,19.17574300100973,15.826947408366433,10.826673329032184,1.4618476911024738,13.516815496225778,8.23334458820883,10.826673329032184
1806,18.05,18.944045139851482,15.563622837310938,10.800485657537072,1.441011388821199,13.308702354643607,8.06875439318674,10.800485657537072
1807,18.06,19.118381863308866,15.802406496614049,10.760877008267844,1.4685054465795562,13.395908735652728,8.382462659045538,10.760877008267844
1808,18.07,19.32220401413075,15.986775388588702,10.852215471437388,1.4731347189581039,13.79126801832573,8.085660997833838,10.852215471437388
1809,18.08,19.186679998445165,15.917012410825476,10.71342173520503,1.4857076295728278,13.687759661589869,8.123824193871101,10.71342173520503
1810,18.09,19.43454937527249,16.11152909813835,10.868318155986488,1.4824307557893672,13.775685548062746,8.355349038852532,10.868318155986488
1811,18.1,19.476100142433587,16.0103501490744,11.089957838609443,1.4436799834652863,13.78485062913751,8.143046421845689,11.089957838609443
1812,18.11,19.478201986978938,15.963540514866052,11.160901705318453,1.430309211240434,13.66048673632176,8.259886675769053,11.160901705318453
1813,18.12,19.20500570552541,15.651111975861287,11.129911862558249,1.4062206573721983,13.48582261034154,7.942914742293885,11.129911862558249
1814,18.13,19.330751477132093,16.06856924598501,10.746117208444605,1.4952907114541678,13.668325275098908,8.448420076387515,10.746117208444605
1815,18.14,19.4408633720502,16.107568134487398,10.885468177509376,1.4797313144295878,13.579370734656315,8.663396658234772,10.885468177509376
1816,18.15,19.460783880535196,16.180870873648836,10.81210095287689,1.496551960083523,13.600622237086299,8.766051391234875,10.81210095287689
1817,18.16,19.41896064292802,16.24984125542687,10.631965557930219,1.5283948360147164,13.578470593452357,8.92650419645466,10.631965557930219
1818,18.17,19.236145860184816,15.942829864817776,10.763618511252607,1.4811775285560953,13.373118070666594,8.679489453103576,10.763618511252607
1819,18.18,19.22377760883841,15.871920985171199,10.846001557927192,1.4633891485632908,13.337500937370972,8.604007467752822,10.846001557927192
1820,18.19,19.50066242442608,16.108892436596467,10.989969038063222,1.4657814212946463,13.600369701486885,8.632865081577053,10.989969038063222
1821,18.2,19.283960500498,15.885835927804596,10.932124654413697,1.4531334420332378,13.347531386690031,8.61412729221317,10.932124654413697
1822,18.21,19.424612780463534,15.972264713051425,11.054516796638355,1.4448632180746737,13.532432709268631,8.484486138411928,11.054516796638355
1823,18.22,19.374327646241642,16.083875053208722,10.80155243549247,1.489033650418549,13.725579673184187,8.38447967153019,10.80155243549247
1824,18.23,19.366569991820775,16.179796691803045,10.643223771959887,1.5201969852808639,13.779515560628584,8.480021928183648,10.643223771959887
1825,18.24,19.169335878763494,15.83928745818739,10.797240890605204,1.4669754633305743,13.718402540260024,7.917604367893087,10.797240890605204
1826,18.25,19.41804593405803,16.091703399027594,10.868191644193217,1.4806238172681887,13.686992773965175,8.462218804054956,10.868191644193217
1827,18.26,19.373610701225275,15.928704168041886,11.027836375719193,1.4444088237574233,13.622659597412742,8.255105206235317,11.027836375719193
1828,18.27,19.2714110586036,15.855558768277533,10.953928077879945,1.4474769831925227,13.671569013153917,8.030376365580397,10.953928077879945
1829,18.28,19.10062246847927,15.70572002996197,10.870332884683261,1.4448242014825474,13.470493404049865,8.075608281175958,10.870332884683261
1830,18.29,19.116021996388117,15.7303409335569,10.861798703734966,1.448226151359979,13.515388170785235,8.048472431395554,10.861798703734966
1831,18.3,19.131713524852994,15.710924073454635,10.917386461749285,1.4390737314741247,13.425994340337255,8.159400174957003,10.917386461749285
1832,18.31,19.103990228157677,15.633767010751923,10.97942492533507,1.4239149242395144,13.31715080621499,8.189515574867817,10.97942492533507
1833,18.32,19.186755689004816,15.754188675030994,10.951581304135207,1.4385309516062645,13.383094945525544,8.311872862810374,10.951581304135207
1834,18.33,19.025213423845415,15.538344883749792,10.978095649816247,1.4153952907132736,13.27556026605748,8.074630725217666,10.978095649816247
1835,18.34,18.803185253655613,15.25144748113671,10.997869130582556,1.3867638630765233,13.018282080610836,7.945500735606164,10.997869130582556
1836,18.35,18.93497257333389,15.316338059188428,11.132967924572618,1.3757641415082407,12.962497790351183,8.158667941427979,11.132967924572618
1837,18.36,19.164166706307675,15.656862454603038,11.051151235269263,1.4167630250715284,13.289575438538016,8.277954251248635,11.051151235269263
1838,18.37,19.214543300336405,15.716449972258788,11.054043355713297,1.4217829138634344,13.3007450221231,8.372394017661902,11.054043355713297
1839,18.38,19.2952871675051,15.746620975672297,11.15132434848006,1.4120852809575557,13.528176590240022,8.058815688099871,11.15132434848006
1840,18.39,19.223526101112203,15.683037404585091,11.116937236780961,1.4107336463767153,13.351778244740148,8.22725227137826,11.116937236780961
1841,18.4,19.17191641321315,15.481168622098128,11.309102398041862,1.3689122334570645,13.20731454985484,8.07672113465782,11.309102398041862
1842,18.41,19.192392419399958,15.722276062505752,11.007177757926852,1.4283657816994286,13.435428857336898,8.16573426000873,11.007177757926852
1843,18.42,19.056685435561747,15.498663460151006,11.088223064987968,1.397758988912244,13.288302289769375,7.9768158626566,11.088223064987968
1844,18.43,19.141029219353932,15.730677997016205,10.905263377394942,1.442484922429628,13.523006172647573,8.03632592049037,10.905263377394942
1845,18.44,19.042026594942783,15.427377308403683,11.162204362340766,1.3821084803332242,13.25795953450863,7.888629766770688,11.162204362340766
1846,18.45,19.15785678106871,15.567914919498865,11.165281075870192,1.3943146449885089,13.459282363988974,7.823534571226151,11.165281075870192
1847,18.46,18.9469268470358,15.491060306481748,10.909311963999912,1.4199850877490108,13.390287116849647,7.789297808364036,10.909311963999912
1848,18.47,18.897349411737594,15.300739872163435,11.090409106687058,1.3796371012984292,13.171673260129857,7.785863096920725,11.090409106687058
1849,18.48,18.74780825828513,15.198836748053775,10.976141216084741,1.3847158531252295,13.06255120903681,7.770096164480904,10.976141216084741
1850,18.49,18.67784203416752,15.05447988494371,11.055515295414327,1.361716707242773,12.943864661132602,7.6872447756304325,11.055515295414327
1851,18.5,18.813556643493584,15.329363932375296,10.906902172786413,1.4054736798339749,13.100843105461085,7.959730428682956,10.906902172786413
1852,18.51,18.72273121267732,15.202759590679678,10.92779780606132,1.391200666455154,13.007819925560204,7.868959267666967,10.92779780606132
1853,18.52,18.84605186356399,15.48094040588365,10.74775115982979,1.440388800937667,13.1523286217734,8.165523110946495,10.74775115982979
1854,18.53,18.80992772960772,15.573628700434284,10.548718893499572,1.476352612830664,13.28292250807964,8.130306300708586,10.548718893499572
1855,18.54,18.83340634340778,15.49092651613102,10.711133934730782,1.4462452444835736,13.31838928312357,7.911340672183846,10.711133934730782
1856,18.55,18.73755841363138,15.499534596289422,10.529032367823522,1.472075880748134,13.388983457060316,7.808373370180109,10.529032367823522
1857,18.56,18.730588990913848,15.427137281308118,10.622542033346642,1.4523018344270824,13.351284632847152,7.7291502346005885,10.622542033346642
1858,18.57,18.804890144930507,15.50830327242062,10.635620479009791,1.458147486837034,13.31810972384878,7.945780249471829,10.635620479009791
1859,18.58,18.880289116809497,15.621232200989244,10.603887101298838,1.4731609316243897,13.481452563842865,7.891345401519178,10.603887101298838
1860,18.59,18.835757350221733,15.564441970611606,10.608199710596326,1.4672086117557332,13.397538252835023,7.921983502908746,10.608199710596326
1861,18.6,18.695970593714677,15.468506672941928,10.500696060271197,1.473093458200944,13.413174629565528,7.704637892051035,10.500696060271197
1862,18.61,18.84557071123063,15.67771326203541,10.457764689712267,1.499145728289165,13.577551268125735,7.83841786893364,10.457764689712267
1863,18.62,18.77793577611352,15.549755303704323,10.52691702288772,1.4771423836528685,13.429274870587184,7.838971007427968,10.52691702288772
1864,18.63,18.753355520771972,15.552094137528258,10.479537739133715,1.4840439077242984,13.467175549022054,7.778355532782194,10.479537739133715
1865,18.64,18.669141278493402,15.551650657783744,10.328746191798917,1.5056668417442423,13.474585109318536,7.7646245442697825,10.328746191798917
1866,18.65,18.76184105846378,15.657113031269137,10.337383200264922,1.5146108766547306,13.544241277941767,7.8548530653880615,10.337383200264922
1867,18.66,18.832119374207977,15.817805038590667,10.219871030769186,1.5477499658232143,13.562419631021672,8.140253680994357,10.219871030769186
1868,18.67,18.945550775369973,15.891537855314969,10.314694313221946,1.5406697835867338,13.69533930546914,8.060933985276192,10.314694313221946
1869,18.68,18.93037539269641,15.827437985415788,10.385148979491007,1.5240453475123394,13.661262481223993,7.992352632440855,10.385148979491007
1870,18.69,18.837825289474228,15.626160207982956,10.520778430857902,1.4852665428397147,13.620537285634258,7.658841093546522,10.520778430857902
1871,18.7,18.899387803934104,15.698067953886278,10.524139959096978,1.491624780257412,13.610809404752839,7.821457973570082,10.524139959096978
1872,18.71,19.008842469057477,15.818125766039948,10.54148894906152,1.5005589668097306,13.778619954375772,7.769345847826232,10.54148894906152
1873,18.72,19.076340711271673,15.891395923978518,10.553213279370416,1.5058348109995334,13.780042649412167,7.914978774009619,10.553213279370416
1874,18.73,18.84225390693528,15.794986872128032,10.273700501899057,1.5374194399776775,13.696676604033852,7.866553266533481,10.273700501899057
1875,18.74,18.73817854356541,15.743077730438536,10.16242287566825,1.5491460966588952,13.544578763232066,8.024268350026231,10.16242287566825
1876,18.75,18.672166351533306,15.679331468863214,10.139445791010889,1.5463696726663012,13.560937030765569,7.870350828145805,10.139445791010889
1877,18.76,18.815469309210044,15.783003549975756,10.242982195985592,1.5408601955943453,13.660660078686167,7.905034299301765,10.242982195985592
1878,18.77,18.718212256057104,15.634046144125225,10.293107947853725,1.5188848910678305,13.454196174780053,7.962914298620236,10.293107947853725
1879,18.78,18.85758671390617,15.61526956622044,10.57222460254984,1.4770088749773918,13.51422022726989,7.823202366970937,10.57222460254984
1880,18.79,18.88765807003285,15.660456520674542,10.559059093240233,1.48312992496653,13.457733167661502,8.00870254310655,10.559059093240233
1881,18.8,18.818925629580963,15.623680294293335,10.490594640601142,1.4893035933183338,13.46152828615209,7.930109844095292,10.490594640601142
1882,18.81,18.879330640961776,15.675685780677739,10.521501829882268,1.4898715063810566,13.572487384990497,7.843131445973353,10.521501829882268
1883,18.82,19.05850197159194,15.527800811081887,11.050515796673862,1.4051652517211604,13.51365083979688,7.648126503183141,11.050515796673862
1884,18.83,19.063348040719397,15.661437260314106,10.868791168425542,1.440954841952569,13.584586475530093,7.7935631996924135,10.868791168425542
1885,18.84,19.170426350901373,15.792075717718086,10.868099695953868,1.4530668800910418,13.482549098228567,8.222561966199905,10.868099695953868
1886,18.85,19.18680966523508,15.85957241668766,10.798501187192521,1.4686827497410273,13.59068106554746,8.174314981374879,10.798501187192521
1887,18.86,19.234734702047934,15.864484927504371,10.87626484796843,1.4586335611777317,13.482625702121448,8.360663023439438,10.87626484796843
1888,18.87,19.135063815183006,15.808940197262407,10.780912626049194,1.4663823690644082,13.419344859471176,8.357258743344238,10.780912626049194
1889,18.88,18.927504799987748,15.77414460572156,10.460726547967148,1.5079396764067958,13.51660625324124,8.131727580105863,10.460726547967148
1890,18.89,19.12693367100048,16.07094646762392,10.371319650344317,1.5495565665156585,13.39331760715384,8.88224993113438,10.371319650344317
1891,18.9,18.8651844387378,15.8122280608435,10.289248158124485,1.5367719601901155,13.315999933009804,8.527057055761356,10.289248158124485
1892,18.91,19.077163947364063,15.928578688518122,10.498502999870672,1.517223806928887,13.316972831612915,8.73944241003951,10.498502999870672
1893,18.92,19.03308677344188,15.623972771852738,10.869676487815653,1.4373907806148976,13.184352437920605,8.383398831517725,10.869676487815653
1894,18.93,19.191519413873067,15.78208888679518,10.919710975221042,1.4452844880792013,13.582292579539908,8.037142397300114,10.919710975221042
1895,18.94,19.12952612895478,15.680965420883203,10.956554813782887,1.43119490454766,13.489583910288303,7.995236235298219,10.956554813782887
1896,18.95,19.249744190883955,15.87124776020247,10.89294018843116,1.4570214731426248,13.396450773570349,8.51067636190205,10.89294018843116
1897,18.96,19.418288613511486,15.966067882788959,11.052357623593473,1.4445848050289458,13.69056316068164,8.214852645130762,11.052357623593473
1898,18.97,19.394380056749526,15.94831980058362,11.035989911374338,1.4451190992976848,13.550499772096224,8.410283014744973,11.035989911374338
1899,18.98,19.294270073568217,15.784629683646537,11.095689407239849,1.4225911616944857,13.410891635071115,8.324813499546702,11.095689407239849
1900,18.99,19.519496936333628,16.111743647880584,11.01918677909208,1.4621536027006254,13.467794796847379,8.843460108183388,11.01918677909208
1901,19.0,19.441992498794217,16.037443749038005,10.990517290810851,1.459207362554889,13.495950932706092,8.663654565225219,10.990517290810851
1902,19.01,19.425004258862025,16.12165351661708,10.836192982175788,1.4877599119114275,13.462310487189187,8.869831365723249,10.836192982175788
1903,19.02,19.365177610460087,16.085088608400273,10.783321767645454,1.4916636037572737,13.435146339401053,8.844598259896644,10.783321767645454
1904,19.03,19.50185258291831,16.140794873653224,10.945181360421913,1.474694145500302,13.456070288789682,8.91400199329694,10.945181360421913
1905,19.04,19.543369057811844,16.150469571946093,11.00479925920872,1.4675842049941548,13.478995385477273,8.896873090734683,11.00479925920872
1906,19.05,19.388423942860776,15.861418507734928,11.15017425471821,1.4225265135227056,13.369199787188276,8.53516807847163,11.15017425471821
1907,19.06,19.48256518316313,15.972097040390349,11.156274568535588,1.4316694109911012,13.757255830712342,8.11454224685394,11.156274568535588
1908,19.07,19.08679084464307,15.601758606001626,10.995031293598242,1.4189826467420434,13.375872433238287,8.031245747060781,10.995031293598242
1909,19.08,19.457184510594036,16.112188468750777,10.907768416443158,1.4771296798401128,13.64260888874079,8.572154919353498,10.907768416443158
1910,19.09,19.57444213816863,16.294905013887714,10.845960335944849,1.5023939337012318,13.786709641269386,8.686228564742738,10.845960335944849
1911,19.1,19.604829559388033,16.178781500649656,11.072324562028113,1.461191045296291,13.723462221279487,8.568521197200733,11.072324562028113
1912,19.11,19.6871589057574,16.24417795612131,11.122540551079393,1.4604737003673935,13.781854820336722,8.598476329053824,11.122540551079393
1913,19.12,19.22429513258208,15.743811492113414,11.032040747088303,1.4270987438356493,13.490885186974515,8.115640281029835,11.032040747088303
1914,19.13,19.154627643419943,15.80478993127606,10.821662320840657,1.460477093324078,13.331153931221074,8.489506442300048,10.821662320840657
1915,19.14,19.157640835282773,15.851212859556863,10.758915059368816,1.473309601580477,13.387029430681652,8.488132429518531,10.758915059368816
1916,19.15,19.248373773845668,15.959716972637255,10.760451992875767,1.483182768084816,13.492911781968207,8.523725564018893,10.760451992875767
1917,19.16,19.278170668492763,15.978988510178592,10.785165298460434,1.4815710346562392,13.55863631592723,8.455261974701832,10.785165298460434
1918,19.17,19.177855234426023,16.091390978215554,10.433468636019601,1.542285843718649,13.550409421653868,8.678667416104334,10.433468636019601
1919,19.18,19.12636928559454,16.09606084934167,10.331254869725385,1.557996686008533,13.534550592069767,8.712009821873114,10.331254869725385
1920,19.19,19.063330942660226,16.123004963166746,10.171494363518432,1.585116639399053,13.569011452587512,8.708226986123437,10.171494363518432
1921,19.2,18.9278569563419,15.800891488624108,10.420921126487174,1.5162662970802552,13.411756278984782,8.354218416368228,10.420921126487174
1922,19.21,18.880982597203314,15.836727596083552,10.28054292745962,1.540456346306692,13.521604702768876,8.244279666205712,10.28054292745962
1923,19.22,18.81034750915054,15.838050141881737,10.148169348126084,1.560680512767194,13.476536991071026,8.320263398778579,10.148169348126084
1924,19.23,18.95941202507316,16.049996532609036,10.092418720986895,1.590302282963501,13.566494133257288,8.576282739570656,10.092418720986895
1925,19.24,18.821768643962038,15.93270889158457,10.02036737165133,1.590032411053099,13.411924716716909,8.600667882036607,10.02036737165133
1926,19.25,18.931850907550007,15.97985373292151,10.151810353830319,1.5740890714031361,13.383850782963886,8.730879883775888,10.151810353830319
1927,19.26,18.944433244058683,15.95975689734288,10.206748292983038,1.5636475436858706,13.484142178683651,8.537666538775577,10.206748292983038
1928,19.27,19.18076708785366,16.142388046230835,10.3597844689643,1.5581779808827085,13.673771287999843,8.579316441218806,10.3597844689643
1929,19.28,19.426571440770356,16.392098298310422,10.425487581973472,1.5723099921632167,13.916731275594186,8.661724841183196,10.425487581973472
1930,19.29,19.36197010754223,16.162547484492155,10.661048037453693,1.5160373940452154,13.814100928462063,8.39038477822843,10.661048037453693
1931,19.3,19.217146763096714,16.144919354263465,10.423066187966352,1.5489606477701456,13.754871984507961,8.453515105887556,10.423066187966352
1932,19.31,19.288969658028527,16.04435061416584,10.707154796586318,1.498470034194438,13.692742256261546,8.362415687698935,10.707154796586318
1933,19.32,19.430014061379246,16.343372791202416,10.50807366900232,1.5553157796574644,13.885780323459633,8.619219164218803,10.50807366900232
1934,19.33,19.4773213633749,16.353762813335557,10.579248051602885,1.5458341399659083,13.861656913864447,8.677558744091042,10.579248051602885
1935,19.34,19.324719557650624,16.320009558282575,10.349013189643253,1.5769628716499056,14.052276027962924,8.299171670496593,10.349013189643253
1936,19.35,19.559806875355147,16.56750006198891,10.39730670400695,1.593441506886016,14.183424424993236,8.562273639898917,10.39730670400695
1937,19.36,19.2348181529904,16.22769146054526,10.32667706670231,1.5714340010563883,13.827803675375003,8.49292739012521,10.32667706670231
1938,19.37,19.277915011214958,16.27173911466713,10.337722832608678,1.5740158038809626,13.854018916178791,8.534380685553492,10.337722832608678
1939,19.38,19.239380983494197,16.26092214391864,10.282810494094234,1.581369427478785,13.883662289414437,8.465312185860316,10.282810494094234
1940,19.39,19.464384930659072,16.36215736906478,10.542394744972656,1.552034216596508,13.830815409159632,8.7423531664989,10.542394744972656
1941,19.4,19.39618000338479,16.303267200198924,10.50786740126758,1.551529589936797,13.826528313970176,8.638497333683857,10.50786740126758
1942,19.41,19.3778772844639,16.22133996547973,10.600483846319095,1.5302452416936059,13.876263347675891,8.401260963784933,10.600483846319095
1943,19.42,19.558311913863943,16.304569763224084,10.80224836578716,1.509368162174817,13.950192244333715,8.4398537611722,10.80224836578716
1944,19.43,19.63830693933898,16.42230931362597,10.768976564710469,1.5249647183225619,13.822606760612402,8.867230995856522,10.768976564710469
1945,19.44,19.784010766276477,16.656939213630885,10.674898502259834,1.5603838490927737,14.021348605782425,8.991963480893235,10.674898502259834
1946,19.45,19.51710398861305,16.245759655833805,10.816313665349119,1.5019682452329695,13.766112168044355,8.626636805380096,10.816313665349119
1947,19.46,19.61448108477237,16.44140388433939,10.696172518098352,1.5371296467516653,14.017352178826428,8.592647995974257,10.696172518098352
1948,19.47,19.52348528815146,16.4556840715332,10.506043000795069,1.5663065599758041,13.723281167105444,9.080809009701753,10.506043000795069
1949,19.48,19.55350927290631,16.45058838775803,10.569667288150265,1.5563960472247704,13.84479063126816,8.885022829446688,10.569667288150265
1950,19.49,19.36663541780989,16.238317886386852,10.553842884324991,1.5386166029157664,13.796287505153535,8.56419399911607,10.553842884324991
1951,19.5,19.213064845038474,16.10969803179222,10.46993266760217,1.5386630022599441,13.694825545374304,8.483756476779233,10.46993266760217
1952,19.51,19.164264813654114,16.089818552682953,10.410897405584231,1.5454785429018485,13.801311430625208,8.270795841583482,10.410897405584231
1953,19.52,19.229148809058998,16.043727251194902,10.599951877730447,1.5135660459837879,13.845579947223522,8.105621508297546,10.599951877730447
1954,19.53,19.45321808816962,16.087826540398048,10.936614247195237,1.4710061246353159,13.841377036158768,8.199661245248649,10.936614247195237
1955,19.54,19.48834666113007,16.065601758483993,11.031414040012075,1.4563501741673732,13.893397447586116,8.067035838869911,11.031414040012075
1956,19.55,19.733470514795815,16.414387882271,10.953434575906812,1.4985608183917134,14.046598559358165,8.49265556006378,10.953434575906812
1957,19.56,19.69887209092783,16.52632656706276,10.720358755822073,1.541583350285507,14.194876419052529,8.46315267787548,10.720358755822073
1958,19.57,19.718113915957577,16.493049921857327,10.80663317957086,1.5261968873928486,14.236023828760274,8.328044264522594,10.80663317957086
1959,19.58,19.836697236777738,16.61186322254084,10.84161231271348,1.5322318068006215,14.304946087317578,8.445265961670032,10.84161231271348
1960,19.59,19.400107005915064,16.20481468232007,10.666214555905887,1.5192657711303452,14.133065235738123,7.927955974316875,10.666214555905887
1961,19.6,19.65755363945591,16.497394426896275,10.68903139725475,1.5433947018935017,14.108138632856688,8.551283365243194,10.68903139725475
1962,19.61,19.508734154463184,16.305942930501445,10.710132280077042,1.5224782013975415,14.206189502255402,8.004246040619844,10.710132280077042
1963,19.62,19.482403696298643,16.26320927907221,10.727165409867169,1.5160770490322468,13.966088519744812,8.33308751385419,10.727165409867169
1964,19.63,19.422065369485235,16.327518778958538,10.5180204287363,1.552337618051216,14.06321736278448,8.295407577950638,10.5180204287363
1965,19.64,19.505487447886775,16.27661129695562,10.748765755540743,1.5142772358366259,13.984465787401234,8.328432742910735,10.748765755540743
1966,19.65,19.52901076070125,16.360400835383786,10.663936693227258,1.5341802287493316,13.97883058334223,8.500294760574038,10.663936693227258
1967,19.66,19.462199521977862,16.260225507397518,10.694965015457248,1.5203626644778077,13.910516113084917,8.419766921894318,10.694965015457248
1968,19.67,19.59161024868104,16.272150396390387,10.910926340759346,1.4913628676607789,13.974329795822216,8.336725093245144,10.910926340759346
1969,19.68,19.860876745581347,16.45975212754076,11.114449379213143,1.4809327539270365,14.033174278326237,8.601945115740127,11.114449379213143
1970,19.69,19.952401127516968,16.57688216189649,11.104291447181055,1.492835651941098,14.040767342764195,8.811916626691865,11.104291447181055
1971,19.7,19.914634119630072,16.71146262560919,10.831420453089304,1.5428689799261552,14.292544561645643,8.660031930686307,10.831420453089304
1972,19.71,20.231317544230432,16.822987486569723,11.238029257935063,1.4969695398053156,14.383032228736049,8.725897769308418,11.238029257935063
1973,19.72,20.436278858134592,17.07755600991078,11.224908654229628,1.5213982167664082,14.654459273609595,8.768679642326859,11.224908654229628
1974,19.73,20.25090356445578,17.010351333956677,10.988495924021901,1.5480145282458926,14.622135951394386,8.691673758464567,10.988495924021901
1975,19.74,20.472484089389717,17.174886258145527,11.142077311259294,1.541443824015649,14.64480901997964,8.97252956242324,11.142077311259294
1976,19.75,20.51160694815037,17.289765737989338,11.03585159019731,1.5666906714609248,14.646658210064805,9.187567825713794,11.03585159019731
1977,19.76,20.533196705009583,17.26964094022987,11.107279987564583,1.554803782705082,14.65554680051872,9.13539523952134,11.107279987564583
1978,19.77,20.53226899700283,17.23876843883529,11.153426956657757,1.545602845280216,14.601659490828252,9.163333312811933,11.153426956657757
1979,19.78,20.544491674689183,17.364925075961825,10.97886675743928,1.5816682595401164,14.4653866294074,9.606935648557737,10.97886675743928
1980,19.79,20.724644597583367,17.27104354711839,11.455214903688267,1.5077013999586846,14.49506186031047,9.39053389708128,11.455214903688267
1981,19.8,21.238739658955737,17.7820250365798,11.613941962113826,1.5310929824332733,14.951280444891646,9.625987090150886,11.613941962113826
1982,19.81,21.37823608046641,18.114870594671164,11.35255219104823,1.595665035475916,15.225414028432315,9.815054983264154,11.35255219104823
1983,19.82,21.31069365652097,18.123112701573213,11.211532015213573,1.616470672962528,15.093468295662364,10.03167128656832,11.211532015213573
1984,19.83,21.239005454574105,18.136622514963936,11.05252353307297,1.6409485544810554,15.046999750812523,10.12545676744238,11.05252353307297
1985,19.84,21.239954685451902,18.114584918654376,11.090423268068248,1.6333537937014744,15.056375049350894,10.07192916716676,11.090423268068248
1986,19.85,20.76460297733991,17.746822469444528,10.780492987084232,1.646197673029094,14.984322797786506,9.508931488538376,10.780492987084232
1987,19.86,20.752777369881684,17.802081353753668,10.666005252118028,1.6690486206369133,14.940860172959571,9.679090753667642,10.666005252118028
1988,19.87,20.313073982418214,17.353090560918297,10.558940410844453,1.6434499945748324,14.755197195481449,9.133121467378395,10.558940410844453
1989,19.88,20.351822231549274,17.431498375329067,10.504262588848551,1.6594690229692612,14.808880277004086,9.195335804116093,10.504262588848551
1990,19.89,20.18897588556689,17.23440877068923,10.51522237676367,1.6389961289619024,14.695282440971935,9.00408349890603,10.51522237676367
1991,19.9,20.07930442369235,17.01025955369658,10.669092560062698,1.5943492342892018,14.582025055377354,8.758622915074776,10.669092560062698
1992,19.91,20.290750015800484,17.24963678079046,10.684782034955525,1.6144116673936681,14.708695421205462,9.011339971136842,10.684782034955525
1993,19.92,20.230610077346803,17.148109740100722,10.734054054415266,1.5975427041050856,14.79913776094456,8.6627472080814,10.734054054415266
1994,19.93,20.498739677433225,17.422485526048625,10.800709534924145,1.6130871281847674,14.834636664522126,9.136550603865208,10.800709534924145
1995,19.94,20.49356873299588,17.457873552784566,10.733546032370269,1.6264777269445758,14.955541333144978,9.006060871302553,10.733546032370269
1996,19.95,20.712047170548463,17.66153486329653,10.819384652908212,1.6323973525194126,15.017416282632126,9.295537742464086,10.819384652908212
1997,19.96,20.91521165505625,17.840183734687002,10.916680946533626,1.6342131662601898,14.929101861513727,9.766988957500566,10.916680946533626
1998,19.97,20.920100621520376,17.873178814154354,10.871986437252447,1.6439662537576931,14.829317934160517,9.977066228622585,10.871986437252447
1999,19.98,21.078555866328355,18.099592660746403,10.803252423459355,1.6753836670004103,14.986448255607705,10.14897153247253,10.803252423459355
2000,19.99,21.01147052636398,18.065078220341455,10.73009052027087,1.6835904772856864,15.228401204672252,9.718171013961008,10.73009052027087
2001,20.0,20.810622752045226,17.996173049699994,10.450826517227911,1.7219856266902698,15.0068876399163,9.932550920970696,10.450826517227911
2002,20.01,20.393313288938753,17.46781218232302,10.52438903043276,1.6597459607215554,14.926646076010524,9.073020409898351,10.52438903043276
2003,20.02,20.37494412530158,17.270207055607965,10.811026610160125,1.5974622649968828,15.03623840752892,8.495386176950598,10.811026610160125
2004,20.03,20.412702746236047,17.476788806185446,10.547051077442626,1.6570308305004524,14.863422913360115,9.193302250802507,10.547051077442626
2005,20.04,20.599265087015006,17.610699460397957,10.686111857951627,1.64799879455629,15.054846723513228,9.137194625046792,10.686111857951627
2006,20.05,20.360080844307035,17.345094927724144,10.662109262944014,1.6267977095307715,14.911932838095844,8.859265041970502,10.662109262944014
2007,20.06,20.24572537510458,17.344080031308366,10.443767702880216,1.6607110120349728,14.927314386820537,8.831330439376067,10.443767702880216
2008,20.07,20.224555786747224,17.360641300900188,10.375007970730875,1.6733135386379085,14.868967249265411,8.961343611244573,10.375007970730875
2009,20.08,20.235929344127406,17.36593452793594,10.38831816955752,1.671679115376539,14.875974912684176,8.959969443349049,10.38831816955752
2010,20.09,20.146677379612473,17.250201564038765,10.407648890994716,1.657454218979717,14.928786513554927,8.642961716487351,10.407648890994716
2011,20.1,20.46030532955986,17.582754753816747,10.462830852400804,1.6804968943736869,15.004323891388845,9.166434928322095,10.462830852400804
2012,20.11,20.358016239674047,17.571791638754288,10.280124698613198,1.709297518650211,14.931039150015854,9.264552406699902,10.280124698613198
2013,20.12,20.4180636602909,17.509288994660466,10.503433845041055,1.66700616702861,15.043645623022346,8.959013755289064,10.503433845041055
2014,20.13,20.60206181082474,17.697815567958823,10.546671274841053,1.678047519142531,15.243994688194963,8.990734220505546,10.546671274841053
2015,20.14,20.90783360146149,18.123550255423755,10.424702971573419,1.7385195822695305,15.28023956679236,9.745632490623871,10.424702971573419
2016,20.15,20.71564123148322,17.887422206595343,10.448823782346382,1.7119077304008807,15.17497314050869,9.469955827871638,10.448823782346382
2017,20.16,20.779866892634814,18.05166502733481,10.292728395159262,1.7538270062410883,15.136417726106686,9.836232443364988,10.292728395159262
2018,20.17,20.68844545381365,17.916928799443006,10.343859902914017,1.7321318122643505,15.171508892548585,9.531088895169818,10.343859902914017
2019,20.18,20.703962881778704,17.931102190513418,10.350345561546973,1.7324158004086403,15.105019119130375,9.662443954680457,10.350345561546973
2020,20.19,20.289949351024163,17.40577590073241,10.426936748662506,1.6693086685277057,14.960338045948701,8.89659037257853,10.426936748662506
2021,20.2,20.356388954902027,17.4868524623178,10.420775510699151,1.6780759209680518,15.098052416128134,8.82263125596426,10.420775510699151
2022,20.21,20.559682337150846,17.72234402775773,10.422046822306662,1.7004667441932804,15.15963965517327,9.179695167242656,10.422046822306662
2023,20.22,20.59576938455538,17.752881723357344,10.441307727400499,1.7002546220115244,15.026512843783651,9.453503119961415,10.441307727400499
2024,20.23,20.542218833611305,17.585653794059088,10.617322414030305,1.6563172058164544,15.02152237070496,9.143800360403507,10.617322414030305
2025,20.24,20.87510846455252,17.99148413935481,10.586626085310494,1.699454008706225,15.073083121318152,9.823220793328911,10.586626085310494
2026,20.25,21.117785822117288,18.292410413119896,10.552184575091584,1.733518806740654,15.02866017705855,10.42840601456002,10.552184575091584
2027,20.26,20.806106787028376,17.907687057642285,10.592866650665398,1.6905421023606864,15.038433681435867,9.722693462385013,10.592866650665398
2028,20.27,21.089815330159322,18.27947262271679,10.518611661981375,1.7378217972231436,15.180380951683096,10.183081730322586,10.518611661981375
2029,20.28,21.13983012500394,18.339106154972725,10.515208183895627,1.7440554513280722,15.352683887466153,10.030848020725648,10.515208183895627
2030,20.29,20.932010985609697,18.03707907722331,10.621339946714729,1.698192428423528,15.333102223709119,9.499062997753692,10.621339946714729
2031,20.3,21.118964988326105,18.22857511507825,10.664414257337047,1.7092898564529329,15.376442123002574,9.790095932318652,10.664414257337047
2032,20.31,21.240754533072828,18.419617576899395,10.577681289159397,1.7413662856127887,15.391605147890369,10.118339915749807,10.577681289159397
2033,20.32,21.55419244123951,18.64919414273955,10.806977820852387,1.7256622944811983,15.298077266293094,10.665893030033514,10.806977820852387
2034,20.33,21.056906004519313,18.063471990409283,10.821472641690734,1.6692249371696481,15.014168216100257,10.043095793974357,10.821472641690734
2035,20.34,20.694397926512252,17.559431246440397,10.95100359977875,1.603454065780342,14.876321462103947,9.328916628130669,10.95100359977875
2036,20.35,20.951143916442188,17.924950689007837,10.846500551058394,1.6526022014776676,14.832970289994739,10.064136802503029,10.846500551058394
2037,20.36,20.99406793812793,17.89992142881629,10.970127685352367,1.6316967260751927,14.962751478488237,9.824624947080405,10.970127685352367
2038,20.37,20.97548883676186,17.955667530436493,10.842745753615642,1.6560074300782128,14.977957135836697,9.902868094678928,10.842745753615642
2039,20.38,20.98649676358645,17.914272254214023,10.932149651826137,1.6386779201491788,14.915600275677761,9.921996715092373,10.932149651826137
2040,20.39,20.94026965522079,17.879114246011316,10.901016787962293,1.6401327136524322,15.178458563376132,9.448657145954579,10.901016787962293
2041,20.4,21.125358623692065,18.17124374029238,10.774352783832805,1.6865276369601336,15.370585093039104,9.692224355985523,10.774352783832805
2042,20.41,21.01523370015423,17.989322235486615,10.863900449650895,1.6558806221447555,15.136582228688951,9.72109010997794,10.863900449650895
2043,20.42,21.05138338983078,17.883916441612136,11.10523639257978,1.610403940033342,15.352365530053397,9.172749856078774,11.10523639257978
2044,20.43,20.99180915239229,17.885545311656763,10.98923657016871,1.6275512131760559,15.39097411854101,9.111017878246535,10.98923657016871
2045,20.44,20.977375518474272,17.82208274357169,11.064522146227908,1.6107412961930359,15.352936401579102,9.050634075454782,11.064522146227908
2046,20.45,21.050319476022754,17.904254004025628,11.070394690432458,1.6173094550548683,15.456121596209158,9.03717968416389,11.070394690432458
2047,20.46,21.013872453861534,18.00641018825906,10.832914088061475,1.6621944974255092,15.496125281526497,9.170654781806753,10.832914088061475
2048,20.47,20.855587803653876,17.88404556408056,10.729233751662166,1.6668520770469721,15.424570111307508,9.051061960867829,10.729233751662166
2049,20.48,20.74148409416317,17.776016408750838,10.687488155045815,1.6632548406950385,15.223147700863946,9.178373136992185,10.687488155045815
2050,20.49,21.13748117674986,18.110942903215395,10.898938372792385,1.6617162409530393,15.396466197942548,9.537037352298706,10.898938372792385
2051,20.5,21.12145639241014,18.054877243196064,10.9607174888145,1.6472349790623844,15.396900235102729,9.429424978076478,10.9607174888145
2052,20.51,21.330673676292992,18.344584132240836,10.884570386544272,1.6853751209986922,15.265861377796394,10.172376486287098,10.884570386544272
2053,20.52,21.249513787621318,18.1777391884624,11.005073112276301,1.6517599658819984,15.121208986047376,10.088569809643078,11.005073112276301
2054,20.53,20.821174817860086,17.555232383911402,11.195317625809436,1.568087031621145,14.918853885455507,9.252782435438581,11.195317625809436
2055,20.54,20.48067866756871,17.41123136582804,10.784582560758196,1.6144557536405904,15.060270722214842,8.73723202438808,10.784582560758196
2056,20.55,20.652822536318382,17.612690004533658,10.785741955046978,1.6329604470364825,15.037494739322025,9.169547489416383,10.785741955046978
2057,20.56,20.459585134477063,17.49709188569828,10.604074661107699,1.6500347691696218,15.149712814450037,8.754109097804124,10.604074661107699
2058,20.57,20.428442769086637,17.3884856642187,10.722025940796305,1.621753739473539,14.94733574318534,8.88462649047405,10.722025940796305
2059,20.58,20.424837637318916,17.454525894592432,10.607238957704384,1.645529620308463,14.982907787895359,8.953934801215741,10.607238957704384
2060,20.59,20.41471288022092,17.54160613132132,10.442823196600052,1.6797762253633166,14.98593133349807,9.117554920815689,10.442823196600052
2061,20.6,20.614094748547917,17.669678890751936,10.617125326557387,1.664262062213157,15.23633068452152,8.948283599338621,10.617125326557387
2062,20.61,20.18661350049622,17.329482697222424,10.353182798786325,1.6738314230531999,14.968675596193263,8.732108648502926,10.353182798786325
2063,20.62,20.316757211458313,17.369950023177104,10.53828542893355,1.6482709773154154,14.994582249874115,8.767991044670971,10.53828542893355
2064,20.63,20.13674527056105,17.185761005077055,10.494671446397724,1.6375701795768016,14.977015532061522,8.428486642097445,10.494671446397724
2065,20.64,20.129644016903807,17.23304272146,10.403115245329442,1.6565271377914328,14.900703456308594,8.657181870956538,10.403115245329442
2066,20.65,20.18667201024492,17.239332532635444,10.502720632218246,1.6414158898744677,14.924435623349037,8.628777868000373,10.502720632218246
2067,20.66,19.89851375910578,16.988439161740626,10.360684565662616,1.6397023820263494,14.76207617453124,8.407625834294699,10.360684565662616
2068,20.67,20.079960957803895,17.204141178980265,10.354822951680253,1.6614616453860844,14.928902111355313,8.550459371042905,10.354822951680253
2069,20.68,20.247821219326266,17.400534375859454,10.353534061581703,1.680637188457869,14.954706473482066,8.895805239406952,10.353534061581703
2070,20.69,20.226861011643965,17.359052526803907,10.382157856439374,1.6720081477124933,14.860830335341957,8.971757150776952,10.382157856439374
2071,20.7,20.16340692314259,17.255258159947232,10.43163671634557,1.6541275956158992,14.923569839262308,8.662043489794186,10.43163671634557
2072,20.71,20.253013085471096,17.342308421032946,10.460825859846498,1.6578335834459086,15.013597784517467,8.680296246958536,10.460825859846498
2073,20.72,20.236346674567038,17.341333016194753,10.430143621000349,1.6626168964039207,14.919904503218687,8.83845463830646,10.430143621000349
2074,20.73,19.776259373123207,16.87284709278626,10.315399448227765,1.6356949798667364,14.687457892949878,8.304911177090947,10.315399448227765
2075,20.74,20.036071825865665,17.07488290642715,10.482964654287924,1.6288219477533852,14.860365794840279,8.409587071416707,10.482964654287924
2076,20.75,20.085276726970033,17.21222854585882,10.351692116948172,1.6627454092919094,14.725978356995089,8.911025358744608,10.351692116948172
2077,20.76,20.11786558894042,17.22060757521979,10.400922583836294,1.6556807760478602,14.675729797080967,9.00956603742861,10.400922583836294
2078,20.77,20.037730068951493,17.147698556367782,10.366632072959138,1.6541243516394037,14.68468856807536,8.854574379307824,10.366632072959138
2079,20.78,19.89817216509646,16.94718381165378,10.42737821150837,1.625258379229949,14.843074187686737,8.178642173662304,10.42737821150837
2080,20.79,20.09521883941248,17.137976691463656,10.493215671410118,1.633243538313798,15.051609872012156,8.195076896399309,10.493215671410118
2081,20.8,20.058689337238423,17.155965938002765,10.39345229757327,1.6506513376703955,14.952429740475226,8.411421528021476,10.39345229757327
2082,20.81,20.07856120130782,17.01626042637225,10.658119018689064,1.5965538005847142,15.01493815581768,8.006544265480123,10.658119018689064
2083,20.82,20.16546409298473,17.184485249663947,10.551749086740958,1.6285911566317952,14.97545649961885,8.42865564155645,10.551749086740958
2084,20.83,20.13195293475712,17.21920586854185,10.430459156913935,1.6508578970013918,14.864991802761423,8.690976323006625,10.430459156913935
2085,20.84,20.084634951347816,17.086909924731298,10.5560442568711,1.6186849456991572,14.924641698136291,8.319709187112997,10.5560442568711
2086,20.85,20.27008366501134,17.12969762443134,10.837423636737233,1.5806060737871543,14.867294217013713,8.508237383218647,10.837423636737233
2087,20.86,20.015713645529615,16.96193994183406,10.626447484905517,1.5962004203124214,14.902317413019214,8.10113216235916,10.626447484905517
2088,20.87,20.24575907094253,17.18249419201661,10.707597942581106,1.604701099551624,14.99105875740018,8.396800818815453,10.707597942581106
2089,20.88,20.181683160094657,17.079892812161376,10.750702149140139,1.588723468962207,15.0406750450303,8.09325847015432,10.750702149140139
2090,20.89,20.151638749030504,17.072207594024714,10.706459365166086,1.5945708111095864,14.982691345462287,8.184084077041524,10.706459365166086
2091,20.9,19.99352795299318,16.928459506009933,10.63806461535657,1.5913100848788668,14.881065146161404,8.070107890376583,10.63806461535657
2092,20.91,20.160025649896966,17.093147028945456,10.688824016296499,1.599160675008283,14.94939247972336,8.28802388029484,10.688824016296499
2093,20.92,19.98996093153038,16.973902791500993,10.558653421188977,1.6075821522314553,15.035763502905725,7.8764961664444,10.558653421188977
2094,20.93,19.944802577159745,16.8937697207115,10.601683567502343,1.5934987696196175,14.940994997588518,7.884549692814649,10.601683567502343
2095,20.94,20.15210161114322,17.11684141836556,10.635832793174517,1.609356009183427,14.846738376489215,8.518252151794817,10.635832793174517
2096,20.95,19.92260132809553,16.9436464873779,10.479641567773225,1.6168154586014325,14.774319817919432,8.294976202923463,10.479641567773225
2097,20.96,19.709234787302343,16.754895289465498,10.379182036174901,1.6142789702569158,14.632826067868514,8.16130611044953,10.379182036174901
2098,20.97,19.98255618287416,16.908237226114412,10.649604007058713,1.587686942623161,14.914255160783458,7.965769209160231,10.649604007058713
2099,20.98,20.043437316331342,16.867294922853997,10.827453137241815,1.5578266383659243,14.833984761808345,8.028607232949813,10.827453137241815
2100,20.99,20.051584267445442,16.87643111689478,10.828301085173571,1.558548380225822,14.860983331268624,7.9978185570223115,10.828301085173571
2101,21.0,20.056621335406515,16.90339611404549,10.795520330375735,1.565778730135296,14.854338595272864,8.066810093544728,10.795520330375735
2102,21.01,20.099851039168158,16.976260808997967,10.76153245321636,1.5774947371853325,14.739303560084824,8.422966319461997,10.76153245321636
2103,21.02,20.246802899835753,17.176089024459145,10.719841113032016,1.6022708586210597,14.965477601285954,8.429265350050045,10.719841113032016
2104,21.03,20.213830222187706,17.05837100566838,10.844856425255307,1.5729457668008544,14.9457545334632,8.2226785655583,10.844856425255307
2105,21.04,19.996911062217933,16.838247669167224,10.7865595748616,1.5610396950302174,14.683316499082999,8.241771724330418,10.7865595748616
2106,21.05,20.067106864342193,16.893861506061565,10.829876329808242,1.5599311563293443,14.692331792982364,8.338941363920744,10.829876329808242
2107,21.06,20.096510371502347,16.90716362718303,10.86358813631852,1.5563148579482666,14.63559389231239,8.46472523686677,10.86358813631852
2108,21.07,20.065964812181765,16.912771428674628,10.798199222329801,1.5662585103727653,14.759966272017607,8.257435016244179,10.798199222329801
2109,21.08,20.11664841975536,16.993286497295497,10.766046519724888,1.57841473805277,14.584666950066703,8.721196932462739,10.766046519724888
2110,21.09,20.179943697673952,17.001126248702892,10.871606777149193,1.5638098946364773,14.551435345722776,8.791701945788674,10.871606777149193
2111,21.1,20.006033356683,16.901668249324924,10.70397034088168,1.5790092564786333,14.562197831722264,8.57955616101565,10.70397034088168
2112,21.11,20.075559036523742,16.872427302487655,10.878844954829498,1.550939219424889,14.699322992586247,8.283037283349403,10.878844954829498
2113,21.12,20.17952097698111,16.96228367055108,10.931331096448266,1.5517125518284183,14.776803166779759,8.32857463738493,10.931331096448266
2114,21.13,20.111045724741842,16.805086185399663,11.047318156183726,1.5211914736060201,14.765143665740196,8.025051665177166,11.047318156183726
2115,21.14,20.090751894467537,16.737095221576773,11.113413302353283,1.5060265254449474,14.6369610271852,8.117248816242464,11.113413302353283
2116,21.15,20.318380033932236,17.1052160623119,10.965771776985113,1.5598734325487433,14.852236623707135,8.485250957501817,10.965771776985113
2117,21.16,20.229619914198164,16.981961259421002,10.993203066279055,1.5447691775577292,14.853227597257403,8.232170926344201,10.993203066279055
2118,21.17,20.22401595612457,17.04974273214967,10.877366140803145,1.567451395075571,14.779754669069366,8.500151713623282,10.877366140803145
2119,21.18,20.125639936973183,16.937692760301104,10.869956155860683,1.5582116907775125,14.757374242133615,8.31296225902462,10.869956155860683
2120,21.19,20.10789119937629,16.89738387054385,10.899803063241047,1.5502467129456035,14.747719453778668,8.247808956392827,10.899803063241047
2121,21.2,20.024181949738608,16.76304080529301,10.953005328051244,1.5304512600173714,14.661437076268488,8.126610603353548,10.953005328051244
2122,21.21,19.987606727432677,16.592487264554677,11.144226714586479,1.4888863704501873,14.639798803656804,7.809412565158658,11.144226714586479
2123,21.22,19.968708270479873,16.662956573689797,11.004325886434808,1.514218748667782,14.568535454418079,8.087762143512597,11.004325886434808
2124,21.23,19.92152141443849,16.562515793865863,11.070234236179246,1.4961305642239247,14.48116036330332,8.038216466004696,11.070234236179246
2125,21.24,19.972902381242292,16.708773595791172,10.942290183285476,1.526990539998116,14.551160068831049,8.21260346824715,10.942290183285476
2126,21.25,19.90118467303128,16.628647018649456,10.933675032634538,1.5208653054912205,14.494880690326893,8.149253674050652,10.933675032634538
2127,21.26,19.925347512756794,16.776106091771126,10.750894748892438,1.5604381294402876,14.589166174113199,8.282147423613731,10.750894748892438
2128,21.27,19.898588813062478,16.767548621614594,10.714623183907387,1.5649219140807749,14.583494838677868,8.274803022940512,10.714623183907387
2129,21.28,19.773466488219466,16.627203430482783,10.701685990631557,1.5536994306353717,14.614651680311205,7.9294293730277525,10.701685990631557
2130,21.29,19.72141536912636,16.578263838734973,10.681544469546802,1.5520474483816251,14.503364453030128,8.030644522657546,10.681544469546802
2131,21.3,19.95338216758421,16.782923266383342,10.792170613938431,1.555101736874662,14.653827889370326,8.181188272740316,10.792170613938431
2132,21.31,19.967805069810534,16.67380717731199,10.986236549418114,1.5176996328369714,14.507343250489924,8.219053327400012,10.986236549418114
2133,21.32,19.893558455847998,16.696253654294097,10.816135259311086,1.5436432010149932,14.549670900313597,8.189747418638543,10.816135259311086
2134,21.33,19.83771338511715,16.628539567796945,10.81788076252773,1.5371346692410282,14.470946493838113,8.191461147454895,10.81788076252773
2135,21.34,19.792447227278803,16.654711966222184,10.693995350980474,1.557389116004731,14.394308473827158,8.377548223563505,10.693995350980474
2136,21.35,19.662966570924908,16.511412487025492,10.677336374424529,1.5463980816952954,14.383563435207645,8.108011175501606,10.677336374424529
2137,21.36,19.691582666162994,16.6568123804787,10.502810539082493,1.5859385750601012,14.37266669001803,8.418779655990216,10.502810539082493
2138,21.37,19.61854007579924,16.528988993433657,10.567858702721647,1.5640811879114904,14.286611308751592,8.31265387573079,10.567858702721647
2139,21.38,19.637887154295015,16.441658354312334,10.73864434856172,1.5310739252217107,14.29487227492596,8.123100152249862,10.73864434856172
2140,21.39,19.62311270369416,16.360878911244217,10.834583214572103,1.5100607551972518,14.211109512938927,8.106955356954451,10.834583214572103
2141,21.4,19.708647927760065,16.39641060771313,10.935653721825387,1.4993534931514116,14.305937900078566,8.011393238121778,10.935653721825387
2142,21.41,19.70268037722293,16.52710965292098,10.726148449808608,1.5408242511519483,14.307178145999151,8.273451938478775,10.726148449808608
2143,21.42,19.595605648578566,16.410127773273643,10.709596967180287,1.5322824774417483,14.07422258488104,8.438515993134779,10.709596967180287
2144,21.43,19.65612453788337,16.483998671598325,10.707054667065327,1.5395455785149539,14.138668827128697,8.474683239038175,10.707054667065327
2145,21.44,19.661581297486016,16.42701342088614,10.8042125667574,1.5204267149860673,13.990773561364977,8.60842756167374,10.8042125667574
2146,21.45,19.762029894346423,16.520688847420907,10.844568481583032,1.523406752004696,14.141344463462666,8.541401334616667,10.844568481583032
2147,21.46,19.558839720037724,16.249808565063127,10.885399983139177,1.4928076680905702,13.947277046464906,8.338449579529286,10.885399983139177
2148,21.47,19.75650328662701,16.480657669888185,10.895290032048694,1.5126405649973549,14.208810777039385,8.349956498948579,10.895290032048694
2149,21.48,19.560034717064227,16.271477315764717,10.855136300172012,1.498965730675061,13.927946106239764,8.412686330722563,10.855136300172012
2150,21.49,19.841697283192797,16.539447112374695,10.960822975252396,1.5089603353432355,14.170882228654587,8.528740097144553,10.960822975252396
2151,21.5,19.68153438847073,16.322090705816944,10.997824824738753,1.4841199024284937,14.049470685858669,8.308009295620328,10.997824824738753
2152,21.51,19.610305504515956,16.39681319192976,10.756793161970116,1.5243216956052978,13.944476392762544,8.625952757969982,10.756793161970116
2153,21.52,19.419697475632674,16.310031642327257,10.540755090190535,1.5473304808595487,13.726375557471377,8.809298850020287,10.540755090190535
2154,21.53,19.579993954127996,16.548594532892356,10.46518906802998,1.5812991457026342,14.002734003293435,8.819264223680149,10.46518906802998
2155,21.54,19.35774818215764,16.28959292185065,10.458086685633303,1.5576073723148924,13.87312960937619,8.537394942314457,10.458086685633303
2156,21.55,19.491140885052697,16.48282064732385,10.402941723816747,1.5844384295249565,14.027578449051896,8.655080551187279,10.402941723816747
2157,21.56,19.589913210963847,16.652126729727048,10.318496740814808,1.6138132470265334,14.135122606282714,8.80293323433987,10.318496740814808
2158,21.57,19.299467137950952,16.363260911750576,10.232943083142034,1.5990767053818324,13.97636142190015,8.509854820761959,10.232943083142034
2159,21.58,19.395324978977122,16.513624783927,10.172454351620647,1.6233668113041073,14.019366283929951,8.726807692469004,10.172454351620647
2160,21.59,19.222162511129344,16.288737350922602,10.206300363840233,1.5959492441190302,13.740248813161072,8.748058472585035,10.206300363840233
2161,21.6,19.490951683231742,16.641471068460568,10.146853610635372,1.6400622012539825,14.02921121563045,8.95096598081117,10.146853610635372
2162,21.61,19.324171065539375,16.458062549130517,10.126982003496238,1.625169526661402,13.782211737063328,8.995468998659621,10.126982003496238
2163,21.62,19.13676066849019,16.175437484342176,10.22598802430411,1.5817970298711486,13.851540313722706,8.353418985491905,10.22598802430411
2164,21.63,19.461951988498992,16.61160934532923,10.14011884352498,1.6382065734798217,13.883085410185156,9.12170513310606,10.14011884352498
2165,21.64,19.16010273821532,16.40810048499583,9.893622967004841,1.6584521706271529,13.630076003560808,9.13492143714856,9.893622967004841
2166,21.65,19.235799382114852,16.45034825211422,9.970056181041949,1.6499754819230146,13.74413896344525,9.039502296550596,9.970056181041949
2167,21.66,19.360908840858354,16.416036109956252,10.264431283838364,1.5993127778841252,13.884032621393885,8.758988510750433,10.264431283838364
2168,21.67,19.452525724914093,16.54389885675983,10.232309988255112,1.6168293255139172,14.012530859740094,8.794860333600006,10.232309988255112
2169,21.68,19.39324416461848,16.510313238545315,10.173862393094575,1.6228166453039068,13.82012790738772,9.032967832242504,10.173862393094575
2170,21.69,19.51058378647279,16.732883852268888,10.033617377369636,1.6676820754605552,13.823526671138243,9.428653794993775,10.033617377369636
2171,21.7,19.35159859186105,16.567828726791767,9.99957095780674,1.656853958704812,13.925728333298975,8.975914388376294,9.99957095780674
2172,21.71,19.19933598863128,16.32742099682432,10.100981437306604,1.6164192656093006,13.718941154273338,8.852984243356868,10.100981437306604
2173,21.72,19.411680635849837,16.642644531131456,9.99178303000159,1.6656330988332928,13.962882295190335,9.056242874407689,9.99178303000159
2174,21.73,19.18335871465447,16.31110691676723,10.096981862165437,1.6154438167198102,13.71702672775318,8.825836311665693,10.096981862165437
2175,21.74,19.047691448933463,16.207040537047053,10.00731665154484,1.619519108006356,13.561142803531176,8.874884158777565,10.00731665154484
2176,21.75,18.952410898014143,16.102777805786403,9.994719895256605,1.611128473288043,13.535139983767856,8.723499222349698,9.994719895256605
2177,21.76,19.026425339837164,16.228004808706544,9.93260897956801,1.6338108992399227,13.659593012783546,8.761487247980085,9.93260897956801
2178,21.77,19.050820393291676,16.232352685649108,9.972185515029203,1.627762806977982,13.655145571693577,8.776461310070086,9.972185515029203
2179,21.78,18.89616607009873,16.068749173279265,9.942856337843143,1.6161099614927137,13.51282344113998,8.695303481899922,9.942856337843143
2180,21.79,18.858950344269193,15.992240404726733,9.995411693624074,1.5999581502908926,13.600822994685467,8.412453092279877,9.995411693624074
2181,21.8,18.91524477397472,16.114431451135953,9.905129169577664,1.6268774667400971,13.65558372081355,8.55569601126709,9.905129169577664
2182,21.81,18.941053577943208,16.14029184076721,9.91234028559243,1.628302840271444,13.619329011180268,8.661575953044572,9.91234028559243
2183,21.82,19.004960264371793,16.239158205570497,9.873107688301747,1.644786901778822,13.673701392524892,8.760145515549985,9.873107688301747
2184,21.83,18.876127097618088,16.02966835478797,9.967843630441891,1.6081380235373282,13.34902449132409,8.874334493049066,9.967843630441891
2185,21.84,18.829160392656355,16.03062136263428,9.877067369428655,1.6230142777249865,13.45318871893292,8.717369704499323,9.877067369428655
2186,21.85,18.701029177806504,15.843041031095918,9.936123147192843,1.5944891982917804,13.433418971688381,8.399119230256915,9.936123147192843
2187,21.86,18.918184038397428,16.019279710680237,10.063814627747458,1.5917701491154916,13.709394501461029,8.286725822200319,10.063814627747458
2188,21.87,18.78679499587751,15.954301947507183,9.919874776674183,1.6083168695861452,13.565246533921222,8.397847170922427,9.919874776674183
2189,21.88,18.710554436318084,15.915723175355412,9.837408353823527,1.6178776566868258,13.320602702079782,8.710441311890584,9.837408353823527
2190,21.89,18.9825757281028,16.200924275316652,9.89283750491299,1.637641805727723,13.546462725769421,8.88612935950654,9.89283750491299
2191,21.9,18.781275063879768,16.02050522177873,9.802025579647932,1.634407612141138,13.262338925195484,8.98704366264481,9.802025579647932
2192,21.91,18.84566544436185,16.106950800588173,9.783927736254306,1.646266329309029,13.378269387869187,8.96971416925702,9.783927736254306
2193,21.92,18.827643514700757,16.016739848133952,9.896676459996636,1.6183958233731526,13.301677883909232,8.92195723120897,9.896676459996636
2194,21.93,18.905430376861265,16.067510318194383,9.962449995310674,1.612807123323817,13.407108220934436,8.855187009738147,9.962449995310674
2195,21.94,18.917840263923953,16.073063690975946,9.977038831094776,1.6110054258666504,13.3468931142688,8.955658580498332,9.977038831094776
2196,21.95,18.987196666963044,16.117280667771674,10.037275583852722,1.605742567604704,13.35276913683961,9.02608954653066,10.037275583852722
2197,21.96,19.013649762809415,16.114989872264832,10.090885923425375,1.5969846448124905,13.44819841560832,8.879124841876479,10.090885923425375
2198,21.97,19.244523916746903,16.260856659083544,10.29253328850492,1.5798692317317318,13.454849431025425,9.131401101457348,10.29253328850492
2199,21.98,19.068214037482207,16.11451295577647,10.194079594418804,1.5807717417273321,13.266094578823434,9.148128903092653,10.194079594418804
2200,21.99,19.297636505767546,16.38916208074891,10.187940959765834,1.608682475239394,13.662897493912391,9.051511795269365,10.187940959765834
2201,22.0,19.453499170012293,16.553523924390316,10.218584816025475,1.6199429003544563,13.84139266686095,9.079372409871212,10.218584816025475
2202,22.01,19.47269042272074,16.617311805293017,10.151385159907454,1.636950183992872,13.840891253478471,9.19591109916325,10.151385159907454
2203,22.02,19.438880305413385,16.49722091092616,10.28162291393187,1.6045347168463056,13.854422644120794,8.956186185088628,10.28162291393187
2204,22.03,19.265860008748557,16.44418987318981,10.03802676282439,1.638189483025738,13.782685787988267,8.969334036320896,10.03802676282439
2205,22.04,19.192728844360527,16.320707674596086,10.099274305291889,1.6160277640982825,13.712707372717363,8.850263019246517,10.099274305291889
2206,22.05,19.219830795994906,16.32655972007412,10.141269325559168,1.6099128418694182,13.712611148276414,8.861199004046357,10.141269325559168
2207,22.06,19.21243863260878,16.24737221294276,10.253813650825414,1.5845199421617024,13.635502185868607,8.834601517050839,10.253813650825414
2208,22.07,18.950690133413932,15.951443582160335,10.231329541062978,1.5590782720994314,13.248376503307783,8.884203531068296,10.231329541062978
2209,22.08,18.777051710116236,15.864720776991255,10.044317079447513,1.579472317680347,13.22564933761037,8.76193842311531,10.044317079447513
2210,22.09,18.933344029435478,15.953944737291959,10.195252005536414,1.564840646276164,13.403589681050505,8.652868677069021,10.195252005536414
2211,22.1,19.032325476222475,16.082083210128303,10.178212645419457,1.5800498349153462,13.378618604661677,8.924458785186422,10.178212645419457
2212,22.11,18.851940343238738,15.92851595829852,10.083552651286231,1.579653174743598,13.255468621856409,8.832336737735424,10.083552651286231
2213,22.12,18.827434977679676,16.0114508633811,9.904834632051605,1.6165288425481386,13.264989744897443,8.966973057739883,9.904834632051605
2214,22.13,18.601640115650905,15.693853749394846,9.986188936966808,1.571555860644639,13.166800774265178,8.540047006791275,9.986188936966808
2215,22.14,18.759465969230778,15.833195915773052,10.061186338771149,1.5736907540176701,13.356286410949746,8.502923392335816,10.061186338771149
2216,22.15,18.92950766239653,16.054829629614137,10.028394981490958,1.600937105014905,13.585744084166622,8.55482975373956,10.028394981490958
2217,22.16,19.041026769777122,16.108814747219572,10.152181434900095,1.5867343240973208,13.765786449248697,8.366423130222362,10.152181434900095
2218,22.17,19.01703488827637,16.082235407413524,10.149350730093788,1.5845580505685126,13.695457676646942,8.430464680350523,10.149350730093788
2219,22.18,19.26153024453896,16.322180360342955,10.227070726543545,1.5959780465759408,13.807601938821902,8.70423462543416,10.227070726543545
2220,22.19,19.16369947297106,16.257009791577897,10.146773385017118,1.6021851651465133,13.705674554195822,8.743274694182311,10.146773385017118
2221,22.2,18.99100051553278,15.806908836321343,10.526145240361855,1.5016806699294558,13.299341603475657,8.543177387473314,10.526145240361855
2222,22.21,19.070506854124574,15.97616613675505,10.41375759483644,1.5341403898893013,13.429252500423118,8.65407775034857,10.41375759483644
2223,22.22,19.156958633890845,16.076376552213592,10.41821390892134,1.5431029438210178,13.547158322709558,8.655887269829943,10.41821390892134
2224,22.23,19.24852080877077,16.112973325629,10.529845389807468,1.5302193649705256,13.634238138747193,8.586935411912863,10.529845389807468
2225,22.24,19.594610710434978,16.491310040692156,10.582318367695207,1.5583834720977032,13.964453208296671,8.772534038208498,10.582318367695207
2226,22.25,19.61582294777087,16.386036231247296,10.783242858553502,1.5195833429875445,13.993676219016551,8.525210217295507,10.783242858553502
2227,22.26,19.77654804212077,16.59630911989048,10.755202278867229,1.5430959538994795,13.956033819975396,8.981458479482214,10.755202278867229
2228,22.27,19.774886141769723,16.63447744953309,10.693001538433046,1.5556415464586857,14.06669869903918,8.878841575874318,10.693001538433046
2229,22.28,19.956724304712107,16.813802244790494,10.750204604907067,1.5640448589337195,14.265639451841034,8.899184061305762,10.750204604907067
2230,22.29,19.956802119835732,16.704992619187106,10.918661659891484,1.5299487372661322,14.203436556370603,8.793131887800321,10.918661659891484
2231,22.3,20.139771494125817,16.955316041383497,10.868654644085732,1.5600197629436936,14.358195557804425,9.018035395086988,10.868654644085732
2232,22.31,19.9770792266308,16.840461763252442,10.746280381020966,1.567096815470628,14.233643253311074,9.000252892949161,10.746280381020966
2233,22.32,20.10420985796097,16.925235561769615,10.849684566453728,1.5599748967910971,14.201580592243767,9.207535365307919,10.849684566453728
2234,22.33,20.299563692609357,17.024154783358217,11.056692092238329,1.5397150107226896,14.310273390284806,9.221600814557362,11.056692092238329
2235,22.34,20.196965899273014,16.85296139455785,11.13081864778776,1.5140810328364624,14.195154194402877,9.084046739398893,11.13081864778776
2236,22.35,20.271186604073172,17.105796225349696,10.877166075498142,1.5726335432059035,14.375859782311444,9.270540438534765,10.877166075498142
2237,22.36,20.173975089697997,16.96936546793177,10.910082792331142,1.555383748312138,14.262434150310613,9.19469066865704,10.910082792331142
2238,22.37,20.272277346535954,17.050284760213582,10.965993726539482,1.5548326203168557,14.300662230214124,9.284571620796441,10.965993726539482
2239,22.38,20.27659327215333,17.147317005993408,10.8217260277787,1.5845269933813984,14.490748076699406,9.167807844935624,10.8217260277787
2240,22.39,20.258965969470466,17.002215441303544,11.015914498563507,1.5434229671554422,14.413191778492978,9.018604807223959,11.015914498563507
2241,22.4,20.14063933519044,16.767142123108652,11.158328631730466,1.5026571341005892,14.141870636482716,9.00802696918212,11.158328631730466
2242,22.41,20.255471295816797,16.932082265530692,11.117045811228776,1.5230738950835694,14.374589979262996,8.94799266734002,11.117045811228776
2243,22.42,20.054909208719675,16.685954352589345,11.125570129808807,1.4997842050253736,14.286866144278312,8.620123458058446,11.125570129808807
2244,22.43,20.107826194733242,16.713571836212157,11.179498680771701,1.4950197959197262,14.216874084556235,8.787717268329562,11.179498680771701
2245,22.44,20.175846267776105,16.885832906073652,11.042346656806936,1.529188806589817,14.473799465203252,8.697153670766188,11.042346656806936
2246,22.45,20.05036658415295,16.886586321193075,10.810199007225176,1.5620976366768682,14.426089214033494,8.777513746605674,10.810199007225176
2247,22.46,20.188140574628726,17.048504197060215,10.812470786263004,1.5767445326853458,14.561850062468672,8.865890711900349,10.812470786263004
2248,22.47,20.355547340283852,17.223193977733082,10.849419188505719,1.5874761292272659,14.556033159931406,9.206536234740971,10.849419188505719
2249,22.48,20.123237357370197,17.020199433133122,10.735804254802451,1.5853678987784703,14.352256776880543,9.148765717522314,10.735804254802451
2250,22.49,20.152516187256097,17.082339252146113,10.691940626107462,1.5976836992935264,14.401660074854156,9.186865701302242,10.691940626107462
2251,22.5,20.21188672043263,17.22520330301403,10.574154149123958,1.6289911287553052,14.399114018415116,9.45373705551655,10.574154149123958
2252,22.51,20.235393761022156,17.152474129436207,10.736097610521062,1.597645136220379,14.369411397284944,9.366289812757023,10.736097610521062
2253,22.52,20.341750790741955,17.239376156985806,10.797718969791735,1.596575740229542,14.329585233982966,9.584314127994137,10.797718969791735
2254,22.53,20.4758551125069,17.292670733723188,10.964678813508788,1.577125151392318,14.448319030786827,9.501712387226299,10.964678813508788
2255,22.54,20.460414737339196,17.213498405852658,11.060020065788086,1.5563713540718702,14.414087042894913,9.409496378029,11.060020065788086
2256,22.55,20.182922644145542,16.965617488185618,10.932437500582074,1.5518604599644243,14.343273218151628,9.061053478756424,10.932437500582074
2257,22.56,20.204964855055195,17.006509947928624,10.909593218127817,1.5588583009373738,14.15287977084248,9.429600988433867,10.909593218127817
2258,22.57,20.02424646910378,16.94572371305488,10.668312635849441,1.5884164901683735,14.183487532296267,9.27287623018806,10.668312635849441
2259,22.58,19.85421033891931,16.865261022616252,10.476289363179662,1.6098506291637473,14.198964720024254,9.100902715691754,10.476289363179662
2260,22.59,19.87003153520986,16.86439005648776,10.507640136247105,1.604964562719696,14.127712076916879,9.209527862442252,10.507640136247105
2261,22.6,19.897135101794692,16.933178251547357,10.448131869401053,1.6206895608906653,14.154316911309445,9.294505821876484,10.448131869401053
2262,22.61,20.026754033525666,17.06729802345602,10.477509976032993,1.6289460055391958,14.312898019210415,9.296967898898448,10.477509976032993
2263,22.62,19.86928100384219,16.84059138248252,10.544325938527297,1.597123560165156,14.413979847002526,8.70877161728045,10.544325938527297
2264,22.63,20.01750791360315,16.917979033363547,10.699654597127713,1.5811705770301336,14.333850605096366,8.986586749378606,10.699654597127713
2265,22.64,20.199998198292935,17.21751906731238,10.563946439554327,1.6298377851335222,14.625335018232017,9.08529242444852,10.563946439554327
2266,22.65,19.853589730116028,16.890486726595483,10.434389455568082,1.6187326339043486,14.311584516231653,8.970345060032898,10.434389455568082
2267,22.66,20.101886864379548,17.03549997573812,10.67134462403598,1.596378017571245,14.44394473295024,9.032204602136318,10.67134462403598
2268,22.67,20.01727766980738,17.05743929753162,10.47545559492251,1.6283243380650116,14.326230735970224,9.258258383125742,10.47545559492251
2269,22.68,20.012534438518134,17.05103226620261,10.47682362692967,1.6275001730843848,14.254023261085301,9.357377956218384,10.47682362692967
2270,22.69,20.0345563396118,16.925821738376314,10.719142046161489,1.5790276558969036,14.202929632272198,9.206531995274688,10.719142046161489
2271,22.7,20.074288047133745,16.93480764956979,10.779115477225822,1.5710758165036594,14.280323516724188,9.102750704354237,10.779115477225822
2272,22.71,20.165234193114248,17.07317797413881,10.73048293072243,1.5910912942470299,14.336289465071104,9.271688654733287,10.73048293072243
2273,22.72,20.35400949286507,17.279695068012828,10.756293078571936,1.6064730610991287,14.39200665234813,9.563367929880872,10.756293078571936
2274,22.73,20.438764125520745,17.45875963300889,10.627078199368498,1.6428560424112015,14.514989281712973,9.701720160617816,10.627078199368498
2275,22.74,20.397133777564388,17.417792990839914,10.614308911469747,1.640972873139048,14.458501566158176,9.712427355360427,10.614308911469747
2276,22.75,20.342820083216772,17.342596941589026,10.633186740564401,1.6309877146640326,14.422330811738197,9.63130534430303,10.633186740564401
2277,22.76,20.042726956928945,17.09363706113061,10.465107543276767,1.6333933493222719,14.198598648791405,9.517994767186883,10.465107543276767
2278,22.77,20.376601128861996,17.384179517520185,10.629965948551842,1.6353937163729573,14.22533227683081,9.99247812662724,10.629965948551842
2279,22.78,20.356358146152655,17.33102355280002,10.67787149139409,1.6230784915109802,14.173209310578493,9.974192459855589,10.67787149139409
2280,22.79,20.209727212554277,17.13594789802906,10.714119825813517,1.599379900226936,14.147413106509056,9.669095756984845,10.714119825813517
2281,22.8,20.09946963365801,16.985668284502168,10.745964474313027,1.580655540515179,13.973607218810569,9.656667560061697,10.745964474313027
2282,22.81,20.102253507512184,16.98304912556748,10.7553074562677,1.579038925165318,13.971184577748886,9.655566223474935,10.7553074562677
2283,22.82,20.408003977569248,17.296308200330852,10.831636487052636,1.5968324104123715,14.273568085045241,9.768701627258878,10.831636487052636
2284,22.83,20.322834230713,17.39043532558209,10.516194670877232,1.6536813809411373,14.290692174314103,9.909760743441346,10.516194670877232
2285,22.84,20.480209767403785,17.4962227931667,10.645242133870672,1.643572083484866,14.268168180545162,10.126064823010196,10.645242133870672
2286,22.85,20.571567602148296,17.521761193078845,10.778556410877743,1.6256129786912694,14.270316077450572,10.167113373860818,10.778556410877743
2287,22.86,20.288212153609496,17.299366544022202,10.599220233839535,1.6321357762518687,14.157859196480961,9.940981128493007,10.599220233839535
2288,22.87,20.373893623443383,17.319178356520943,10.730405511181917,1.6140283177996406,14.189072263272884,9.930970106319105,10.730405511181917
2289,22.88,20.82938283224079,17.720836090029103,10.946924565482732,1.618795853029399,14.503669747454936,10.18192494504052,10.946924565482732
2290,22.89,20.845040413588052,17.624289730295054,11.131043138301793,1.583345739596505,14.410654774034297,10.146359814287397,11.131043138301793
2291,22.9,20.695072428166867,17.53477447296271,10.9917108308674,1.5952725415338251,14.45587145599208,9.924519951387982,10.9917108308674
2292,22.91,20.56064657830012,17.46989730408685,10.84171923185725,1.6113585798047045,14.429642253572364,9.847981328640909,10.84171923185725
2293,22.92,20.235217790658783,17.175145571992356,10.699458566500693,1.605235018692125,14.122892528298616,9.773921017342824,10.699458566500693
2294,22.93,20.27308273259135,17.19183342894813,10.74424249697461,1.6000973017678115,14.166409818313168,9.740224304824745,10.74424249697461
2295,22.94,20.37552159814761,17.31515159974307,10.739990943873964,1.6122128677975789,14.365664935521806,9.666547774795523,10.739990943873964
2296,22.95,20.139106302548953,16.988546376936068,10.815400809219197,1.5707736288843588,14.170673704885923,9.37031028039959,10.815400809219197
2297,22.96,20.360641763722736,17.194549945869095,10.904273712158167,1.576863384004872,14.241178444967563,9.63542341257395,10.904273712158167
2298,22.97,19.902835787648552,16.834752160117585,10.616684609496517,1.5856882613861458,13.939302143797935,9.439530498732125,10.616684609496517
2299,22.98,20.211859520190373,17.242678947808713,10.545581442798895,1.635061949057628,14.23589796776103,9.728781339340665,10.545581442798895
2300,22.99,20.24892167955297,17.36463717826308,10.415767127386921,1.6671491370621179,14.254067003080035,9.917267678368944,10.415767127386921
2301,23.0,20.318341898704773,17.246573196593015,10.74200774935586,1.6055260430832587,14.1471540998721,9.864193727817423,10.74200774935586
2302,23.01,20.296434216623737,17.135395120136824,10.877659490282184,1.5752832799597318,14.006955856271396,9.870509285932172,10.877659490282184
2303,23.02,20.11116854712646,16.981193718431047,10.774885624824353,1.5759975845412155,13.947025394091847,9.687178266112333,10.774885624824353
2304,23.03,20.439772566755646,17.284726024438676,10.909745590103793,1.5843381389312703,13.970375529232612,10.177935022003544,10.909745590103793
2305,23.04,20.32348827101575,17.090204124414186,10.99859529612629,1.55385334802103,13.95281667697675,9.868839029633785,10.99859529612629
2306,23.05,20.574939127417725,17.380757745587278,11.01078472617427,1.5785212569155618,13.847546766101546,10.504103406356142,11.01078472617427
2307,23.06,20.84023271087635,17.71794648870548,10.972222731372609,1.6148001113798927,13.900839156029582,10.986004666612223,10.972222731372609
2308,23.07,20.712429972754176,17.560411944937695,10.983473389612918,1.5988031583473943,14.050592807587469,10.533228822696378,10.983473389612918
2309,23.08,20.92173807910126,17.795445244843336,11.001874966945337,1.6174920455203308,14.30512870390632,10.584949892507419,11.001874966945337
2310,23.09,20.760989030699868,17.631997149028575,10.96044442846587,1.6086936313673295,14.368048529648437,10.219907284952205,10.96044442846587
2311,23.1,20.760719571261365,17.615552225161643,10.986345931161887,1.6034041104783117,14.641958245912388,9.793913360978625,10.986345931161887
2312,23.11,20.819704888369902,17.72495013891326,10.921824674103327,1.6228927553598973,14.477218258630131,10.226632335179927,10.921824674103327
2313,23.12,20.946834417621545,17.842202971873437,10.973862821710743,1.625881721117776,14.56062857117571,10.311755548973752,10.973862821710743
2314,23.13,20.967852913038243,17.997074009850984,10.759004734024087,1.672745245007408,14.619236524882755,10.496313464525903,10.759004734024087
2315,23.14,20.909963768724516,17.88629527838353,10.830836810876942,1.6514232086315892,14.629539336456665,10.29058490021787,10.830836810876942
2316,23.15,21.058136388187762,18.052346902657646,10.842411145572022,1.6649753140960828,14.485810795634368,10.772581598065333,10.842411145572022
2317,23.16,20.92990212510938,17.908766862800785,10.832214566768263,1.653287677456317,14.36438275430305,10.695253088825558,10.832214566768263
2318,23.17,20.978822794254103,17.996571022402662,10.781207597868264,1.6692537323890388,14.376309989261014,10.825815426888509,10.781207597868264
2319,23.18,21.085897063675624,17.979600461667,11.015853222458446,1.6321568650725387,14.458013510520049,10.687931422440732,11.015853222458446
2320,23.19,20.63898492471771,17.39391082973818,11.109435843905032,1.5656880398009585,14.0099254243786,10.308740153686735,11.109435843905032
2321,23.2,20.798713936525957,17.60389010838215,11.076531698390255,1.5892962334898126,14.05179487979195,10.603961882440336,11.076531698390255
2322,23.21,20.808203426320105,17.681960794535122,10.969484595533311,1.6119226605901866,13.924888006586675,10.897212099592066,10.969484595533311
2323,23.22,21.323237908555615,18.240841188781342,11.043196440819168,1.6517718657396503,13.782616174297132,11.948547136214723,11.043196440819168
2324,23.23,21.52069640913761,18.57505769719292,10.867732306245971,1.7091935257291302,14.01759928878108,12.18768553225797,10.867732306245971
2325,23.24,21.646533998621166,18.718166807242195,10.87210492635711,1.7216690727353057,14.170612217769765,12.229616428872072,10.87210492635711
2326,23.25,20.95276519544503,17.99232837777686,10.737527130661796,1.6756491656629624,14.366877511202862,10.831283905052436,10.737527130661796
2327,23.26,20.667207294208293,17.5561158268141,10.904872966580761,1.6099330896028627,14.4061088001497,10.034003795233579,10.904872966580761
2328,23.27,20.436129704883783,17.29911224686045,10.880078712277598,1.589980431606557,14.157318445237376,9.941308715134983,10.880078712277598
2329,23.28,21.00776986221563,17.913962835217774,10.973437479762286,1.6324841571527173,14.254722263449052,10.849560251618197,10.973437479762286
2330,23.29,20.82538220850674,17.77303473579773,10.854297785233111,1.6374191207447168,14.333409509419823,10.508764701673837,10.854297785233111
2331,23.3,20.767191768123627,17.694026299512505,10.871875976398073,1.6275044286675773,14.426266617807244,10.245067015875518,10.871875976398073
2332,23.31,20.6655264304383,17.418260502427625,11.120619754164498,1.5663030377335543,14.112178080305446,10.209908361987232,11.120619754164498
2333,23.32,20.720018220798526,17.540897854662326,11.028873810254858,1.590452312397705,13.82378289685803,10.797505451178656,11.028873810254858
2334,23.33,20.73020989192269,17.464985087053776,11.167627235548233,1.5638939873870528,13.709352102779214,10.820322038323718,11.167627235548233
2335,23.34,20.57882798375968,17.410857847141124,10.970423429011975,1.5870725464522195,13.93272743328097,10.441124328502918,10.970423429011975
2336,23.35,20.673063639580118,17.536501831344022,10.947450103352708,1.6018800419993133,14.02436335307528,10.528348826936314,10.947450103352708
2337,23.36,20.737760080438424,17.66268169354919,10.866663174415025,1.625400678207734,14.024181114494032,10.73744237123099,10.866663174415025
2338,23.37,20.350966744902497,17.301611456975216,10.715226943186567,1.6146752232790271,14.005611754709372,10.158178891143956,10.715226943186567
2339,23.38,20.623333503573086,17.54851188692682,10.833818133695436,1.6197901488070292,13.986958933872442,10.597888904294944,10.833818133695436
2340,23.39,20.2245771001232,17.17859590329327,10.673769796570632,1.6094216224161562,14.104644861341082,9.806281178106657,10.673769796570632
2341,23.4,20.667243957011433,17.54570146599206,10.92169093340906,1.6065004561079814,14.076322711211212,10.474195857609086,10.92169093340906
2342,23.41,20.40262462675435,17.13202173906511,11.079752830837137,1.5462458414580618,13.953708354193228,9.939828571656436,11.079752830837137
2343,23.42,20.395793160275126,17.15893742442104,11.025390927378886,1.5563110222070202,14.025254169925006,9.885412434703888,11.025390927378886
2344,23.43,20.347256772490958,17.23805151485185,10.81020065202274,1.5946097644012158,14.059925280860497,9.973410706739497,10.81020065202274
2345,23.44,20.29643026834975,17.128407250155465,10.888652199000823,1.5730511855018403,13.978545643438803,9.898615894228667,10.888652199000823
2346,23.45,20.512595020750215,17.364280004852358,10.92008857099571,1.590122634258914,13.926655202740568,10.371426852217319,10.92008857099571
2347,23.46,20.500096145696055,17.320031564187882,10.966788435924064,1.5793166491160173,13.697462712666667,10.600141915067498,10.966788435924064
2348,23.47,20.359095746156232,17.263244651259747,10.79227333382122,1.599592978910158,13.859801316309403,10.29201260015146,10.79227333382122
2349,23.48,20.048365427934254,17.032073610995152,10.575699732955359,1.610491413435352,13.654780048557122,10.180300256666488,10.575699732955359
2350,23.49,20.959400276727255,18.074411386018717,10.611885459664151,1.7032233767241154,13.7797403893813,11.696285810132068,10.611885459664151
2351,23.5,20.87175824911269,17.884224919104643,10.760334170102722,1.662051069826014,13.664460546092311,11.538111584718278,10.760334170102722
2352,23.51,20.892417665522398,17.824538665900327,10.898575010452358,1.6354925895179482,13.740556361174491,11.353910759626528,10.898575010452358
2353,23.52,20.97497243101993,17.916333416174346,10.906624840092396,1.642701906305101,13.689269213408387,11.558499534210954,10.906624840092396
2354,23.53,20.938496664599747,17.773837190757202,11.068484724202806,1.6058058201853227,13.517629456672193,11.54049315911812,11.068484724202806
2355,23.54,20.74163799593982,17.557736962924622,11.04270888393626,1.5899845905080157,13.44796837864702,11.288324665164417,11.04270888393626
2356,23.55,20.907294053933658,17.806503042572118,10.956431629527899,1.6252100724640202,13.45237695283547,11.666409255805798,10.956431629527899
2357,23.56,20.662944853108208,17.56354254525279,10.88481801702197,1.6135816435136032,13.563704689590853,11.158133438549479,10.88481801702197
2358,23.57,20.735087060793926,17.77924406566375,10.6696914609685,1.6663316020620815,13.60381035189275,11.447177095519026,10.6696914609685
2359,23.58,20.47493097453525,17.384913095586715,10.816080393140606,1.6073209946379432,13.62026719482294,10.803866200704844,10.816080393140606
2360,23.59,20.77108078295903,17.631702336706304,10.980021384405198,1.6057985425919492,13.54727840915991,11.284864863830858,10.980021384405198
2361,23.6,20.05157063536454,16.825229217503114,10.907664586129023,1.542514356271946,13.191566492072141,10.44370201158382,10.907664586129023
2362,23.61,19.93928357446581,16.56792529436658,11.094092162193805,1.493400726453885,13.280189138669167,9.906196293274503,11.094092162193805
2363,23.62,19.64470841893078,16.206314144182436,11.1027001546868,1.4596732252866649,13.10577006571278,9.53327903318656,11.1027001546868
2364,23.63,20.030958481762077,16.81031710795194,10.89277450552313,1.5432539340117934,13.147042271057126,10.475783540763846,10.89277450552313
2365,23.64,19.96731015107932,16.651689740433905,11.018834033495716,1.5112025183259041,12.807860350422178,10.641310279084774,11.018834033495716
2366,23.65,20.331420486872045,17.05521365647432,11.067354975151567,1.5410379168976416,12.851258335813267,11.212737045618175,11.067354975151567
2367,23.66,20.038731957404423,16.695060137560098,11.082677720837735,1.506410324119587,12.66852700452244,10.873520889409916,11.082677720837735
2368,23.67,20.086302042866087,16.816325091605968,10.985023448799277,1.5308410737570237,12.743853317294644,10.971918347028234,10.985023448799277
2369,23.68,20.337014633121058,17.07098925602283,11.053302221894288,1.5444243641695383,13.011616573824703,11.050633842229011,11.053302221894288
2370,23.69,19.736455871445678,16.345719198486428,11.060974380666238,1.4777829362897297,13.078141002579796,9.805343646828955,11.060974380666238
2371,23.7,19.921909428204067,16.696025624042797,10.868541927364149,1.5361789774216692,13.036929935521316,10.43051913832681,10.868541927364149
2372,23.71,20.130540700556143,16.904258474688607,10.930906381342119,1.5464644819886444,13.175161097014563,10.590990730181744,10.930906381342119
2373,23.72,19.98413441824736,16.659767004290067,11.03710975796412,1.5094320315396672,12.938258552952666,10.49520377382827,11.03710975796412
2374,23.73,20.021874416205396,16.654055573484275,11.113860179685428,1.4984942499029765,12.973369900766702,10.44266443311204,11.113860179685428
2375,23.74,19.93497635214271,16.573800193437755,11.0775642317475,1.4961592500577374,13.015458940284974,10.261027308498564,11.0775642317475
2376,23.75,19.96122057796381,16.52334152936807,11.19953176101511,1.4753600312903097,13.024243064189351,10.168082803609302,11.19953176101511
2377,23.76,20.141710930771325,16.600903604364078,11.40607376520794,1.4554441735246337,13.272195472472,9.97190191597781,11.40607376520794
2378,23.77,20.239324000116305,16.566076365917098,11.627353517472788,1.4247503820213892,13.155091521527709,10.068686767479997,11.627353517472788
2379,23.78,20.72760804059123,17.266598927882505,11.467270666903657,1.5057287326195778,13.255575362695536,11.064590382849806,11.467270666903657
2380,23.79,20.77153413608501,17.282355281021015,11.52288272556437,1.4998291393419139,13.27701466619094,11.063484334204379,11.52288272556437
2381,23.8,20.83302564101062,17.450527209007827,11.379545574700405,1.5334994789075536,13.430729134550361,11.141652246712002,11.379545574700405
2382,23.81,20.92721377182387,17.556240583362857,11.38976263276358,1.5414053083828896,13.560099343374953,11.151021891231277,11.38976263276358
2383,23.82,20.957697333278112,17.686817131555927,11.242845603680239,1.5731619694009062,13.530153110370811,11.391156967359521,11.242845603680239
2384,23.83,20.556402738366515,17.114488935166992,11.386832835778748,1.5030069539083146,13.286542924619114,10.78765538123123,11.386832835778748
2385,23.84,20.244816779544486,16.933487361044858,11.095477106941374,1.5261612635342379,13.188464050001993,10.621083287898223,11.095477106941374
2386,23.85,20.37166833692663,17.026892339532225,11.184355506139713,1.522384757010381,13.250651759473303,10.692768149136509,11.184355506139713
2387,23.86,21.07450822698897,17.812224969086273,11.263193981286362,1.5814541593335811,13.504454490844878,11.614864065241576,11.263193981286362
2388,23.87,21.17054139146943,17.956079496613985,11.21476847372246,1.601110137822927,13.564064798086772,11.765922702534828,11.21476847372246
2389,23.88,21.033927640943872,17.84769984474569,11.13039632072135,1.6035098239510845,13.6238697687959,11.529551694277815,11.13039632072135
2390,23.89,20.927046983559098,17.728041957907514,11.120153946360665,1.5942263068857458,13.482502644260608,11.511107423216718,11.120153946360665
2391,23.9,20.82865607390929,17.55430748002425,11.210673607859745,1.5658566196875998,13.785394517239013,10.868146535049656,11.210673607859745
2392,23.91,20.6825409810055,17.36006729637776,11.242578213924384,1.5441357814950862,13.826876546600017,10.497114913148618,11.242578213924384
2393,23.92,21.037131005204227,17.75767391891598,11.279445816154984,1.5743392191735657,13.895782896089042,11.056319492277169,11.279445816154984
2394,23.93,21.205441192494778,17.891904628686873,11.382024640911986,1.5719439373181046,14.047243807417653,11.08129923145265,11.382024640911986
2395,23.94,21.198830200294744,17.974356346632778,11.238901894099373,1.5992982691725106,14.001882079589276,11.27052724166065,11.238901894099373
2396,23.95,20.794694918085423,17.52018207241708,11.201006958555244,1.564161341676098,13.444522451773672,11.233948366197811,11.201006958555244
2397,23.96,20.770299628786038,17.551636163888,11.106098083487668,1.5803602698218047,13.623921639488378,11.065653672087402,11.106098083487668
2398,23.97,20.858251082094128,17.70360655296571,11.029458428294223,1.605120203141623,13.944349224491996,10.90746577751312,11.029458428294223
2399,23.98,20.922186283686898,17.800490434087717,10.994563165276185,1.6190266194755694,13.842933717276049,11.190649927200399,10.994563165276185
2400,23.99,20.47542269655721,17.162482019276133,11.166563730204274,1.5369528562178523,13.687586570066214,10.35378012848059,11.166563730204274
2401,24.0,20.72588971214555,17.422412495587494,11.22595417742374,1.5519760922082964,13.549263658044401,10.952529912819255,11.22595417742374
2402,24.01,20.689644567511504,17.408319198131345,11.180868259036496,1.55697382303577,13.411982708399986,11.098121333523443,11.180868259036496
2403,24.02,20.577771981752587,17.342218267021142,11.076649552640003,1.5656555878747473,13.238033068981462,11.202991336493794,11.076649552640003
2404,24.03,19.8704290614777,16.685001439829925,10.79095352784409,1.546202696247122,13.214608408628745,10.186432037456743,10.79095352784409
2405,24.04,19.927790168470132,16.5753357134571,11.062326472526857,1.49835893513193,12.900055392519644,10.40818547508312,11.062326472526857
2406,24.05,19.889597627191808,16.4745036408636,11.143914193799509,1.4783408553190438,12.842492708461762,10.318897772821206,11.143914193799509
2407,24.06,20.060818050311116,16.710580101581034,11.099231212851295,1.5055619421850237,12.960745288978611,10.548107360354969,11.099231212851295
2408,24.07,19.738191934496403,16.43917268289266,10.924734429040125,1.5047663437194463,12.876539540321156,10.219644219076814,10.924734429040125
2409,24.08,19.78394512845414,16.62210109328112,10.728944034266693,1.5492765215469984,12.918177270623662,10.460159690941607,10.728944034266693
2410,24.09,20.128049797835438,16.920717903662425,10.900811634406915,1.5522438577192272,13.1015722110284,10.70791763017117,10.900811634406915
2411,24.1,20.007917099773756,16.892059651375636,10.722642743549107,1.575363467326013,12.898251857994223,10.90764769661091,10.722642743549107
2412,24.11,19.95955577698319,16.888515737694718,10.637758363120533,1.5876009927283738,13.044057438059248,10.727279681959141,10.637758363120533
2413,24.12,19.9546290661546,16.841903228822304,10.702220180822613,1.5736831184805407,12.84046180225129,10.89826798504885,10.702220180822613
2414,24.13,19.851529178441517,16.785181085998694,10.59909933120483,1.5836422097282745,12.76508585157836,10.899306734448857,10.59909933120483
2415,24.14,19.62558279776644,16.461317445487474,10.685903242631191,1.540470381559828,12.805748049138487,10.343490172233746,10.685903242631191
2416,24.15,19.529141299979273,16.221569493754572,10.874191605533127,1.49174946351879,12.820961498316915,9.937920461514283,10.874191605533127
2417,24.16,19.619154071287376,16.223379311638777,11.032369200838184,1.4705254162819537,12.915114030444732,9.818241485618424,11.032369200838184
2418,24.17,19.62870598772209,16.096122736981854,11.233918799263805,1.4328145880880576,12.963770170827297,9.540745784368882,11.233918799263805
2419,24.18,19.32266015441438,15.804373319214887,11.11696808621315,1.4216442106022489,12.810691557173984,9.25550635244029,11.11696808621315
2420,24.19,19.365795431959093,15.874121089677962,11.092624231566177,1.4310519096558887,12.873328540300829,9.287902489972359,11.092624231566177
2421,24.2,19.12059327167986,15.467919016189839,11.240132044135505,1.3761332122659684,12.586669967528273,8.99067616033016,11.240132044135505
2422,24.21,19.37195277721198,15.657811621120304,11.40637933965204,1.3727240831530998,12.713516098527032,9.139670299030708,11.40637933965204
2423,24.22,19.266335996188197,15.621525750536005,11.276508144960367,1.385315875244367,12.848745261645982,8.884920482254717,11.276508144960367
2424,24.23,19.120974279191604,15.466643434488006,11.242535223690249,1.3757255927379017,12.83201855871486,8.634602413451837,11.242535223690249
2425,24.24,18.984627994859537,15.424358654948097,11.06820943905255,1.3935730742974122,12.832240920602926,8.558296143046002,11.06820943905255
2426,24.25,19.038213575151417,15.641796421355075,10.85300791697691,1.4412406718037367,13.043948890115935,8.632565820146386,10.85300791697691
2427,24.26,19.392018524701708,16.00467522603434,10.949920244985199,1.461624821730012,13.189771882136034,9.06529353016498,10.949920244985199
2428,24.27,19.44306243039985,16.06920269636904,10.945930813568664,1.4680526462353962,13.207846155205118,9.152708628456795,10.945930813568664
2429,24.28,19.27389921832426,16.017602517897995,10.720056000634907,1.4941715338939774,12.97268409242315,9.395374279908362,10.720056000634907
2430,24.29,19.283000078929177,16.073720054176807,10.652211773333132,1.5089561112947398,12.928688432309688,9.55057546958859,10.652211773333132
2431,24.3,19.471901124055947,16.26806775165854,10.700696473242235,1.5202812071473912,13.013166929716897,9.762556777395716,10.700696473242235
2432,24.31,19.365289516048186,16.152049427764002,10.682964818973913,1.5119444556324382,12.823978027897228,9.820096142958104,10.682964818973913
2433,24.32,19.55566796545841,16.43216876934965,10.602262924058538,1.5498737285661872,13.127666413201627,9.883346852564063,10.602262924058538
2434,24.33,19.659580559382263,16.589366083835163,10.549504287280074,1.5725256497442797,13.264747644826318,9.962606937070994,10.549504287280074
2435,24.34,19.576614164266896,16.553185828823995,10.451596100739627,1.5837950174569584,13.26445676226227,9.902633381361456,10.451596100739627
2436,24.35,19.69329315010126,16.68157462523959,10.46665481987381,1.5937828190880103,13.414033614900877,9.916583794621348,10.46665481987381
2437,24.36,19.83943678563753,16.788605846839374,10.57099643793235,1.5881762845549843,13.565020386643749,9.891789938654618,10.57099643793235
2438,24.37,19.885432933134283,16.759432754546037,10.702890108939307,1.565879176928871,13.649953347843299,9.724060872693677,10.702890108939307
2439,24.38,19.95655297478284,16.841087909099016,10.707089458546282,1.5728913048033464,13.747844008229489,9.727231213834163,10.707089458546282
2440,24.39,19.97989843876497,16.822412904464482,10.779738665434792,1.5605585094938814,13.699834756172345,9.76258693082245,10.779738665434792
2441,24.4,20.199391109850033,17.0779625492988,10.786964187084157,1.5832037868214313,13.823944586266373,10.027729599021356,10.786964187084157
2442,24.41,20.171293856649473,17.01185164146694,10.838726843131683,1.569543350218025,13.865009023892195,9.857211625945213,10.838726843131683
2443,24.42,20.24300782015714,17.10626353597036,10.823821573033896,1.5804273398767332,14.000266646659297,9.829383804924317,10.823821573033896
2444,24.43,20.39516906271787,17.23828625966434,10.899743479858214,1.5815313719556066,13.917934190766324,10.17101868210014,10.899743479858214
2445,24.44,20.22544137639996,17.099692870651594,10.801341703676382,1.5831082230119138,13.792103557915263,10.108282530596092,10.801341703676382
2446,24.45,20.156134315380445,17.013219217664137,10.808335782689248,1.5740831483892923,13.789286359608994,9.965199939840526,10.808335782689248
2447,24.46,20.148120270832965,16.82806461908154,11.079846191349692,1.5187994786624046,13.695309870460996,9.778662811245596,11.079846191349692
2448,24.47,20.059125549088527,16.671575858148227,11.154688529945844,1.49458013223693,13.564322564080294,9.692811510164272,11.154688529945844
2449,24.48,20.049901086755067,16.656855715429966,11.160093694230808,1.4925372646325272,13.385125261909614,9.914094212162851,11.160093694230808
2450,24.49,20.104018553424506,16.718357485867482,11.165486329362256,1.4973246119967614,13.455642346747746,9.922155313321296,11.165486329362256
2451,24.5,20.120746609192423,16.732245287738955,11.174811485759655,1.4973179018779224,13.415544535146436,9.999559850041654,11.174811485759655
2452,24.51,20.219874282950673,16.892221926372017,11.11288236275929,1.5200576569567625,13.456833723501324,10.210817192949884,11.11288236275929
2453,24.52,20.538900068702215,17.146582784900453,11.306684519906414,1.5164996206193233,13.637913772544842,10.392911484857178,11.306684519906414
2454,24.53,20.559140542434903,17.36981493485269,10.99853576493521,1.5792843071193134,13.796265595124426,10.553365647973054,10.99853576493521
2455,24.54,20.37691226302073,17.15965890260429,10.98929750808112,1.5614882470863778,13.619865532490845,10.438062872515882,10.98929750808112
2456,24.55,20.09944398346267,16.82057591549999,11.002539448475305,1.528790330111557,13.311694594365806,10.282536708197572,11.002539448475305
2457,24.56,20.36325021150323,17.056218214061083,11.124179943286489,1.533256231112534,13.378508159079695,10.579702226580249,11.124179943286489
2458,24.57,20.503250789896033,17.246363523577198,11.088112470840024,1.5553921886103155,13.771240325346332,10.382196043657101,11.088112470840024
2459,24.58,20.50626576864771,17.196420984451287,11.17094629384353,1.5393880278458132,13.74744215130853,10.330766136686188,11.17094629384353
2460,24.59,20.50044802841438,17.107168026789175,11.29659999596875,1.5143643249202376,13.808680496420603,10.098293957128162,11.29659999596875
2461,24.6,20.60376808461903,17.286441340444103,11.211342696936478,1.5418707471289463,13.77898260547621,10.438423854902567,11.211342696936478
2462,24.61,20.587399947940707,17.282117789380063,11.187914967967089,1.5447130085330214,13.6861803936797,10.55272768139424,11.187914967967089
2463,24.62,20.558093591114865,17.41688945021617,10.921866780911897,1.5946806346929263,13.622924529205134,10.851910679351928,10.921866780911897
2464,24.63,20.213891487807736,17.081903164238746,10.807867197945965,1.5805063895941616,13.35739041209421,10.647607106356025,10.807867197945965
2465,24.64,20.59244987920521,17.545026411107855,10.780586267040693,1.627464961228312,13.6651849691932,11.004120661107295,10.780586267040693
2466,24.65,20.405202675373395,17.205225578073218,10.970529113524137,1.5683131962033752,13.600973487318226,10.537234333052085,10.970529113524137
2467,24.66,20.697948505359605,17.478721834781048,11.08599816673565,1.576648450766232,13.716224408424072,10.833785347486053,11.08599816673565
2468,24.67,21.105954640172882,17.955650286118143,11.093058373400032,1.6186384026585376,13.756318292877708,11.539890996990081,11.093058373400032
2469,24.68,21.00961239728689,17.708366523763928,11.305643199051884,1.5663298595208621,13.816325247154278,11.076795637945578,11.305643199051884
2470,24.69,20.981989118787162,17.724276166116567,11.229154098512277,1.5784159706620122,13.732535646599061,11.205687409867092,11.229154098512277
2471,24.7,20.955092110323005,17.584859488046114,11.396868084600959,1.542955429290802,13.657039980431406,11.077569326671965,11.396868084600959
2472,24.71,20.815102661999678,17.36937856574393,11.470535605169509,1.5142604638196622,13.603188581617983,10.80039685257272,11.470535605169509
2473,24.72,20.422377996015136,17.009334216864307,11.302923184341847,1.504861524709613,13.373891373495873,10.509827783123926,11.302923184341847
2474,24.73,20.56410977591445,17.072863735132756,11.462981058932671,1.4893912541038803,13.28010950700285,10.729462596068066,11.462981058932671
2475,24.74,20.50698876107585,17.183823347458052,11.19163988029666,1.5354160365462504,13.483937618050815,10.652098908156956,11.19163988029666
2476,24.75,20.38033083430754,16.99429672996861,11.249522815195533,1.510668230923822,13.184938604371967,10.722104054016807,11.249522815195533
2477,24.76,20.233903928297295,16.9039858496263,11.120527441412053,1.5200705127237992,13.117222851601499,10.662232517901193,11.120527441412053
2478,24.77,20.108080142563786,16.850569459152577,10.972383329160648,1.5357255532961398,13.208336837807709,10.463342156153427,10.972383329160648
2479,24.78,20.12533070110557,16.898231683138263,10.930631354676851,1.545952025534927,13.541677658662206,10.10807598932194,10.930631354676851
2480,24.79,20.13029168608243,16.8999598066872,10.937092936384715,1.5451966902892136,13.481783144699968,10.190690099641273,10.937092936384715
2481,24.8,19.984832171319862,16.793611331626384,10.83365752449704,1.5501331192769119,13.517638776984269,9.964879500159617,10.83365752449704
2482,24.81,19.960286128408946,16.860418446007287,10.683600149457664,1.5781588799785977,13.527089172100766,10.064371252318592,10.683600149457664
2483,24.82,19.91475568370364,16.65099482565126,10.924370245361578,1.5242063800172987,13.484524315688242,9.768481594571266,10.924370245361578
2484,24.83,19.762720145880106,16.612944517385735,10.703979728429923,1.552034377761527,13.488874387193654,9.697432304700444,10.703979728429923
2485,24.84,19.905345646960207,16.72284380670136,10.796725445320337,1.5488810835649804,13.39676893096136,10.00900030940945,10.796725445320337
2486,24.85,19.764113958816065,16.596175928241458,10.732527434669185,1.5463436761997909,13.108248736051257,10.178746018785995,10.732527434669185
2487,24.86,19.871608278477087,16.71694594325671,10.743581055843165,1.5559938400767015,13.166901009686146,10.299951430511353,10.743581055843165
2488,24.87,20.02888676473692,16.870244185911858,10.79588653804591,1.5626548247296999,13.380784488311546,10.274227239537481,10.79588653804591
2489,24.88,19.90559868626966,16.793719877890783,10.686619284027868,1.5714717097661126,13.294188516552337,10.261265956178702,10.686619284027868
2490,24.89,19.885203636161265,16.80215492844819,10.635267434908508,1.5798526018535173,13.306296556156072,10.259380205412256,10.635267434908508
2491,24.9,20.02910707142051,16.982139858767425,10.619418811577663,1.5991590651131398,13.34599759817669,10.501305742249361,10.619418811577663
2492,24.91,20.074158613720822,16.972999708753616,10.718634471585993,1.5835039205551142,13.186106024766328,10.686876391957169,10.718634471585993
2493,24.92,19.933305353883814,16.774533789748137,10.768086109786227,1.557800858827006,13.224579592386743,10.319664649010168,10.768086109786227
2494,24.93,20.42628134574484,17.41385513305949,10.676638938371067,1.631024073547655,13.38843161890575,11.13518070715815,10.676638938371067
2495,24.94,20.251918314915155,17.331454988049067,10.476681890332694,1.654288559056239,13.335414992889087,11.070051443882269,10.476681890332694
2496,24.95,20.423262800115655,17.433747373020978,10.638332385119021,1.6387669365743294,13.284581532889211,11.289616510862304,10.638332385119021
2497,24.96,20.302198239639043,17.28440538361171,10.650285625117153,1.6229053371910465,13.035831058500648,11.349791983964082,10.650285625117153
2498,24.97,20.147905160351534,17.024805670993963,10.774696014988624,1.5800729456599838,13.150030182927003,10.812988223577099,10.774696014988624
2499,24.98,19.68675522556961,16.565497495849634,10.63732222067621,1.5572995865115922,12.91316675106389,10.376214711744286,10.63732222067621
2500,24.99,20.108459379784495,17.020079438220165,10.7082694467929,1.5894332434189578,13.132219713438728,10.82718382042607,10.7082694467929
2501,25.0,20.17459435653117,17.064090061436197,10.76248520676213,1.5855157738767187,13.158772039823981,10.864156112130946,10.76248520676213
2502,25.01,20.41856442780489,17.370350709926207,10.732599382562707,1.6184663277516795,13.166096958924378,11.330621106278159,10.732599382562707
2503,25.02,20.15720059467649,17.091759026310342,10.685715193685693,1.5994960296536866,12.950838318143653,11.153654713624727,10.685715193685693
2504,25.03,20.335460461125635,17.25012206972572,10.768669404599885,1.6018805501037345,13.276936618596727,11.013158740624945,10.768669404599885
2505,25.04,20.037675808855465,16.881281775686666,10.794942215253439,1.5638140009525132,13.026027170254293,10.737797285753148,10.794942215253439
2506,25.05,20.496572558369284,17.309101243787406,10.977454202719956,1.576786468350614,13.235751454207698,11.154365482183268,10.977454202719956
2507,25.06,21.10971875113704,17.968566252142057,11.07929838006398,1.6218144539255828,13.249229118053067,12.137845811137709,11.07929838006398
2508,25.07,21.243405476269785,18.129952571912938,11.071905706308948,1.6374735346221565,13.16110066280098,12.469186405031893,11.071905706308948
2509,25.08,20.775749368416363,17.72623386899173,10.83570000697063,1.6359103572070477,12.838073102875114,12.223062062487621,10.83570000697063
2510,25.09,21.007809558979776,17.996347469815834,10.837875262800134,1.6605051297818865,13.183946878676652,12.249574154009558,10.837875262800134
2511,25.1,20.761208759971996,17.8055903822499,10.676550955934596,1.6677286940079281,13.163160957949913,11.990422947318132,10.676550955934596
2512,25.11,20.794336921604412,17.871357840261727,10.631040257402661,1.6810544789177568,13.043575572658446,12.21681494232569,10.631040257402661
2513,25.12,21.041783334741137,18.137034957813025,10.66792429881549,1.700146574889631,13.028250930686204,12.618110585503908,10.66792429881549
2514,25.13,20.595669380737455,17.544263697749898,10.78797518278854,1.6262795752200603,12.983290745419177,11.799802969376126,10.78797518278854
2515,25.14,20.02790191410069,16.95009014288706,10.668237868966036,1.5888369148756016,12.760615865033973,11.156712714641365,10.668237868966036
2516,25.15,20.057015407220156,17.04653700759637,10.56879572582014,1.6129119579774598,12.8970036381069,11.14682560687167,10.56879572582014
2517,25.16,19.990682567485834,17.029915019255643,10.469450030966918,1.6266293806154042,12.957596188673447,11.050733304823906,10.469450030966918
2518,25.17,19.57443532543709,16.625168795315357,10.332583454150846,1.609004066513165,12.976202642141683,10.392997761127575,10.332583454150846
2519,25.18,19.71103315311434,16.81786559232038,10.280283307468665,1.6359340583641442,12.97116061039083,10.70465298367019,10.280283307468665
2520,25.19,20.055929039295275,17.159834887187515,10.381731853294504,1.6528875075637857,13.064431454038262,11.12567140168509,10.381731853294504
2521,25.2,19.992549816103033,17.177183024712537,10.229683840905784,1.679150919212728,12.929938157520628,11.30806419804754,10.229683840905784
2522,25.21,19.9934019621889,17.0942932911003,10.369245821153156,1.6485570489830723,13.01271966509367,11.085305139681145,10.369245821153156
2523,25.22,19.675752245242574,16.642472968302936,10.495871565309587,1.5856208667138019,12.800239528314783,10.636060103180203,10.495871565309587
2524,25.23,19.514518220046728,16.565283423555968,10.315415961452914,1.6058764363412805,12.845940480031933,10.458987909268044,10.315415961452914
2525,25.24,19.584486531880184,16.716101892328307,10.20411927814911,1.6381719418082288,13.03249358413151,10.46815043139298,10.20411927814911
2526,25.25,19.951109533845717,16.961276950394492,10.505325118411418,1.6145408884745989,13.062303611434617,10.819479661734464,10.505325118411418
2527,25.26,20.143908550482582,17.25761370369236,10.389986570941021,1.6609851789374679,12.979643590801908,11.37339364489005,10.389986570941021
2528,25.27,20.062658031138167,17.180240448754066,10.360964501309102,1.6581699943652304,12.99054352495694,11.243061896263162,10.360964501309102
2529,25.28,19.796491379571556,16.80378347794386,10.465845965225737,1.6055829154926244,12.839434014047644,10.840483078375035,10.465845965225737
2530,25.29,19.871080536790906,16.886667015362693,10.47379199773854,1.612278248318164,12.850429892178349,10.95563665306346,10.47379199773854
2531,25.3,20.265451518294643,17.311146732634015,10.536257591838071,1.6430071666095296,12.975834785814191,11.458774489885018,10.536257591838071
2532,25.31,20.06372743173744,17.074484687817414,10.53637181863577,1.6205279181224062,13.22591738082218,10.798756261263476,10.53637181863577
2533,25.32,20.106673810334883,16.996249617274177,10.742710582646916,1.5821192879131292,13.096399637043916,10.833135169447884,10.742710582646916
2534,25.33,19.60379959798415,16.439226333475066,10.679924917091098,1.5392642233998621,12.799500116675642,10.316053470510917,10.679924917091098
2535,25.34,19.745401790716443,16.82073478876886,10.341362243086214,1.6265492295286796,13.02120673461305,10.648253096567847,10.341362243086214
2536,25.35,19.93199171960152,17.001683340018612,10.403223419498268,1.634270711532847,13.182801320271556,10.736432635867136,10.403223419498268
2537,25.36,19.822716276272196,16.877599314775132,10.39647641941675,1.6233961040159774,13.069825472543474,10.678624478243993,10.39647641941675
2538,25.37,19.79305791288129,16.80660737618051,10.454811813016423,1.6075475749124426,13.207418313335626,10.393563055740403,10.454811813016423
2539,25.38,20.076712871027418,17.09390710001873,10.52961251716355,1.623412739277462,13.181220643958032,10.883799073823686,10.52961251716355
2540,25.39,20.056237860294875,17.084465660559786,10.505889310376302,1.626179865010195,13.266645944164507,10.764528429013042,10.505889310376302
2541,25.4,19.95373598699234,17.008370784576414,10.433930376083625,1.630102001021834,13.29175512921301,10.611970709094148,10.433930376083625
2542,25.41,20.321634405171835,17.453011367911095,10.40966949951005,1.676615320854572,13.506581103300523,11.053500473080877,10.40966949951005
2543,25.42,20.313410318738196,17.39975517852654,10.48251680202605,1.6598833569399607,13.372835592684611,11.131879827041288,10.48251680202605
2544,25.43,20.37499624672801,17.479461107049513,10.469427465784545,1.6695718236909012,13.413825233163797,11.207178646162236,10.469427465784545
2545,25.44,20.171216910050816,17.22435261031206,10.497603002016993,1.6407891027125527,13.344292574172645,10.890738199922202,10.497603002016993
2546,25.45,20.307835521317195,17.35763865806137,10.541373903673371,1.6466201480636904,13.506751240669589,10.90207735738914,10.541373903673371
2547,25.46,20.10940532540737,17.16366377900456,10.478398170656106,1.638004540338044,13.55284502332801,10.531464574899646,10.478398170656106
2548,25.47,20.110919395573994,17.091270464515258,10.598941119001598,1.6125450903651426,13.428986029136928,10.572315750130468,10.598941119001598
2549,25.48,19.99686349302159,16.944276211424583,10.619136180946667,1.5956360218665213,13.429687915943502,10.332084920741316,10.619136180946667
2550,25.49,19.74544163247271,16.724645158477923,10.496128314020721,1.5934108900076187,13.407809040924066,9.997220233600634,10.496128314020721
2551,25.5,20.034574435249016,16.962954995303008,10.660315690862916,1.5912244521841092,13.326430104156712,10.495146633168165,10.660315690862916
2552,25.51,19.961011300962486,16.955127913912097,10.534021529313057,1.6095588818316924,13.507533907142156,10.248067638561238,10.534021529313057
2553,25.52,19.92233912825048,16.99540788141616,10.39498471789726,1.6349622767751466,13.488615941855922,10.339300219493232,10.39498471789726
2554,25.53,19.96831747801331,17.018385896622114,10.445489187988535,1.6292569539195805,13.475186864754694,10.394459942021472,10.445489187988535
2555,25.54,20.285392947324322,17.311968487697442,10.573216828776669,1.6373416688646925,13.478659996887494,10.864160234796525,10.573216828776669
2556,25.55,20.599456017831056,17.677193503249274,10.576124908454778,1.6714244258894628,13.472848519111166,11.444016905457737,10.576124908454778
2557,25.56,20.713243523052597,17.850106323722375,10.507719137714268,1.6987612715736602,13.512675809680161,11.66335664509485,10.507719137714268
2558,25.57,20.499206039446793,17.560586733221562,10.575596523728331,1.6604819117126015,13.536252111134434,11.186781717670446,10.575596523728331
2559,25.58,20.41097187734736,17.453644231707983,10.581969382436869,1.6493758015097064,13.552814054285514,10.997769236394914,10.581969382436869
2560,25.59,20.54325619663537,17.581715988764852,10.625847639177206,1.6546177383479086,13.764016229119576,10.939314162877055,10.625847639177206
2561,25.6,20.669601439932805,17.641944725177225,10.770060816887886,1.6380543271876375,13.862176740017096,10.912299011424562,10.770060816887886
2562,25.61,20.48263322125175,17.496287579175803,10.649797398218634,1.6428751576158964,13.93376878290195,10.581595652728778,10.649797398218634
2563,25.62,20.349939916779945,17.408676261244572,10.538408107856398,1.6519265607360927,13.849002642845896,10.548323798939228,10.538408107856398
2564,25.63,20.31338675810286,17.301507873868967,10.643848311335462,1.6254936530280355,14.106849222472151,10.016934647085742,10.643848311335462
2565,25.64,20.630601807028288,17.614545668716303,10.740089003582163,1.6400744596102779,14.144365890619648,10.49805375617632,10.740089003582163
2566,25.65,20.461502699088737,17.434580833765384,10.71020465984271,1.62784758905078,14.028216350349071,10.35247578489794,10.71020465984271
2567,25.66,20.51009692946912,17.47201476353268,10.742102967255276,1.626498537278215,13.923064299986768,10.555547375457984,10.742102967255276
2568,25.67,20.615009795518734,17.538688180447632,10.83388415012639,1.6188735210209002,14.091313480416906,10.442244370229716,10.83388415012639
2569,25.68,20.118191886839714,16.93979147189482,10.852884855393182,1.5608560947255274,13.882314759484819,9.707619277138475,10.852884855393182
2570,25.69,20.560768802015936,17.403365065965108,10.94842902478237,1.5895764612961032,13.82509584359258,10.570895919208265,10.94842902478237
2571,25.7,20.35637940381632,17.258360869859317,10.79496005170126,1.5987424489949307,14.188532909682197,9.825301714713726,10.79496005170126
2572,25.71,20.241393893619357,17.159754850309522,10.73577385352029,1.598371489977203,13.994095127413923,9.930885564118189,10.73577385352029
2573,25.72,20.099655966153737,16.880140271386672,10.911325967821208,1.5470292356005315,14.046142508287163,9.361891700857177,10.911325967821208
2574,25.73,20.554012196008614,17.478627109866146,10.815036371086464,1.616141315677357,14.371045842931363,9.948640461194332,10.815036371086464
2575,25.74,20.19214790472369,17.036737295377673,10.838469418443028,1.571876677198305,14.083325708779332,9.586988820904487,10.838469418443028
2576,25.75,20.406605797372897,17.120961610244876,11.10415389437189,1.5418519747751864,14.25646446047111,9.480535193057564,11.10415389437189
2577,25.76,20.65911318048666,17.50926952182966,10.964690520761843,1.5968776764538437,14.207786956801487,10.232952114527587,10.964690520761843
2578,25.77,20.42237404495495,17.27686118808644,10.889601880676903,1.5865466320438615,13.748454226030065,10.462788295056134,10.889601880676903
2579,25.78,20.233755570970985,17.078525023106458,10.850292509463786,1.5740151713154567,13.968377357872898,9.826517742971683,10.850292509463786
2580,25.79,20.333606470625075,17.170323504671888,10.891994438446888,1.5764168446564355,13.974679584231726,9.976389114962632,10.891994438446888
2581,25.8,20.346028509814992,17.236147488457497,10.810924839177488,1.5943268263225525,13.943189319039996,10.132731707553923,10.810924839177488
2582,25.81,20.22129476785238,17.072224973330826,10.836968974226757,1.5753689997575147,13.952202743458608,9.838541769258635,10.836968974226757
2583,25.82,20.20542949704411,17.065779631384,10.817511115458084,1.5776068496012194,13.976213344560328,9.793175939106517,10.817511115458084
2584,25.83,20.631177544700623,17.63390416473528,10.709384239529886,1.6465843199131833,14.245398484533894,10.39342090497194,10.709384239529886
2585,25.84,20.388429638089942,17.284252631330332,10.81400361030525,1.598321329841173,14.057052208295014,10.057070758273394,10.81400361030525
2586,25.85,20.15838553313832,16.9561081083542,10.901876220194628,1.5553385275962606,13.94935286163753,9.639769547230884,10.901876220194628
2587,25.86,20.091302508585656,16.801792587452496,11.016360666741383,1.5251672576568276,13.978762192393257,9.321718817916066,11.016360666741383
2588,25.87,20.290257987328427,17.088938543575953,10.939046971570663,1.5621962852877547,13.996968930085973,9.803911531441097,10.939046971570663
2589,25.88,20.417557080577744,17.21751648881434,10.97423177703372,1.56890403252155,14.332169899045306,9.541057594810614,10.97423177703372
2590,25.89,20.25564695170636,17.04626236725168,10.941488597946364,1.5579472769775708,14.291120247098515,9.291875094734738,10.941488597946364
2591,25.9,20.307831850020843,16.967524059258675,11.158456960852563,1.5205977061869915,14.10746275066232,9.427426342337396,11.158456960852563
2592,25.91,20.426996398560338,17.044344073692628,11.258442030955075,1.5139167592486793,14.079784730315584,9.605692419101976,11.258442030955075
2593,25.92,20.25278245165613,17.005621392552015,10.999274434583757,1.5460675605186458,13.979286854421956,9.683527146066572,10.999274434583757
2594,25.93,19.81888079274425,16.3515951706493,11.198811153520065,1.460118841767377,13.655714114534755,8.99422796280469,11.198811153520065
2595,25.94,19.630100469726347,16.106979044771442,11.220787427932326,1.4354588880879908,13.386096338065439,8.958080083183976,11.220787427932326
2596,25.95,19.33348482208193,15.773826828359493,11.17899917499768,1.4110231677660685,13.149546243138019,8.712235442792423,11.17899917499768
2597,25.96,19.729801305597093,16.22224785315771,11.229591895926621,1.4445981655880216,13.426168334214802,9.104906878744432,11.229591895926621
2598,25.97,19.76066774116143,16.42638064038878,10.984443938299234,1.4954221381307482,13.640386068099268,9.152368483411417,10.984443938299234
2599,25.98,19.81225162656851,16.49361253194807,10.976614239392413,1.5026138454202467,13.532169897932654,9.429720685551601,10.976614239392413
2600,25.99,19.504400490482173,16.142576706745395,10.94709348457216,1.4745993289904098,13.324429629142323,9.112757968430476,10.94709348457216
2601,26.0,19.773021369121967,16.378160279943433,11.078277840361162,1.4784030980224532,13.081753040420741,9.854535582408712,11.078277840361162
2602,26.01,19.892681689645258,16.46589295191395,11.162130356775899,1.475156840640052,13.45571453263531,9.490488771402477,11.162130356775899
2603,26.02,19.976696840807932,16.568606834528865,11.16018298382016,1.4846178470863554,13.560295825341361,9.520352386672787,11.16018298382016
2604,26.03,19.815869462782615,16.452345725401234,11.044863181493572,1.489592533202971,13.664524016812189,9.162994230167952,11.044863181493572
2605,26.04,19.863812477722828,16.425349471882964,11.17044944828323,1.4704287010051642,13.59103961865276,9.22365151974515,11.17044944828323
2606,26.05,20.662973074983324,17.376184877514845,11.181531889679084,1.554007541091362,13.779690240523978,10.585458788960626,11.181531889679084
2607,26.06,21.045719571011325,17.82657336506792,11.186402206317283,1.5935930995759067,13.87282915620048,11.19514757129279,11.186402206317283
2608,26.07,21.064558128876776,17.884615246694793,11.129067644799399,1.6070182891782723,13.656813189225797,11.54776671209183,11.129067644799399
2609,26.08,20.987832829175506,17.74882300266258,11.20126818202175,1.5845369215558807,13.584539833202935,11.422827824140878,11.20126818202175
2610,26.09,21.350012881523906,18.26727234984838,11.051235719941078,1.6529619684870658,13.560463053988546,12.239570289227753,11.051235719941078
2611,26.1,21.377524131836267,18.41053253508167,10.865119869653594,1.6944619807189154,13.676822075192907,12.324457235465449,10.865119869653594
2612,26.11,21.25982737198226,18.109676239688344,11.136421614690848,1.626166543102012,13.832766227585596,11.688239901683227,11.136421614690848
2613,26.12,21.54516623575571,18.36013203001707,11.273852046514055,1.6285588948893592,13.855211364917407,12.04689031215617,11.273852046514055
2614,26.13,21.416010927719263,18.08792751408818,11.46614156119149,1.5775077795401466,13.724892140291807,11.781360595969565,11.46614156119149
2615,26.14,21.407838640598772,18.053591884332384,11.504928306420757,1.5692050748596928,13.317239659646136,12.18947528704908,11.504928306420757
2616,26.15,21.504272375808466,18.223058008712215,11.417262685252924,1.5960969376880483,13.17902407685581,12.58543473903644,11.417262685252924
2617,26.16,21.42340896205371,18.25023585416046,11.220131141074921,1.6265617241628814,13.01213251618217,12.796699422655777,11.220131141074921
2618,26.17,21.121189787073796,17.95956115658165,11.115701556113953,1.6156929966065325,13.035699875785582,12.353799645673394,11.115701556113953
2619,26.18,21.497907996598503,18.477702517358615,10.98792782603768,1.6816366843594202,13.301608412621219,12.825470905868732,10.98792782603768
2620,26.19,21.175098481473825,18.10301392925316,10.984793233255745,1.648006798566537,13.29715608767805,12.28432958295488,10.984793233255745
2621,26.2,21.511365463890595,18.468591175714245,11.029505161402074,1.6744714205624898,13.409758126709804,12.699104180957429,11.029505161402074
2622,26.21,21.22390865482366,18.189460061533925,10.936079793882307,1.6632523174994747,13.441266243892716,12.25515479669384,10.936079793882307
2623,26.22,21.078898739424023,18.03566014208111,10.910313254267196,1.6530836211349915,13.492414786099218,11.968282249366633,10.910313254267196
2624,26.23,21.29549551882014,18.38157294590594,10.75248368640601,1.7095187941689345,13.49303109582366,12.482801601114911,10.75248368640601
2625,26.24,21.272790282806845,18.456667558575955,10.577477442589574,1.7449025685709618,13.546379742536052,12.535715904518536,10.577477442589574
2626,26.25,21.02596765435577,18.116296522301734,10.671978078971739,1.6975575088556842,13.32612132725414,12.272517673862371,10.671978078971739
2627,26.26,21.13022730382832,18.145109612051865,10.827811555345564,1.6757873480993337,13.691279426591182,11.90772314493321,10.827811555345564
2628,26.27,21.400768558615727,18.47587279172149,10.79976941807375,1.7107654873447151,13.51981362781165,12.592557916686856,10.79976941807375
2629,26.28,21.24326322529806,18.292659716440095,10.800686689180033,1.6936571018919944,13.589956728734155,12.244773399806284,10.800686689180033
2630,26.29,20.984923117091117,18.053993956095827,10.696742516461752,1.6878029856577021,13.540164163806539,11.941970196911138,10.696742516461752
2631,26.3,20.40251752892306,17.323506215628075,10.77770169911508,1.6073469742672921,13.698796265527687,10.604095835028524,10.77770169911508
2632,26.31,21.31782866183474,18.420660634728765,10.729822022545228,1.7167722443134419,13.805950323499692,12.194936403479305,10.729822022545228
2633,26.32,21.209741917445076,18.35529214694028,10.627154012486088,1.7272067503090878,14.05400513758643,11.806849257622533,10.627154012486088
2634,26.33,21.167330605551104,18.261068768756513,10.704636957293136,1.7059026701802467,13.972971989732338,11.756814464446139,10.704636957293136
2635,26.34,21.202021499402278,18.34662882102531,10.626708171613634,1.7264639740492118,14.104388460213931,11.733073564069246,10.626708171613634
2636,26.35,21.154450862717148,18.18036102651095,10.815972644604642,1.680880825413321,14.209204038540484,11.341254235991855,10.815972644604642
2637,26.36,21.43252408193601,18.44374854470127,10.917015532763372,1.6894496934028536,14.176484079074656,11.798269344946869,10.917015532763372
2638,26.37,21.402655157142274,18.375178382323227,10.973899361364222,1.674443857852084,14.064055533483211,11.825799023038533,10.973899361364222
2639,26.38,20.926966174465715,17.850166717368204,10.922887046444846,1.63419859982696,14.068072038428094,10.98716528315822,10.922887046444846
2640,26.39,21.190309190289366,18.219926471501388,10.81958792898995,1.6839760063951241,14.294414165337443,11.297585772930308,10.81958792898995
2641,26.4,21.560652934790866,18.55774731483064,10.975963264033009,1.6907625206474843,14.341619488142227,11.777433330672814,10.975963264033009
2642,26.41,20.547774328296253,17.45204842277781,10.846060837723947,1.6090679080535322,14.099694028090948,10.284581783679776,10.846060837723947
2643,26.42,20.711300610085612,17.544121913389397,11.007350237430561,1.5938551545067134,14.372928405326942,10.060573679826415,11.007350237430561
2644,26.43,20.355057353660357,17.206370479717542,10.875163207304396,1.5821712420978413,14.199366443833519,9.717879278887443,10.875163207304396
2645,26.44,20.45964752286071,17.42288322388772,10.725684916427122,1.6244075189271483,14.255957572129477,10.016213532811308,10.725684916427122
2646,26.45,19.865161490363533,16.810948115600187,10.583792538254936,1.5883671240566464,14.087881941238908,9.172761795398163,10.583792538254936
2647,26.46,20.398069565744333,17.437100194499816,10.584364828175548,1.647439452208063,14.543767588680257,9.619318454000737,10.584364828175548
2648,26.47,20.390381320994962,17.43432469978812,10.574118056742988,1.6487734112889407,14.633353761803285,9.477374922390682,10.574118056742988
2649,26.48,20.680846584104074,17.68480571597399,10.72124350173537,1.6495106853147656,14.613732104265033,9.959477255183614,10.72124350173537
2650,26.49,20.615057911975892,17.697749436267262,10.57214631024474,1.6739977783997928,14.685807817795897,9.876101652355707,10.57214631024474
2651,26.5,20.662085702372146,17.690988531349635,10.674769803411554,1.6572711971452316,14.515405382710945,10.113064905947677,10.674769803411554
2652,26.51,20.753322201054903,17.672451247163128,10.880480196086967,1.624234494128192,14.537554552395505,10.04863377377653,10.880480196086967
2653,26.52,20.857371470455757,17.687241449154037,11.054023456457346,1.6000727263539336,14.561624635322667,10.039800698252758,11.054023456457346
2654,26.53,20.50553638187911,17.53294891901193,10.633565935841391,1.6488306015873326,14.133244660056663,10.375726151728434,10.633565935841391
2655,26.54,21.004727889068203,18.008111741949442,10.812331163225725,1.6655161102720928,14.063612230696059,11.247528596769762,10.812331163225725
2656,26.55,21.049062928348842,18.04604607976795,10.835279001875367,1.6654897466548435,14.33344310157611,10.964131883874275,10.835279001875367
2657,26.56,21.434068821017835,18.464252706487773,10.885342356356453,1.6962491488111666,14.714895694843765,11.153495985515463,10.885342356356453
2658,26.57,21.24724797130154,18.236675635941733,10.90271562976063,1.6726727776116563,14.421351783589774,11.162479607349917,10.90271562976063
2659,26.58,21.82558227964141,18.923430161661823,10.874733686950902,1.7401281453327841,14.42451663572166,12.248654167257783,10.874733686950902
2660,26.59,21.84786350335292,18.86930672467197,11.012647428815178,1.713421486217694,14.382206599514866,12.214862651647861,11.012647428815178
2661,26.6,21.935206232462715,18.93793278600843,11.068332044770697,1.7110015049607927,14.414820114763565,12.282437024726846,11.068332044770697
2662,26.61,21.825246770293802,18.582586461849164,11.446784569132074,1.623389201536982,14.292980451571331,11.87532018191929,11.446784569132074
2663,26.62,21.775466193533614,18.640451995399793,11.256308335903087,1.6560004789442613,14.187443710416764,12.090611711429656,11.256308335903087
2664,26.63,21.64540331579104,18.46265578202577,11.298399275016267,1.6340948246404743,14.23242313799166,11.760433246557255,11.298399275016267
2665,26.64,21.476590604129747,18.343964130104265,11.168837180783065,1.6424238112868739,14.26184936588066,11.536926482884484,11.168837180783065
2666,26.65,21.58886743597263,18.498070419349727,11.13106409687673,1.6618420537655614,14.232775048961651,11.815528919387237,11.13106409687673
2667,26.66,21.513655749371928,18.576937375790834,10.850565950144226,1.7120708229549915,14.35969394649411,11.785660440852471,10.850565950144226
2668,26.67,21.62051001519443,18.740152896193912,10.782074139255286,1.7380842177633447,14.337166956838818,12.06809737383877,10.782074139255286
2669,26.68,21.43510846093831,18.518909830866185,10.794158300137944,1.7156418607117818,14.186669964385873,11.903294361030648,10.794158300137944
2670,26.69,21.42751237771864,18.619648940317926,10.604101095170819,1.7558913078259357,14.254757721019278,11.978865095480616,10.604101095170819
2671,26.7,21.154603898491477,18.287039082207706,10.634917381337695,1.7195280815531357,14.105482006405724,11.63834935723947,10.634917381337695
2672,26.71,21.13643600284944,18.340821352390385,10.505389046686986,1.745848846804432,14.02669735563331,11.816830758446557,10.505389046686986
2673,26.72,21.74509983684295,19.09916926010116,10.395725106421109,1.8372137647526108,14.269838576334104,12.694485945927871,10.395725106421109
2674,26.73,21.545069488796912,18.855213186261913,10.424536199644692,1.8087340122531852,14.328265385095971,12.256421800576453,10.424536199644692
2675,26.74,21.249243687975724,18.449888036573604,10.54191580069176,1.7501456457623124,14.377986782495496,11.561654926717308,10.54191580069176
2676,26.75,21.32706361067575,18.539504916621446,10.54184043231442,1.7586592242272416,14.517936836802166,11.530080336062428,10.54184043231442
2677,26.76,21.091939525190078,18.266567650991707,10.545255766742633,1.7322071702234436,14.501692609708593,11.107133077521844,10.545255766742633
2678,26.77,20.790104254268442,17.977639634221305,10.441882401436349,1.7216857021630854,14.21727369895632,11.00293848873516,10.441882401436349
2679,26.78,20.83143203104409,17.99038516867542,10.502123687460234,1.713023546861892,14.165256010395026,11.090513093507624,10.502123687460234
2680,26.79,20.945455577001844,18.148911831792955,10.45605607530695,1.7357320677203973,14.254576678808446,11.233434220493956,10.45605607530695
2681,26.8,20.88434558278058,17.93737988802451,10.696087750841448,1.677003807921583,14.12249793354217,11.059143247304617,10.696087750841448
2682,26.81,20.44635940221157,17.486963874474426,10.595268154097464,1.6504503350122162,14.019172677724475,10.45259312225044,10.595268154097464
2683,26.82,20.86259505083394,18.005165001135865,10.53859125011275,1.708498277788621,14.128576081051522,11.161061985316032,10.53859125011275
2684,26.83,20.84908609855534,17.969435803459742,10.572784309268425,1.6995935297485627,14.301480695553124,10.879718425096405,10.572784309268425
2685,26.84,21.172971516478697,18.31497755720141,10.6233855204839,1.7240245608979041,14.247235435024695,11.508895923578764,10.6233855204839
2686,26.85,20.8820980199564,17.979005771567245,10.621552107908647,1.6926910105897188,14.061185873326881,11.203914511000201,10.621552107908647
2687,26.86,20.99318467043825,18.10279923375609,10.630261638804724,1.7029495461968316,14.29765763037832,11.103527654856578,10.630261638804724
2688,26.87,20.84793521592848,17.834647032112468,10.796377540986274,1.6519102786473352,14.285391824247494,10.677181987198727,10.796377540986274
2689,26.88,20.46689525996426,17.348554002383004,10.85916551161958,1.597595504352486,14.120229171790509,10.079258609129727,10.85916551161958
2690,26.89,20.54412102735189,17.480919847611485,10.792513612123209,1.619726458160331,14.090624512256253,10.345861954096447,10.792513612123209
2691,26.9,21.09100728446457,18.08096872806396,10.858598350068517,1.6651291580326177,14.404151327326883,10.928945726129948,10.858598350068517
2692,26.91,20.917074795987954,17.8805878748984,10.853966798778723,1.647378161955526,14.316193980285757,10.712703331596256,10.853966798778723
2693,26.92,20.941431778710385,18.020197567099768,10.668460272460726,1.6891094972361305,14.429526701304175,10.794270680951925,10.668460272460726
2694,26.93,20.880291795960456,17.939078786523748,10.685318796149565,1.6788529316493639,14.391045968450142,10.710198114090202,10.685318796149565
2695,26.94,20.638438958582412,17.744424195849888,10.539476865806451,1.6836152706420058,14.266010771517331,10.552038983495773,10.539476865806451
2696,26.95,20.485777903292146,17.564953440314948,10.542272380401709,1.666144907521887,14.003962661134059,10.602670378069623,10.542272380401709
2697,26.96,20.96812393827372,18.01484183773194,10.729757455427892,1.6789607698558668,14.239024385420498,11.035611038356574,10.729757455427892
2698,26.97,20.9857931872873,18.022238129971893,10.751857908574738,1.676197572849148,14.455710419022928,10.762597432532946,10.751857908574738
2699,26.98,21.201067342338956,18.277613562943543,10.743095405798721,1.701335869462536,14.491273142935206,11.138858121600373,10.743095405798721
2700,26.99,21.21497242519877,18.195549890245857,10.908575488739034,1.6680042145767975,14.391356191842261,11.134042516891585,10.908575488739034
2701,27.0,20.867395364732747,17.79281010758206,10.902481267289359,1.6319963934233677,14.32814347541083,10.54933154624104,10.902481267289359
2702,27.01,21.07725322239166,18.089709492627513,10.817255376164587,1.6723012320193071,14.479441870110868,10.843585784127788,10.817255376164587
2703,27.02,20.65501792863792,17.63835778145003,10.747934704207838,1.6410927556663122,14.400722279744679,10.18483495438704,10.747934704207838
2704,27.03,20.949398216154055,17.89346342784359,10.895010425668383,1.6423539518316586,14.532379860718747,10.439634525564205,10.895010425668383
2705,27.04,21.06889187834753,18.14484658995018,10.708069256811507,1.6945021697920069,14.612394000260908,10.757016284916826,10.708069256811507
2706,27.05,20.488003543282804,17.478318604656334,10.689558828300301,1.6350832513670241,14.600646262942949,9.607952432765572,10.689558828300301
2707,27.06,20.62742309898363,17.666883604772543,10.647619799744096,1.6592331372685893,14.732904937520575,9.74988658429229,10.647619799744096
2708,27.07,21.05232961059153,18.254975394912037,10.486012367155833,1.7408882190612383,14.70052432876069,10.82306385125575,10.486012367155833
2709,27.08,20.587613422831836,17.710322648835497,10.497347194511102,1.687123643780778,14.416307807645902,10.287156921183973,10.497347194511102
2710,27.09,20.690153289384952,17.782051924533096,10.577384955245597,1.6811387691543287,13.970167689008054,11.001626488287378,10.577384955245597
2711,27.1,20.84952563287081,18.011716420497216,10.501466121610262,1.7151620746966096,14.287579626524044,10.967542880159808,10.501466121610262
2712,27.11,20.91280248921269,18.008308228240615,10.632315961703823,1.6937333590446455,14.180761449902553,11.099782427790025,10.632315961703823
2713,27.12,20.923488518096356,17.89401780862913,10.84419192154831,1.6501015417361096,14.286839628473217,10.774139722772475,10.84419192154831
2714,27.13,21.04850439668821,18.075969475575494,10.784195141755632,1.6761537822685195,14.404001728333622,10.92087023510943,10.784195141755632
2715,27.14,20.92280263015838,17.906720361898927,10.821877645830074,1.6546777692315537,14.1189447872317,11.013901770687285,10.821877645830074
2716,27.15,21.14472829130214,18.26247211866531,10.657469053577643,1.7135843441679728,14.07672478980362,11.634590971630939,10.657469053577643
2717,27.16,20.86750993286353,17.911813401503725,10.706068908234695,1.6730523178051515,13.829954361873046,11.382680777338752,10.706068908234695
2718,27.17,20.555765558563078,17.638416085842373,10.555840832510935,1.670962679876511,13.78106603817098,11.008902800409919,10.555840832510935
2719,27.18,20.505283015691134,17.554739119217345,10.597064027824482,1.656566297337097,13.987070899615409,10.608049452793455,10.597064027824482
2720,27.19,20.72960957347957,17.786320665593728,10.647230167962439,1.6705115213074704,13.565175302007493,11.5038785566057,10.647230167962439
2721,27.2,20.868682664822796,18.007471906314873,10.546699564714839,1.7074035147982105,13.611586804383515,11.789561023356718,10.546699564714839
2722,27.21,20.61470851378463,17.80775866639044,10.385082493071522,1.7147440743269018,13.372148477818687,11.760183408755807,10.385082493071522
2723,27.22,20.75226063536272,17.967091156684226,10.384601910782354,1.730166578463538,13.5036464163737,11.851915376602982,10.384601910782354
2724,27.23,20.275704698477522,17.37495901306787,10.45059808403687,1.6625803493110942,13.496010339670892,10.942892927251219,10.45059808403687
2725,27.24,20.021597713335613,17.000467185729722,10.575844668941235,1.6074807940075075,13.509533986592325,10.320289530734103,10.575844668941235
2726,27.25,20.02502492772731,17.028566064038554,10.53705656997127,1.6160647853563705,13.394661451220287,10.51451885749028,10.53705656997127
2727,27.26,20.294722824918587,17.345213134162506,10.53657230178524,1.6461912505667198,13.48547264706643,10.908640894022804,10.53657230178524
2728,27.27,19.74473653217856,16.6921900364942,10.546345931682234,1.582746303281145,13.648990219554886,9.609072494311366,10.546345931682234
2729,27.28,19.59867334628373,16.474721073500145,10.615628219031713,1.5519308639656617,13.468983365614406,9.486986958272485,10.615628219031713
2730,27.29,19.46560418059617,16.33284203325505,10.589996092179634,1.5422897129599813,13.040940910945896,9.833391532959558,10.589996092179634
2731,27.3,19.780803506147674,16.731039082207577,10.552370282475252,1.5855242598900732,13.156077863341892,10.336599248497679,10.552370282475252
2732,27.31,20.053109788160814,17.063563175874865,10.533851333627148,1.6198788681783423,13.430159292701621,10.525968346415118,10.533851333627148
2733,27.32,19.77280321682417,16.758900571674083,10.492997602210453,1.5971509007248468,13.292238442798226,10.206720607083104,10.492997602210453
2734,27.33,19.28233335572815,16.243659557960076,10.389990558538468,1.5633950258608347,13.306023789175715,9.316984853309451,10.389990558538468
2735,27.34,19.48899955746537,16.570623814007774,10.258437023519894,1.6153166194826463,13.154879330496437,10.07644398512884,10.258437023519894
2736,27.35,19.718279913577767,16.900580591858166,10.157801849234483,1.6638029410990958,13.124374169449181,10.64802455867698,10.157801849234483
2737,27.36,19.736361236077734,16.889719310655696,10.210844061497356,1.6540962930129133,13.039760339943548,10.73439652097738,10.210844061497356
2738,27.37,19.71417959677952,16.839969231425407,10.250088461019425,1.642909648581763,13.01013625204319,10.692096072268804,10.250088461019425
2739,27.38,19.81780755243163,16.895858853275996,10.35738624342026,1.6312859688909866,13.038734798880336,10.745298564222955,10.35738624342026
2740,27.39,19.97676035162504,16.93110319837171,10.602296856452641,1.5969278570112198,12.980236318896752,10.870865679397678,10.602296856452641
2741,27.4,20.02392299713239,17.059173174882243,10.485327976962168,1.6269565637206385,13.093369233966827,10.935221603316178,10.485327976962168
2742,27.41,19.650410195066446,16.568098266350795,10.565828915466842,1.5680831479390605,13.033734746117581,10.228569730480574,10.565828915466842
2743,27.42,19.933237412495924,16.94090356615371,10.504272469105494,1.6127631509920588,12.940204602829773,10.933678176836134,10.504272469105494
2744,27.43,20.029070846807144,16.987384510752186,10.610958791281618,1.6009283274862673,12.789599113952002,11.180223030894393,10.610958791281618
2745,27.44,19.6838999262498,16.50660131586388,10.723247143740453,1.539328628222411,12.505268623572215,10.774327990792717,10.723247143740453
2746,27.45,20.04663126749264,16.84519050222528,10.867703626735173,1.5500229929702118,12.548333183273323,11.238317373068902,10.867703626735173
2747,27.46,20.412592918039955,17.185184353670138,11.015597503902638,1.5600773673494988,12.643400496210726,11.639372197934359,11.015597503902638
2748,27.47,20.832696343668548,17.684033675925402,11.012546930489668,1.6058077924703191,12.798478779908326,12.203441644532086,11.012546930489668
2749,27.48,20.342501357402746,17.0146956248909,11.149775525464666,1.5260123924496511,12.754164575043328,11.261933812644765,11.149775525464666
2750,27.49,19.379965658609,15.896124383817366,11.085860296028955,1.4339098598880493,12.60189750781154,9.689115007491983,11.085860296028955
2751,27.5,20.147965665023612,16.85693440192447,11.035591647400953,1.527506176426393,12.42299001388538,11.394101831460382,11.035591647400953
2752,27.51,20.452061937316504,17.136430554703423,11.163762149546955,1.5350049853398973,12.429936205315455,11.796352745148013,11.163762149546955
2753,27.52,20.422824209740863,17.131830484707823,11.11719986980594,1.5410202825657098,12.60576790551699,11.601475391906071,11.11719986980594
2754,27.53,20.182625828276546,16.745259158145014,11.266529237115398,1.486283735276788,12.709795717599427,10.902513338232188,11.266529237115398
2755,27.54,21.03208654201194,17.659109704664242,11.423856999687667,1.5458097650510725,12.676544669384072,12.294282037047836,11.423856999687667
2756,27.55,20.632275152032083,17.01968610273293,11.662806819698254,1.4593130423790448,12.618446903717672,11.4212307906643,11.662806819698254
2757,27.56,20.858439694027304,17.38357622480984,11.527609644050235,1.507994871580515,12.583783614198467,11.993211092730922,11.527609644050235
2758,27.57,20.99713893252975,17.517449845725313,11.576648662478041,1.513171070182207,12.646474828453714,12.12137465433638,11.576648662478041
2759,27.58,21.175029087618633,17.624505275037833,11.73706397152452,1.5016110773356035,12.545965243559856,12.378285111323962,11.73706397152452
2760,27.59,20.876690488278413,17.176988484420537,11.865381255967238,1.447655841297306,12.355585009028875,11.93266326008476,11.865381255967238
2761,27.6,20.99273858244179,17.328749620495493,11.84945187681343,1.4624093840495485,12.618151024910336,11.877197822819022,11.84945187681343
2762,27.61,21.381105679905847,17.862722677142592,11.750524186384107,1.5201639002488911,12.92625029357925,12.32837843304003,11.750524186384107
2763,27.62,21.34551376272707,17.851478650800775,11.70280597868626,1.5254015732049893,12.819872881969546,12.422807625900747,11.70280597868626
2764,27.63,21.370400468381,17.738306520766375,11.918326138947362,1.488321960145071,12.667097264662932,12.4174137851741,11.918326138947362
2765,27.64,20.620472519530487,16.82739534148617,11.918164831468037,1.4119116138632422,12.34033536763078,11.44016420306419,11.918164831468037
2766,27.65,20.458946973340453,16.665449759377598,11.867236223132062,1.404324431234686,12.851858327649825,10.609757452852383,11.867236223132062
2767,27.66,21.013067296098225,17.46658118718374,11.681932152767873,1.4951791329352373,13.077220106824013,11.578763865204204,11.681932152767873
2768,27.67,20.22862398080316,16.599262243056216,11.561216248430481,1.435771279281251,13.041114494537462,10.269607575468335,11.561216248430481
2769,27.68,19.93708042388667,16.29560585055099,11.486531495277998,1.4186707151109939,13.041653591415946,9.77046783107233,11.486531495277998
2770,27.69,21.124309482476235,17.60867723211786,11.669230362218817,1.508983599220823,13.456171600833866,11.357682849675719,11.669230362218817
2771,27.7,20.140845187452264,16.53696901805981,11.49705616932652,1.4383655063093008,13.196198194913435,9.966528859378945,11.49705616932652
2772,27.71,21.016468241750278,17.469075484350906,11.68432022321145,1.495087018382787,13.18306325489826,11.461912645597204,11.68432022321145
2773,27.72,20.77895246170969,17.179722493905444,11.688541416207173,1.4697918142364859,13.199808288419545,10.99581402700916,11.688541416207173
2774,27.73,21.118779588002997,17.68832216996786,11.538028865368442,1.5330454080470894,13.240881191540375,11.72841875361248,11.538028865368442
2775,27.74,20.889979063177424,17.361492557857705,11.617650426116404,1.4944065212040794,12.948597658186088,11.565260158032165,11.617650426116404
2776,27.75,20.780460877671466,17.294731449132854,11.520408777070774,1.501225501959166,12.823985879204042,11.60401318801389,11.520408777070774
2777,27.76,20.322642184494896,16.747964928373804,11.51153578446302,1.4548853638606876,12.81689463110062,10.78060950305237,11.51153578446302
2778,27.77,20.639822193049195,17.06811080316204,11.605251129194466,1.4707230901901867,13.105057089437977,10.935167354530432,11.605251129194466
2779,27.78,21.560830013529895,18.253572314816203,11.475037630444058,1.5907200396788443,13.210667817048156,12.596474033626738,11.475037630444058
2780,27.79,21.134773658659036,17.691480434595594,11.562446870583626,1.5300810142189738,13.281068250779,11.687673253724572,11.562446870583626
2781,27.8,20.7898013635077,17.348020653655347,11.45696382705532,1.514190052052748,13.2645920615446,11.180537466529081,11.45696382705532
2782,27.81,20.95498695846895,17.445649306595005,11.608651889901122,1.5028144070520149,13.31326276119804,11.27420570949441,11.608651889901122
2783,27.82,20.965365322989847,17.584211604715005,11.416744079072265,1.5402124706419726,13.36685741932456,11.425043566255743,11.416744079072265
2784,27.83,21.347656088157343,18.13458165913973,11.263186427749222,1.6100756012047697,13.434916366176612,12.180561324743902,11.263186427749222
2785,27.84,21.361737875994184,18.031235453306017,11.454186706620625,1.5742047790162002,13.415563315904317,12.047743062064457,11.454186706620625
2786,27.85,20.92881441808884,17.598035960333313,11.32803616191346,1.5534939780207027,13.202191907236113,11.635849711374483,11.32803616191346
2787,27.86,22.02435544130186,18.778639464888396,11.508037732495445,1.6317846622854586,13.503080408376427,13.050062054917005,11.508037732495445
2788,27.87,21.902240667213004,18.7561416752666,11.309964442996561,1.6583731778998576,13.29244270999043,13.232679900318564,11.309964442996561
2789,27.88,21.88992134992006,18.825040077685376,11.170788816338135,1.6852023959268043,13.10548402310667,13.514008378218378,11.170788816338135
2790,27.89,21.711473891303523,18.693966530816226,11.041907166675381,1.6930016027697514,13.285258820431583,13.151664637201714,11.041907166675381
2791,27.9,21.520495369197153,18.38065357125757,11.193002065087468,1.642155827755039,13.246419581230533,12.742872281576707,11.193002065087468
2792,27.91,21.29976757310016,18.2790159634021,10.934243187243469,1.6717220982177783,13.118447748314793,12.729051546169627,10.934243187243469
2793,27.92,20.74391396667198,17.653727290176132,10.892927954447286,1.620659510831392,13.109730148697063,11.823242476759614,10.892927954447286
2794,27.93,20.546561009818426,17.45818743590118,10.833875612315886,1.61144433078545,12.947065969169365,11.711609254796471,10.833875612315886
2795,27.94,20.431496183945786,17.246966895348674,10.953911138280153,1.5745030863977392,12.94980716061552,11.391240564228468,10.953911138280153
2796,27.95,20.531958182714874,17.367804227597716,10.950830248368892,1.5859805908492302,13.143690741595579,11.35270969317263,10.950830248368892
2797,27.96,20.88947286828927,17.727591805745696,11.050002963069808,1.6043065205496365,13.19664027766357,11.837068750881256,11.050002963069808
2798,27.97,20.943947046259904,17.8088721577908,11.022385873485048,1.6157002995722565,13.373952561717749,11.759818043212215,11.022385873485048
2799,27.98,20.835158202001367,17.737951246670242,10.930183112518028,1.6228411787864259,13.179908840852503,11.871180117244807,10.930183112518028
2800,27.99,20.566203131697645,17.366131774474486,11.017539582222414,1.57622594816868,13.30913267405663,11.155694522205714,11.017539582222414
2801,28.0,20.821695740149657,17.796402782232295,10.808841820839127,1.6464671310039303,13.501306007085306,11.594252373072083,10.808841820839127
2802,28.01,20.866490634709397,17.77355032940468,10.932124226175516,1.6258094000476395,13.324551616472851,11.762457886506205,10.932124226175516
2803,28.02,20.849053292373114,17.74378717256813,10.947193245888231,1.6208526490781279,13.107325367546803,11.959933316480377,10.947193245888231
2804,28.03,20.613432455766574,17.489158259850118,10.910680133262415,1.602939326076702,13.435708154962251,11.196088737267333,10.910680133262415
2805,28.04,20.71890420259707,17.626011845813263,10.890211098396808,1.6185188410542437,13.521906718781846,11.30638458028524,10.890211098396808
2806,28.05,20.947633523346266,17.813152890185,11.022474057094177,1.6160757374357593,13.485599592419307,11.638170797940987,11.022474057094177
2807,28.06,20.903001028643978,17.709229304756473,11.10489304023437,1.594723086534359,13.23968930284473,11.761268202561503,11.10489304023437
2808,28.07,20.930630545887507,17.817948692666526,10.982349449637008,1.62241684025593,13.201066331608803,11.967085832522521,10.982349449637008
2809,28.08,20.36530678635142,17.10861418210936,11.047218711962646,1.548680679561729,13.153008595947833,10.940888634256176,11.047218711962646
2810,28.09,19.923348158418857,16.60938752391385,11.003092652614857,1.5095199184718917,13.137998911584184,10.16192592566772,11.003092652614857
2811,28.1,19.903720243475785,16.51069946968668,11.115524393938223,1.4853729688804138,12.92255284009079,10.276712756196583,11.115524393938223
2812,28.11,20.024863423653976,16.55546600478453,11.265509331602306,1.4695710169395269,12.952960168792929,10.310396573422388,11.265509331602306
2813,28.12,20.778579651669784,17.309051863804907,11.495481543497755,1.505726558588188,13.105745797500301,11.306754773815133,11.495481543497755
2814,28.13,19.771522556958573,16.055756301612405,11.538015158750452,1.3915527134175838,13.017352198583826,9.398715452379186,11.538015158750452
2815,28.14,19.613551992480907,15.877183107545713,11.515488627549278,1.3787676425264022,12.63184031735564,9.618812485300017,11.515488627549278
2816,28.15,19.406450267626603,15.516348260866488,11.655610178680915,1.3312343174660377,12.709962397906729,8.900220176843465,11.655610178680915
2817,28.16,19.66578367467686,15.900101918764959,11.572804608739998,1.3739194997517632,12.558664531295426,9.751573525205837,11.572804608739998
2818,28.17,19.427423249061164,15.715082862350785,11.421950128047783,1.3758668779126229,12.768577025364092,9.161182790333115,11.421950128047783
2819,28.18,19.261592316872775,15.697474639466336,11.162357659774374,1.4062866571669799,12.840847123253631,9.029028475639985,11.162357659774374
2820,28.19,19.146515499302946,15.493658311443049,11.248804731761492,1.377360411252942,12.709894166080437,8.860701899893865,11.248804731761492
2821,28.2,19.244775810276106,15.486538530301683,11.424907891850584,1.3555066418827124,12.63445256983441,8.95563978234516,11.424907891850584
2822,28.21,19.313293040904608,15.456210111358235,11.580537857863158,1.3346711785811836,12.259204799016038,9.413093471448942,11.580537857863158
2823,28.22,19.403007026361777,15.623973496859882,11.505135107179942,1.3580000018521747,12.324293564543806,9.6031419840344,11.505135107179942
2824,28.23,20.051615175928674,16.459994851760044,11.45145583074772,1.4373713783678186,12.279862718978057,10.960675258533117,11.45145583074772
2825,28.24,19.699789575468927,16.08477502569174,11.373729453905495,1.4142041175569349,12.458961602643107,10.173213032812273,11.373729453905495
2826,28.25,19.68358829976035,16.06672477453598,11.371191818528713,1.4129323496553952,12.519822427091396,10.069443449108174,11.371191818528713
2827,28.26,19.823798938768217,16.140869505266576,11.508924188587885,1.4024655337700176,12.607682930277342,10.078392704972249,11.508924188587885
2828,28.27,19.379116024020902,15.618860448372553,11.471762557110706,1.3615048577423086,12.716644545809975,9.06839308815282,11.471762557110706
2829,28.28,19.56235244112091,15.893208156633206,11.405769045555722,1.3934359088943697,12.510616092127501,9.80196666518881,11.405769045555722
2830,28.29,19.786813240858493,16.181977381472116,11.386904155833477,1.4211042053236338,12.808641731936662,9.889139950337732,11.386904155833477
2831,28.3,19.85115714756035,16.207721137120974,11.462033660675509,1.414035381236682,12.921273727631986,9.78421737873221,11.462033660675509
2832,28.31,19.78799750227815,16.115258119569777,11.483174686897637,1.4033800372258876,13.175782006576442,9.279025421645098,11.483174686897637
2833,28.32,20.118384573284025,16.48702904893971,11.529408960478893,1.4299977653195237,13.377777457558732,9.636243934055182,11.529408960478893
2834,28.33,19.96272004997431,16.286224373980087,11.544223119553058,1.4107683302131655,13.369191656209017,9.300850435265279,11.544223119553058
2835,28.34,20.006509923719033,16.417921299916404,11.432947980185137,1.4360181930654201,13.242250310066296,9.705202034774851,11.432947980185137
2836,28.35,20.492844974461015,16.871798325645212,11.631814837163096,1.450487182081047,13.396625768204496,10.256119966533342,11.631814837163096
2837,28.36,20.782659084752133,17.186765418036625,11.684776981115677,1.4708680744025302,13.826348720677998,10.208672126619874,11.684776981115677
2838,28.37,19.992206974824377,16.30957824618417,11.562266090858333,1.4105866547284605,13.452696534964412,9.221024807826973,11.562266090858333
2839,28.38,20.286702419706096,16.611754615845093,11.644737165288808,1.4265461195090097,13.539626296908617,9.624391469444259,11.644737165288808
2840,28.39,19.98455565337675,16.3490069493321,11.493147368480198,1.4225004191775206,13.497044296527426,9.226040509714107,11.493147368480198
2841,28.4,19.687404991664128,15.977712107352065,11.502461959092798,1.3890688936138182,13.444034851699382,8.633956861817019,11.502461959092798
2842,28.41,19.29787854730157,15.549828318230144,11.428515026020216,1.3606166927922485,13.300969948633146,8.054896594742239,11.428515026020216
2843,28.42,19.654011732947097,16.01573152181059,11.391949833988246,1.4058815001122233,13.321468636932536,8.890564072877499,11.391949833988246
2844,28.43,19.2691664671309,15.374619096972918,11.615587112195302,1.3236196283897674,13.103093237105265,8.042876350953719,11.615587112195302
2845,28.44,19.518035330574673,15.7170463288162,11.572733379085786,1.3581101209175013,13.45762042150065,8.118989955220014,11.572733379085786
2846,28.45,19.719718578420565,15.78685633656673,11.817041415714346,1.3359398330933587,13.071280319571425,8.852483481971705,11.817041415714346
2847,28.46,20.018342469651255,16.308953639754648,11.608275772421013,1.4049419534382122,13.164939568102396,9.626335491342399,11.608275772421013
2848,28.47,20.00601147130855,16.244368298802858,11.677371003910858,1.3910980727907394,12.995772265235559,9.746250800040265,11.677371003910858
2849,28.48,20.989792199674923,17.527435657787915,11.548176299643112,1.5177665462493493,13.140252159623998,11.599343684855286,11.548176299643112
2850,28.49,20.476617304527284,16.795113111644053,11.713924696836168,1.4337733549013056,13.248326369847558,10.322677599873,11.713924696836168
2851,28.5,21.039227243697685,17.44513807370053,11.760792515875577,1.4833301454941754,13.695942709373918,10.805276290406612,11.760792515875577
2852,28.51,20.849028034578925,17.149235364283943,11.856883924836705,1.446352639782642,13.64829588788764,10.383655085579274,11.856883924836705
2853,28.52,21.2830836735864,17.78403235187745,11.69178531979852,1.5210707231993477,13.75925579418069,11.267417036878012,11.69178531979852
2854,28.53,21.278106197793573,17.91984991359274,11.473307388843532,1.5618730768965299,13.60865408686463,11.658711544152393,11.473307388843532
2855,28.54,21.086912780081477,17.593284832642926,11.624724486724833,1.5134367143697944,13.492852951204492,11.290110293512454,11.624724486724833
2856,28.55,20.427187519721137,16.930187759576743,11.429730197661225,1.4812412425134087,13.387742633016067,10.363378057691717,11.429730197661225
2857,28.56,20.63027713312461,17.02892815125811,11.64576921499019,1.4622415949423788,13.442965353515296,10.453280656564154,11.64576921499019
2858,28.57,20.120525216611785,16.37187294371208,11.696038274016505,1.399779357774781,13.697662005430958,8.9672894048327,11.696038274016505
2859,28.58,20.267274358355337,16.62441349178718,11.592725562650575,1.4340383891556694,13.840399106479364,9.20947753780207,11.592725562650575
2860,28.59,20.311611270529916,16.801022188085984,11.414342111596287,1.4719220804690225,13.679980442461313,9.753588142752054,11.414342111596287
2861,28.6,19.85453191741843,16.314322649824337,11.31571094263263,1.4417408444359543,13.55005740562528,9.085871880388305,11.31571094263263
2862,28.61,20.260874044600538,16.738918866009058,11.415411172986007,1.46634392860249,13.733118804089171,9.570415493363203,11.415411172986007
2863,28.62,20.054765971389422,16.315015816331435,11.662499606861912,1.3989295919660398,13.639056524613162,8.952981526036563,11.662499606861912
2864,28.63,20.24916896902763,16.614204594925436,11.575709464831512,1.4352644773438308,13.69144798401733,9.411484815000728,11.575709464831512
2865,28.64,20.049651814820194,16.320765020807382,11.645650133466704,1.4014473072572875,13.350645009880058,9.387632751901538,11.645650133466704
2866,28.65,20.271329250872895,16.748732685426326,11.41957718260299,1.4666683728835397,13.538954259040867,9.859856192636249,11.41957718260299
2867,28.66,19.833888273592013,16.27242055169446,11.339817169519208,1.4349808562552324,13.420047054537992,9.202934731116724,11.339817169519208
2868,28.67,19.490046784612712,15.782707053965463,11.435387256892577,1.3801637582892157,13.297228271063798,8.50162115472766,11.435387256892577
2869,28.68,19.4807709890609,15.924000038815262,11.221704910219676,1.4190357139326641,13.448955301915403,8.526393054701973,11.221704910219676
2870,28.69,20.0741005407376,16.73564211306169,11.085476786460635,1.5096907815008862,13.74666566956801,9.545202978753478,11.085476786460635
2871,28.7,19.49351372420978,16.044223369926375,11.071584067867763,1.4491353063461203,13.622207991265446,8.476588522913893,11.071584067867763
2872,28.71,19.685733593846397,16.381036671060745,10.91740558508548,1.5004514161715543,13.670064945409369,9.025945202965,10.91740558508548
2873,28.72,19.26041254881148,15.936401157033345,10.816404657395214,1.4733547478863571,13.406206815506422,8.616408802846049,10.816404657395214
2874,28.73,19.064024686227864,15.637721945953762,10.904067570321706,1.434118217362844,13.301711959019881,8.222092593630371,10.904067570321706
2875,28.74,19.255499160935425,15.773422346040606,11.044156619235883,1.4282142937531004,13.107169017198778,8.775133780242756,11.044156619235883
2876,28.75,19.26076681928318,15.728756393596534,11.116805331465331,1.4148629866781424,13.060052089259909,8.765204910036141,11.116805331465331
2877,28.76,19.157354999899617,15.620473312698618,11.090764810392884,1.408421653487869,13.247894731684854,8.276017864343117,11.090764810392884
2878,28.77,18.99032620630841,15.272685563514605,11.286166979981138,1.3532216553772918,13.157623450948128,7.754474156578723,11.286166979981138
2879,28.78,18.982166714308686,15.432116389295338,11.053164113368213,1.3961718319762406,13.240927603029213,7.9264148556643725,11.053164113368213
2880,28.79,19.256899177987133,15.694810078957941,11.158006207947807,1.40659628489708,13.405278864846212,8.16244828285406,11.158006207947807
2881,28.8,19.6750118948974,16.106682768794517,11.299595711784201,1.4254211548469002,13.618590019333325,8.599955563832694,11.299595711784201
2882,28.81,19.651423813942486,16.015141418062242,11.38831432981427,1.406278484616031,13.574199931247541,8.49857934404639,11.38831432981427
2883,28.82,19.699536909585653,16.17993415201603,11.237503516731497,1.439815714222092,13.715760226097157,8.583017568651837,11.237503516731497
2884,28.83,20.039827398598977,16.597800030970102,11.229769200547587,1.4780179124394435,13.766038150083196,9.272710473131637,11.229769200547587
2885,28.84,19.825851613031496,16.53119223159529,10.944591156547922,1.5104440170617996,13.63920398012525,9.340900994363018,10.944591156547922
2886,28.85,19.902145620463013,16.608170532462655,10.96649770267401,1.5144461780549145,13.695609652407086,9.394764748744628,10.96649770267401
2887,28.86,20.057698185870454,16.738831830198837,11.050916951809612,1.5147007169805775,13.360555074735064,10.083851403836182,11.050916951809612
2888,28.87,19.825425432643556,16.431272994395776,11.093275502255858,1.4811921862983044,13.183423089390391,9.8073486663057,11.093275502255858
2889,28.88,20.68268839794122,17.434744291935925,11.126692718015542,1.5669296109621897,13.466505443565866,11.073551357338042,11.126692718015542
2890,28.89,20.27220302988913,17.07188355189627,10.932200495579089,1.5616145677899,13.423389928162113,10.548071427802444,10.932200495579089
2891,28.9,20.69506208684012,17.447101059396395,11.130330606113032,1.567527657248029,13.539160186510435,11.00420268900939,11.130330606113032
2892,28.91,20.26812397351398,16.970011215080376,11.082218585002659,1.531282846021964,13.536825397950217,10.234043129934703,11.082218585002659
2893,28.92,20.071014020024087,16.77641751225458,11.01804970248915,1.5226304078538075,13.661429933208117,9.737223255401275,11.01804970248915
2894,28.93,19.716329281217938,16.25246357786947,11.162036909786584,1.4560481845047235,13.443825202802513,9.132696002083156,11.162036909786584
2895,28.94,20.337441723644243,16.99207280347491,11.175016675783267,1.5205411585915078,13.364246281389299,10.494163115225716,11.175016675783267
2896,28.95,20.012621400280377,16.685457508007836,11.049910545313255,1.5100083787632887,13.605406041548573,9.659058892880232,11.049910545313255
2897,28.96,20.17088303881843,16.814453432335103,11.141753826823102,1.5091388387935227,13.723719010833166,9.715213880294256,11.141753826823102
2898,28.97,19.92149258562421,16.55688176410212,11.078607001271548,1.494491298608372,13.80795623132819,9.136228897317665,11.078607001271548
2899,28.98,19.821654882370833,16.448244017613334,11.061341284530675,1.487002669433612,13.779901879352721,8.981037549101114,11.061341284530675
2900,28.99,19.630875082330032,16.159963991699353,11.145708603988641,1.449882153380207,14.000111284476917,8.071017298660797,11.145708603988641
2901,29.0,19.830562708673295,16.463810725177435,11.054146450457239,1.489378741177835,14.20043603311842,8.330947128855131,11.054146450457239
2902,29.01,19.981399442736688,16.685290728707614,10.993516134008345,1.5177392314995395,14.29167871035519,8.61085630709725,10.993516134008345
2903,29.02,19.62365717206422,16.38959055882903,10.792091647157644,1.518666732518494,14.224857170242219,8.14076883176683,10.792091647157644
2904,29.03,20.25249553665212,17.051693252204174,10.92718320038832,1.5604838812987236,14.50488916323654,8.96484428919368,10.92718320038832
2905,29.04,19.937016459750904,16.77006807808991,10.78190344849221,1.555390303595708,14.509864478957512,8.408270698904579,10.78190344849221
2906,29.05,19.68815780801478,16.5280075274064,10.698061742544336,1.5449534621470147,14.31619198256506,8.259641635346076,10.698061742544336
2907,29.06,19.811490121740643,16.596919968122542,10.818381968462859,1.5341406891072022,14.26813190889703,8.47809909464257,10.818381968462859
2908,29.07,20.00059703601338,16.719044489392648,10.977132283009837,1.523079439907089,14.144791491516148,8.913547122208024,10.977132283009837
2909,29.08,19.994086399941718,16.696398070628756,10.999717379798383,1.517893368905337,14.292390836461387,8.631180261744642,10.999717379798383
2910,29.09,19.900367972328695,16.588582467583695,10.99288757107342,1.509028666065387,14.489857392138264,8.076205856670649,10.99288757107342
2911,29.1,19.559797314512895,16.184861493110827,10.983438871029614,1.4735695881005635,14.202912964090856,7.760605961240496,10.983438871029614
2912,29.11,19.478887567981165,16.05543178172825,11.029513642419667,1.4556790355631666,13.892196597985262,8.048836150690128,11.029513642419667
2913,29.12,19.742410289954368,16.51572801421248,10.816352999854116,1.5269220609234215,14.100504292604791,8.599130801056393,10.816352999854116
2914,29.13,19.741907098946,16.59108629705788,10.699474350966623,1.5506449899156953,14.0872665973777,8.764306266375467,10.699474350966623
2915,29.14,19.64532998783412,16.564585981265537,10.56188816453553,1.5683356728663091,14.22721845193898,8.483617380077076,10.56188816453553
2916,29.15,19.599234531079794,16.390563568992597,10.74613512361925,1.5252519515567313,13.943364304359347,8.615867105817317,10.74613512361925
2917,29.16,19.419192317885383,16.18114707994629,10.736643304877196,1.5070955251531815,13.750055411242156,8.530269457093642,10.736643304877196
2918,29.17,19.299565931781167,15.79069889204907,11.096263950348714,1.4230644623006492,13.46898828325418,8.242119031227428,11.096263950348714
2919,29.18,19.299840211654203,15.771328736404902,11.124253776484673,1.4177426237563533,13.586353132590178,8.009108481492065,11.124253776484673
2920,29.19,19.550410784728903,16.168017905076617,10.991531234216922,1.470952277763189,13.965814969767264,8.146214777987542,10.991531234216922
2921,29.2,19.516916377556388,16.279442309015774,10.765211702328756,1.5122268617805414,14.038418378542481,8.242757507143684,10.765211702328756
2922,29.21,19.638741545311124,16.382154801226832,10.830751292138961,1.5125594115633623,14.138749874544489,8.274705306923478,10.830751292138961
2923,29.22,19.533063595447388,16.232193463852752,10.865379366402633,1.4939371113028141,14.008859063495679,8.19975441016735,10.865379366402633
2924,29.23,19.643025517987574,16.37093713508526,10.85545341380992,1.5080841408483903,13.940103466636035,8.583769452891636,10.85545341380992
2925,29.24,19.593694773939166,16.256225450669483,10.938373233314765,1.4861648166436898,14.083202604230797,8.119622547334394,10.938373233314765
2926,29.25,19.51540166482044,16.025873468257927,11.136529159422295,1.439036636894979,13.765038999669898,8.206846029881403,11.136529159422295
2927,29.26,19.354063308276476,15.727065866273362,11.280033944039047,1.3942392322839026,13.755344853057501,7.62437464554079,11.280033944039047
2928,29.27,19.570168105335316,15.956865157592816,11.330045631571132,1.4083672455059728,13.84551285068871,7.932422048719633,11.330045631571132
2929,29.28,19.54911646307184,15.828701233755485,11.472583481468071,1.3796980653332314,14.096667532534964,7.199426867790728,11.472583481468071
2930,29.29,20.10300335546894,16.361392593850738,11.68056404031422,1.4007365172932693,14.392178914363223,7.782053309189835,11.68056404031422
2931,29.3,20.080435573647303,16.28048471115616,11.754561259239356,1.385035506821603,14.415409552110551,7.566382879230294,11.754561259239356
2932,29.31,19.881704880839575,16.037057356968926,11.751382059063902,1.3646954270029423,14.399957238378509,7.05892627837843,11.751382059063902
2933,29.32,20.169106498211615,16.428017105305344,11.700987604642481,1.4039855147600846,14.455657464950276,7.8047237791117485,11.700987604642481
2934,29.33,19.754497329051308,15.944900169018936,11.661917652063709,1.3672622843634388,14.063840497857852,7.513203833970802,11.661917652063709
2935,29.34,20.03160513404064,16.47118534294178,11.400230596114413,1.4448115942984276,14.251128710467286,8.258648623063895,11.400230596114413
2936,29.35,19.85046933606719,16.141472696205277,11.553960016366826,1.397051112634974,14.2234445893751,7.631563720189761,11.553960016366826
2937,29.36,19.75531931787648,15.872396450698444,11.76178865067381,1.3494883237669082,14.21246075585673,7.066748074707126,11.76178865067381
2938,29.37,19.83761043951758,15.935629902846465,11.814672553632725,1.348799962970336,14.029149780415604,7.558257526649859,11.814672553632725
2939,29.38,19.645899805953825,15.652644743048969,11.8724930715279,1.3183957782705693,13.92402293811435,7.1503057746479595,11.8724930715279
2940,29.39,19.87708754027516,15.9112199124044,11.913508718377964,1.3355611926366835,13.84455393648339,7.841890422640231,11.913508718377964
2941,29.4,19.64520409930022,15.920036758047635,11.510276874409858,1.383115013804902,13.871160713034845,7.812712131567789,11.510276874409858
2942,29.41,19.410966158547925,15.544735112344696,11.625266340834118,1.3371508795237936,13.920307204342482,6.9183695369424205,11.625266340834118
2943,29.42,19.598517067081758,15.885277875184912,11.478667956555576,1.3838955822493915,13.978136045001264,7.546771884671993,11.478667956555576
2944,29.43,19.398408991624176,15.6682458409069,11.436972662170236,1.3699644393426182,13.991410518895693,7.0522591715585285,11.436972662170236
2945,29.44,19.594808949996146,16.02997528254491,11.269269285443855,1.4224502828457835,13.95874002875849,7.88122353245587,11.269269285443855
2946,29.45,19.56035324190662,16.04324003044311,11.190257739380032,1.4336792238470768,14.071677969577506,7.705415614677723,11.190257739380032
2947,29.46,19.559360203297985,16.003049479210517,11.245931661196275,1.42300788954894,14.075972278645215,7.613448433191849,11.245931661196275
2948,29.47,19.200517438463343,15.73366270209724,11.005077368259125,1.4296730659501145,14.208821504801634,6.757035849250204,11.005077368259125
2949,29.48,19.182428977007167,15.67630236133664,11.05527592300959,1.4179928633630217,14.103286005981385,6.844251570298852,11.05527592300959
2950,29.49,19.042853121706116,15.447799111015089,11.13533823647014,1.387277043854932,13.850344630106262,6.841231687464267,11.13533823647014
2951,29.5,19.131532188449054,15.60465405260436,11.068436916575017,1.40983358085877,13.841753715228666,7.204934572112025,11.068436916575017
2952,29.51,19.10537494658324,15.581086186862871,11.056450835918435,1.4092303595513238,13.90530256142964,7.029424403003939,11.056450835918435
2953,29.52,19.308946573275804,15.762671214869581,11.15229186945631,1.4134019625185827,13.910561412555303,7.41337204081958,11.15229186945631
2954,29.53,19.39263312944594,15.889768627322573,11.117080222047491,1.4293113218531825,14.072030800016268,7.379884565034754,11.117080222047491
2955,29.54,19.457419957918493,15.975436239095583,11.107503247327749,1.4382562744637473,14.095023857501424,7.519632004684409,11.107503247327749
2956,29.55,19.350586424410604,15.912193641054643,11.011234649128324,1.445087144911065,14.039845763901882,7.488700648060797,11.011234649128324
2957,29.56,19.23924006850207,15.828146488216076,10.937007687710047,1.4472099627398287,14.052352121993707,7.284340813822887,10.937007687710047
2958,29.57,19.372156084717297,15.791578978139047,11.220804995536028,1.4073481345074093,13.914043947795445,7.468155571599992,11.220804995536028
2959,29.58,19.128286581708142,15.537705638676318,11.15665949277838,1.3926844006249144,13.804587342056884,7.1311755573451325,11.15665949277838
2960,29.59,19.171544206969177,15.61486205766673,11.12313760590119,1.4038181141787307,13.84920149793592,7.212734221467581,11.12313760590119
2961,29.6,19.226196078268785,15.704526069774074,11.091189141107659,1.415946105505301,14.002591697867475,7.11052493273362,11.091189141107659
2962,29.61,18.97171633373699,15.452549326404853,11.006577122920993,1.403937768647912,13.944517698659055,6.6582059773455065,11.006577122920993
2963,29.62,19.066327599463865,15.825145433945773,10.634360353333095,1.4881144618148796,13.942406714700008,7.486289001062066,10.634360353333095
2964,29.63,19.363826372915025,15.96569697918603,10.956928938767906,1.4571324746568406,13.944262940149612,7.775667886886629,10.956928938767906
2965,29.64,19.368857642992438,15.926787094701192,11.022254725534436,1.4449663423042467,13.936097038756964,7.710236474083642,11.022254725534436
2966,29.65,19.302706169814744,15.880258380081102,10.973233764942227,1.4471812703759264,14.144580605613143,7.2189643100273475,10.973233764942227
2967,29.66,19.117474238112376,15.83298358737917,10.714217282035687,1.4777545732552966,14.111660541497885,7.179443295949189,10.714217282035687
2968,29.67,18.991704646933982,15.741616382274996,10.624799248440663,1.481591888391237,13.959806570007883,7.274770570586626,10.624799248440663
2969,29.68,19.00127892520198,15.685757799895207,10.724066534498542,1.4626688252478912,14.085326761469931,6.902649330481182,10.724066534498542
2970,29.69,18.924959361264957,15.686410218171941,10.587285832202749,1.4816271579689928,14.038392438796405,6.999071600370507,10.587285832202749
2971,29.7,18.91539429624759,15.721381398106786,10.518094329191852,1.4946986503509256,13.892465564123116,7.3594316094649255,10.518094329191852
2972,29.71,19.00467754930538,15.698977790136768,10.710735973679144,1.4657235346586701,14.026209883514564,7.051477856364994,10.710735973679144
2973,29.72,18.724465899140945,15.438279916308245,10.595524358605648,1.4570567150618958,13.995321793686946,6.517012710240614,10.595524358605648
2974,29.73,18.70978062608409,15.371134279942305,10.66696404907104,1.4410036641382455,13.998600270727467,6.349091235161642,10.66696404907104
2975,29.74,19.156737486661605,15.878220741145176,10.717401608054681,1.481536413566127,14.212392039074812,7.07995808124425,10.717401608054681
2976,29.75,19.327860491271394,16.096354606818114,10.69923172669959,1.5044402269230392,14.269262350049013,7.448542381829371,10.69923172669959
2977,29.76,19.36180980274095,16.214238308726355,10.581973110216552,1.5322509460047704,14.378311546670924,7.494376625112919,10.581973110216552
2978,29.77,19.124407161775594,15.947148365734256,10.556107629738948,1.5107034642965864,14.200744352481806,7.256059594173468,10.556107629738948
2979,29.78,19.057909387943802,15.862031658291839,10.564083581192643,1.5015056948745837,14.046133654485624,7.369543926796209,10.564083581192643
2980,29.79,18.983794011209717,15.826832723764802,10.483119812060222,1.50974452333903,14.140778801238769,7.1082352915803675,10.483119812060222
2981,29.8,19.016884700183073,15.896063973908461,10.438249558113982,1.5228668260332927,14.201819641603079,7.140950127956883,10.438249558113982
2982,29.81,19.023068261001402,15.941383158969908,10.38024224387994,1.5357428838781433,14.178059437534037,7.287683281183494,10.38024224387994
2983,29.82,19.148269151449142,16.02451520813256,10.481942751258815,1.5287733951998657,14.013768100732513,7.771704528259132,10.481942751258815
2984,29.83,19.26945646846042,16.16133278007904,10.493963758343835,1.540059900362152,14.17950838000227,7.75436775823166,10.493963758343835
2985,29.84,19.26795879707019,16.054342201303193,10.654216662385364,1.506853362385893,14.146504946882114,7.590671992938731,10.654216662385364
2986,29.85,19.177229573446613,15.925786891495045,10.68341920919328,1.4907012988679327,14.044574015112254,7.508703539716366,10.68341920919328
2987,29.86,18.96868841373016,15.555091108924072,10.855886915874361,1.432871512891144,13.862474675039264,7.056391095370477,10.855886915874361
2988,29.87,19.41298575765666,15.928664066508015,11.096921964369969,1.435412821469937,13.920317861925577,7.742550585344559,11.096921964369969
2989,29.88,19.4469368487726,15.963856663677072,11.105792777722929,1.4374351280620792,13.987131038382959,7.694471060022965,11.105792777722929
2990,29.89,19.121810116656942,15.736953660586094,10.862408187048104,1.4487536639757472,13.869655823256782,7.435345174222467,10.862408187048104
2991,29.9,19.471286846953543,16.00737343661301,11.08580205204667,1.4439526667948859,13.993385606832822,7.773105145157102,11.08580205204667
2992,29.91,19.204125155282494,15.765274920202728,10.966062632968171,1.4376422466169665,13.745905001704356,7.719714307776699,10.966062632968171
2993,29.92,19.194900399487164,15.659503016757371,11.100638117441685,1.410684940008327,13.924381729509365,7.1646094229022,11.100638117441685
2994,29.93,19.525917403921152,15.955076504566101,11.255975488521363,1.417476123756381,14.087548709777858,7.490356307692809,11.255975488521363
2995,29.94,19.51374960874953,15.908790287441587,11.300301561603423,1.4078199772559217,14.21646566455183,7.14014792692803,11.300301561603423
2996,29.95,19.741584059316125,16.16048117660499,11.338826628520277,1.4252339951963744,14.218410080103764,7.68101338713895,11.338826628520277
2997,29.96,19.77330952346848,16.162193766866903,11.391543449117766,1.4187887566823623,14.283767301160589,7.562440019203256,11.391543449117766
2998,29.97,19.493621625430745,15.811438581409345,11.401740834705073,1.3867565322377664,14.14259851159897,7.070254405139783,11.401740834705073
2999,29.98,19.555606253173043,15.9341847978577,11.336820134273154,1.4055250598610032,14.155116589049873,7.316482728926823,11.336820134273154
3000,29.99,19.464662848826276,15.836880835197778,11.316638424471428,1.3994333158998564,13.998940093322123,7.405165146830493,11.316638424471428
3001,30.0,19.754757877766668,15.971526424051145,11.625867816856521,1.3737921913144229,13.99225918856797,7.701060908348872,11.625867816856521
3002,30.01,19.557084540348388,15.922375286229679,11.355946502286645,1.4021178492716158,13.834056908881054,7.882950221673231,11.355946502286645
3003,30.02,19.513739972980936,15.91922161954132,11.285585087227082,1.4105800892466394,14.036671337558037,7.509558890737087,11.285585087227082
3004,30.03,19.525975893583958,15.907551800012362,11.323141363011652,1.4048709002235207,14.05632972387059,7.447804976226798,11.323141363011652
3005,30.04,19.819318184666546,16.198524687245317,11.419858635804475,1.4184522947121585,14.06674535132472,8.03236436326692,11.419858635804475
3006,30.05,19.75486123228632,16.25111269047003,11.23191340015284,1.4468694790906145,14.253609374834198,7.805977419131748,11.23191340015284
3007,30.06,19.94895120056492,16.504689882216805,11.205171390673629,1.4729529167179103,14.377150689153567,8.105697142721345,11.205171390673629
3008,30.07,19.871633111702433,16.48393470814871,11.09782406887038,1.48533033195097,14.330095909927463,8.14668366114641,11.09782406887038
3009,30.08,19.776696882229714,16.284185718870038,11.222434452690896,1.4510386126572958,14.179680597189796,8.006957142905794,11.222434452690896
3010,30.09,19.705643074767522,16.039761752148554,11.447201051979718,1.40119507636101,14.177398053944597,7.5016892421437715,11.447201051979718
3011,30.1,19.93297832026777,16.40270643012507,11.325848598820253,1.448254078889386,14.235774453964085,8.148098178638364,11.325848598820253
3012,30.11,19.736585703408075,16.139579857605916,11.359875758472594,1.4207532019501579,14.219501873215803,7.634906971119617,11.359875758472594
3013,30.12,20.017967228447343,16.549894256795614,11.261439164159938,1.4696073934729794,14.486345354693885,8.002799396189774,11.261439164159938
3014,30.13,19.951115224551238,16.57736120242528,11.101265435419752,1.4932857248447975,14.56014279350877,7.925348337348305,11.101265435419752
3015,30.14,19.8450919210304,16.49882044605038,11.027991532601755,1.4960857013061137,14.409449639114136,8.036095893457441,11.027991532601755
3016,30.15,20.148188040462532,16.708745261894894,11.259099124128104,1.4840215080874692,14.630423627736649,8.070493956373445,11.259099124128104
3017,30.16,19.96061694273927,16.656898491409144,10.998816362757486,1.514426456633115,14.615614466226546,7.989748502158095,10.998816362757486
3018,30.17,19.819248052249407,16.596552405054112,10.833145509171583,1.532016014277949,14.602585628543007,7.8873344480107255,10.833145509171583
3019,30.18,20.229413792542793,17.044592293271542,10.895460336583714,1.5643755992613615,14.917964581810455,8.244541174601558,10.895460336583714
3020,30.19,20.108235584560003,16.819411039447534,11.020369803698769,1.5262111289407396,14.777613061003825,8.032106817836695,11.020369803698769
3021,30.2,20.18939449402819,16.87882985262071,11.077759378221561,1.5236682145131106,14.73379313402088,8.23469714546924,11.077759378221561
3022,30.21,20.429793113733098,17.203001140451896,11.019673245225878,1.5611171726806745,14.995396853921942,8.430973931389964,11.019673245225878
3023,30.22,20.471794412481408,17.132795794998867,11.20543059028854,1.5289725510278402,14.955401200786211,8.358747913213632,11.20543059028854
3024,30.23,20.424671603884573,17.176440901088256,11.051564961486275,1.554208925246934,14.892464483879968,8.558307287364213,11.051564961486275
3025,30.24,20.322601768292497,17.151922768207715,10.900444393970512,1.5735067441557846,14.946281460591837,8.414102753551974,10.900444393970512
3026,30.25,20.43801879227261,17.255647264710312,10.95240839401015,1.5755116723137708,15.001362284086415,8.527396563177657,10.95240839401015
3027,30.26,20.19633384049529,17.08549904736336,10.76929073334363,1.5865017920320075,14.894458177864324,8.370746280069941,10.76929073334363
3028,30.27,20.312016615770663,17.37275133349946,10.524520421555385,1.6506929187878372,14.888296370058866,8.952715794265957,10.524520421555385
3029,30.28,20.278160930124596,17.365016801648828,10.47186717765678,1.658254111425283,14.841498150301177,9.01519501598012,10.47186717765678
3030,30.29,20.05605577125948,17.018511827088567,10.612051087849004,1.6036967487439897,14.685248890214384,8.600767979733593,10.612051087849004
3031,30.3,20.386826507291932,17.30884719228539,10.771559957245518,1.6069025527395917,14.912344643590986,8.787386890119787,10.771559957245518
3032,30.31,20.203810353895403,17.130211115498156,10.712134239012995,1.5991408185598424,14.727411397053986,8.749142038134995,10.712134239012995
3033,30.32,19.970572093311542,16.815805987464486,10.772762817685505,1.5609557429277283,14.793146223246257,7.995883680100746,10.772762817685505
3034,30.33,20.264472356619546,17.103342762017753,10.86850984528849,1.5736603274488516,14.845950086136863,8.492473118885798,10.86850984528849
3035,30.34,20.433773627238814,17.248161058509112,10.956278782003059,1.5742718309469443,14.94559721248825,8.609772579013544,10.956278782003059
3036,30.35,20.595405535848563,17.420342351537617,10.9864644695774,1.5856185945693682,15.123935412810662,8.644935238271412,10.9864644695774
3037,30.36,20.54500231644386,17.332027148507215,11.031679614006757,1.5711140782679187,15.169893383052958,8.38292907183386,11.031679614006757
3038,30.37,20.53715185075391,17.188969789072242,11.238946735850583,1.5294110910092638,15.114311581104422,8.186468581685942,11.238946735850583
3039,30.38,20.651429862800427,17.237101400605308,11.373824804498081,1.515506146515325,15.083147830469281,8.343639267068015,11.373824804498081
3040,30.39,20.56145712868445,17.193463679424447,11.276450060149289,1.5247230810861077,15.039359197968423,8.332638730328481,11.276450060149289
3041,30.4,20.73493069079692,17.513322750200434,11.100489944117964,1.5777071857517933,15.255404499165522,8.601692119549991,11.100489944117964
3042,30.41,20.897436478198216,17.566333630967144,11.319309790171936,1.5518908799739033,15.304375413304797,8.622770462158838,11.319309790171936
3043,30.42,20.84954387584813,17.671560521109676,11.064331366136601,1.5971647934546775,15.262909250368008,8.906607236556061,11.064331366136601
3044,30.43,20.760711539204973,17.55806934019087,11.077966630168552,1.5849541640949791,15.287637151239478,8.635620955495503,11.077966630168552
3045,30.44,20.525777605947614,17.35298857744148,10.962724741596233,1.5829083541246325,15.12746169978072,8.502124151674206,10.962724741596233
3046,30.45,20.54098895955918,17.34060203025893,11.010710633965092,1.574884910404222,15.166652995513651,8.40649247222032,11.010710633965092
3047,30.46,20.677622545612344,17.55366583364598,10.928535580740258,1.606223057422389,15.168450763428263,8.834550675431247,10.928535580740258
3048,30.47,20.41423270064386,17.317801570309665,10.809007610665153,1.602163879801726,15.017077758129858,8.62517401765909,10.809007610665153
3049,30.48,20.29865502389018,17.167990611622233,10.830304434232351,1.5851807967057479,15.053483270972116,8.254243941834515,10.830304434232351
3050,30.49,20.288696179570803,17.21987429544035,10.728798717291868,1.6050142004888819,15.153083851319462,8.179738415478125,10.728798717291868
3051,30.5,20.24405754253326,17.165178883152993,10.732124658927344,1.599420378412621,15.049510709058161,8.255640102898449,10.732124658927344
3052,30.51,20.458906581789805,17.45090897403445,10.678606393269025,1.6341934828719005,15.198441092372168,8.575640639726531,10.678606393269025
3053,30.52,20.266021343502853,17.30311908597783,10.550530365426324,1.6400236278812557,15.079678155314207,8.485354255166353,10.550530365426324
3054,30.53,20.32869242091187,17.30476062637467,10.667754928189558,1.6221558090584567,15.088591284881415,8.472848008428315,10.667754928189558
3055,30.54,20.295295780980208,17.26997224712314,10.660538889806162,1.619990548848995,14.99456668948798,8.568250183724846,10.660538889806162
3056,30.55,20.446614090031,17.3811514980288,10.76845394424035,1.6140804973517426,15.150456650407712,8.518690667088784,10.76845394424035
3057,30.56,20.3413473312331,17.28181627405625,10.728897311449504,1.6107728289666543,14.940586781896886,8.685622622635838,10.728897311449504
3058,30.57,20.32517983599875,17.288011244701377,10.688199220110416,1.6174858728468555,14.939383344547094,8.700009085144112,10.688199220110416
3059,30.58,20.382678574352315,17.39570211244891,10.622764888686064,1.6375870401665826,15.099606266512827,8.637843630290256,10.622764888686064
3060,30.59,20.26171948155931,17.330253202175935,10.497599739839146,1.6508776893451538,14.99579699755683,8.686987306287191,10.497599739839146
3061,30.6,20.558512350371238,17.589067919803774,10.643172448706084,1.6526151393837578,15.257584687122973,8.751081064802273,10.643172448706084
3062,30.61,20.41726611982876,17.422042168540283,10.645994668677584,1.6364879666715446,15.236698634726602,8.44811032343425,10.645994668677584
3063,30.62,20.057801691881952,17.08046642609265,10.515373287619619,1.6243328656912739,15.070672097470716,8.038480942528617,10.515373287619619
3064,30.63,20.176694745068076,17.1773001768532,10.58486511345027,1.622817106570954,15.06236758761799,8.257404193885396,10.58486511345027
3065,30.64,20.374283251965128,17.355776993306137,10.6718519006746,1.6263135166080243,15.153955905796751,8.460532811031609,10.6718519006746
3066,30.65,20.30407592640356,17.274036833554014,10.670667771895998,1.618833722763792,15.078154542011529,8.428618162795006,10.670667771895998
3067,30.66,20.402539653024828,17.361658242999017,10.716176899741567,1.6201354648613269,15.242566550756953,8.312120180341536,10.716176899741567
3068,30.67,20.57531219974384,17.51220916692452,10.801203738973385,1.621320140803954,15.33975410149063,8.44804202238108,10.801203738973385
3069,30.68,20.463527787910657,17.433162733968445,10.716380294556805,1.6267771630709402,15.246930492244308,8.452589749520369,10.716380294556805
3070,30.69,20.49645753434996,17.488049716427675,10.689849791889745,1.6359490597983555,15.417385651855447,8.254459555065242,10.689849791889745
3071,30.7,20.559109441986767,17.632346583551232,10.572480078255936,1.6677587900889108,15.447961080698217,8.500596713860972,10.572480078255936
3072,30.71,20.423680626129755,17.47344622596735,10.573807606835643,1.6525216720106863,15.286082441237927,8.465046167118649,10.573807606835643
3073,30.72,20.23409925166784,17.342363760222952,10.424067907225599,1.6636848411359477,15.110537326341714,8.510537145276329,10.424067907225599
3074,30.73,20.518889282922682,17.53287297312389,10.659417559751615,1.6448246702826828,15.388802810047785,8.401570255920234,10.659417559751615
3075,30.74,20.608084169595852,17.71281905837703,10.533241388401898,1.681611424749131,15.461785925655557,8.641593312810098,10.533241388401898
3076,30.75,20.727893545471893,17.934441576163163,10.392371056866937,1.7257314503135137,15.491838280862739,9.035880772144221,10.392371056866937
3077,30.76,20.60210962218518,17.692351895459264,10.555927495572051,1.676058489685607,15.298915441422544,8.886084734514066,10.555927495572051
3078,30.77,20.510159053215208,17.764713889713473,10.250929948292839,1.7329855905094698,15.26290748740555,9.090033807103163,10.250929948292839
3079,30.78,20.23236955595169,17.306278027441888,10.480530458210739,1.651278825670858,15.0769235691406,8.496683756231633,10.480530458210739
3080,30.79,20.859460646385948,17.88469342660791,10.73568067214985,1.6659114566441784,15.356006969268327,9.16816824254086,10.73568067214985
3081,30.8,20.88027131980014,17.925344657438256,10.708302820732989,1.6739669168425009,15.536109682388217,8.941324120327671,10.708302820732989
3082,30.81,20.904854919444922,17.96080396968027,10.69684439289261,1.6790749972593892,15.48847242420504,9.093827643073219,10.69684439289261
3083,30.82,20.767523836692455,17.76443586699627,10.757084392853196,1.6514173560633796,15.37534192221231,8.897979683483443,10.757084392853196
3084,30.83,20.723413016719597,17.674151846866256,10.820545437058948,1.6333882565969924,15.331425974803118,8.793350958833507,10.820545437058948
3085,30.84,20.970436616460347,17.853604371714034,11.00036466774145,1.6230011377777045,15.623698299333611,8.640094936578327,11.00036466774145
3086,30.85,20.926894556688662,17.81605127421751,10.978307373234639,1.6228413605592285,15.438313969315285,8.892139494541901,10.978307373234639
3087,30.86,20.91622170308015,17.765125399948595,11.040319282362368,1.609113373046153,15.372510847615127,8.904245656755771,11.040319282362368
3088,30.87,20.940829008387684,17.8489185756815,10.951457676365422,1.6298212624426824,15.43087003783674,8.970626744921475,10.951457676365422
3089,30.88,20.817766521341547,17.67321823700415,11.001670786035756,1.6064122059929735,15.377238232142624,8.711095637444657,11.001670786035756
3090,30.89,20.954432051559955,17.830668081982274,11.007065837616377,1.6199292658944953,15.373711818976414,9.032259360585611,11.007065837616377
3091,30.9,20.70156191297434,17.59479492987828,10.90769714523828,1.6130622894640259,15.1826488335814,8.891793014944726,10.90769714523828
3092,30.91,20.69145486705223,17.525099241992386,11.000327316656414,1.5931434345100195,15.059390726461956,8.963473344046593,11.000327316656414
3093,30.92,20.73618625717564,17.60327167845279,10.95966453441262,1.6061870893200867,15.132234378842652,8.993923309056543,10.95966453441262
3094,30.93,20.620824607304268,17.464147316869063,10.964577783932233,1.5927788247771348,15.129098120819332,8.723922945322581,10.964577783932233
3095,30.94,20.596723062206767,17.35291621342511,11.095102513771021,1.5640158522092982,14.932344936701359,8.840179624957932,11.095102513771021
3096,30.95,20.462530674643055,17.328712394574005,10.882595662655362,1.5923326503840523,14.754670272456417,9.08757274551096,10.882595662655362
3097,30.96,20.73299226840939,17.62556231474773,10.91771594661027,1.6144001548437528,14.996464076696753,9.261021115805708,10.91771594661027
3098,30.97,20.62539249382007,17.50649628431674,10.905475843416161,1.6052941234000109,14.873458819220442,9.233506100379717,10.905475843416161
3099,30.98,20.747834454974072,17.576133220433576,11.025070321253306,1.5941969264859581,14.886739019977755,9.343739098107381,11.025070321253306
3100,30.99,20.604345925954643,17.452250929747663,10.95253434240338,1.5934440727732073,14.790898127765008,9.263390043011029,10.95253434240338
3101,31.0,20.543629256804433,17.332290761719296,11.028707992881614,1.571561308260793,14.828486287159485,8.973533165944351,11.028707992881614
3102,31.01,20.62324214343143,17.441225806226782,11.005533103072072,1.5847688288137773,14.842433746970272,9.15961342473519,11.005533103072072
3103,31.02,20.25741880847513,17.102707817824864,10.856353074586059,1.5753640011820427,14.74123041049734,8.671720745418186,10.856353074586059
3104,31.03,20.60221133940242,17.38946863816938,11.047963276347605,1.5739976865598562,15.009688385488317,8.78082422602876,11.047963276347605
3105,31.04,20.544085814283736,17.380267085882394,10.95380198689238,1.5866880838890551,14.91355692824642,8.925217292848398,10.95380198689238
3106,31.05,20.41793219068411,17.076605301252545,11.192922153245227,1.5256610443146366,14.75651628877273,8.593932489492323,11.192922153245227
3107,31.06,20.128208135616397,16.820949385856228,11.054430085226336,1.5216478150543953,14.57241554474114,8.40172859790911,11.054430085226336
3108,31.07,20.44524580803002,16.95761254707368,11.421359501132008,1.4847280260631808,14.782344107595824,8.309207301620155,11.421359501132008
3109,31.08,20.291629273419208,16.72901994758654,11.484341956034529,1.456680758168835,14.558152569171307,8.24137744430379,11.484341956034529
3110,31.09,20.153748931574945,16.653925433024252,11.349905888077943,1.4673183722622498,14.55886747049848,8.08656974898462,11.349905888077943
3111,31.1,20.053516922896247,16.45547550849623,11.461276838387896,1.4357454008423378,14.290514436697476,8.158668478695548,11.461276838387896
3112,31.11,19.89932916165203,16.395698494576706,11.27671813776996,1.4539423876935755,14.29047276085114,8.037494472560242,11.27671813776996
3113,31.12,20.069917735060443,16.409959147698782,11.554862122195606,1.4201778415146187,14.353227862703699,7.954345299925638,11.554862122195606
3114,31.13,20.118067379518504,16.56358420515074,11.41859506969782,1.4505798746735903,14.513360876535247,7.982147442172135,11.41859506969782
3115,31.14,20.08124541395791,16.613039254834415,11.28110562369382,1.4726428250030636,14.481882583547902,8.140525174643285,11.28110562369382
3116,31.15,20.07598819890196,16.583007084829635,11.315881679610342,1.4654631034813599,14.421083023684067,8.187092792897916,11.315881679610342
3117,31.16,19.684486346559478,16.112508887196572,11.307787585902828,1.4249037457410048,14.022985464534882,7.935289616733084,11.307787585902828
3118,31.17,19.980501917355106,16.641777581145167,11.057653268624641,1.5050008511629778,14.246713963601264,8.601157032611058,11.057653268624641
3119,31.18,20.3338906751988,17.13617099185518,10.946175301393522,1.5654939300737885,14.348431944257191,9.36861019592121,10.946175301393522
3120,31.19,20.263083924352937,16.930580806227987,11.133193777580399,1.5207299131289842,14.433620830361722,8.849585084147376,11.133193777580399
3121,31.2,20.11852268590542,16.833173072795482,11.018132299287572,1.527770098919933,14.438832945606075,8.653081466597175,11.018132299287572
3122,31.21,19.812495787840252,16.455314802058194,11.034382815017443,1.4912764110071508,14.352859195494448,8.04815619562307,11.034382815017443
3123,31.22,19.44553296560731,16.063778547510697,10.958274092805663,1.465904065865345,13.920291991640395,8.016885435812162,10.958274092805663
3124,31.23,19.56976036876372,16.19536391860654,10.985704730909736,1.474221664909556,14.097013901457892,7.972704153435364,10.985704730909736
3125,31.24,19.53560353929365,16.091819347118477,11.076694260661258,1.4527637008334133,14.019826166657957,7.898805236046108,11.076694260661258
3126,31.25,19.44308018410113,15.983657002539722,11.070504770359344,1.4438056198968514,13.977185211360128,7.753424065674007,11.070504770359344
3127,31.26,19.591111259843995,16.183659987676332,11.040869069003143,1.4657958432920282,14.087031430090411,7.9665799490346405,11.040869069003143
3128,31.27,19.55303064247681,16.13110835576459,11.050264726250626,1.459793838010422,14.184489429086593,7.681986489284453,11.050264726250626
3129,31.28,19.395974841117493,16.03216433832617,10.916663714989363,1.4685956036470058,14.032636145711846,7.753413195048919,10.916663714989363
3130,31.29,19.524146651547905,16.17168823893673,10.939323652483482,1.4783078691766633,14.026504948625815,8.048643328135505,10.939323652483482
3131,31.3,19.58263819168139,16.34563801190786,10.784240192520356,1.5156967686276805,14.197882066271399,8.099384349972295,10.784240192520356
3132,31.31,19.50829827092062,16.135735399365924,10.964111662549497,1.4716865256381257,14.163608681014878,7.730080595273927,10.964111662549497
3133,31.32,19.458207784486074,15.976514258870933,11.107332817572729,1.4383753977007652,13.973423776420898,7.7454784118517415,11.107332817572729
3134,31.33,19.553115095153814,16.0915325943255,11.107965101227672,1.4486481050023317,13.946272211633417,8.027385167865159,11.107965101227672
3135,31.34,19.771959456585204,16.302555043913177,11.187362503871507,1.4572295336163017,14.083258740977602,8.211889197650985,11.187362503871507
3136,31.35,19.588157483680966,16.032436585182214,11.254194362440943,1.4245743470263748,13.998420264496758,7.815577583033492,11.254194362440943
3137,31.36,19.27740290169418,15.650451455093462,11.255293505102838,1.390496964650276,13.745196853476104,7.483728629996393,11.255293505102838
3138,31.37,19.462023388427554,15.814084166898459,11.343945360144874,1.3940550368356586,13.674324078413306,7.9434324467622055,11.343945360144874
3139,31.38,19.328522919982372,15.690632784013433,11.286976614910067,1.3901537426139563,13.524676015141711,7.9548158902772625,11.286976614910067
3140,31.39,19.04979777182178,15.370187448408949,11.253982981508285,1.36575534845433,13.284835922560836,7.730187365767091,11.253982981508285
3141,31.4,19.070216217445875,15.452877669942469,11.175048917026226,1.3828017921602627,13.32764884456313,7.820818662916411,11.175048917026226
3142,31.41,19.099955488978992,15.432886548620377,11.253191212202474,1.3714231152391354,13.237903357115949,7.932962998164436,11.253191212202474
3143,31.42,19.4493078099566,15.710166286284169,11.465873256919382,1.3701674468452245,13.574382036899927,7.908569849156565,11.465873256919382
3144,31.43,19.153170793590327,15.39763913641382,11.391078108468001,1.3517279918366452,13.455598963367517,7.485596002473387,11.391078108468001
3145,31.44,19.062150956387928,15.226309548410578,11.46843915361206,1.327670604906593,13.262812437950133,7.479191714334801,11.46843915361206
3146,31.45,19.00142460138717,15.283330744210492,11.290435697760831,1.3536528751712877,13.25805716500003,7.6029020016386495,11.290435697760831
3147,31.46,19.21327812996676,15.433140454526717,11.444135275778155,1.3485632669155359,13.344137735221846,7.7534387462968635,11.444135275778155
3148,31.47,19.116893950835692,15.377260495624697,11.357618323275283,1.353915940643288,13.397971507193757,7.546820512157694,11.357618323275283
3149,31.48,19.352854208797876,15.683888857427844,11.337927338576321,1.3833118160904738,13.535463576031146,7.9231051661632925,11.337927338576321
3150,31.49,19.411730186514575,15.54481199451878,11.626439217968082,1.3370226002209729,13.569525523643264,7.583479215250008,11.626439217968082
3151,31.5,19.380366440620865,15.578530137460916,11.528573291130408,1.35129731529281,13.69596811581226,7.423682281350139,11.528573291130408
3152,31.51,19.50839674837647,15.517878763502727,11.822562428394976,1.3125647555247821,13.513596218776913,7.628058636024456,11.822562428394976
3153,31.52,19.39031927565639,15.422368446759407,11.753086109796506,1.3121973499287525,13.572784634667384,7.3231800311433775,11.753086109796506
3154,31.53,19.39444902230706,15.324823123983755,11.886734164499517,1.2892374736327752,13.635435896750698,6.994647359730847,11.886734164499517
3155,31.54,19.427434836116156,15.393314323620654,11.852050389943285,1.2987891391925068,13.58860775474165,7.23214111820005,11.852050389943285
3156,31.55,19.542078656514704,15.605236045546746,11.763054287903973,1.326631303707721,13.760154696637734,7.360810740796829,11.763054287903973
3157,31.56,19.78831612446064,15.737289598556648,11.996464943171787,1.3118272485357516,13.907446887834237,7.365134416350396,11.996464943171787
3158,31.57,19.741145301847357,15.671286836310385,12.005148342387733,1.3053805242021261,13.884128685519762,7.267750804055022,12.005148342387733
3159,31.58,19.60986451744049,15.456805811028074,12.06788881754138,1.2808210321394995,13.737285943576078,7.0851831863585835,12.06788881754138
3160,31.59,19.60239025466446,15.528084353218246,11.963791205780167,1.2979233828250054,13.816568120324028,7.086878654041354,11.963791205780167
3161,31.6,19.74909577904311,15.560161111262184,12.161750296786332,1.2794343520910687,13.838644593471948,7.114107788331974,12.161750296786332
3162,31.61,19.633526073889755,15.54518076033951,11.992610275602186,1.2962299618761637,13.87829540098797,7.003253646309397,11.992610275602186
3163,31.62,19.356956293470514,15.220901897833526,11.95892563585273,1.2727649925509552,13.752231145653745,6.523188875081215,11.95892563585273
3164,31.63,19.46099196309193,15.459749582415684,11.820590130637596,1.3078661396393239,13.728050920859316,7.109463767774304,11.820590130637596
3165,31.64,19.037602063497424,14.908824076608497,11.838803021455343,1.2593185349557203,13.462444994930827,6.405904315998104,11.838803021455343
3166,31.65,19.2809351812369,15.211727337870231,11.847270270461049,1.2839858457350994,13.597568379679519,6.819294887424085,11.847270270461049
3167,31.66,19.324152158147022,15.35231504097152,11.735811838725855,1.3081596102548203,13.798807042901887,6.729524597622156,11.735811838725855
3168,31.67,19.459857191824206,15.490386183300243,11.778538866022949,1.315136483353186,13.860905412846478,6.915733167488628,11.778538866022949
3169,31.68,19.365051888482753,15.295139740915292,11.877033928953106,1.2877911970622344,13.583676802779083,7.030293323309332,11.877033928953106
3170,31.69,19.457625567782287,15.526394478011275,11.727329928385064,1.3239496605643266,13.85103082130826,7.0155449306513304,11.727329928385064
3171,31.7,19.33862272645596,15.472585304879347,11.600923796811639,1.333737345049347,13.979268868651676,6.631812566313561,11.600923796811639
3172,31.71,19.37503959187669,15.477232288441629,11.65536099296839,1.327906728738728,13.843091635894984,6.921960218796004,11.65536099296839
3173,31.72,19.40740070534731,15.577003303631338,11.576017027310115,1.3456271934364044,13.939415996451741,6.952389056950634,11.576017027310115
3174,31.73,19.406677909929748,15.616121744799443,11.521974186369164,1.3553338596500049,13.848013351671904,7.217740959629592,11.521974186369164
3175,31.74,19.497095034787737,15.793629693537373,11.432321544592735,1.3814892829888477,13.97425029918262,7.359284440241448,11.432321544592735
3176,31.75,19.527133358762352,15.935289472973725,11.28607489889298,1.4119425589260242,14.071690728187335,7.478032537888146,11.28607489889298
3177,31.76,19.712037482511203,16.07134147219219,11.41386897577337,1.4080537902007277,14.240359101833274,7.449844922321468,11.41386897577337
3178,31.77,19.51732600596541,15.80558788567921,11.450301568570332,1.3803643328542194,14.018752246707281,7.300081770594693,11.450301568570332
3179,31.78,19.19813897382735,15.458075163222091,11.384922147584717,1.3577673138943231,13.75998843747215,7.043777818220588,11.384922147584717
3180,31.79,19.384962884820155,15.554723445116533,11.568377785661957,1.344589858086699,13.671880937602253,7.418159682972999,11.568377785661957
3181,31.8,19.299395846330675,15.406369108398067,11.623702978361218,1.325426943296701,13.58139362063723,7.273373111941707,11.623702978361218
3182,31.81,19.53254610268713,15.674636204491504,11.654447095870418,1.3449489345612613,13.715817724219747,7.587526889516456,11.654447095870418
3183,31.82,19.377408626192185,15.57811638845081,11.524159615967992,1.3517789502729218,13.81516318854686,7.198539871803132,11.524159615967992
3184,31.83,19.50830144965231,15.739982185779933,11.52505037914528,1.3657191654677383,13.876757261132957,7.428502347328391,11.52505037914528
3185,31.84,19.645618517528185,15.77169161713577,11.713414125276012,1.3464641007699478,13.788890378333937,7.655896982086454,11.713414125276012
3186,31.85,19.652524824242875,15.841503202527516,11.630499054287947,1.3620656455568905,14.006699738981679,7.4003774321111555,11.630499054287947
3187,31.86,20.000038825669876,16.321402614043333,11.559124955575225,1.4119929213301872,14.467230062582507,7.555622913169341,11.559124955575225
3188,31.87,19.959505264792814,16.24094610522647,11.602306668176864,1.3998032089405634,14.394566250861972,7.520956910022581,11.602306668176864
3189,31.88,19.921513830522567,16.15228700794462,11.660631960262076,1.385198251946337,14.376940381099592,7.362062269861922,11.660631960262076
3190,31.89,20.15749512139781,16.255922671038867,11.919294764472484,1.3638325917983378,14.477760684111672,7.392527812621718,11.919294764472484
3191,31.9,20.12660153648087,16.04927448573464,12.144993943589316,1.3214724157360473,14.479438418166032,6.922793844467013,12.144993943589316
3192,31.91,20.091795656953877,16.143043715496272,11.961705242998054,1.3495604002569634,14.604642832579207,6.877664438835063,11.961705242998054
3193,31.92,20.270846821693148,16.356335023655237,11.974035888642403,1.3659834642027027,14.803417347627926,6.956186472342411,11.974035888642403
3194,31.93,20.21312624495349,16.24414123799814,12.029062641552578,1.3504079014340826,14.667122703302896,6.9819507421843365,12.029062641552578
3195,31.94,20.105500900045694,16.240243325616948,11.852664812880363,1.3701765452751669,14.725670376638039,6.848367340749967,11.852664812880363
3196,31.95,20.055044625731757,16.281906684352343,11.709155804844972,1.390527801979992,14.66965000926796,7.064124424409727,11.709155804844972
3197,31.96,19.967630575150835,16.34650543886944,11.46725907628804,1.4254936886069567,14.765284890662487,7.013886380642487,11.46725907628804
3198,31.97,19.88678412790377,16.21223699731207,11.517272007416992,1.4076455767365372,14.63358302609102,6.978171413451741,11.517272007416992
3199,31.98,19.880756521813062,16.238398504492494,11.469912549313904,1.4157386496781814,14.543711733190653,7.2226058325618645,11.469912549313904
3200,31.99,19.87499879657404,16.1985815880109,11.516142223000458,1.4065979105102144,14.522011085115098,7.176715091686442,11.516142223000458
3201,32.0,19.86558529275512,16.164634149268057,11.547557397304656,1.399831461590404,14.486142341129053,7.172661796866707,11.547557397304656
3202,32.01,19.749756885141718,16.087395999356353,11.456377568066438,1.4042306046370572,14.368350543523503,7.235662561129747,11.456377568066438
3203,32.02,19.53753086686319,15.77148044583936,11.531501069684666,1.3676866828119403,14.101452333636743,7.063188906978501,11.531501069684666
3204,32.03,19.596598532206535,15.74987056542663,11.66054249187349,1.3506979264818157,13.92887942204847,7.3515128289167,11.66054249187349
3205,32.04,19.481792954001822,15.468500641289872,11.843384001754307,1.3060879085739845,13.522332230423286,7.511394220758275,11.843384001754307
3206,32.05,19.410216698777145,15.416020899620632,11.79418551303764,1.3070865200974928,13.5293283882999,7.389923797921233,11.79418551303764
3207,32.06,19.46591830900842,15.44032172170494,11.85404744141155,1.3025358467661359,13.59486712838632,7.320049359893314,11.85404744141155
3208,32.07,19.580135673841514,15.49439591441609,11.971023692791151,1.294325056239483,13.715902710751923,7.20765687181778,11.971023692791151
3209,32.08,19.650536235612833,15.63372756298847,11.905046695976775,1.313201700273194,13.895026712006644,7.165310194706664,11.905046695976775
3210,32.09,19.91475735302442,15.899850183692061,11.991343734794189,1.3259439922113914,14.146835192922193,7.2575677666936445,11.991343734794189
3211,32.1,19.670035327952693,15.589563834353093,11.994823435863365,1.299690980672696,13.833173082262793,7.1887288877471285,11.994823435863365
3212,32.11,19.61937533775644,15.505190054568134,12.02118837783882,1.2898217353578874,13.707131179288998,7.2474459958003115,12.02118837783882
3213,32.12,19.748056225044394,15.740175878712368,11.926130469465608,1.3198057759817263,13.906826598527935,7.372469779610805,11.926130469465608
3214,32.13,20.09080291297163,16.153296916544303,11.946186019555762,1.352171889011401,14.22906078389105,7.646099036918988,11.946186019555762
3215,32.14,19.768517172240426,15.901445406749593,11.744713924371542,1.3539236041971519,13.959051912471427,7.61582797394778,11.744713924371542
3216,32.15,19.61804440178263,15.83546414168427,11.580403342187454,1.3674363209781832,13.93472584772359,7.522322788298336,11.580403342187454
3217,32.16,19.4124973988729,15.798844162398737,11.280140885356282,1.400589258854787,13.973985930644789,7.370969683691702,11.280140885356282
3218,32.17,19.310894650652504,15.789725200669931,11.117339173378147,1.4202791652233113,13.790871884575305,7.6894261538753,11.117339173378147
3219,32.18,19.565865441255784,16.045426398286665,11.196757662934967,1.433042214658483,14.030577453511672,7.7845105577579154,11.196757662934967
3220,32.19,19.385533576948713,15.903941072620396,11.084384079488766,1.4348060260786197,13.87024079906461,7.781501257298975,11.084384079488766
3221,32.2,19.1472434010942,15.729831299274153,10.917386919822919,1.4408055164476383,13.620917982851592,7.867540022653515,10.917386919822919
3222,32.21,19.361683873757798,15.94184194202423,10.987833176875677,1.4508631215456071,13.766360915936641,8.039255664342,10.987833176875677
3223,32.22,19.57006091440573,16.04204133772285,11.208933665266384,1.4311835377733593,13.840000247805033,8.111811352710644,11.208933665266384
3224,32.23,19.43426463876318,15.954706158024418,11.096755988151621,1.4377811114401176,13.524604328800836,8.463907273729076,11.096755988151621
3225,32.24,19.351796749349827,16.038609396555483,10.828436916419136,1.4811564697981638,13.646142319178505,8.427324081818815,10.828436916419136
3226,32.25,19.30412438453917,15.972541093065932,10.840993925101147,1.4733465587581636,13.559761014435578,8.441264727579208,10.840993925101147
3227,32.26,19.424910144552253,16.093958970262914,10.877114451334187,1.4796165878615748,13.76822612075989,8.333754545469358,10.877114451334187
3228,32.27,19.50816846818646,16.120513415349027,10.98624977909644,1.4673354183173188,13.885819829725715,8.188709326312912,10.98624977909644
3229,32.28,19.277386522350625,15.989848420500143,10.767654276653511,1.4849890245054973,13.646711679068707,8.333217437397197,10.767654276653511
3230,32.29,19.487615446668137,16.26955042118699,10.727016588486885,1.5166892198758049,13.928795720816336,8.407551407830606,10.727016588486885
3231,32.3,19.34640225241573,16.09642566896652,10.732584068886302,1.4997716827236383,13.749063720911842,8.370075633760433,10.732584068886302
3232,32.31,19.363659446284384,16.13064792541456,10.712306224991764,1.505805340756767,13.711003754979838,8.497421875169541,10.712306224991764
3233,32.32,19.57472878201206,16.292830253429795,10.849593965778359,1.5016995386942975,13.98363104172717,8.361481959313283,10.849593965778359
3234,32.33,19.478802153066134,16.197549076570727,10.81957195227134,1.497060063745904,13.92806804866342,8.26858612579674,10.81957195227134
3235,32.34,19.43788172611924,16.074720604746815,10.928613977898959,1.4708837403585557,13.827083840777924,8.198072638173551,10.928613977898959
3236,32.35,19.39279310812255,16.125233371789598,10.772988129565936,1.4968208613852165,13.747327887690528,8.428174609190487,10.772988129565936
3237,32.36,19.396718698188828,16.127787271153927,10.776231901414958,1.4966072945253053,13.746767638281272,8.433973071020407,10.776231901414958
3238,32.37,19.483983296624743,16.231128407991154,10.778500624226657,1.505879989607155,13.897330795930662,8.385328028477758,10.778500624226657
3239,32.38,19.64342642670922,16.371259097527563,10.855693314715518,1.508080471961692,13.956759803617114,8.557276448877682,10.855693314715518
3240,32.39,19.586189890103835,16.37263657908579,10.749679337561087,1.523081392937666,13.971832047217633,8.535287798027687,10.749679337561087
3241,32.4,19.552303068544102,16.282559880152323,10.824546135217545,1.5042256438981019,13.947990824027672,8.40091115436807,10.824546135217545
3242,32.41,19.295720377298736,16.08658186932829,10.655829795952073,1.5096507899778246,13.828455292045849,8.218998751337706,10.655829795952073
3243,32.42,19.45185449461285,16.09898570615171,10.917751715106604,1.4745696848808136,13.824021566826534,8.250682910328813,10.917751715106604
3244,32.43,19.398058240857363,16.069762685727987,10.864961607851116,1.4790445899151485,13.787571233386547,8.25470485601438,10.864961607851116
3245,32.44,19.68463891853687,16.328161065173123,10.994369721950447,1.4851384370468887,14.057808667234973,8.305832844793398,10.994369721950447
3246,32.45,19.342484471204358,15.952317763597284,10.938704835948371,1.4583369789056237,13.852411570400921,7.9112031774568985,10.938704835948371
3247,32.46,19.47885718019195,16.129554944547404,10.920775354210983,1.4769606022825064,14.055404184374147,7.912531574853352,10.920775354210983
3248,32.47,19.622591993193527,16.20838193440427,11.060491471893105,1.4654305349443983,14.120902685291844,7.956868245989764,11.060491471893105
3249,32.48,19.647522979698252,16.290518290774415,10.983814139710992,1.4831385603911043,14.185392291367252,8.009721076421716,10.983814139710992
3250,32.49,19.893073902037084,16.598756287183786,10.964291084725252,1.5138923400445023,14.344422985175147,8.352020085207064,10.964291084725252
3251,32.5,19.819545392951014,16.368070750603675,11.17589546687325,1.4645869585234295,14.246094599201944,8.05993354608813,11.17589546687325
3252,32.51,19.858643912820348,16.45153354576504,11.12262478234181,1.47910532520016,14.35703864228685,8.032956954404439,11.12262478234181
3253,32.52,19.623465506523733,16.307756922806824,10.91501088558197,1.4940669408171023,14.060383474107585,8.261268208598251,10.91501088558197
3254,32.53,19.459945636358146,16.182380661746755,10.808331984554275,1.4972135094362666,13.854101656919163,8.362613895273723,10.808331984554275
3255,32.54,19.47830324220312,16.107190665595454,10.952748790024135,1.4706071484325498,13.706511091015786,8.46009130268147,10.952748790024135
3256,32.55,19.640609299907396,16.388644757794356,10.824317838756793,1.5140579759321484,13.977510393042753,8.556686286732862,10.824317838756793
3257,32.56,19.651921718989794,16.420315562826268,10.796817311898367,1.5208477728645702,13.603512636535088,9.19626049709471,10.796817311898367
3258,32.57,19.195667850287556,15.875677155462498,10.790576401383264,1.4712538575258467,13.475642024709826,8.393104143661526,10.790576401383264
3259,32.58,19.51561867492676,16.275477071279212,10.768854087943371,1.5113471626940294,13.606539090720336,8.930467393727769,10.768854087943371
3260,32.59,19.13124423267585,15.876440567662232,10.67441524355231,1.4873358591939836,13.2918346817473,8.6826548872802,10.67441524355231
3261,32.6,19.45762960367262,16.266033508055877,10.677804255019876,1.5233500371023236,13.49598823941939,9.079765829945732,10.677804255019876
3262,32.61,19.32546822641363,16.14953810453976,10.614430798688218,1.5214700072787322,13.220556512973804,9.274937545732998,10.614430798688218
3263,32.62,19.24492854833593,16.158606412113418,10.453071971863704,1.54582370193252,13.24528056989867,9.255436446016882,10.453071971863704
3264,32.63,19.24178201609868,16.10636129921773,10.527644601434826,1.529911191818023,13.234070185318133,9.180101340999041,10.527644601434826
3265,32.64,19.406441956708033,16.13118153550375,10.788650132787737,1.4951992452215639,13.22087517693011,9.24248220379192,10.788650132787737
3266,32.65,19.436466605434696,16.052025286955384,10.959412315043314,1.4646793847624249,13.255168424065634,9.053619489613446,10.959412315043314
3267,32.66,19.425144923097566,15.998431759261091,11.017551294530437,1.4520859791416054,13.196968139079225,9.043774139808102,11.017551294530437
3268,32.67,19.20410156084802,15.649945963296213,11.129991379389024,1.4061058476898218,12.811376584713388,8.988294535602902,11.129991379389024
3269,32.68,19.275730604398024,15.807950380930269,11.030072306534226,1.4331683366722467,13.04603322854704,8.927055071276301,11.030072306534226
3270,32.69,19.097328094970784,15.484330542547166,11.177810519779866,1.3852740225956266,12.94561545041684,8.495618456639153,11.177810519779866
3271,32.7,19.02358276799113,15.451744314183586,11.096859870238259,1.392442951868313,12.991043915686276,8.365953641493318,11.096859870238259
3272,32.71,19.50537534901628,15.801958450601111,11.434936669325635,1.3819017024370646,13.1585102372285,8.749599945784759,11.434936669325635
3273,32.72,19.68646220161868,16.089602149338376,11.343786699853231,1.418362542866444,13.53325174132949,8.702091394015373,11.343786699853231
3274,32.73,19.747250080903243,16.181503885227766,11.318693288984015,1.4296265012301825,13.600667556687045,8.767149479740935,11.318693288984015
3275,32.74,19.531896577266778,16.05030089736546,11.130266169731751,1.4420410664583672,13.281035348470356,9.012561176971362,11.130266169731751
3276,32.75,19.61642155380094,16.283294272712368,10.938844646701892,1.4885753293536215,13.52679316483806,9.06485184917204,10.938844646701892
3277,32.76,19.474473808683044,16.054135786705434,11.023604413580234,1.456341790252195,13.340127592722197,8.931756359634315,11.023604413580234
3278,32.77,19.539410734908664,16.08358273238952,11.095356612468372,1.4495778093617688,13.279075165278865,9.07456865445914,11.095356612468372
3279,32.78,19.450196313641033,15.939256734344426,11.146758784320717,1.4299454256393298,13.353153459793338,8.70363130667616,11.146758784320717
3280,32.79,19.761439136293813,16.22049946446415,11.287598232607454,1.4370195616642876,13.491216646087478,9.005091686652275,11.287598232607454
3281,32.8,19.419708386305032,15.790596313811053,11.304076338356122,1.3968939912615077,13.028082579748776,8.922555477047462,11.304076338356122
3282,32.81,19.443255025500854,15.699151237784683,11.470693806384503,1.368631357681839,12.920787334282117,8.917208321503495,11.470693806384503
3283,32.82,19.668014781772314,16.089007270179376,11.312588144015914,1.4222216052910999,13.337810549376188,8.997719971683606,11.312588144015914
3284,32.83,19.642499405008003,16.043918743874688,11.332274891463156,1.4157721108548924,13.399084325976073,8.824503832252317,11.332274891463156
3285,32.84,19.57295896665387,15.830468361427346,11.510733867489245,1.3752788087767973,13.151021388555481,8.81217141117378,11.510733867489245
3286,32.85,19.747729096515712,15.942746994729239,11.653395330607513,1.3680774179912865,13.10417490272034,9.080296352920568,11.653395330607513
3287,32.86,19.477150162286723,15.49642757620822,11.799157208021219,1.3133503777433821,12.581080891144746,9.047412405496894,11.799157208021219
3288,32.87,19.465504306420538,15.594861833184583,11.64929793194248,1.3386954239039017,12.745294382288401,8.986500247867626,11.64929793194248
3289,32.88,19.339285409041878,15.481384856375655,11.590283993982307,1.3357209249068973,12.724280534454461,8.8185011170675,11.590283993982307
3290,32.89,19.720902901559885,15.935866582230508,11.617321874085352,1.3717332406687028,12.973064586043755,9.25480626339571,11.617321874085352
3291,32.9,19.802670581572492,16.002339941762887,11.664942286635496,1.3718319001112196,12.95237123911327,9.39739128141056,11.664942286635496
3292,32.91,19.68536882689187,15.960859504413872,11.522356952079193,1.385207867695312,12.956072466133062,9.32143885738395,11.522356952079193
3293,32.92,19.916339441063926,16.259065593465166,11.502319885965424,1.4135466370835066,13.57411970546926,8.94988760790849,11.502319885965424
3294,32.93,19.71506776826521,16.019370492859995,11.491895671288368,1.3939711037303602,13.19388872968045,9.085236990652724,11.491895671288368
3295,32.94,19.64956352879465,16.005453241070636,11.398719814963364,1.4041448075651362,13.179791050182581,9.081169601192661,11.398719814963364
3296,32.95,19.714119190632008,16.03144533983509,11.473415175017635,1.3972688249565108,13.198515904336649,9.099803163096045,11.473415175017635
3297,32.96,19.923034034518473,16.141946847926377,11.67753557473926,1.3823076576914475,13.396240701639323,9.005730570310346,11.67753557473926
3298,32.97,19.852176938270826,16.136690067854456,11.563570505791859,1.395476428303183,13.22059307093267,9.252496160431505,11.563570505791859
3299,32.98,19.654318127562988,15.814277171687811,11.670512353640898,1.3550628020846203,13.213402565757491,8.68892140016237,11.670512353640898
3300,32.99,19.549650921489537,15.584727984206854,11.802758356010534,1.3204309970703043,13.08149663105513,8.47102073149473,11.802758356010534
3301,33.0,19.54781253036951,15.613111577081298,11.762130827536355,1.3274050260119028,13.232833692772717,8.286215395330322,11.762130827536355
3302,33.01,19.735311866122558,15.864571263677124,11.738735582371206,1.3514718985153686,13.442531013426041,8.42513984058241,11.738735582371206
3303,33.02,19.521599819858807,15.935062291988439,11.27681911166263,1.4130813072551809,13.699019562420046,8.140213343517768,11.27681911166263
3304,33.03,19.461509727484927,15.866403539479062,11.26976484206289,1.4078735237012072,13.70248202213305,7.999046675117871,11.26976484206289
3305,33.04,19.47993305321364,15.887760498748488,11.271506469504969,1.4095507589631238,13.780124218322998,7.907535026364464,11.271506469504969
3306,33.05,19.29139444134112,15.86126339532757,10.980811581820753,1.4444527416886594,13.708070544255042,7.979253000731685,10.980811581820753
3307,33.06,19.233488074696414,15.788191300992718,10.984538177035349,1.4373104309473885,13.54890995693987,8.10518497848617,10.984538177035349
3308,33.07,19.63372450497097,16.04814481585318,11.311064755649765,1.4188005428788029,13.976961579856225,7.885904959217952,11.311064755649765
3309,33.08,19.544474278651567,15.934800245038268,11.316740519230839,1.4080733067935804,13.802622308964994,7.962755568603967,11.316740519230839
3310,33.09,19.59012159065458,16.074381106061313,11.197639751024747,1.4355151142088023,13.800419872076699,8.242216892152957,11.197639751024747
3311,33.1,19.322611066088875,15.790892256587178,11.136023534107464,1.4180009774784295,13.794133468045331,7.685971644814765,11.136023534107464
3312,33.11,19.57460935767116,16.18437017776883,11.01051740175612,1.4699009671595913,13.91390762593523,8.26662038731636,11.01051740175612
3313,33.12,19.448815073730838,16.066785098505626,10.959690888461104,1.4659888916594828,13.863016139453674,8.121475661405963,10.959690888461104
3314,33.13,19.26565103764657,15.980261807542457,10.760880190150445,1.4850329643265958,13.695614998235637,8.234008577704007,10.760880190150445
3315,33.14,19.247692407676116,15.925283779350693,10.81013411423108,1.4731809625179153,13.501363080750993,8.445582183282829,10.81013411423108
3316,33.15,19.377078533139635,16.029039815175675,10.887656087651452,1.4722213565650253,13.462063208075708,8.700745461066049,10.887656087651452
3317,33.16,19.155866248573236,15.689864142390851,10.989785026402702,1.427677075092581,13.358975742166868,8.228584563998805,10.989785026402702
3318,33.17,19.42538663574,15.879812717976217,11.188261437327384,1.4193279989861889,13.653610855238188,8.10847473768779,11.188261437327384
3319,33.18,19.278541778589645,15.614975579406025,11.306401317987078,1.3810738837444716,13.380343293161976,8.049464311529173,11.306401317987078
3320,33.19,19.15260984498247,15.511940680969293,11.233973481551814,1.380806239790637,13.150921357903561,8.226394783144439,11.233973481551814
3321,33.2,19.12937172363862,15.384591681141233,11.368693915560604,1.3532417879668635,13.310772136313892,7.7142080818817504,11.368693915560604
3322,33.21,19.193171426840944,15.372626883274252,11.49174365045346,1.3377105642856604,13.319435984838792,7.675303403654329,11.49174365045346
3323,33.22,18.954498040099654,15.075722621464898,11.48893308331079,1.3121951805398187,13.246466146064094,7.197815446406382,11.48893308331079
3324,33.23,19.11449665790136,15.280592827981836,11.483356012523183,1.3306730899327317,13.188822525908941,7.71696038312021,11.483356012523183
3325,33.24,19.02643582583819,15.1879363707389,11.460010865314457,1.325298601304786,13.105647126059273,7.675638384449063,11.460010865314457
3326,33.25,19.12251623549691,15.240139716634168,11.550271364531344,1.319461615718718,13.24707033193811,7.5350505109929635,11.550271364531344
3327,33.26,19.08852485258747,15.387839415054124,11.2954052244422,1.3623096391226655,13.333552710376273,7.681274242149595,11.2954052244422
3328,33.27,18.920440659742983,15.221662599749925,11.237618184394325,1.354527476372906,13.280794626143463,7.437708410446362,11.237618184394325
3329,33.28,19.513298232606363,15.746239451441467,11.524962084645095,1.3662725600130565,13.630254873656487,7.884174588458532,11.524962084645095
3330,33.29,19.3583441643151,15.393207634769876,11.73859648752503,1.3113328881462716,13.289721160830492,7.767506212067797,11.73859648752503
3331,33.3,19.251918418652398,15.326462807374734,11.650575119392446,1.3155112644923213,13.283099669145503,7.645895981857693,11.650575119392446
3332,33.31,19.3289807636366,15.3414313783207,11.757975192409226,1.304768136288032,13.159368203922376,7.886098224681185,11.757975192409226
3333,33.32,19.4841179982338,15.446623351460955,11.875718134378205,1.3006896237075196,13.307751458795165,7.842316244122906,11.875718134378205
3334,33.33,19.777910401391814,15.838752292800176,11.844815982226129,1.337188548692288,13.610164618820287,8.10120319713654,11.844815982226129
3335,33.34,19.668449396651237,15.74190814599679,11.791532113836201,1.3350180446462265,13.59514939286304,7.935967808826838,11.791532113836201
3336,33.35,19.678444010939522,15.762583034333735,11.7805829557546,1.3380138396830354,13.645883028855568,7.889797226612182,11.7805829557546
3337,33.36,19.596922979047193,15.761572134940925,11.645266595564124,1.3534745645878792,13.633087404693878,7.909872564139285,11.645266595564124
3338,33.37,19.661878743867753,16.046828303517305,11.361724214924177,1.4123585469922793,13.756629926300654,8.261708762318683,11.361724214924177
3339,33.38,19.479435219537237,15.804307575043323,11.38737276748135,1.3878800578282031,13.536816572033953,8.156637482546266,11.38737276748135
3340,33.39,19.49977662805223,15.72171349357451,11.535554315675046,1.3628918960756933,13.387010266556976,8.243799566773864,11.535554315675046
3341,33.4,19.466326215829632,15.705781962469013,11.500707338615262,1.3656361735016604,13.40603844121649,8.182280877924123,11.500707338615262
3342,33.41,19.456442281102415,15.752923724648307,11.419218027662062,1.379509847914999,13.45742329333873,8.18855079843141,11.419218027662062
3343,33.42,19.232892998723592,15.586663791671064,11.267656586254361,1.3833101561406784,13.37423457822957,8.004619766177422,11.267656586254361
3344,33.43,18.984850662033455,15.244833743159885,11.314574618743999,1.347362517536004,12.909925859532038,8.107944878819309,11.314574618743999
3345,33.44,18.8960476779671,15.28761759240114,11.106275982367489,1.376484576528804,12.848764182681652,8.283749792776815,11.106275982367489
3346,33.45,18.697821247700254,15.064637900396844,11.075432467442434,1.3601850712991261,12.76736601261115,7.996104061985103,11.075432467442434
3347,33.46,18.62192512426478,15.118959702491768,10.871667436421788,1.3906753302479513,12.765636345976379,8.100708065833308,10.871667436421788
3348,33.47,18.664789641081253,15.021074184330274,11.0788854446041,1.3558290009800753,12.657752637370713,8.087890195983634,11.0788854446041
3349,33.48,18.94138268565579,15.35130124505148,11.095653569219879,1.3835418661264864,12.899358731274628,8.322799663467105,11.095653569219879
3350,33.49,18.966153135304435,15.399379814815333,11.07131726900084,1.390925708355668,12.927166912180095,8.368348361867957,11.07131726900084
3351,33.5,19.349872167238697,15.797443345436726,11.17400271327136,1.413767631063317,13.108256232232444,8.816622641489335,11.17400271327136
3352,33.51,19.360453408081828,15.737395799326096,11.276592110290267,1.3955808319931335,12.960864353881531,8.926456281466333,11.276592110290267
3353,33.52,19.053035751158394,15.476059316864482,11.113494470948915,1.3925466339430386,12.828736843155045,8.656322717423622,11.113494470948915
3354,33.53,19.242979579796447,15.63926266480277,11.21185651039868,1.3948860878033709,12.821283335826527,8.955513961864547,11.21185651039868
3355,33.54,19.115327259661843,15.533096206799753,11.14085537444384,1.394246284035904,12.747037481326961,8.876379510777042,11.14085537444384
3356,33.55,19.299639277105356,15.687791877826841,11.241408373703806,1.395536160266549,12.665936055804373,9.256396590049748,11.241408373703806
3357,33.56,19.058899099185492,15.331215876189264,11.322343159903602,1.3540674098699366,12.650037421883976,8.661566455743024,11.322343159903602
3358,33.57,19.33338133857424,15.711930003339846,11.265650871249292,1.394675743364084,12.932630236212056,8.92254557865997,11.265650871249292
3359,33.58,19.32992087550143,15.544272244985462,11.49005837352102,1.3528453676795436,12.864788971846536,8.724769586417805,11.49005837352102
3360,33.59,19.153215048629335,15.568769168132885,11.1561226816684,1.3955358516911338,12.788029289942143,8.879914430341486,11.1561226816684
3361,33.6,19.520976403559473,15.997548197573293,11.186910718095737,1.4300237662302926,13.036396166058125,9.272212429364716,11.186910718095737
3362,33.61,19.400504653215197,15.979075096739916,11.002215224770454,1.4523507103155489,12.960637418423586,9.34626763234459,11.002215224770454
3363,33.62,19.367092730813113,16.06487559528693,10.816841172535932,1.4851725507513054,13.066682945063393,9.345695517468728,10.816841172535932
3364,33.63,19.63044116769046,16.330784903485306,10.893102628464163,1.4991858114704837,13.253896319561452,9.540899743431904,10.893102628464163
3365,33.64,19.633425585815324,16.336671067629702,10.889654662192843,1.5002010233022391,13.34909169026494,9.417461049392717,10.889654662192843
3366,33.65,19.920253066320104,16.724468278814346,10.821674686349066,1.5454602696485897,13.611307092871847,9.718032642083678,10.821674686349066
3367,33.66,19.835914364328588,16.600315306418302,10.857855699744379,1.5288760290679784,13.39270216869464,9.808465572817576,10.857855699744379
3368,33.67,20.030279809241357,16.876507016518104,10.78868018609863,1.5642791078619356,13.564402264174063,10.041089596963788,10.78868018609863
3369,33.68,19.56048879900918,16.429278777695515,10.615626260420402,1.5476504517638208,13.266803150956092,9.690878975047504,10.615626260420402
3370,33.69,19.769055653607165,16.56657843464428,10.787216527176804,1.5357602577928444,13.434463928268412,9.69364224588858,10.787216527176804
3371,33.7,19.96962553124951,16.78495691178529,10.819018685991976,1.551430624065542,13.52178526428474,9.944651919351468,10.819018685991976
3372,33.71,19.946748258584254,16.775608691539283,10.791279772097726,1.5545522909075926,13.754222085667665,9.604291842180773,10.791279772097726
3373,33.72,19.72486486197224,16.551286608961075,10.72964143907395,1.5425759288364045,13.764783967911196,9.191072338346004,10.72964143907395
3374,33.73,19.588471721544263,16.400883412898622,10.710707150428776,1.5312605584816175,13.734432070614679,8.964058925574067,10.710707150428776
3375,33.74,19.466526351794887,16.247596185053464,10.721999179843321,1.51535137361304,13.82370383764905,8.537540278179122,10.721999179843321
3376,33.75,19.557781422675045,16.313014426403114,10.788529765500813,1.5120702061339542,13.713466078572212,8.834890366489294,10.788529765500813
3377,33.76,19.222288517730835,15.999442389354808,10.654305190325797,1.5016880128309487,13.453047375478999,8.660119692209868,10.654305190325797
3378,33.77,19.200398000043634,15.998483066114131,10.616205675444451,1.5069869174745758,13.495023240108974,8.592776510864184,10.616205675444451
3379,33.78,19.323550477412606,16.138719345478243,10.62738636453005,1.5185972159008738,13.696793734975802,8.535578685340637,10.62738636453005
3380,33.79,19.190263863201164,15.970866165674819,10.639438944671271,1.501100410343891,13.492117427892195,8.545837196779754,10.639438944671271
3381,33.8,19.406376928685432,16.164512340453058,10.738529056325866,1.5052817993662593,13.726347545025952,8.536910581575702,10.738529056325866
3382,33.81,19.20579264549839,16.03181422440142,10.575604182086256,1.5159241919773527,13.771257472561466,8.208016505230704,10.575604182086256
3383,33.82,19.264464642378208,16.151754537445935,10.49954395769334,1.538329150535252,13.798059009785565,8.395995605071553,10.49954395769334
3384,33.83,19.069646677198346,15.833775439478979,10.627463466196163,1.4898922484977768,13.690922910572441,7.954060254021862,10.627463466196163
3385,33.84,19.15729378595201,15.865873215096341,10.736664860363485,1.4777282723677387,13.847475246568454,7.744247037200289,10.736664860363485
3386,33.85,19.26906805043208,16.024241966319003,10.701432284374054,1.4973922686701644,13.717748362367914,8.282494217437854,10.701432284374054
3387,33.86,19.1284766497709,15.668204082931458,10.972966770953077,1.4278913269296785,13.374235494573108,8.16225729318127,10.972966770953077
3388,33.87,19.078046087277965,15.73002294691304,10.795286962276236,1.4571194820370288,13.444799878026096,8.165229828378395,10.795286962276236
3389,33.88,19.270344698831423,15.791428723646968,11.044318162646247,1.4298237782624057,13.518196082291214,8.162572867346972,11.044318162646247
3390,33.89,18.90604533880505,15.465209189783357,10.875010577888771,1.4220868181247974,13.30442203624009,7.8844815660491365,10.875010577888771
3391,33.9,18.702690061039345,15.23832889512124,10.843613235606156,1.4052814835819272,13.190873052422873,7.6293863207174795,10.843613235606156
3392,33.91,18.768873755400236,15.358985788468516,10.78759368885267,1.423763837559036,13.216195825448423,7.824999191934626,10.78759368885267
3393,33.92,18.792507717159427,15.404363652029854,10.764010719779039,1.4310988769013482,13.330049506571813,7.720375617567006,10.764010719779039
3394,33.93,19.12494553945011,15.70697358567057,10.911210870750304,1.4395261691602232,13.51801974077723,7.99825990506123,10.911210870750304
3395,33.94,18.935902059084587,15.465550473346731,10.926350504519275,1.4154360568013982,13.394189573816679,7.731683975971593,10.926350504519275
3396,33.95,19.085435389619228,15.597928526345438,10.998112097007791,1.4182369109139286,13.44930652406662,7.900096729450838,10.998112097007791
3397,33.96,19.21474638502069,15.81524563995376,10.912583744860301,1.4492668289856245,13.715128887935078,7.875102173267664,10.912583744860301
3398,33.97,19.002860692094757,15.461522790691149,11.047625422510407,1.399533582953227,13.486633033481127,7.561045987644664,11.047625422510407
3399,33.98,19.39625308359153,15.873320323794832,11.146853169434674,1.4240180688232629,13.848861612035305,7.7570181224806305,11.146853169434674
3400,33.99,19.339457062523795,15.811929473387774,11.1354158342566,1.4199675799034386,13.650303435676728,7.980371531786042,11.1354158342566
3401,34.0,19.392272229211862,15.854959963809835,11.166040782562492,1.4199267468707277,13.775968960933994,7.848721847625632,11.166040782562492
3402,34.01,19.409033859584497,15.863415198215302,11.183141491170053,1.418511534593449,13.5846624636813,8.191757290033474,11.183141491170053
3403,34.02,19.214062996885893,15.570675348841633,11.257632345625572,1.3831216787686267,13.412587862763461,7.908755758188185,11.257632345625572
3404,34.03,19.22651399994877,15.538830115051322,11.32270282422886,1.372360500515883,13.40518603490008,7.858513136347471,11.32270282422886
3405,34.04,19.39618766905424,15.817442993655915,11.225889418465563,1.4090146806218904,13.622070270093738,8.03932238526251,11.225889418465563
3406,34.05,19.507156106626375,16.11522804851594,10.992204706637146,1.4660596739783684,13.712539815919653,8.465626193761043,10.992204706637146
3407,34.06,19.365846268090372,15.897415234000846,11.059303348632213,1.4374698597960964,13.544957936537223,8.322374998741612,11.059303348632213
3408,34.07,19.495580025762504,15.875884313558139,11.315208252764437,1.4030571916057732,13.519620897500628,8.322472801117808,11.315208252764437
3409,34.08,19.433064617537376,15.99611388620427,11.0348693226955,1.449597038118516,13.090139041306061,9.193689103928405,11.0348693226955
3410,34.09,19.23612636430655,15.932257561590214,10.779226618580806,1.4780520092347642,13.260260210603029,8.831892784445852,10.779226618580806
3411,34.1,19.16942256014139,15.799591921600445,10.855397569879948,1.4554595370545398,12.971642856454395,9.02017663317619,10.855397569879948
3412,34.11,19.309259685903793,16.00013927515645,10.809396504581814,1.4802065284934658,13.232542262678447,8.99468076647708,10.809396504581814
3413,34.12,19.205526363512377,15.95260858714235,10.694228451131988,1.4917026188508027,13.036714614568572,9.194008526908275,10.694228451131988
3414,34.13,19.257522527043896,16.07137150991688,10.609580183486772,1.514798062880102,13.144865992428738,9.246701046906319,10.609580183486772
3415,34.14,19.211493606885053,16.053709188201598,10.55272040319637,1.5212863200032292,13.373447776675437,8.881017580428672,10.55272040319637
3416,34.15,19.29287694770563,16.142670175962717,10.565476823570018,1.527869536370645,13.385759225935738,9.022596652582472,10.565476823570018
3417,34.16,19.024871493265778,15.896821215178857,10.451641525995631,1.5209879879289596,13.319472878828647,8.677589929093717,10.451641525995631
3418,34.17,19.32408515162312,16.21504092391918,10.51155149265832,1.5425925407152692,13.492378344269275,8.993513150013582,10.51155149265832
3419,34.18,19.34811192045009,16.26255337919138,10.482308547033604,1.551428610045402,13.661606865966677,8.822195885992395,10.482308547033604
3420,34.19,19.445915890557224,16.24707115235506,10.68533217981257,1.520502206103624,13.609578016214048,8.87393414728052,10.68533217981257
3421,34.2,19.45837046155564,16.087402049549365,10.94640015326025,1.4696522897308784,13.580009189200391,8.624839426046027,10.94640015326025
3422,34.21,19.792702276500997,16.452981306129935,11.002293831122058,1.4954137345059428,13.797029523288193,8.963401708803142,11.002293831122058
3423,34.22,19.866395175400953,16.570980452474394,10.957931561608962,1.51223616969198,13.796542338661238,9.17893308908047,10.957931561608962
3424,34.23,19.993433809714386,16.727623750885012,10.950981652448236,1.527499933957549,13.60233117742754,9.736014733491063,10.950981652448236
3425,34.24,20.00498590697969,16.682512670706135,11.04052680492128,1.511025059354048,13.473286287617974,9.837519281818777,11.04052680492128
3426,34.25,19.795473301292898,16.473395235968287,10.976703176353881,1.5007598339231247,13.48967534639374,9.455231866502244,10.976703176353881
3427,34.26,20.00826174387931,16.718188294170787,10.99239365071299,1.5208869719732436,13.762926660810509,9.491031006613582,10.99239365071299
3428,34.27,20.007319922133618,16.727727050572184,10.976155893032875,1.5240059647102977,13.445672874434814,9.95141865424886,10.976155893032875
3429,34.28,20.067675770120214,16.87441210922441,10.861207427479261,1.5536405341575112,13.535201601866131,10.076909329193146,10.861207427479261
3430,34.29,20.022043722541575,16.920273339766247,10.704512363249533,1.580667363966668,13.75614857564726,9.852107706329763,10.704512363249533
3431,34.3,20.104622181029765,17.00851143252982,10.719438972794075,1.5866979116815165,13.909558463112788,9.788444437792196,10.719438972794075
3432,34.31,20.399994829849316,17.204253426976948,10.962365304907097,1.569392457599984,14.239134158346095,9.655744114270501,10.962365304907097
3433,34.32,20.29024884854909,17.01733363213759,11.050092958367664,1.5400172375247978,13.9871207740609,9.692785791469607,11.050092958367664
3434,34.33,20.073675629113037,16.879836006352654,10.863866239119806,1.5537595580448038,13.894712181344547,9.584666765149173,10.863866239119806
3435,34.34,20.514433477389474,17.266630557100566,11.077249211913527,1.5587471426146475,14.179787294182974,9.852419148976871,11.077249211913527
3436,34.35,20.3857475641516,17.1326056117462,11.047738623884781,1.5507794124225724,13.997298044100557,9.87936346695758,11.047738623884781
3437,34.36,20.180709227599603,16.873198337321128,11.070510503059351,1.5241572041920015,13.944957074295461,9.499631273193366,11.070510503059351
3438,34.37,20.03901984175131,16.739059755474624,11.016632639820228,1.5194352305958143,14.105466079350935,9.012876798316418,11.016632639820228
3439,34.38,20.04806158243328,16.752658890467313,11.012410876492202,1.521252619281452,13.944667636984816,9.284278345374062,11.012410876492202
3440,34.39,19.976251914819944,16.688474233871336,10.979320029480883,1.519991601397959,13.86099375814607,9.293977850803344,10.979320029480883
3441,34.4,19.703035138890893,16.25000636241497,11.142122190401718,1.4584300983894607,13.700049204719654,8.739070806829949,11.142122190401718
3442,34.41,19.80238345980314,16.44395973120836,11.033158162896193,1.4904127620057461,13.644177445549616,9.178247843458863,11.033158162896193
3443,34.42,20.005673923481098,16.65186016940465,11.087945798534841,1.5017984820601327,13.676521081081798,9.499327250923098,11.087945798534841
3444,34.43,20.234522060578346,16.905833212450073,11.118843753414819,1.5204668387626146,13.668034273452312,9.949474142230478,11.118843753414819
3445,34.44,20.2303290559418,16.89896560460489,11.121653438498429,1.519465221430823,13.661948387979203,9.946165328899955,11.121653438498429
3446,34.45,20.40859548222724,17.04849254011634,11.218719698200141,1.5196468936514644,13.80922236943026,9.997823535251523,11.218719698200141
3447,34.46,20.428662323754388,16.891468133668678,11.489497318300634,1.470165984264926,13.528087263839515,10.114966667897999,11.489497318300634
3448,34.47,19.805008142502658,16.33166114919274,11.203356266429488,1.4577471929666346,13.139294817973457,9.69959213464295,11.203356266429488
3449,34.48,19.45019111870538,16.06785234680553,10.960568211339309,1.465968920314045,13.272342573969278,9.056533643615891,10.960568211339309
3450,34.49,19.085747804679343,15.584915012946983,11.017086425323265,1.4146131210448127,13.255789795215822,8.195951004357719,11.017086425323265
3451,34.5,19.19493458267604,15.625890184610668,11.147962574914779,1.4016812560684544,13.48672779189851,7.891553556096822,11.147962574914779
3452,34.51,19.237108408970716,15.660691900056317,11.171797937216834,1.4018058676021647,13.297140361211968,8.27304835007733,11.171797937216834
3453,34.52,18.71986147034671,15.140106894589715,11.009558423904576,1.3751783960487152,12.917660611598764,7.89663732883516,11.009558423904576
3454,34.53,18.900197775364553,15.259238080882305,11.152270133871694,1.3682629543322236,12.796199792785178,8.312738277617868,11.152270133871694
3455,34.54,19.12203854939973,15.478500368274462,11.228017840832669,1.3785603645893902,12.9045392683878,8.547329402878416,11.228017840832669
3456,34.55,19.10108629861929,15.50997881822463,11.148634662842122,1.391199845297529,12.898580930489464,8.61313258468661,11.148634662842122
3457,34.56,18.813076985547642,15.274861537166394,10.982279849126824,1.3908643512103605,12.798614272256357,8.337677595685815,10.982279849126824
3458,34.57,19.00843473517011,15.596504641701465,10.865985185090501,1.4353511785661028,13.03481189138774,8.564148293598851,10.865985185090501
3459,34.58,19.013958545358104,15.693404761517698,10.735346596909208,1.4618442562474838,13.105961213741104,8.632307552024553,10.735346596909208
3460,34.59,19.03510312961881,15.692084745016738,10.774675285614729,1.4563858612024478,13.216750470944568,8.45925709702534,10.774675285614729
3461,34.6,18.854186367092115,15.419694291696214,10.849579324364305,1.421225084466552,13.082980726502281,8.161040825736546,10.849579324364305
3462,34.61,19.179924240464842,15.802239973432455,10.870083058193456,1.4537368195656357,13.186910835362307,8.707248175982508,10.870083058193456
3463,34.62,19.009825144380287,15.605862184961547,10.854976622908975,1.437668889311657,12.977602810287449,8.667454057243804,10.854976622908975
3464,34.63,19.038420831522394,15.652193476197944,10.838371978383671,1.4441461787263883,13.058127386624433,8.629975073603772,10.838371978383671
3465,34.64,19.075889714254576,15.688831942314236,10.851272767570821,1.4458056928769247,13.233888078271603,8.426366598122836,10.851272767570821
3466,34.65,18.807952183979356,15.251079117155138,11.006527659399593,1.3856394667877558,13.005110086349504,7.966337042810575,11.006527659399593
3467,34.66,18.713672017504717,15.161527378879596,10.969485307808363,1.3821548553501621,13.018897089025648,7.7704717389535025,10.969485307808363
3468,34.67,19.05117722922546,15.503323473018137,11.072231713178853,1.4001986116823337,13.17780708528743,8.16691123571106,11.072231713178853
3469,34.68,19.073965383129885,15.301451139799696,11.38778944541739,1.3436717646687102,13.370854410445103,7.440071190409279,11.38778944541739
3470,34.69,18.80647678407614,15.060120192618252,11.263940199321318,1.3370206096731287,13.161443571060127,7.320083561128799,11.263940199321318
3471,34.7,18.822462542081496,15.008934335780683,11.35856444504695,1.3213759897559523,13.122645115414317,7.2845243544564475,11.35856444504695
3472,34.71,18.874941957071368,15.183560010910501,11.212624103121115,1.3541486695058338,13.209387633005871,7.486826628546439,11.212624103121115
3473,34.72,18.99031556551106,15.153454265602154,11.445737595192178,1.3239386400023199,13.23672077121368,7.376747210296449,11.445737595192178
3474,34.73,18.93278096922195,15.140929364936609,11.366725702441018,1.3320396533968508,13.173242416996082,7.464142700742992,11.366725702441018
3475,34.74,18.803503427758482,14.919015048808951,11.445292968340171,1.3035066109777835,13.081803429821186,7.172407479368879,11.445292968340171
3476,34.75,18.816435523666346,15.027739053845504,11.323661278306565,1.327109552688146,13.186486684396947,7.207600848596944,11.323661278306565
3477,34.76,18.92168325608132,15.230227404724962,11.228101818376645,1.3564383055200102,13.211625925045427,7.577121301411429,11.228101818376645
3478,34.77,18.881835442509832,15.12246103143566,11.306408891895357,1.3375123061643137,13.235520829102407,7.315040398363252,11.306408891895357
3479,34.78,19.25238507530333,15.454041369455659,11.481591198040254,1.345984289363433,13.453244455638288,7.605104093020992,11.481591198040254
3480,34.79,18.858084470095736,15.040632995919589,11.375706965429487,1.3221712761789424,13.316448492503294,6.992341558051335,11.375706965429487
3481,34.8,18.88170256755926,15.026449243779728,11.43348218933696,1.3142495868663375,13.169534849192946,7.235850242492648,11.43348218933696
3482,34.81,18.744721339679874,14.848767211333104,11.44022248061151,1.29794391992798,13.186646631439002,6.8262902307124005,11.44022248061151
3483,34.82,18.7794032940305,15.020690901509903,11.271416633287108,1.3326355852333875,13.237716120238305,7.098170685372767,11.271416633287108
3484,34.83,18.63936227488776,14.793781487786283,11.338864815586296,1.3046968747216117,13.096617842104846,6.880012485906485,11.338864815586296
3485,34.84,18.976811594588966,15.218011979826167,11.337172913843798,1.3423110060572054,13.318756392567304,7.361970984293564,11.337172913843798
3486,34.85,19.07816874718838,15.159978984641597,11.58238144473841,1.3088827247636885,13.306193649912371,7.264308182188208,11.58238144473841
3487,34.86,18.83141749674874,14.894419279214222,11.522957921984542,1.292586450463149,13.266922235866303,6.769970461715809,11.522957921984542
3488,34.87,18.98768351021559,14.939582097111087,11.719258161154693,1.2747890601668508,13.328896530146949,6.747712984779267,11.719258161154693
3489,34.88,18.957825440186035,15.173312704405124,11.365286049849468,1.335057704474239,13.249854987740063,7.393967894812751,11.365286049849468
3490,34.89,18.96579501448274,15.24824149133375,11.277965771953124,1.3520382841783578,13.298681001494527,7.460157652390506,11.277965771953124
3491,34.9,18.947796802514226,15.192517943178006,11.32282660008456,1.3417601876076195,13.333451879493778,7.282284149290627,11.32282660008456
3492,34.91,19.309926575054,15.595667658059858,11.386325774073145,1.3696839496346973,13.69238370867979,7.466155508354653,11.386325774073145
3493,34.92,19.183496552288382,15.598060437199296,11.16723110574588,1.3967706309197467,13.684602851822222,7.485394725091055,11.16723110574588
3494,34.93,19.18765340387215,15.554578981219045,11.234817126422008,1.384497745373873,13.569986012338589,7.602657884445174,11.234817126422008
3495,34.94,19.526907032149563,15.751215887551082,11.541199950870375,1.3647814745955607,13.620381853693221,7.911131404282576,11.541199950870375
3496,34.95,19.310177378004546,15.6897605810909,11.25674745555059,1.3938094145795583,13.611706385180147,7.8032068007710675,11.25674745555059
3497,34.96,19.337614520097738,15.66969055232241,11.33155476191827,1.3828367670236414,13.496068751411372,7.962118453195712,11.33155476191827
3498,34.97,19.3196343998259,15.65162660618477,11.325849103864364,1.3819384721313703,13.711874351479272,7.5470469184096025,11.325849103864364
3499,34.98,19.30185644678549,15.654049164901725,11.2921391700224,1.3862784481490473,13.780174925011394,7.426710866409679,11.2921391700224
3500,34.99,19.36111685329673,15.810686857998688,11.174749522263044,1.4148582772705227,13.71162100428761,7.872056170815303,11.174749522263044
3501,35.0,19.171686172158704,15.454261329145291,11.345455365661872,1.3621543455998357,13.490649904668306,7.539002479054411,11.345455365661872
3502,35.01,19.19146884781138,15.226765559358011,11.681527602880687,1.3034909540087087,13.527354563293937,6.990355349950527,11.681527602880687
3503,35.02,19.08742457397001,15.279776207632583,11.439327598755947,1.3357232823102552,13.318755686488823,7.4888121834478145,11.439327598755947
3504,35.03,18.9229889533028,15.063871738528325,11.452479171427791,1.3153371870878765,13.204196897332771,7.2504769533665865,11.452479171427791
3505,35.04,19.04648927524885,15.210034163895584,11.464013888917735,1.32676341037925,13.313834505337438,7.354383048995822,11.464013888917735
3506,35.05,19.003029965323503,15.03192497433211,11.625677590103448,1.2929934498724003,13.283082749372133,7.036936912270981,11.625677590103448
3507,35.06,18.93975981149768,14.956084152138706,11.62024305044297,1.2870715429285768,13.159524990413827,7.107134105427345,11.62024305044297
3508,35.07,19.024893418545076,15.19373115475642,11.449764328752963,1.3269907326041206,13.092917658780424,7.708759535970209,11.449764328752963
3509,35.08,18.920034527317483,15.061984062252815,11.450080463618056,1.315447879175292,13.201465160320115,7.251529598120111,11.450080463618056
3510,35.09,19.03295416108548,15.236691302382193,11.40598887663371,1.3358500930678665,13.140499534100945,7.712589308292125,11.40598887663371
3511,35.1,19.26859830816954,15.401970671468192,11.578349631826972,1.3302388648837065,13.339552496189036,7.6991583803804975,11.578349631826972
3512,35.11,19.143620178818466,15.249397453418242,11.57298884724887,1.317671489594784,13.31235719611375,7.4380957627202715,11.57298884724887
3513,35.12,19.117282499909727,15.23993614210364,11.541873182718561,1.320404054076952,13.28988596106993,7.458859480989914,11.541873182718561
3514,35.13,19.221639403784557,15.279441677501437,11.662336103583845,1.3101527465673066,13.254450658353727,7.601373278653952,11.662336103583845
3515,35.14,19.137366398440903,15.10136403029222,11.755322075246225,1.2846406022419348,13.075886480688608,7.554626947741933,11.755322075246225
3516,35.15,19.380807951448798,15.398479149544704,11.768710920571461,1.3084253027770851,13.237592295802147,7.866340339006611,11.768710920571461
3517,35.16,19.37159665794817,15.34302759068319,11.82583026386575,1.2974165236891961,13.35541598318803,7.552573042643901,11.82583026386575
3518,35.17,19.546963880583977,15.426273448408892,12.004744247328613,1.2850147517171524,13.57517651215129,7.326970394987355,12.004744247328613
3519,35.18,19.51699799723917,15.468162102627861,11.901645768172783,1.2996658112605408,13.473374826154844,7.598171466024552,11.901645768172783
3520,35.19,19.724688193234503,15.883210768802135,11.695594896974349,1.358050694190094,13.828540804114846,7.813311945335525,11.695594896974349
3521,35.2,19.86527722982018,16.140695139641387,11.580466304375182,1.3937862876508968,14.013341670532055,8.009263063214556,11.580466304375182
3522,35.21,19.521197404129552,15.91982594735448,11.297623196802654,1.40913054631349,13.921824214064687,7.721636403427913,11.297623196802654
3523,35.22,19.48813011194846,15.956859081353544,11.187755070524968,1.4262789076776592,13.83549868776708,7.949863382660766,11.187755070524968
3524,35.23,19.610084542837047,16.05958638173413,11.253670557859607,1.4270531822631018,14.02829050529112,7.817760564991701,11.253670557859607
3525,35.24,19.601905598205526,16.05590973665847,11.24466387266586,1.427869247002398,14.071548108672404,7.731996591892836,11.24466387266586
3526,35.25,19.636494338307354,16.028002557977373,11.344383804325714,1.412857924629256,13.945277909567706,7.901018290287158,11.344383804325714
3527,35.26,19.632818417529705,16.161777386015917,11.14650217514706,1.4499416168465145,13.951598166066978,8.158183430625476,11.14650217514706
3528,35.27,19.733933514000864,16.205590563914715,11.2608599320729,1.4391077290428198,13.862555620007404,8.393492551223408,11.2608599320729
3529,35.28,19.606676617601924,16.284585105844556,10.919434780139657,1.4913395641561111,13.811295727169284,8.627619741630355,10.919434780139657
3530,35.29,19.657636642086377,16.333253899039814,10.938349757701003,1.4932100600952716,13.907606025841247,8.564676150356394,10.938349757701003
3531,35.3,19.593700963553147,16.169225190469557,11.06658367288786,1.461085522723938,13.61412836871282,8.723494255189493,11.06658367288786
3532,35.31,19.675963845262277,16.366755989964748,10.921211086918035,1.4986209734165523,13.72699780662356,8.912925044675228,10.921211086918035
3533,35.32,19.66880498763928,16.265909177458372,11.058123180380079,1.4709466436689933,13.703804000116184,8.76273686103401,11.058123180380079
3534,35.33,19.5904366390063,16.26922707812685,10.913178179946687,1.490787267454505,13.594987091959556,8.936670279757946,10.913178179946687
3535,35.34,19.30807721164899,16.03489700099928,10.755646134860672,1.4908353064003992,13.496114952972667,8.658683676448936,10.755646134860672
3536,35.35,19.404998303623554,16.054316934328064,10.900131510022264,1.472855343035698,13.44335931328239,8.775943402383382,10.900131510022264
3537,35.36,19.4252658709286,16.066733249607235,10.917922734761818,1.4715925034395054,13.349226110245853,8.940809782763814,10.917922734761818
3538,35.37,19.295591404437875,15.91561919828506,10.909303973315478,1.458903266167594,13.518990260912673,8.399037849073446,10.909303973315478
3539,35.38,19.393418723478835,16.062761523044365,10.867031887225917,1.478118559854966,13.53725207625026,8.646103976372977,10.867031887225917
3540,35.39,19.548292919770553,16.219325190590226,10.911885558373347,1.4863906979068489,13.501736206535996,8.987192500844165,10.911885558373347
3541,35.4,19.692978043680377,16.204469939165545,11.190555760084374,1.4480487195252014,13.312910545208306,9.23857450176169,11.190555760084374
3542,35.41,19.524559184267318,15.989704758211555,11.204363127156496,1.4270962639060334,13.15831476968221,9.084569922496952,11.204363127156496
3543,35.42,19.447984894105016,15.867934368466695,11.244232980482503,1.4112064732214207,13.154447409799454,8.874224161287957,11.244232980482503
3544,35.43,19.075858343839236,15.553112741638387,11.044865576371071,1.4081758292207804,12.827244484254797,8.795516749757756,11.044865576371071
3545,35.44,19.169472143707935,15.598501919357613,11.142504213155647,1.3999098964612364,12.876368893093614,8.804111894857666,11.142504213155647
3546,35.45,19.316786270870875,15.78812351462867,11.129842214574957,1.4185397429941562,12.843188720300889,9.182447800445518,11.129842214574957
3547,35.46,19.103974707626165,15.613404799487942,11.008335032916975,1.418325727987107,12.872456434174298,8.836191192078056,11.008335032916975
3548,35.47,19.21095191293363,15.826526092759906,10.889524564288294,1.4533716324643122,12.990653160545124,9.040014304592063,10.889524564288294
3549,35.48,19.40834958504515,15.890169534129786,11.143901731078572,1.4259071838200643,12.980987027479726,9.164685680141435,11.143901731078572
3550,35.49,19.604933336784374,16.12285959107224,11.153780065355832,1.4455063213188686,13.096091263122547,9.404200924129352,11.153780065355832
3551,35.5,19.556861281824823,15.88252925623996,11.411226385503905,1.3918336837499004,13.055414809135636,9.04493669058663,11.411226385503905
3552,35.51,19.818610921410936,16.18156209051313,11.44265647326429,1.4141438334989143,13.269693295591294,9.26057187921303,11.44265647326429
3553,35.52,20.088546269933385,16.534989233741786,11.408059531721324,1.449412951235439,13.327456881055472,9.786968991652314,11.408059531721324
3554,35.53,19.518706315755754,16.126532784402578,10.996128254722771,1.4665646317353864,13.091574563348466,9.416779444093322,10.996128254722771
3555,35.54,19.91665157132228,16.847130951876988,10.622955732928697,1.5859174579495605,13.463543470508062,10.12713278906875,10.622955732928697
3556,35.55,20.02639706850944,16.98454009632629,10.61046545924768,1.6007346861040113,13.37319485758033,10.470542564017508,10.61046545924768
3557,35.56,19.525064179218024,16.33292128850403,10.698776256475066,1.5266158387618483,13.166340030667381,9.664978427979742,10.698776256475066
3558,35.57,19.60612915629217,16.36467827807048,10.798037106273444,1.515523434214069,13.288445636353233,9.550911355176346,10.798037106273444
3559,35.58,19.532932539976958,16.286070143323553,10.784218696689889,1.5101761751477094,13.235835606278505,9.48940127283197,10.784218696689889
3560,35.59,19.626567392990378,16.366445105207923,10.832433810082055,1.510874231234647,13.27497494551428,9.572646738376612,10.832433810082055
3561,35.6,19.646335493481647,16.557325160336017,10.575135075134536,1.5656845083016941,13.056269810189873,10.182280447356606,10.575135075134536
3562,35.61,19.610123162488513,16.449914025956733,10.675076533055888,1.5409645050336438,13.107491588113241,9.939483675166867,10.675076533055888
3563,35.62,19.271743571094376,16.138921478646793,10.532583433141685,1.5322851778096798,13.23929359792627,9.229620334652731,10.532583433141685
3564,35.63,19.449832869340312,16.317393793842108,10.584831525440263,1.5415827596900185,13.074035128930637,9.763551898300358,10.584831525440263
3565,35.64,19.269704781673116,16.2220702116219,10.400286554804401,1.5597714665013853,13.16341354730157,9.480511891955418,10.400286554804401
3566,35.65,19.27509162123146,16.26282914354317,10.346475015907114,1.5718231686192639,13.078999944226334,9.665369740005016,10.346475015907114
3567,35.66,19.26343298393121,16.257362446896227,10.333344889079099,1.5732913806136468,12.82537560908176,9.990574268565465,10.333344889079099
3568,35.67,19.198710078782813,16.15181832081154,10.378305912847887,1.5563058611344551,12.849871704677662,9.78580769491347,10.378305912847887
3569,35.68,19.38329184332537,16.42925725549073,10.285499925449866,1.5973221889622586,13.0103375638768,10.032527619751217,10.285499925449866
3570,35.69,20.031060887688803,17.175553521265975,10.307461449087452,1.6663223632804929,13.030704501885598,11.189297518003999,10.307461449087452
3571,35.7,19.45387776042002,16.51322340667975,10.284299326568085,1.605673160836547,13.01510471383433,10.163345736854733,10.284299326568085
3572,35.71,19.464315892458163,16.580398682877878,10.19558594089722,1.6262330364329007,13.132207494333429,10.121993223123168,10.19558594089722
3573,35.72,19.19298189409338,16.19323023083899,10.302904866009325,1.5717150106143989,12.952119404349242,9.719223644120838,10.302904866009325
3574,35.73,19.42183414905419,16.438416316332187,10.343409047519652,1.5892648391657795,13.170163964383649,9.837088600816127,10.343409047519652
3575,35.74,19.570676289000698,16.521365246092827,10.490751203514941,1.5748505445975423,13.128792513892845,10.02947240496503,10.490751203514941
3576,35.75,19.71606177266811,16.592539720360364,10.649446814362163,1.5580658798148246,13.395273799174385,9.791782994781318,10.649446814362163
3577,35.76,19.89448565346977,16.827704819041266,10.612205705664106,1.5856934256428643,13.410356246184993,10.165332991456394,10.612205705664106
3578,35.77,20.051018229081787,17.002106283314635,10.628815265768955,1.5996238393634925,13.299083772035686,10.592732834047313,10.628815265768955
3579,35.78,20.208145840952522,17.062705928508713,10.827429275984228,1.5758778463097087,13.343842339296874,10.633804833019763,10.827429275984228
3580,35.79,19.906866582282376,16.66139007801791,10.894100136905166,1.529395715904548,13.423048959590231,9.870343254432303,10.894100136905166
3581,35.8,19.808993587258097,16.398777259457034,11.111990430825038,1.475773162471979,13.291014039903393,9.605667149988909,11.111990430825038
3582,35.81,19.649166912130465,16.09259033079778,11.27467501908044,1.4273218787737871,13.151349434655096,9.274344807180897,11.27467501908044
3583,35.82,19.69541785403271,16.233066867632314,11.153341405871533,1.4554442724300203,13.266343972950228,9.355029530706418,11.153341405871533
3584,35.83,19.938485297052424,16.31719209853822,11.458291232124333,1.4240510882452988,13.233178597272186,9.546399436085604,11.458291232124333
3585,35.84,19.994988167184072,16.392065926001287,11.449878885099983,1.4316366217054661,13.211929687853905,9.702821200330197,11.449878885099983
3586,35.85,20.032911294589166,16.23039068593557,11.742740443302582,1.38216379424383,13.219623464312937,9.416322917141859,11.742740443302582
3587,35.86,20.034766314750673,16.239693626074867,11.733039342723243,1.3840994776981312,13.162144540310786,9.512391926783911,11.733039342723243
3588,35.87,20.277582654042785,16.560856636491838,11.701213003663387,1.4153110990550302,13.232206049312628,9.958448453598084,11.701213003663387
3589,35.88,19.999787203694147,16.425025799997698,11.410960330421718,1.4394078433704163,13.18397159709979,9.796140334716322,11.410960330421718
3590,35.89,20.128053772281675,16.589100126475646,11.399136180151025,1.4552944946268604,13.135483336054634,10.131994894119588,11.399136180151025
3591,35.9,19.89077907670753,16.39998079706091,11.255386360957122,1.4570784397014966,13.342866301626778,9.53558016068656,11.255386360957122
3592,35.91,19.820933149768827,16.216233040323473,11.397507486706294,1.422787662937497,13.522557025512956,8.950232707021026,11.397507486706294
3593,35.92,19.97051982152046,16.483621441964175,11.274390719669082,1.4620409964333745,13.601918558240408,9.311153922955858,11.274390719669082
3594,35.93,19.818331360430257,16.37594279594564,11.162202088106513,1.4670889011581723,13.390040292540288,9.427530080579512,11.162202088106513
3595,35.94,19.878144992343756,16.45538957722144,11.151717455105883,1.475592404799248,13.532869213792026,9.361693061649046,11.151717455105883
3596,35.95,19.68351129365973,16.22823527671524,11.139344534181765,1.45683933438973,13.461982205402391,9.0625964986782,11.139344534181765
3597,35.96,19.607865037374545,16.171970489412207,11.087639145168625,1.4585585152686944,13.583525249333793,8.776130771081903,11.087639145168625
3598,35.97,19.59786236300783,16.127864949897116,11.13409993476253,1.448510884974475,13.36997098203095,9.01952902217019,11.13409993476253
3599,35.98,19.438340089102816,16.052744845453393,10.96168090880186,1.4644419025702144,13.375985496997174,8.875450921353332,10.96168090880186
3600,35.99,19.200957155717557,15.96567621482287,10.666486708337498,1.4968073979169958,13.051912261912024,9.195129325023727,10.666486708337498
3601,36.0,19.43966105842419,15.985015261662294,11.062536289243866,1.4449683909470714,12.99736411043429,9.305333905689311,11.062536289243866
3602,36.01,19.338529001542092,15.827624038767254,11.111481504773408,1.424438679213733,13.086646488766998,8.90243598070806,11.111481504773408
3603,36.02,19.510981237558394,15.975282878728025,11.201282328241483,1.4262012518379246,12.942678025005103,9.364654216597152,11.201282328241483
3604,36.03,19.637601580300863,16.170270524743263,11.142609523054018,1.4512103732332209,12.987879109281439,9.632893910246885,11.142609523054018
3605,36.04,19.37552445416828,16.073086738842715,10.819742629088337,1.4855331859402112,12.964223195535874,9.501212251638798,10.819742629088337
3606,36.05,19.63264819433963,16.292502581464657,10.954233645293249,1.4873247284135778,13.066304375066403,9.732282894837834,10.954233645293249
3607,36.06,19.48596540524001,16.11903442695865,10.948953233836201,1.4721986734900865,13.09300227304686,9.40194460393529,10.948953233836201
3608,36.07,19.64823779894938,16.262574004463065,11.026419879245728,1.4748734568935644,13.274564034799813,9.394533673186613,11.026419879245728
3609,36.08,19.513113556635357,16.249455462391563,10.803554870962595,1.5040841330908832,13.232192242322398,9.431537058532399,10.803554870962595
3610,36.09,19.550613759222724,16.19827348878761,10.947256932435144,1.4796650511412097,13.306300315626167,9.23723096647077,10.947256932435144
3611,36.1,19.66245560621277,16.302482250593354,10.9927809463928,1.4830171118749431,13.213684172555743,9.5482709491751,10.9927809463928
3612,36.11,19.57533717294968,16.266657354730132,10.889889069153538,1.4937394909564974,12.962124527671143,9.827892410142777,10.889889069153538
3613,36.12,19.585762019330915,16.333117849400804,10.808854481185792,1.5110868480865114,13.119956941991779,9.728179095940666,10.808854481185792
3614,36.13,19.38374538493662,16.020414461477188,10.912190688882971,1.4681208309343723,13.010640251712271,9.347562236114394,10.912190688882971
3615,36.14,18.90997027346545,15.550735631364727,10.759256343574611,1.4453355450213405,12.951171534620931,8.607702048597003,10.759256343574611
3616,36.15,18.927061527573144,15.541712459052862,10.802260499944472,1.438746312323495,12.746175978452602,8.892683739242997,10.802260499944472
3617,36.16,18.998309738639417,15.56249095359129,10.89700180070971,1.4281442949360366,12.758241708271834,8.911699792627875,10.89700180070971
3618,36.17,18.920861905470492,15.527601200136116,10.81168886971022,1.436186463304349,12.704315637247728,8.927864426594493,10.81168886971022
3619,36.18,18.901544226745585,15.518607816518282,10.790791703703533,1.4381343132767639,12.937065693035418,8.570852922375247,10.790791703703533
3620,36.19,19.161671835697057,15.613900738527793,11.107464664195284,1.4057123934734563,12.993576980082217,8.657993620653475,11.107464664195284
3621,36.2,18.961441038700965,15.542868189696012,10.860731775615719,1.4311069006042967,13.030071333632089,8.473369613248526,10.860731775615719
3622,36.21,19.24323851952876,15.94154546658936,10.778188941382483,1.4790560411668372,13.354283538026577,8.706088849151962,10.778188941382483
3623,36.22,19.231188154148704,15.9962283433223,10.675171034159677,1.4984517149313743,13.338706909692783,8.829395176852245,10.675171034159677
3624,36.23,19.288388791784293,16.05263172676992,10.6936877094728,1.501131523838124,13.485592450988916,8.707800043703982,10.6936877094728
3625,36.24,19.312565299421742,16.04425185191587,10.74975166953744,1.4925230224045027,13.369893465626935,8.869270894808212,10.74975166953744
3626,36.25,19.325080243964823,15.971409634081407,10.879926504165883,1.4679703606422354,13.496332551668957,8.54019515903409,10.879926504165883
3627,36.26,19.384649143709872,15.931929386988866,11.04256530126639,1.4427742967625241,13.446463561451887,8.545115077197385,11.04256530126639
3628,36.27,19.16090290833634,15.666235426496707,11.032192339887464,1.420047343614072,13.439452398602208,8.0505932492038,11.032192339887464
3629,36.28,19.223451002289494,15.448509797237364,11.440481348356203,1.3503373963768617,13.331067372002442,7.806349830648812,11.440481348356203
3630,36.29,19.051751053548468,15.326042713060755,11.317315625351382,1.3542118308275872,13.203423863227574,7.781849621427755,11.317315625351382
3631,36.3,19.114748316580986,15.01253307722049,11.832051969611877,1.2688021583895175,13.024752282912996,7.465385278965314,11.832051969611877
3632,36.31,19.029903765739974,15.021087262512065,11.683500108500116,1.2856667199911906,13.123482657020883,7.308027469767358,11.683500108500116
3633,36.32,18.948378892801145,14.944149173901643,11.649612359788062,1.2828022694974477,12.915204667978756,7.5183164948042,11.649612359788062
3634,36.33,19.0521155862414,14.939473616686271,11.823503557230284,1.263540332556547,12.83715139811269,7.641689337155666,11.823503557230284
3635,36.34,19.16421442970891,15.024979390601438,11.89609637737797,1.2630176247708835,12.797391564872772,7.872532935677129,11.89609637737797
3636,36.35,19.273398349842243,15.155065185524466,11.907471737283526,1.2727357679189268,12.992426568724534,7.802105653847334,11.907471737283526
3637,36.36,19.3836316775443,15.565521825847734,11.551610593322332,1.3474763280927886,13.018367425671357,8.532735744247626,11.551610593322332
3638,36.37,19.109803723519054,15.374386732882742,11.349574042191268,1.3546223563747422,13.030346181329001,8.15976996041957,11.349574042191268
3639,36.38,19.0660504072299,15.250791511750199,11.44236148686797,1.332836017220138,12.831021167284208,8.243272259216997,11.44236148686797
3640,36.39,18.85178661770219,15.202867606328361,11.147316951797285,1.3638140614524465,12.974789180320883,7.923511164993481,11.147316951797285
3641,36.4,18.87494042192608,15.330939581313872,11.010252834761003,1.3924239353443202,13.136567156091592,7.903689758548979,11.010252834761003
3642,36.41,18.93415360671941,15.27916011641675,11.18255064552561,1.3663394515928513,13.118110421121736,7.833767474361081,11.18255064552561
3643,36.42,18.880634621783667,15.348519434081059,10.99551339878826,1.3958892938798577,13.031074792651948,8.109755764921344,10.99551339878826
3644,36.43,18.645592139026512,14.886716323980561,11.226922254307183,1.325983736840193,12.826578932533561,7.55600395699708,11.226922254307183
3645,36.44,18.685404073264372,14.949331514851412,11.209897976352648,1.3335831910680296,12.80787171051377,7.709794743568127,11.209897976352648
3646,36.45,18.73818996539209,15.065323756008407,11.142521407014188,1.3520569721790998,12.92173414238476,7.745499766114467,11.142521407014188
3647,36.46,19.13314491026222,15.635378799079412,11.027790529675064,1.4178160853713742,13.228689059593128,8.334677915510776,11.027790529675064
3648,36.47,19.24985905308773,15.835372533948453,10.945229567022084,1.4467830425101675,13.13270228123348,8.848228866920994,10.945229567022084
3649,36.48,18.957546611167295,15.635112741637963,10.720626057784628,1.4584141501964571,13.171612563867942,8.424094782888304,10.720626057784628
3650,36.49,18.870499608912066,15.516089557040596,10.739959047773239,1.4447065848223708,13.147952233680453,8.238955467955963,10.739959047773239
3651,36.5,18.80076068146158,15.507104412242443,10.630066554326113,1.4587965496727322,13.176937572477463,8.1754879648386,10.630066554326113
3652,36.51,18.831158376085416,15.5141832739032,10.6734550698897,1.4535296370590824,13.273472794953722,8.031488194468146,10.6734550698897
3653,36.52,18.900132971558307,15.492359280786747,10.82597941331897,1.4310353538754037,13.321781945829517,7.90843359160017,10.82597941331897
3654,36.53,19.077398403790195,15.720757207499517,10.807632612176855,1.4545976692237939,13.290546057377906,8.396641749763095,10.807632612176855
3655,36.54,19.315869075097382,16.020008768975988,10.791761541483199,1.4844665263771413,13.271417781526926,8.972744899206624,10.791761541483199
3656,36.55,19.1713893175202,15.739616011557203,10.945622694605357,1.437982694151755,13.286107081958168,8.438890377176902,10.945622694605357
3657,36.56,19.195908423749604,15.719152560970416,11.017764881223338,1.4267097483409965,13.173816530418332,8.575681620602497,11.017764881223338
3658,36.57,19.16110940152302,15.591879214305852,11.137388206560415,1.3999583138461085,13.369948923523856,8.021917676956438,11.137388206560415
3659,36.58,19.284136134282345,15.667331691372757,11.243336876481147,1.39347703119576,13.507719138629547,7.937682659277468,11.243336876481147
3660,36.59,18.709922314823338,15.126287837105398,11.011657881343828,1.3736612597393403,13.087197212284982,7.584843627769979,11.011657881343828
3661,36.6,19.179424308287093,15.357876444519322,11.488513738173111,1.3368027226611048,13.287053209721288,7.701856002753926,11.488513738173111
3662,36.61,18.938460803661897,15.055105822218934,11.48952071644538,1.3103336678500435,13.05779749662968,7.49333943280445,11.48952071644538
3663,36.62,18.944081384267793,15.142545281336899,11.38338885817502,1.3302317499645306,12.777361162162034,8.12623648000793,11.38338885817502
3664,36.63,18.809649159131823,15.006199167703624,11.34093858676784,1.3231884691812252,12.871589855442396,7.714155044725334,11.34093858676784
3665,36.64,18.643701664881608,14.923068898972971,11.175402740197548,1.3353495391530896,12.685852591938552,7.859206663468032,11.175402740197548
3666,36.65,18.13986967944876,14.532341545714443,10.85660725945663,1.338571175912813,12.585485571004192,7.26598264127732,10.85660725945663
3667,36.66,18.486836161299326,14.91608917099528,10.921235969323337,1.3657876464617271,12.765695949897689,7.715356315287609,10.921235969323337
3668,36.67,18.335584619257343,14.871687899041005,10.725043699839361,1.3866319164055017,12.843318874428585,7.497750413039177,10.725043699839361
3669,36.68,18.470080110031837,15.079760063339952,10.665115831677172,1.413933078771686,12.874344054741728,7.85177869836121,10.665115831677172
3670,36.69,18.47663588708581,15.069754778081698,10.690582988426355,1.4096289037179959,12.896771657943306,7.7955621910409025,10.690582988426355
3671,36.7,18.413221343537458,15.020879119385736,10.649878437189084,1.4104272840273215,12.908337918191982,7.681251311405287,10.649878437189084
3672,36.71,18.435473279961087,14.97753888334805,10.748953626002693,1.393395060065756,12.98109070509949,7.47114148629126,10.748953626002693
3673,36.72,18.55466074872597,15.185159349574112,10.66238111438313,1.4241808829258535,13.136403567546028,7.617346374067685,10.66238111438313
3674,36.73,18.662345461401422,15.269232005192794,10.730036910108291,1.4230362983009246,12.971007457483429,8.056203297230853,10.730036910108291
3675,36.74,18.55907005518946,15.040887242613271,10.872478662587632,1.3833908264514878,12.967975072241773,7.619705477951406,10.872478662587632
3676,36.75,18.565488233893763,15.074900040956368,10.836269751073079,1.3911521572692072,12.93365465233664,7.744235829242101,10.836269751073079
3677,36.76,18.540760050784073,15.177160899549811,10.649580756533428,1.425141632006382,12.898145936986813,7.99900271027671,10.649580756533428
3678,36.77,18.632586253638333,15.25681465865301,10.695928055609896,1.4264133583668768,12.874159730892492,8.186965539927204,10.695928055609896
3679,36.78,18.55226366131648,15.223073814419227,10.603985599751995,1.435599253810309,12.67913164951581,8.425057683689936,10.603985599751995
3680,36.79,18.261090265130456,14.970085388504813,10.45772255953068,1.4314861867187112,12.726129164560685,7.883469605829863,10.45772255953068
3681,36.8,18.262613925407866,14.907137990843587,10.54989593837063,1.4130127991713544,12.769253306567222,7.6921344938043195,10.54989593837063
3682,36.81,18.542672546561615,15.341969155586193,10.41415803596487,1.4731838236565382,12.73523750897952,8.555100417928433,10.41415803596487
3683,36.82,18.313147921755373,15.113612991249301,10.341667619626607,1.4614290022787435,12.523457709384509,8.460750832551291,10.341667619626607
3684,36.83,18.44673009685299,15.153748572425654,10.518828616811346,1.4406308082828454,12.769651568832955,8.159172421691713,10.518828616811346
3685,36.84,18.416771938200146,15.198895209410558,10.400532343925148,1.4613574292942888,12.617317648720217,8.474061065270684,10.400532343925148
3686,36.85,18.391962390168082,15.139482434600861,10.44319645385307,1.4496981361501702,12.659753209939774,8.30268493025043,10.44319645385307
3687,36.86,18.264140346612677,15.09654984197211,10.279737616769069,1.4685734602160954,12.701103799960377,8.160133540192842,10.279737616769069
3688,36.87,18.344861248223083,15.133050744195335,10.369412200803186,1.459393305150235,12.77420382719137,8.11350364563672,10.369412200803186
3689,36.88,18.534420895938222,15.397383734624924,10.317234710740046,1.4923944415645154,12.85670319291341,8.472579824387749,10.317234710740046
3690,36.89,18.40900535646569,15.104885722134444,10.52301789106345,1.4354138592657997,13.005952120934088,7.68132684545522,10.52301789106345
3691,36.9,18.392383631393002,15.201073833516048,10.354087596322865,1.468122969996365,12.925935253263546,7.999552707523401,10.354087596322865
3692,36.91,18.41565580725498,15.216322689124349,10.373037290578084,1.4669110177542175,12.924735791817287,8.030422211271187,10.373037290578084
3693,36.92,18.516819492178985,15.246859854629543,10.507419696539474,1.4510565195802507,12.88843683863592,8.145853625201386,10.507419696539474
3694,36.93,18.245929819324576,14.976647824750454,10.421802862514491,1.43704961822095,12.808200866152964,7.762085456813845,10.421802862514491
3695,36.94,18.430274288521932,15.31100750656478,10.259047688946064,1.4924394515742538,12.836778138986832,8.34530274325101,10.259047688946064
3696,36.95,18.414339512462142,15.282469725384015,10.272975166569104,1.487638145482634,12.873613582583815,8.235529991056588,10.272975166569104
3697,36.96,18.412800249975575,15.071809773708146,10.576944889270068,1.4249681672254866,12.873241966332209,7.838309201039955,10.576944889270068
3698,36.97,18.452251935901284,15.300316755774068,10.3143544964749,1.4834003195258805,13.053009642138942,7.98239513612603,10.3143544964749
3699,36.98,18.372262859040397,15.213825954484042,10.299492336437895,1.477143286049163,12.949140265688666,7.986254851484064,10.299492336437895
3700,36.99,18.116591655050684,14.866969283117749,10.3529762643737,1.4360092116000926,12.798921353717441,7.564019291786767,10.3529762643737
3701,37.0,18.305936784555332,15.11411145217285,10.328163271919822,1.4633881218033267,12.825399180620483,7.996593077457544,10.328163271919822
3702,37.01,18.32648863915107,15.24147040142478,10.176333614982639,1.4977369038869488,12.805751061954895,8.265298526777402,10.176333614982639
3703,37.02,18.16132975617614,15.130445743942747,10.045073922185628,1.5062552910163785,12.844239889760573,7.997242653857546,10.045073922185628
3704,37.03,18.280812509081624,15.275941378604287,10.041599523464406,1.521265744855557,12.68511948503309,8.511294182025933,10.041599523464406
3705,37.04,18.302114332791525,15.358027934156112,9.954816272752284,1.5427736196591764,12.712281875761118,8.617825220873005,9.954816272752284
3706,37.05,18.09451734042587,15.072208541392524,10.011997176774809,1.5054147814140488,12.417507292768708,8.542656668113365,10.011997176774809
3707,37.06,17.86220212250344,14.75675103562232,10.064619393589904,1.4662006041699707,12.405711424402519,7.991246785188732,10.064619393589904
3708,37.07,18.18378061820392,15.090869812783867,10.144728969498251,1.487557711808465,12.508058633758472,8.4429154277922,10.144728969498251
3709,37.08,17.858749125046938,14.613926259208371,10.26489549882437,1.4236799839688667,12.30715316174807,7.880407461727754,10.26489549882437
3710,37.09,18.07784353679578,14.877400003124022,10.269926781039594,1.4486373973562086,12.32660224396496,8.33018054858553,10.269926781039594
3711,37.1,18.084098181510047,14.883231196760775,10.272489288495844,1.4488436812904248,12.460260226904005,8.139563006333164,10.272489288495844
3712,37.11,18.208015293529186,15.041508630482705,10.260840075184245,1.4659139524901539,12.459609546937942,8.426453098352745,10.260840075184245
3713,37.12,18.047056875969627,14.692304155524607,10.480098305170468,1.4019242690000342,12.20523208381651,8.179004290170148,10.480098305170468
3714,37.13,17.959114447641404,14.651919754223494,10.385135495470317,1.4108549436465436,12.202921997377997,8.109713139816527,10.385135495470317
3715,37.14,18.038979748955278,14.78138521982695,10.339992329121907,1.4295354144699075,12.34154884463521,8.134833810988514,10.339992329121907
3716,37.15,17.67012627691672,14.307516460448728,10.369587039808835,1.3797575935784314,11.979926293846097,7.822173180135187,10.369587039808835
3717,37.16,18.26556590707022,15.036852380052,10.369376471420564,1.4501211737750719,12.278819877841432,8.67971842325554,10.369376471420564
3718,37.17,18.145870464410766,14.771011105181772,10.539916785334299,1.401435268040712,12.267264346637294,8.227818332895101,10.539916785334299
3719,37.18,18.005748258146824,14.553694181631126,10.601743064388694,1.3727642797265154,12.128448136599774,8.044299853328019,10.601743064388694
3720,37.19,17.724498619838847,14.15681041662145,10.665016181539885,1.327406370102422,12.220182850345576,7.147196112902002,10.665016181539885
3721,37.2,18.06064544456047,14.56961492106538,10.673014331761756,1.365089043093267,12.3817421986144,7.678941273065081,10.673014331761756
3722,37.21,17.824717783080516,14.43945067144494,10.450972603225742,1.3816370226621908,12.334197897102447,7.50768259373059,10.450972603225742
3723,37.22,17.781601877096964,14.32390557473668,10.536180256696719,1.359497011797279,12.251632133462383,7.421036381819219,10.536180256696719
3724,37.23,17.909238187235676,14.59077512810178,10.385089966307808,1.404973396998814,12.195887706998937,8.009434554143366,10.385089966307808
3725,37.24,18.031576235645197,14.696723317298922,10.447203706095081,1.4067614388264102,12.364816135998018,7.9438654437371286,10.447203706095081
3726,37.25,18.09229616848023,14.70988384676162,10.533304223404262,1.396511819536864,12.463804727459124,7.812442287849945,10.533304223404262
3727,37.26,18.17590470908745,14.834644491850655,10.502229991493824,1.4125232930402236,12.562231413820054,7.890311724211384,10.502229991493824
3728,37.27,18.172534462155284,14.939478250845674,10.34664188859025,1.4438963300083063,12.430302593314604,8.287073539321778,10.34664188859025
3729,37.28,18.52667255011818,15.453643251500955,10.218733093424133,1.5122856336707282,12.441310024121643,9.166727585586436,10.218733093424133
3730,37.29,18.712964642775905,15.61666399495017,10.309939446505407,1.5147192741508775,12.510773624424521,9.346696616964556,10.309939446505407
3731,37.3,18.89262902610331,15.838271214028945,10.299543507788265,1.5377643875238187,12.647781563754934,9.533333969009934,10.299543507788265
3732,37.31,18.77398649010886,15.655931204303023,10.361196207818908,1.511015802643379,12.669077808975352,9.19796984904807,10.361196207818908
3733,37.32,18.46408657203556,15.42385221319509,10.15023526058095,1.519556130200701,12.756943145760495,8.66923403019652,10.15023526058095
3734,37.33,18.699537111201924,15.614353932770467,10.289054350881491,1.517569389788746,12.81860219622426,8.915799822381564,10.289054350881491
3735,37.34,18.740193932266155,15.728237163208401,10.189083587684193,1.5436360912986842,12.699433699429232,9.279107067812669,10.189083587684193
3736,37.35,18.672901310975547,15.765890715166014,10.005695044667037,1.5756917080507185,12.836592448887458,9.153425825543318,10.005695044667037
3737,37.36,19.117747198426528,16.323366680196468,9.951681172887172,1.6402622226954593,12.888985162000685,10.016304771215502,9.951681172887172
3738,37.37,19.322317806623158,16.549458235143646,9.973334324255985,1.65937064747684,12.837728220771577,10.444007947448567,9.973334324255985
3739,37.38,19.316949366933216,16.417437758644713,10.179011262676173,1.6128715584433284,12.815621741180205,10.261193982474083,10.179011262676173
3740,37.39,19.15751631939181,16.130785022446666,10.334805566016895,1.5608213351868196,12.922297809083771,9.65486637782929,10.334805566016895
3741,37.4,18.98575813666668,15.849164898294541,10.452893573105642,1.516246653373858,13.039009929345937,9.010008215076713,10.452893573105642
3742,37.41,19.117656086010268,15.964063330178494,10.518243970027306,1.5177498616375076,13.22868841006502,8.936057349824981,10.518243970027306
3743,37.42,19.269391542261662,16.085855699625693,10.609179837282657,1.5162204756956768,13.224178020683523,9.158376999580833,10.609179837282657
3744,37.43,19.380492600277968,16.242752290061283,10.572440185365823,1.5363295516719218,13.655350414499187,8.79536281306962,10.572440185365823
3745,37.44,19.159849447806362,16.03425573749631,10.488206415168063,1.5287891087181065,13.67718206084748,8.368515276311872,10.488206415168063
3746,37.45,19.201119908314745,15.942675940420397,10.701125622672668,1.4898129881441968,13.759479876730154,8.052678415478749,10.701125622672668
3747,37.46,19.38924254166835,16.008653199548156,10.939184113828519,1.463422960338622,13.781289400988808,8.14573751784312,10.939184113828519
3748,37.47,19.531316677048398,16.24604741548946,10.841507022218686,1.4985045328287534,13.64993138647266,8.809848453345854,10.841507022218686
3749,37.48,19.223328572235026,15.899076393675934,10.805356598658104,1.4714069127205305,13.619003451379001,8.203863429096696,10.805356598658104
3750,37.49,19.415430653957653,16.093969806874004,10.860160373312468,1.4819274535229692,13.627366314626386,8.562169787592289,10.860160373312468
3751,37.5,19.26994279935495,15.953132026475808,10.808712876020145,1.4759511340030969,13.27543407482533,8.846766165053458,10.808712876020145
3752,37.51,18.77501791134494,15.516386144586894,10.570858933095035,1.4678453513373924,13.292887598113673,8.003585339823891,10.570858933095035
3753,37.52,18.977741233806576,15.852097335519842,10.433871400517017,1.5192919988197615,13.556001631705405,8.217287246774065,10.433871400517017
3754,37.53,19.40478660267377,16.53407766750827,10.15726433544543,1.6278081500557107,13.856418133484752,9.020831493007206,10.15726433544543
3755,37.54,19.611371496752053,16.70419972678589,10.274998952372934,1.6257130345427608,13.891815641160019,9.276192468053674,10.274998952372934
3756,37.55,19.497944750778576,16.42318624175502,10.509462553957858,1.5627046728065133,14.026209946413566,8.543212561472439,10.509462553957858
3757,37.56,18.917398861040965,15.941092761711516,10.185751873584133,1.5650383947652762,13.66829664898131,8.203420332576991,10.185751873584133
3758,37.57,19.160871698395617,16.167350508612444,10.28376301623327,1.5721239864329557,13.894649314852272,8.26570885560375,10.28376301623327
3759,37.58,19.157789160596632,16.205152958174693,10.218312146535542,1.5858933183665713,13.782050197710786,8.524205226624836,10.218312146535542
3760,37.59,19.092646390709554,16.069040386702994,10.310920776108336,1.5584486328259766,13.873542326349428,8.10795179243703,10.310920776108336
3761,37.6,19.188098571044712,16.1729590669022,10.325624523118876,1.5662935477356605,13.946898565970248,8.18832250038011,10.325624523118876
3762,37.61,19.25055197063954,16.310323373445986,10.225316749515157,1.5950922375308672,13.776172975777653,8.73176423684423,10.225316749515157
3763,37.62,19.407692681900194,16.345736138585618,10.46305143458726,1.5622341379831335,13.99353367290718,8.447727816251934,10.46305143458726
3764,37.63,19.279052277726173,16.131124207019617,10.557873296502686,1.5278762828460046,13.765802477852535,8.40927168802645,10.557873296502686
3765,37.64,19.43622022781303,16.331287974167445,10.538296344706874,1.5497085524995933,14.08275281221141,8.269645707364846,10.538296344706874
3766,37.65,19.469541961065097,16.239981660096603,10.738997153058593,1.5122437811123979,14.003646170200788,8.224043911610323,10.738997153058593
3767,37.66,19.420019557821128,16.24036148831603,10.648371629266926,1.5251497650288224,14.036911273349276,8.16789221129285,10.648371629266926
3768,37.67,19.26489986556133,16.050633829126618,10.654272406570106,1.5064974140541751,13.929845565778873,7.973847805812097,10.654272406570106
3769,37.68,19.723367396500255,16.4566422615762,10.871529190129301,1.5137375776461923,14.14962875301953,8.402920961024138,10.871529190129301
3770,37.69,19.626975655627053,16.35353446025382,10.852653318146107,1.5068697009707295,14.198138150031498,8.11486059124427,10.852653318146107
3771,37.7,19.879674126534074,16.609648647883223,10.92341591129164,1.520554447690092,14.128120051047897,8.733650555713075,10.92341591129164
3772,37.71,19.83055757327858,16.510808238080937,10.983816503949573,1.5031941067245582,14.195469987525225,8.431810037468347,10.983816503949573
3773,37.72,19.944877363683048,16.717318178332544,10.877932063436905,1.5368103129199606,14.146496530291277,8.907601416434426,10.877932063436905
3774,37.73,19.738454083738254,16.51358352195715,10.812406248342166,1.527281082736706,14.139791608441392,8.530224733645944,10.812406248342166
3775,37.74,19.603833212629695,16.236967741508117,10.98504233900934,1.4780978753125507,14.00509055224946,8.215629011954482,10.98504233900934
3776,37.75,19.72493665353474,16.40948823749367,10.945401855094914,1.4992129530498057,14.282565231147515,8.079581340295995,10.945401855094914
3777,37.76,20.251882250835852,17.08553850218328,10.873045056107005,1.5713664768258213,14.292399583572168,9.36178081633475,10.873045056107005
3778,37.77,19.619808556052664,16.280560582674045,10.948983281110515,1.4869472502311438,14.19513671933698,7.9721230801744865,10.948983281110515
3779,37.78,19.78681246968476,16.53559431215127,10.86701745900976,1.52163133762537,14.12513691598608,8.596882362850891,10.86701745900976
3780,37.79,19.841102466271916,16.526344753159307,10.979493438990039,1.505201022705789,14.386872394828485,8.132525659055629,10.979493438990039
3781,37.8,19.88016265356472,16.6365507281518,10.883292103119405,1.5286321979158657,14.400017488462792,8.331525458301973,10.883292103119405
3782,37.81,20.06225865924147,16.862535722844477,10.869641737707044,1.551342365254592,14.492730055743719,8.620086225528652,10.869641737707044
3783,37.82,19.62573953692381,16.33567696228767,10.877284153452935,1.501815777893602,14.18905986439086,8.094746566814095,10.877284153452935
3784,37.83,20.043105373396468,16.590074450330658,11.247021949901242,1.4750637568086484,14.419665267324087,8.203890774860517,11.247021949901242
3785,37.84,19.678411489758396,16.201892483845356,11.168641757267112,1.4506591612452115,14.240489876116765,7.7272095963744,11.168641757267112
3786,37.85,19.643968157751587,16.11348900287281,11.235700117796627,1.4341330610408585,14.139708349855649,7.7274300790576875,11.235700117796627
3787,37.86,19.672623088711244,16.215957110868434,11.13799058039511,1.455914062219757,13.94805968492189,8.270967056359323,11.13799058039511
3788,37.87,19.710305812938067,16.336532814724134,11.027867011937605,1.4813864546099373,14.10710347909895,8.2384425613433,11.027867011937605
3789,37.88,19.708394859255012,16.389519728199105,10.945522875006098,1.4973720228226166,13.970558821982836,8.569704961230883,10.945522875006098
3790,37.89,19.659002795600966,16.41335514729533,10.820266342664604,1.5169086071917681,14.056400833232242,8.474421679781697,10.820266342664604
3791,37.9,19.38444368808931,16.187100498533518,10.664634759197403,1.5178298051485941,13.893163253678608,8.3067585348473,10.664634759197403
3792,37.91,19.526240057810423,16.3675520171979,10.647877335861896,1.537165718661336,13.727261649597745,8.913980403790557,10.647877335861896
3793,37.92,19.179877612468932,15.987048327344741,10.596319691686858,1.5087359378074519,13.51486918413782,8.540141986905029,10.596319691686858
3794,37.93,19.549129967024015,16.26902837703724,10.839151172243765,1.500950408247647,13.58480744618049,8.95177585638973,10.839151172243765
3795,37.94,19.827073995851073,16.568035340140888,10.890962684941876,1.5212645400987628,13.896327017688808,9.021745421458617,10.890962684941876
3796,37.95,19.528250311270117,16.200680271220406,10.903692905126746,1.4857975561291807,13.68724316082022,8.667261153726143,10.903692905126746
3797,37.96,19.352620850615843,16.10251804436909,10.73465632512093,1.500049704123871,13.624870364930638,8.582190565821007,10.73465632512093
3798,37.97,19.00390782812365,15.797435978865591,10.563594522389728,1.4954602758921351,13.567037693667737,8.092865482939638,10.563594522389728
3799,37.98,19.455732039597272,16.510283673450186,10.29252360788238,1.6041045230934448,13.708345403416498,9.201670135275744,10.29252360788238
3800,37.99,19.09797855185557,16.065479936215137,10.326332320151437,1.5557779314213989,13.747528538074373,8.312948013536582,10.326332320151437
3801,38.0,19.109534139556036,15.993465103804056,10.458650438955285,1.5292092605211542,13.794112730128855,8.094033606002336,10.458650438955285
3802,38.01,19.282222792773233,16.323871066828673,10.263301088036801,1.5905088359783428,13.999970463818475,8.394616942937693,10.263301088036801
3803,38.02,19.236537311175237,16.23637771560383,10.316220548266712,1.5738688058905252,13.81703257190873,8.526990807463667,10.316220548266712
3804,38.03,19.059534644010434,16.150904429751606,10.11998749738674,1.5959411445836484,13.899301860365387,8.225638072114117,10.11998749738674
3805,38.04,19.34261849390166,16.39145960238844,10.269223062330191,1.5961732940163686,13.838503897985944,8.784973407026344,10.269223062330191
3806,38.05,19.49920384587991,16.631061646761868,10.179721957145208,1.6337441942693165,14.03649532320601,8.920146329517776,10.179721957145208
3807,38.06,19.343595555051472,16.449532660164607,10.177797613412487,1.6162173080045446,14.053528979971244,8.549002745755239,10.177797613412487
3808,38.07,19.49777853318935,16.595313679242427,10.235181073964872,1.621399129074107,14.150039361056475,8.67068752712282,10.235181073964872
3809,38.08,19.40824630246278,16.549761939757637,10.138313680016498,1.6323978979244511,13.861343794899543,9.042000246751288,10.138313680016498
3810,38.09,19.23087426058097,16.300207824067833,10.204398547610412,1.5973707561515118,13.671039784773669,8.876905221468668,10.204398547610412
3811,38.1,19.426204204301108,16.528526068228498,10.207116919047078,1.6193138767113857,13.9188385398452,8.913927736403798,10.207116919047078
3812,38.11,19.39671940332229,16.537925273500974,10.135568620423678,1.6316721728050094,13.6459468858642,9.342970937559178,10.135568620423678
3813,38.12,19.26981629066726,16.343399275574097,10.20877661599222,1.600916533913759,13.614229385956902,9.042093679418691,10.20877661599222
3814,38.13,19.27365231195825,16.300885128063133,10.283716132018805,1.5851162088488233,13.791319939891213,8.690129473941619,10.283716132018805
3815,38.14,18.99772399677505,15.882795964942,10.423545912676012,1.5237421217310538,13.746956363279445,7.955149175852621,10.423545912676012
3816,38.15,19.106882834005138,15.905003429489481,10.587909970354298,1.5021853674637224,13.613665856856167,8.224186040572086,10.587909970354298
3817,38.16,19.228867433926528,15.914681493283945,10.792231268780597,1.4746423697684647,13.609039276955649,8.250523437391898,10.792231268780597
3818,38.17,19.3103004906173,15.872777131677518,10.997392925872477,1.4433218162402115,13.804378968084487,7.834805369465884,10.997392925872477
3819,38.18,19.27575694723973,15.717410506838855,11.158754986492552,1.408527252893756,13.725962598123187,7.657345740882526,11.158754986492552
3820,38.19,19.459153431058066,15.993534336882774,11.08447164588419,1.4428774638817705,13.732859192023202,8.197665460185123,11.08447164588419
3821,38.2,19.484741802351778,15.949215338383077,11.192751815090013,1.4249592595165403,13.946032529020835,7.738581692377923,11.192751815090013
3822,38.21,19.65651224343371,16.076600811908982,11.310233415398057,1.4214207807614176,13.885692849697964,8.102137233429177,11.310233415398057
3823,38.22,19.44391212912686,15.749064965523722,11.403186905287486,1.3811108329918822,13.813141289739583,7.565062788766408,11.403186905287486
3824,38.23,19.31913359794742,15.634540855689737,11.348570623964465,1.3776660844560202,13.887749372108505,7.181175749536523,11.348570623964465
3825,38.24,19.44822202511266,15.78541521176738,11.360193947736114,1.3895374748344973,13.874770056346605,7.527953858214367,11.360193947736114
3826,38.25,19.666156606932756,16.03785373440221,11.381782078493947,1.4090810756872583,13.990986514516775,7.839964844097749,11.381782078493947
3827,38.26,19.29672864523813,15.641533943307959,11.300714681306607,1.3841190034805355,13.609948355252415,7.708883827573037,11.300714681306607
3828,38.27,19.319778160502107,15.803154925464888,11.113690771870933,1.4219538090319304,13.64583895006873,7.970620110570586,11.113690771870933
3829,38.28,19.353533929767508,15.854492209233406,11.09929512888181,1.4284233390621315,13.800038304268847,7.805374175102393,11.09929512888181
3830,38.29,19.280247170034258,15.657276307759991,11.250672404797488,1.3916747145782549,13.633155046770407,7.699830183079426,11.250672404797488
3831,38.3,19.189005600466064,15.55123896499321,11.241748199830614,1.3833470282876048,13.517649572175623,7.688574860803745,11.241748199830614
3832,38.31,19.17016140486941,15.497985700547556,11.2830637468007,1.373561831106555,13.792555788624924,7.067741194472647,11.2830637468007
3833,38.32,19.36940854512578,15.628837383290637,11.441740664542639,1.3659492765575079,13.957732509154921,7.031519121514412,11.441740664542639
3834,38.33,19.5915820223148,16.0022639129085,11.302992338257805,1.415754645674211,13.96513783134049,7.813282005024289,11.302992338257805
3835,38.34,19.631831891366733,16.06109949454172,11.289371392478673,1.422674384265728,13.971687255516356,7.9215448119423035,11.289371392478673
3836,38.35,19.437596961372062,15.810694189445515,11.306729185780222,1.3983437588060084,13.939910776238834,7.460357786505057,11.306729185780222
