frame,time_ns,Rg,Rg_parallel,Rg_perp,F_index,Rg_x,Rg_y,Rg_z
900,8.99,23.617429529764966,21.76276813849745,9.17414304136439,2.372185395450392,15.358928020186202,15.418216729594214,9.17414304136439
901,9.0,23.44933064082552,21.700595679007307,8.885676939828953,2.4421994886779035,15.553761702344751,15.132625341639312,8.885676939828953
902,9.01,23.346890219757924,21.770371406795228,8.433754308943383,2.581338109850951,15.665317563175833,15.11776758766525,8.433754308943383
903,9.02,23.204599133610962,21.484078419788023,8.768568606333494,2.4501237755350607,15.333339482356449,15.048399445336715,8.768568606333494
904,9.03,23.297161364099072,21.497709888598052,8.978095408857262,2.394462178179759,14.91223724747815,15.484725077612836,8.978095408857262
905,9.04,23.058540377259046,21.22558176226989,9.009492948156497,2.3559130224540574,14.654665135794016,15.354677167057195,9.009492948156497
906,9.05,22.92029252217864,21.09319061420699,8.96755925628419,2.3521662931221257,14.44533860919002,15.37058498408938,8.96755925628419
907,9.06,23.49216241984056,21.720640111261883,8.949608277305243,2.4269933876705987,15.131512978321815,15.582795700060919,8.949608277305243
908,9.07,23.28185548469784,21.549635830363883,8.812377113415668,2.445382846537223,15.033602428818758,15.439481935399181,8.812377113415668
909,9.08,23.247498531400147,21.48539832128283,8.878279503556351,2.419995711182158,15.02413802503268,15.35895887190763,8.878279503556351
910,9.09,23.367079720273406,21.599538645051855,8.915174982832598,2.4227834772334536,15.027234941512225,15.515227349016921,8.915174982832598
911,9.1,23.253223105973593,21.553915247102832,8.725888054341082,2.470111364353325,14.815495681546016,15.654786813923186,8.725888054341082
912,9.11,23.243064382534136,21.596710016494185,8.591982213324608,2.5135887715178926,14.84467299981776,15.686094704069012,8.591982213324608
913,9.12,23.082011910506225,21.325802943077647,8.831160890266464,2.414835739951532,14.669051200408147,15.479302569779541,8.831160890266464
914,9.13,23.106048155297042,21.34505173561725,8.84749838986869,2.4125522034634743,14.651338074011832,15.52254896069548,8.84749838986869
915,9.14,23.336884531813176,21.700413117551154,8.585001466441037,2.5277122202458036,14.721338610057973,15.943340898331272,8.585001466441037
916,9.15,23.096937643485347,21.499009912114378,8.44162906706153,2.546784482156597,14.630869015340764,15.752621974044,8.44162906706153
917,9.16,23.11193982122817,21.50636545958314,8.463923854745014,2.54094505440598,14.766137871610857,15.636013802684184,8.463923854745014
918,9.17,23.5891793307711,22.031028210527236,8.431084004221017,2.613071842185111,15.441206487071339,15.714176600658178,8.431084004221017
919,9.18,23.609234028484874,22.087303588307037,8.33948149525658,2.64852240524427,15.585089581510207,15.651005160638817,8.33948149525658
920,9.19,23.44777425574025,22.013453315680206,8.075022641858245,2.7261166057380133,15.721269561200193,15.408887379227357,8.075022641858245
921,9.2,23.747259960356594,22.244619394437226,8.313198158433549,2.675819699049345,15.857489554623564,15.600099904435782,8.313198158433549
922,9.21,23.856618463017433,22.32661637785465,8.405976778822144,2.656040691678318,15.90253598788225,15.671220374878194,8.405976778822144
923,9.22,23.79876004882959,22.27071274302658,8.390252307252798,2.6543555458725687,15.924699020388838,15.568834484072122,8.390252307252798
924,9.23,23.820181334140397,22.207179941974363,8.616391229285163,2.5773179688611614,15.668075651101766,15.737542577117319,8.616391229285163
925,9.24,23.83995520133271,22.267689538636752,8.514309520591661,2.6153253513726344,15.63137234195085,15.859072989819003,8.514309520591661
926,9.25,23.557096666930317,22.101423052137026,8.152539631646412,2.710986275533582,15.441074154734618,15.812846988367417,8.152539631646412
927,9.26,24.313435966398995,22.73102791554152,8.62806689792426,2.6345446998110496,16.233082880057452,15.911839940946914,8.62806689792426
928,9.27,24.20693893010389,22.638771333999628,8.570993224396803,2.641324143106281,15.907161181868268,16.108264669019647,8.570993224396803
929,9.28,24.14057962157495,22.47812536046367,8.803491622355288,2.553319333363535,15.86097733691545,15.92782212477822,8.803491622355288
930,9.29,24.547732087795985,22.898256289696103,8.84652528089992,2.5883898550693747,16.103798659045044,16.27875332626999,8.84652528089992
931,9.3,24.632690534438826,23.021010631181813,8.76370426728595,2.6268584526656142,16.13483370249399,16.420538111579965,8.76370426728595
932,9.31,24.574675270078682,22.92239690156419,8.858802679650163,2.587527652491906,16.210803780970785,16.20636049480891,8.858802679650163
933,9.32,24.44248336226042,22.828538528372878,8.734576210267582,2.613582843497055,16.0975473231659,16.186758215277056,8.734576210267582
934,9.33,24.19105959787117,22.62551047305628,8.561170498324115,2.6428057328709103,16.11839093521675,15.87800988240976,8.561170498324115
935,9.34,24.563819863496597,22.997937011162513,8.62995593945365,2.664896225717982,16.41389240320555,16.108669806827304,8.62995593945365
936,9.35,24.59382610430851,23.047610550888898,8.582769386597864,2.68533494408904,16.45354400363213,16.13918343120204,8.582769386597864
937,9.36,24.58394788031302,23.091758410082782,8.434523514242994,2.7377667951353493,16.379375450557465,16.277142449438244,8.434523514242994
938,9.37,24.59685989791359,23.092906577075258,8.468954047582498,2.726771977664377,16.52142955324389,16.13458086517047,8.468954047582498
939,9.38,24.537487873653205,23.02761894971273,8.474495657943839,2.717284883865278,16.476324591670725,16.087323035330503,8.474495657943839
940,9.39,24.5830268457884,23.10918110590064,8.383970271621786,2.756352939862038,16.561498417739372,16.11679315324644,8.383970271621786
941,9.4,24.660399280786898,23.24328197527931,8.239243636735772,2.821045595938688,16.669791577951436,16.197783975902485,8.239243636735772
942,9.41,24.37686448452092,23.047996394753163,7.938600902183113,2.903281910596484,16.497231178219717,16.095076926343967,7.938600902183113
943,9.42,24.59911353125645,23.13856357230866,8.350045648610253,2.771070308598821,16.51129942614152,16.21018554644172,8.350045648610253
944,9.43,24.649908401475944,23.23606157323279,8.228209207724902,2.8239512373382585,16.507322806464018,16.353068556031264,8.228209207724902
945,9.44,24.722787138602666,23.285204420521463,8.307554332966173,2.802895230925031,16.50780689575897,16.422334072774333,8.307554332966173
946,9.45,24.978499098363287,23.47637140546466,8.531436153404476,2.7517490588142532,16.61224845816995,16.58834577440888,8.531436153404476
947,9.46,25.007745112661617,23.52940941900206,8.470785560550341,2.777712793082838,16.635878972782738,16.639730719273917,8.470785560550341
948,9.47,24.970519078265973,23.50240653295459,8.435858592803601,2.7860123868131037,16.586178378347157,16.65118012760405,8.435858592803601
949,9.48,24.823465416283227,23.35742952621462,8.404458412136195,2.779171289905612,16.589972013513023,16.44209058066939,8.404458412136195
950,9.49,24.905287914420427,23.5083722733651,8.223733893862047,2.8586007982226977,16.67710888197661,16.56857284988112,8.223733893862047
951,9.5,25.239361330238378,23.83902198183066,8.290138195960727,2.875588008104128,16.709606040496066,17.002589068186722,8.290138195960727
952,9.51,25.44545119141279,23.93217880423014,8.644177463294486,2.7685894818625183,16.874168035299803,16.970905557279753,8.644177463294486
953,9.52,25.530859629677778,24.018972108986794,8.65527424510771,2.775067713488481,16.862503765575436,17.104589674360497,8.65527424510771
954,9.53,25.569650618779125,23.967712187351296,8.908187541286042,2.690526223911443,16.946370828095038,16.949092697026508,8.908187541286042
955,9.54,25.460096191426555,23.836766723325077,8.945672152190433,2.6646143875827617,16.96307549831619,16.746507619818605,8.945672152190433
956,9.55,25.38781178164101,23.78394170025434,8.880602696829353,2.6781900409468755,16.696783192057158,16.937925310926804,8.880602696829353
957,9.56,25.390622350876487,23.81095349744523,8.816019334559634,2.7008735568562137,16.7200972866552,16.952871532052754,8.816019334559634
958,9.57,25.22679639095479,23.655093391559266,8.76514761925313,2.6987672563094716,16.69370122454381,16.75958778696706,8.76514761925313
959,9.58,25.35788888082224,23.784945581334203,8.791978854905127,2.705300589760218,16.864507356218752,16.772359045139506,8.791978854905127
960,9.59,25.344705818862757,23.79255008322474,8.733193779021404,2.724381330044277,16.918990828588157,16.728215350266968,8.733193779021404
961,9.6,25.63082692926528,24.008596554398665,8.973660377241101,2.6754518830787273,16.93906107614141,17.014138778399406,8.973660377241101
962,9.61,25.122439432046693,23.602365520233477,8.606120198216411,2.742509397570927,16.925372756801917,16.450027817423702,8.606120198216411
963,9.62,25.115558871443472,23.638227893400256,8.486782634462658,2.7852990834726277,16.855877650602956,16.572423074741657,8.486782634462658
964,9.63,25.293000220936808,23.71091920336792,8.805008274139663,2.6928900536081226,16.846181849261892,16.685737819174815,8.805008274139663
965,9.64,25.244242816676216,23.605687219321894,8.946693595449192,2.638481687953315,16.698906700574994,16.684573237033923,8.946693595449192
966,9.65,25.36909520206245,23.680793596318228,9.100055275649781,2.6022692037579214,16.66217593179207,16.827117357688913,9.100055275649781
967,9.66,25.200971251330053,23.63669958248256,8.74044534665326,2.7042900727630674,16.589198792027823,16.837222175617743,8.74044534665326
968,9.67,25.466615121434067,23.850860249183683,8.926642768542047,2.671873499098155,16.628975193256387,17.097974109471394,8.926642768542047
969,9.68,25.306697852235967,23.73540168587343,8.778363343733348,2.703852729315144,16.70785783423107,16.858730076161926,8.778363343733348
970,9.69,24.591899058871174,23.13342851091391,8.343020115770077,2.7727882936763897,16.053008358719676,16.657023662840874,8.343020115770077
971,9.7,24.446684488285225,22.95361387193218,8.412609148653464,2.728477392249487,15.986838407359002,16.470864807858405,8.412609148653464
972,9.71,24.03844215428661,22.526072643117047,8.39182652835468,2.6842872129213995,15.376083222987013,16.462078041449185,8.39182652835468
973,9.72,23.91889442619191,22.415233253814314,8.346905339610082,2.685454350062322,15.650669321313435,16.0467825939595,8.346905339610082
974,9.73,24.574232319905104,22.982188328560323,8.701259319389022,2.6412485233429486,16.122734949263933,16.377985166838982,8.701259319389022
975,9.74,24.928465848196495,23.453477375113252,8.447651067589728,2.7763312176913773,16.247044167435487,16.914465903668066,8.447651067589728
976,9.75,24.94864195413373,23.28954413210861,8.946053290369298,2.603331701274407,16.074708695190914,16.852495549508035,8.946053290369298
977,9.76,25.07808220765852,23.437104216213495,8.922575478662335,2.6267196363047374,16.375408913484158,16.767344362117573,8.922575478662335
978,9.77,25.040777575657962,23.415588261330054,8.874162944719744,2.638625006909826,16.540473794306788,16.574151570562766,8.874162944719744
979,9.78,24.780340547063428,23.157905504029344,8.81910938218157,2.625878022424619,16.16968171267779,16.577996882743285,8.81910938218157
980,9.79,24.86947720124907,23.278020143050398,8.753552106612903,2.6592656169219504,16.073796218705134,16.83743736142174,8.753552106612903
981,9.8,24.62313956705016,23.0625581903631,8.626552721368324,2.6734385026403653,15.821514719975529,16.77978731240303,8.626552721368324
982,9.81,24.659423726893746,23.051623307690335,8.758415463018288,2.631939921670076,15.797471574260722,16.7874128137744,8.758415463018288
983,9.82,24.876400916967256,23.31205323365535,8.682366993677963,2.684988235423583,16.009142644296354,16.94577167801316,8.682366993677963
984,9.83,24.82632343595421,23.21440027861443,8.79988380894177,2.6380348630314563,15.819455407782034,16.989797258853017,8.79988380894177
985,9.84,25.38541723478918,23.757403507129737,8.9445618553259,2.6560723589813136,16.087873190515925,17.481263043798045,8.9445618553259
986,9.85,25.14467504477176,23.509723123881404,8.918946223943925,2.6359305834546776,15.993606621058746,17.231123834863176,8.918946223943925
987,9.86,24.955874251929984,23.39031932932606,8.699920766897696,2.6885669371063496,15.938913856211173,17.118938734983654,8.699920766897696
988,9.87,24.696501858730745,23.236266312094674,8.366189809686688,2.7774012831015207,15.737623328110113,17.095358554564164,8.366189809686688
989,9.88,24.90093858993026,23.40430509744406,8.502661087285098,2.75258590895066,15.881451807224362,17.191305523114174,8.502661087285098
990,9.89,25.218665110248498,23.67430391363655,8.689557189387612,2.724454583548805,16.471582384528496,17.004694632510088,8.689557189387612
991,9.9,25.187000718784365,23.682640173021305,8.574238137773017,2.7620693281995066,16.3221314851367,17.159704815255765,8.574238137773017
992,9.91,24.863695124765798,23.334873978506597,8.584112747658803,2.7183792506535815,16.194987368515662,16.799962134671684,8.584112747658803
993,9.92,24.953337758456986,23.396573963034484,8.675793455349888,2.696764749350631,15.99831095282478,17.072015694242722,8.675793455349888
994,9.93,24.95485875642847,23.41252694814791,8.637045643942304,2.7107101100673896,15.959965662998634,17.129679335400784,8.637045643942304
995,9.94,24.464771883454894,22.863813536289683,8.704659320574352,2.6266178484721077,15.404433009518817,16.895484990892403,8.704659320574352
996,9.95,24.482400953508854,22.881126353158134,8.708732012134924,2.6273774782913413,15.38054796842357,16.94062240238561,8.708732012134924
997,9.96,24.716461780714997,23.103762363789134,8.781779295513285,2.630874858765025,15.413611086053605,17.210590595628165,8.781779295513285
998,9.97,24.965860738787217,23.441945512341846,8.588911050005875,2.7293268466583798,15.648591642571029,17.45412240726128,8.588911050005875
999,9.98,25.06985562769638,23.480013545572294,8.785591903411028,2.6725590949035682,15.692650373463042,17.465731028402693,8.785591903411028
1000,9.99,24.84850566887386,23.302943533816126,8.62676397241941,2.7012381013689337,15.314752075933772,17.563756608223226,8.62676397241941
1001,10.0,24.84128788000213,23.31413975000987,8.575574106387897,2.718668098575849,15.497191093019465,17.417984398587237,8.575574106387897
1002,10.01,24.707750116402668,23.120193051915834,8.713758606751671,2.653297399586172,15.275018083000973,17.355608584024086,8.713758606751671
1003,10.02,24.225755989644245,22.722792065328942,8.400117500702477,2.7050564546780094,15.121722918333035,16.960506337528294,8.400117500702477
1004,10.03,24.09907597614251,22.518418725158035,8.584071354686015,2.6232795365645822,14.971715006524066,16.820431969630572,8.584071354686015
1005,10.04,24.395814606649903,22.934688948692756,8.31599742356521,2.7578999584225774,15.31740236284464,17.069772758534633,8.31599742356521
1006,10.05,24.389178757586073,22.91594360647883,8.348147644487966,2.7450333394150674,15.437765806631004,16.93563870289315,8.348147644487966
1007,10.06,24.419971194158848,22.91470210431639,8.44105565637296,2.7146725524805526,15.522900443153384,16.855952490485684,8.44105565637296
1008,10.07,24.591283503699387,23.117276669228787,8.385865713070288,2.7566953085354067,15.381833190048626,17.257105444285497,8.385865713070288
1009,10.08,24.41773964933088,22.932600935219398,8.385810868871273,2.734690931362028,15.378440522949228,17.01198850035288,8.385810868871273
1010,10.09,24.145849334500905,22.763757777708783,8.051917282375712,2.8271226565547076,15.369872069650844,16.791536580216953,8.051917282375712
1011,10.1,23.690078951718302,22.16732362722373,8.35641094876114,2.652732586172069,14.987903014228634,16.33257481324202,8.35641094876114
1012,10.11,23.163681313964503,21.666953208468446,8.191414449101385,2.6450808151753757,14.501010674251662,16.098992228186226,8.191414449101385
1013,10.12,23.270369207147876,21.802222279494725,8.134690326772137,2.6801539337940468,14.59427728830277,16.197035739808257,8.134690326772137
1014,10.13,23.419642028708548,21.997324563826762,8.03724733889132,2.736922684634107,14.738621475197807,16.329584347961045,8.03724733889132
1015,10.14,23.72177491743922,22.26695202794858,8.179575332417016,2.722262602032767,14.98909849724564,16.46645313523322,8.179575332417016
1016,10.15,23.577870818264483,22.22676035654204,7.866836490967569,2.8253746448222286,14.887844042128096,16.50396848410769,7.866836490967569
1017,10.16,23.318006013678033,21.84457924772915,8.157435990775893,2.6778732033484713,14.79072719097969,16.075448101758568,8.157435990775893
1018,10.17,22.740008514501962,21.443152742444948,7.5696226923009435,2.832790168558171,14.11658257118451,16.140969489059632,7.5696226923009435
1019,10.18,23.194799021267134,21.89490896975585,7.655825418795773,2.859901809673165,14.608713174731516,16.308664512225427,7.655825418795773
1020,10.19,23.003861527879106,21.635161432759993,7.816484821980454,2.767888881703005,14.412537805695157,16.13564266526107,7.816484821980454
1021,10.2,23.246540946760877,21.723658620869777,8.275525488652688,2.6250488444095814,14.678408353337707,16.01442075408148,8.275525488652688
1022,10.21,23.187897347977607,21.723847633462004,8.108824046584958,2.679037984874148,14.684544818795068,16.00905054857007,8.108824046584958
1023,10.22,22.868847499307797,21.397911432646833,8.069298127296982,2.651768604293049,14.485832703863375,15.749008367356984,8.069298127296982
1024,10.23,23.15037616020276,21.513440406298216,8.550543739642512,2.516031852636037,14.535245166425398,15.860478115972791,8.550543739642512
1025,10.24,22.893743407762102,21.36298507493414,8.23081745081201,2.595487653881399,14.50478613484429,15.684014489099651,8.23081745081201
1026,10.25,23.010920178423667,21.394842800513224,8.471313298368376,2.525563870319139,14.639272621219428,15.602275333434152,8.471313298368376
1027,10.26,22.92719109892458,21.333562823889352,8.398523020494304,2.5401564979735856,14.824468243346852,15.341318198343796,8.398523020494304
1028,10.27,23.345853909046298,21.81565180454807,8.313015763563222,2.6242764870203006,15.39256126059637,15.459357085469932,8.313015763563222
1029,10.28,23.81489053206506,22.25971548557508,8.46487315649154,2.629657299531364,15.76557052253123,15.714379389522367,8.46487315649154
1030,10.29,23.425126306329794,21.885043969233575,8.353525778509171,2.619857117761757,15.53185650130234,15.41806029169166,8.353525778509171
1031,10.3,23.607394108253708,22.073511879329704,8.370730547300056,2.6369875071954647,15.595161431027508,15.62148733722566,8.370730547300056
1032,10.31,23.672451183956667,22.124158383675383,8.420603355511874,2.6273839830246337,15.583494469507825,15.704556163889915,8.420603355511874
1033,10.32,24.033330304008253,22.51549761647506,8.405553675045281,2.67864539171523,15.578537285187085,16.25597763813453,8.405553675045281
1034,10.33,23.842625548303214,22.198682427813836,8.699959281839787,2.5515846349018156,15.503611162151984,15.88771671649917,8.699959281839787
1035,10.34,23.786794573598865,22.23529979636962,8.450031896517167,2.631386492817181,15.68899619905578,15.7563941084389,8.450031896517167
1036,10.35,23.8443026689394,22.221113969753343,8.647130374362556,2.569767426617692,15.40520238112975,16.01429504078158,8.647130374362556
1037,10.36,23.880793589483815,22.192391506892964,8.81986744051838,2.5161819785342066,15.559841701027217,15.823829088883304,8.81986744051838
1038,10.37,23.937529659591952,22.29977561115408,8.702030446741844,2.5625945286715712,15.568283061718487,15.965855906215351,8.702030446741844
1039,10.38,23.98258931193715,22.412451919070392,8.535021328643525,2.625939766999084,15.402209586842831,16.281582873529494,8.535021328643525
1040,10.39,23.761624400061976,22.15289180573157,8.594427192848366,2.5775879309519936,15.4764218461903,15.850267574877488,8.594427192848366
1041,10.4,23.39497158818589,21.70578786516779,8.728314199452234,2.486824760104304,14.85609773023424,15.825219969320944,8.728314199452234
1042,10.41,23.41135575128104,21.590362599649367,9.052503572421355,2.385015639808734,14.951556156698878,15.5754526636441,9.052503572421355
1043,10.42,23.140332431562094,21.471562158509638,8.628267700787998,2.4885136742510543,14.848575961692198,15.509602620202742,8.628267700787998
1044,10.43,23.163545120258874,21.382145250160914,8.908068648101542,2.400312132160971,15.041373948648546,15.19714464088224,8.908068648101542
1045,10.44,23.237974297561067,21.553637545538297,8.685859658644652,2.4814627903971385,15.103188540850327,15.377027909968994,8.685859658644652
1046,10.45,22.772699212769435,21.193426188961006,8.332737593872238,2.5433929666219552,14.866812543522775,15.104277487609,8.332737593872238
1047,10.46,23.055553249195093,21.452562783923856,8.446661211879855,2.5397683470187933,15.033784351640032,15.303521753719899,8.446661211879855
1048,10.47,23.188480846872967,21.604126339503686,8.424213262528296,2.5645274717344706,15.081932769621636,15.468470474673634,8.424213262528296
1049,10.48,23.192698645861743,21.644700907559457,8.331157968737113,2.5980423116188365,15.031824074292107,15.573610447716915,8.331157968737113
1050,10.49,23.469698951996122,22.006233942166993,8.157967674607772,2.697514236378123,15.368888864174,15.750288486184978,8.157967674607772
1051,10.5,23.501334043735255,22.164720534819015,7.812673386786494,2.837021265000789,15.175842529716615,16.154523821514275,7.812673386786494
1052,10.51,23.412354067961587,22.005405422855436,7.993776027595597,2.7528173602675126,15.141376944420838,15.967985848290216,7.993776027595597
1053,10.52,23.17696391778601,21.755790608358932,7.99107198388276,2.722512155094875,15.562077916342105,15.203162694665085,7.99107198388276
1054,10.53,22.81807936082205,21.38555439036859,7.9575630147275564,2.687450209415749,14.91528374218713,15.325672822863654,7.9575630147275564
1055,10.54,22.753364241345867,21.319091906818283,7.950591460262066,2.681447287711041,14.877006725102412,15.270178474157477,7.950591460262066
1056,10.55,22.92690935138125,21.527229715658162,7.888063968790916,2.7290891403556734,15.092158904022595,15.350842284592963,7.888063968790916
1057,10.56,22.95837627581449,21.429115852289932,8.238934094348494,2.600957309148675,14.88665133059176,15.414104527096415,8.238934094348494
1058,10.57,22.46204374538576,21.092389182784338,7.723634363535458,2.730889137161251,14.42967936640017,15.38418781804626,7.723634363535458
1059,10.58,23.00013697519213,21.503025877415293,8.162486079180061,2.634372134766975,14.557554573445387,15.825856271492896,8.162486079180061
1060,10.59,23.311454744188755,21.890732136651895,8.01372377934979,2.7316554375209625,14.825510532934047,16.10616003014082,8.01372377934979
1061,10.6,23.197546737565272,21.938545533700015,7.538328362926102,2.9102666370431596,14.78950059397599,16.204025805799393,7.538328362926102
1062,10.61,23.01233546096124,21.594699867747778,7.952139397024429,2.715583667437745,14.514599027038656,15.989292587928787,7.952139397024429
1063,10.62,23.198151217360415,21.775651032313316,7.998452476725265,2.722483017268451,14.467517274762116,16.274824785095163,7.998452476725265
1064,10.63,22.96077405522158,21.544555446652783,7.939097922373819,2.713728392987359,14.499083418959724,15.935634578012364,7.939097922373819
1065,10.64,23.265241446986874,21.852971880854405,7.982423163500075,2.7376363584403705,14.61006365181036,16.25110519673856,7.982423163500075
1066,10.65,23.617905987408825,22.168965307470803,8.145088116542224,2.721758806076862,15.048147375794127,16.279320727850546,8.145088116542224
1067,10.66,23.526879575004457,22.07751255443466,8.130037019936749,2.715548834561939,14.979685497909955,16.218063477953407,8.130037019936749
1068,10.67,23.703182304678094,22.261640856591544,8.140036716191076,2.734832978371173,15.304955524121418,16.16598249512015,8.140036716191076
1069,10.68,23.760136051918252,22.25296246166631,8.327648340638293,2.6721784531983106,15.088217354037345,16.356651105824085,8.327648340638293
1070,10.69,23.961733755234746,22.409125188125945,8.485033462494751,2.641017891936193,15.238828567317917,16.43006377324799,8.485033462494751
1071,10.7,23.78827193167252,22.306072967677277,8.26565122999123,2.698646766844159,15.187370153518644,16.337217604578637,8.26565122999123
1072,10.71,23.580451842489257,22.069462255055374,8.305211909917848,2.6573027268215337,15.01892636525755,16.17074565572922,8.305211909917848
1073,10.72,23.943868782172288,22.458307435467677,8.302606782926794,2.704970622196657,15.212815338955604,16.521072069597054,8.302606782926794
1074,10.73,23.97599566174489,22.597834456806424,8.011631908343144,2.8206281460926226,15.277060122777318,16.65153314689896,8.011631908343144
1075,10.74,24.29236492638184,22.906717513230003,8.087106187357026,2.8324986691829532,15.597340538872395,16.776193708507478,8.087106187357026
1076,10.75,24.379113476748184,23.061083120187856,7.907440751339961,2.9163776050146217,15.890863958228815,16.712091351392193,7.907440751339961
1077,10.76,24.22175495867946,22.911566063354528,7.858342942558196,2.9155721798896095,15.740608841292046,16.64851623361366,7.858342942558196
1078,10.77,24.081819598134864,22.754736427168858,7.883907995860109,2.886225516471973,15.347350626459136,16.799906506241328,7.883907995860109
1079,10.78,24.471734914278915,23.14532164028058,7.947320044058696,2.912342967436387,15.868386409861703,16.849339054673834,7.947320044058696
1080,10.79,24.550395468808297,23.219442848559783,7.973668633530536,2.9120150229115818,15.915304797089703,16.906968959966406,7.973668633530536
1081,10.8,24.510212810561637,23.1834416308452,7.954782597168418,2.91440292021275,16.090792940360767,16.69006735760052,7.954782597168418
1082,10.81,24.317838490549985,23.032104216926452,7.802528064231034,2.9518771387073945,15.982986762795433,16.58378602128197,7.802528064231034
1083,10.82,24.176526404729337,22.892526335806174,7.774102325220297,2.9447163644269967,15.822544480496127,16.54432978994014,7.774102325220297
1084,10.83,24.475014783632858,23.194510684787172,7.812875447128332,2.9687546975182424,15.887412804847528,16.898977491998536,7.812875447128332
1085,10.84,24.701419496246412,23.38980638445989,7.942108185300779,2.9450374936656805,16.12521711148655,16.942857368517924,7.942108185300779
1086,10.85,24.591051279637508,23.268187559180067,7.956836730044134,2.924301245408489,15.932786022531436,16.957443258033003,7.956836730044134
1087,10.86,24.38225808974331,23.04292937955413,7.969812743329304,2.891276134290728,15.862670729814194,16.71383473977815,7.969812743329304
1088,10.87,24.26701308114914,22.885257935327648,8.071734207355094,2.8352343309910073,15.708187978490457,16.642952298161674,8.071734207355094
1089,10.88,24.55633491755657,23.16504004953672,8.148282278282206,2.8429353891284554,15.48348361143944,17.2302297068532,8.148282278282206
1090,10.89,24.383535765116843,23.02995718142079,8.011110324459233,2.874752218941057,15.05453913048499,17.42813183754275,8.011110324459233
1091,10.9,24.307266523550343,22.880862453085985,8.204226913601964,2.788911459183474,14.932844967609718,17.336205114452618,8.204226913601964
1092,10.91,24.380050669007638,23.008831289053923,8.061051627128627,2.8543212912345215,14.948117442958763,17.4917152446425,8.061051627128627
1093,10.92,24.775324612938167,23.436545222017667,8.033993884288222,2.9171724001248784,15.467101549634503,17.607964720460263,8.033993884288222
1094,10.93,24.889438981922957,23.462920050476328,8.305152348983267,2.8251041118286895,15.650623905866436,17.48046305599958,8.305152348983267
1095,10.94,24.67763204213422,23.355695359118506,7.968501584301787,2.9310021604475804,15.233642132289669,17.70380335106778,7.968501584301787
1096,10.95,24.628741028745218,23.162846835705043,8.37003053319802,2.767355118220218,14.939219124594565,17.701333437955434,8.37003053319802
1097,10.96,24.433797631877972,23.08629591442008,8.002087706804788,2.8850341011368865,14.883611957447798,17.648092082383478,8.002087706804788
1098,10.97,24.391402924464472,23.002449158590608,8.113437577872162,2.835105211300985,14.999978026309574,17.438845331723535,8.113437577872162
1099,10.98,24.287135823776907,23.031498235059775,7.70811621416195,2.987954202447612,15.308192597226034,17.20782235954903,7.70811621416195
1100,10.99,24.113310420565245,22.8000272668158,7.849235381296476,2.90474500499052,14.912080388871859,17.247350574606156,7.849235381296476
1101,11.0,24.218676962863963,22.794819801598518,8.181717670771208,2.786067757267146,15.071297985925359,17.101455692624242,8.181717670771208
1102,11.01,24.428452422595335,22.99380065638584,8.248297953965654,2.7877024793134173,15.138400789526315,17.307330532502085,8.248297953965654
1103,11.02,23.676723503100778,22.244554615681093,8.109687157484295,2.7429608792186224,14.473927472552393,16.891584696804266,8.109687157484295
1104,11.03,23.949512795201535,22.55417448899297,8.055332162461138,2.7999062030114987,15.205892354451418,16.657479538777086,8.055332162461138
1105,11.04,23.72542801666686,22.252931461812377,8.22818181191456,2.7044773645606273,14.76779598417115,16.646475915761194,8.22818181191456
1106,11.05,24.209924911965842,22.83443568478655,8.044191146434235,2.838624203367969,15.330626959369582,16.92286412151631,8.044191146434235
1107,11.06,24.276699468178137,22.847877054175274,8.205647517748476,2.7844087873329024,15.392073143288892,16.88518789455284,8.205647517748476
1108,11.07,24.087665162401905,22.671781249043256,8.136703753456981,2.786359432025636,15.12849207743158,16.886041349811958,8.136703753456981
1109,11.08,24.023832202063637,22.597427080679573,8.15480245047539,2.7710575722606547,14.619631006221123,17.231079476009864,8.15480245047539
1110,11.09,23.69792412354328,22.334166447158644,7.92316962306295,2.818842396374782,14.453478600624681,17.026800851324698,7.92316962306295
1111,11.1,24.10536070833499,22.71164399908145,8.077725034805761,2.811638660788802,14.699009488447903,17.313517643723674,8.077725034805761
1112,11.11,24.085175988879953,22.721596149230397,7.989040671231918,2.8440956911196578,14.89623819093847,17.157302215894777,7.989040671231918
1113,11.12,24.16899495105586,22.932235944275256,7.632356879775322,3.004607397885504,15.306640124032517,17.076129933836526,7.632356879775322
1114,11.13,24.27455437608623,22.906176229970818,8.034991019228755,2.8508029660709546,15.082311578921852,17.23997641862656,8.034991019228755
1115,11.14,24.242901474205606,22.823503763271518,8.173490555201699,2.7923814934546405,15.354080601165293,16.88681535769811,8.173490555201699
1116,11.15,24.074378320570734,22.690559750173346,8.044513021046019,2.8206256476694618,15.326740553328214,16.73178190711172,8.044513021046019
1117,11.16,24.176082158668645,22.766772571420557,8.133696282988984,2.7990684406344943,15.433577691597653,16.737102884197334,8.133696282988984
1118,11.17,24.11199332993312,22.682292498781823,8.179353846267142,2.7731154471491006,15.20218977301704,16.833889007162615,8.179353846267142
1119,11.18,24.377575494512445,22.993566919775734,8.097040650537007,2.83974947294488,15.612184454492693,16.88087131202361,8.097040650537007
1120,11.19,24.995421554992955,23.645067046450755,8.104437246388855,2.9175458242935295,16.146531655708205,17.27364209199566,8.104437246388855
1121,11.2,24.673604076008466,23.25886362906444,8.23480423472255,2.824458598662496,15.929058559407702,16.948151248038144,8.23480423472255
1122,11.21,24.74187904733896,23.36742345405606,8.131672639253338,2.873630615828835,16.327448866017235,16.71678475092509,8.131672639253338
1123,11.22,24.592516609925386,23.20070823220706,8.155918754711546,2.844646805585744,16.142959236277008,16.663664950181253,8.155918754711546
1124,11.23,24.69556844920821,23.27965087699517,8.24190245481867,2.8245482162173134,16.113156533176323,16.802033552285845,8.24190245481867
1125,11.24,24.633429094131174,23.17907681449627,8.338838466073678,2.7796529347342163,15.847333283006096,16.91542579392094,8.338838466073678
1126,11.25,24.923727854841346,23.501664740167612,8.298431455579829,2.832061078767506,16.340825681747443,16.890993505356068,8.298431455579829
1127,11.26,24.512843916137033,22.99727768643816,8.485560433451052,2.710166036385794,15.968335058054162,16.54953342124378,8.485560433451052
1128,11.27,24.708623939883267,23.26814219313411,8.313221751082088,2.798931977257243,16.198112287235244,16.704119235985672,8.313221751082088
1129,11.28,24.84254014614925,23.387244117887537,8.377864494211652,2.7915519681711265,16.386952312632012,16.686251266632343,8.377864494211652
1130,11.29,24.890883058616758,23.412815184291418,8.449623931510079,2.770870677093813,16.062457249861726,17.034006632326737,8.449623931510079
1131,11.3,24.739833547892104,23.206046368515416,8.575475259116553,2.706094492412553,16.117558627997393,16.695654881757537,8.575475259116553
1132,11.31,24.83720318791446,23.27038623040937,8.681922994666696,2.6803262646656005,16.261768815530772,16.645292136296582,8.681922994666696
1133,11.32,24.78502073877644,23.219906184795,8.667941496739417,2.678825900420479,16.1899625405376,16.644793665488027,8.667941496739417
1134,11.33,25.047652794796267,23.512538399028717,8.633970613968135,2.7232590253422764,16.295954116144728,16.949375841319515,8.633970613968135
1135,11.34,25.455635030362295,23.953311148228146,8.615581224454736,2.780231597171682,16.382609327409664,17.474874150885913,8.615581224454736
1136,11.35,25.93723514736939,24.386966742525754,8.832667784360327,2.7609967155910518,16.5486573405434,17.912735333453018,8.832667784360327
1137,11.36,25.509131071387365,23.96108122714337,8.751134466082553,2.7380542854199286,16.332159871908164,17.532654319645815,8.751134466082553
1138,11.37,25.203420756180375,23.708669451014174,8.550521076262612,2.7727748098104343,16.412183355264006,17.109682774693628,8.550521076262612
1139,11.38,25.022481245261734,23.524047146165447,8.5289960449317,2.758126164232947,16.38109796201346,16.88314022017033,8.5289960449317
1140,11.39,24.94698991281458,23.396518704071006,8.657668175676871,2.702404184281621,16.25682975390549,16.82594941815996,8.657668175676871
1141,11.4,25.22981888256376,23.60575027474269,8.905746168258789,2.650620153410231,16.264232566490907,17.108658189835086,8.905746168258789
1142,11.41,25.396821997804373,23.697173840458657,9.134687710219886,2.5941963854928796,16.403206915965846,17.102363897921485,9.134687710219886
1143,11.42,25.38652506437966,23.667155456067782,9.183757807275741,2.5770665943866367,16.42625842907826,17.038552796608467,9.183757807275741
1144,11.43,25.049880055826836,23.36092438256298,9.042328395025569,2.5835076279041647,16.45237462011605,16.584696481008834,9.042328395025569
1145,11.44,25.328914987406854,23.668719684393164,9.019181944106855,2.6242645764406975,16.720308337895347,16.752300754943715,9.019181944106855
1146,11.45,25.53288467132764,23.838255627436965,9.146899380680185,2.606156975749338,16.94956333659274,16.762300977427337,9.146899380680185
1147,11.46,25.750945036770194,24.19967841831348,8.80265498227508,2.7491340359291216,17.250138631269575,16.972246544042665,8.80265498227508
1148,11.47,25.801577647397316,24.308062577346362,8.650982766743109,2.809861403353341,17.244291796641242,17.132317610191514,8.650982766743109
1149,11.48,25.943376533742207,24.453008744031163,8.666553486586293,2.8215378560668256,17.18999316311819,17.391198109607465,8.666553486586293
1150,11.49,25.663929600135763,24.19135006706497,8.568305809986027,2.823352784499229,17.209308017761188,17.00179801130177,8.568305809986027
1151,11.5,25.410048865915847,23.89666246534282,8.638293024996704,2.7663639559566735,17.153645280844426,16.63739554622322,8.638293024996704
1152,11.51,25.66693021174392,24.124132727933873,8.764560834380838,2.75246337880409,17.22479942856249,16.890235774575896,8.764560834380838
1153,11.52,26.012377100694593,24.51408326690145,8.7007749087172,2.817459769283434,17.39209337753171,17.275860799502734,8.7007749087172
1154,11.53,25.6986028390716,24.161647227576317,8.754027137865895,2.760060809391845,17.18355961624209,16.98559612333051,8.754027137865895
1155,11.54,25.50256041355016,23.961851665289803,8.729848361651174,2.7448187726318802,17.16117478187045,16.723170014547048,8.729848361651174
1156,11.55,25.24119228428177,23.63165466014681,8.869198721172438,2.664463318849044,17.087314663001983,16.32417776134516,8.869198721172438
1157,11.56,25.329063026532584,23.791369992371163,8.690923293192798,2.7374962578493647,17.213681311652653,16.423107556572816,8.690923293192798
1158,11.57,25.283787701795724,23.72094388344202,8.751385137683702,2.7105359334831456,17.03282801635509,16.509571420441972,8.751385137683702
1159,11.58,25.362617183651537,23.821150272214183,8.70718956455217,2.7358024188645715,17.03185890303784,16.654218162328142,8.70718956455217
1160,11.59,25.245030130624684,23.671548345511184,8.773217495438875,2.6981604363299816,16.838981813186038,16.637033767143198,8.773217495438875
1161,11.6,25.170360515784324,23.6357353226798,8.654424547639252,2.731057991501831,16.845451265620294,16.579467901636207,8.654424547639252
1162,11.61,25.32308321630641,23.792004546655154,8.67173934294152,2.7436254257366466,16.95422834006219,16.691723150744252,8.67173934294152
1163,11.62,25.349598774643447,23.802759112008275,8.719565166400901,2.7298103354657455,17.092959018696142,16.56508657778362,8.719565166400901
1164,11.63,25.599541333508757,24.05291992506437,8.763193456980433,2.744766510421462,17.30156045125087,16.709247824880393,8.763193456980433
1165,11.64,25.534986477328797,24.031924405579375,8.63146243471424,2.784223946677582,17.22135310288027,16.76181338463705,8.63146243471424
1166,11.65,25.5647984434841,24.06884498775981,8.616821943800192,2.7932392179784284,17.216879309408046,16.819285534471657,8.616821943800192
1167,11.66,25.71289621530881,24.15435384888747,8.815907322674,2.7398602281995275,17.18381514915645,16.974961171586997,8.815907322674
1168,11.67,25.845576830443655,24.223951250413492,9.010772858970343,2.6883322473608056,17.44953713514905,16.802186403901832,9.010772858970343
1169,11.68,25.727133612173844,24.221267825209235,8.672692133249557,2.7928199748206453,17.33586792601934,16.91559925962217,8.672692133249557
1170,11.69,25.6140149838467,24.19603102899329,8.404156473835853,2.8790552751274103,17.319438258032896,16.89630065967674,8.404156473835853
1171,11.7,25.35357374627264,23.986218247715037,8.213710238416455,2.9202659396881048,17.194544525176674,16.723824454912663,8.213710238416455
1172,11.71,25.15300928409145,23.787731172654794,8.174210769431992,2.9100951570285667,17.11356919573729,16.5221640145958,8.174210769431992
1173,11.72,25.450472402913483,23.983241283229273,8.51649476497626,2.816092998948274,17.176413775627815,16.738180076042198,8.51649476497626
1174,11.73,25.4909677394825,24.0944396837326,8.321503026635835,2.8954432398342043,17.401252500234122,16.665486344422234,8.321503026635835
1175,11.74,25.449099130855664,24.059855191444996,8.293371735236262,2.9010945077044203,17.315979737138232,16.70429518346467,8.293371735236262
1176,11.75,25.478177983374955,24.0813000566599,8.320369038308586,2.8942586495604874,17.342848051855306,16.70732276186543,8.320369038308586
1177,11.76,25.457821857435007,24.08353491453951,8.251305335827306,2.918754540565648,17.24479595808566,16.811712177640803,8.251305335827306
1178,11.77,25.47383836558898,24.094655137857632,8.26825464435293,2.914116240277366,17.414286044881486,16.652178468877132,8.26825464435293
1179,11.78,25.50907347375749,24.125307273872192,8.287483238644135,2.91105352242247,17.374902524396866,16.737479300254797,8.287483238644135
1180,11.79,25.520781739711584,24.151461065104453,8.247255848264937,2.9284238914675425,17.436962370035587,16.71063777613587,8.247255848264937
1181,11.8,25.369106375884815,24.01052746980895,8.1906122440578,2.931469193554893,17.385023971873288,16.56098942925335,8.1906122440578
1182,11.81,25.243043105492806,23.896445415624292,8.134563400936562,2.9376432683373035,17.246826897283956,16.54046751083638,8.134563400936562
1183,11.82,25.27222224232677,23.88927905821437,8.24545712161044,2.897265573742805,16.995682396252004,16.788223068775604,8.24545712161044
1184,11.83,25.139679130101605,23.916777283506327,7.7454006439707,3.0878683211983375,17.076257800611835,16.74555628087308,7.7454006439707
1185,11.84,25.21130920346314,23.88078354633634,8.081973086174992,2.95482096905108,16.995031375301213,16.776791449484488,8.081973086174992
1186,11.85,25.07136579581265,23.76736107496509,7.980346508747526,2.978236728055967,17.060334123749094,16.54788361252907,7.980346508747526
1187,11.86,24.944367354221882,23.616990600882502,8.028649803061422,2.9415893307336756,16.932470728446404,16.463707968512992,8.028649803061422
1188,11.87,25.02012526777191,23.849770293093993,7.562745889004185,3.1535860973155585,17.014859789243754,16.712453122917793,7.562745889004185
1189,11.88,24.94574365911266,23.77709285409944,7.545858606791715,3.15101224302012,17.05951179903645,16.56270514653336,7.545858606791715
1190,11.89,24.950813216067356,23.760893972287473,7.613343403577326,3.120953924280206,17.175262376258292,16.419209623760015,7.613343403577326
1191,11.9,25.06668403858213,23.852286093856797,7.707599936874885,3.094645063211197,17.175656268626003,16.55078196476537,7.707599936874885
1192,11.91,25.05105536283515,23.850900377383265,7.660935059114541,3.113314522749652,17.221655539570488,16.50090995334022,7.660935059114541
1193,11.92,25.204595854012577,24.038106569276547,7.5789896904674485,3.1716769056317258,17.21999952001925,16.77206558437073,7.5789896904674485
1194,11.93,25.12893726975873,23.994235075153416,7.465934065188821,3.21382895504403,17.25243873195462,16.675631161724425,7.465934065188821
1195,11.94,25.00429314351956,23.816823009549253,7.614040802285244,3.128013577547546,17.215903405601754,16.45763434388991,7.614040802285244
1196,11.95,24.91560248951684,23.763508926077424,7.488851109206029,3.1731848556669786,17.197361138921185,16.399851412048974,7.488851109206029
1197,11.96,24.980293735411028,23.793782029010522,7.607299906231608,3.127756539415459,17.288348313181295,16.347999138921725,7.607299906231608
1198,11.97,25.006027476260034,23.763879959811536,7.783278191041324,3.0531967863058185,17.234757159733242,16.361086039421586,7.783278191041324
1199,11.98,24.99035348405479,23.709508102864493,7.8979106590422035,3.0019975062290456,17.24176538899611,16.27459064771255,7.8979106590422035
1200,11.99,25.023737464521677,23.653335865305948,8.167443855719945,2.8960512350189824,17.267341519368443,16.165370840486876,8.167443855719945
1201,12.0,24.885287605267838,23.59995318361569,7.894285840279969,2.9894981840154298,17.12337351786066,16.240316180317446,7.894285840279969
1202,12.01,25.002690191024158,23.617189167877658,8.20749003027222,2.8775166440371955,16.847395611244902,16.55103879850216,8.20749003027222
1203,12.02,25.282785126781953,23.943301563432815,8.120192978590012,2.9486123823119192,17.090029576478063,16.76939411047964,8.120192978590012
1204,12.03,25.248606970842882,23.919829722775745,8.08293882208136,2.95929862260375,17.01837347742846,16.808724465269385,8.08293882208136
1205,12.04,25.360189037233717,24.055809851667195,8.028524172266096,2.996292884658191,17.291211627850714,16.724113969369164,8.028524172266096
1206,12.05,25.15961893670975,23.85499088046003,7.996613979279782,2.983136480299195,17.063487411606186,16.67027256108275,7.996613979279782
1207,12.06,25.140652646410484,23.85743817290435,7.9293795036883505,3.0087396071542627,17.06128723033908,16.676025732104822,7.9293795036883505
1208,12.07,25.303396779047358,24.013929247292953,7.974527613840971,3.0113293739949225,17.166558751762615,16.792202312867552,7.974527613840971
1209,12.08,25.313524068788528,24.039572113090117,7.9292795007286765,3.0317473499176,17.153157196870648,16.842512447966445,7.9292795007286765
1210,12.09,25.34555692445552,24.042671996295198,8.021669345552567,2.9972155371406717,17.240991309174795,16.757037190338767,8.021669345552567
1211,12.1,25.154595548189892,23.844610811970313,8.011754640444451,2.97620332649722,17.12983312299945,16.587172210853854,8.011754640444451
1212,12.11,25.26030890821344,23.93910091861551,8.062422300196712,2.96921942652786,17.069336045451184,16.784466621228056,8.062422300196712
1213,12.12,25.059141401610304,23.780259237724138,7.903153697893993,3.008958214245666,17.172600857995313,16.45000027918975,7.903153697893993
1214,12.13,25.13281799053484,23.846042672508638,7.9388153402285875,3.0037280942501456,17.161091964175757,16.556892031302407,7.9388153402285875
1215,12.14,25.297920723069,24.011637869000026,7.964046694908812,3.0150046564079016,17.34503021499529,16.604477709127032,7.964046694908812
1216,12.15,25.145127080743222,23.825510510011846,8.038809914660321,2.9638106589087805,17.074820804057588,16.61642096156712,8.038809914660321
1217,12.16,25.160606877900584,23.77988050525902,8.220305445654677,2.892822007949749,17.07797043395088,16.547677864325784,8.220305445654677
1218,12.17,24.703724775165764,23.33930791320657,8.0963401546422,2.882698536304025,16.487246702889514,16.519503322604038,8.0963401546422
1219,12.18,24.82377972723408,23.417693070343375,8.235999709168839,2.8433334018058924,16.380260809340122,16.735453521037435,8.235999709168839
1220,12.19,24.698485489860634,23.28662163729706,8.230943944300964,2.829155658801506,16.389115930135933,16.542781697985266,8.230943944300964
1221,12.2,24.870691323283523,23.394693217862365,8.440356398882395,2.771766038334602,16.89682250713131,16.180514822476948,8.440356398882395
1222,12.21,25.258637499484422,23.81972290200955,8.403545037770796,2.8344850649278124,17.253267201367702,16.422666348882803,8.403545037770796
1223,12.22,25.1390238122462,23.771918871502592,8.177187254758234,2.9071021771783347,17.314950128511292,16.287928931588194,8.177187254758234
1224,12.23,25.22248048742796,23.868200566129097,8.153681602424676,2.9272912200828842,17.246663676890105,16.49980576495387,8.153681602424676
1225,12.24,25.25296094877324,23.87496115946581,8.227895618824133,2.9017092906287782,17.266435666453848,16.488904443358614,8.227895618824133
1226,12.25,25.19806182940413,23.877154243397705,8.051324437349951,2.9656181947695477,17.220326979264126,16.540218665127526,8.051324437349951
1227,12.26,25.023889095561913,23.623937245873165,8.252551997414432,2.8626220414333248,17.10010604316306,16.299594605680582,8.252551997414432
1228,12.27,25.325585272087,23.92862157928305,8.294958630952864,2.8847186157134943,17.269058188849957,16.563772515784095,8.294958630952864
1229,12.28,25.17826428499387,23.796430141203047,8.22647585177523,2.892663951121658,17.10625451444624,16.542253291258252,8.22647585177523
1230,12.29,25.041528360628824,23.663090691996793,8.193673262860338,2.887970990893066,16.914514883422083,16.548143320510555,8.193673262860338
1231,12.3,25.19861361187418,23.75538127509671,8.405473718673758,2.8261799477549148,16.943126205908296,16.65078418261071,8.405473718673758
1232,12.31,25.323777374814888,23.86981107386572,8.457293883219624,2.8223934752021025,17.064860101209547,16.690069814958505,8.457293883219624
1233,12.32,25.284478893575763,23.80643034383702,8.51814223899285,2.7947913612970847,16.875599659062733,16.791672396250647,8.51814223899285
1234,12.33,25.298561733898964,23.843525735991378,8.455974590844862,2.8197253290952826,17.059456573198247,16.657990903768866,8.455974590844862
1235,12.34,25.201890310521513,23.68223834770772,8.618982658406978,2.7476837216522307,16.892493724584394,16.59795375709051,8.618982658406978
1236,12.35,25.272748445946604,23.709941581491126,8.749313356736891,2.709920266284061,16.84722901191955,16.683291174635123,8.749313356736891
1237,12.36,25.461011181579572,23.82317183207335,8.984407284179998,2.651613075691913,17.044234834134233,16.644445772069982,8.984407284179998
1238,12.37,25.26679240948282,23.621186146562124,8.969412672709439,2.6335265204635463,17.013094903475153,16.3864284325745,8.969412672709439
1239,12.38,25.323659380746097,23.69235235335567,8.942044754780191,2.6495452665555423,17.091804578476996,16.407247675546035,8.942044754780191
1240,12.39,25.19372381137597,23.56357673806821,8.915243731556826,2.6430659045990454,16.82914061679227,16.49309476087074,8.915243731556826
1241,12.4,25.036632473730332,23.3584486251664,9.011983325001783,2.5919320734164564,16.78315404682877,16.24631842649137,9.011983325001783
1242,12.41,24.84494886971137,23.1561564016273,9.003549580134898,2.571891918351646,16.439615074547188,16.307870354443764,9.003549580134898
1243,12.42,25.429283552633784,23.789958627083934,8.982557014674924,2.6484617451598647,17.16102841824797,16.47608069616227,8.982557014674924
1244,12.43,25.20236195215402,23.605330930509307,8.828782454479287,2.673679077745667,17.01747090568085,16.35901379402699,8.828782454479287
1245,12.44,25.30005260425504,23.664835909828682,8.948083769106935,2.6446819811333255,16.79133553195176,16.67559623199517,8.948083769106935
1246,12.45,25.301775020166183,23.56951095415583,9.200976717340026,2.5616314091673633,16.79186636588942,16.53950031192549,9.200976717340026
1247,12.46,25.182294390414967,23.559187576532544,8.894528177440314,2.648728196318161,16.70153280235483,16.616080203167982,8.894528177440314
1248,12.47,25.34292100982946,23.71814944432002,8.928215513043872,2.65653863413898,16.799761687512444,16.742718426405172,8.928215513043872
1249,12.48,25.2533925741417,23.66833204803841,8.805901121833763,2.687780809774713,16.7363177367428,16.73575843967014,8.805901121833763
1250,12.49,25.259368095638923,23.630569429342316,8.923668810305198,2.648077817730455,16.682698165279913,16.735931210456553,8.923668810305198
1251,12.5,25.303730020169393,23.677613570426907,8.92464949133339,2.653058094149235,16.965936635864693,16.516245894823943,8.92464949133339
1252,12.51,25.65525781097663,23.98814111229228,9.097325943618255,2.6368343028447696,17.266337161307305,16.652462732440075,9.097325943618255
1253,12.52,25.216321174158693,23.505630719711625,9.129522332897453,2.574683522599106,16.686268546628177,16.55545582342141,9.129522332897453
1254,12.53,25.30968808327413,23.62111307751243,9.089737501820377,2.598657339970697,16.85552345172958,16.548362825029635,9.089737501820377
1255,12.54,25.184893083258963,23.537489582980882,8.959097261792156,2.6272166598035684,16.82863684624626,16.456317867800692,8.959097261792156
1256,12.55,24.95586022702245,23.278607073466084,8.994521242948702,2.5880873972825915,16.786875206482637,16.127441461149495,8.994521242948702
1257,12.56,25.059923291215718,23.36653134976358,9.055659448219757,2.5803235516279472,17.018146019872336,16.011792322091477,9.055659448219757
1258,12.57,25.009215056000286,23.332361081196165,9.003430684686494,2.591496719231822,16.941228101302784,16.04349912091955,9.003430684686494
1259,12.58,24.93963419100054,23.29280661683827,8.912379788333663,2.613533889941342,16.8308282537037,16.102113537786085,8.912379788333663
1260,12.59,24.74332282136275,23.054527416045975,8.984474935406917,2.5660405957826637,16.787910668592314,15.80118001165039,8.984474935406917
1261,12.6,24.24165460785592,22.65601968303444,8.623374643869887,2.627279994049657,16.33037104612802,15.703955214334627,8.623374643869887
1262,12.61,24.571907417769836,23.01700749766096,8.602092768627378,2.6757450909627596,16.606994035263803,15.937075743689407,8.602092768627378
1263,12.62,24.804272258938663,23.297784689174104,8.512646525754425,2.73684389674683,16.621682850834468,16.3250246746947,8.512646525754425
1264,12.63,24.690045542843443,23.191005917112793,8.472047772535461,2.737355423359745,16.567925078561125,16.22734155796155,8.472047772535461
1265,12.64,24.736275167841065,23.16222925419076,8.68299747526511,2.667538407119434,16.68981978079294,16.060472586706247,8.68299747526511
1266,12.65,24.80310852122211,23.194007345286217,8.788186137214554,2.6392257723204797,16.710070263119345,16.085258112159888,8.788186137214554
1267,12.66,24.80167739145053,23.11898966652012,8.979728182351852,2.5745756661049732,16.860552425882407,15.81801046575501,8.979728182351852
1268,12.67,24.762698059801963,23.113708514778246,8.885251481797667,2.6013567046615402,16.82441659854051,15.848738985322685,8.885251481797667
1269,12.68,24.92195672522368,23.230939120491826,9.023712905114184,2.574432427623634,16.87840313544661,15.962331910386512,9.023712905114184
1270,12.69,24.90321034556823,23.193219306549945,9.068873343138902,2.557453217063273,16.84769451692448,15.939906250229765,9.068873343138902
1271,12.7,24.868084514372086,23.180030201460475,9.00598841179206,2.573846327751158,16.913065033724962,15.851246995287466,9.00598841179206
1272,12.71,25.158869007676284,23.35412743292525,9.356998535433375,2.4958994430198005,16.86282768864716,16.1573608765883,9.356998535433375
1273,12.72,25.225215465373562,23.467089573794286,9.252416020155874,2.5363201916853435,16.90148636484658,16.280173577802834,9.252416020155874
1274,12.73,25.112107648994655,23.40432807321492,9.102492956109323,2.5711998005454793,16.882106364939748,16.209782763551672,9.102492956109323
1275,12.74,25.072173598653613,23.37754299802108,9.061146303680289,2.5799763313087687,16.980840463292804,16.067376070302277,9.061146303680289
1276,12.75,25.107895963205934,23.363289523525403,9.195822004535597,2.540641773188093,16.949010130080428,16.08024729195738,9.195822004535597
1277,12.76,25.34042238794883,23.593147355618353,9.246642885703825,2.5515365573483506,17.07148574425817,16.28499237419261,9.246642885703825
1278,12.77,25.382382213803687,23.67292744334342,9.157392265804484,2.5851166747265832,17.012857410920276,16.461171782515876,9.157392265804484
1279,12.78,25.23733166123512,23.548646106446512,9.076572917821032,2.594442453077292,16.65956511134901,16.643245589348894,9.076572917821032
1280,12.79,25.116449533382262,23.548041039593915,8.736463836160416,2.6953744079072424,16.608067155067623,16.69378154209415,8.736463836160416
1281,12.8,25.21925120278869,23.56326767442754,8.987939014737314,2.6216541562855955,16.71218127186335,16.611158317019967,8.987939014737314
1282,12.81,25.140768137173637,23.58606934440857,8.703766736756894,2.709869193162335,16.663961191122624,16.691766369680852,8.703766736756894
1283,12.82,25.121944049393715,23.496469962500406,8.889767832861802,2.6430915187282684,16.53971794690315,16.688973333778616,8.889767832861802
1284,12.83,25.428232645811658,23.763129171965947,9.05034294631883,2.625660631084864,16.59770568629939,17.005954074809324,9.05034294631883
1285,12.84,25.37527159842106,23.69068996045639,9.091513509375961,2.6058026461737627,16.6376922227853,16.865230158593704,9.091513509375961
1286,12.85,25.357724033717886,23.7090462252655,8.994181188880827,2.636042762244563,16.76868112608797,16.76097271053674,8.994181188880827
1287,12.86,25.22181727179403,23.50738712214099,9.140175992920897,2.5718746707227034,16.56937008974432,16.67492801001811,9.140175992920897
1288,12.87,25.261664017268338,23.560251610617314,9.114066763292563,2.5850426842940855,16.64094226385354,16.67826419405475,9.114066763292563
1289,12.88,25.37233176029248,23.58896507971166,9.344300156913325,2.52442287636271,16.713582034910825,16.646184220239853,9.344300156913325
1290,12.89,25.385062153865736,23.552911787510272,9.468987637830455,2.4873738026029084,16.709504298426864,16.599160212826867,9.468987637830455
1291,12.9,25.55897101633835,23.784865218340595,9.356344690069713,2.5421108356113136,16.68578616401755,16.950054676705577,9.356344690069713
1292,12.91,25.51070652794986,23.71100832596346,9.411919661858313,2.5192531574671237,16.735388648240473,16.796984331309368,9.411919661858313
1293,12.92,25.564424115853623,23.767306126105176,9.415675221843717,2.5242274787650563,16.870245671493922,16.741554631378687,9.415675221843717
1294,12.93,25.2391962229786,23.533124524613058,9.12190090337934,2.5798487369989815,16.692437978828202,16.5882628449732,9.12190090337934
1295,12.94,25.632344988986343,23.941296251987723,9.155951256367187,2.6148343936779463,16.812290155824687,17.045015868041943,9.155951256367187
1296,12.95,25.80496817656029,24.016392919142707,9.439769793095667,2.5441714623918594,16.841070717811387,17.12207539769416,9.439769793095667
1297,12.96,25.478777716777966,23.78019679580826,9.147150064015126,2.5997383479428766,16.694414731288262,16.93500151836766,9.147150064015126
1298,12.97,25.571428161499405,23.945282717083952,8.973370259698724,2.6684826351841524,17.032615817699515,16.830524733582486,8.973370259698724
1299,12.98,25.522333908460006,23.889676350954627,8.981808948177791,2.6597845143211725,17.00836207030687,16.77594277048856,8.981808948177791
1300,12.99,25.498797489288776,23.873569777017376,8.957753038661092,2.665129265562532,16.948319875851027,16.813738052079632,8.957753038661092
1301,13.0,25.303265569224433,23.695221548512215,8.876470257575418,2.6694418908563433,16.745412870728927,16.76468526462408,8.876470257575418
1302,13.01,25.24141372775332,23.666249704535414,8.777106123215727,2.6963613487522298,16.762060244365937,16.70702581076804,8.777106123215727
1303,13.02,25.0499425441151,23.509761826671078,8.648162828986706,2.7184689154870694,16.63586785737714,16.611947561279102,8.648162828986706
1304,13.03,25.009243827678347,23.499328827174516,8.558260425144365,2.7458067013400234,16.645602605883226,16.58741598967991,8.558260425144365
1305,13.04,24.98350135838795,23.533907665130904,8.38632995616471,2.806222482080061,16.61527513542726,16.666656598279083,8.38632995616471
1306,13.05,25.124755875615094,23.65292021177989,8.473058672311296,2.791544485473013,16.49756526828939,16.94966001910827,8.473058672311296
1307,13.06,25.0410151285872,23.513505766481437,8.612054646817878,2.730301505363716,16.66966505603591,16.58334165208964,8.612054646817878
1308,13.07,25.006131701993027,23.546693488839853,8.417829199980675,2.797240586550973,16.69875334772946,16.601156914175206,8.417829199980675
1309,13.08,25.140214554757392,23.703514996676006,8.376978253618132,2.8296020687934975,16.756975169147147,16.764856288624433,8.376978253618132
1310,13.09,24.930538642156403,23.59773707874427,8.042298287834848,2.9342031635955728,16.82044315840052,16.550706546626927,8.042298287834848
1311,13.1,25.214373345412803,23.771745931966468,8.406468851301327,2.827792067329981,16.750174413315992,16.867944800047766,8.406468851301327
1312,13.11,25.03680690439218,23.61888919220407,8.306008264756663,2.8435908608978515,16.816085297701292,16.58527063192062,8.306008264756663
1313,13.12,25.112268527108952,23.760954339565494,8.126689329038639,2.9238172369481163,16.676124231095514,16.926010509153812,8.126689329038639
1314,13.13,25.06719507725771,23.69276227008088,8.186408556548166,2.89415829987247,16.585447416187296,16.919512935999496,8.186408556548166
1315,13.14,25.31193231939432,23.928045618603058,8.254850126783026,2.898665057645085,16.703639945468666,17.133002646882783,8.254850126783026
1316,13.15,25.320149714480042,23.81208737426768,8.607814847214437,2.766333593010946,16.689685409475217,16.984401845590803,8.607814847214437
1317,13.16,25.113848003060703,23.692397581182306,8.329205146712546,2.8444968233893793,16.567609653425503,16.93646992488503,8.329205146712546
1318,13.17,24.890766895571232,23.484818034631854,8.247035742004229,2.847667788684092,16.44131754287314,16.769608092444543,8.247035742004229
1319,13.18,24.980398360797654,23.49509112703672,8.485340016545159,2.7689039073537143,16.401172300632748,16.823223657572782,8.485340016545159
1320,13.19,25.275279164822052,23.805683487162064,8.492889412252294,2.803013477700383,16.631714491976773,17.03222355854661,8.492889412252294
1321,13.2,24.931618044855906,23.460490828389577,8.437472869623544,2.7805115572995396,16.603446635397706,16.5746852077031,8.437472869623544
1322,13.21,25.211735055530447,23.694665557130698,8.61361762826671,2.7508378685598447,16.539851957155953,16.966746096398104,8.61361762826671
1323,13.22,24.97525506327123,23.46813202483848,8.54459740070916,2.7465462589133502,16.460865958003936,16.727017446271667,8.54459740070916
1324,13.23,24.7835468624663,23.307505702214243,8.425222431800442,2.766396482808764,16.5924111002303,16.368619854456387,8.425222431800442
1325,13.24,24.78417347797074,23.33810740827121,8.34194207520916,2.797682745559708,16.676569331805073,16.32664364532717,8.34194207520916
1326,13.25,24.501713201137363,23.07034102440813,8.251867352805668,2.795772161384068,16.638285823238935,15.981491790402268,8.251867352805668
1327,13.26,24.290275798272823,22.917979158053228,8.048834056383349,2.847366338715543,16.369884447036007,16.03934699043732,8.048834056383349
1328,13.27,24.38479996051781,23.060618441024477,7.92630722543299,2.909377315962509,16.336979931901382,16.275601665903775,7.92630722543299
1329,13.28,24.45291494193416,23.093439985966015,8.039781015180251,2.872396641446118,16.255108088094445,16.40361031693269,8.039781015180251
1330,13.29,24.49334516248183,23.170792194155947,7.939669158328577,2.9183573940042806,16.358105935387385,16.410301067055478,7.939669158328577
1331,13.3,24.464506224873148,23.138003029583857,7.946375313929321,2.911768210724316,16.21265557082617,16.508088427761436,7.946375313929321
1332,13.31,24.40690163741757,23.051558050737402,8.020132104402013,2.874211764926551,16.08159038971314,16.51534980265336,8.020132104402013
1333,13.32,24.176730621676374,22.781704065841055,8.093717527165442,2.814739208451175,15.994528449552856,16.222857326007745,8.093717527165442
1334,13.33,23.89406929585347,22.46156563273726,8.148902799842686,2.756391404395065,15.787921151060612,15.976967058915047,8.148902799842686
1335,13.34,24.0022565987554,22.549604471896576,8.223360626502965,2.7421398009983586,15.800102867472765,16.08854907119523,8.223360626502965
1336,13.35,24.203811136288707,22.759697205664086,8.23532978256607,2.7636655491132407,16.01607075545101,16.170630613859824,8.23532978256607
1337,13.36,24.438557790858756,22.93203262165213,8.44777998864943,2.714563193225199,16.04513030958122,16.38389189139978,8.44777998864943
1338,13.37,24.43073911571032,22.96268604724947,8.341226722452317,2.7529147463933756,16.33288564831542,16.14068762177119,8.341226722452317
1339,13.38,24.073223949924735,22.636278581928593,8.19261883066402,2.7630088802866832,16.0261577793559,15.986349641799706,8.19261883066402
1340,13.39,24.43351842075708,22.958713528515425,8.3602808285989,2.746165350089451,16.525600401704086,15.937598885893536,8.3602808285989
1341,13.4,24.485613527895183,23.006277353984082,8.381913394267611,2.744752453505195,16.451163933384407,16.08253720422723,8.381913394267611
1342,13.41,24.236823088719188,22.782004425511918,8.270663080420274,2.754555977433704,16.520185868329072,15.687676198848097,8.270663080420274
1343,13.42,24.407161299858913,23.063625395495006,7.986157169353006,2.8879503503890462,16.818990341260932,15.781393483602573,7.986157169353006
1344,13.43,24.315193052761675,23.01840594270058,7.834641092616581,2.9380294094637316,16.85067975466172,15.681250076087267,7.834641092616581
1345,13.44,24.417595008323396,23.115771578986166,7.866387372780157,2.938549868389781,16.82713228546937,15.848864777616686,7.866387372780157
1346,13.45,24.29476473167669,22.989785966363915,7.855274316553064,2.926668762912401,16.73875488445807,15.75894487893318,7.855274316553064
1347,13.46,24.363188078822763,23.052714487463415,7.882720857900914,2.9244616044417575,16.626868327246942,15.967933331176523,7.882720857900914
1348,13.47,24.123922107399814,22.864714598225152,7.69210271548704,2.972492105726832,16.532365148545786,15.794811687811892,7.69210271548704
1349,13.48,24.015148825244996,22.757880269031478,7.6685238970152225,2.967700247747732,16.341583590759004,15.838994920316392,7.6685238970152225
1350,13.49,23.888120644873524,22.645493927872714,7.604203620808205,2.978023085271599,16.07292974340707,15.95240811604381,7.604203620808205
1351,13.5,24.02019200408333,22.789596621872803,7.589723955807109,3.0026911063657127,16.294917449562902,15.932400305654097,7.589723955807109
1352,13.51,24.287174505628588,23.05223629331385,7.645995510336033,3.01494243125716,16.411250674442037,16.188775414570493,7.645995510336033
1353,13.52,24.094186251185686,22.91555017379261,7.443612788103561,3.0785521528492747,16.050511984663196,16.35553437823997,7.443612788103561
1354,13.53,23.731876796428498,22.420602007609236,7.779368990943292,2.882059204764706,15.80120610019754,15.906139700212977,7.779368990943292
1355,13.54,23.71639962309881,22.51265870295379,7.4597459210646315,3.0178854536296127,16.150276674836128,15.68401623315677,7.4597459210646315
1356,13.55,23.3165387254042,22.105341489376475,7.417199995370545,2.9802811712200765,15.469022808904548,15.790992866173415,7.417199995370545
1357,13.56,23.298767385752516,22.057302823991545,7.503862593767272,2.9394598512921064,15.696496505705802,15.496599798524542,7.503862593767272
1358,13.57,23.2674961158005,21.979594153375142,7.633728862863065,2.8792736221353814,15.298578020740393,15.781510374181607,7.633728862863065
1359,13.58,23.38128021830004,22.09125103622975,7.659039907256455,2.884336849492022,15.308733134038867,15.926897443523094,7.659039907256455
1360,13.59,23.46175844730546,22.237307876182705,7.48039088949046,2.972746772822381,15.737275050437585,15.711016376002284,7.48039088949046
1361,13.6,23.46877083751478,22.23726269613877,7.502489747190529,2.9639844165686466,16.27056597065639,15.15798585602993,7.502489747190529
1362,13.61,23.746889852316123,22.56071666920226,7.411399397550615,3.0440562515978193,16.659034425099282,15.213891962656295,7.411399397550615
1363,13.62,23.331815380892575,22.053321079687375,7.617390519349254,2.895128065663538,16.324201250647633,14.827994610605232,7.617390519349254
1364,13.63,23.482076912885326,22.170661731324433,7.737550939273249,2.865333217878216,16.278339876872497,15.051707293786857,7.737550939273249
1365,13.64,23.461698683759877,22.185043609690304,7.633815897942493,2.906153869347273,16.16810356213278,15.191069322730703,7.633815897942493
1366,13.65,22.88571966085299,21.654713107668975,7.404698820323656,2.924455623803813,15.635376625106439,14.9820425031611,7.404698820323656
1367,13.66,23.14439849320837,21.812681246848566,7.737578331481156,2.819057890257649,15.66335309412216,15.180659834983226,7.737578331481156
1368,13.67,23.039387570351515,21.753688341861604,7.588835427259082,2.8665384235007125,15.354587335528837,15.40972433985965,7.588835427259082
1369,13.68,23.197221172731737,21.898984329650073,7.651506744842756,2.8620486212614735,15.610628254750205,15.35818349161951,7.651506744842756
1370,13.69,22.876873875637266,21.51157572800325,7.78482292799239,2.7632710373735914,15.467505839585877,14.950055297690222,7.78482292799239
1371,13.7,22.942440770648915,21.556191996441807,7.854054693422488,2.7445940775653637,15.87596821462073,14.581599591122167,7.854054693422488
1372,13.71,23.26073203249811,21.806373889263693,8.095907144312026,2.6935059284349974,16.009783407869335,14.80556575857448,8.095907144312026
1373,13.72,22.842980332726537,21.444222251678408,7.870646892216159,2.724581923867798,15.927722145573425,14.358354196522289,7.870646892216159
1374,13.73,23.340929701858215,22.02668455987508,7.721668643942694,2.852580909069963,16.071085756303482,15.063035395091475,7.721668643942694
1375,13.74,23.483403123327697,22.148857998607678,7.803737028515883,2.8382373621346844,16.18966577337517,15.115112728289255,7.803737028515883
1376,13.75,23.761080642873797,22.444768708755888,7.798801890521676,2.8779765179103065,16.223347364214103,15.510339863768127,7.798801890521676
1377,13.76,23.75269043335366,22.43509577708987,7.801075585810883,2.875897756701181,16.078357480835507,15.646723083305869,7.801075585810883
1378,13.77,23.682605484619444,22.50386131240896,7.378484164921013,3.0499301495281945,16.209720852810065,15.609891858757749,7.378484164921013
1379,13.78,24.01504622502907,22.784422149504714,7.588975721626864,3.0023053156665487,16.62728770532698,15.577650536943086,7.588975721626864
1380,13.79,24.11585506564841,22.879469450586363,7.622620494754099,3.001522831463544,16.7090798328694,15.629356144099853,7.622620494754099
1381,13.8,24.176669637922213,22.925662153833606,7.676286184706195,2.986556467828078,16.78865436648194,15.611760623149634,7.676286184706195
1382,13.81,24.001301735204393,22.86583964351902,7.294920313560613,3.1344879259357286,16.809093979707576,15.501644499358271,7.294920313560613
1383,13.82,24.15180061203302,22.95047874139792,7.5223000700610765,3.0509921869165177,16.71321660799292,15.72872738252105,7.5223000700610765
1384,13.83,24.03104653748696,22.82096130065156,7.52960311045861,3.030831899885038,16.57666511775693,15.684720216171433,7.52960311045861
1385,13.84,23.977341499479518,22.751184457721248,7.569445894740637,3.005660490093351,16.44525676448545,15.721638724363384,7.569445894740637
1386,13.85,23.655804876170297,22.411126847854153,7.572218812794126,2.9596512464732267,16.312770908616383,15.367241518034662,7.572218812794126
1387,13.86,23.651953837983076,22.404410448426407,7.580060211668758,2.9557034934810966,16.253466154415946,15.420196026925657,7.580060211668758
1388,13.87,23.456083579567945,22.267842615677118,7.3709593768458115,3.021023652039987,16.123159566000215,15.359054019237696,7.3709593768458115
1389,13.88,23.68201050329925,22.469892916724973,7.479407315375267,3.004234422496829,16.348458118024173,15.415057731072453,7.479407315375267
1390,13.89,23.96660257492119,22.716760162058023,7.638510766095226,2.973977632248692,16.4048444470922,15.714078748917311,7.638510766095226
1391,13.9,24.106966188670846,22.901380521044583,7.52811988826153,3.0421115578611224,16.33138121390745,16.05488142016973,7.52811988826153
1392,13.91,23.95047644247747,22.789219942362017,7.367277396726516,3.093302819368237,16.349415669685786,15.875929983505959,7.367277396726516
1393,13.92,23.90321714662973,22.707908931999906,7.46422547187131,3.042232448306113,16.29885905915663,15.811271973935204,7.46422547187131
1394,13.93,23.815563229771556,22.65385399231161,7.3473771678248685,3.0832572596811576,16.38993817341754,15.638638923401333,7.3473771678248685
1395,13.94,23.558152106086165,22.408383349760157,7.269861505124007,3.0823672959885253,16.26683132030515,15.411873447006618,7.269861505124007
1396,13.95,23.36452014022658,22.251613328625954,7.125061800178953,3.123006361582307,16.074792177797146,15.386206555461156,7.125061800178953
1397,13.96,23.639003951270826,22.536633556236502,7.134609713229782,3.1587759473999797,16.332526037505502,15.528955060862595,7.134609713229782
1398,13.97,23.60953211189428,22.500867910782787,7.149891593868573,3.147022247173443,16.447621958260466,15.354634110151984,7.149891593868573
1399,13.98,23.33418912824873,22.16940581048634,7.280235455179722,3.045149562396819,16.139578006913734,15.198571503558217,7.280235455179722
1400,13.99,23.52969974995975,22.35221577190541,7.3501850595368525,3.041041224248286,16.24411763997279,15.354158785571483,7.3501850595368525
1401,14.0,23.268389073947,22.10558776863725,7.263671213625468,3.0433078698786304,16.073281220265947,15.175857188678695,7.263671213625468
1402,14.01,23.177592647246446,22.004735573315525,7.2795888118872965,3.022799246213277,15.954190632223693,15.154939423244276,7.2795888118872965
1403,14.02,23.304320714294025,22.115511011261106,7.3481655306248,3.009664237841505,16.009646253991317,15.257360653509933,7.3481655306248
1404,14.03,23.385372977310286,22.133901994501674,7.54758582499789,2.9325803651272637,15.981024447526591,15.313930753068025,7.54758582499789
1405,14.04,23.29224108834049,22.02742321511044,7.5710713521793345,2.9094195775568594,16.050844975387832,15.085680265525104,7.5710713521793345
1406,14.05,23.144100834210636,21.896722689375853,7.49552792594906,2.9213049308469303,15.87273713900247,15.083854953278982,7.49552792594906
1407,14.06,23.052546457326876,21.814610991258714,7.452693839630638,2.9270773039483755,15.551905889075561,15.297564378595776,7.452693839630638
1408,14.07,23.158195171263934,21.94124904229411,7.408346242879043,2.961693247448336,15.674240465008408,15.353716012127656,7.408346242879043
1409,14.08,23.165682743159852,21.986695000659008,7.29617022174855,3.0134569688520543,15.551936831148854,15.541943824758846,7.29617022174855
1410,14.09,23.160848819008446,22.136446944845147,6.811947935430876,3.249650049394418,15.756542435281853,15.548429304180738,6.811947935430876
1411,14.1,23.07005025355216,21.998439699656593,6.949522967944982,3.165460392191735,15.499420513275743,15.610871627557326,6.949522967944982
1412,14.11,23.51518319249478,22.468095566508715,6.938913617477909,3.2379846190786283,15.895629287837398,15.879051858641134,6.938913617477909
1413,14.12,23.22194790216575,22.14206659885021,6.999125024099949,3.163547803848177,15.695223905300013,15.618292474864756,6.999125024099949
1414,14.13,22.89934564606508,21.863714189977557,6.808673353666888,3.211156278807619,15.614675516800553,15.303721988001985,6.808673353666888
1415,14.14,23.073384139188285,21.88799973145156,7.300446793897067,2.9981726255096066,15.550868590401722,15.403084701710917,7.300446793897067
1416,14.15,23.189619317452483,21.978598774596108,7.395920496712232,2.9717191773987337,15.682276010306072,15.398864348751701,7.395920496712232
1417,14.16,23.261821445874677,22.033533414600065,7.458937072228017,2.953977651405303,15.57809986153566,15.582021673592942,7.458937072228017
1418,14.17,23.35929431882787,22.124451023150577,7.494351072496903,2.9521503341822157,15.568324248454001,15.720006780239878,7.494351072496903
1419,14.18,23.20378444911427,21.954288056391096,7.511647535525116,2.922699441442355,15.591046863864891,15.456714455270415,7.511647535525116
1420,14.19,23.175514935640106,21.84577600904543,7.737348582989712,2.82341887207623,15.47274549184905,15.421805224481655,7.737348582989712
1421,14.2,23.020919984131762,21.646065222876196,7.836492664629162,2.7622134224125543,15.18452284456073,15.42667837274193,7.836492664629162
1422,14.21,22.86763945085866,21.565820541382255,7.605545242213907,2.835539051386227,15.190772393190196,15.307679436197878,7.605545242213907
1423,14.22,23.084316608639128,21.777627049759438,7.656411259165642,2.8443648483078814,15.418257208705567,15.379934478553956,7.656411259165642
1424,14.23,23.12801595612848,21.846748754695952,7.591092867046513,2.877945130869664,15.521641102198238,15.373974393284238,7.591092867046513
1425,14.24,22.80797749795385,21.51977434291135,7.55666260841011,2.847788164971285,15.525080787503299,14.902098990119534,7.55666260841011
1426,14.25,22.97509075823466,21.69831503495257,7.552345330628822,2.873056525494701,15.735292345966132,14.940463518346027,7.552345330628822
1427,14.26,22.998159767617736,21.78915217616111,7.358546061618727,2.961067579614763,15.735695027135185,15.071663961517304,7.358546061618727
1428,14.27,22.885755505159008,21.71062693668618,7.239232214672517,2.999023417522504,15.578139130748442,15.121934506107598,7.239232214672517
1429,14.28,22.931378871681805,21.71520156349535,7.368728385100376,2.9469401542067484,15.477816292311742,15.231125426726683,7.368728385100376
1430,14.29,22.927886003646403,21.691872909440303,7.426345418635922,2.920935088072524,15.332095759042925,15.344842454546349,7.426345418635922
1431,14.3,23.035837504401847,21.76400444911841,7.548372001164287,2.883271312775981,15.459773943493033,15.318853719431482,7.548372001164287
1432,14.31,22.729160179402143,21.47177842269537,7.455028761017197,2.8801737875207962,15.331187497810983,15.033028921022225,7.455028761017197
1433,14.32,22.88695644891136,21.55560565024161,7.692115479218796,2.802298757536435,15.16116236070114,15.322639812420933,7.692115479218796
1434,14.33,22.892596641211256,21.547048054041362,7.732768012427966,2.7864599092344853,15.056873618420264,15.413170883438866,7.732768012427966
1435,14.34,22.796280772554255,21.409617784532525,7.829347570606079,2.734534083645897,14.848420351057172,15.423882350370887,7.829347570606079
1436,14.35,22.554788787748496,21.206911971455153,7.680194131328806,2.761246865485937,14.901665422554633,15.088852938486992,7.680194131328806
1437,14.36,22.567260781549276,21.236333733615176,7.635403639426678,2.7812981129062817,15.020657245203347,15.012052703331483,7.635403639426678
1438,14.37,22.866161374152963,21.544191985426135,7.662188178575695,2.8117544862270574,15.49720295159976,14.966259017597796,7.662188178575695
1439,14.38,23.130320155734232,21.820597905996266,7.672888473814583,2.8438570403393517,15.53729788001657,15.32092906983128,7.672888473814583
1440,14.39,23.422197200898733,22.086841998071154,7.795558496350904,2.8332597348105324,15.925466829774713,15.303858850025543,7.795558496350904
1441,14.4,23.36392917557243,21.95676532504914,7.9858401550422,2.749462160369664,15.611812391417754,15.439263499093968,7.9858401550422
1442,14.41,23.14608542807135,21.78213846789737,7.828136075013155,2.7825446899708837,15.704171113947757,15.094388555304361,7.828136075013155
1443,14.42,23.255961621078928,21.96657957347245,7.636041694713236,2.8766971752761474,15.846772383566451,15.212180092975919,7.636041694713236
1444,14.43,23.34674205046195,21.98707522373156,7.851043718944511,2.8005289501416106,15.53363494609848,15.560773189510163,7.851043718944511
1445,14.44,23.36738199803927,22.00369094305892,7.865883696358379,2.7973577785348946,15.5143648701428,15.603425835172615,7.865883696358379
1446,14.45,23.194593160766438,21.81010831975394,7.893562375383705,2.76302476404942,15.572711102370036,15.269953956758386,7.893562375383705
1447,14.46,23.489887425375443,22.11141949800713,7.928426012769592,2.7888788345119555,15.731587428120845,15.538083189642155,7.928426012769592
1448,14.47,23.40643318447219,22.069385579124983,7.797649298286691,2.8302613691505845,15.863226086899703,15.343266860613308,7.797649298286691
1449,14.48,23.441705638463965,22.09434950761893,7.832833655553558,2.8207351871890975,15.742847859519172,15.502355351263676,7.832833655553558
1450,14.49,23.42702428099345,22.068591831863653,7.861470677987514,2.8071836346927737,15.77114308531502,15.436767512141895,7.861470677987514
1451,14.5,23.675221420770562,22.328963797711584,7.8697830365899515,2.837303607214428,16.038093912965024,15.535834960452842,7.8697830365899515
1452,14.51,23.223137022069768,21.874252174505624,7.799434912348682,2.804594489258777,15.557455496185986,15.376881565455866,7.799434912348682
1453,14.52,23.510511361139876,22.02888298790346,8.21416208554133,2.681817421971618,15.815897537334155,15.33391896363385,8.21416208554133
1454,14.53,23.31585150075877,21.80505487575307,8.256422534659444,2.6409809798636315,15.278866059578093,15.556884973158196,8.256422534659444
1455,14.54,23.570517615834998,22.08882450687864,8.225152435226073,2.6855215974208893,15.590135570788426,15.648125797683244,8.225152435226073
1456,14.55,23.74451733402161,22.346419284404718,8.027431008189211,2.7837572520533582,15.849142788088729,15.75332116466842,8.027431008189211
1457,14.56,23.645491871912416,22.3004369714916,7.861284675242758,2.836742071142839,16.026242295579884,15.507064422476484,7.861284675242758
1458,14.57,23.779213709437002,22.478987314169977,7.7553938628842,2.8984971893884097,16.23417657561873,15.548517021962155,7.7553938628842
1459,14.58,23.571795170215626,22.268984290933766,7.727992378150092,2.8816001881544895,16.037358360125452,15.450268547140828,7.727992378150092
1460,14.59,23.51565883095679,22.18836309110412,7.788629763397702,2.8488147164700632,15.934723328774957,15.440467904116979,7.788629763397702
1461,14.6,23.36184545236543,22.067892218501047,7.667069581843405,2.878269459137376,15.74321584251193,15.464249800861998,7.667069581843405
1462,14.61,23.565574203871353,22.224867756463414,7.835275410978212,2.8365139182374577,15.794934520342364,15.635369848212235,7.835275410978212
1463,14.62,23.53389570806963,22.247469504600133,7.674265296442722,2.8989706043798846,15.691263612986448,15.771307668861208,7.674265296442722
1464,14.63,23.541370637153335,22.251577614113568,7.685273265076883,2.8953528191675777,15.771741077403604,15.696652181413072,7.685273265076883
1465,14.64,23.536427460779763,22.214956193545756,7.77554750068384,2.85702790595672,15.712876778629346,15.703814250708891,7.77554750068384
1466,14.65,22.93934110887536,21.72995268705329,7.350001818215047,2.95645541654171,15.23543243829823,15.494271270363916,7.350001818215047
1467,14.66,23.36802428155052,22.034111299717104,7.782191083159927,2.831350588062179,15.511629198086965,15.649007009691605,7.782191083159927
1468,14.67,23.40655782374464,22.07841237723664,7.772429224958271,2.8406064228079444,15.591770422461062,15.631794145029684,7.772429224958271
1469,14.68,23.401578502343327,22.104839795502134,7.681792370047666,2.8775627784072704,15.671039612838898,15.589819108560842,7.681792370047666
1470,14.69,23.457691294242853,22.150837855158603,7.72034087139095,2.869152829409688,15.751756293554484,15.57375328409931,7.72034087139095
1471,14.7,23.734609122254277,22.428320635428307,7.765442914645429,2.8882216870243242,15.83222516019135,15.886164200416136,7.765442914645429
1472,14.71,23.588092781571405,22.271365984344804,7.770738591883664,2.86605523027202,15.617777913481973,15.877618078722813,7.770738591883664
1473,14.72,23.931752330700082,22.601613688898393,7.867390181996156,2.8728222658411218,16.124330521770457,15.837894638079298,7.867390181996156
1474,14.73,24.001784576781297,22.681198539586237,7.85168107338089,2.8887060398417126,15.903935544700252,16.171011142849068,7.85168107338089
1475,14.74,23.944546365852528,22.622271179482905,7.846919608891021,2.882949272712128,15.693647566354228,16.293452040041327,7.846919608891021
1476,14.75,23.93182916540867,22.641534635016313,7.75199049107141,2.920738184740343,15.870430527450145,16.14832887645102,7.75199049107141
1477,14.76,23.81865977772431,22.49750102272909,7.822467726957089,2.876010717845497,15.852388357175045,15.963688033815915,7.822467726957089
1478,14.77,23.681544960263754,22.35400510962298,7.817546115242509,2.8594657172584568,15.689151326443445,15.923318595600863,7.817546115242509
1479,14.78,23.670751332604528,22.402874661267088,7.643014821492645,2.9311567731451698,15.664765596154057,16.01573950543624,7.643014821492645
1480,14.79,23.453003822670638,22.15165178507639,7.703746588441593,2.8754387921212103,15.321479509906931,15.998373118376135,7.703746588441593
1481,14.8,23.762653865437784,22.420701184184622,7.87247592172295,2.8479859966694803,15.713442723123123,15.992984692596526,7.87247592172295
1482,14.81,23.82752353354092,22.50676058797274,7.82282593294286,2.8770626856458694,15.717137598391583,16.1098062644325,7.82282593294286
1483,14.82,23.217546058571795,21.935973844938058,7.607068847860921,2.883630250185835,15.241614363826907,15.77593547496287,7.607068847860921
1484,14.83,23.58307992733341,22.296201112796375,7.683819024204929,2.901708257646456,15.603859778014492,15.926083765016555,7.683819024204929
1485,14.84,23.865772806981685,22.593058037692366,7.6895279555985,2.938159295102514,15.7119142944366,16.23520929026831,7.6895279555985
1486,14.85,23.820661653528198,22.53887339831636,7.708638501482356,2.9238462011134883,15.412103552907016,16.44590764110646,7.708638501482356
1487,14.86,23.686685080798927,22.435443965864607,7.5967035068832125,2.953313097652992,15.194865816107717,16.506519886878998,7.5967035068832125
1488,14.87,23.360230180675597,22.10203034217883,7.563108411728171,2.922347418411329,14.967134822325821,16.2629831352343,7.563108411728171
1489,14.88,23.034243522996295,21.763812825520375,7.544058985215563,2.8848943079808778,14.72399684911083,16.02708537107292,7.544058985215563
1490,14.89,23.243919677749982,21.95033277249187,7.646090057183626,2.8707918175602933,14.86886145719784,16.147261928568174,7.646090057183626
1491,14.9,23.69766208502204,22.40975078680187,7.705988448558956,2.90809555923907,15.50493175119227,16.180050114799915,7.705988448558956
1492,14.91,23.46216638477493,22.203326736305666,7.581921478604009,2.928456434027033,15.526065273866147,15.87227190010283,7.581921478604009
1493,14.92,23.5687842798161,22.282573808523086,7.6794854577782345,2.9015711965381725,15.620467642982991,15.89069180831346,7.6794854577782345
1494,14.93,23.90307072837169,22.61149005196811,7.750955287916885,2.9172520304971443,15.891774199069628,16.08511719497367,7.750955287916885
1495,14.94,23.756253872207417,22.43372339381914,7.815859052617409,2.8702824913796823,16.012852300560596,15.711795139665593,7.815859052617409
1496,14.95,23.71550561422732,22.34519896038186,7.944639070429625,2.8126134821595477,15.896628045158778,15.703666239860105,7.944639070429625
1497,14.96,23.721295515738955,22.303703629641635,8.077416997167322,2.761242070016113,15.817928292885783,15.72413241231493,8.077416997167322
1498,14.97,23.817951539790847,22.417199500376668,8.047607228992794,2.785573259541683,15.978075029735571,15.723611283157204,8.047607228992794
1499,14.98,23.985590447743988,22.640167200650794,7.920314277444014,2.858493540480702,15.866817750454743,16.149961775412297,7.920314277444014
1500,14.99,23.989012007076443,22.634748131616547,7.946123211600676,2.8485272036270097,15.720375699552406,16.285011846684085,7.946123211600676
1501,15.0,23.921701237719283,22.584501689604934,7.885941512522918,2.8638941404448186,15.684529603431137,16.249776850371223,7.885941512522918
1502,15.01,24.115765873748217,22.755691681967832,7.98427578135044,2.850063337631731,15.916426567702269,16.26311376212198,7.98427578135044
1503,15.02,24.143868553844715,22.85126975282928,7.793963011765033,2.931919194167993,16.215747621344512,16.100622919546623,7.793963011765033
1504,15.03,24.16703543125125,22.85579857748889,7.85226546422179,2.9107266790239685,16.199191539362456,16.12370063247861,7.85226546422179
1505,15.04,24.18793025194609,22.867250416589844,7.883199113176106,2.9007576858447166,16.105372499383467,16.2335491581826,7.883199113176106
1506,15.05,24.046746636764446,22.834368763005326,7.539073352065809,3.0288031030694773,15.931181258183592,16.358663164324067,7.539073352065809
1507,15.06,24.13766510918714,22.8823862917843,7.682660640483348,2.978445536329804,16.113053422382457,16.24724936147307,7.682660640483348
1508,15.07,24.07722018375098,22.79729365804483,7.745704205925659,2.94321769227959,15.874173754170362,16.362371642079882,7.745704205925659
1509,15.08,23.823836735106397,22.57224314259075,7.620304212613149,2.9621183764854306,15.790416149492772,16.129752580683718,7.620304212613149
1510,15.09,23.742481972741253,22.4884419228045,7.6141598427267425,2.953502735339354,15.637123881631611,16.162004109201845,7.6141598427267425
1511,15.1,23.644342592297814,22.353715419731405,7.704955778952338,2.9012126819462285,15.46345269533078,16.14218770196917,7.704955778952338
1512,15.11,23.361391032751897,22.067334332177552,7.667290685570659,2.878113695846544,15.247522412217227,15.95243883602239,7.667290685570659
1513,15.12,23.55774680571241,22.250532529190394,7.73829675894464,2.875378551936661,15.367337419781578,16.091337373231003,7.73829675894464
1514,15.13,23.67026964726199,22.347663167633318,7.801513706973621,2.8645291166581144,15.392030830245147,16.201957782156384,7.801513706973621
1515,15.14,23.78493260792191,22.463794879570738,7.816708947629968,2.873817488929504,15.421700850957984,16.33380614722087,7.816708947629968
1516,15.15,23.597458499962165,22.16128808731602,8.106624326340876,2.733725801910826,15.279530632939872,16.05174860649353,8.106624326340876
1517,15.16,23.603008848524787,22.239902251027996,7.904984159899329,2.8134025067181443,15.323095934062163,16.11880836572008,7.904984159899329
1518,15.17,23.645694447744212,22.241323876490764,8.027601020050968,2.7706065387327325,15.495115910456027,15.955496567029515,8.027601020050968
1519,15.18,24.122398763618826,22.744628384249832,8.03567058641753,2.830458035785395,15.672372428866387,16.48316907601605,8.03567058641753
1520,15.19,24.143622055134454,22.814275756445433,7.900842211438039,2.887575165520612,15.964913999291946,16.297628639969247,7.900842211438039
1521,15.2,24.26588741989198,22.859302118600013,8.141596828966703,2.8077172818567604,16.072000768492973,16.2554140103226,8.141596828966703
1522,15.21,24.19044905498448,22.749172624250097,8.22514257589918,2.7658089102197883,15.845738144120455,16.3229114362572,8.22514257589918
1523,15.22,24.233857624210497,22.83692509670166,8.108927640455498,2.8162694389783525,15.935891525956867,16.357643752854447,8.108927640455498
1524,15.23,23.94764226416469,22.568485513052007,8.009558768095074,2.817693978718319,15.73509133653518,16.178486918860298,8.009558768095074
1525,15.24,23.82195162965861,22.428293085897618,8.02851472558104,2.7935793671069633,15.747554453901344,15.970061348295907,8.02851472558104
1526,15.25,23.975508859844705,22.567050767362574,8.096495831640503,2.7872614568851155,15.741677268281341,16.170076595922303,8.096495831640503
1527,15.26,23.976811287774677,22.610879305381236,7.977193526989386,2.8344403616236,15.840064815887397,16.13518545263746,7.977193526989386
1528,15.27,23.859881074502812,22.50448723598392,7.927293304454816,2.8388614337427525,15.512851998403756,16.30347719445713,7.927293304454816
1529,15.28,23.683161701280095,22.34725092707865,7.841716914755529,2.849790571377103,15.659536887013427,15.942977403298402,7.841716914755529
1530,15.29,23.940245086134546,22.610749900016796,7.866976785467201,2.874134564854191,15.92956919131181,16.04664564388206,7.866976785467201
1531,15.3,23.445823184027557,22.098702207010483,7.8328784966035325,2.821274735283185,15.419770723815255,15.829823437394998,7.8328784966035325
1532,15.31,24.19570732498432,22.891048705540523,7.837865915979378,2.920571613616355,15.94484929667953,16.42442972360401,7.837865915979378
1533,15.32,24.13901976729363,22.774746265454144,8.000200489361182,2.846771939745814,15.793254782025372,16.40920993972136,8.000200489361182
1534,15.33,23.85589152407427,22.52922658897372,7.844584737962749,2.8719463606463123,15.84630470273577,16.01438971567055,7.844584737962749
1535,15.34,23.760897276637063,22.455676435245845,7.766777660422835,2.89124749246695,15.762918096438376,15.993367914527296,7.766777660422835
1536,15.35,23.96465845581263,22.564907982252347,8.070302513303693,2.796042396806645,15.752361326375317,16.156676170884623,8.070302513303693
1537,15.36,24.05836600782691,22.639049390451326,8.14115579406676,2.7808151524321114,15.840953096417492,16.17376772123291,8.14115579406676
1538,15.37,23.99345395991485,22.537258005404453,8.231514716283158,2.7379235513996485,15.798825277786127,16.07249570677041,8.231514716283158
1539,15.38,24.166667693847053,22.689295570098302,8.32007776150849,2.7270533065287808,15.67148121943803,16.407583912815547,8.32007776150849
1540,15.39,23.943108126730344,22.465250771802076,8.28160217158172,2.7126696388401124,15.706930632039386,16.06175028943784,8.28160217158172
1541,15.4,24.00301369699901,22.527380096715866,8.28624236408831,2.71864846656515,15.787205472658046,16.070065257676646,8.28624236408831
1542,15.41,23.74866393819285,22.311312997994328,8.13660562856224,2.7420909918104015,15.589861616349047,15.960917971017752,8.13660562856224
1543,15.42,23.56361629986516,22.12959962138776,8.094741115338145,2.733824257758654,15.40276249454192,15.889433184971015,8.094741115338145
1544,15.43,23.85561030872063,22.460818798061023,8.037522138209418,2.7944954193388756,15.553996011472094,16.203752317115985,8.037522138209418
1545,15.44,23.812427528964502,22.454003238389568,7.9277640853255225,2.8323248518396826,15.695324903272466,16.057367082131627,7.9277640853255225
1546,15.45,23.98455896277045,22.5958786897016,8.042719370890753,2.8094824210183833,16.145980928911364,15.807625805380814,8.042719370890753
1547,15.46,23.640559423183564,22.231868270811297,8.038661768625865,2.7656180730952227,16.030265684761318,15.40410818212693,8.038661768625865
1548,15.47,23.69269733898936,22.32417185145893,7.935695202279524,2.8131337308729205,15.842624247989987,15.728315414896505,7.935695202279524
1549,15.48,23.6627870927468,22.243839396518155,8.070879871400116,2.7560612660512005,16.207868824865663,15.234611227531895,8.070879871400116
1550,15.49,23.6704615748368,22.222852723153633,8.150801679028191,2.7264622055929144,16.093358679388615,15.32510977355542,8.150801679028191
1551,15.5,23.375677886527146,21.893500078645715,8.191274074343642,2.672783242257709,16.10325353741322,14.832753325106186,8.191274074343642
1552,15.51,23.949148322807027,22.51357543942435,8.167045140144587,2.756636586806691,16.438658243522955,15.382834401348344,8.167045140144587
1553,15.52,24.13635335243286,22.660527329334315,8.310478584894474,2.7267415586056836,16.202346527624,15.842457695771127,8.310478584894474
1554,15.53,23.763294011205385,22.305606862196154,8.194757151504723,2.721936288020493,15.889817416670565,15.654194324708152,8.194757151504723
1555,15.54,24.135155282130714,22.57365283817548,8.540252808558673,2.643206629147224,16.05085384406813,15.872614571482268,8.540252808558673
1556,15.55,23.966814587167445,22.40964584818378,8.49799825927505,2.637049945700449,15.899475005101914,15.792369094064385,8.49799825927505
1557,15.56,23.63556849995712,22.29947146748201,7.834134960997344,2.8464497456963804,15.836121772104052,15.699798563935026,7.834134960997344
1558,15.57,23.96165026846407,22.535200414713575,8.144042353578303,2.767077998410965,15.92202610196949,15.94754973466172,8.144042353578303
1559,15.58,23.9427569983641,22.46514174736678,8.280882739988012,2.712892146012842,15.71274898655745,16.05590586091982,8.280882739988012
1560,15.59,23.669668424264525,22.173787574900118,8.281083739332082,2.677643201406458,15.305589465214375,16.04418232690945,8.281083739332082
1561,15.6,23.5070144742193,21.94166691634582,8.434629951769734,2.601378725778251,15.024036596654824,15.99109350264206,8.434629951769734
1562,15.61,23.613365363045137,22.13012543478435,8.237024463322339,2.6866650127512597,15.112371005883332,16.16659192099021,8.237024463322339
1563,15.62,23.68397414683113,22.244279620384397,8.131583828376655,2.735540835569929,15.544049612486877,15.911960830595177,8.131583828376655
1564,15.63,23.702476313310722,22.24138896710441,8.193167897524262,2.714626289280013,15.429720140946726,16.018836398381023,8.193167897524262
1565,15.64,23.640058700937757,22.17748706561413,8.186051724628962,2.7091799333358524,15.389389105464117,15.968958497851524,8.186051724628962
1566,15.65,23.93010864639889,22.45926062185837,8.26024891561368,2.718956880270938,15.51724937358055,16.236790309623146,8.26024891561368
1567,15.66,23.88104962884801,22.32817076099802,8.470969356762817,2.6358460077738655,15.077927128119436,16.468251973157532,8.470969356762817
1568,15.67,23.69523485589139,22.133943308564543,8.45888340675655,2.6166507143111835,14.778998585897007,16.477033931651757,8.45888340675655
1569,15.68,23.459974061842956,21.916069820599834,8.369962162455536,2.6184192228379453,14.715205361627495,16.241208315471365,8.369962162455536
1570,15.69,23.67850997554149,22.136504341708868,8.40517758237875,2.633674794464487,15.037328190492033,16.24510958294616,8.40517758237875
1571,15.7,23.650746115205127,22.194660125597323,8.170364356325274,2.7164835199075084,15.233082932531225,16.141750910648007,8.170364356325274
1572,15.71,23.547743866869258,22.135004391816633,8.033543539057781,2.7553226399035298,15.147096641330938,16.140752236619043,8.033543539057781
1573,15.72,23.773148639550946,22.319850530764413,8.184550599911908,2.727070992878295,15.357348079712937,16.19653011216297,8.184550599911908
1574,15.73,23.76665451787873,22.3574365598129,8.062189370521324,2.7731222292496467,15.509601582565056,16.103019228584248,8.062189370521324
1575,15.74,24.189170535014092,22.715274258681635,8.314582763125845,2.731980053096722,15.735078428764458,16.382642994576788,8.314582763125845
1576,15.75,23.951948309686163,22.554055378901744,8.062903558601654,2.7972622039910995,15.590230795801356,16.298163018212016,8.062903558601654
1577,15.76,23.666127532373054,22.31800982436805,7.873501753219917,2.834572281036321,15.546889290752054,16.01211403599437,7.873501753219917
1578,15.77,23.728782098965226,22.31745999586432,8.061394372760107,2.768436695179712,15.32675011331914,16.22219934629321,8.061394372760107
1579,15.78,23.813288845084042,22.440680933388418,7.96797118878211,2.816360702330606,15.297725130739932,16.41839719882761,7.96797118878211
1580,15.79,23.77513407808094,22.385704156936953,8.008573520223255,2.7952174129897864,15.366498000563356,16.27852849002596,8.008573520223255
1581,15.8,23.975285163744488,22.55922042735054,8.117627263743826,2.7790411772301913,15.610008650610592,16.286376399237867,8.117627263743826
1582,15.81,24.059855041654114,22.644699654096932,8.129834082018595,2.785382755126827,15.742226195578926,16.27773746045458,8.129834082018595
1583,15.82,23.911151840164237,22.55791014528122,7.929935195246437,2.844652521095438,15.52582003749422,16.364847151315665,7.929935195246437
1584,15.83,23.720374986077214,22.286333313819995,8.122532665704382,2.7437665357652747,15.138983565747713,16.35517744234845,8.122532665704382
1585,15.84,23.713059505101963,22.224457686698727,8.26938157449784,2.6875598237282103,15.054625606267557,16.34884605478244,8.26938157449784
1586,15.85,23.56941025167618,22.110061489989278,8.16469720937106,2.708007525938914,15.20283632746679,16.0539274537841,8.16469720937106
1587,15.86,23.677943712973473,22.27843698940184,8.019742127025777,2.777949295193121,15.335644581818267,16.160035889529954,8.019742127025777
1588,15.87,23.620211192256033,22.30716820713563,7.76560514997604,2.87256019026469,15.341852522170514,16.193743069760394,7.76560514997604
1589,15.88,23.679019901137575,22.378948116007926,7.738130568780461,2.892035475117975,15.441752473678017,16.197826993786343,7.738130568780461
1590,15.89,23.55194785077176,22.138082062067905,8.037385780128993,2.754388387925882,15.569137163063509,15.738381282221102,8.037385780128993
1591,15.9,23.613299771297367,22.202708961907483,8.039131846286965,2.761829185842032,15.440356878864925,15.95480067880685,8.039131846286965
1592,15.91,23.7960172404984,22.370570594115414,8.112213495945248,2.757640760477638,15.428873161516202,16.198527762489597,8.112213495945248
1593,15.92,23.51762786258481,22.06723960827281,8.13115959467658,2.71391052547045,15.114832351546431,16.07808778784249,8.13115959467658
1594,15.93,23.64001272599848,22.207042429864824,8.105397473508237,2.7397845080943344,15.16460083849887,16.223058123880836,8.105397473508237
1595,15.94,23.566025317354423,22.158233231789172,8.023107210041728,2.7618019617207543,14.927787981508077,16.375238805388733,8.023107210041728
1596,15.95,23.64192721815711,22.27734990616796,7.915832473391315,2.814277586223835,15.29614877852647,16.195930087124506,7.915832473391315
1597,15.96,23.633209332019547,22.257945838111116,7.944333225561972,2.801738699289847,15.208717501826088,16.251494235359925,7.944333225561972
1598,15.97,23.485914729089473,22.153345155369,7.7985568593907715,2.8406980361619922,15.18463817465347,16.13063746656553,7.7985568593907715
1599,15.98,23.550943599749072,22.163056672111008,7.9652911677701725,2.7824540503665482,15.125833300599382,16.199081702790533,7.9652911677701725
1600,15.99,23.6073806895468,22.181784967021333,8.079408313608957,2.7454714635053574,14.868370671162799,16.460957988770872,8.079408313608957
1601,16.0,23.47298232927975,21.92749511006522,8.37650629013941,2.617737556751752,14.894876530622621,16.09216253147605,8.37650629013941
1602,16.01,23.56604395727112,21.976419499114453,8.508549453048792,2.582863227202592,14.944395235460908,16.112978155741143,8.508549453048792
1603,16.02,23.796261757282085,22.25644925690917,8.420958383445033,2.6429829294327907,14.834395398859476,16.591872910424236,8.420958383445033
1604,16.03,24.157184857978084,22.594450461620273,8.54753699026293,2.64338726902956,15.080887368558077,16.824863382490747,8.54753699026293
1605,16.04,23.928284837718895,22.386908534349036,8.449209522180062,2.6495861507021514,14.895310543991167,16.712372588096976,8.449209522180062
1606,16.05,23.94678635245784,22.515155376178026,8.155755942696109,2.760646043649882,14.894224541635019,16.884735618800647,8.155755942696109
1607,16.06,24.00913153303412,22.487543762843032,8.411228952106393,2.6735146422582585,14.845192622253682,16.891118390857525,8.411228952106393
1608,16.07,23.882434418097162,22.30134592422679,8.545211741243445,2.6098061229529743,14.725748371950548,16.74820482672763,8.545211741243445
1609,16.08,23.689243566984704,22.059857516159784,8.633825753549514,2.5550501186673356,14.414281174517374,16.69927578834559,8.633825753549514
1610,16.09,23.248460611397213,21.585446398234552,8.63477993863368,2.499825884578376,14.421464642518265,16.06091073929659,8.63477993863368
1611,16.1,23.3813586772648,21.755016567573907,8.567799468912114,2.5391603347523524,14.648426311369084,16.08428899441331,8.567799468912114
1612,16.11,23.23702838004499,21.648627012663344,8.443721715073229,2.563872631427147,14.64246680334528,15.945570464751283,8.443721715073229
1613,16.12,22.7692624336258,21.188153490277397,8.33675377132906,2.5415352391893355,14.543957419152376,15.408152092883714,8.33675377132906
1614,16.13,22.70066875502616,21.12325745823966,8.314346413179067,2.5405794284391607,14.326989231657844,15.52190018016601,8.314346413179067
1615,16.14,22.791703769437166,21.29854188062596,8.113807643332326,2.624974958351205,14.292133044953909,15.791226021627157,8.113807643332326
1616,16.15,23.10452863268451,21.640952701992646,8.092490932256622,2.6742016621522473,14.706936715427705,15.875668373277621,8.092490932256622
1617,16.16,22.769763356750293,21.199414159997197,8.309450198136968,2.551241496669688,14.05917441369464,15.866782141707363,8.309450198136968
1618,16.17,22.565526051987653,20.94411548084715,8.399225721926534,2.4935769289032974,14.274481830529004,15.326289235981376,8.399225721926534
1619,16.18,22.490667257805473,20.813607485669213,8.521963220632763,2.442348898582055,14.177959371061124,15.237838581637671,8.521963220632763
1620,16.19,22.402615637605294,20.7625118143957,8.413993734449543,2.467616742972773,14.527393093858777,14.83363565480241,8.413993734449543
1621,16.2,22.69015058003836,21.076975344379182,8.402621238473586,2.5083809856706107,14.96798558230309,14.839080068371313,8.402621238473586
1622,16.21,22.60992137585763,21.045311812051565,8.26458682306541,2.5464445183535105,14.272243117520983,15.46635786670062,8.26458682306541
1623,16.22,22.667938458900792,21.14069084824952,8.179646962751667,2.584548079461085,14.268304311935731,15.59949683814376,8.179646962751667
1624,16.23,22.837058989223685,21.289787381679574,8.262942364567202,2.5765382889482003,14.497713071599918,15.590746051766853,8.262942364567202
1625,16.24,22.60467677399863,21.07923928064138,8.163154010945684,2.5822420172860854,14.32911363977304,15.459975127696838,8.163154010945684
1626,16.25,22.727026015884853,21.236998036485776,8.093678145627376,2.6238994996309684,14.63874800347449,15.385614790851628,8.093678145627376
1627,16.26,23.07950485918041,21.633381419192492,8.041166141590987,2.690328870000467,14.583634335757228,15.978760940360354,8.041166141590987
1628,16.27,23.20150455368832,21.738301855992805,8.109010172182511,2.6807589822201465,14.500528792131215,16.19532130989793,8.109010172182511
1629,16.28,22.583075896858666,21.11060827543784,8.021068208430494,2.631894870716804,14.325443216896726,15.506110356838438,8.021068208430494
1630,16.29,22.28814767135707,20.826528562216883,7.938339540948348,2.623537133274203,14.335774712454915,15.107278224305457,7.938339540948348
1631,16.3,22.677796357979556,21.273778773168367,7.855493896903101,2.708140194922079,14.39825622536054,15.660902941994607,7.855493896903101
1632,16.31,23.30738013973944,21.939077053690184,7.868345887832159,2.7882705420484144,14.897673386068082,16.10535406781838,7.868345887832159
1633,16.32,23.169427329797877,21.68962095920042,8.147558249991159,2.662100753833083,14.448547729052176,16.176499184776883,8.147558249991159
1634,16.33,22.697906359086563,21.290083438058538,7.869390083505048,2.7054299268611013,14.152585933912212,15.905092397805323,7.869390083505048
1635,16.34,22.621450109426867,21.236387351432793,7.793962876046692,2.7247226717872772,14.040304256984308,15.932796493754731,7.793962876046692
1636,16.35,22.766596173898886,21.374438166352725,7.839087601127532,2.7266487190777586,14.288492571094174,15.896716232386567,7.839087601127532
1637,16.36,22.942681498945905,21.55809157064746,7.84954280156836,2.7464136594477955,14.383843383860766,16.05790651601216,7.84954280156836
1638,16.37,22.949550102501195,21.655695737475394,7.596886996204602,2.8506012723757195,14.319003397751855,16.24608566914753,7.596886996204602
1639,16.38,22.79409380669876,21.51593712561616,7.525633666018753,2.8590199949233805,14.08369977200158,16.26606747574811,7.525633666018753
1640,16.39,23.416212302712843,22.177241766797923,7.515912866892095,2.9507050120936853,14.467346982662667,16.808507478840816,7.515912866892095
1641,16.4,23.25207241362457,21.99867024534214,7.531094141301067,2.921045711631705,14.422095255309236,16.611582134465355,7.531094141301067
1642,16.41,23.02944565625977,21.705358491674442,7.696283517550427,2.8202389428843215,14.511649452156549,16.14108476620541,7.696283517550427
1643,16.42,23.133948290834663,21.81915506185575,7.687914926019063,2.838110888559753,14.23420529907181,16.536714520036362,7.687914926019063
1644,16.43,23.2056183953011,21.92505540480569,7.602149078026399,2.884060175586253,14.328559118017397,16.595193524188854,7.602149078026399
1645,16.44,22.68866507098409,21.41287286762269,7.500959822470818,2.854684383653889,14.212262672531448,16.01632648805403,7.500959822470818
1646,16.45,22.700667934979045,21.424562849581065,7.503894415470983,2.855125840444858,13.989653747043427,16.22656714568682,7.503894415470983
1647,16.46,22.40626775594275,21.060304767831372,7.648816760588465,2.7534068898535216,13.44455140341434,16.21050506538554,7.648816760588465
1648,16.47,22.509332697629944,21.196233041930377,7.575603165740084,2.7979597898934627,13.59568241433988,16.26154097421983,7.575603165740084
1649,16.48,22.627695154596555,21.333628017121637,7.54247331028989,2.828465828048345,13.609314258525048,16.428945486111516,7.54247331028989
1650,16.49,22.755157367437064,21.52275416884256,7.387031867021804,2.91358620841036,13.55439101965489,16.71847574089004,7.387031867021804
1651,16.5,22.76781614502486,21.50744968623383,7.470144577434543,2.8791209411398153,13.628687283862732,16.638187248752732,7.470144577434543
1652,16.51,22.716848804815662,21.471907621178158,7.417034631741063,2.894945040338564,13.751429396787943,16.490633900416473,7.417034631741063
1653,16.52,22.72968510269291,21.550172043211735,7.226940554311709,2.981921863236381,14.074443866203241,16.319312024381375,7.226940554311709
1654,16.53,22.79909876902563,21.61872621394721,7.240827408948354,2.9856706965878472,13.924636563685443,16.53704386167258,7.240827408948354
1655,16.54,23.25160937038478,22.11030799606291,7.195249726882447,3.072903489847718,14.336555621728472,16.832376320230285,7.195249726882447
1656,16.55,22.95946839562912,21.79484686338723,7.219545637461693,3.018866831493573,13.728016087198034,16.927992323608027,7.219545637461693
1657,16.56,22.8524310879847,21.6454006712667,7.328726793339816,2.9535008305859565,13.609412762229828,16.831733555606466,7.328726793339816
1658,16.57,22.59164176728651,21.409855272810482,7.211128548203372,2.969002026478182,13.44772006887766,16.659553648036187,7.211128548203372
1659,16.58,22.632358953490655,21.414060015861434,7.3254150351180405,2.923255530669925,13.384542759517503,16.715740530457,7.3254150351180405
1660,16.59,22.82374833655164,21.591399353284597,7.398308056388651,2.918423940814387,13.984734861177543,16.450401724443815,7.398308056388651
1661,16.6,23.11355725055647,21.88154601384847,7.4454330175338725,2.9389218816847573,14.261965512405189,16.595131686104,7.4454330175338725
1662,16.61,23.410492567880382,22.162522202261332,7.541470142157703,2.938753556600355,14.373176224622824,16.869771651734464,7.541470142157703
1663,16.62,22.83813609005622,21.594540139943508,7.433457890665493,2.9050464074143316,13.87301896635552,16.548821970604777,7.433457890665493
1664,16.63,22.556109500677135,21.31424282070034,7.381133299620157,2.887665342908412,13.25850998835439,16.68858471855786,7.381133299620157
1665,16.64,22.513075726040253,21.29142987834722,7.315298516249791,2.910534659802555,13.568469303387472,16.407974494970684,7.315298516249791
1666,16.65,22.24601617946682,21.00867384603355,7.3157951781119195,2.871686991578067,12.927364461319979,16.560423450299066,7.3157951781119195
1667,16.66,22.624044081001735,21.336124272459916,7.524438291942886,2.8355770151383237,13.463456381170777,16.55190445967367,7.524438291942886
1668,16.67,22.752872066448386,21.457466596170743,7.567715279156857,2.835395598889575,13.221810279153944,16.89989957567329,7.567715279156857
1669,16.68,22.805103876182468,21.51856592273526,7.551429231103821,2.8496017461306207,13.271339163988623,16.93872002736585,7.551429231103821
1670,16.69,22.731825628613148,21.477312064330878,7.447211753469948,2.88394002685955,13.28436888853195,16.876032612615354,7.447211753469948
1671,16.7,22.678032515681373,21.516632913695013,7.164332965433559,3.0032988440805815,13.472361336394926,16.77679862084285,7.164332965433559
1672,16.71,22.681291664603123,21.51240901405049,7.18729782233867,2.993115012875671,13.460858498584042,16.78061471069813,7.18729782233867
1673,16.72,22.31359629613055,21.148797537605155,7.1151206862622525,2.972373691206514,13.317268943803704,16.429302637818054,7.1151206862622525
1674,16.73,22.528350950265793,21.309092484152874,7.310894202500897,2.9147039874908187,13.431840668044588,16.542765148742337,7.310894202500897
1675,16.74,22.430026747082522,21.201085684788154,7.322572339083323,2.895305734520366,13.239055163398088,16.559391673435098,7.322572339083323
1676,16.75,22.435109431374954,21.212849538931483,7.304050221378798,2.904258445107884,13.31598606384579,16.51270724953393,7.304050221378798
1677,16.76,22.094466232420395,20.821393312132,7.391550489381099,2.8169182287321957,13.14088458076402,16.150776200961168,7.391550489381099
1678,16.77,21.96181441123554,20.690724656865655,7.363097541614161,2.8100571179354183,12.838625567027103,16.225775185670063,7.363097541614161
1679,16.78,21.55696447210927,20.239784878496124,7.4198265022829775,2.727797593686136,12.613762808118071,15.828514767606519,7.4198265022829775
1680,16.79,21.211254046145655,19.919785882536406,7.288307663925404,2.7331153953794294,13.11475900035121,14.993364064438762,7.288307663925404
1681,16.8,21.219842935681935,19.879905654459094,7.420989515207247,2.6788753189478,13.264571760628547,14.80749083529449,7.420989515207247
1682,16.81,21.418316611172752,20.116753461338956,7.352585710628999,2.7360107386790338,13.046381454638071,15.312599412391377,7.352585710628999
1683,16.82,21.35008901092821,19.999278518145747,7.473630946748148,2.675978873006518,12.938265775934994,15.250325241044377,7.473630946748148
1684,16.83,21.20912218060739,19.864380867963927,7.431906646641972,2.6728512362220584,12.85459512824943,15.144405282358145,7.431906646641972
1685,16.84,21.525850170202684,20.20664868319888,7.419809602934026,2.7233378974048787,12.847151673247332,15.596773541050124,7.419809602934026
1686,16.85,21.384500020878285,20.089314769603867,7.32913864179954,2.7410198867068085,12.672044052045559,15.588453016744184,7.32913864179954
1687,16.86,21.65484581970795,20.413869231067526,7.225392064946886,2.82529571372368,13.005948226930327,15.734400773513215,7.225392064946886
1688,16.87,21.71490032148705,20.487681931918594,7.196650959206978,2.846835569496092,13.067904476976516,15.778941140776233,7.196650959206978
1689,16.88,21.829011561676296,20.613089931255598,7.183750360763268,2.869405101246513,13.519601554350276,15.560200844643377,7.183750360763268
1690,16.89,21.714779689738176,20.38213775555021,7.490001167399117,2.721246272198894,13.207102174071597,15.524303258113028,7.490001167399117
1691,16.9,21.78687914569851,20.388467432923644,7.679746001391226,2.6548361663563047,13.471848575470071,15.30355841701508,7.679746001391226
1692,16.91,21.505894290353076,20.118920997396128,7.598191043161141,2.6478566915614006,13.236990303250968,15.151008871065539,7.598191043161141
1693,16.92,21.661889768469567,20.301179085040737,7.5564274692761355,2.6866107254497975,13.220132551862102,15.40668580695055,7.5564274692761355
1694,16.93,21.8491858868957,20.56959825144632,7.367397891672382,2.791976021099231,13.606799729587426,15.426061498153151,7.367397891672382
1695,16.94,21.719071781416034,20.341642131396924,7.611548754654323,2.6724708449063512,13.24796786770979,15.43611842329383,7.611548754654323
1696,16.95,21.623575672976006,20.293598060055782,7.4665187779727615,2.7179464303933227,13.345813411713001,15.287883653496358,7.4665187779727615
1697,16.96,21.63488609007202,20.304122450814223,7.4706698249041645,2.71784497597907,13.48550839728488,15.178881769235083,7.4706698249041645
1698,16.97,21.72009336567743,20.407499909027177,7.436155140716238,2.7443617733695587,13.043448762041635,15.695046891581397,7.436155140716238
1699,16.98,22.061774159573012,20.761739716941534,7.461370048052567,2.782564004094716,13.346006762331609,15.903896993310367,7.461370048052567
1700,16.99,22.239864727891657,20.939356300911218,7.493660041555743,2.7942762528314593,13.024392147008184,16.395787614428954,7.493660041555743
1701,17.0,22.344903697481175,21.005011323252873,7.6213004506925515,2.756092803209738,13.29737493621229,16.26008365586643,7.6213004506925515
1702,17.01,22.15406363681371,20.755585510013724,7.746496353868619,2.6793513560034574,13.410733472669834,15.841292800415768,7.746496353868619
1703,17.02,22.10522322048716,20.655083202885198,7.87454325719623,2.62301984105673,13.732524410707434,15.428876674192281,7.87454325719623
1704,17.03,22.0312729648997,20.538334063668156,7.972065124112358,2.5762877929268018,13.224827055661773,15.713914708266305,7.972065124112358
1705,17.04,22.518964538566166,21.00755765271838,8.110874512462514,2.5900484122198986,13.7611812685223,15.87285004739721,8.110874512462514
1706,17.05,22.823063954272403,21.263180223098324,8.292732665463681,2.5640740007997604,13.783368677192811,16.19078692060827,8.292732665463681
1707,17.06,22.89617345103953,21.302806243979774,8.391972642444912,2.5384742243122265,14.204544802415358,15.87578221142878,8.391972642444912
1708,17.07,22.93082003187859,21.34641117441236,8.375752939725935,2.548596087781792,14.346347664666752,15.806694110774323,8.375752939725935
1709,17.08,22.715337666580634,21.14630289363392,8.295808534282031,2.549034588521159,14.041099608393635,15.81181987806838,8.295808534282031
1710,17.09,22.887508931356884,21.242572444479723,8.520045834616841,2.493246263790203,14.193864485757729,15.80446440152006,8.520045834616841
1711,17.1,23.037198263266173,21.406946874660193,8.51205787847511,2.5148967711783388,14.171845736757401,16.044194056046408,8.51205787847511
1712,17.11,23.093248353153076,21.442780521108403,8.573522206420252,2.501046828227849,14.104007562478175,16.151464551364512,8.573522206420252
1713,17.12,22.67037463307785,21.03796138180282,8.446896880030726,2.4906142078682856,14.124755194412213,15.591251065907187,8.446896880030726
1714,17.13,22.84078843626297,21.363881022396196,8.079987874435457,2.644048648883508,14.439045503102571,15.745773315351448,8.079987874435457
1715,17.14,22.479638243923063,20.949323170120188,8.152299938760464,2.569743916132884,14.20892253964591,15.394176221820933,8.152299938760464
1716,17.15,21.30731549882772,19.576772163745616,8.411402107578665,2.3274089044092854,13.803926481727492,13.881700977843733,8.411402107578665
1717,17.16,21.12986597319083,19.35347234976796,8.480232547033996,2.2821865134508528,14.009182340176604,13.352891153338923,8.480232547033996
1718,17.17,21.218445370989354,19.49439881536848,8.377997301803072,2.326856659547144,14.209102976535195,13.346646686522375,8.377997301803072
1719,17.18,21.011055945302374,19.332565742394586,8.22899591399932,2.3493225594517146,14.07242137291826,13.255755538144255,8.22899591399932
1720,17.19,20.82741995473787,19.154820830940917,8.177668427220876,2.342332781209442,14.058246082513861,13.0104910802372,8.177668427220876
1721,17.2,20.836065193326203,19.11857278582882,8.28382685559672,2.307939690085619,14.064363075558058,12.950425346138774,8.28382685559672
1722,17.21,20.93901859670655,19.220731017157227,8.306984949987141,2.3138035199145244,14.535269909628932,12.576264528394178,8.306984949987141
1723,17.22,20.98586480733385,19.241912690396454,8.375877131790643,2.297301212474067,14.403543070869905,12.758885178197806,8.375877131790643
1724,17.23,21.19901578356057,19.402110920417574,8.54144964414492,2.271524358130183,14.50390591621393,12.887149465331788,8.54144964414492
1725,17.24,21.047523136244852,19.241416647296255,8.53030571409448,2.255653817366005,14.47524109993648,12.676731033415482,8.53030571409448
1726,17.25,20.612140269370975,18.783500993593016,8.487662629246921,2.213035768984094,14.230968190898198,12.259667773881699,8.487662629246921
1727,17.26,20.57685553110864,18.799672717682203,8.365362470099647,2.2473231476672955,14.36310307006074,12.129672892983399,8.365362470099647
1728,17.27,20.39588028321899,18.609277493663022,8.347857431176468,2.2292279961758292,14.175277800438609,12.05681168951997,8.347857431176468
1729,17.28,20.58685427568324,18.79422055696977,8.40213321866491,2.236839153563927,14.295539326195797,12.200831189604031,8.40213321866491
1730,17.29,20.951807446431697,19.189905135165674,8.409861840464027,2.281833578149108,14.355243451088333,12.734969358292284,8.409861840464027
1731,17.3,21.382313571687778,19.72997368696122,8.24205508291477,2.3938172565553626,14.739609653823518,13.115478220068633,8.24205508291477
1732,17.31,21.724637766214293,20.05554357356111,8.35075194471827,2.401645229834177,15.007470272794514,13.304159651860665,8.35075194471827
1733,17.32,21.254670236776313,19.5320391663923,8.382150850266424,2.3301941846789216,14.80042972343461,12.74550250084931,8.382150850266424
1734,17.33,21.203207193667993,19.46802144219652,8.400722375116953,2.3174223088077577,14.824390468618239,12.619084994870434,8.400722375116953
1735,17.34,21.46364530692496,19.73713276147808,8.434077318668026,2.3401650252591137,14.815891930722893,13.04008266620084,8.434077318668026
1736,17.35,21.19530230623684,19.39553807944843,8.54715990615799,2.2692377693173245,14.837232040144274,12.49173497870693,8.54715990615799
1737,17.36,21.50754961549,19.75292161517872,8.508629626877017,2.3215162113512724,14.841246739976958,13.035156598158615,8.508629626877017
1738,17.37,21.077017564248617,19.34598393944858,8.365020909611781,2.312723918863034,14.773685117429132,12.490209070966564,8.365020909611781
1739,17.38,21.014741183169264,19.279492508996633,8.361848814175792,2.305649496593651,14.682769372216981,12.494603433752681,8.361848814175792
1740,17.39,21.65409612659426,20.00643604119925,8.285070668931453,2.414757440298277,14.956304310703777,13.28783068962801,8.285070668931453
1741,17.4,21.42992510134185,19.764558251061498,8.282748758082581,2.3862317726074433,14.79282682004183,13.107632796651512,8.282748758082581
1742,17.41,21.162308906196994,19.477329273591934,8.275080821924549,2.353732814546947,14.41494343737803,13.098693115311672,8.275080821924549
1743,17.42,21.60492598253362,20.005154523992598,8.158836876781802,2.451961575665611,14.837899624935902,13.418008132697958,8.158836876781802
1744,17.43,21.79504025361694,20.18209814721109,8.228407745920311,2.452734328487487,14.682602413183227,13.846958944116478,8.228407745920311
1745,17.44,21.847918536235344,20.278735076926402,8.130464196207424,2.494166948842321,14.688112135992652,13.981647191968143,8.130464196207424
1746,17.45,21.390225212292343,19.778238420205223,8.146350080011603,2.4278650224883354,14.513407272871682,13.43650714799934,8.146350080011603
1747,17.46,21.4694698631388,19.86412073718482,8.145848239610732,2.4385576741525536,14.614908448138648,13.45316853807985,8.145848239610732
1748,17.47,20.935108120947433,19.288154335494163,8.139155629788442,2.369797951141464,14.42641966333012,12.802785375351894,8.139155629788442
1749,17.48,20.984365761765964,19.30948045426434,8.215081923508686,2.350491526932601,14.407053611600695,12.856626371100619,8.215081923508686
1750,17.49,21.30781799335577,19.703299387233876,8.111911050733049,2.428934349009331,14.278359369980219,13.577498313189691,8.111911050733049
1751,17.5,21.38533230070807,19.772168856604278,8.148237620346848,2.426557714422991,14.407205984966206,13.54145771329018,8.148237620346848
1752,17.51,21.761548438370347,20.10730143798545,8.322344580557044,2.4160621136693665,14.408575492728612,14.024853774223535,8.322344580557044
1753,17.52,22.046599160192986,20.422888715619237,8.304104469456918,2.4593728066326794,14.488778080387117,14.393390609160212,8.304104469456918
1754,17.53,21.87598018740858,20.191584250269766,8.41774522209781,2.3986927279842005,14.471731471421347,14.080804762328576,8.41774522209781
1755,17.54,21.52011183877912,19.72478542690313,8.60511786184194,2.2922156028065146,14.065462838892934,13.82859050175006,8.60511786184194
1756,17.55,21.633426251253184,19.84459534293583,8.613777745190546,2.303820220345939,14.227892626380479,13.833836623910896,8.613777745190546
1757,17.56,21.931977232859307,20.263294602064708,8.391097497502603,2.4148562936011126,14.370200728036723,14.286302501557131,8.391097497502603
1758,17.57,22.07793840990793,20.28887683767617,8.706138127625545,2.330410629863235,14.697375496084252,13.986624927461767,8.706138127625545
1759,17.58,22.260715253183527,20.61453327086463,8.401217864555882,2.453755348713884,14.473746384637248,14.678884411588811,8.401217864555882
1760,17.59,21.9379393625637,20.272426169817166,8.38462406222448,2.4178097931845492,14.069615368115484,14.59510829709655,8.38462406222448
1761,17.6,22.4002263672247,20.762128967513753,8.408575505948377,2.4691612690908524,14.566434651730155,14.794761937947792,8.408575505948377
1762,17.61,22.25663470150851,20.6021262489788,8.420818384072396,2.446570548053477,14.653085582575155,14.482219750044859,8.420818384072396
1763,17.62,22.513171105094756,20.948308370792365,8.246893330792142,2.540145425741818,14.874132303700728,14.750993587206793,8.246893330792142
1764,17.63,22.680877291497698,21.152381842336887,8.185287845149531,2.584195234486646,14.654910050087423,15.253093752674236,8.185287845149531
1765,17.64,22.89488383071997,21.397908053079547,8.142802746850514,2.6278308241417077,14.867958318300094,15.388771376992302,8.142802746850514
1766,17.65,22.276460324744985,20.731806654122817,8.15063662887791,2.5435812683232015,14.473805160185005,14.84307149241467,8.15063662887791
1767,17.66,22.14079782629024,20.586861371246222,8.148378198497456,2.526498018347062,14.543275404048394,14.57093001976576,8.148378198497456
1768,17.67,22.425195229734413,20.82221787214111,8.326141001495863,2.500824555865703,14.723648894610697,14.723414017921996,8.326141001495863
1769,17.68,21.9430148816633,20.264893295247187,8.416056192133155,2.407884742284592,14.3341504011753,14.32473499036685,8.416056192133155
1770,17.69,21.894533946760006,20.09954333927197,8.682106558811293,2.315053749124209,14.158131319989804,14.26670809868892,8.682106558811293
1771,17.7,21.733803498043514,19.946104012272187,8.631984083812249,2.3107206661418154,14.410256065355442,13.79099653394443,8.631984083812249
1772,17.71,21.592858226936823,19.84036328820427,8.521238818427136,2.3283425932505946,14.341898164565404,13.709484762206028,8.521238818427136
1773,17.72,21.83767621925045,20.075613778478964,8.593825345802786,2.3360509401420253,14.340500154261104,14.0492107930763,8.593825345802786
1774,17.73,21.67414476800481,19.900269621420545,8.587655117620683,2.3173112274371546,14.312941371298825,13.826078269234412,8.587655117620683
1775,17.74,21.71472105522801,20.087323441994116,8.247942012591764,2.4354346103946534,14.239885228921795,14.167788526457516,8.247942012591764
1776,17.75,21.782389772109052,20.018745832901878,8.586170244163263,2.3315104713315336,13.94877561040519,14.359033522242768,8.586170244163263
1777,17.76,22.080598299298643,20.337786682920456,8.59809595753696,2.3653826130066227,14.005646977343515,14.746776593751093,8.59809595753696
1778,17.77,22.57729530811713,20.852081131569435,8.655921436356378,2.4089961172691634,14.024203464979783,15.43149392283207,8.655921436356378
1779,17.78,22.632740122016262,20.897596547567854,8.690879355151846,2.4045433947003323,14.156789995470852,15.371884675896327,8.690879355151846
1780,17.79,22.788446304072302,20.98161007496295,8.892992950396376,2.359341808994436,14.374489150918755,15.284044719507524,8.892992950396376
1781,17.8,23.001844644002457,21.273807172528382,8.74699865170359,2.4321264949989487,14.805639502271458,15.276384079444295,8.74699865170359
1782,17.81,22.755944921146916,20.942921959276568,8.90095776093355,2.3528840964952553,14.131968151268133,15.456178582168743,8.90095776093355
1783,17.82,23.075472008931342,21.400656000148313,8.63072020159905,2.4795909843286683,14.17143875134814,16.03615917086982,8.63072020159905
1784,17.83,22.933243011070772,21.222612034367447,8.691051342820867,2.441892378405763,14.061699755562822,15.895529608845452,8.691051342820867
1785,17.84,23.225073387887136,21.537087167967318,8.692405316833806,2.4776901654894488,13.600774927913056,16.69925282882064,8.692405316833806
1786,17.85,23.803050392161104,22.1630415382676,8.682441922914645,2.552627674914248,14.185379375305427,17.02866472174593,8.682441922914645
1787,17.86,23.497978809670894,21.773817272963754,8.83492441978581,2.4645165298982405,13.930223114026452,16.73463482212438,8.83492441978581
1788,17.87,23.329799368052903,21.471447135653506,9.124499792012628,2.353164296682773,14.236781078356813,16.07286864956298,9.124499792012628
1789,17.88,23.21787111338595,21.365804517148277,9.086910166432164,2.3512727787356607,14.088528870769881,16.062719474686634,9.086910166432164
1790,17.89,23.344143133862424,21.430571235816295,9.256329464796472,2.3152342748084656,13.888736046542668,16.32091892397187,9.256329464796472
1791,17.9,23.540041674332425,21.676189842712816,9.180215462176324,2.3611853046392564,14.527984645333028,16.087102543413277,9.180215462176324
1792,17.91,23.46484101824438,21.60224604507538,9.161971939463085,2.357816219893523,14.457521592820402,16.05107795710639,9.161971939463085
1793,17.92,23.720023126912068,21.970052421653744,8.94182832149163,2.4569977896856794,14.869700416010573,16.17328701743429,8.94182832149163
1794,17.93,23.418533904214545,21.74084715109375,8.704211358625482,2.4977388824031195,14.508659606095248,16.19145550226048,8.704211358625482
1795,17.94,23.144602767251286,21.337755364738722,8.96508969550331,2.3800939075312617,14.368578615557597,15.77478217199772,8.96508969550331
1796,17.95,22.96832206723447,21.05278808031746,9.182806359139521,2.292631169268195,13.988940788604495,15.733067773567694,9.182806359139521
1797,17.96,22.916042264352207,21.027176798992457,9.110588835277866,2.3079931691760014,13.700880202740718,15.950800788870575,9.110588835277866
1798,17.97,22.36980887860735,20.41491073958546,9.145478049844007,2.2322409641487986,13.648593446894791,15.181715233352993,9.145478049844007
1799,17.98,22.264689406815325,20.357314722801725,9.016436749556588,2.2578004247412773,13.749380015154516,15.012488531954634,9.016436749556588
1800,17.99,22.481413701163493,20.56940154847429,9.0726887933228,2.267178122941094,13.688478018188482,15.35336606767217,9.0726887933228
1801,18.0,21.852889659924784,19.776717732086123,9.296785586117274,2.1272640472227677,13.102673814468675,14.813456827028817,9.296785586117274
1802,18.01,21.401246079707658,19.35076238136037,9.141188600194763,2.1168759586634147,12.507620025775227,14.765210666654847,9.141188600194763
1803,18.02,21.8590870806265,19.922472029890095,8.995265211024043,2.21477316816344,12.475766605936885,15.532550961639986,8.995265211024043
1804,18.03,22.15573508748028,20.244303882723525,9.002486188300999,2.248745897442376,12.927248240976168,15.57941246043102,9.002486188300999
1805,18.04,22.239378846528346,20.420356311476652,8.809030570485506,2.318116181807188,13.396999872559276,15.411403125682979,8.809030570485506
1806,18.05,22.84095607107479,21.105677570383676,8.732677054361476,2.416862256442037,13.599952019861705,16.139731434025045,8.732677054361476
1807,18.06,22.545797906245554,20.802244806533075,8.69365367600608,2.392808085275575,13.500535397659108,15.826210316038573,8.69365367600608
1808,18.07,22.555846594301364,20.950203273317527,8.357942234326108,2.506622166790642,13.37209381580229,16.127557911063487,8.357942234326108
1809,18.08,22.646729232964752,21.05612735604479,8.337496369848836,2.525473646044484,13.384389163708274,16.254803165476545,8.337496369848836
1810,18.09,22.562799269213425,20.913380164123254,8.468201755607492,2.469636502256785,13.416602568429555,16.042576021635472,8.468201755607492
1811,18.1,22.048180756852457,20.426320817856304,8.299860994790759,2.4610437247896653,13.47902717989939,15.347651560988844,8.299860994790759
1812,18.11,22.002458162633836,20.500249360455495,7.990490683155595,2.5655807851289003,13.625923289942907,15.316476041748226,7.990490683155595
1813,18.12,21.850273628819608,20.24765307914935,8.213829949585241,2.465068452040666,13.182716801330276,15.368260570068125,8.213829949585241
1814,18.13,21.530580737482968,19.955782365798193,8.082861935117451,2.4689005609630295,12.934336321631484,15.196584937084602,8.082861935117451
1815,18.14,21.590552412629737,19.977442272762044,8.188635644658499,2.4396545578131152,12.983124431215494,15.183434386367114,8.188635644658499
1816,18.15,21.31846392930127,19.62557630494089,8.32548250877162,2.357289956980108,13.16787457649419,14.552330550079432,8.32548250877162
1817,18.16,21.518551511171125,19.76408615021599,8.510520418033526,2.322312288721676,13.334009783909936,14.588464087619155,8.510520418033526
1818,18.17,21.442341009961083,19.675253066816673,8.523989954486101,2.3082210528018936,13.347308751736108,14.455619403163174,8.523989954486101
1819,18.18,21.157387506919225,19.412289448627558,8.414158572349644,2.3070981229685454,13.106979886052825,14.319359619197481,8.414158572349644
1820,18.19,22.05251100738453,20.39838384426574,8.379688435306782,2.4342651879895283,13.365065045617362,15.410032439434339,8.379688435306782
1821,18.2,21.99358159955811,20.34581008240342,8.35258305359439,2.435870430961827,13.617330639314208,15.116887714368433,8.35258305359439
1822,18.21,21.87486007307618,20.273944573043174,8.214418705291063,2.468092423872226,13.482384066745075,15.141273012121712,8.214418705291063
1823,18.22,22.07116826156114,20.460794489554562,8.276010952527649,2.4723015238767236,13.673829502594323,15.220725931366328,8.276010952527649
1824,18.23,22.550906460006388,20.952512032685682,8.338802173461097,2.5126524885515,13.86380612488468,15.7099535394427,8.338802173461097
1825,18.24,22.538534445599286,20.91401349935891,8.401760190823044,2.4892418998345813,13.782430040231285,15.730244207814986,8.401760190823044
1826,18.25,22.088449290637705,20.32476906964236,8.648893243113974,2.349984963200282,13.484318512115545,15.207543917349337,8.648893243113974
1827,18.26,22.029304039819774,20.308204220493035,8.536221518773315,2.3790624664355473,13.581865421140968,15.098214806501677,8.536221518773315
1828,18.27,21.84647249303595,20.07896808546549,8.608333230761602,2.332503580799352,13.347886630647519,14.999962729037795,8.608333230761602
1829,18.28,21.486286316665392,19.685996550126568,8.609415747315687,2.2865659096860815,12.76679051154672,14.98490974967403,8.609415747315687
1830,18.29,21.352722223804328,19.693205931086244,8.253265203710402,2.386110883996895,12.976583050435389,14.813191829559331,8.253265203710402
1831,18.3,20.981766730339036,19.19309890548047,8.47699767198307,2.264138749136936,13.036723917948478,14.086123493805724,8.47699767198307
1832,18.31,20.894658746081983,19.072723569152647,8.533345168801587,2.235081693271198,13.204202796494657,13.762914402638478,8.533345168801587
1833,18.32,20.69393175278208,18.75578412505446,8.744105056731506,2.144963264206853,13.137919763020623,13.385608034231284,8.744105056731506
1834,18.33,20.81850061336735,18.945919741165316,8.629142074974727,2.19557397207657,13.004800816359056,13.777627900531517,8.629142074974727
1835,18.34,20.730548540323483,18.925500791980753,8.460559234202185,2.2369089640639332,12.932937005601897,13.817153130670482,8.460559234202185
1836,18.35,20.16517061813181,18.273895689262773,8.526361615384957,2.1432231605435756,12.443484231074235,13.382636655497429,8.526361615384957
1837,18.36,20.378657530104864,18.62288872455295,8.275125272901807,2.2504660788080773,12.154052121939015,14.109961072386808,8.275125272901807
1838,18.37,20.164983381728625,18.25754134015798,8.560884241584747,2.1326700402595606,11.925891237395644,13.82428782908499,8.560884241584747
1839,18.38,20.068165153898345,18.181850008912537,8.494208785846212,2.1404995411943153,11.812373430313817,13.821993477404371,8.494208785846212
1840,18.39,20.78594183388089,19.024433747508617,8.374144643373143,2.2718062032238184,12.223249992449007,14.578108211816788,8.374144643373143
1841,18.4,20.567666516341596,18.68255697402726,8.601800441748498,2.171935643072142,11.86917052982479,14.427776198074092,8.601800441748498
1842,18.41,20.421888902380704,18.53981374491455,8.563226765948551,2.1650499574106385,11.97842376987118,14.150691067418144,8.563226765948551
1843,18.42,20.87247566378134,19.104107943732924,8.4079307804801,2.2721533326707597,12.362594070754572,14.56479344747269,8.4079307804801
1844,18.43,20.514167555100816,18.857822685519196,8.075493423950544,2.3351913865213603,12.264043700670594,14.325177435079967,8.075493423950544
1845,18.44,21.019334537067902,19.364911615540674,8.173898855715878,2.369115639594573,12.536688048294893,14.759107515613607,8.173898855715878
1846,18.45,21.139017031534124,19.62836842796679,7.847623456530406,2.5011863192331214,12.499031434514578,15.134300788045016,7.847623456530406
1847,18.46,21.00668380286542,19.505839972979466,7.797626006810339,2.50151006933948,12.38899255526264,15.066209095758976,7.797626006810339
1848,18.47,21.098774537880157,19.596225329791366,7.819606116956484,2.506037393277109,12.116334770073848,15.401508981767217,7.819606116956484
1849,18.48,21.413017444130407,19.8628027298071,7.99914894094369,2.483114500861364,12.586692421135764,15.365744569624864,7.99914894094369
1850,18.49,21.60310033998133,20.089005019482645,7.94517599720123,2.5284531175343634,12.477070809160285,15.744549110596951,7.94517599720123
1851,18.5,21.646864025286607,20.19423622138885,7.796123752480724,2.5902919017881225,12.433114491426453,15.913039954965706,7.796123752480724
1852,18.51,21.556673699000523,20.119412892533827,7.739470642422824,2.599585142458204,12.368408492106237,15.868624594231555,7.739470642422824
1853,18.52,21.51821669639803,20.114845358746468,7.643732464369664,2.6315475394395857,12.125365589412377,16.04937734397751,7.643732464369664
1854,18.53,21.68220106530158,20.33950972793242,7.511470366280311,2.7077933794744595,12.793502323209655,15.812082540851055,7.511470366280311
1855,18.54,21.13304006683541,19.764066757328056,7.4824493101090255,2.6413899965384564,12.464515248340483,15.337998383492138,7.4824493101090255
1856,18.55,21.492512882092548,20.149701602445994,7.477809526813283,2.694599471970359,12.385078934683003,15.89403329709882,7.477809526813283
1857,18.56,21.181250876918142,19.85220150084677,7.384814437798878,2.688246491236675,12.334191769177004,15.555629779323915,7.384814437798878
1858,18.57,21.22727123748743,19.94232479199499,7.273288532736951,2.741858060798072,12.46243780751571,15.568685301052916,7.273288532736951
1859,18.58,21.46668087243745,20.129788262606546,7.457212091773959,2.6993718315738517,12.4823896210696,15.792350200181929,7.457212091773959
1860,18.59,21.48739900487416,20.19452384197281,7.340948357716367,2.750942093298549,12.55849540070016,15.814644683792334,7.340948357716367
1861,18.6,21.530979490571756,20.235860381714215,7.354796559741841,2.7513827496575254,12.573339329505828,15.85563570133134,7.354796559741841
1862,18.61,21.75776351798218,20.444094983586023,7.445754065677229,2.745738685867612,12.852539868670227,15.898843939800452,7.445754065677229
1863,18.62,21.497214254215383,20.17532168885568,7.422035801775051,2.7183002383295642,12.512706074518833,15.826427011221133,7.422035801775051
1864,18.63,21.87448771990937,20.636616541283207,7.254189874582975,2.84478582695901,12.552746702823464,16.379819671984134,7.254189874582975
1865,18.64,22.27067650494406,21.010780996069517,7.3844508206820105,2.8452733326117556,13.031179172680742,16.481543842561823,7.3844508206820105
1866,18.65,21.791777165393206,20.55595315271357,7.234247853757694,2.841477589413275,12.51830830308682,16.3045750403199,7.234247853757694
1867,18.66,21.773263749347006,20.664124311796886,6.860683692259329,3.011962836169156,12.700916422937473,16.300084527110663,6.860683692259329
1868,18.67,22.415094209792038,21.166470528843178,7.376786142044909,2.869334981558195,13.183292659372704,16.55959749830039,7.376786142044909
1869,18.68,22.422191826054387,21.17588892399852,7.371323799892194,2.872738940637531,13.214477583096993,16.546777750587886,7.371323799892194
1870,18.69,22.262820177938718,20.99980028626491,7.391992303311966,2.8408850313407386,13.104632218486177,16.409150693476672,7.391992303311966
1871,18.7,22.258917712338416,20.994088614398766,7.396462733998268,2.8383957804449182,12.671534567357392,16.73869673712666,7.396462733998268
1872,18.71,22.357347470392988,21.0702573663838,7.4763119535127105,2.818268886771644,12.733994958016504,16.786932950806143,7.4763119535127105
1873,18.72,22.051574246588793,20.779310620159155,7.3818816641666,2.8149070339378164,12.014987937956832,16.9534602574168,7.3818816641666
1874,18.73,22.08155531331725,20.841348519920036,7.296113823558143,2.8564999154243185,12.10270778700272,16.967211684634478,7.296113823558143
1875,18.74,21.62952659474553,20.424128676889588,7.119788515304406,2.86864260546317,12.227555969834814,16.359459258016468,7.119788515304406
1876,18.75,21.500555539350213,20.27365784644689,7.159098129365579,2.831873160571343,11.76505459841851,16.510744767303173,7.159098129365579
1877,18.76,21.888510973150538,20.62804740389786,7.320558238568571,2.8178243696250376,12.408412585569238,16.4787025218536,7.320558238568571
1878,18.77,21.700128039936843,20.439505014834044,7.288497218098331,2.8043510758404313,12.25387065394932,16.35897366119604,7.288497218098331
1879,18.78,21.602215813553833,20.353713588684226,7.237545938034966,2.8122396407490537,12.05495819188595,16.39974511515562,7.237545938034966
1880,18.79,21.835834233747114,20.55440391768444,7.370219553877672,2.7888455381047925,12.050662692180254,16.651277701444307,7.370219553877672
1881,18.8,21.56087382396769,20.259564724580436,7.377080535251811,2.746284878925873,11.844480209603939,16.436491456322564,7.377080535251811
1882,18.81,21.603600920189468,20.289502219506847,7.419681421964025,2.734551669488812,11.778764052027878,16.520430312858956,7.419681421964025
1883,18.82,22.006875624587206,20.704779227446586,7.457525856391447,2.776360367520768,12.189169320657948,16.736547855804513,7.457525856391447
1884,18.83,21.858344207866278,20.583887212524118,7.354644704650743,2.798760244598601,12.136963109933331,16.62499742093307,7.354644704650743
1885,18.84,21.896386157277284,20.580643065392913,7.475885082282836,2.7529373229889735,12.269450577489392,16.523421301644845,7.475885082282836
1886,18.85,22.059024247676266,20.725470928878444,7.553502865279403,2.743822475284361,12.671940407876592,16.400215593796624,7.553502865279403
1887,18.86,22.602463225381793,21.278661254674553,7.621674295294213,2.791861791812917,13.306527570532252,16.604750790236302,7.621674295294213
1888,18.87,21.705879156807146,20.333558435813462,7.595498094744936,2.677053984106921,12.385990991319954,16.125781402015274,7.595498094744936
1889,18.88,21.514386240876,20.13229330141119,7.586803130933911,2.653593740863679,12.172441782786056,16.0356133221879,7.586803130933911
1890,18.89,21.623726299112768,20.266558937350148,7.540035006407735,2.6878600590218813,12.437928871184985,16.00097923742263,7.540035006407735
1891,18.9,21.699397421195528,20.328261802206747,7.591154098286318,2.6778881760279107,12.677638572595342,15.890742843608683,7.591154098286318
1892,18.91,21.779959304974145,20.4803012195599,7.411065327091849,2.7634760072471938,12.64501844308037,16.110439057271655,7.411065327091849
1893,18.92,22.141310369062182,20.863110251565473,7.414057963771531,2.813993410020821,13.42536394081685,15.969626558739284,7.414057963771531
1894,18.93,22.440721884857577,21.141433834809764,7.525009908424498,2.8094891690629176,13.61421559254011,16.174466247498767,7.525009908424498
1895,18.94,22.43238378819378,21.20083630339083,7.330510381797746,2.8921364542411987,13.731290789879933,16.153238474279178,7.330510381797746
1896,18.95,22.592215755882084,21.377711992395497,7.307642761555639,2.9253909488926144,14.067020915822624,16.097375332134707,7.307642761555639
1897,18.96,22.666821412699246,21.49303551157687,7.1995984230578225,2.985310325467892,13.865802112228295,16.422244282875276,7.1995984230578225
1898,18.97,23.35522816057841,22.2079172466886,7.230151727101311,3.0715700146990033,14.553034576557879,16.77500441279464,7.230151727101311
1899,18.98,23.073130610311843,21.912442830152486,7.225939757277825,3.0324696255712213,14.048006035490125,16.81691640020649,7.225939757277825
1900,18.99,23.446218747241076,22.31126811418385,7.206419962816615,3.0960266303247104,14.449174827470477,17.000412691114015,7.206419962816615
1901,19.0,23.2696905626279,22.119228122578672,7.226219353284186,3.0609682658644846,14.097401198559785,17.044750868977825,7.226219353284186
1902,19.01,23.48043855000896,22.369871129528494,7.13581531074301,3.134872492544829,14.540791222738054,16.999309543874315,7.13581531074301
1903,19.02,23.266839913844883,22.20944772222877,6.934426540823169,3.2027807334148126,14.38927660886885,16.91769153282659,6.934426540823169
1904,19.03,23.262441993159882,22.161626895831855,7.0713153525402,3.134017617793106,14.597239613686515,16.67508027958723,7.0713153525402
1905,19.04,23.19752848359908,22.095151483512957,7.066088639976573,3.1269281506757625,14.194999640372107,16.932150019688006,7.066088639976573
1906,19.05,23.48222318225872,22.372868219596985,7.132290880913112,3.1368418076539104,14.569173393112246,16.978940456132207,7.132290880913112
1907,19.06,23.45302451228587,22.337681374849097,7.146492116388395,3.125684743095727,14.44280405484817,17.04046420252516,7.146492116388395
1908,19.07,23.595841940216285,22.472125060683474,7.194953239922507,3.1233177355473,14.503172261084481,17.165500258026505,7.194953239922507
1909,19.08,23.671589397409882,22.526381409412338,7.273670682485571,3.096975707692417,14.573868514910751,17.17673472789316,7.273670682485571
1910,19.09,23.553644050304488,22.37368178179335,7.3615563283515195,3.0392597412622817,14.625475364639561,16.931541773603282,7.3615563283515195
1911,19.1,23.577738364420522,22.543393679367483,6.906891326647722,3.263898708293269,14.807582601814246,16.998238028495596,6.906891326647722
1912,19.11,23.40021734210236,22.29552259085721,7.104916893124354,3.138041292563643,14.605145688447971,16.84577237821507,7.104916893124354
1913,19.12,23.41018167621108,22.280915956381058,7.1831323430584915,3.101838430961459,14.655330756419243,16.78274400315003,7.1831323430584915
1914,19.13,23.17104164515795,22.03754595357469,7.158473249634158,3.0785259908180764,14.293470055757881,16.77349532509754,7.158473249634158
1915,19.14,23.250395580675228,22.01141673391581,7.4885531328670645,2.939341731757003,14.232219002997605,16.791259895696417,7.4885531328670645
1916,19.15,23.175895058010862,21.93201566407132,7.490580795296367,2.9279459448382563,14.181846802912517,16.7298694659519,7.490580795296367
1917,19.16,23.30081628078154,22.020487791801102,7.61749018784224,2.8907799352267642,14.107152440803892,16.908285915514384,7.61749018784224
1918,19.17,23.35500279457667,22.091010563136127,7.579142948519459,2.914710899792631,14.094826812964369,17.010249992670087,7.579142948519459
1919,19.18,23.253665658605264,21.9650048806514,7.63357892178748,2.877418980756155,14.168257906046586,16.784573492191818,7.63357892178748
1920,19.19,23.804414444437715,22.47457479974782,7.844975118704654,2.8648369764949333,14.576488059927097,17.10650485248996,7.844975118704654
1921,19.2,23.4458396246932,22.108135410534636,7.806263150592491,2.832102247136857,14.441096633672828,16.739903803411146,7.806263150592491
1922,19.21,23.623604580143247,22.32538328228318,7.723467787083442,2.8905905867335475,14.798744909254555,16.715857375906914,7.723467787083442
1923,19.22,23.668765930055773,22.359345700234783,7.7633846039701915,2.8801027954740546,14.881716110947373,16.68756620168972,7.7633846039701915
1924,19.23,23.80270317070874,22.566403679066173,7.571400347775591,2.980479520633984,14.96832238337591,16.887625648204637,7.571400347775591
1925,19.24,23.83173987625313,22.616946295647345,7.511695267327973,3.010897738892508,14.867316074437243,17.04374291295712,7.511695267327973
1926,19.25,23.898342064843018,22.683412556824,7.522868350912727,3.015261134281565,14.834781194615186,17.1600254117228,7.522868350912727
1927,19.26,23.930391360733307,22.70909486011943,7.547227392357862,3.0089321123561352,14.746707220768187,17.26955747872093,7.547227392357862
1928,19.27,24.066803284558357,22.885779489208446,7.446617857051282,3.0733119287889408,14.956584543838094,17.322225076810927,7.446617857051282
1929,19.28,23.94249091247539,22.780243070231073,7.369083847749029,3.09132634950131,14.729958445897502,17.377220678835375,7.369083847749029
1930,19.29,23.985824732628544,22.744089992393924,7.6174903033914,2.9857720963908516,14.580421799180549,17.45579931541647,7.6174903033914
1931,19.3,23.946934943147596,22.74589036273389,7.488669092557965,3.0373742091686404,14.82826638841907,17.248131617876517,7.488669092557965
1932,19.31,24.009150944015875,22.797184643793152,7.5317794291482,3.026799292019546,15.047605076998014,17.125455005047368,7.5317794291482
1933,19.32,23.64577745026033,22.45515858880862,7.408687061733303,3.030922807469089,14.856537446661688,16.837976195032603,7.408687061733303
1934,19.33,23.65282379774671,22.471968532415765,7.380156088143979,3.0449177854810383,14.690984527268762,17.00483294070936,7.380156088143979
1935,19.34,23.77158662658025,22.561574571591958,7.487568603726056,3.013204387919009,14.88853012808198,16.95158747063826,7.487568603726056
1936,19.35,23.956860741885304,22.767776803062528,7.4538255984435935,3.054508923285861,14.775408555472495,17.322210094931375,7.4538255984435935
1937,19.36,23.79880299921598,22.648329663137154,7.310005996259727,3.098264170333856,14.613377347701297,17.303064440261124,7.310005996259727
1938,19.37,23.8553957306678,22.68497532718536,7.3805013292970125,3.073636100726248,14.31659652602381,17.596680638860597,7.3805013292970125
1939,19.38,23.74506468163812,22.60682538170777,7.263576453521469,3.1123545716583885,14.530700263074488,17.318409387230503,7.263576453521469
1940,19.39,23.764913192981663,22.60433296765098,7.335886460239215,3.0813362625181466,14.347390958839975,17.46734786928542,7.335886460239215
1941,19.4,23.876886306122646,22.760060456494084,7.217017922399909,3.153665503012299,14.470749317910476,17.56752020523839,7.217017922399909
1942,19.41,23.64559302043891,22.4890849367399,7.304459459558104,3.0788157647055265,14.291233653654803,17.36431921926529,7.304459459558104
1943,19.42,24.107623450046425,22.92246772239203,7.465787428337591,3.0703349033735057,14.588849840119904,17.680638756180105,7.465787428337591
1944,19.43,23.856018951507195,22.66302099297732,7.44963889638549,3.042163695205851,14.466485938774312,17.445151335295886,7.44963889638549
1945,19.44,23.78848338186103,22.617139164676914,7.372717112077222,3.067680316613241,14.446397104807986,17.402200857493792,7.372717112077222
1946,19.45,23.935611588857196,22.775468415046497,7.361490379526021,3.0938664918166916,14.530842619711096,17.537861166230282,7.361490379526021
1947,19.46,23.882711005065534,22.748920512365565,7.271210385730251,3.1286291147633847,14.457410822998293,17.564072898191316,7.271210385730251
1948,19.47,23.538405920860367,22.424562170522428,7.155107599160808,3.1340635846136693,14.305090317147167,17.269203211436476,7.155107599160808
1949,19.48,23.491704534371408,22.307468183830302,7.364580446814683,3.0290209123153367,14.201927347680734,17.20256947039596,7.364580446814683
1950,19.49,23.15746686407393,21.97144871779514,7.315990213360052,3.0032091455879906,14.066271477868547,16.878523794147508,7.315990213360052
1951,19.5,23.473500739404322,22.263566153126476,7.439009282705353,2.992813331324391,14.237590477739126,17.115998225135193,7.439009282705353
1952,19.51,23.259704574916604,22.083360915158668,7.303357283006147,3.0237273160034834,14.282320912126199,16.843103593821425,7.303357283006147
1953,19.52,23.13366160734661,21.922718708086283,7.386521766660305,2.9679353017053764,14.076235814077652,16.806700475118667,7.386521766660305
1954,19.53,23.328057655491023,22.085136129518126,7.512991156561175,2.939592988903087,14.152612330283235,16.95455107303233,7.512991156561175
1955,19.54,23.341481856180668,22.10372539864553,7.5000065829093545,2.9471607997004177,14.328240745866184,16.83081084283308,7.5000065829093545
1956,19.55,23.21728189622656,22.02167733542148,7.354448040705271,2.9943344780650136,14.200376296179428,16.83162457139303,7.354448040705271
1957,19.56,23.100679924144778,21.917417462474074,7.2985083909948365,3.002999556665109,14.324962995016229,16.58820735992226,7.2985083909948365
1958,19.57,23.21659378661783,22.00089175101784,7.4142423222347436,2.9673823426351813,14.434206939821197,16.60400276615318,7.4142423222347436
1959,19.58,23.14913136133031,21.95612371590511,7.335592283926058,2.9930948812430516,14.218416861053678,16.73045099790903,7.335592283926058
1960,19.59,23.332096752023993,22.120220423383227,7.421764430830992,2.9804530485355887,14.423436707326463,16.771065116110186,7.421764430830992
1961,19.6,23.4575900580737,22.234126115389326,7.476775188381719,2.9737588138184616,14.697697571761386,16.683346492957494,7.476775188381719
1962,19.61,23.42770997005244,22.159502103663016,7.603555810188326,2.914360419893356,14.642620962329088,16.63241368039547,7.603555810188326
1963,19.62,23.43157635758769,22.188334269045594,7.531041957562026,2.9462502524987224,14.525801455383633,16.77269416980104,7.531041957562026
1964,19.63,23.422705216761397,22.15355392105149,7.605469632992134,2.912844964228181,14.381777252570318,16.850650859548033,7.605469632992134
1965,19.64,23.552476510601384,22.221416259244794,7.80562676636546,2.8468458618848067,14.477081849019095,16.85839380556258,7.80562676636546
1966,19.65,23.719143727962987,22.392153372345234,7.822355561922123,2.8625844472407227,14.686723770903075,16.902919201363492,7.822355561922123
1967,19.66,23.716195862858406,22.329395957412082,7.990996332283666,2.794319385081083,14.912492708822466,16.619852136291943,7.990996332283666
1968,19.67,23.664730331899275,22.26487743387292,8.018397254821558,2.7767241664766336,14.79572191068836,16.637649482032003,8.018397254821558
1969,19.68,23.489432946456073,22.120992037174943,7.900327299378102,2.8000095690866207,14.464587688112646,16.7366063382532,7.900327299378102
1970,19.69,23.53161085436002,22.184013835389344,7.84896423436168,2.826361947003249,14.610854443281124,16.692914733083555,7.84896423436168
1971,19.7,23.573990705566093,22.175405649255982,7.9990263205631695,2.7722631181059456,14.6378206131185,16.657815685353746,7.9990263205631695
1972,19.71,23.737226769908812,22.395882905752824,7.866407286549817,2.847028140031075,14.864384049987017,16.751885205632323,7.866407286549817
1973,19.72,23.451425755237256,22.121284455026558,7.785765473812167,2.8412472131908757,14.635249711716359,16.587968284751028,7.785765473812167
1974,19.73,23.62674804372576,22.264593163585435,7.906397054393606,2.816022647283182,14.9704085231219,16.48026023431713,7.906397054393606
1975,19.74,23.466341753833923,22.01761638433705,8.117497401287048,2.712365067199911,14.727959650788424,16.366509578177485,8.117497401287048
1976,19.75,23.872911707855394,22.46374272322944,8.080604944904529,2.7799580447741894,15.310043784621012,16.438439598953153,8.080604944904529
1977,19.76,23.953219380910724,22.59079454792029,7.9632104332167515,2.8368953372986154,15.639942859582076,16.301416676330703,7.9632104332167515
1978,19.77,23.729469757247212,22.37381099967148,7.9057141556654935,2.830080946404782,15.50561938011174,16.129574894835997,7.9057141556654935
1979,19.78,23.85918702204789,22.582025450898072,7.701488939682391,2.9321635891136335,15.581560110384316,16.345117252301637,7.701488939682391
1980,19.79,23.68751882878475,22.356988932995968,7.827106369146128,2.856354299863045,15.550247847903774,16.063148695659525,7.827106369146128
1981,19.8,23.76651576418513,22.449996398697433,7.8003162287007735,2.878087982650509,15.74120867958515,16.00677005542595,7.8003162287007735
1982,19.81,23.60429275276652,22.28097120728415,7.792365393029283,2.859333473660739,15.480506578659353,16.02484302599903,7.792365393029283
1983,19.82,23.654396731529957,22.325771326086137,7.816036043156739,2.8564058818067077,15.326238625398334,16.23411454012932,7.816036043156739
1984,19.83,23.163092148018997,21.79268329188226,7.849063179598899,2.7764693433128795,14.77518490742735,16.019205848343894,7.849063179598899
1985,19.84,22.39987218110266,20.959778790110203,7.902021690642412,2.6524577646921434,13.419619575041688,16.100501153427228,7.902021690642412
1986,19.85,22.47092613324469,21.08072432331927,7.781104246182184,2.7092201384736074,13.782314156115728,15.951324537414338,7.781104246182184
1987,19.86,23.009721296931158,21.681653923802543,7.70410003121097,2.8143006757396045,14.172142109370197,16.408671637379985,7.70410003121097
1988,19.87,22.865994890074195,21.532342905435183,7.694928935061994,2.798251041321892,13.73746194825809,16.580830202900152,7.694928935061994
1989,19.88,22.647146388142357,21.262567987453036,7.797207327299097,2.726946597021969,13.401373169961484,16.50757385506723,7.797207327299097
1990,19.89,23.553861683692645,22.240461045425054,7.755404096593247,2.867737227927907,14.658293607117749,16.726402363945457,7.755404096593247
1991,19.9,23.09226819528007,21.727205325658854,7.821853945159365,2.777756460040392,14.033687188290815,16.58695496963022,7.821853945159365
1992,19.91,23.219308237809717,21.864438171263185,7.815536993542248,2.797560575726164,14.299393877680451,16.540283893450724,7.815536993542248
1993,19.92,23.219915470322444,21.882066788531457,7.767858618124328,2.817001166508773,14.265574234742976,16.592716434953882,7.767858618124328
1994,19.93,23.288532087883798,21.903867931600143,7.910518089443456,2.768954913437432,14.114795587304611,16.749685844623695,7.910518089443456
1995,19.94,23.989033506898828,22.651050295353347,7.8995980348678225,2.8673674527962674,15.284838702846782,16.716572175855433,7.8995980348678225
1996,19.95,23.605082657050904,22.283230367310935,7.7882970952292965,2.8611171472850563,14.764480766996506,16.689891050682103,7.7882970952292965
1997,19.96,23.74421332467998,22.458406429370392,7.70763563365088,2.9137867300471374,14.693094841569417,16.985081198611667,7.70763563365088
1998,19.97,23.942080154715445,22.64750168323248,7.766200463727488,2.9161623871298477,14.7887143388838,17.152354377603988,7.766200463727488
1999,19.98,23.71179191132945,22.548639491896378,7.335389063347609,3.0739527647639164,14.839160142904198,16.977646161607694,7.335389063347609
2000,19.99,23.794919457026996,22.487136792464145,7.779901724534003,2.890413990905659,14.818200257292993,16.91426209616478,7.779901724534003
2001,20.0,23.927693583543768,22.6254137283581,7.786216915074128,2.9058288479679093,15.024269884634627,16.916875030957584,7.786216915074128
2002,20.01,24.15002350570292,22.84104717946266,7.8428438127738085,2.9123424773882345,15.32054431038146,16.940907835416535,7.8428438127738085
2003,20.02,24.02995305045673,22.738766905499016,7.77091521151386,2.9261375637978753,15.326492017566746,16.797326061551583,7.77091521151386
2004,20.03,23.754238983259803,22.449676720640504,7.763754556434138,2.8916005210437192,14.98348850170551,16.717746773429933,7.763754556434138
2005,20.04,24.10118642229544,22.86468514962674,7.620587901906026,3.0003833620117333,15.556675668771721,16.75660076292944,7.620587901906026
2006,20.05,24.4170965081155,23.15398204490551,7.751626755128201,2.98698360696839,15.647930654828615,17.066023284804277,7.751626755128201
2007,20.06,24.296898260962255,23.021460189506353,7.76863152984647,2.963386807709919,15.69121085349172,16.845578981094405,7.76863152984647
2008,20.07,24.329213191301672,23.013584720307588,7.89211839932932,2.9160212196339206,15.611915512779664,16.908375903693546,7.89211839932932
2009,20.08,24.090670733681335,22.72947858082292,7.983183565631106,2.8471697279612855,15.43159095018249,16.68817537366904,7.983183565631106
2010,20.09,24.161935942501138,22.80884947723107,7.97217247772176,2.861058204770458,15.521212372720145,16.713335422826386,7.97217247772176
2011,20.1,24.327244489504217,22.99465752141832,7.9410673038825985,2.895663346182146,15.503396283377112,16.98231368830198,7.9410673038825985
2012,20.11,24.204328713078787,22.932631050545385,7.742348581039993,2.9619734645769404,15.475201867867803,16.92405666644907,7.742348581039993
2013,20.12,24.16760720818559,22.92654017306864,7.6450633654544555,2.998868560941717,15.70253990884021,16.704983828744368,7.6450633654544555
2014,20.13,23.952442676367944,22.72893325285851,7.557453496502309,3.0074856912288994,15.501286240891964,16.622711321888218,7.557453496502309
2015,20.14,24.017039570770187,22.7838397262466,7.597028173743221,2.999046364602398,15.319183579617933,16.864933060206823,7.597028173743221
2016,20.15,23.915978564161033,22.673092386858777,7.60952773162544,2.979566299841274,15.329256441601594,16.705777902589556,7.60952773162544
2017,20.16,24.006232088525177,22.76848487554052,7.608894503173136,2.9923512365752187,15.269739949407304,16.889018485548295,7.608894503173136
2018,20.17,23.993754402105022,22.671902247943112,7.8539861706172145,2.8866745822346433,15.512565747421146,16.534069537540482,7.8539861706172145
2019,20.18,24.059865707046143,22.71184124611102,7.940365549050316,2.860301721099906,15.623417253527116,16.484434054911958,7.940365549050316
2020,20.19,24.205535149845367,22.91465163900611,7.799145604064199,2.938097684323921,15.506530026120398,16.870945032393177,7.799145604064199
2021,20.2,24.07607676335528,22.784073256794027,7.780968972050937,2.92817942580595,15.736807167677659,16.476252436105906,7.780968972050937
2022,20.21,24.04180428915942,22.686621689811233,7.957735216858558,2.8508892381527535,15.555379391240873,16.514023606958187,7.957735216858558
2023,20.22,23.96902864016051,22.61184774100428,7.951017273938896,2.8438936757337063,15.576382950900568,16.391215709313766,7.951017273938896
2024,20.23,24.11887800322537,22.746620540579983,8.019446995730654,2.836432556096411,15.724393280353716,16.43630743147323,8.019446995730654
2025,20.24,23.85159482498346,22.47423043996305,7.987962307536013,2.8135123295161755,15.443563932848576,16.32750338908495,7.987962307536013
2026,20.25,24.298663024306805,22.937073166549055,8.019706934869248,2.8600886981068987,15.837717955082145,16.59144404272556,8.019706934869248
2027,20.26,24.1153987185795,22.743539502741978,8.01772201085079,2.8366585261950954,15.519459789664769,16.625731771857836,8.01772201085079
2028,20.27,23.94816093308204,22.54062065466111,8.089179969531012,2.786514917403668,15.42735458313172,16.433998602399228,8.089179969531012
2029,20.28,23.94291006767663,22.598138884361163,7.911198485183835,2.8564747713868086,15.20264225249144,16.719914759939357,7.911198485183835
2030,20.29,24.133979808375443,22.830826291448453,7.823193225325562,2.918351322007434,15.438744619453743,16.81938743609832,7.823193225325562
2031,20.3,23.798572454565466,22.61237344604954,7.419745144652602,3.0475943587289165,15.160374311968114,16.777439720786468,7.419745144652602
2032,20.31,23.885378714103126,22.5718480409722,7.811721470418058,2.889484491536054,14.943295570636659,16.91703997374633,7.811721470418058
2033,20.32,23.506777942265135,22.234293640567717,7.629206743297277,2.9143650694879777,14.651437080755008,16.724210150666824,7.629206743297277
2034,20.33,23.52991970040327,22.274823202821988,7.58217464784669,2.9377881989500145,14.85113411151678,16.601553069478754,7.58217464784669
2035,20.34,23.304832635236572,22.034425096230578,7.5894225626849785,2.9033071902686705,14.650176871954416,16.4586818105779,7.5894225626849785
2036,20.35,23.65638091635455,22.406358618828516,7.588112512615565,2.952823720204066,14.959819189174418,16.68078884174126,7.588112512615565
2037,20.36,23.710668739239736,22.433410252968084,7.6771033915134375,2.922119073942241,15.017322654869284,16.66547076615369,7.6771033915134375
2038,20.37,23.571155718657472,22.312642858173557,7.599036162356077,2.9362464372396846,14.968801963811462,16.54657061401539,7.599036162356077
2039,20.38,23.728118621013067,22.430346867626483,7.739712700793605,2.898085204806962,15.021473953625922,16.657604295413527,7.739712700793605
2040,20.39,23.677426315876424,22.438727588661948,7.55804347338507,2.96885399874687,15.045379388922054,16.647313742510477,7.55804347338507
2041,20.4,23.583772981052935,22.307307110094424,7.653652560560438,2.914596257614936,15.053550492973526,16.462277122547956,7.653652560560438
2042,20.41,23.348668366633436,22.06833361036966,7.625546941463145,2.894000099897794,14.733592651044795,16.429625556647665,7.625546941463145
2043,20.42,23.406299658238776,22.136701368569067,7.604032891174326,2.9111790658167966,14.84152601023523,16.4244529031782,7.604032891174326
2044,20.43,23.632992705001236,22.37486084631572,7.608149992123541,2.9409069050268006,15.02750436501218,16.577349319222662,7.608149992123541
2045,20.44,23.741924985351478,22.418436211387444,7.8161832019220645,2.8682076190172414,15.007281878051984,16.654361975072487,7.8161832019220645
2046,20.45,23.95838983543976,22.61498563825705,7.909922129093976,2.8590655216535525,15.0847519957332,16.848971263723964,7.909922129093976
2047,20.46,23.849149544759594,22.45337828327391,8.039137868982609,2.793008236605288,14.89557845359335,16.801069575019383,8.039137868982609
2048,20.47,23.218967219604874,21.86735339041185,7.806362433549261,2.8012218977219048,14.658094106448905,16.227181562663446,7.806362433549261
2049,20.48,23.28558067554432,21.84152830732488,8.07254040544916,2.7056573532392996,14.71042330444335,16.14483833935057,8.07254040544916
2050,20.49,23.31812643280976,21.838525691185225,8.17397186023685,2.671715301274897,14.813955366199837,16.045807264603308,8.17397186023685
2051,20.5,23.374962292840962,21.916861685449135,8.126502079777522,2.6969613088500126,14.86562612704297,16.104719370112775,8.126502079777522
2052,20.51,23.282570227820855,21.759128688345196,8.283622102525138,2.626765009199569,15.04677277532854,15.717961392101675,8.283622102525138
2053,20.52,22.812787100935843,21.36411269255085,7.99987150975643,2.670556979133446,14.597514995505934,15.599290595921078,7.99987150975643
2054,20.53,22.60590777458331,21.181603834044058,7.897260621923036,2.682145727246646,14.8267122510251,15.127093071958411,7.897260621923036
2055,20.54,22.72699012933603,21.33478291664697,7.83218476789752,2.7239887143742783,14.994993281200506,15.176400712856886,7.83218476789752
2056,20.55,22.394834371918034,20.965644421389296,7.8721255415236735,2.663276177545732,14.55204336141874,15.092921520087517,7.8721255415236735
2057,20.56,22.487945822220848,21.03102997549608,7.962630562378582,2.6412163431093214,14.66021388678662,15.07920258580948,7.962630562378582
2058,20.57,22.50247897145773,21.11374789000895,7.7827507924923305,2.7128901403828105,14.626852858711274,15.226474490586032,7.7827507924923305
2059,20.58,22.315650804250726,20.85989577956427,7.9279895864571515,2.631170935844545,14.477206687686424,15.018180264475806,7.9279895864571515
2060,20.59,22.9560699016634,21.536013508714056,7.948664509371498,2.709387656671512,15.116451856947283,15.339255558993385,7.948664509371498
2061,20.6,22.969420731656463,21.677145897716276,7.595764245747248,2.853846590861871,14.867906117897373,15.774790709872105,7.595764245747248
2062,20.61,23.198381133697758,21.802687786285542,7.925130441706261,2.7510825148754874,15.079244027709498,15.747177342591664,7.925130441706261
2063,20.62,23.204063698465866,21.72200613362978,8.15984201152274,2.6620620966625985,14.34084134258489,16.31520211509063,8.15984201152274
2064,20.63,23.397701097715828,21.931308858673752,8.152920237774348,2.6899942865945103,14.49682618565202,16.456741439225926,8.152920237774348
2065,20.64,23.005215266590294,21.524555478221174,8.119940943574528,2.6508266042567694,13.991224181108747,16.357020952758454,8.119940943574528
2066,20.65,22.938983319026935,21.464428002131438,8.091680063615467,2.652654063603802,13.726319117404858,16.5018130199639,8.091680063615467
2067,20.66,23.03440930422639,21.527320030116403,8.195029244339546,2.626875315299907,13.937754774313484,16.40623355710117,8.195029244339546
2068,20.67,23.188775509683722,21.730969983115404,8.092234131032356,2.6854104356398674,14.294654042984446,16.36758754974144,8.092234131032356
2069,20.68,23.14138813511614,21.685864305578562,8.077569816481184,2.6847015622609045,14.030883772054096,16.535144730393966,8.077569816481184
2070,20.69,23.126726168943858,21.618715461785207,8.21441446943614,2.6318023691430774,14.065452805924638,16.417426582200317,8.21441446943614
2071,20.7,22.523472697092068,21.015079618228828,8.103903440697898,2.5932045923314995,13.904290730118085,15.757673389585436,8.103903440697898
2072,20.71,22.246709451550068,20.769306304686904,7.971950642332146,2.6052979046808256,13.536605025077227,15.751965235263858,7.971950642332146
2073,20.72,22.598272833250718,21.118356808370436,8.043440853291052,2.6255376515548883,13.585842828579134,16.16817456990092,8.043440853291052
2074,20.73,23.18229770081465,21.725616565576637,8.088047448843144,2.6861386141699892,14.170572985946883,16.46806838716704,8.088047448843144
2075,20.74,23.23236923026968,21.759303658951804,8.140987920953322,2.672808738967366,14.130563330245858,16.546736103908362,8.140987920953322
2076,20.75,23.25783276364239,21.783218055255695,8.14973594779242,2.6728740900073307,14.18262466412273,16.53365496432762,8.14973594779242
2077,20.76,23.061926606844516,21.607501923925152,8.060292763110633,2.68073413199279,14.087442105781756,16.383775947829502,8.060292763110633
2078,20.77,23.010261932377695,21.463938787979735,8.292857523344361,2.588244007274794,13.870479858703625,16.38018488245594,8.292857523344361
2079,20.78,22.74270698804541,21.22436371068234,8.170502201257895,2.597681658713063,13.794768193999431,16.130033645257875,8.170502201257895
2080,20.79,22.892768961805377,21.435590266433696,8.037060449453671,2.6670933236405863,13.930694222747885,16.291724541702937,8.037060449453671
2081,20.8,23.265396565943053,21.726084216320935,8.3220155008222,2.6106757688896924,14.219922806884854,16.42609298466637,8.3220155008222
2082,20.81,23.069870284611937,21.48427172929315,8.405057002228821,2.556112555048233,14.095589648478601,16.213830028707218,8.405057002228821
2083,20.82,23.386215521595357,21.829133332327014,8.390710004641873,2.601583575198141,14.474425988921691,16.340197499777613,8.390710004641873
2084,20.83,23.802709275433827,22.29465551781088,8.337703772200616,2.6739562986328704,14.669885234241843,16.78827364180213,8.337703772200616
2085,20.84,23.960908587284607,22.361668644429745,8.60702711538291,2.5980711277723114,14.67264507228907,16.874765513805038,8.60702711538291
2086,20.85,23.96583852311669,22.375526916094284,8.584707994058048,2.606440071296732,14.693572519335833,16.874926115153176,8.584707994058048
2087,20.86,23.88602452367742,22.276126553361962,8.62069332039606,2.5840295815486143,14.291011804330472,17.08779669325115,8.62069332039606
2088,20.87,23.555797518144114,22.014203175036553,8.38155446704339,2.62650600930857,14.062429139089115,16.93733237968384,8.38155446704339
2089,20.88,23.45292177658569,21.820570759685495,8.596640714849352,2.5382671538190347,13.856177071216912,16.856561489506817,8.596640714849352
2090,20.89,23.837254537728736,22.19621290012235,8.691538229157796,2.5537726826834826,14.258520789949202,17.010774585248733,8.691538229157796
2091,20.9,23.543181269497147,21.916176544969733,8.600150576479452,2.548348002755705,14.304234785638968,16.604447041307864,8.600150576479452
2092,20.91,23.63405466465391,22.030521622449868,8.557140698540492,2.5745190360382177,14.427363976924205,16.649175704357887,8.557140698540492
2093,20.92,23.282209247388536,21.60259319070009,8.682697442402468,2.488004831908866,13.984600491747274,16.46520518089902,8.682697442402468
2094,20.93,22.694379985776504,21.00244548138035,8.598381634962438,2.4426044775659808,13.462069071098202,16.120651740030084,8.598381634962438
2095,20.94,22.620667870868584,20.83595300093131,8.806683681564124,2.365924989965202,12.923141015413107,16.344092625556367,8.806683681564124
2096,20.95,22.291036898657904,20.462845330022994,8.840943785415915,2.3145543990200066,12.517464584266087,16.187684188360237,8.840943785415915
2097,20.96,23.214390100938743,21.464578038176963,8.841934030605168,2.4275885755175515,13.458353450135382,16.721268874347363,8.841934030605168
2098,20.97,23.30256813413037,21.597939369456753,8.748639702208449,2.4687197215362193,13.9175590491416,16.515826807047436,8.748639702208449
2099,20.98,23.649519612567676,21.961665622192026,8.774110838384251,2.5030075442078936,14.214540288401759,16.741015539398266,8.774110838384251
2100,20.99,23.57624315509129,21.79672442016513,8.985657786682395,2.42572385212243,14.320392278208706,16.432393631082583,8.985657786682395
2101,21.0,23.199630644548574,21.42650320622629,8.895382082690537,2.408722077033653,14.056401423647163,16.171351788385394,8.895382082690537
2102,21.01,23.433198706920468,21.619535229006537,9.039385937095744,2.391703969656224,14.082637969979867,16.403768205041672,9.039385937095744
2103,21.02,23.524680019940487,21.77847621734292,8.894298381053792,2.4485884422018476,14.240624619019743,16.477458445086125,8.894298381053792
2104,21.03,23.698562633074605,21.979364005581743,8.86168318006786,2.4802696687485764,14.314156814526317,16.679249287033638,8.86168318006786
2105,21.04,23.65274460083321,21.9197350156476,8.8869310786141,2.4665134478646076,14.227891423863749,16.674588114461834,8.8869310786141
2106,21.05,23.570298838012892,21.775324013748993,9.021876268796774,2.413613683559541,14.167930926736084,16.535854049881692,9.021876268796774
2107,21.06,24.196179534993707,22.439254893779577,9.051792303275507,2.4789847294286287,14.685731679237776,16.966126406267364,9.051792303275507
2108,21.07,24.362882750049245,22.713497155508016,8.811759350968245,2.5776347549723124,14.837788633337924,17.197179463669574,8.811759350968245
2109,21.08,24.648635404513016,22.92393789336461,9.05805159875869,2.5307802283336622,15.105643739447949,17.24315678046554,9.05805159875869
2110,21.09,24.669100883752687,23.011491012951044,8.89020920865426,2.588408267214936,14.835369240216131,17.590922037959682,8.89020920865426
2111,21.1,24.488904745090604,22.843333309725235,8.82545063523209,2.588347525114734,14.848507122978924,17.359139175605648,8.82545063523209
2112,21.11,24.116836871585136,22.386859281169134,8.969412032891551,2.4959115713577136,14.152588463306941,17.345769174733643,8.969412032891551
2113,21.12,24.175873906233882,22.421077669431927,9.042574593080273,2.4795015444594064,14.188095696135324,17.36095228885804,9.042574593080273
2114,21.13,23.81166679943262,22.08364394307614,8.90551211119485,2.479772490041921,13.442005095842982,17.521410582709795,8.90551211119485
2115,21.14,24.234391136949924,22.492534111900056,9.021730599152768,2.4931507170045992,14.15743661799198,17.478017026611674,9.021730599152768
2116,21.15,24.338237802006237,22.64672822392389,8.914904377430764,2.540322056763393,14.612048083562891,17.30209091560662,8.914904377430764
2117,21.16,24.54022488811899,22.78914061050099,9.103719448350176,2.503277999700546,14.560074997692437,17.53137603916923,9.103719448350176
2118,21.17,24.504325911163978,22.65643500539195,9.335306165680507,2.4269621802747148,14.856716129131591,17.105321774580887,9.335306165680507
2119,21.18,23.74742092491482,21.895991294489775,9.192690890958437,2.3818913911296415,14.673783383693655,16.251600412784214,9.192690890958437
2120,21.19,23.995605955540796,22.23157041516105,9.030303541372277,2.4618851751003996,14.268373616702377,17.04864327324774,9.030303541372277
2121,21.2,24.534267485380635,22.663347206829556,9.396966235274888,2.4117727614849294,14.677642660850596,17.268297905053867,9.396966235274888
2122,21.21,24.072034560560756,22.208648801081893,9.286482989541067,2.3915026631820098,14.920956523271501,16.449593855181888,9.286482989541067
2123,21.22,24.52216418969844,22.69915360654928,9.27819821370558,2.4465044918978474,14.9456692202093,17.08445334255116,9.27819821370558
2124,21.23,24.4190533714463,22.689076031999914,9.027513299445744,2.5133251294565184,14.637126192535536,17.336340675288515,9.027513299445744
2125,21.24,24.903362969394877,23.062441919948622,9.396875005789132,2.4542671798593196,14.961266365803574,17.550975358722326,9.396875005789132
2126,21.25,24.41112966944601,22.56827292983493,9.304639095794478,2.4254861147742273,14.880415759539964,16.967621219804343,9.304639095794478
2127,21.26,24.072042523383704,22.28349797445947,9.105435149945007,2.4472743594900073,14.657360948276668,16.78439906608733,9.105435149945007
2128,21.27,23.642999601283442,21.742068861863693,9.28837293352642,2.3407833662002964,14.487550929595729,16.211984038247532,9.28837293352642
2129,21.28,23.79200214131254,21.872681880779155,9.361899018599585,2.3363509729515344,14.42063985205255,16.445648631633794,9.361899018599585
2130,21.29,23.953576714514945,22.153778550731882,9.109551764125648,2.43192849926774,14.918211547612003,16.37793846293128,9.109551764125648
2131,21.3,23.883264908662657,22.110545375457892,9.029624903459428,2.4486670943537097,14.89221442024639,16.343138207259578,9.029624903459428
2132,21.31,23.79797043026612,21.898634328933532,9.316287411167302,2.350575219768762,14.717929637406908,16.215200666679568,9.316287411167302
2133,21.32,23.559477698230527,21.634403535973554,9.327463377364527,2.3194305526275194,14.673713919785005,15.897469489124765,9.327463377364527
2134,21.33,23.660409684434157,21.76956985500797,9.2682692431324,2.348827950929326,15.132939873205292,15.649546398091708,9.2682692431324
2135,21.34,23.852278778948854,22.06515768356136,9.058698546053236,2.4357977662447854,15.34213023025083,15.858443290514066,9.058698546053236
2136,21.35,23.931904490308735,22.19399324584962,8.95336340915754,2.478844232230036,15.466651091464728,15.917161813957645,8.95336340915754
2137,21.36,24.161731241952104,22.3325830974472,9.221983994994785,2.421667952315702,15.13182643711089,16.42474037790358,9.221983994994785
2138,21.37,24.08122321070658,22.270820151281715,9.160561178941904,2.431163300614965,15.58470623373785,15.909316824390302,9.160561178941904
2139,21.38,23.724366051151666,21.867158075778843,9.201790163763679,2.37640260064731,15.296580825625927,15.626490884270629,9.201790163763679
2140,21.39,23.791256540342786,21.970580866231533,9.127840060429637,2.4069857404137514,15.414642210660084,15.655517529515128,9.127840060429637
2141,21.4,24.00791386400497,22.147635713127826,9.266183703125394,2.390157202005141,15.332488309057243,15.98225797357927,9.266183703125394
2142,21.41,24.28498145274226,22.353595658048576,9.490894863842266,2.35526744092485,15.593316758683413,16.016607359453225,9.490894863842266
2143,21.42,23.811841607044837,21.831758457482575,9.50674094383189,2.2964503383935515,15.245830038212187,15.626590920345006,9.50674094383189
2144,21.43,23.620946257173948,21.56126868971764,9.64680229786543,2.235068992187033,14.818144964925928,15.662403624879502,9.64680229786543
2145,21.44,23.42825114887297,21.258691502138248,9.84636925529319,2.159038621338525,14.588151538632623,15.463434258565451,9.84636925529319
2146,21.45,23.370540613048963,21.194837326828715,9.846879669998973,2.1524419955495326,14.50316500203155,15.455721731274119,9.846879669998973
2147,21.46,23.085880240469347,20.923071089803198,9.75617561590272,2.144597628572641,14.282317934022133,15.290202688665316,9.75617561590272
2148,21.47,23.97867176273402,21.845040090503858,9.887918029050253,2.2092658966553045,15.119781474562421,15.76699035064079,9.887918029050253
2149,21.48,23.388108186749545,21.235501352062343,9.800871740904444,2.1666951587005143,14.81251199069344,15.216307245813772,9.800871740904444
2150,21.49,24.02637033501798,21.852493284817484,9.986741646424957,2.188150455723486,15.137588083926932,15.760231272552652,9.986741646424957
2151,21.5,23.863892178754195,21.8713979773479,9.546062038121686,2.2911434987543187,15.192820388571821,15.733285039181554,9.546062038121686
2152,21.51,23.841182460312996,21.866562473174692,9.500285612163681,2.3016742196863915,15.010007604376597,15.901139145036387,9.500285612163681
2153,21.52,23.397294425132603,21.457586933897957,9.327665806114231,2.300424069635153,14.555642367383038,15.765827358519191,9.327665806114231
2154,21.53,23.646534983483004,21.826578770236853,9.097201542877428,2.399262967557949,15.160725245862585,15.701972832507991,9.097201542877428
2155,21.54,23.288036601411278,21.316910580351017,9.376671694049545,2.2733984163995817,14.34791927542164,15.765401649075272,9.376671694049545
2156,21.55,23.522818625568036,21.57422328932195,9.374213863244691,2.3014434707866243,14.107533194058593,16.32251873076139,9.374213863244691
2157,21.56,23.46176718973776,21.48160449712578,9.433726087528767,2.2771070834380187,14.403560051790418,15.937276731154595,9.433726087528767
2158,21.57,23.19013083073073,21.285709451982147,9.20330055318231,2.3128343281826207,14.14746194227669,15.903796636842246,9.20330055318231
2159,21.58,23.22636280838116,21.234280948510285,9.41112330735735,2.2562961141854263,14.064624683417215,15.908520355924939,9.41112330735735
2160,21.59,24.060706183612215,22.08222709008417,9.554728085930435,2.311130875885498,14.827296657379687,16.3638634525012,9.554728085930435
2161,21.6,24.507812456854182,22.422068207832865,9.893620606412382,2.2663157503028146,15.4174499063161,16.28039867764125,9.893620606412382
2162,21.61,24.72561145291267,22.74260296576396,9.702055043238538,2.3441016222242026,15.466877165391132,16.673382992334766,9.702055043238538
2163,21.62,24.427277832711496,22.397264040519726,9.749587981844185,2.297252364123306,15.068042982342297,16.570803154435303,9.749587981844185
2164,21.63,24.43750360058092,22.51979980078141,9.489478339778785,2.3731335901132775,15.081026125123747,16.724354519102057,9.489478339778785
2165,21.64,24.555821239748013,22.66508981506752,9.448918479560628,2.3986967253549043,15.618440383073162,16.424695319106135,9.448918479560628
2166,21.65,24.46922279132571,22.573820031510355,9.442749239311368,2.390598273809143,15.714673076659148,16.2057520932767,9.442749239311368
2167,21.66,24.84921517958719,23.034818153582297,9.320978900996499,2.471287447192876,15.967768449079362,16.602205218740977,9.320978900996499
2168,21.67,24.75396746707525,22.828768344376783,9.571114942356525,2.385173355650461,15.658050600545517,16.612589067089324,9.571114942356525
2169,21.68,24.513090219524596,22.606549516556488,9.478159687725888,2.38512013527602,15.707259467653026,16.258477206071444,9.478159687725888
2170,21.69,25.18705907508578,23.16138267467432,9.896377996477154,2.3403898560583634,15.717661633849143,17.01190054539852,9.896377996477154
2171,21.7,25.12555697339312,23.136585578529857,9.797551785552766,2.361466015688379,15.712243202854152,16.98313886674072,9.797551785552766
2172,21.71,25.612530998086058,23.57550587996527,10.009858472108487,2.355228692359254,16.08310877798859,17.237693857696378,10.009858472108487
2173,21.72,25.481828079098342,23.418980693681764,10.043650009916009,2.3317201087812105,15.986975604766853,17.11330674485877,10.043650009916009
2174,21.73,25.733017166023462,23.647570948010014,10.147933815594726,2.3302843098631434,16.035181542805052,17.38046502917719,10.147933815594726
2175,21.74,25.043977495661604,22.990611102724003,9.93139516515725,2.3149427366844666,15.655791097091894,16.83640115941986,9.93139516515725
2176,21.75,24.914791217844552,22.87125110727088,9.881937776415327,2.3144500223282547,15.704453374996053,16.62721478192949,9.881937776415327
2177,21.76,24.7592929750592,22.80910584827057,9.6315771827466,2.3681589645701395,15.59403655541212,16.6457602261381,9.6315771827466
2178,21.77,24.607112216534077,22.654240585820297,9.607047159084479,2.35808570632427,15.369223527335404,16.643364584332925,9.607047159084479
2179,21.78,23.91125985230407,21.88549101580874,9.63190690991993,2.272186724860142,15.194546060245196,15.751205891173294,9.63190690991993
2180,21.79,24.00439615202261,21.99579148717799,9.612293767661614,2.288297883818101,15.115735951789768,15.979029062592694,9.612293767661614
2181,21.8,23.64638892674074,21.500334009048782,9.843137039279064,2.1842969292464023,15.193807058739175,15.21225129829465,9.843137039279064
2182,21.81,24.154605769632305,22.02852588115434,9.909037662137914,2.2230741906779268,15.448268994671313,15.703723684685858,9.909037662137914
2183,21.82,24.461243543079142,22.41584915671048,9.79194272131089,2.2892136723722145,15.3036355546956,16.37892036202187,9.79194272131089
2184,21.83,25.258056401157354,23.36857385700381,9.585362228617347,2.4379437416810736,15.618665678554262,17.382391277721055,9.585362228617347
2185,21.84,25.354581284442535,23.44115442139606,9.662663789125007,2.4259515732895793,15.60136943928276,17.495284856976465,9.662663789125007
2186,21.85,25.496926950425152,23.51368738588427,9.85899535623298,2.384998322472951,15.609173472685695,17.585425726455934,9.85899535623298
2187,21.86,25.606581262898658,23.698278548695473,9.699927721476708,2.443139704662425,15.774013813347388,17.68583880928145,9.699927721476708
2188,21.87,25.51480596409475,23.637037442741505,9.607069496773773,2.4603795622254263,15.77788151381536,17.6002271009657,9.607069496773773
2189,21.88,25.319860230772004,23.354581127921964,9.780534875207016,2.3878633864006993,15.776798673806082,17.220019839328856,9.780534875207016
2190,21.89,25.383483933626156,23.451192987744726,9.71405188683949,2.4141515055644485,15.891797023381008,17.245557106574026,9.71405188683949
2191,21.9,25.521897990670862,23.54753720646621,9.842802881105516,2.3923609454445782,16.19442316699935,17.094653163432863,9.842802881105516
2192,21.91,26.14195223753017,24.1279132287579,10.062080799458828,2.3979049373222665,16.342387044717707,17.750565693946584,10.062080799458828
2193,21.92,25.597191602378388,23.799340298971956,9.42377945744701,2.525455992092945,15.822837945616081,17.77769383280752,9.42377945744701
2194,21.93,25.74172961536491,23.85249593615916,9.67962195574113,2.4641970569947604,15.98454810199454,17.704117723273082,9.67962195574113
2195,21.94,25.816868495659218,23.903297483537475,9.754130834455342,2.450582003585787,15.739296160567898,17.990058003142224,9.754130834455342
2196,21.95,25.472317047934176,23.496891584126914,9.835396365895154,2.3890131836073065,15.52529689178137,17.63715029527894,9.835396365895154
2197,21.96,26.003557112534903,24.062334071093453,9.858451275730886,2.4407823701811133,15.88640110769117,18.07258091127146,9.858451275730886
2198,21.97,26.389072465664043,24.451594493431216,9.92485124960935,2.4636736489520334,16.351905386699183,18.179539694272624,9.92485124960935
2199,21.98,25.750389439901713,23.75316176142273,9.94333257224592,2.388853192713593,16.230181053223323,17.34341133237362,9.94333257224592
2200,21.99,25.596010311812215,23.601585477130925,9.905599772254064,2.3826508257722874,16.28007748047945,17.08782941932366,9.905599772254064
2201,22.0,25.700899932384072,23.792203614978337,9.719429225928408,2.447901318269611,16.229362883897476,17.397607112455418,9.719429225928408
2202,22.01,25.706734931147892,23.734387232522703,9.87497258309928,2.4034889244293596,16.389928142534625,17.166577783177644,9.87497258309928
2203,22.02,25.2999369940163,23.40031723472371,9.618314052654295,2.4328917840092874,16.282557071459458,16.806343501796366,9.618314052654295
2204,22.03,25.381416853318477,23.43106418201414,9.75712830602597,2.401430364254121,16.264979766915133,16.86609622537199,9.75712830602597
2205,22.04,25.239224164347565,23.16858407507519,10.011750514987792,2.3141391748017845,15.949027008028818,16.80511307730463,10.011750514987792
2206,22.05,25.327635341700603,23.32318363478292,9.875131246740754,2.3618099903715852,15.886831849810498,17.075698188878032,9.875131246740754
2207,22.06,25.71546319214762,23.773296112980617,9.803848178712261,2.4248943557287164,16.266604395087683,17.33687369536888,9.803848178712261
2208,22.07,25.275354597045208,23.324220352085746,9.737776695618125,2.395230562493936,15.824527905908923,17.13486421270273,9.737776695618125
2209,22.08,25.424218317498767,23.444684463260725,9.835529852223564,2.383672747224744,16.271254899997516,16.878966009835008,9.835529852223564
2210,22.09,25.554479252281578,23.531828973130704,9.96415751755341,2.361647628680672,16.473208009649973,16.804177834439788,9.96415751755341
2211,22.1,25.364213988295965,23.36900170556824,9.860685094313547,2.369916641901957,16.595847644551007,16.45260106103902,9.860685094313547
2212,22.11,25.65992807078545,23.633429427809062,9.994644669954585,2.3646092690873473,16.566431509523692,16.855038818095082,9.994644669954585
2213,22.12,25.897583754947544,23.99972245618018,9.731298288041712,2.4662405514454524,16.597679252055432,17.335043161745165,9.731298288041712
2214,22.13,25.851757808257638,23.973222092398917,9.674606156600191,2.477953283508492,16.57262583258032,17.322339637149913,9.674606156600191
2215,22.14,25.837318090256485,23.907910082448012,9.796879175874102,2.440359797569402,16.27418845143546,17.513964564243697,9.796879175874102
2216,22.15,25.827259537215298,23.906781722923707,9.773081543462101,2.4461866624776736,15.977318854513403,17.783686191808762,9.773081543462101
2217,22.16,25.755014151892638,23.90574492159734,9.583116075041211,2.494569066512589,16.00472010515563,17.757634262820712,9.583116075041211
2218,22.17,25.471594579467833,23.562776009377043,9.674591317089357,2.4355319245119293,15.942404318923266,17.3506241328677,9.674591317089357
2219,22.18,25.249075253074384,23.32343391605576,9.671258010144975,2.411623585224373,15.749426791139445,17.202852245693418,9.671258010144975
2220,22.19,25.08103745104828,23.06765125671463,9.845908039357196,2.3428668198510447,15.74608838549878,16.85755720908188,9.845908039357196
2221,22.2,25.53136562196525,23.523200044895336,9.925204792360963,2.3700468188827912,16.156584728405484,17.0969503206279,9.925204792360963
2222,22.21,25.780377424707712,23.8058110146406,9.895009959347975,2.4058400256738364,16.23240459558671,17.413376441975835,9.895009959347975
2223,22.22,25.929654488849167,23.91834975350494,10.012967940631077,2.388737275033906,16.503416613831007,17.31255888080432,10.012967940631077
2224,22.23,26.196632245822983,24.13720978249793,10.181288962532136,2.3707420417321,15.982997267714639,18.08725226297627,10.181288962532136
2225,22.24,25.84692292665723,23.844828768422794,9.974345381084206,2.3906159108589917,15.746771697928533,17.905726460792373,9.974345381084206
2226,22.25,25.919275870004896,23.911578637563455,10.002263178153079,2.3906168245793684,15.724151865360284,18.01428991260737,10.002263178153079
2227,22.26,25.833526050272376,23.81672841174525,10.006723537265735,2.3800725904987874,15.633101594759715,17.967823651370654,10.006723537265735
2228,22.27,26.098571249713935,24.029705135299654,10.183746480885521,2.359613446819639,15.709837714706298,18.18317155688298,10.183746480885521
2229,22.28,25.678276534727996,23.68174217613634,9.927183553101449,2.3855449080255693,15.720919991092709,17.710945404767536,9.927183553101449
2230,22.29,25.623784576137822,23.662525501018706,9.831745669918329,2.406747112409313,16.09964423837036,17.34118128860513,9.831745669918329
2231,22.3,25.736709448908606,23.829343238606835,9.723199785780617,2.450771738070763,16.212123589296798,17.464382265305108,9.723199785780617
2232,22.31,25.81758291778144,24.000207425089226,9.515126445256112,2.5223214387292603,16.081280537647825,17.815789982955497,9.515126445256112
2233,22.32,25.487219580556413,23.76494712403633,9.210084154841141,2.580318130051466,15.676046436190306,17.861530727758126,9.210084154841141
2234,22.33,25.221540419179505,23.463768375736542,9.250820219099023,2.536398699792458,15.407806504941226,17.695986129529633,9.250820219099023
2235,22.34,24.9166037812134,23.164554691288807,9.17826508356932,2.5238489497059047,15.19650229713303,17.48321800982133,9.17826508356932
2236,22.35,25.058177193060324,23.32753141696238,9.15087548977919,2.5492130718003323,15.53135157297582,17.405483053508984,9.15087548977919
2237,22.36,25.124732865369538,23.385601926636827,9.185087048311521,2.5460403155281757,15.637319172879574,17.388519964522942,9.185087048311521
2238,22.37,25.164202253915384,23.423248784124592,9.197200197503912,2.546780355012994,15.671304530841859,17.40858402928307,9.197200197503912
2239,22.38,24.99078010592633,23.278770621501813,9.090540613971607,2.560768562622531,15.985697095584078,16.92213491308738,9.090540613971607
2240,22.39,25.35482945800163,23.661281836759077,9.111043775869051,2.596989150620359,16.206345973341044,17.239797224762174,9.111043775869051
2241,22.4,25.619275701043914,23.95671077527278,9.078727679362807,2.638774024440635,16.150571827574147,17.694152164272783,9.078727679362807
2242,22.41,26.0127183046631,24.443305220801115,8.898670882806694,2.7468490005657507,16.698851340773686,17.850028964009663,8.898670882806694
2243,22.42,25.775056984318542,24.142636655182876,9.026996060744034,2.6744928758939728,16.413420714685355,17.704985882708787,9.026996060744034
2244,22.43,25.552825912272446,23.937088767785824,8.942186165924069,2.6768721119901007,16.10134679188699,17.712449016560324,8.942186165924069
2245,22.44,25.35128317325731,23.68100845243105,9.049718073319656,2.6167675346978276,15.568779240624727,17.843858166910074,9.049718073319656
2246,22.45,25.335745333036737,23.733673395561716,8.866382505469673,2.676815869484585,15.963925282457273,17.56246971309319,8.866382505469673
2247,22.46,25.35913031364536,23.72688373977036,8.951004315933917,2.650751010982479,15.919047377905803,17.594003028889407,8.951004315933917
2248,22.47,25.40312429174807,23.778942573532447,8.937595530490682,2.6605525493305646,16.1014003489087,17.498086087327287,8.937595530490682
2249,22.48,25.625285070214094,24.009167162721596,8.956289805618642,2.680704586810007,16.417811044760107,17.51843567063172,8.956289805618642
2250,22.49,25.472439989588448,23.86349223334004,8.909485813025604,2.6784365264325114,16.566896289712236,17.175686562597708,8.909485813025604
2251,22.5,25.927926549552666,24.317247741985625,8.99604565428015,2.7031040833386535,16.733074414577484,17.644624064607253,8.99604565428015
2252,22.51,25.807713170948634,24.19671443276175,8.9753590331159,2.6959049040249456,16.744263339932655,17.467416367156538,8.9753590331159
2253,22.52,25.886709978890025,24.34374437490574,8.803627851085572,2.765194620522711,16.90651729573464,17.51535221226739,8.803627851085572
2254,22.53,25.903446418885157,24.284668612184074,9.013512454778985,2.6942514068761603,16.805980746549814,17.530092434160043,9.013512454778985
2255,22.54,25.786141912096458,24.151676717803944,9.03446879619738,2.673281325402266,16.66883145561809,17.477229362387792,9.03446879619738
2256,22.55,25.97932126141653,24.271731290017136,9.263271203472991,2.6202116678735656,17.174164999351976,17.151238917052915,9.263271203472991
2257,22.56,25.620665308962806,23.96924588762055,9.049516144671815,2.648677067859942,16.695220985236617,17.19867275912096,9.049516144671815
2258,22.57,25.68735762429699,23.99806818453905,9.161499065586558,2.6194477577019315,16.877559073988603,17.06034220916481,9.161499065586558
2259,22.58,25.157927345587325,23.452114183077484,9.106022659193574,2.575450892316843,16.07670743610411,17.074575768376175,9.106022659193574
2260,22.59,24.90416831429032,23.072525253372486,9.374229454146661,2.4612716561110446,15.36248289749414,17.21439922831207,9.374229454146661
2261,22.6,25.253526911091903,23.4161709613834,9.456403066520995,2.4762238661637546,15.946874786178935,17.146843646766765,9.456403066520995
2262,22.61,25.357864873641752,23.524603904021347,9.466484147178278,2.4850412823047345,15.688942711810009,17.52894935318829,9.466484147178278
2263,22.62,25.012486470777883,23.2231676248708,9.290261832585731,2.4997323050051397,15.47478713988316,17.316075695958194,9.290261832585731
2264,22.63,24.83008149206667,23.083324213916118,9.148392762551568,2.5232108866604865,15.390444491156298,17.20389709133959,9.148392762551568
2265,22.64,24.81368698754812,23.010550115792135,9.286207260482257,2.477927691073001,14.988334406684443,17.459531733261944,9.286207260482257
2266,22.65,24.831699505565226,23.06690192943496,9.194092435499984,2.5088829692824985,14.948782010871183,17.567466550804195,9.194092435499984
2267,22.66,24.648663746192796,23.0154079902937,8.823129802581626,2.608531043435341,15.263247165363198,17.226209418461956,8.823129802581626
2268,22.67,24.519071495212355,22.836046088560824,8.92747814494444,2.5579503772286127,15.008302526180046,17.211503601996306,8.92747814494444
2269,22.68,24.601150696937214,22.909534612881725,8.964922723291512,2.555463702253798,15.245366441551138,17.100455498075256,8.964922723291512
2270,22.69,24.366456150997113,22.592719713177367,9.126510906160783,2.475504598140163,14.894082044481623,16.98815187389268,9.126510906160783
2271,22.7,24.251861940614358,22.456673343212064,9.15699895942377,2.452405361485944,14.671980267134456,17.00103445924831,9.15699895942377
2272,22.71,24.692734262075234,22.826799174383765,9.416388096813815,2.424156581025752,15.171389857014725,17.055547201837825,9.416388096813815
2273,22.72,24.999684032536035,23.180457281665667,9.362190018340268,2.4759652641375363,15.699635922882372,17.054472483078104,9.362190018340268
2274,22.73,25.311833530710807,23.573840521675,9.217535448537737,2.557499306977413,16.011530766562693,17.30193166824972,9.217535448537737
2275,22.74,25.410255050297128,23.64461789741921,9.306616259747353,2.5406245661687024,16.2691933023462,17.15754367052144,9.306616259747353
2276,22.75,25.5894319613233,23.8091997148107,9.377688256892146,2.538919940883308,16.454014189869607,17.208817742637386,9.377688256892146
2277,22.76,25.489902614975627,23.764062516748943,9.21978676656839,2.577506738324919,16.335718009733945,17.25905514234212,9.21978676656839
2278,22.77,25.49348878119592,23.71510477368787,9.354772889277903,2.5350807608455415,16.39296449440826,17.137004099668744,9.354772889277903
2279,22.78,25.013216394283965,23.308373274351155,9.076383073162404,2.5680244086734016,16.341382607243784,16.620453639421445,9.076383073162404
2280,22.79,24.44764247774428,22.695015143728448,9.089747540253416,2.4967706796283284,15.770030846152155,16.320840648859765,9.089747540253416
2281,22.8,23.932861963937587,22.177151585440786,8.99754573988216,2.4648000940011046,15.112642184090916,16.230653057078587,8.99754573988216
2282,22.81,24.477697476660804,22.804088450396847,8.895573264574008,2.5635321942895484,15.595138072881001,16.637851980989023,8.895573264574008
2283,22.82,24.177742555352253,22.499604485639775,8.850482080806092,2.5421897112739575,15.460656683037241,16.346262476158806,8.850482080806092
2284,22.83,24.194158245598068,22.534947455599035,8.805307285179314,2.5592460008214384,15.782567281949001,16.085223865938648,8.805307285179314
2285,22.84,24.14432767984474,22.426241297756295,8.944957259066511,2.507137893255477,15.778115752462924,15.93698095773071,8.944957259066511
2286,22.85,23.744760446685653,21.95850688998962,9.035354106661549,2.4302873612667977,15.263228567480667,15.7863826931493,9.035354106661549
2287,22.86,23.80048215704376,22.051982153459715,8.953939580500451,2.462824542783791,15.603590917721688,15.58261426619099,8.953939580500451
2288,22.87,23.92678797600782,22.13459037253585,9.085763142899753,2.4361839533350986,15.649548464908595,15.653489189456574,9.085763142899753
2289,22.88,24.31046542527212,22.608382153493842,8.936430248982672,2.5299120032932154,16.196150234884414,15.774145338733009,8.936430248982672
2290,22.89,24.1362077823892,22.444705789314273,8.876469351368677,2.5285623034177984,16.314697946596105,15.414131466943262,8.876469351368677
2291,22.9,24.16734826406522,22.478943878813926,8.87455938116085,2.532964501486443,16.35005257188219,15.426558229350924,8.87455938116085
2292,22.91,24.383442942938323,22.667384043927814,8.985654698274107,2.522619086206549,15.998260532813227,16.05820535798269,8.985654698274107
2293,22.92,24.703064524260387,23.11638496878063,8.710576494406393,2.6538295121597417,16.4809421907127,16.209435478487617,8.710576494406393
2294,22.93,25.11928493680639,23.47660212832713,8.934630839866552,2.6275962095237255,16.484198194267293,16.715922271412033,8.934630839866552
2295,22.94,25.320082994741252,23.689239521799415,8.940164077879206,2.6497544469473535,16.587275730616323,16.912786670377244,8.940164077879206
2296,22.95,25.176416650094403,23.58612097412506,8.80606908518713,2.678393815215436,16.436210458150505,16.916148745546252,8.80606908518713
2297,22.96,25.054832611446386,23.468141110408418,8.774450980520408,2.674599375221142,16.167432671893845,17.01081326620868,8.774450980520408
2298,22.97,24.92037462436368,23.400622574597566,8.56947691168278,2.7306943954415073,16.261514280381476,16.8271295884864,8.56947691168278
2299,22.98,25.232530952954654,23.73445107181823,8.56483803765611,2.771150016785782,16.403975049494704,17.15324372403333,8.56483803765611
2300,22.99,25.300650210924157,23.726415014805823,8.785222344410728,2.700718784869557,16.444681162689214,17.103076650483032,8.785222344410728
2301,23.0,25.82088229687314,24.218042512973497,8.955689779619732,2.7042073931687507,16.689333446065838,17.549351335198114,8.955689779619732
2302,23.01,25.69189591492429,24.055452215668467,9.022678892823036,2.6661097553635695,16.720607400162063,17.294105049696984,9.022678892823036
2303,23.02,25.910559645691993,24.255766164809213,9.11125177519857,2.662177136936882,16.73739433384476,17.5556778039267,9.11125177519857
2304,23.03,25.902065431755037,24.250832917967607,9.100225075004351,2.6648607829027804,16.94052885319437,17.352849316157574,9.100225075004351
2305,23.04,25.657504444201624,24.01863334833639,9.022903434172898,2.661962806491911,16.638783699934105,17.321825103280084,9.022903434172898
2306,23.05,25.851208086048402,24.223230754349167,9.02884551477801,2.682871327757427,16.59168510395166,17.648821308794417,9.02884551477801
2307,23.06,25.91892722297708,24.379231625547373,8.800218959656222,2.7702983002254458,16.896150563538793,17.574613247133403,8.800218959656222
2308,23.07,25.830085218532464,24.231583045842942,8.945595871101375,2.708772383081013,16.65051656007074,17.604826474305085,8.945595871101375
2309,23.08,25.995684282476468,24.304810633355462,9.222352269943148,2.6354242303851283,16.830176181894902,17.534793685973217,9.222352269943148
2310,23.09,25.794868747771808,24.168859334748042,9.013406246915604,2.6814345956079197,16.73561286916731,17.437116259181135,9.013406246915604
2311,23.1,25.80344875332682,24.09336777107218,9.237293814393022,2.608271237787335,16.28245568873586,17.75871637524776,9.237293814393022
2312,23.11,25.657704757473105,23.881023305182467,9.381606435946344,2.5455153622390827,16.05363697705892,17.68004564223392,9.381606435946344
2313,23.12,25.536316978494714,23.842454616623332,9.145536762837613,2.607004403886477,16.087250147149597,17.59724480845733,9.145536762837613
2314,23.13,25.311614364666635,23.61171232202029,9.119477121400857,2.5891519883974725,15.547067351966218,17.770809084880486,9.119477121400857
2315,23.14,25.34343137721804,23.625269020980358,9.172577481715017,2.5756412598395504,15.026686354710753,18.23052477332575,9.172577481715017
2316,23.15,25.467955246306158,23.810216786319412,9.038269802142821,2.6343777412657468,15.352466871589073,18.19967539183836,9.038269802142821
2317,23.16,25.267161630162374,23.620162881688795,8.973146732737662,2.6323165758019873,15.333805616728545,17.966260041140817,8.973146732737662
2318,23.17,25.832037575848098,24.25662785575608,8.883139669474218,2.730636774642968,16.22465933979712,18.031761540131782,8.883139669474218
2319,23.18,25.480283255285944,23.920969990207578,8.776789247623169,2.7254807327959463,16.112633050390805,17.680380693182634,8.776789247623169
2320,23.19,25.43934903477296,23.91552015810171,8.672276222563168,2.7576981572472636,15.952800308799059,17.817414704163728,8.672276222563168
2321,23.2,25.976254882044145,24.426865508796922,8.837084310567004,2.764131771334164,16.442814641894635,18.063931057141136,8.837084310567004
2322,23.21,25.909595121863536,24.314515514036216,8.950500248398788,2.716553805848561,16.376523915591328,17.97234345110212,8.950500248398788
2323,23.22,25.6560997017378,24.004814501999693,9.05562436445415,2.65081826894513,16.451731972978372,17.480607379742153,9.05562436445415
2324,23.23,25.719778966530534,24.069181630165737,9.06540267948857,2.6550592931326484,16.531856660474677,17.493519362993453,9.06540267948857
2325,23.24,25.599897690551565,23.949801857543648,9.042220565276338,2.648663752962956,16.313968237243564,17.534179460978756,9.042220565276338
2326,23.25,25.500402273374327,23.932904152233327,8.802648177902329,2.718830023482381,16.323845375964908,17.501884849969056,8.802648177902329
2327,23.26,24.850787436073734,23.163278703271107,9.00134189482365,2.57331395406628,16.065174017249838,16.686751154161,9.00134189482365
2328,23.27,24.436857778543008,22.766813553250238,8.87875096622713,2.56419102640116,15.546587633910875,16.63224014706342,8.87875096622713
2329,23.28,24.296669197136488,22.659434364289098,8.768019637612321,2.5843275107512924,15.36680356671759,16.652666869046566,8.768019637612321
2330,23.29,24.073507552827675,22.39936046666308,8.820567815086642,2.5394465454198265,15.009902030597521,16.626310184384664,8.820567815086642
2331,23.3,24.060298467381077,22.38257733795504,8.827128301430866,2.5356578689727276,15.01728926866771,16.59701151745989,8.827128301430866
2332,23.31,23.914298208291147,22.250988698048246,8.762828353585759,2.5392473525905728,15.51532054300072,15.949336239750247,8.762828353585759
2333,23.32,24.507880908036665,22.827450572722757,8.918728998708705,2.5594959299725133,16.239457554718765,16.042833851242992,8.918728998708705
2334,23.33,24.62252507631056,22.98456106519522,8.83055455641685,2.602844579958249,16.28997370575041,16.21501785462009,8.83055455641685
2335,23.34,24.845454977515484,23.17684613036132,8.95156056167328,2.589140292430638,16.485220836456566,16.29121513343013,8.95156056167328
2336,23.35,24.91624805813455,23.124199933917136,9.278512526839648,2.4922313643514005,16.338872335255836,16.363675424426656,9.278512526839648
2337,23.36,24.855307959152324,23.079376333239924,9.22652273681617,2.5014165131948736,16.697683211552913,15.93251352731072,9.22652273681617
2338,23.37,24.85809098063346,23.186115504996657,8.962629914841083,2.586976783076039,16.681456275708236,16.10357006171863,8.962629914841083
2339,23.38,24.74170672550835,23.07649240639269,8.923427027144102,2.586057165727527,16.295785101314745,16.339274454946516,8.923427027144102
2340,23.39,23.995116193876775,22.283500617762652,8.900067492767619,2.5037451273117526,15.616745424712287,15.895649156972366,8.900067492767619
2341,23.4,23.883681183979085,22.159391788528847,8.91019542212386,2.4869703456231123,15.767981162341222,15.569502705660579,8.91019542212386
2342,23.41,23.66735239574463,21.976777091003118,8.784351889395117,2.501809737100186,15.204917003933161,15.867867853342604,8.784351889395117
2343,23.42,23.075244556328457,21.250785840946527,8.992831171360482,2.363080706843916,14.117834092500873,15.883408305347862,8.992831171360482
2344,23.43,23.906912551795337,22.073684387156145,9.181117869595628,2.4042480121354064,15.009670319572262,16.185096209832444,9.181117869595628
2345,23.44,23.785038826548586,21.934368548893126,9.198453584258166,2.3845713138598263,14.95734995376066,16.043509778081848,9.198453584258166
2346,23.45,23.900020715586535,22.09260764758358,9.117438101539111,2.423115726319451,14.97097900357683,16.246633508038833,9.117438101539111
2347,23.46,23.65649435082697,21.81230382614851,9.15713529257351,2.3820008255025362,14.738720854176101,16.07938760609021,9.15713529257351
2348,23.47,23.72152984601869,21.882928815387825,9.156877453380321,2.389780678708286,14.763046580632587,16.15286442701118,9.156877453380321
2349,23.48,23.520322850437736,21.735573786894385,8.987236457515367,2.4184935925123585,14.632491990135273,16.072502792165174,8.987236457515367
2350,23.49,23.48668527499223,21.61741051844492,9.182153760614325,2.3542853977429608,14.79119620263423,15.764927923024315,9.182153760614325
2351,23.5,23.68075289676386,21.762714107297718,9.336076929932343,2.331034145351181,14.739719083293481,16.011133834353174,9.336076929932343
2352,23.51,24.266965515560827,22.430348933507553,9.260942827515724,2.4220372969870243,15.35674536334352,16.34903437895739,9.260942827515724
2353,23.52,24.449346080867592,22.640667681121464,9.228796819469885,2.453263206895693,15.714179733817637,16.29921434733138,9.228796819469885
2354,23.53,24.34519139017241,22.456402800702786,9.402037921467512,2.3884612025897565,15.363869932791614,16.378080700609388,9.402037921467512
2355,23.54,24.632406081539123,22.745799868723847,9.454312121873697,2.405865130695091,15.629521906023571,16.52541850172537,9.454312121873697
2356,23.55,25.53690811011281,23.70273205453174,9.503376714379966,2.4941379013909994,16.559056998951046,16.95927882176647,9.503376714379966
2357,23.56,25.334255393871047,23.44941813094937,9.589019015612976,2.4454449503925995,16.28694533884562,16.87040669958943,9.589019015612976
2358,23.57,25.39632253801012,23.500150360684714,9.628921615625048,2.4405796722397803,16.39033391968787,16.84084383206255,9.628921615625048
2359,23.58,25.752251708343294,23.824277751207504,9.776617906167203,2.436862929477777,16.787614692295417,16.904798233333278,9.776617906167203
2360,23.59,25.730784288302605,23.95553225026856,9.391790814189982,2.550688438894352,16.816061513152707,17.06128953448482,9.391790814189982
2361,23.6,25.75007812068579,23.938788056355154,9.486883029442739,2.5233565104640405,16.593614734285165,17.254492854245427,9.486883029442739
2362,23.61,25.271301675043823,23.52904440720079,9.220778580740673,2.5517416128336077,16.548809081928948,16.7258138422587,9.220778580740673
2363,23.62,25.598155933818358,23.82198354472949,9.369028082288882,2.5426312457919016,16.346560988336446,17.32849802666,9.369028082288882
2364,23.63,25.799984664490665,24.026157364383423,9.40122178175995,2.5556420135730082,16.25534910119109,17.692367373998366,9.40122178175995
2365,23.64,25.63538323066784,23.82340730397241,9.466685682552262,2.516552054525329,16.563637067626406,17.123103184379826,9.466685682552262
2366,23.65,25.606408287845078,23.8900712727557,9.216975642067961,2.5919642408207144,16.569100579217007,17.210473886942736,9.216975642067961
2367,23.66,25.319397320846065,23.58936536942915,9.198571745572437,2.564459572844388,16.240581564359015,17.108526207240217,9.198571745572437
2368,23.67,25.366224562984442,23.665560872838014,9.13162511022839,2.591604515863236,16.236690526789697,17.217103477741524,9.13162511022839
2369,23.68,25.735233654153696,23.872887318068713,9.611841776302771,2.4836954117290415,15.944341450922275,17.76774393662875,9.611841776302771
2370,23.69,26.023173853892512,24.213856284879547,9.533873360031285,2.5397711266431267,16.30263585499792,17.90348849705378,9.533873360031285
2371,23.7,25.60404712524944,23.756811770063983,9.548880757122454,2.487915848393427,15.9636468917016,17.593978611880726,9.548880757122454
2372,23.71,25.686324537510433,23.864914994352638,9.500163185894921,2.512053164495674,16.081594152723508,17.63282442477003,9.500163185894921
2373,23.72,25.448717077357408,23.692709227795007,9.289388049303339,2.5505134570809376,15.960812056266214,17.509910024251692,9.289388049303339
2374,23.73,25.33758173154352,23.583480600568514,9.263503158376766,2.5458490376011293,16.015530716198377,17.311364276564046,9.263503158376766
2375,23.74,25.463912330739344,23.69048794119507,9.336573905650306,2.5373855742584617,16.3026468726147,17.18903498858313,9.336573905650306
2376,23.75,25.89587210929523,24.14303155537759,9.365373437136213,2.5779037768685233,16.599440230922013,17.531245155550298,9.365373437136213
2377,23.76,25.861869087236403,23.972891452753043,9.702409395602414,2.470818378744014,16.38240734281,17.501892876478387,9.702409395602414
2378,23.77,25.594555954340464,23.83631133501222,9.322636775088531,2.556820769710387,16.447533172010246,17.25248940342392,9.322636775088531
2379,23.78,25.862623619882967,24.023081149703984,9.579502731272916,2.5077586826379887,16.405792209106348,17.548743827319623,9.579502731272916
2380,23.79,26.050253806358892,24.24073193209574,9.539530322400052,2.5410823293024567,16.435152393995725,17.818497422337906,9.539530322400052
2381,23.8,26.434751022719038,24.54484594378435,9.81563035311734,2.500587844161141,16.734401108571856,17.955759018808866,9.81563035311734
2382,23.81,26.022333850576626,24.147766995203177,9.69779398503814,2.4900268073809992,16.435239378594602,17.69173698150968,9.69779398503814
2383,23.82,25.867882537070738,23.962130567173187,9.744929226702133,2.4589332574642433,16.52842598957667,17.349202737455748,9.744929226702133
2384,23.83,25.612829436052255,23.685751468037914,9.746907669340308,2.4300785717446955,16.27282275855918,17.210754256399643,9.746907669340308
2385,23.84,25.762378791878398,23.827170576493323,9.796229036466865,2.4322798586880423,16.50689983834188,17.18302404724669,9.796229036466865
2386,23.85,25.44152461017652,23.497669292005593,9.753497441110786,2.4091531713499417,16.380806471582698,16.84665075013479,9.753497441110786
2387,23.86,25.41844657822621,23.394282971179692,9.940067943153684,2.353533507514174,16.26198016605502,16.81786183836879,9.940067943153684
2388,23.87,25.44206720793746,23.45385778936443,9.859783902777778,2.378739536345905,16.049201783948817,17.10282337223374,9.859783902777778
2389,23.88,25.410455166556538,23.439787776126956,9.81160439386492,2.388986228468769,15.842015801625964,17.27582664681791,9.81160439386492
2390,23.89,25.273403144539678,23.389949425349055,9.573670789516495,2.4431537222861133,16.019963723404587,17.042608263443352,9.573670789516495
2391,23.9,25.124436716255648,23.19369442463084,9.658667570942855,2.4013347860119727,15.874698927188733,16.909801744380818,9.658667570942855
2392,23.91,25.07628080348471,23.234319356248935,9.433253043730558,2.4630230153415336,15.849737079270001,16.988803091041394,9.433253043730558
2393,23.92,25.21953241103712,23.39316745784568,9.42255439467142,2.4826778894558386,16.166171518844337,16.908435236121537,9.42255439467142
2394,23.93,25.29977074143691,23.508433016732553,9.350506759906963,2.5141346474965234,16.19744918270933,17.037871430309306,9.350506759906963
2395,23.94,25.371216740888453,23.56025380390327,9.413452055903825,2.5028282572626486,16.260388867403982,17.049495980384375,9.413452055903825
2396,23.95,25.28951029250418,23.38864376448453,9.619286548009352,2.431432273875307,16.252866125952426,16.81882872954681,9.619286548009352
2397,23.96,25.218043330484893,23.30577700165222,9.632780894812875,2.4194235554762877,16.261657993352735,16.694841148030388,9.632780894812875
2398,23.97,25.542185369113447,23.679160993974012,9.576041355989046,2.472750494040483,16.453382781032385,17.02905929402348,9.576041355989046
2399,23.98,25.998580547033264,24.08758883635204,9.78336621574727,2.4620962054533693,16.605322328327237,17.449217928649645,9.78336621574727
2400,23.99,25.57610571203791,23.660226918354336,9.712406785412115,2.4360827795939963,16.268575025120928,17.179633421002638,9.712406785412115
2401,24.0,25.40813283281958,23.47390541060405,9.723629920159347,2.4141092990321633,15.922128340256345,17.248480058903503,9.723629920159347
2402,24.01,25.23497721850288,23.278391164629355,9.742719333166967,2.3893114815884244,15.749454245866492,17.141708962960838,9.742719333166967
2403,24.02,25.209327344643484,23.277569007612737,9.678066246167997,2.405188021608079,15.413870827725976,17.44298727312358,9.678066246167997
2404,24.03,25.481327357786704,23.558761731383836,9.709932522864081,2.426253908140944,15.921235061469979,17.364605622746936,9.709932522864081
2405,24.04,25.247329401744846,23.260464235959446,9.81725243883753,2.369345637272188,15.724024036626922,17.14071948804738,9.81725243883753
2406,24.05,24.91475972888391,22.94910987563979,9.699670523467686,2.3659679800582913,15.182801468961236,17.208840275808722,9.699670523467686
2407,24.06,24.927057533659113,23.008512680537187,9.58991874396811,2.399239586363455,15.453772871425388,17.046189011296256,9.58991874396811
2408,24.07,24.93739164278027,23.11575954629228,9.356022795152018,2.4706822602302876,15.672852779782598,16.99117491950641,9.356022795152018
2409,24.08,25.06651277985854,23.326974174096563,9.175093395919397,2.5424236209378734,15.839443039122218,17.124829001463652,9.175093395919397
2410,24.09,25.232378277701798,23.559814074712314,9.033718742247025,2.607986228808813,15.775975701857961,17.498097893468294,9.033718742247025
2411,24.1,25.291310586863585,23.65766189394626,8.942338894993936,2.645578765437999,15.832210356108895,17.579137678742807,8.942338894993936
2412,24.11,25.58439811627516,23.944146589691346,9.013283034690312,2.656539964132397,16.288328291537567,17.5502853929993,9.013283034690312
2413,24.12,24.723949115978154,23.076397930522226,8.874317914164827,2.6003573630925048,16.06821286687548,16.562991176493085,8.874317914164827
2414,24.13,24.636086510134867,22.874354113811417,9.14880770432999,2.500255208444849,16.08082275136338,16.26785836437222,9.14880770432999
2415,24.14,24.753277470605422,23.0473020649594,9.030316332404972,2.552214254361718,16.122676091571698,16.469288027105,9.030316332404972
2416,24.15,24.47835481687538,22.797236644720005,8.914923213661552,2.5571994394505486,15.597399316574633,16.626338538435988,8.914923213661552
2417,24.16,24.380116327388613,22.664820788615316,8.983093607268708,2.5230529458444004,15.423532393545536,16.60749077631237,8.983093607268708
2418,24.17,23.98725654519951,22.26333251860817,8.92930578102805,2.4932881754268856,15.066604445852452,16.390649935445975,8.92930578102805
2419,24.18,23.796054903253744,22.100008700757662,8.82280252443079,2.5048740056871512,15.216187101582587,16.027415096115657,8.82280252443079
2420,24.19,23.521583759697666,21.75329546171791,8.947571688434575,2.431195437063189,14.768286547923866,15.971962180120766,8.947571688434575
2421,24.2,23.850212131266296,22.171821984411896,8.788795628409579,2.5227372352068347,14.614582245638598,16.673442232901873,8.788795628409579
2422,24.21,23.777775021378307,22.07662262245634,8.832061964962165,2.499600060556291,14.456803978657152,16.684666167982915,8.832061964962165
2423,24.22,24.392917144356982,22.797156134179133,8.677792288671334,2.627068657075408,14.54151623228067,17.557181820339476,8.677792288671334
2424,24.23,24.100312868798603,22.620910746455348,8.313812445255222,2.7208829758199964,14.755292292290488,17.14604771859019,8.313812445255222
2425,24.24,24.553972728187475,23.111538133158913,8.291826207544128,2.787267551764581,15.006608554280007,17.57682834242483,8.291826207544128
2426,24.25,24.681179414747554,23.273915406994412,8.214954590929066,2.833115527223171,15.143542374279548,17.673377230465366,8.214954590929066
2427,24.26,24.544827827256476,23.118854410717898,8.244218811124146,2.8042504620963005,15.155511608834487,17.458290212344778,8.244218811124146
2428,24.27,24.574680446995213,23.15746825349645,8.224754291784826,2.8155817708289406,15.00156369108577,17.641468837202673,8.224754291784826
2429,24.28,24.617339988375576,23.21297936808838,8.195792637687859,2.8323043779005452,15.047379248189221,17.67537238375648,8.195792637687859
2430,24.29,24.488855177271407,23.08992729809153,8.15838741800241,2.830207259726472,15.235057788430604,17.35043967207553,8.15838741800241
2431,24.3,24.545267839639994,23.144368245067028,8.173640061588117,2.8315864254695526,15.047162610643987,17.58535410027631,8.173640061588117
2432,24.31,24.49275915089605,23.0142902392796,8.380793256369103,2.7460754054265166,14.95951015515291,17.489156958975386,8.380793256369103
2433,24.32,24.41749338503979,23.000437027229964,8.197187308149699,2.805893797786318,14.670685184791871,17.714149701645276,8.197187308149699
2434,24.33,24.378000188307475,22.963075869026895,8.184377790304769,2.8057204172843786,14.70632115976311,17.635956773381736,8.184377790304769
2435,24.34,24.500737227034804,23.079109274665754,8.224405130843591,2.8061736876401286,14.935864432314979,17.594466134880907,8.224405130843591
2436,24.35,24.433479779349,23.041455533723003,8.129345669567863,2.8343554906243558,14.81291576720153,17.648971629710516,8.129345669567863
2437,24.36,24.325685734792913,22.97798674125621,7.984429333807215,2.877849597085684,14.877909520139232,17.511016046817403,7.984429333807215
2438,24.37,24.407487888377197,23.02635649610535,8.093971308050616,2.844877455051309,14.8884094163034,17.56554464109386,8.093971308050616
2439,24.38,24.260800517052747,22.841293280307777,8.176904243733917,2.793391312832286,14.765796623923391,17.426873752281725,8.176904243733917
2440,24.39,24.485662345232853,23.043019114275122,8.280515115855145,2.7828001992476796,15.039806482696576,17.458091272068852,8.280515115855145
2441,24.4,24.130779621397078,22.646786687566202,8.331721182583273,2.7181402487288353,14.714060239067159,17.2154982081039,8.331721182583273
2442,24.41,24.140460512288104,22.673140131974318,8.2879762488316,2.7356666393886773,14.562755086524946,17.378073763626286,8.2879762488316
2443,24.42,23.78061800392948,22.261138929749087,8.364178752228145,2.6614853160352308,14.096689601502286,17.229093090713963,8.364178752228145
2444,24.43,24.112423614318885,22.63879556811919,8.30023540517195,2.727488373885487,14.301778728247006,17.549193428284802,8.30023540517195
2445,24.44,23.71099584605834,22.355002871425437,7.903491040695626,2.82849727497861,14.397827859889544,17.101131725661553,7.903491040695626
2446,24.45,23.63218317631281,22.285873274404963,7.862565362269803,2.8344277277933334,14.222976091225204,17.157129675772506,7.862565362269803
2447,24.46,23.73630698737812,22.35514039703378,7.9787196484125165,2.8018455820141095,14.141108239260856,17.314195330323624,7.9787196484125165
2448,24.47,23.42208130090117,22.062181829174186,7.86473301533374,2.8052041672819557,13.733598690729695,17.266387406331738,7.86473301533374
2449,24.48,23.848050583133386,22.515089183934442,7.861315135215401,2.8640359528491954,13.798876689248894,17.791015796615582,7.861315135215401
2450,24.49,23.714664328396047,22.333579322804923,7.974743810335241,2.8005387826829846,13.628210650979142,17.69351971261112,7.974743810335241
2451,24.5,23.693061652469705,22.201214765943686,8.27449293819111,2.683090665709977,13.70481365050156,17.46631099827843,8.27449293819111
2452,24.51,24.24126882795349,22.79378746858303,8.251203986460203,2.762480179375816,14.572177930128444,17.5273608263084,8.251203986460203
2453,24.52,24.4192603105223,22.902379292584317,8.47238436637848,2.7031799198664,14.640638950009444,17.61166285155554,8.47238436637848
2454,24.53,24.08988750844588,22.52088866056832,8.551739829289838,2.633486180605488,14.497758590966479,17.233845244163373,8.551739829289838
2455,24.54,24.150215950415696,22.56769752399072,8.598369549942348,2.624648474679951,15.002412484541534,16.85908037758908,8.598369549942348
2456,24.55,24.237922950420362,22.710692082259218,8.46766639017637,2.682048516768052,15.131740071854475,16.935346977638957,8.46766639017637
2457,24.56,24.22565027852406,22.751183037966587,8.322607871953025,2.733660336760247,15.163493285576793,16.961273566726234,8.322607871953025
2458,24.57,24.10357564813578,22.7205367414185,8.047333049355943,2.8233622992945353,15.392807916521024,16.711799851100288,8.047333049355943
2459,24.58,24.223045535090986,22.812584218258287,8.145055940873847,2.800789139308333,15.676942849859511,16.57249111019118,8.145055940873847
2460,24.59,24.26615844326714,22.804665900206764,8.294194281163902,2.7494733215975073,15.268988257384361,16.938441026727098,8.294194281163902
2461,24.6,24.100933998405043,22.731642096166766,8.007962737629029,2.8386298539267525,15.349073118133154,16.767036315414337,8.007962737629029
2462,24.61,24.070873298329406,22.602219047186175,8.279289552083696,2.729970839285086,15.34716882776055,16.59291158384207,8.279289552083696
2463,24.62,24.14515895001087,22.773747550728903,8.021541199604929,2.839073811881754,15.383074587474402,16.792992399823504,8.021541199604929
2464,24.63,23.878635519692615,22.414457106995716,8.232942783778785,2.7225328410102043,15.138078173128656,16.530168681099312,8.232942783778785
2465,24.64,24.165593439405452,22.72758551580604,8.211745423499144,2.7676924141812336,15.172611228811853,16.921436460230233,8.211745423499144
2466,24.65,23.988981261367886,22.55189191729042,8.178226758234981,2.757552778122962,14.972476959565345,16.864541581212155,8.178226758234981
2467,24.66,23.62465887097058,22.1383862951137,8.247203102752515,2.6843508058780543,14.343608188986028,16.863245591300956,8.247203102752515
2468,24.67,23.40531362908909,21.863053975559186,8.35557161047699,2.6165838789706815,14.391605160642357,16.45827542722465,8.35557161047699
2469,24.68,23.57515754903181,22.08309807849286,8.253776875911825,2.675514302178572,14.364680594571617,16.772572019826676,8.253776875911825
2470,24.69,23.59191716381093,22.13572287660462,8.160167167054828,2.7126555649464543,14.632679572652886,16.609482706993138,8.160167167054828
2471,24.7,23.647603679818854,22.208457473596432,8.123643052303626,2.7338051820603773,14.877615101457874,16.488546092649095,8.123643052303626
2472,24.71,23.759396562750464,22.289633444493408,8.226856382371055,2.709374323375429,14.879515757029356,16.596016688536867,8.226856382371055
2473,24.72,23.870412846858073,22.348271047137317,8.387573587345212,2.6644500718128263,15.252768466121656,16.333960723449806,8.387573587345212
2474,24.73,23.9488690475067,22.520282044477593,8.147712887172972,2.764000444828082,15.135610395947525,16.675622966021542,8.147712887172972
2475,24.74,23.992610030759362,22.548028905637466,8.199495628307407,2.7499287673005295,15.14979537368722,16.700218790928098,8.199495628307407
2476,24.75,24.633762189508246,23.135530809217443,8.459873154190706,2.7347373166886033,15.422552166432164,17.245221671463895,8.459873154190706
2477,24.76,24.50568001397494,22.992960963892013,8.476561747564219,2.7125338844489812,15.207233014226086,17.245762318265147,8.476561747564219
2478,24.77,25.013468450614937,23.532997693544758,8.477713340608185,2.7758661738209374,15.423620357830494,17.773967354023686,8.477713340608185
2479,24.78,24.743519113538532,23.23467333182257,8.508330816649048,2.730814519618479,15.311392881019652,17.476020510389876,8.508330816649048
2480,24.79,24.99852801075723,23.403524923318347,8.786434081482126,2.6635976217749717,15.182896757429717,17.810239327129022,8.786434081482126
2481,24.8,25.468624261211428,23.790850618505765,9.09099821838677,2.6169679112232336,15.891086151402318,17.705308641217343,9.09099821838677
2482,24.81,25.676458959914353,24.077912271177844,8.918222097572453,2.699855644740208,16.119218528076598,17.88621405951099,8.918222097572453
2483,24.82,25.469157771373368,23.91038472667324,8.773340287802553,2.725345642858,16.134079058759806,17.646472471947966,8.773340287802553
2484,24.83,25.410754062382058,23.7910662613461,8.927014515900895,2.6650641397489827,15.908284917285497,17.690147111944192,8.927014515900895
2485,24.84,25.39692652325063,23.762997897752655,8.962355033069956,2.6514234049053176,16.140298249559628,17.440494302165277,8.962355033069956
2486,24.85,25.41495793768548,23.831435979993664,8.830784002894962,2.6986772603860647,15.966630804983504,17.691920235121128,8.830784002894962
2487,24.86,25.41648881906282,23.775138487178385,8.985582552346541,2.645920656637852,15.882933563144398,17.691512979766657,8.985582552346541
2488,24.87,25.330728375168995,23.643988345158068,9.088873150760831,2.6014213151581753,15.73036363658179,17.652020981374225,9.088873150760831
2489,24.88,25.129219843800577,23.442858421786394,9.050418718166558,2.5902512526553543,15.716116124713938,17.394576882995107,9.050418718166558
2490,24.89,25.146907687577187,23.512826629419216,8.917059500889472,2.6368363502647734,15.767079293786857,17.442827369683027,8.917059500889472
2491,24.9,25.08024068136521,23.487422040158656,8.795423727295688,2.670413929833519,15.703585115658518,17.46586409565238,8.795423727295688
2492,24.91,24.91899608290751,23.32871736755918,8.759412752262712,2.663274128911548,15.601437972400165,17.34428399239379,8.759412752262712
2493,24.92,25.062685950442305,23.43065978739339,8.896201941161424,2.6337823649194787,15.983209694000315,17.13279971137782,8.896201941161424
2494,24.93,24.90672178347685,23.246644601903395,8.940822375616017,2.6000566419150806,15.668575900192446,17.17271715562545,8.940822375616017
2495,24.94,24.80666489213316,23.174057200531713,8.850632516214656,2.618350401293474,15.373929063048575,17.340104737223072,8.850632516214656
2496,24.95,24.784782644367848,23.121151596252837,8.927362409561551,2.58991968013858,15.35651329264275,17.284824286922664,8.927362409561551
2497,24.96,24.751996522229824,23.149032971931483,8.76262542283455,2.6417919122284235,15.659520362406889,17.04867002305268,8.76262542283455
2498,24.97,24.5138799692,22.902775997676965,8.740318229022167,2.620359510667295,15.94419264233091,16.44140715948635,8.740318229022167
2499,24.98,24.653157616971082,22.98919003462487,8.903669021202662,2.5819906355323625,15.930361718461377,16.574873573185275,8.903669021202662
2500,24.99,24.697844719234674,23.014150138036925,8.962835890460294,2.567730840919705,15.959204184252771,16.58176433258638,8.962835890460294
2501,25.0,24.16642967769991,22.485024139487724,8.856636653598764,2.538776853891964,15.300401216298308,16.47646907482434,8.856636653598764
2502,25.01,24.294107759837473,22.561192455479233,9.010897115904855,2.503767623276618,15.622628132017502,16.27700510726308,9.010897115904855
2503,25.02,24.79791916745097,22.996554947293653,9.278752911438906,2.478410101743668,16.01093657736578,16.507315025753485,9.278752911438906
2504,25.03,23.93674912624065,22.130117121095555,9.122821654465014,2.425797407786037,15.7438519370891,15.55227346648786,9.122821654465014
2505,25.04,23.912307149445002,22.025524206033047,9.309925706408775,2.3658109528061106,15.04900105603872,16.082639203995505,9.309925706408775
2506,25.05,23.84278338627303,21.914398867396617,9.393478689249424,2.3329375189275767,15.121917686902094,15.860910541009673,9.393478689249424
2507,25.06,23.712203733926497,21.666482891954498,9.634942916897879,2.2487401408425116,15.17221807279678,15.46739408106148,9.634942916897879
2508,25.07,23.776317346844408,21.690178335676613,9.739067221474505,2.227130981070762,15.00654334219806,15.661018266772635,9.739067221474505
2509,25.08,23.687753510942816,21.592692702573334,9.739881326146634,2.216935913234171,14.794494748812353,15.727914778352769,9.739881326146634
2510,25.09,24.020928098856785,22.048833882207763,9.531731803048933,2.3132033441346893,14.99987580792917,16.160284691548423,9.531731803048933
2511,25.1,24.506775914396684,22.514190849979464,9.679528712140607,2.325959405620741,14.887231736286568,16.889615770034588,9.679528712140607
2512,25.11,23.92726740527785,21.777764601407828,9.911765455726844,2.197163027987614,15.029245757622077,15.760482321024654,9.911765455726844
2513,25.12,23.431597298429065,21.28832821197128,9.79013962592647,2.174466251287678,14.917853849215012,15.1871838928115,9.79013962592647
2514,25.13,23.276876555999973,21.227058727043755,9.55117584394177,2.2224550226983726,14.990450918360418,15.029118519247618,9.55117584394177
2515,25.14,23.051778747013515,21.073859237759926,9.342213882605371,2.2557671556843886,14.967322452679607,14.835322772708123,9.342213882605371
2516,25.15,23.45711524367659,21.559426844250687,9.242692773349512,2.33259152640185,15.040527846713083,15.446404369459113,9.242692773349512
2517,25.16,23.548559532559555,21.66127077179027,9.237099361254373,2.3450295297948087,14.804543745872763,15.812530977846498,9.237099361254373
2518,25.17,24.02363122320855,22.046314688301468,9.544363038626708,2.3098780504344276,14.944700901169977,16.207896418418596,9.544363038626708
2519,25.18,23.504085250659724,21.52742711955143,9.434612079077846,2.2817501068528885,14.427995836487355,15.976953856411487,9.434612079077846
2520,25.19,23.419871294501544,21.475445348299285,9.343212431665453,2.2985076605468158,14.493614001369817,15.84707878717987,9.343212431665453
2521,25.2,23.498381367143164,21.605685269654824,9.239496247324393,2.33840511336443,14.526969015330204,15.992898649057203,9.239496247324393
2522,25.21,23.390205501122924,21.41618461931409,9.404719545856523,2.2771741905636635,14.43196445069612,15.823127558810517,9.404719545856523
2523,25.22,23.71803293263917,21.781399660533467,9.386997124846102,2.320379922444108,14.345400682131384,16.39020593040221,9.386997124846102
2524,25.23,23.211992197314476,21.2621281506476,9.312276213344774,2.2832364143342665,14.408884499288089,15.635285126301234,9.312276213344774
2525,25.24,22.588558653849162,20.767089177514503,8.886562279731338,2.3369092033350767,14.018039320475014,15.322094064339131,8.886562279731338
2526,25.25,22.519561108880687,20.65620665208669,8.969490469525066,2.3029409220366155,14.202680889952239,14.998757574942534,8.969490469525066
2527,25.26,22.96372231715696,21.14268344510382,8.96211355650135,2.3591180040077004,14.549668254244814,15.34015048659197,8.96211355650135
2528,25.27,23.053951971775337,21.291770199851925,8.83997869192123,2.4085770952491394,13.99557293594972,16.04566659375092,8.83997869192123
2529,25.28,22.842033512227847,21.094758310990706,8.76183010418649,2.407574451930016,13.91277200880873,15.85634268140102,8.76183010418649
2530,25.29,22.953402661319913,21.221339217516313,8.747197010916835,2.42607308272939,13.991151963860535,15.955967689521602,8.747197010916835
2531,25.3,23.12213776408953,21.495954496704847,8.518051130225146,2.523576598457994,14.15575245110091,16.17685792320486,8.518051130225146
2532,25.31,23.49566302491694,22.031854644495514,8.163550814704998,2.698807803683852,14.546479505917556,16.54698017947985,8.163550814704998
2533,25.32,23.77928295589143,22.255736090409517,8.374754263283911,2.657479299181561,14.697987271017453,16.711880777068917,8.374754263283911
2534,25.33,24.38362379164353,22.920826884880817,8.318461644182108,2.755416549995339,14.981338920012327,17.347155076565123,8.318461644182108
2535,25.34,24.053292357799815,22.515304195247005,8.462975259640295,2.660447833591325,14.701559110089365,17.052949385283938,8.462975259640295
2536,25.35,23.94189857432065,22.389291710251644,8.481398708722175,2.6398112480228937,14.641299608124463,16.938498430258733,8.481398708722175
2537,25.36,23.898950746891952,22.35626957089942,8.447310677111613,2.6465546758537943,14.519174039457488,16.99989336256752,8.447310677111613
2538,25.37,24.035153108230414,22.377049511041974,8.772470582250728,2.5508263950542376,14.833486109532275,16.754105009159304,8.772470582250728
2539,25.38,23.884595477644265,22.190960784675365,8.833751218123878,2.5120653997077707,14.658876355723036,16.660014541849115,8.833751218123878
2540,25.39,23.821944936472484,22.082018763820255,8.936974201071482,2.4708607485039815,14.821758320348316,16.368598992549583,8.936974201071482
2541,25.4,23.898534712618083,22.196331861139218,8.857923759007395,2.5058165395212777,14.879579852503655,16.47043568041815,8.857923759007395
2542,25.41,23.504412965502148,21.873804961031887,8.601981479845328,2.5428798018552814,14.44333690766432,16.427214080450916,8.601981479845328
2543,25.42,23.618371876767338,21.939608518119513,8.745345515240212,2.508718321064172,14.389702528940324,16.561487948157033,8.745345515240212
2544,25.43,23.480772878047233,21.73519889502315,8.884133269161548,2.446518780900102,14.645269942648008,16.060353025795738,8.884133269161548
2545,25.44,23.286323053270344,21.550990647951433,8.820864097874992,2.4431836165737115,14.576559275269103,15.873535132498256,8.820864097874992
2546,25.45,23.512792068567116,21.82026555147601,8.75941791004072,2.4910634217444905,14.715376670805147,16.111538665604048,8.75941791004072
2547,25.46,23.57401991927821,21.844691711123343,8.862497345585227,2.464846065314206,14.77772159582512,16.087557315835884,8.862497345585227
2548,25.47,23.296404458837806,21.62305521458804,8.669829519467783,2.4940577165945728,14.852326590354659,15.715117297257661,8.669829519467783
2549,25.48,23.80827612856454,22.182233349546117,8.647689624417628,2.5651051683113524,15.019543207520638,16.323749514469295,8.647689624417628
2550,25.49,23.791489757318907,22.0891439813989,8.837686520896694,2.4994260578454734,15.004304857544536,16.21114177264627,8.837686520896694
2551,25.5,23.782855423361326,22.022218277722395,8.980318157886002,2.45227595398541,15.034087631096119,16.09205726351274,8.980318157886002
2552,25.51,23.58332464301416,21.789049251871567,9.022778614003222,2.414893480602004,15.068177522740712,15.73889111226253,9.022778614003222
2553,25.52,23.707634549870413,22.020923725738555,8.7824173332525,2.507387532400863,15.156515222838463,15.975015744426084,8.7824173332525
2554,25.53,23.51350517877058,21.922648122421617,8.501907144432643,2.578556522671194,15.09733264305727,15.89569274251341,8.501907144432643
2555,25.54,23.648797119392942,22.139784118287327,8.312374172872643,2.6634729931359815,15.113328129364959,16.178916949490585,8.312374172872643
2556,25.55,23.17836860129813,21.78650779783477,7.911058651819492,2.753930764098685,14.61880821197618,16.15371067236791,7.911058651819492
2557,25.56,23.206836027408904,21.666182039036237,8.314673430411304,2.6057766694469526,14.925079731611715,15.705586240369684,8.314673430411304
2558,25.57,23.348478355432007,21.826618884659077,8.291570995771595,2.632386419387818,14.732659794817764,16.104348086970685,8.291570995771595
2559,25.58,23.000665564171367,21.496576479933406,8.180942246296121,2.6276406595665516,14.682585754890992,15.70109792046079,8.180942246296121
2560,25.59,23.111195709871435,21.695092399886622,7.965571724638572,2.723607689424328,14.632536635940289,16.01767479497207,7.965571724638572
2561,25.6,22.978880140533008,21.594566254526665,7.855166503126487,2.7490908367036737,14.718952581649454,15.801193835286522,7.855166503126487
2562,25.61,22.97294078027767,21.625201156763364,7.752849993625919,2.789322787690041,14.543602492487187,16.00415419855107,7.752849993625919
2563,25.62,23.404046946119312,22.00648135718373,7.966441597857966,2.762397877002058,15.161387641115287,15.950471670766094,7.966441597857966
2564,25.63,23.726804651233067,22.329295236789456,8.02270734765184,2.7832618428148197,15.466720147196137,16.105216349370327,8.02270734765184
2565,25.64,23.746338534771056,22.274653600880352,8.229726652127697,2.7066091672827928,15.327215860473935,16.162816802947695,8.229726652127697
