# Time-averaged data for fix msd_out
# TimeStep c_msd_poly[1] c_msd_poly[2] c_msd_poly[3] c_msd_poly[4]
5006000 0.342724 0.432485 0.386059 1.16127
5007000 0.672642 0.636819 0.573773 1.88323
5008000 0.926766 0.816233 0.737041 2.48004
5009000 1.46193 0.857171 0.929673 3.24877
5010000 1.4073 1.12592 0.921093 3.45431
5011000 1.75412 1.35304 1.09739 4.20455
5012000 2.13137 1.3872 1.11398 4.63255
5013000 2.23514 1.32552 1.10604 4.6667
5014000 2.66755 1.31268 1.14861 5.12884
5015000 2.71874 1.48154 1.17843 5.37871
5016000 3.16382 1.67278 1.37893 6.21553
5017000 3.42161 1.64837 1.57157 6.64154
5018000 3.63372 1.79089 1.94801 7.37262
5019000 3.80816 1.78001 2.05293 7.6411
5020000 3.88148 1.80844 1.96331 7.65322
5021000 3.85583 2.0937 2.17301 8.12254
5022000 4.04603 2.04797 2.39339 8.48739
5023000 4.5001 2.01809 2.55008 9.06827
5024000 4.8707 1.99973 2.74369 9.61412
5025000 5.49911 2.13124 3.15805 10.7884
5026000 5.92138 2.21007 3.26278 11.3942
5027000 6.23075 2.68266 3.45987 12.3733
5028000 5.87813 2.89589 3.09526 11.8693
5029000 5.94164 2.87298 3.14369 11.9583
5030000 6.50001 2.92059 3.35003 12.7706
5031000 6.56037 2.89646 3.43721 12.894
5032000 6.79917 3.09062 3.39803 13.2878
5033000 6.56057 3.21868 3.12667 12.9059
5034000 6.80171 3.40832 3.39122 13.6013
5035000 6.78801 3.47352 3.46961 13.7311
5036000 7.08503 3.56953 3.68587 14.3404
5037000 6.9305 3.69763 3.96404 14.5922
5038000 6.77029 3.7749 4.08164 14.6268
5039000 6.83794 3.69884 4.23687 14.7737
5040000 7.45506 4.03822 4.48146 15.9747
5041000 7.1822 3.80254 5.2002 16.1849
5042000 6.73741 3.7585 5.19774 15.6936
5043000 7.26806 3.85443 5.05772 16.1802
5044000 7.27419 3.7968 5.03067 16.1017
5045000 7.90359 3.7882 5.17624 16.868
5046000 7.96707 3.87346 5.68221 17.5227
5047000 8.17209 3.99259 5.52237 17.6871
5048000 8.88251 3.89173 5.36829 18.1425
5049000 8.74792 3.52385 5.24904 17.5208
5050000 7.86493 3.38981 5.09694 16.3517
5051000 7.61151 3.28603 5.50562 16.4032
5052000 7.3743 3.20327 5.70203 16.2796
5053000 7.99136 3.57761 5.77009 17.3391
5054000 7.82844 3.95078 5.93648 17.7157
5055000 8.40238 4.0728 5.5468 18.022
5056000 8.91484 4.12552 5.55514 18.5955
5057000 9.56044 4.44996 5.16172 19.1721
5058000 9.66843 4.15106 4.99591 18.8154
5059000 9.7085 3.99066 5.65025 19.3494
5060000 10.0919 4.16844 6.21223 20.4726
5061000 10.123 4.35205 6.51511 20.9902
5062000 10.5242 4.09524 6.56186 21.1813
5063000 10.7068 3.836 6.44187 20.9847
5064000 11.3347 3.83106 7.03879 22.2046
5065000 11.351 4.06177 6.9318 22.3446
5066000 11.2492 4.42381 6.68818 22.3612
5067000 10.9531 4.38022 5.93147 21.2648
5068000 11.155 4.78777 6.0538 21.9965
5069000 11.054 5.15447 6.43262 22.6411
5070000 11.4586 5.41852 6.42271 23.2998
5071000 11.4 5.49048 6.40057 23.291
5072000 11.8172 6.02152 6.81412 24.6528
5073000 11.5171 6.26864 6.64859 24.4343
5074000 11.2706 7.38086 7.09042 25.7419
5075000 11.8385 8.88975 7.95593 28.6842
5076000 12.072 9.57731 8.37101 30.0203
5077000 11.127 10.2677 8.1779 29.5726
5078000 10.2314 10.4986 8.46451 29.1945
5079000 9.46611 9.54934 8.81296 27.8284
5080000 9.23093 9.18082 9.26168 27.6734
5081000 8.89768 9.15472 9.73176 27.7842
5082000 8.58988 9.88616 10.4179 28.894
5083000 7.63372 10.8008 11.3937 29.8282
5084000 7.64024 11.1719 11.7697 30.5818
5085000 7.54497 12.11 11.6224 31.2774
5086000 6.85394 11.5153 12.4195 30.7888
5087000 7.14862 11.4197 13.3887 31.957
5088000 7.30444 10.6866 14.0878 32.0788
5089000 8.33255 9.58581 14.6069 32.5252
5090000 8.9783 8.96188 14.082 32.0222
5091000 9.68664 8.74825 14.5935 33.0284
5092000 10.0199 7.71947 13.8964 31.6357
5093000 10.2554 7.81882 14.0406 32.1148
5094000 11.2922 8.22915 15.1562 34.6776
5095000 10.6359 7.6346 15.9332 34.2038
5096000 9.93956 7.9005 16.5877 34.4278
5097000 8.90991 7.74776 17.7932 34.4508
5098000 8.47006 8.11258 18.196 34.7787
5099000 8.05278 8.08635 17.5756 33.7147
5100000 8.72865 8.35787 16.8463 33.9328
5101000 8.22649 8.414 16.8716 33.512
5102000 7.74854 8.12662 16.8982 32.7734
5103000 8.12447 8.54238 17.2215 33.8883
5104000 8.88067 8.76859 18.141 35.7902
5105000 9.62679 8.85236 17.2795 35.7587
5106000 10.3136 8.31283 16.9273 35.5537
5107000 10.1291 8.94727 16.587 35.6634
5108000 10.2424 8.90496 16.7442 35.8916
5109000 11.3559 8.66907 17.7316 37.7565
5110000 11.8256 8.75173 18.8136 39.3909
5111000 11.6656 9.04862 19.067 39.7812
5112000 11.4184 8.85572 18.7136 38.9877
5113000 11.8636 8.81253 18.1806 38.8567
5114000 12.2928 8.90855 17.7638 38.9651
5115000 11.8729 8.57522 17.8108 38.2589
5116000 11.6969 9.05251 18.0607 38.8101
5117000 11.8708 9.30104 17.3867 38.5586
5118000 11.5564 8.73933 16.606 36.9018
5119000 11.8024 8.96843 16.8003 37.5712
5120000 11.5046 9.08321 17.4621 38.0499
5121000 11.7635 9.50171 17.4362 38.7014
5122000 11.9027 9.79085 17.3931 39.0866
5123000 11.9412 9.91264 16.552 38.4058
5124000 11.9547 9.87911 16.2743 38.1081
5125000 11.9273 10.4382 16.1541 38.5196
5126000 11.573 10.4732 16.2236 38.2698
5127000 11.9428 10.8087 15.6559 38.4075
5128000 12.9109 11.159 16.5287 40.5986
5129000 13.1724 11.0722 16.6789 40.9235
5130000 13.1494 11.0198 15.6516 39.8209
5131000 13.1061 10.186 16.0504 39.3425
5132000 13.3734 10.0133 15.4258 38.8124
5133000 13.5685 10.491 15.135 39.1945
5134000 13.9265 10.0845 15.3388 39.3499
5135000 14.3653 10.179 15.5437 40.088
5136000 14.8972 9.80818 16.779 41.4844
5137000 14.7461 9.26199 17.2222 41.2302
5138000 14.4267 9.0249 17.423 40.8747
5139000 14.3201 9.20037 17.9746 41.495
5140000 13.9924 9.93781 19.0656 42.9958
5141000 13.1452 9.92396 17.9503 41.0195
5142000 12.9882 9.44996 17.1567 39.5949
5143000 13.4416 9.33837 17.1288 39.9088
5144000 13.8729 9.17126 16.2949 39.3391
5145000 13.7863 8.64635 15.8008 38.2335
5146000 13.2788 8.4383 15.3442 37.0612
5147000 13.0058 8.01878 15.8888 36.9133
5148000 13.3086 7.37241 16.3884 37.0694
5149000 13.1013 7.18877 16.623 36.9131
5150000 12.476 6.96162 16.2366 35.6743
5151000 12.8009 6.78502 16.9807 36.5666
5152000 13.2782 6.79755 16.36 36.4358
5153000 14.3717 7.05017 15.3372 36.7591
5154000 14.152 7.31958 14.0305 35.502
5155000 13.3866 7.83382 14.0759 35.2963
5156000 12.6955 7.4797 13.7276 33.9028
5157000 13.051 7.46585 13.0279 33.5447
5158000 13.9796 7.43013 12.7106 34.1203
5159000 13.581 8.08155 12.9415 34.604
5160000 14.3733 8.40202 12.3886 35.1639
5161000 14.2388 7.85502 12.1614 34.2552
5162000 14.0177 8.20528 13.061 35.284
5163000 13.3986 8.22594 13.4071 35.0316
5164000 13.2994 8.16903 13.259 34.7274
5165000 14.2352 8.113 12.8601 35.2083
5166000 14.7357 8.05735 11.9665 34.7596
5167000 14.6346 8.69886 12.3007 35.6342
5168000 14.052 8.99817 12.8959 35.9461
5169000 13.9469 9.00984 12.2916 35.2483
5170000 14.3491 9.51778 12.3244 36.1913
5171000 14.5832 9.16789 13.1571 36.9081
5172000 15.4978 8.78929 13.0077 37.2948
5173000 15.1444 8.85905 12.5952 36.5987
5174000 14.3088 9.1877 12.9763 36.4728
5175000 12.9588 9.5552 12.4339 34.9479
5176000 12.5902 9.65959 12.27 34.5198
5177000 12.2204 10.5775 12.9739 35.7718
5178000 11.4229 10.6503 12.6638 34.7369
5179000 10.7141 10.1134 12.4969 33.3244
5180000 11.0243 10.0909 12.5903 33.7055
5181000 11.3984 9.78773 11.8752 33.0613
5182000 12.1055 9.60478 11.8227 33.533
5183000 12.6258 9.93024 11.1356 33.6916
5184000 13.1163 9.63255 10.7517 33.5005
5185000 13.8322 9.5686 11.1696 34.5704
5186000 14.1046 9.53229 11.7894 35.4262
5187000 14.5176 9.44258 11.708 35.6682
5188000 14.5707 10.0552 11.5696 36.1955
5189000 15.1734 10.0628 11.6469 36.8831
5190000 15.8257 9.71684 11.6905 37.2331
5191000 16.2331 9.48877 12.376 38.0979
5192000 16.9356 8.90789 12.6034 38.4469
5193000 17.4145 8.89895 11.9676 38.2811
5194000 17.1529 9.24847 12.365 38.7664
5195000 17.2982 9.24977 12.9269 39.4749
5196000 17.7519 9.02279 13.3091 40.0838
5197000 18.8915 9.4971 12.9274 41.3159
5198000 18.3568 9.49927 13.6617 41.5178
5199000 16.7415 9.35119 13.528 39.6207
5200000 17.4976 9.97539 13.1692 40.6422
5201000 18.0894 10.7362 13.7557 42.5814
5202000 18.8216 10.9393 14.3147 44.0755
5203000 19.2507 11.467 14.2754 44.993
5204000 19.647 11.6815 14.2698 45.5983
5205000 20.3718 10.7704 14.1273 45.2695
5206000 19.8462 9.78676 14.0447 43.6776
5207000 18.5342 10.045 15.1692 43.7483
5208000 18.331 10.248 15.0475 43.6265
5209000 18.9012 9.93964 15.705 44.5458
5210000 19.8032 9.78979 16.1262 45.7191
5211000 20.9586 9.70757 15.3768 46.043
5212000 22.1532 10.6295 14.6581 47.4408
5213000 22.072 10.0155 13.6405 45.728
5214000 22.4539 10.0274 13.5563 46.0376
5215000 23.2409 10.5837 13.1499 46.9745
5216000 24.2153 10.9384 12.5206 47.6743
5217000 24.1422 10.9204 12.2729 47.3354
5218000 24.1231 11.2041 13.0041 48.3313
5219000 22.9389 11.8078 13.0648 47.8115
5220000 21.7296 11.774 12.4806 45.9842
5221000 21.3915 12.782 12.4806 46.654
5222000 20.6699 13.1504 12.9844 46.8047
5223000 20.2461 12.8858 12.6873 45.8192
5224000 19.5789 12.3688 12.9055 44.8532
5225000 18.9177 11.9186 13.1934 44.0297
5226000 19.6554 11.6358 14.1239 45.4151
5227000 19.9003 10.6476 15.1631 45.7111
5228000 19.0226 10.7287 14.636 44.3873
5229000 18.6811 10.6608 14.0324 43.3743
5230000 18.7461 10.5584 14.1551 43.4595
5231000 19.1204 10.7694 14.4379 44.3277
5232000 18.929 11.3367 14.4375 44.7032
5233000 18.4792 11.358 14.2445 44.0816
5234000 19.3819 10.9522 13.9316 44.2657
5235000 20.4748 10.8977 14.4189 45.7914
5236000 21.1308 11.0658 14.774 46.9707
5237000 21.7298 10.8274 15.3296 47.8867
5238000 20.8482 10.6861 14.7718 46.306
5239000 19.0042 10.4917 14.5668 44.0627
5240000 20.1945 10.3944 14.5975 45.1864
5241000 20.7924 10.2586 14.8019 45.8528
5242000 19.2762 10.1304 15.2877 44.6944
5243000 19.4361 9.44065 14.6437 43.5204
5244000 20.5317 9.48314 13.4193 43.4341
5245000 21.314 9.65738 12.9353 43.9067
5246000 20.7059 10.021 13.5231 44.25
5247000 20.3094 10.9427 14.4635 45.7157
5248000 19.7025 11.101 15.0147 45.8182
5249000 18.9881 10.6387 15.483 45.1097
5250000 19.1149 10.5954 16.697 46.4073
5251000 18.6629 10.6836 17.6376 46.9841
5252000 19.5148 11.3964 17.2182 48.1294
5253000 19.8086 11.45 17.8435 49.1021
5254000 20.8616 11.1736 17.7168 49.752
5255000 21.8121 11.5919 17.6511 51.0551
5256000 21.8696 11.698 18.3328 51.9004
5257000 21.6223 11.8343 17.5113 50.9679
5258000 21.0691 10.9883 17.517 49.5745
5259000 20.8118 11.0841 18.7571 50.6531
5260000 20.5557 10.7802 18.3317 49.6677
5261000 21.0228 11.0702 18.1384 50.2314
5262000 21.3804 11.7029 18.1587 51.242
5263000 20.9994 10.8703 18.7102 50.5799
5264000 20.6801 11.5614 19.3431 51.5847
5265000 20.738 11.5507 20.4196 52.7083
5266000 19.635 12.2294 20.7224 52.5868
5267000 20.6612 11.6748 21.7165 54.0525
5268000 20.7858 11.832 21.923 54.5408
5269000 20.6693 11.4964 22.6506 54.8164
5270000 20.8414 12.1813 23.307 56.3298
5271000 20.5263 13.0701 24.6656 58.262
5272000 20.4397 13.2213 24.47 58.1309
5273000 20.2057 13.0967 25.8758 59.1782
5274000 21.0037 11.9165 26.5762 59.4964
5275000 21.3857 11.1063 26.139 58.6309
5276000 21.0193 11.3426 25.1847 57.5466
5277000 21.0235 10.7127 25.5269 57.2631
5278000 21.1703 10.4065 26.0237 57.6005
5279000 20.2922 10.08 25.6989 56.071
5280000 20.428 10.43 25.6065 56.4645
5281000 20.4688 10.4112 26.1943 57.0742
5282000 20.4954 10.6527 25.9072 57.0552
5283000 20.7275 11.1012 24.7691 56.5977
5284000 20.7506 10.5341 24.5287 55.8134
5285000 21.3544 10.7402 24.1445 56.2391
5286000 20.3109 10.3622 24.096 54.769
5287000 20.165 9.9404 24.4905 54.5959
5288000 19.2556 9.80405 23.8638 52.9235
5289000 19.0791 9.7761 23.4626 52.3178
5290000 18.3606 10.5439 24.6972 53.6017
5291000 18.8181 10.7737 23.7694 53.3612
5292000 18.4742 9.88182 23.4487 51.8047
5293000 18.3877 9.149 23.8932 51.4299
5294000 18.826 9.29537 23.8308 51.9521
5295000 19.105 9.14635 23.1149 51.3663
5296000 19.24 8.95212 23.2005 51.3926
5297000 19.1046 8.83719 22.1344 50.0762
5298000 19.5003 9.37154 21.8403 50.7122
5299000 19.2435 9.29251 21.7828 50.3189
5300000 19.0054 9.3982 22.959 51.3625
5301000 17.3829 9.12385 22.7451 49.2518
5302000 16.7366 9.59305 21.7692 48.0988
5303000 15.8785 9.04071 22.1525 47.0717
5304000 15.9129 8.70575 21.3245 45.9432
5305000 16.45 8.90485 21.5956 46.9505
5306000 17.4208 9.15248 20.687 47.2603
5307000 18.2947 9.06124 19.952 47.308
5308000 17.4787 9.10357 20.1328 46.7151
5309000 17.4315 9.16194 19.8796 46.4731
5310000 16.7132 9.17505 19.66 45.5482
5311000 15.875 8.73338 18.6965 43.3048
5312000 15.6668 8.17925 18.8131 42.6592
5313000 15.9136 8.41645 18.9981 43.3281
5314000 16.7466 8.2086 19.4353 44.3905
5315000 17.1979 8.41354 18.8963 44.5077
5316000 17.9704 8.71931 19.0649 45.7546
5317000 18.4714 9.39567 18.569 46.4361
5318000 19.5093 9.87049 18.3948 47.7745
5319000 20.1718 10.1531 19.996 50.3209
5320000 19.5687 10.1882 21.6534 51.4103
5321000 19.7451 10.3367 22.7137 52.7955
5322000 20.5748 10.3085 22.0997 52.983
5323000 22.1572 10.1026 22.2798 54.5396
5324000 22.1384 10.0598 22.7968 54.995
5325000 22.1648 9.82597 23.2851 55.2759
5326000 22.3543 10.2349 23.7761 56.3654
5327000 22.2527 10.5317 25.3414 58.1258
5328000 22.3719 10.6999 25.8211 58.8928
5329000 22.4927 10.5778 25.7223 58.7928
5330000 21.2602 10.6488 26.0724 57.9813
5331000 20.9448 10.7246 26.5863 58.2557
5332000 21.2654 11.4214 27.235 59.9218
5333000 21.0608 11.6576 29.1453 61.8638
5334000 20.4348 11.2398 29.3808 61.0555
5335000 21.5781 11.0476 29.0225 61.6482
5336000 22.233 10.8598 28.6011 61.6939
5337000 21.8477 10.6631 27.3532 59.864
5338000 20.5394 10.934 27.2861 58.7595
5339000 19.9047 11.128 26.2301 57.2628
5340000 20.3754 10.8232 24.8976 56.0962
5341000 19.9638 10.7058 24.8446 55.5142
5342000 20.0937 10.9667 26.2911 57.3515
5343000 19.6531 11.9285 27.801 59.3826
5344000 19.7209 11.8861 28.0353 59.6423
5345000 19.2212 12.3884 27.7993 59.4088
5346000 19.4508 12.2506 28.4094 60.1108
5347000 19.827 12.205 28.3129 60.3449
5348000 20.3237 13.0932 28.4296 61.8464
5349000 21.0683 13.3658 29.397 63.8311
5350000 20.8621 13.0924 28.4229 62.3774
5351000 20.2543 12.7215 28.8562 61.8319
5352000 20.3765 13.2091 27.7503 61.3359
5353000 20.3552 12.6385 26.419 59.4127
5354000 20.6897 12.5182 26.266 59.4739
5355000 19.9816 12.7828 26.3633 59.1278
5356000 19.5585 12.5168 26.0989 58.1743
5357000 19.243 12.2622 26.1109 57.6161
5358000 20.0694 12.2796 25.6608 58.0099
5359000 20.9392 11.7369 25.1384 57.8145
5360000 21.0478 12.0506 25.1113 58.2097
5361000 20.6335 12.0516 26.4093 59.0943
5362000 20.3434 12.1863 27.7413 60.2709
5363000 19.5056 11.9966 29.1545 60.6567
5364000 20.2356 12.7027 29.4273 62.3656
5365000 20.5818 13.7063 28.9851 63.2732
5366000 21.4266 13.7411 29.3855 64.5533
5367000 21.4818 15.1352 30.2494 66.8664
5368000 20.9503 15.067 30.6638 66.6811
5369000 20.0972 15.2856 29.704 65.0867
5370000 21.6481 15.2288 27.965 64.8418
5371000 21.2616 15.0243 26.9312 63.2172
5372000 20.717 15.0567 27.6767 63.4503
5373000 21.7452 15.6931 29.3225 66.7608
5374000 21.0386 16.2941 29.4134 66.7462
5375000 21.1781 16.0583 30.3708 67.6071
5376000 21.9079 15.7775 30.422 68.1074
5377000 21.6109 15.1174 30.1034 66.8317
5378000 21.0584 15.0043 30.9883 67.051
5379000 21.8536 15.6021 31.7931 69.2489
5380000 22.7362 15.3038 32.2954 70.3353
5381000 24.1986 15.4296 30.9244 70.5526
5382000 25.3175 14.9433 29.2224 69.4831
5383000 25.9114 13.8072 29.8832 69.6019
5384000 26.2248 13.0314 30.4821 69.7382
5385000 25.33 13.1472 30.3789 68.8561
5386000 25.2851 12.772 28.9987 67.0558
5387000 25.7498 12.1346 27.8526 65.737
5388000 25.7286 12.5111 27.4272 65.6669
5389000 25.7474 12.5468 27.3309 65.6251
5390000 25.0812 12.0081 28.46 65.5492
5391000 24.409 11.8462 28.434 64.6893
5392000 23.7189 11.2236 29.3877 64.3303
5393000 23.9297 11.3092 29.0609 64.2998
5394000 24.0908 10.7184 28.6584 63.4675
5395000 23.7622 10.356 28.5041 62.6223
5396000 23.2509 11.3566 27.0593 61.6669
5397000 23.4717 11.8879 27.5536 62.9132
5398000 22.7413 11.8872 27.4761 62.1045
5399000 23.5918 11.3558 27.499 62.4466
5400000 24.6579 11.6575 28.4746 64.7901
5401000 23.9097 12.0544 29.6279 65.592
5402000 22.788 12.0888 29.2686 64.1454
5403000 21.5655 11.9169 29.6146 63.097
5404000 20.702 12.0633 30.0756 62.8409
5405000 20.8462 12.2644 29.5739 62.6845
5406000 20.9765 12.5191 29.9105 63.4062
5407000 20.6921 13.2337 29.4373 63.3631
5408000 19.4443 12.9782 28.7871 61.2096
5409000 19.1911 12.5867 28.7485 60.5262
5410000 19.5858 12.0119 30.7098 62.3075
5411000 19.6844 11.789 31.9077 63.3811
5412000 19.4068 12.0375 32.5332 63.9775
5413000 18.6457 12.1578 32.5376 63.3412
5414000 19.6014 12.2927 32.8181 64.7122
5415000 20.6368 12.3828 35.8063 68.8258
5416000 20.6169 12.5736 36.1878 69.3783
5417000 20.0075 12.8372 36.8337 69.6784
5418000 20.4895 12.9732 35.8784 69.3411
5419000 19.482 13.7596 36.1975 69.4391
5420000 19.939 14.9139 35.5258 70.3787
5421000 21.1255 16.1388 35.4078 72.6721
5422000 22.0553 16.1159 35.4151 73.5863
5423000 21.4927 16.2156 34.9568 72.6651
5424000 20.7268 15.7831 36.5191 73.029
5425000 20.5017 15.9656 36.8268 73.2942
5426000 20.0484 15.8497 36.4392 72.3373
5427000 20.6359 15.57 36.3992 72.6051
5428000 20.9599 15.1292 35.8143 71.9034
5429000 20.9881 15.0868 35.9631 72.0381
5430000 19.8832 13.9835 35.541 69.4078
5431000 19.5841 14.2134 36.0816 69.8791
5432000 20.1494 15.3558 35.6121 71.1173
5433000 21.7276 15.1046 34.4799 71.3121
5434000 21.6592 15.1496 33.4596 70.2684
5435000 20.7081 15.146 34.0067 69.8608
5436000 19.9569 15.4547 33.7097 69.1212
5437000 19.5752 15.2259 33.7856 68.5866
5438000 19.2474 15.0907 33.6844 68.0225
5439000 19.421 15.2241 32.7451 67.3902
5440000 20.0191 15.0058 34.1073 69.1322
5441000 19.8424 14.8918 34.401 69.1352
5442000 20.1698 15.1575 35.2756 70.6028
5443000 20.3759 16.0147 37.5424 73.933
5444000 19.8943 16.1595 36.5168 72.5706
5445000 19.864 15.4385 35.9577 71.2603
5446000 20.2065 15.1944 34.9583 70.3593
5447000 19.7209 13.98 34.7025 68.4033
5448000 18.118 14.3181 35.1991 67.6352
5449000 17.2769 14.0594 33.9307 65.2669
5450000 17.4874 13.8955 32.0635 63.4463
5451000 17.8281 14.0588 31.9679 63.8548
5452000 17.9286 13.6371 33.5992 65.1648
5453000 19.4051 13.7746 35.0125 68.1922
5454000 19.2937 14.3073 35.7208 69.3217
5455000 19.409 13.574 37.2431 70.226
5456000 18.9239 13.3634 37.3463 69.6336
5457000 18.8938 14.1798 36.7474 69.821
5458000 19.0473 14.0987 36.9598 70.1057
5459000 18.344 14.8073 36.2318 69.3831
5460000 18.8691 15.4194 36.5257 70.8141
5461000 18.8779 14.6884 37.6075 71.1739
5462000 18.8443 14.4777 38.6087 71.9307
5463000 18.9698 15.2857 39.7205 73.976
5464000 19.2922 15.3674 39.4947 74.1543
5465000 19.6562 15.5483 41.293 76.4975
5466000 18.9085 16.6669 40.1312 75.7066
5467000 17.905 16.3187 40.6897 74.9134
5468000 18.372 15.8388 43.337 77.5478
5469000 18.768 16.1475 44.292 79.2076
5470000 19.6215 15.5749 43.4157 78.6121
5471000 19.5964 15.4463 43.3647 78.4074
5472000 20.5586 15.7025 45.5129 81.774
5473000 21.5218 15.7891 46.887 84.1979
5474000 22.6706 15.3149 47.0405 85.026
5475000 22.7249 15.2048 45.1761 83.1058
5476000 22.2503 14.8326 43.423 80.5059
5477000 22.9365 15.0709 41.5136 79.521
5478000 22.3295 14.8969 41.8016 79.0281
5479000 22.1234 15.3389 41.7367 79.1991
5480000 21.2257 16.2403 42.3741 79.8401
5481000 20.9466 17.4954 41.3704 79.8125
5482000 21.243 17.4542 41.4886 80.1858
5483000 21.1985 18.7969 41.6509 81.6463
5484000 21.96 20.4673 41.4152 83.8425
5485000 23.6004 21.2683 43.0562 87.925
5486000 25.0327 21.344 45.5888 91.9654
5487000 24.3005 21.0189 46.7968 92.1163
5488000 24.1471 21.4739 47.9129 93.5339
5489000 24.1662 22.0691 49.5289 95.7642
5490000 23.8793 23.906 49.2665 97.0519
5491000 23.6869 25.7029 49.3 98.6898
5492000 23.7153 26.3578 49.9177 99.9908
5493000 23.525 25.9701 50.6541 100.149
5494000 23.3572 25.4391 51.8932 100.689
5495000 23.5276 25.0265 54.2008 102.755
5496000 23.4758 24.5523 55.1636 103.192
5497000 23.3174 24.9186 56.5038 104.74
5498000 22.2924 25.7691 55.1966 103.258
5499000 22.527 25.888 53.8863 102.301
5500000 22.9975 26.3822 55.0938 104.473
5501000 23.0037 27.1348 53.8994 104.038
5502000 23.117 27.2495 52.1922 102.559
5503000 23.156 27.9746 52.0033 103.134
5504000 23.3385 28.6991 52.7828 104.82
5505000 24.4768 28.9461 55.4675 108.89
5506000 24.7891 29.205 57.2618 111.256
5507000 24.7569 29.8593 57.1619 111.778
5508000 24.3949 28.7484 58.702 111.845
5509000 25.2623 28.1872 58.7574 112.207
5510000 25.2554 29.2904 59.5451 114.091
5511000 25.9627 29.9166 59.2968 115.176
5512000 26.7696 30.6645 60.4641 117.898
5513000 26.2574 28.9927 60.7461 115.996
5514000 26.6037 28.3543 60.9976 115.956
5515000 25.7726 27.9437 58.9468 112.663
5516000 25.2927 28.0487 56.763 110.104
5517000 24.536 28.9796 55.341 108.857
5518000 23.7301 29.6075 55.8629 109.201
5519000 23.6452 30.7674 57.6705 112.083
5520000 24.2394 31.2276 59.6291 115.096
5521000 24.3766 31.8454 57.8773 114.099
5522000 24.4786 32.1937 55.7588 112.431
5523000 25.7054 32.5502 56.1912 114.447
5524000 27.1812 31.0659 55.7844 114.031
5525000 27.2974 30.7836 54.9766 113.058
5526000 26.903 30.5423 54.377 111.822
5527000 27.8807 28.9077 55.8115 112.6
5528000 28.8214 29.2043 54.6463 112.672
5529000 29.3658 29.3243 55.2238 113.914
5530000 28.6945 29.9979 54.3078 113
5531000 28.3881 30.3085 54.7794 113.476
5532000 28.0542 30.4572 56.6655 115.177
5533000 28.8241 29.902 54.732 113.458
5534000 28.9475 29.7024 53.514 112.164
5535000 27.8535 31.7366 55.8869 115.477
5536000 26.4485 32.7079 54.8886 114.045
5537000 27.3346 31.8355 55.3801 114.55
5538000 27.824 31.5653 55.9984 115.388
5539000 27.8272 32.2703 56.3643 116.462
5540000 28.0101 33.0185 57.1359 118.165
5541000 27.6261 35.2963 58.7001 121.623
5542000 28.2139 36.7658 57.6018 122.582
5543000 28.4362 36.3596 58.9668 123.763
5544000 28.5454 34.3998 57.3746 120.32
5545000 28.943 33.0747 54.9398 116.958
5546000 31.2637 32.8417 55.9833 120.089
5547000 32.9375 33.246 55.5105 121.694
5548000 32.9153 33.8706 54.2465 121.033
5549000 34.3696 34.5706 56.0599 125
5550000 34.1118 35.7469 58.0782 127.937
5551000 34.4938 35.5268 61.0522 131.073
5552000 34.2789 33.9378 60.8505 129.067
5553000 34.2662 33.0852 58.4999 125.851
5554000 34.052 33.085 57.84 124.977
5555000 33.6802 33.0571 58.4099 125.147
5556000 32.4945 32.5191 58.2559 123.27
5557000 33.1398 32.8537 56.1576 122.151
5558000 31.9949 33.0227 56.3594 121.377
5559000 31.2848 31.387 56.4915 119.163
5560000 30.544 30.4011 56.4241 117.369
5561000 30.1865 29.7171 53.7964 113.7
5562000 29.4792 30.3125 52.116 111.908
5563000 29.6657 30.5686 54.1963 114.431
5564000 28.6605 30.7862 54.7618 114.208
5565000 28.371 31.7366 54.8178 114.925
5566000 29.3825 30.4863 52.6285 112.497
5567000 29.8504 30.6755 53.3573 113.883
5568000 31.0547 29.5394 53.635 114.229
5569000 30.6283 29.694 53.9089 114.231
5570000 30.9982 30.8636 52.1845 114.046
5571000 31.1721 30.3936 50.4862 112.052
5572000 30.7689 31.1027 51.1699 113.041
5573000 31.0469 31.3131 52.3991 114.759
5574000 32.1932 30.6838 53.7753 116.652
5575000 32.2688 30.0782 55.083 117.43
5576000 31.3405 30.9861 55.8427 118.169
5577000 32.5118 31.6061 54.0648 118.183
5578000 32.591 31.1004 54.8965 118.588
5579000 33.652 30.7828 55.1479 119.583
5580000 32.8071 31.5006 57.3987 121.706
5581000 31.4607 32.0206 57.5589 121.04
5582000 30.0622 31.3385 57.3061 118.707
5583000 29.64 31.3929 56.3013 117.334
5584000 29.3031 30.9644 55.7588 116.026
5585000 29.209 30.71 55.3988 115.318
5586000 29.261 31.3646 56.1825 116.808
5587000 29.4774 32.3582 58.5683 120.404
5588000 31.1807 32.1094 57.1288 120.419
5589000 30.6321 30.8136 55.4511 116.897
5590000 29.6374 30.5792 54.2954 114.512
5591000 29.0237 30.1668 53.4836 112.674
5592000 28.6471 30.5657 53.0043 112.217
5593000 27.6608 30.3173 53.1584 111.137
5594000 28.7848 29.8649 53.0218 111.672
5595000 28.8456 29.6277 53.7124 112.186
5596000 29.5798 29.4801 53.4028 112.463
5597000 30.04 28.9072 53.23 112.177
5598000 30.3975 27.964 53.1868 111.548
5599000 30.7611 26.0866 53.1031 109.951
5600000 31.246 25.9216 52.2373 109.405
5601000 31.2735 26.8986 51.1108 109.283
5602000 32.0783 27.3134 50.7191 110.111
5603000 32.9431 26.999 51.023 110.965
5604000 33.3005 26.471 52.5092 112.281
5605000 33.2739 26.193 52.482 111.949
5606000 32.7176 26.3239 50.2669 109.308
5607000 32.6204 26.3729 49.5989 108.592
5608000 32.3383 26.4072 49.1544 107.9
5609000 32.1876 27.1943 49.8088 109.191
5610000 33.1014 28.0066 50.9407 112.049
5611000 32.6721 28.7436 50.5191 111.935
5612000 31.8667 28.923 51.7574 112.547
5613000 29.9496 29.8101 51.2013 110.961
5614000 29.6722 29.5581 49.595 108.825
5615000 29.84 29.3893 48.1077 107.337
5616000 29.466 29.3175 47.8878 106.671
5617000 29.7135 30.1832 47.0289 106.926
5618000 30.5266 30.4415 48.2259 109.194
5619000 30.6019 31.1953 51.0873 112.884
5620000 31.5133 32.6678 51.3666 115.548
5621000 33.461 33.0047 52.0404 118.506
5622000 34.0079 32.3565 51.841 118.205
5623000 32.4062 31.9341 53.0208 117.361
5624000 33.4478 32.1044 52.5353 118.087
5625000 32.2367 32.7276 51.3227 116.287
5626000 31.7525 32.1482 51.9867 115.887
5627000 32.3858 31.9687 51.1028 115.457
5628000 32.9763 30.3579 50.6461 113.98
5629000 34.7338 30.9735 51.0679 116.775
5630000 35.1964 31.942 52.5308 119.669
5631000 35.9111 32.6217 53.826 122.359
5632000 36.1612 32.8732 53.8155 122.85
5633000 34.4115 33.4004 54.878 122.69
5634000 34.3289 33.1747 56.303 123.807
5635000 36.9629 32.7844 54.9246 124.672
5636000 36.9533 32.4385 56.138 125.53
5637000 35.5613 31.3609 54.3881 121.31
5638000 35.2716 31.9226 54.7097 121.904
5639000 35.953 32.4177 56.2876 124.658
5640000 37.4792 32.9406 55.5381 125.958
5641000 37.3054 32.3547 55.6319 125.292
5642000 38.1025 32.4992 56.8548 127.456
5643000 39.5452 33.4808 57.0532 130.079
5644000 38.8532 34.1752 57.3731 130.401
5645000 38.4799 34.3735 58.6716 131.525
5646000 38.8909 33.68 59.8547 132.426
5647000 39.2072 33.5318 62.5474 135.286
5648000 39.8982 33.1039 62.8497 135.852
5649000 39.3513 34.8102 63.1754 137.337
5650000 39.37 35.6193 62.4252 137.414
5651000 38.9934 34.18 60.9943 134.168
5652000 39.5861 33.0945 60.8133 133.494
5653000 40.1103 31.6441 61.7901 133.544
5654000 39.4433 30.3839 62.0947 131.922
5655000 39.1067 29.6823 62.4264 131.215
5656000 37.2804 30.184 62.2014 129.666
5657000 35.9618 29.7943 62.0449 127.801
5658000 37.193 29.4572 62.2068 128.857
5659000 38.2788 30.5072 61.3591 130.145
5660000 39.9447 32.1194 62.7366 134.801
5661000 38.5956 31.9124 61.6729 132.181
5662000 39.121 31.3145 61.6848 132.12
5663000 39.7104 31.4963 61.3765 132.583
5664000 41.3654 31.6803 62.4765 135.522
5665000 41.8625 32.3084 65.164 139.335
5666000 40.4427 31.3771 65.5336 137.353
5667000 39.4747 29.9438 65.2194 134.638
5668000 39.06 27.9618 66.3665 133.388
5669000 40.112 27.463 67.2269 134.802
5670000 40.9515 28.0104 67.577 136.539
5671000 42.2057 27.75 69.4169 139.373
5672000 43.6332 27.8366 68.4493 139.919
5673000 43.2886 27.5477 67.1066 137.943
5674000 44.0365 27.6089 65.3446 136.99
5675000 46.374 26.7993 66.9559 140.129
5676000 46.3001 26.8733 69.2852 142.459
5677000 45.8537 26.8224 71.079 143.755
5678000 46.0797 26.8952 72.5383 145.513
5679000 47.0707 27.7406 75.1578 149.969
5680000 47.7649 27.0593 74.6277 149.452
5681000 47.9434 26.5546 72.5762 147.074
5682000 48.1477 26.2667 71.6663 146.081
5683000 46.8621 26.5744 71.2194 144.656
5684000 47.3219 26.334 72.2534 145.909
5685000 45.5531 25.5352 72.3318 143.42
5686000 44.6142 25.4897 73.3501 143.454
5687000 42.0424 25.8413 73.6381 141.522
5688000 41.4375 25.4391 73.8213 140.698
5689000 41.2884 26.0817 73.8548 141.225
5690000 40.1161 25.5228 73.2622 138.901
5691000 40.1343 25.3362 71.3206 136.791
5692000 39.3208 24.9942 71.506 135.821
5693000 37.5899 25.7532 72.6407 135.984
5694000 37.0337 26.8549 74.69 138.579
5695000 37.5442 27.1675 73.6384 138.35
5696000 38.3467 27.4495 71.668 137.464
5697000 37.939 28.0942 69.876 135.909
5698000 38.0087 28.0509 68.5073 134.567
5699000 38.7973 27.9959 69.2959 136.089
5700000 40.156 27.4488 69.5156 137.12
5701000 41.0211 27.8756 70.0175 138.914
5702000 41.7197 27.6631 70.8199 140.203
5703000 40.9749 28.3784 70.8211 140.174
5704000 40.0176 28.8958 72.1264 141.04
5705000 38.5335 28.4744 72.0726 139.08
5706000 38.4122 28.3862 73.4927 140.291
5707000 38.8462 27.1523 73.768 139.767
5708000 39.189 27.0486 76.0418 142.279
5709000 38.7975 26.507 76.8335 142.138
5710000 37.0121 26.1681 76.5721 139.752
5711000 36.9808 25.307 76.8203 139.108
5712000 37.4549 24.6417 76.5766 138.673
5713000 38.7877 25.5072 78.2743 142.569
5714000 38.5535 26.6368 77.0167 142.207
5715000 39.369 27.3585 77.1449 143.872
5716000 40.2049 27.6786 76.3554 144.239
5717000 40.3427 27.5893 74.2419 142.174
5718000 39.8175 26.9606 75.7407 142.519
5719000 39.5824 27.3832 74.6324 141.598
5720000 40.0498 27.0072 73.8119 140.869
5721000 40.7114 26.9032 74.7345 142.349
5722000 40.4565 26.5124 75.2906 142.259
5723000 40.5274 26.4873 77.9272 144.942
5724000 42.047 26.7317 78.2488 147.027
5725000 43.0266 26.6278 75.6221 145.277
5726000 43.3467 27.1008 74.8276 145.275
5727000 41.8973 27.2873 72.0242 141.209
5728000 39.2985 26.7979 70.4402 136.537
5729000 37.6896 28.1081 70.5287 136.326
5730000 37.7402 29.5947 69.0325 136.367
5731000 37.1308 29.6876 68.387 135.205
5732000 38.0399 29.0328 69.6731 136.746
5733000 38.8692 29.2678 71.0265 139.164
5734000 38.8558 28.3884 72.7607 140.005
5735000 37.1276 27.5969 72.5196 137.244
5736000 36.472 26.5368 71.8419 134.851
5737000 37.3105 25.3373 69.7241 132.372
5738000 35.9379 26.9486 69.4821 132.369
5739000 35.7797 28.3692 69.8864 134.035
5740000 34.9422 28.6512 71.2137 134.807
5741000 35.0125 28.9302 73.9105 137.853
5742000 34.908 28.5979 74.7714 138.277
5743000 36.2046 29.0131 77.5243 142.742
5744000 36.2002 28.7984 78.2043 143.203
5745000 36.1201 28.5214 80.8448 145.486
5746000 35.6334 28.9404 83.5237 148.098
5747000 36.0987 29.6963 83.0293 148.824
5748000 36.6373 28.2317 81.9609 146.83
5749000 35.5333 28.339 81.1338 145.006
5750000 34.7632 28.5843 81.0689 144.416
5751000 34.2371 27.8039 80.4067 142.448
5752000 32.8041 28.9752 78.9497 140.729
5753000 32.4746 28.9786 78.7804 140.234
5754000 32.7405 29.4826 79.0454 141.269
5755000 31.3663 29.7857 82.2867 143.439
5756000 32.7536 30.1053 84.0349 146.894
5757000 33.0983 30.7404 85.661 149.5
5758000 33.6153 29.9054 86.5515 150.072
5759000 35.0353 29.8954 87.9448 152.875
5760000 35.866 29.109 90.3504 155.325
5761000 34.3414 27.8422 90.7466 152.93
5762000 34.2248 26.5041 89.6269 150.356
5763000 32.6531 26.3221 89.0695 148.045
5764000 32.282 27.0764 87.9378 147.296
5765000 31.7543 27.4523 88.5383 147.745
5766000 31.1953 29.0912 91.0996 151.386
5767000 31.3634 30.0189 90.9119 152.294
5768000 30.1659 30.4967 89.3435 150.006
5769000 29.4728 32.524 90.3237 152.32
5770000 29.4293 32.4869 90.4014 152.318
5771000 30.0713 32.4488 90.2705 152.791
5772000 29.1211 31.5919 92.1737 152.887
5773000 30.5056 31.5876 93.1342 155.227
5774000 30.0617 31.1542 93.6156 154.831
5775000 30.8143 31.237 92.5966 154.648
5776000 31.0275 31.3157 92.094 154.437
5777000 31.0145 31.4658 92.2874 154.768
5778000 31.7741 31.2539 92.7392 155.767
5779000 32.3946 32.2799 91.7507 156.425
5780000 32.4229 32.2907 91.7796 156.493
5781000 31.9415 31.7323 90.7141 154.388
5782000 32.2819 32.0671 89.9936 154.343
5783000 31.3881 31.6921 89.4179 152.498
5784000 30.0353 31.7466 90.3548 152.137
5785000 29.7931 32.8812 88.454 151.128
5786000 30.5833 33.7668 88.0823 152.432
5787000 30.5367 34.5055 86.8911 151.933
5788000 29.937 34.6034 85.4651 150.006
5789000 29.4339 38.6611 84.009 152.104
5790000 29.4052 40.2717 86.3664 156.043
5791000 29.5963 41.2328 86.5577 157.387
5792000 30.3449 40.1564 86.0594 156.561
5793000 31.5243 39.6843 84.4666 155.675
5794000 30.7659 39.0442 83.9563 153.766
5795000 29.9711 38.692 84.1217 152.785
5796000 29.6735 40.5869 84.0204 154.281
5797000 29.2451 41.342 84.9534 155.54
5798000 29.0192 42.846 86.3987 158.264
5799000 29.6743 43.8839 85.7051 159.263
5800000 30.2684 43.6576 87.8977 161.824
5801000 31.2805 42.0656 90.864 164.21
5802000 30.9187 41.2469 90.2526 162.418
5803000 31.0651 39.8162 87.7929 158.674
5804000 31.1211 38.395 87.3292 156.845
5805000 31.5054 38.9012 87.9614 158.368
5806000 31.2938 40.1742 87.6138 159.082
5807000 32.7471 39.8874 87.5895 160.224
5808000 34.6024 39.8748 85.9347 160.412
5809000 34.6692 39.8512 86.1656 160.686
5810000 34.8872 38.428 85.9745 159.29
5811000 35.8892 38.0793 86.1976 160.166
5812000 35.6931 40.0523 88.9245 164.67
5813000 34.8868 39.5804 92.0415 166.509
5814000 35.7155 38.7166 91.9817 166.414
5815000 35.2862 37.7864 90.6916 163.764
5816000 35.6068 38.4193 90.7985 164.825
5817000 36.4827 36.9395 91.7642 165.186
5818000 36.8886 35.7027 94.3707 166.962
5819000 35.769 36.5477 93.1521 165.469
5820000 35.8554 35.8449 94.1155 165.816
5821000 35.9001 36.0454 92.2336 164.179
5822000 36.6809 36.7823 92.1806 165.644
5823000 35.7742 37.4741 91.4356 164.684
5824000 35.042 37.539 90.195 162.776
5825000 34.7142 37.4272 88.9682 161.11
5826000 34.9088 37.9921 86.8547 159.756
5827000 35.4024 38.117 85.2593 158.779
5828000 35.5966 40.3455 82.5273 158.469
5829000 34.767 39.8859 79.5346 154.188
5830000 34.616 39.7006 76.9151 151.232
5831000 35.1105 40.1654 76.28 151.556
5832000 34.7247 41.1214 75.7526 151.599
5833000 35.0703 40.2808 75.6369 150.988
5834000 35.6381 39.5999 76.5007 151.739
5835000 34.9194 39.4416 76.2387 150.6
5836000 36.081 39.2463 74.7888 150.116
5837000 36.7785 40.2232 74.7056 151.707
5838000 36.4215 40.8268 74.6881 151.936
5839000 35.9995 39.7137 72.8015 148.515
5840000 35.3237 39.927 71.6979 146.949
5841000 35.4684 39.7506 72.2084 147.427
5842000 34.8027 39.8638 73.887 148.554
5843000 35.2676 39.3358 73.0489 147.652
5844000 35.7426 38.8345 75.187 149.764
5845000 36.4729 39.8044 75.7349 152.012
5846000 36.4193 41.1677 75.589 153.176
5847000 36.2387 41.937 74.6962 152.872
5848000 36.9038 41.9623 72.8408 151.707
5849000 37.714 42.5298 71.689 151.933
5850000 37.2702 42.1971 71.8301 151.297
5851000 37.0324 42.0206 71.9998 151.053
5852000 37.4574 41.7755 73.1351 152.368
5853000 38.8193 41.5407 74.9162 155.276
5854000 39.358 40.4765 72.051 151.886
5855000 39.1894 39.479 72.474 151.142
5856000 39.5535 39.2506 70.5633 149.367
5857000 39.8935 39.9915 68.8683 148.753
5858000 39.5438 40.3059 67.8932 147.743
5859000 39.4309 39.4989 69.2086 148.138
5860000 38.3123 39.8145 69.9116 148.038
5861000 39.2109 40.2375 71.097 150.545
5862000 38.8867 40.1811 73.6657 152.733
5863000 39.0583 40.5159 71.2007 150.775
5864000 39.0824 39.6953 71.3181 150.096
5865000 39.453 41.4549 70.9706 151.879
5866000 39.3121 42.4895 70.0387 151.84
5867000 39.0683 42.4234 69.0349 150.527
5868000 39.7026 43.2785 68.5504 151.531
5869000 39.7318 42.2275 70.5958 152.555
5870000 39.4027 43.0477 72.4392 154.89
5871000 39.1518 43.947 72.7581 155.857
5872000 40.9168 44.5957 72.2592 157.772
5873000 40.7374 43.2672 73.6365 157.641
5874000 40.8183 42.4346 75.6483 158.901
5875000 42.9408 43.9442 76.3516 163.237
5876000 41.7012 44.4489 77.197 163.347
5877000 39.599 44.8266 80.5707 164.996
5878000 39.3178 44.0243 82.9905 166.333
5879000 39.5495 43.6288 83.0361 166.214
5880000 39.8163 44.2399 82.9569 167.013
5881000 39.466 45.2149 83.1792 167.86
5882000 39.3393 45.4061 84.1799 168.925
5883000 38.3945 45.2872 84.7909 168.473
5884000 37.3535 46.4126 85.4201 169.186
5885000 37.244 46.5546 85.8415 169.64
5886000 36.718 44.6011 85.2634 166.583
5887000 37.6368 43.2825 83.997 164.916
5888000 35.4747 43.7397 84.4374 163.652
5889000 36.034 43.0812 84.1787 163.294
5890000 36.1684 43.1693 83.6989 163.037
5891000 36.5224 43.1211 83.8111 163.455
5892000 36.4018 42.145 82.7668 161.314
5893000 36.2973 41.2278 82.2192 159.744
5894000 35.8938 40.6753 82.0038 158.573
5895000 36.287 40.7647 81.0226 158.074
5896000 37.6313 42.9613 80.4032 160.996
5897000 37.5296 44.3868 80.2924 162.209
5898000 37.999 45.2427 82.3782 165.62
5899000 38.0401 44.7463 85.1259 167.912
5900000 38.0955 45.0489 86.5947 169.739
5901000 39.3691 43.9999 89 172.369
5902000 40.5411 43.7809 88.5134 172.835
5903000 39.3739 43.3502 88.8499 171.574
5904000 37.9358 42.8627 88.9108 169.709
5905000 40.2126 42.0991 89.5384 171.85
5906000 41.8829 42.6022 87.5502 172.035
5907000 40.059 42.2524 85.5293 167.841
5908000 39.71 41.9694 82.6397 164.319
5909000 38.8737 41.7606 83.9046 164.539
5910000 40.9425 42.9907 83.5674 167.501
5911000 40.6999 42.8896 83.085 166.674
5912000 40.6001 41.0559 84.566 166.222
5913000 40.8433 40.0551 86.4252 167.324
5914000 40.1778 39.2309 86.8183 166.227
5915000 39.4484 40.4323 86.6162 166.497
5916000 40.101 41.7392 86.794 168.634
5917000 39.9469 42.4563 87.4021 169.805
5918000 40.0248 42.9397 88.0458 171.01
5919000 39.1585 42.8134 87.5573 169.529
5920000 38.6766 43.1089 87.4725 169.258
5921000 36.9187 42.6306 87.4828 167.032
5922000 38.1894 41.031 85.9956 165.216
5923000 37.809 40.1371 83.6059 161.552
5924000 37.2719 40.3143 83.0508 160.637
5925000 37.9575 41.3175 82.0875 161.363
5926000 37.9243 41.5874 83.1239 162.636
5927000 37.4716 41.0798 83.7595 162.311
5928000 36.1806 42.0232 83.011 161.215
5929000 35.9971 43.5381 84.9508 164.486
5930000 36.7025 43.2421 86.8028 166.747
5931000 37.3533 43.3338 87.3639 168.051
5932000 38.709 42.472 84.2659 165.447
5933000 39.3389 42.2632 85.713 167.315
5934000 39.7145 41.1768 85.9437 166.835
5935000 41.3702 40.2643 86.1864 167.821
5936000 40.8589 40.915 87.2803 169.054
5937000 40.2393 40.6601 86.9883 167.888
5938000 39.8337 42.1483 88.7949 170.777
5939000 40.3698 43.5667 90.8236 174.76
5940000 40.8209 43.2593 92.0934 176.173
5941000 40.1875 43.0327 90.2404 173.461
5942000 39.9942 43.4453 91.5153 174.955
5943000 40.6183 43.4241 91.9413 175.984
5944000 40.058 43.196 90.7041 173.958
5945000 41.4171 44.0437 89.3469 174.808
5946000 41.2312 44.3366 89.2054 174.773
5947000 41.0503 43.7667 86.9012 171.718
5948000 39.7711 45.0631 88.2511 173.085
5949000 38.8487 45.4492 91.1819 175.48
5950000 39.8655 43.7635 93.4856 177.115
5951000 38.9094 44.2334 95.9236 179.066
5952000 37.8725 43.3233 97.2202 178.416
5953000 38.0302 42.5873 96.3786 176.996
5954000 38.1516 41.6048 96.1038 175.86
5955000 37.6756 42.2902 98.9479 178.914
5956000 37.7851 42.36 98.3535 178.499
5957000 37.5341 41.7279 96.8873 176.149
5958000 36.5864 41.8101 94.8184 173.215
5959000 36.6735 42.2619 94.3963 173.332
5960000 36.9666 42.9174 95.0768 174.961
5961000 37.3471 44.7475 94.7326 176.827
5962000 37.1466 46.0459 95.4808 178.673
5963000 38.0976 46.5901 96.1334 180.821
5964000 39.585 47.4246 96.581 183.591
5965000 40.471 47.7321 99.0509 187.254
5966000 40.2934 48.1201 97.5338 185.947
5967000 40.9057 47.7963 97.6491 186.351
5968000 40.9395 46.479 95.7182 183.137
5969000 41.7301 44.3124 92.9225 178.965
5970000 40.9662 44.3292 92.9191 178.214
5971000 39.5897 45.648 91.9653 177.203
5972000 38.2326 45.4441 91.1685 174.845
5973000 37.7899 44.3261 91.0507 173.167
5974000 37.7564 44.971 90.7096 173.437
5975000 38.5258 44.1933 92.4369 175.156
5976000 37.3964 43.3719 93.5818 174.35
5977000 38.033 42.3397 90.5814 170.954
5978000 37.7322 42.7716 91.1235 171.627
5979000 38.3428 42.0707 91.639 172.052
5980000 38.6298 42.2893 91.5258 172.445
5981000 38.9508 40.3939 88.0474 167.392
5982000 38.7899 39.8852 86.0483 164.723
5983000 38.089 39.9727 87.2843 165.346
5984000 38.3145 41.209 87.3658 166.889
5985000 38.0103 41.329 85.695 165.034
5986000 38.9132 41.1832 86.2508 166.347
5987000 37.5036 42.7969 86.6447 166.945
5988000 38.1277 41.6137 86.4822 166.224
5989000 39.1124 39.9346 85.9422 164.989
5990000 39.5169 40.2881 85.5874 165.392
5991000 39.5919 40.1915 88.1329 167.916
5992000 40.2926 39.254 86.1593 165.706
5993000 41.2591 39.2651 87.3857 167.91
5994000 41.0167 39.8462 88.722 169.585
5995000 39.5529 40.0098 90.4707 170.033
5996000 40.3114 40.9047 89.6012 170.817
5997000 40.5743 40.1561 88.116 168.846
5998000 39.3674 40.7668 87.2698 167.404
5999000 39.7009 39.7393 86.719 166.159
6000000 41.164 39.0771 84.876 165.117
6001000 42.1744 39.284 81.3758 162.834
6002000 41.9201 38.6796 80.9447 161.544
6003000 42.6073 38.3946 81.5906 162.592
6004000 42.3427 37.3047 83.4376 163.085
6005000 43.0539 36.1127 82.5178 161.684
6006000 42.6443 35.8227 83.0126 161.48
6007000 42.8746 35.756 83.3026 161.933
6008000 43.4276 35.4823 85.1814 164.091
6009000 43.7281 36.7843 85.3687 165.881
6010000 44.3351 37.3743 83.8631 165.573
6011000 44.0343 38.753 81.2681 164.055
6012000 43.5903 39.4323 78.3858 161.408
6013000 42.7014 39.4243 76.1735 158.299
6014000 41.8785 40.8778 75.209 157.965
6015000 41.6133 40.6172 76.7207 158.951
6016000 41.0319 40.3829 77.2444 158.659
6017000 40.9238 40.9262 75.1952 157.045
6018000 41.02 40.6868 76.1114 157.818
6019000 40.1514 40.6052 76.1379 156.895
6020000 40.5068 41.1926 80.2448 161.944
6021000 41.2423 42.5703 81.473 165.286
6022000 41.9753 44.4053 82.8803 169.261
6023000 43.169 45.288 82.3299 170.787
6024000 43.1056 44.1199 83.1432 170.369
6025000 42.7174 44.2063 85.4749 172.399
6026000 42.8252 44.1798 84.9274 171.932
6027000 42.6288 44.7182 90.0322 177.379
6028000 41.641 46.2844 92.8156 180.741
6029000 42.6187 46.4144 92.7842 181.817
6030000 43.1766 47.3707 91.991 182.538
6031000 44.3994 46.6616 91.6357 182.697
6032000 45.7211 47.9595 89.1819 182.863
6033000 47.0658 46.5978 89.5526 183.216
6034000 46.5433 47.1475 88.5336 182.224
6035000 46.9217 46.5021 88.587 182.011
6036000 47.9072 46.7828 88.3313 183.021
6037000 50.7155 46.5971 87.7819 185.095
6038000 51.4594 46.2755 88.3081 186.043
6039000 49.9975 45.212 89.6322 184.842
6040000 49.1318 47.8563 90.6891 187.677
6041000 48.8595 49.2794 90.4932 188.632
6042000 48.2819 48.1342 90.6396 187.056
6043000 46.8105 47.9842 89.1028 183.898
6044000 45.2284 48.2044 88.8156 182.248
6045000 44.1465 49.0483 88.3504 181.545
6046000 45.3125 48.4607 85.356 179.129
6047000 45.8539 48.0782 83.7413 177.673
6048000 46.1226 48.5856 82.3977 177.106
6049000 46.2688 47.356 83.9254 177.55
6050000 46.8093 47.7911 86.5415 181.142
6051000 48.5009 47.8489 87.7905 184.14
6052000 48.3184 48.2887 87.0256 183.633
6053000 47.8593 49.5152 84.6536 182.028
6054000 47.6544 50.5921 83.1486 181.395
6055000 47.1071 51.4084 84.0868 182.602
6056000 47.6737 50.5287 85.2826 183.485
6057000 49.0374 52.0015 87.4239 188.463
6058000 49.9494 52.3832 87.7686 190.101
6059000 49.8148 51.3344 87.5353 188.684
6060000 50.3127 51.7181 85.8103 187.841
6061000 50.6843 52.2702 83.1139 186.068
6062000 50.7937 50.1478 82.0524 182.994
6063000 52.3041 50.7329 82.9504 185.987
6064000 51.7632 53.8204 83.9342 189.518
6065000 52.4915 56.5412 87.7035 196.736
6066000 50.0879 56.2563 87.0796 193.424
6067000 49.257 56.6587 88.5813 194.497
6068000 48.3016 55.2211 87.6167 191.139
6069000 47.9414 57.2359 89.1735 194.351
6070000 49.6699 58.3682 86.3181 194.356
6071000 50.2275 58.7793 83.7567 192.764
6072000 49.3222 57.7985 81.5291 188.65
6073000 48.6991 59.5345 81.4928 189.726
6074000 47.3457 61.1691 81.4895 190.004
6075000 48.0846 60.9215 80.7233 189.729
6076000 48.9898 60.0217 80.7393 189.751
6077000 48.6486 60.147 80.6562 189.452
6078000 48.8412 59.9876 81.8881 190.717
6079000 49.1487 60.0957 83.2416 192.486
6080000 50.0212 60.1269 85.0523 195.201
6081000 49.9654 61.4742 86.2106 197.65
6082000 50.0605 61.3958 85.0488 196.505
6083000 50.6323 61.4489 82.1568 194.238
6084000 51.2044 60.4353 82.316 193.956
6085000 51.0058 60.6236 80.7613 192.391
6086000 50.3516 60.8365 80.062 191.25
6087000 51.5319 60.7651 78.7613 191.058
6088000 50.6186 62.6836 80.7676 194.07
6089000 51.0094 63.8556 81.3719 196.237
6090000 51.7538 63.0244 81.8001 196.578
6091000 50.7065 62.7387 81.1616 194.607
6092000 51.514 65.0679 78.8328 195.415
6093000 51.4698 64.519 75.1068 191.096
6094000 50.9017 66.5487 73.0891 190.54
6095000 52.5237 66.8954 73.2566 192.676
6096000 52.2982 67.2761 70.9133 190.488
6097000 51.3921 67.732 68.5214 187.646
6098000 51.485 67.4626 68.5355 187.483
6099000 51.6473 64.692 68.0504 184.39
6100000 51.8789 62.6416 67.8188 182.339
6101000 51.9886 63.0575 68.5785 183.625
6102000 52.3178 62.5916 67.9932 182.903
6103000 53.1943 61.0431 66.7567 180.994
6104000 54.1231 60.6447 66.1109 180.879
6105000 54.6827 61.0939 67.6069 183.384
6106000 55.7587 60.0494 67.1775 182.986
6107000 56.2619 57.6689 67.5075 181.438
6108000 56.0446 57.3858 65.4836 178.914
6109000 55.3442 58.8019 63.655 177.801
6110000 56.2253 58.8882 62.6131 177.727
6111000 56.29 58.5875 63.0668 177.944
6112000 55.5172 59.3351 62.2016 177.054
6113000 56.0653 59.7439 61.4006 177.21
6114000 57.1413 61.0134 59.3551 177.51
6115000 57.2198 62.1073 57.3402 176.667
6116000 56.5458 62.3101 57.8195 176.675
6117000 57.5163 63.4123 57.1961 178.125
6118000 56.2232 63.8431 57.4146 177.481
6119000 55.4052 67.0441 56.6523 179.102
6120000 55.8047 66.6713 57.6022 180.078
6121000 56.589 66.31 56.924 179.823
6122000 59.194 66.8356 57.2086 183.238
6123000 60.2142 66.5303 58.0487 184.793
6124000 60.6477 65.9702 59.5715 186.189
6125000 61.9026 66.1066 61.6753 189.685
6126000 61.5234 67.8246 60.2658 189.614
6127000 59.9754 68.1677 59.8044 187.947
6128000 58.9542 70.4953 58.9636 188.413
6129000 58.3606 70.7057 58.5812 187.648
6130000 59.1767 69.4512 58.5217 187.15
6131000 59.0495 69.5605 59.181 187.791
6132000 59.472 68.6737 58.946 187.092
6133000 58.3833 68.0344 59.6244 186.042
6134000 57.6229 69.1051 60.2221 186.95
6135000 58.8988 69.8199 60.5928 189.312
6136000 59.5595 69.7666 59.3434 188.67
6137000 58.5918 70.9397 60.3409 189.872
6138000 59.4732 69.8427 59.7657 189.082
6139000 59.7134 68.392 60.1378 188.243
6140000 61.6469 69.0925 59.7899 190.529
6141000 62.6602 70.057 58.7449 191.462
6142000 63.7109 70.2413 58.788 192.74
6143000 64.0007 72.9142 58.3726 195.288
6144000 64.3946 76.2342 58.8434 199.472
6145000 64.5471 78.5364 58.2803 201.364
6146000 63.2502 77.8684 58.5023 199.621
6147000 63.1029 77.6793 59.9198 200.702
6148000 62.7124 76.1749 60.3975 199.285
6149000 63.7169 76.6178 60.4152 200.75
6150000 62.0945 78.0854 60.715 200.895
6151000 61.8985 75.7992 62.1191 199.817
6152000 61.5313 75.178 62.4544 199.164
6153000 61.9879 74.0506 62.9551 198.994
6154000 63.0172 74.309 63.9576 201.284
6155000 64.9824 75.272 64.1436 204.398
6156000 66.0492 76.5757 64.1049 206.73
6157000 65.1112 76.1519 64.1773 205.44
6158000 65.3993 74.9779 65.7326 206.11
6159000 65.1194 75.7475 68.0308 208.898
6160000 66.3083 75.6028 70.3354 212.247
6161000 67.6586 74.5247 71.7738 213.957
6162000 68.9523 72.2719 72.0772 213.301
6163000 70.4927 70.6597 69.8925 211.045
6164000 70.6698 70.4326 70.1245 211.227
6165000 70.0942 70.9262 70.1964 211.217
6166000 71.1893 71.8422 68.696 211.727
6167000 70.3125 70.4409 69.3811 210.134
6168000 71.1077 69.2131 69.9383 210.259
6169000 70.5981 69.6597 65.7985 206.056
6170000 69.9601 68.9983 62.99 201.948
6171000 69.7731 66.6452 64.7335 201.152
6172000 69.7795 65.2621 64.8285 199.87
6173000 68.9762 63.1731 64.369 196.518
6174000 69.3736 62.7343 64.2522 196.36
6175000 69.1583 63.9949 65.342 198.495
6176000 67.9262 67.6282 64.6778 200.232
6177000 68.2835 68.9102 65.6216 202.815
6178000 68.4692 68.859 67.7245 205.053
6179000 69.8074 68.6279 67.3448 205.78
6180000 70.374 68.8324 66.2185 205.425
6181000 69.571 69.6239 66.3337 205.529
6182000 69.5422 72.208 67.2132 208.963
6183000 70.9676 72.2085 68.1684 211.344
6184000 70.0933 74.2677 70.563 214.924
6185000 70.487 74.838 72.3855 217.711
6186000 71.0706 73.5802 74.3119 218.963
6187000 72.2347 72.7574 74.7111 219.703
6188000 73.3491 72.349 74.8627 220.561
6189000 72.3397 72.9605 74.6318 219.932
6190000 72.0981 74.7529 75.0025 221.853
6191000 71.6953 74.886 74.4405 221.022
6192000 71.5295 74.1541 73.7958 219.479
6193000 72.0176 74.8789 74.4959 221.392
6194000 72.2715 74.3064 74.6681 221.246
6195000 72.762 72.2805 71.9297 216.972
6196000 73.122 72.3487 70.4785 215.949
6197000 73.2084 73.6561 69.3339 216.198
6198000 74.1095 74.2809 67.6877 216.078
6199000 72.5787 72.1332 67.0938 211.806
6200000 72.3833 71.6636 66.8067 210.854
6201000 72.5873 68.9035 63.9408 205.432
6202000 71.4976 68.998 63.0863 203.582
6203000 72.1025 68.2531 63.6729 204.028
6204000 71.4841 67.4709 62.512 201.467
6205000 70.0894 68.7969 61.1748 200.061
6206000 70.2964 69.1855 62.2197 201.702
6207000 72.0362 69.6404 62.4669 204.144
6208000 71.8314 69.8087 60.298 201.938
6209000 69.8339 70.1735 62.1143 202.122
6210000 69.9972 70.3383 63.1199 203.455
6211000 69.6139 71.3429 63.4243 204.381
6212000 70.7518 70.0685 64.0077 204.828
6213000 72.6602 70.2953 64.4154 207.371
6214000 75.0352 72.1245 64.8968 212.056
6215000 74.2458 73.5062 65.5723 213.324
6216000 74.4388 74.8426 67.721 217.002
6217000 76.0552 75.9138 68.5691 220.538
6218000 76.4595 73.3045 68.7561 218.52
6219000 75.3254 70.8909 66.2409 212.457
6220000 75.1917 71.4642 65.8513 212.507
6221000 75.4943 72.5705 65.2895 213.354
6222000 75.0833 70.8051 64.861 210.749
6223000 75.6271 69.9336 63.9223 209.483
6224000 75.449 68.8883 65.767 210.104
6225000 74.6229 67.5169 67.0893 209.229
6226000 72.7431 68.7461 67.1924 208.682
6227000 73.0508 70.6248 66.2903 209.966
6228000 72.2285 70.6594 68.1144 211.002
6229000 71.5721 69.7228 70.7386 212.034
6230000 71.1097 70.057 70.5936 211.76
6231000 70.1844 70.0815 70.029 210.295
6232000 70.2383 68.2304 69.1542 207.623
6233000 73.4274 68.8843 67.3519 209.664
6234000 76.3895 68.9466 68.5989 213.935
6235000 76.756 70.2533 70.4039 217.413
6236000 76.9607 71.663 70.0169 218.641
6237000 77.6037 71.9979 68.5968 218.198
6238000 76.9825 70.7489 67.9706 215.702
6239000 75.1568 71.8463 68.6534 215.656
6240000 76.7124 72.8053 69.8405 219.358
6241000 78.906 72.0355 69.204 220.146
6242000 80.314 70.1252 68.5736 219.013
6243000 80.0125 70.3473 68.6373 218.997
6244000 80.7334 70.9126 65.8918 217.538
6245000 81.8112 71.5165 66.0899 219.418
6246000 79.8009 70.3883 66.6767 216.866
6247000 79.2574 69.5618 67.5374 216.357
6248000 78.8897 68.4824 66.4455 213.818
6249000 77.4429 68.4195 65.2488 211.111
6250000 75.5298 67.3969 64.3745 207.301
6251000 74.807 69.4719 63.725 208.004
6252000 74.7905 70.5804 61.5435 206.914
6253000 75.1517 69.8541 61.9044 206.91
6254000 76.0126 71.6932 62.318 210.024
6255000 76.8754 69.8389 63.5007 210.215
6256000 78.1308 69.3681 64.4703 211.969
6257000 79.5831 69.3724 65.743 214.698
6258000 81.2651 69.1213 65.8453 216.232
6259000 80.0931 70.2954 66.1018 216.49
6260000 79.3882 70.858 66.9077 217.154
6261000 80.25 70.4125 68.5367 219.199
6262000 80.6495 71.348 68.7551 220.753
6263000 80.6761 68.3438 69.8572 218.877
6264000 80.6151 66.3986 69.0298 216.044
6265000 81.6096 65.8412 69.1343 216.585
6266000 81.0297 64.1588 69.2587 214.447
6267000 82.5038 63.2308 68.1763 213.911
6268000 84.6782 63.7713 69.5757 218.025
6269000 83.411 65.5748 69.6956 218.682
6270000 83.2168 67.4654 69.9349 220.617
6271000 83.3049 68.735 68.8279 220.868
6272000 82.7688 70.4901 69.336 222.595
6273000 83.1703 70.2896 71.4353 224.895
6274000 82.9858 69.8072 72.0554 224.848
6275000 83.0975 69.0946 71.6901 223.882
6276000 83.3777 69.0324 72.8628 225.273
6277000 82.6122 69.9771 74.1888 226.778
6278000 83.037 69.4404 74.4225 226.9
6279000 82.2905 71.2613 75.2267 228.779
6280000 81.7463 70.4915 76.2678 228.506
6281000 81.7301 71.4961 75.8652 229.091
6282000 82.2335 72.6181 78.2958 233.148
6283000 81.7434 73.8377 80.2793 235.86
6284000 81.5091 75.0996 78.6658 235.275
6285000 83.2173 77.0866 77.8327 238.137
6286000 81.8487 77.6225 79.3835 238.855
6287000 80.6398 79.0302 79.8293 239.499
6288000 79.4254 80.5429 80.7451 240.713
6289000 78.7036 81.2413 79.2423 239.187
6290000 78.3679 79.2432 78.7107 236.322
6291000 79.0377 78.6565 79.8899 237.584
6292000 81.8847 79.1146 80.263 241.262
6293000 82.3046 78.0143 81.2094 241.528
6294000 81.9953 77.1568 78.2653 237.417
6295000 83.5823 75.7698 78.8573 238.209
6296000 84.3139 74.1523 79.4612 237.927
6297000 85.1949 73.7235 78.7058 237.624
6298000 82.8282 73.5363 77.7282 234.093
6299000 84.5339 73.4895 75.8944 233.918
6300000 85.3041 72.7534 75.3931 233.451
6301000 87.0692 73.4985 75.1176 235.685
6302000 86.8742 72.6853 77.346 236.905
6303000 87.9943 72.275 78.8641 239.133
6304000 88.3075 71.6968 78.7049 238.709
6305000 90.6589 72.0696 80.58 243.309
6306000 91.4213 74.1775 79.5593 245.158
6307000 91.3449 74.5277 79.0781 244.951
6308000 89.2498 74.4524 77.382 241.084
6309000 86.9408 73.9561 78.4629 239.36
6310000 87.2797 71.5489 76.858 235.686
6311000 87.7661 71.3861 78.1343 237.286
6312000 87.3146 72.9696 80.2068 240.491
6313000 85.2586 72.9266 82.0339 240.219
6314000 84.9817 72.7802 82.3673 240.129
6315000 83.2979 75.2777 82.5666 241.142
6316000 82.9368 75.6872 83.6268 242.251
6317000 84.3801 76.2224 87.3065 247.909
6318000 85.0576 74.552 89.3767 248.986
6319000 86.473 75.4982 90.5004 252.472
6320000 86.8557 76.9599 92.4444 256.26
6321000 87.0181 77.8791 96.5397 261.437
6322000 86.235 77.855 99.8657 263.956
6323000 85.8102 80.6078 99.8366 266.255
6324000 86.2722 80.5056 100.02 266.797
6325000 88.4819 80.3287 103.368 272.178
6326000 89.3601 79.4579 104.53 273.348
6327000 92.0628 81.1366 108.663 281.863
6328000 93.3771 83.0413 110.352 286.771
6329000 93.19 84.4529 109.062 286.705
6330000 92.0713 84.8444 105.876 282.792
6331000 94.2554 85.0769 105.699 285.031
6332000 96.7558 85.9783 107.997 290.731
6333000 97.0205 86.8912 110.864 294.775
6334000 98.8673 86.9542 110.205 296.026
6335000 99.8743 87.6095 109.567 297.051
6336000 101.154 88.0816 109.457 298.692
6337000 102.442 86.6746 108.21 297.327
6338000 101.168 87.1891 108.291 296.648
6339000 100.134 84.9984 106.918 292.051
6340000 99.8536 83.023 103.211 286.088
6341000 101.198 82.2201 100.094 283.512
6342000 99.5311 81.3138 101.626 282.471
6343000 97.6756 81.3324 100.823 279.83
6344000 96.0942 82.6293 101.701 280.425
6345000 97.2747 83.3755 102.915 283.565
6346000 98.0862 83.7995 102.886 284.772
6347000 97.0534 84.8334 103.241 285.128
6348000 95.5273 84.235 102.711 282.473
6349000 94.146 85.8807 100.578 280.605
6350000 92.9471 88.4244 100.619 281.991
6351000 94.0542 85.9536 99.4947 279.503
6352000 93.1485 83.5024 100.319 276.97
6353000 92.6767 83.4574 102.111 278.245
6354000 95.6749 84.5645 99.9545 280.194
6355000 96.3099 85.1194 98.2412 279.67
6356000 95.6334 85.542 98.7065 279.882
6357000 95.9786 83.3712 99.2728 278.623
6358000 97.98 83.9195 98.7408 280.64
6359000 98.2738 83.6436 99.9197 281.837
6360000 98.344 83.5408 98.7954 280.68
6361000 97.1703 80.7186 100.44 278.329
6362000 95.9906 80.7535 100.578 277.322
6363000 95.4221 81.791 101.367 278.58
6364000 96.0815 80.5848 98.9171 275.583
6365000 96.941 79.2503 97.4272 273.618
6366000 97.0033 79.2537 98.7695 275.027
6367000 97.1478 78.2837 100.173 275.605
6368000 97.4998 77.8816 98.6577 274.039
6369000 97.9369 78.577 98.5493 275.063
6370000 98.1514 77.7375 99.3057 275.195
6371000 98.5577 77.2458 101.254 277.057
6372000 98.6977 78.6134 102.454 279.765
6373000 98.033 77.6478 101.37 277.051
6374000 100.261 77.742 100.366 278.368
6375000 99.4658 79.8684 100.766 280.101
6376000 97.4803 81.058 101.035 279.573
6377000 97.0299 82.81 102.377 282.217
6378000 94.4293 83.7397 103.662 281.831
6379000 91.9629 83.5769 105.982 281.522
6380000 88.5049 83.4044 105.963 277.872
6381000 89.2911 83.62 102.843 275.754
6382000 89.6044 83.8299 102.319 275.753
6383000 89.6865 84.3738 104.003 278.064
6384000 87.7643 84.6966 102.76 275.221
6385000 85.1772 85.1997 102.398 272.775
6386000 84.9759 85.9867 104.27 275.232
6387000 86.7517 86.4925 104.37 277.615
6388000 87.5863 87.4599 105.492 280.538
6389000 89.6931 89.5246 109.091 288.308
6390000 88.9132 90.1898 112.387 291.49
6391000 86.4259 90.7584 114.479 291.663
6392000 86.8939 92.7611 116.695 296.35
6393000 83.2506 94.1294 116.066 293.446
6394000 82.3277 94.6538 117.692 294.673
6395000 82.049 97.9146 117.922 297.886
6396000 82.8788 96.5598 115.668 295.107
6397000 84.9643 96.4965 112.459 293.92
6398000 86.2556 96.4763 114.836 297.568
6399000 85.2438 95.4078 115.571 296.222
6400000 84.5932 95.1969 114.591 294.381
6401000 84.891 94.7298 113.521 293.142
6402000 83.4343 97.0921 113.176 293.703
6403000 83.5565 96.0354 111.862 291.454
6404000 83.7634 95.3802 112.275 291.419
6405000 81.0485 96.1824 113.081 290.312
6406000 80.4421 95.8555 114.998 291.296
6407000 81.0838 95.1909 115.986 292.261
6408000 80.0528 93.2992 117.095 290.447
6409000 79.9744 91.3865 113.448 284.809
6410000 80.8383 92.1559 108.844 281.838
6411000 81.9824 91.6988 107.271 280.952
6412000 83.7937 88.3747 105.764 277.932
6413000 83.058 90.1264 105.469 278.654
6414000 81.9573 92.3285 108.307 282.592
6415000 79.4042 93.5182 107.984 280.907
6416000 79.9326 93.4862 109.289 282.708
6417000 80.9801 94.3973 107.879 283.256
6418000 82.1101 96.0766 107.019 285.206
6419000 82.6852 96.724 105.899 285.308
6420000 81.3837 98.8162 103.458 283.658
6421000 82.8109 98.7858 106.578 288.175
6422000 81.5515 100.255 106.981 288.787
6423000 78.34 98.7195 104.315 281.375
6424000 77.0243 97.3311 105.117 279.473
6425000 77.3781 97.2285 105.64 280.247
6426000 76.7185 96.9077 107.292 280.918
6427000 77.0188 98.7651 107.996 283.78
6428000 74.0958 95.9774 108.961 279.035
6429000 72.4263 93.7687 110.899 277.094
6430000 71.5091 91.7093 112.334 275.552
6431000 71.3977 94.6881 109.79 275.876
6432000 72.2348 96.3666 110.755 279.356
6433000 71.2542 96.7675 110.31 278.332
6434000 69.3259 96.5992 108.633 274.558
6435000 68.7604 94.5635 104.825 268.149
6436000 71.6531 94.1539 104.256 270.063
6437000 71.8613 93.542 104.034 269.438
6438000 70.8717 94.0172 105.889 270.778
6439000 73.2871 92.9336 107.133 273.354
6440000 73.6047 92.6216 108.686 274.912
6441000 74.9191 95.6929 106.087 276.699
6442000 76.0954 97.1116 104.606 277.813
6443000 75.1615 96.5854 107.697 279.444
6444000 74.537 97.2966 107.042 278.876
6445000 74.874 96.4064 102.902 274.183
6446000 73.9016 98.5179 98.2005 270.62
6447000 74.1657 98.078 98.1019 270.346
6448000 74.9286 98.7891 100.933 274.651
6449000 74.7912 95.4741 102.751 273.016
6450000 74.3411 91.1034 105.532 270.976
6451000 75.9892 88.8641 105.622 270.475
6452000 76.6274 88.263 108.769 273.659
6453000 76.198 87.9412 111.397 275.536
6454000 75.6367 87.6492 112.049 275.335
6455000 74.4666 85.4724 108.608 268.547
6456000 74.9997 83.9342 107.972 266.906
6457000 76.21 83.8351 108.874 268.919
6458000 76.7497 84.8465 107.647 269.243
6459000 75.3526 88.7036 106.495 270.551
6460000 73.2743 88.5478 106.666 268.488
6461000 73.7786 85.3386 105.944 265.061
6462000 74.1456 82.4574 104.714 261.317
6463000 73.9817 79.9694 105.584 259.535
6464000 73.9866 79.5045 108.255 261.746
6465000 73.3157 78.8807 107.655 259.851
6466000 71.6739 78.5304 108.213 258.417
6467000 72.5137 78.887 108.737 260.138
6468000 73.2082 78.5387 109.714 261.461
6469000 71.9148 78.6002 106.722 257.237
6470000 70.5725 80.1084 104.957 255.638
6471000 70.1443 81.3013 104.538 255.984
6472000 69.9324 82.1956 107.501 259.629
6473000 68.7987 79.7098 109.82 258.329
6474000 68.2002 79.6459 113.547 261.393
6475000 69.7682 78.9348 114.634 263.337
6476000 68.9658 78.438 113.731 261.134
6477000 66.9256 79.1587 111.648 257.732
6478000 67.5581 80.2112 112.63 260.399
6479000 68.0136 80.7181 113.196 261.928
6480000 67.8436 79.8834 114.162 261.889
6481000 65.4744 78.7593 113.337 257.571
6482000 67.0501 76.6822 114.609 258.341
6483000 67.6 77.1059 116.82 261.526
6484000 68.5873 79.7436 117.923 266.254
6485000 68.0571 78.7916 120.788 267.637
6486000 68.1423 78.2521 124.788 271.183
6487000 69.6079 79.5443 127.451 276.603
6488000 70.6226 80.385 129.268 280.276
6489000 70.4984 78.0586 130.693 279.25
6490000 71.3269 74.7105 133.179 279.216
6491000 73.3499 73.3163 132.586 279.252
6492000 73.8983 75.3312 130.463 279.692
6493000 73.2961 76.6511 132.774 282.721
6494000 72.1428 76.4151 137.908 286.465
6495000 72.9078 76.5223 138.472 287.902
6496000 72.1022 76.964 136.63 285.696
6497000 72.7995 77.1252 134.019 283.944
6498000 73.2247 78.3018 134.292 285.819
6499000 73.0491 80.0357 134.988 288.073
6500000 72.0414 80.241 135.985 288.267
6501000 71.9069 81.7738 135.615 289.295
6502000 74.8163 78.3976 135.546 288.76
6503000 77.1109 75.5622 137.455 290.128
6504000 76.0852 75.9746 138.831 290.891
6505000 78.0359 75.4198 137.547 291.002
6506000 79.1857 73.3155 136.726 289.227
6507000 77.9209 73.4202 136.748 288.089
6508000 75.9019 74.7735 135.17 285.845
6509000 76.3391 75.6434 134.426 286.409
6510000 76.4904 73.5047 132.93 282.925
6511000 77.9936 74.0503 130.936 282.98
6512000 77.6915 72.6219 129.649 279.962
6513000 77.2007 71.4279 131.217 279.845
6514000 77.7176 72.5908 131.107 281.415
6515000 78.8676 72.2128 133.644 284.724
6516000 75.5992 72.3627 134.524 282.486
6517000 74.8526 72.0519 133.954 280.858
6518000 74.2741 71.4771 134.825 280.577
6519000 75.6218 73.017 136.204 284.843
6520000 75.4929 72.5074 137.013 285.013
6521000 75.848 72.162 133.959 281.969
6522000 79.1538 73.7076 135.541 288.402
6523000 80.4883 73.6941 137.554 291.737
6524000 80.0398 71.3005 139.033 290.373
6525000 79.5678 70.907 138.93 289.405
6526000 78.6011 70.0738 138.337 287.011
6527000 79.7817 69.5279 136.462 285.771
6528000 81.3793 68.2058 133.413 282.999
6529000 81.7101 67.5585 133.034 282.303
6530000 81.3056 68.928 131.673 281.906
6531000 80.6998 68.2934 133.563 282.556
6532000 83.7827 66.9747 132.907 283.664
6533000 83.0391 65.8644 133.103 282.006
6534000 82.5001 66.7373 132.952 282.189
6535000 83.2223 65.1355 132.029 280.387
6536000 82.2029 65.6388 129.706 277.547
6537000 83.1804 64.7418 130.017 277.939
6538000 82.9323 62.719 130.057 275.708
6539000 83.0273 62.3714 127.7 273.099
6540000 81.3939 60.6147 127.073 269.082
6541000 83.5342 60.142 127.437 271.113
6542000 83.5821 59.6605 126.285 269.528
6543000 82.1532 60.7116 123.101 265.966
6544000 83.5506 60.7008 122.669 266.921
6545000 82.0061 60.8284 122.008 264.842
6546000 82.5264 59.9475 120.47 262.943
6547000 82.0786 61.2852 119.119 262.482
6548000 80.5152 60.882 117.759 259.156
6549000 80.7131 62.5314 116.601 259.846
6550000 81.3483 63.7178 117.328 262.395
6551000 80.5343 64.0264 115.581 260.142
6552000 80.7282 64.1932 112.858 257.779
6553000 79.9794 65.0881 111.807 256.875
6554000 79.7593 64.4265 111.68 255.866
6555000 78.6289 63.2281 110.975 252.832
6556000 77.6479 61.3562 110.377 249.381
6557000 77.6134 63.3637 112.167 253.144
6558000 76.6033 63.6676 112.614 252.885
6559000 75.2018 62.9869 111.697 249.886
6560000 75.255 62.9494 108.359 246.564
6561000 75.4389 63.07 108.786 247.295
6562000 75.7506 62.5262 109.933 248.21
6563000 73.3687 61.6478 111.236 246.253
6564000 72.0974 61.0943 113.373 246.564
6565000 72.6654 61.1763 112.279 246.12
6566000 72.4612 62.9638 112.233 247.658
6567000 72.6108 62.7276 109.279 244.618
6568000 72.3295 62.1666 108.545 243.041
6569000 71.9272 60.4802 109.571 241.978
6570000 73.2659 58.8245 109.817 241.908
6571000 73.0254 56.6102 111.303 240.939
6572000 72.8455 56.7659 108.199 237.811
6573000 74.5016 57.4386 105.908 237.848
6574000 74.7565 56.9507 104.091 235.799
6575000 72.6891 56.8288 103.093 232.611
6576000 72.4604 56.9013 101.778 231.14
6577000 73.1274 59.1419 100.544 232.813
6578000 74.5929 59.5522 100.628 234.773
6579000 74.0509 59.0036 100.125 233.179
6580000 74.2848 58.6769 100.554 233.516
6581000 75.836 58.1154 102.392 236.343
6582000 75.885 60.1393 101.784 237.808
6583000 74.9426 60.8971 100.888 236.728
6584000 73.923 59.8656 101.355 235.144
6585000 73.2091 58.4494 101.055 232.713
6586000 71.9277 59.5285 97.5276 228.984
6587000 73.2581 60.3577 94.6375 228.253
6588000 71.7022 62.7167 92.8077 227.227
6589000 72.2529 61.2053 91.9588 225.417
6590000 73.9085 60.0814 93.9303 227.92
6591000 74.6201 58.665 92.4572 225.742
6592000 74.8242 58.1613 89.3389 222.324
6593000 74.4471 58.9504 88.8765 222.274
6594000 71.3496 58.6451 92.0652 222.06
6595000 70.2037 58.8677 91.3554 220.427
6596000 70.6844 59.0228 91.7443 221.451
6597000 71.0852 58.3537 91.8307 221.27
6598000 71.3754 57.8014 90.4287 219.606
6599000 70.3168 56.4831 89.054 215.854
6600000 70.5914 54.9353 88.5205 214.047
6601000 71.6677 55.4276 88.0537 215.149
6602000 72.3556 56.312 87.5558 216.223
6603000 70.4379 55.3715 88.5595 214.369
6604000 69.8207 55.1871 89.8092 214.817
6605000 70.7515 55.5574 88.7799 215.089
6606000 71.0163 57.2352 88.0353 216.287
6607000 71.3586 56.0419 86.4265 213.827
6608000 71.0412 54.5435 88.1621 213.747
6609000 70.2787 55.6992 89.1996 215.177
6610000 71.2605 57.0109 89.4537 217.725
6611000 74.1385 58.0729 87.8757 220.087
6612000 76.479 57.3784 86.3372 220.195
6613000 76.6026 56.2603 86.388 219.251
6614000 77.5294 56.0778 86.5752 220.182
6615000 77.4116 57.6168 90.5326 225.561
6616000 76.7715 59.5343 90.8817 227.187
6617000 78.2327 57.4548 91.0815 226.769
6618000 78.2806 57.2385 91.3558 226.875
6619000 79.4628 57.2114 89.4818 226.156
6620000 81.0132 56.5481 90.5719 228.133
6621000 78.1348 55.5929 90.6346 224.362
6622000 78.394 55.3048 90.572 224.271
6623000 78.7895 52.2932 90.1632 221.246
6624000 79.1166 52.0601 88.3133 219.49
6625000 78.8724 52.4211 86.968 218.262
6626000 79.9757 53.7868 88.8469 222.609
6627000 80.5904 55.8223 88.74 225.153
6628000 80.6666 56.8028 87.4828 224.952
6629000 79.3702 57.3637 90.8941 227.628
6630000 80.3751 57.2651 93.0353 230.676
6631000 81.3277 56.55 92.7454 230.623
6632000 81.6788 57.7662 90.6453 230.09
6633000 81.323 56.3645 89.0797 226.767
6634000 81.1376 55.0763 86.7209 222.935
6635000 82.7739 53.697 85.7467 222.218
6636000 83.042 52.2789 83.6499 218.971
6637000 84.5864 50.7107 86.1057 221.403
6638000 82.9876 51.3951 86.2109 220.594
6639000 86.1933 51.8645 84.9603 223.018
6640000 87.1845 52.2966 83.3795 222.861
6641000 86.6009 53.8178 83.443 223.862
6642000 86.6685 53.0565 83.9855 223.71
6643000 88.4601 55.452 84.9632 228.875
6644000 88.601 56.414 84.6201 229.635
6645000 88.2562 56.7193 85.6658 230.641
6646000 88.0608 55.7393 86.3963 230.196
6647000 86.5348 55.8268 88.0763 230.438
6648000 86.0371 56.2184 89.3992 231.655
6649000 84.7847 55.3613 88.9613 229.107
6650000 85.372 53.341 89.0614 227.774
6651000 84.5616 52.7986 89.1556 226.516
6652000 84.8588 54.7505 90.2858 229.895
6653000 88.2277 56.6961 88.113 233.037
6654000 89.3316 57.2385 85.1088 231.679
6655000 89.7391 56.6416 84.0447 230.425
6656000 90.6445 58.0734 84.261 232.979
6657000 89.4457 57.561 85.2294 232.236
6658000 89.5911 57.3614 83.3984 230.351
6659000 90.0613 56.5643 81.8652 228.491
6660000 91.6525 56.5365 84.3598 232.549
6661000 92.3982 59.2969 87.4178 239.113
6662000 91.3102 60.2789 88.4468 240.036
6663000 91.3176 59.5009 87.8897 238.708
6664000 90.2968 57.7096 87.1898 235.196
6665000 89.8239 56.867 89.0687 235.76
6666000 88.8809 57.5247 89.2986 235.704
6667000 86.1881 56.9933 86.8544 230.036
6668000 85.5292 57.4888 87.3402 230.358
6669000 86.7758 57.9387 88.9769 233.691
6670000 89.2102 59.5014 90.3261 239.038
6671000 90.4534 61.1556 91.2801 242.889
6672000 91.401 62.3594 91.3901 245.15
6673000 90.7639 63.2765 93.7099 247.75
6674000 89.3117 62.5865 95.6473 247.546
6675000 89.5994 60.9562 94.7729 245.329
6676000 91.0908 60.7152 93.282 245.088
6677000 90.8132 59.9056 95.8485 246.567
6678000 91.0448 60.1207 98.1725 249.338
6679000 90.203 60.4774 97.0577 247.738
6680000 90.5477 60.6235 97.0358 248.207
6681000 90.2853 62.231 96.931 249.447
6682000 89.4719 61.6694 96.3702 247.512
6683000 91.1451 60.933 92.4748 244.553
6684000 91.5096 60.8723 91.0822 243.464
6685000 90.745 61.227 93.6944 245.666
6686000 89.6903 61.1756 95.2182 246.084
6687000 91.4077 62.7453 95.2977 249.451
6688000 92.706 64.4054 96.0594 253.171
6689000 92.9605 66.2686 96.4073 255.636
6690000 91.4995 64.9765 97.0793 253.555
6691000 91.5642 64.1051 98.7186 254.388
6692000 93.851 63.7965 100.936 258.584
6693000 92.0933 63.1604 101.016 256.269
6694000 93.5814 63.2172 101.353 258.151
6695000 93.7091 63.9643 102.52 260.193
6696000 93.1089 65.4682 101.612 260.189
6697000 93.8035 67.0923 100.902 261.798
6698000 92.6632 66.5199 98.022 257.205
6699000 92.255 66.5712 97.1432 255.969
6700000 92.0924 65.6786 93.7706 251.542
6701000 90.1354 65.8222 93.2847 249.242
6702000 90.5904 64.7237 92.9759 248.29
6703000 89.737 65.2685 91.3023 246.308
6704000 90.6541 65.6986 92.0429 248.396
6705000 91.4451 66.2846 92.2817 250.011
6706000 91.0985 64.9457 93.2408 249.285
6707000 90.891 63.0951 94.5251 248.511
6708000 90.4305 62.1152 93.707 246.253
6709000 90.0856 64.4608 91.7941 246.341
6710000 89.7509 63.5372 91.5629 244.851
6711000 90.0574 61.7172 91.4109 243.186
6712000 88.7828 61.5036 90.7608 241.047
6713000 89.215 60.2466 90.8986 240.36
6714000 90.7904 59.2126 89.3751 239.378
6715000 91.3807 59.4609 88.7475 239.589
6716000 94.2048 59.0141 90.0176 243.236
6717000 96.23 58.5699 88.6655 243.465
6718000 93.4391 59.675 86.8617 239.976
6719000 92.5778 60.9308 87.2449 240.753
6720000 91.6805 60.0424 90.6089 242.332
6721000 92.1987 60.0384 90.3076 242.545
6722000 92.0152 61.5157 88.6367 242.168
6723000 91.4059 61.1826 87.8774 240.466
6724000 90.6528 60.5391 88.7651 239.957
6725000 90.0696 59.0769 89.4079 238.554
6726000 87.7873 59.0466 90.4934 237.327
6727000 88.2164 58.6925 88.8078 235.717
6728000 88.9043 58.6025 89.4065 236.913
6729000 90.6827 59.2841 91.3133 241.28
6730000 91.5538 58.0613 90.3203 239.935
6731000 90.9125 59.1218 90.2316 240.266
6732000 92.365 59.6668 88.9415 240.973
6733000 92.9516 60.7978 87.5442 241.294
6734000 93.1236 61.5691 86.6011 241.294
6735000 92.6963 61.3992 85.9225 240.018
6736000 93.124 61.8213 85.1787 240.124
6737000 95.5791 62.9816 84.7492 243.31
6738000 97.9365 63.8392 85.4521 247.228
6739000 99.6213 62.8938 86.7173 249.232
6740000 96.3014 62.1358 88.2555 246.693
6741000 96.0072 63.1248 88.8046 247.937
6742000 97.0608 62.6601 87.8959 247.617
6743000 97.2499 62.7645 87.4498 247.464
6744000 99.1536 61.9246 89.4118 250.49
6745000 101.092 61.2396 92.5338 254.865
6746000 99.897 60.9719 91.5294 252.398
6747000 98.5394 59.8123 91.4796 249.831
6748000 99.7416 59.9629 91.5925 251.297
6749000 100.135 60.5187 92.4856 253.139
6750000 100.94 60.7102 94.3883 256.038
6751000 103.468 60.4407 95.4497 259.359
6752000 106.506 59.8761 97.1899 263.572
6753000 106.458 60.1982 98.9423 265.599
6754000 107.253 60.5102 98.2642 266.028
6755000 107.366 59.1499 96.3802 262.897
6756000 107.45 60.2573 94.4705 262.177
6757000 105.274 61.2913 94.5409 261.107
6758000 104.185 61.3989 93.47 259.054
6759000 102.59 61.8062 94.2827 258.679
6760000 103.973 61.786 97.0714 262.83
6761000 105.364 62.3787 97.1106 264.853
6762000 106.15 63.1445 98.2508 267.546
6763000 104.829 62.475 99.2664 266.571
6764000 103.176 62.8613 99.7154 265.753
6765000 102.79 60.9824 99.3052 263.078
6766000 104.137 60.5814 99.3492 264.067
6767000 104.568 60.4572 99.1711 264.196
6768000 104.885 60.4495 98.4471 263.781
6769000 104.116 60.4067 97.7686 262.291
6770000 102.128 58.4644 96.6298 257.222
6771000 102.804 58.2127 98.5493 259.566
6772000 102.907 57.3771 97.6027 257.886
6773000 105.173 58.2799 97.5129 260.966
6774000 105.971 59.4943 94.2432 259.709
6775000 108 58.6993 93.4839 260.183
6776000 107.989 58.0443 92.1845 258.218
6777000 108.586 58.0512 91.3849 258.022
6778000 107.979 58.9508 88.4636 255.394
6779000 109.032 58.3097 88.7867 256.128
6780000 106.903 55.9675 87.9825 250.853
6781000 105.068 57.9237 89.2957 252.287
6782000 105.97 57.6241 88.5397 252.134
6783000 105.276 55.9322 91.8624 253.071
6784000 105.528 54.4957 92.2877 252.312
6785000 109.565 54.5667 91.6747 255.806
6786000 112.755 55.169 92.3321 260.256
6787000 113.386 56.132 92.2234 261.741
6788000 111.758 54.7188 93.0544 259.531
6789000 110.656 54.9297 92.2832 257.869
6790000 109.821 55.5191 92.1887 257.529
6791000 110.432 53.3312 92.5279 256.291
6792000 111.653 53.2294 90.4306 255.313
6793000 113.681 53.5053 90.4681 257.654
6794000 115.095 51.3942 92.7081 259.197
6795000 115.584 51.2091 94.3055 261.099
6796000 115.827 49.9664 96.3644 262.158
6797000 114.547 50.0857 94.9114 259.544
6798000 114.091 49.5421 93.4692 257.102
6799000 112.498 49.5944 92.5805 254.673
6800000 113.548 48.6003 92.7297 254.878
6801000 113.257 47.6324 93.0213 253.91
6802000 111.159 45.7495 92.5568 249.466
6803000 111.073 46.4593 92.4099 249.943
6804000 110.581 45.84 92.1296 248.55
6805000 111.17 46.6039 91.905 249.679
6806000 113.652 47.1976 92.7386 253.588
6807000 112.971 48.3695 89.4733 250.814
6808000 110.516 48.8921 87.298 246.706
6809000 108.126 48.9866 87.7561 244.869
6810000 107.333 49.2699 88.6918 245.294
6811000 109.07 50.0611 90.7149 249.846
6812000 109.399 49.9687 88.2793 247.647
6813000 109.575 49.527 91.2233 250.326
6814000 108.467 50.3027 91.0836 249.853
6815000 108.053 51.0827 90.8951 250.031
6816000 107.656 50.4687 88.8168 246.941
6817000 106.182 50.4291 87.1169 243.728
6818000 103.922 50.7735 86.8097 241.505
6819000 99.7835 51.2983 85.9032 236.985
6820000 98.3682 50.4906 87.2727 236.131
6821000 97.6759 50.4728 88.8872 237.036
6822000 97.2587 50.1211 88.9476 236.327
6823000 93.0746 49.4585 91.084 233.617
6824000 91.6522 50.6513 89.9396 232.243
6825000 91.9771 50.393 88.7339 231.104
6826000 92.2946 49.9 88.9618 231.156
6827000 93.109 49.6987 86.8964 229.704
6828000 92.4234 49.324 85.2816 227.029
6829000 91.4735 49.3032 86.1953 226.972
6830000 92.1346 47.9641 86.0196 226.118
6831000 89.7364 49.1742 85.5538 224.464
6832000 88.2677 50.1067 85.6229 223.997
6833000 88.9289 50.3086 85.0909 224.328
6834000 89.3382 50.6575 84.9984 224.994
6835000 89.3286 50.6886 83.8794 223.896
6836000 90.8652 50.1093 84.6083 225.583
6837000 92.5715 50.7273 84.0077 227.306
6838000 94.3324 50.4637 84.5992 229.395
6839000 94.1373 49.8025 86.7301 230.67
6840000 93.5655 49.8579 86.8972 230.321
6841000 93.3043 49.4311 88.7062 231.442
6842000 92.0348 48.136 86.8211 226.992
6843000 91.565 47.8448 87.826 227.236
6844000 91.0415 47.5556 87.7062 226.303
6845000 90.2814 47.6719 88.2282 226.181
6846000 90.5773 48.301 87.1864 226.065
6847000 91.9911 48.5884 86.3426 226.922
6848000 92.8089 48.3467 87.3152 228.471
6849000 91.6281 49.4621 85.804 226.894
6850000 93.8237 50.4411 86.5262 230.791
6851000 94.8755 51.3991 87.5338 233.808
6852000 97.0417 52.9098 86.7031 236.655
6853000 96.1375 53.2156 86.6676 236.021
6854000 95.8462 52.7147 87.3681 235.929
6855000 95.9959 51.9061 83.7653 231.667
6856000 96.3065 52.9802 81.4066 230.693
6857000 96.4444 53.8202 79.585 229.85
6858000 99.0167 54.0309 77.9005 230.948
6859000 100.258 52.8601 79.7395 232.858
6860000 101.63 54.3578 80.6459 236.634
6861000 101.776 54.8253 79.041 235.643
6862000 102.148 53.4681 77.0214 232.637
6863000 103.314 54.3672 77.4937 235.175
6864000 105.155 54.7109 78.0926 237.959
6865000 104.381 53.6986 79.38 237.46
6866000 103.458 53.6137 79.403 236.474
6867000 103.757 54.3931 80.8042 238.955
6868000 103.343 54.9306 80.0809 238.354
6869000 102.737 56.4057 78.5146 237.657
6870000 102.99 56.984 76.4658 236.44
6871000 103.073 57.7434 75.9111 236.728
6872000 101.399 57.1652 74.3589 232.923
6873000 102.598 56.6156 77.5819 236.796
6874000 101.766 56.8495 81.0464 239.662
6875000 100.572 56.134 81.4502 238.156
6876000 101.628 55.9621 79.1382 236.729
6877000 101.221 55.9787 78.1584 235.358
6878000 101.028 58.4989 76.8587 236.386
6879000 100.592 60.8846 76.4113 237.888
6880000 100.644 61.6872 76.8158 239.147
6881000 101.185 61.1283 78.1597 240.473
6882000 100.015 61.8613 80.3013 242.178
6883000 102.557 62.2633 82.0666 246.887
6884000 104.534 62.9591 82.7981 250.291
6885000 105.415 64.6662 81.4114 251.492
6886000 105.983 64.5267 80.6462 251.156
6887000 104.797 65.9614 81.3519 252.11
6888000 103.138 65.5597 80.7313 249.429
6889000 100.125 64.7295 78.2505 243.105
6890000 100.66 64.71 78.916 244.286
6891000 102.774 66.3735 78.1848 247.332
6892000 103.144 67.6876 77.6529 248.484
6893000 102.754 67.7302 78.1745 248.659
6894000 103.373 66.2178 78.759 248.35
6895000 104.797 64.7515 78.6392 248.188
6896000 106.823 66.1218 77.5225 250.467
6897000 108.496 66.9217 78.9253 254.343
6898000 106.304 65.7653 80.2413 252.311
6899000 105.518 65.5953 81.0111 252.124
6900000 106.64 65.0172 80.332 251.989
6901000 107.993 66.051 80.8517 254.895
6902000 110.623 67.7012 80.365 258.689
6903000 111.958 68.9519 80.0861 260.996
6904000 110.958 69.777 81.7754 262.51
6905000 111.022 70.8309 82.5412 264.394
6906000 110.637 70.5369 82.2472 263.421
6907000 111.781 70.5953 82.1922 264.569
6908000 112.874 70.3537 82.4461 265.674
6909000 112.308 70.404 81.602 264.314
6910000 114.146 71.3426 83.5295 269.018
6911000 114.666 71.8024 85.0872 271.555
6912000 110.492 72.4836 82.4593 265.435
6913000 108.696 72.727 82.3973 263.82
6914000 105.603 72.8322 82.1041 260.54
6915000 104.47 71.9599 80.6192 257.049
6916000 102.955 71.8051 79.0624 253.823
6917000 101.478 72.7593 78.7786 253.016
6918000 100.027 74.8705 79.8673 254.765
6919000 99.1567 75.2105 81.5308 255.898
6920000 99.3692 74.9604 84.4873 258.817
6921000 99.2014 75.8261 83.8829 258.91
6922000 98.2415 78.9409 83.5064 260.689
6923000 98.5683 79.0626 86.6046 264.236
6924000 98.116 77.4744 88.8254 264.416
6925000 96.9867 78.5493 89.3554 264.891
6926000 93.6408 80.3334 91.5832 265.557
6927000 92.6551 81.4744 91.5247 265.654
6928000 93.3752 81.3826 93.9233 268.681
6929000 92.3924 79.9983 95.1932 267.584
6930000 91.3887 78.6748 95.5998 265.663
6931000 90.2802 77.3803 94.5139 262.174
6932000 88.309 78.0526 94.6683 261.03
6933000 89.7263 79.758 92.9958 262.48
6934000 90.0278 79.8076 92.8147 262.65
6935000 87.8107 79.3884 91.9601 259.159
6936000 87.7742 77.2583 91.1735 256.206
6937000 86.3985 76.4231 91.7157 254.537
6938000 84.3838 76.1256 90.003 250.512
6939000 82.7209 75.3804 88.4959 246.597
6940000 82.3397 77.7089 90.5696 250.618
6941000 83.046 79.1254 91.7872 253.958
6942000 83.3591 80.4233 92.0843 255.867
6943000 83.1192 79.708 93.9323 256.76
6944000 83.3572 77.7613 94.0945 255.213
6945000 82.7679 75.2863 94.2387 252.293
6946000 81.5803 76.1655 95.2909 253.037
6947000 79.0145 74.8146 93.9033 247.732
6948000 77.4439 73.7525 91.7449 242.941
6949000 79.5504 73.6123 93.1954 246.358
6950000 80.2983 73.6584 94.3283 248.285
6951000 81.832 74.4812 95.4361 251.749
6952000 80.5908 74.2248 94.9269 249.742
6953000 81.2793 75.1931 93.5722 250.045
6954000 82.3847 74.2817 94.0534 250.72
6955000 81.954 75.0881 95.8527 252.895
6956000 81.7431 75.5142 95.3659 252.623
6957000 81.8191 76.914 94.5216 253.255
6958000 82.1424 77.3296 93.2898 252.762
6959000 83.3504 76.6742 93.3928 253.417
6960000 83.3682 72.7349 91.9379 248.041
6961000 85.2533 70.664 88.406 244.323
6962000 86.7985 69.149 87.6949 243.642
6963000 87.1849 67.3784 86.925 241.488
6964000 87.2042 67.3443 85.5134 240.062
6965000 88.2162 68.2814 88.115 244.613
6966000 86.8195 70.3391 89.9116 247.07
6967000 84.465 71.2454 89.5897 245.3
6968000 81.1278 69.9437 91.4747 242.546
6969000 81.2137 66.2079 91.8132 239.235
6970000 82.0963 67.6553 92.4153 242.167
6971000 83.2562 67.9452 92.2008 243.402
6972000 83.5202 70.0472 90.7138 244.281
6973000 84.8154 69.492 88.4219 242.729
6974000 84.0239 69.8495 88.6754 242.549
6975000 83.7748 70.4058 87.0462 241.227
6976000 82.4716 71.5245 88.4414 242.438
6977000 82.3864 70.8338 90.897 244.117
6978000 81.3543 71.1692 91.5333 244.057
6979000 83.1232 71.9996 91.8487 246.972
6980000 83.2685 71.564 92.6759 247.508
6981000 85.0023 71.6123 94.5129 251.127
6982000 86.5562 72.4718 95.8137 254.842
6983000 88.8375 74.8405 95.2009 258.879
6984000 91.5767 74.516 92.7128 258.805
6985000 92.687 75.7801 90.9569 259.424
6986000 92.3644 77.4299 90.7342 260.529
6987000 91.3037 77.9195 91.9839 261.207
6988000 89.7036 77.3731 92.709 259.786
6989000 88.3634 79.159 92.6458 260.168
6990000 88.0476 79.3898 91.9686 259.406
6991000 88.0316 77.8351 92.0187 257.885
6992000 87.0286 76.6887 91.2505 254.968
6993000 84.8476 77.7245 88.8491 251.421
6994000 83.1329 80.6931 87.6741 251.5
6995000 83.9764 80.8546 87.3869 252.218
6996000 84.1319 79.9821 90.0593 254.173
6997000 82.9453 80.603 91.4693 255.018
6998000 83.6438 79.1976 91.7138 254.555
6999000 83.1468 79.6606 91.6151 254.422
7000000 84.6173 80.4095 90.237 255.264
7001000 83.7277 80.7383 87.7942 252.26
7002000 84.5487 77.9529 85.8176 248.319
7003000 82.6254 75.0506 86.132 243.808
7004000 83.0528 73.0103 86.2589 242.322
7005000 82.607 72.4776 85.0873 240.172
7006000 84.5844 73.2969 84.1054 241.987
7007000 86.7368 74.5867 83.1403 244.464
7008000 87.5115 77.9704 83.2985 248.78
7009000 86.4661 77.6182 81.5166 245.601
7010000 88.0965 74.4386 80.4639 242.999
7011000 86.0611 72.2969 82.8141 241.172
7012000 85.7498 74.5305 86.082 246.362
7013000 85.0318 74.5961 87.9318 247.56
7014000 83.7778 76.9229 92.4121 253.113
7015000 83.9547 76.9563 95.5618 256.473
7016000 81.6541 77.7261 97.4724 256.853
7017000 83.1044 79.2933 97.3398 259.738
7018000 83.1869 79.5449 95.3149 258.047
7019000 82.1125 80.2322 92.8862 255.231
7020000 79.6613 79.2422 94.335 253.239
7021000 77.7603 78.13 91.0356 246.926
7022000 75.3694 76.933 88.608 240.91
7023000 76.365 74.4184 89.2114 239.995
7024000 76.8604 71.7348 89.9434 238.539
7025000 77.2039 70.0515 90.0217 237.277
7026000 77.2397 71.7309 89.3881 238.359
7027000 77.5611 71.3226 89.2125 238.096
7028000 76.8306 72.2041 88.9444 237.979
7029000 77.8517 70.9322 89.3915 238.175
7030000 77.2767 70.1071 90.9829 238.367
7031000 76.1109 68.6268 92.5552 237.293
7032000 76.7852 68.942 93.3083 239.035
7033000 77.4515 68.1858 95.7919 241.429
7034000 77.3672 68.1523 97.6993 243.219
7035000 77.7942 67.5442 98.8545 244.193
7036000 78.9609 66.3839 99.1279 244.473
7037000 79.9207 66.1287 99.7881 245.838
7038000 78.1699 68.527 100.572 247.269
7039000 78.6565 68.7844 100.89 248.331
7040000 77.9048 67.4054 102.259 247.569
7041000 76.1638 66.7772 100.523 243.464
7042000 74.2511 67.0507 97.5323 238.834
7043000 73.7998 67.9469 95.8313 237.578
7044000 73.1993 68.2021 96.3151 237.716
7045000 72.2041 67.8967 96.4812 236.582
7046000 69.3237 67.7242 95.9113 232.959
7047000 68.2123 68.1167 95.0509 231.38
7048000 67.2478 66.6006 92.802 226.65
7049000 67.7381 64.3691 91.213 223.32
7050000 69.2808 63.8599 91.1835 224.324
7051000 69.6153 62.3689 93.3272 225.311
7052000 68.597 60.6763 92.6541 221.927
7053000 69.0837 59.4678 92.04 220.591
7054000 69.5241 59.84 91.4321 220.796
7055000 69.5743 60.2303 93.5535 223.358
7056000 66.8006 60.1473 92.6579 219.606
7057000 67.2729 61.8357 90.707 219.816
7058000 67.4351 62.6936 89.8541 219.983
7059000 67.818 62.2319 88.3029 218.353
7060000 67.969 61.3512 86.0666 215.387
7061000 68.4221 60.5312 85.8717 214.825
7062000 70.3048 58.2011 83.5333 212.039
7063000 71.0283 57.8868 81.3573 210.272
7064000 70.3904 57.6248 81.9304 209.946
7065000 68.7883 56.8561 82.8852 208.53
7066000 67.262 56.1603 83.1065 206.529
7067000 67.0636 54.474 85.9911 207.529
7068000 68.1971 55.2901 84.4845 207.972
7069000 67.7683 55.3582 82.6744 205.801
7070000 66.8746 55.0312 82.0808 203.987
7071000 66.5472 57.5302 82.6315 206.709
7072000 65.0318 59.4047 81.4321 205.869
7073000 64.4169 59.6924 80.6114 204.721
7074000 63.7198 59.8022 78.9659 202.488
7075000 64.1805 59.6677 77.3797 201.228
7076000 64.768 58.7904 77.5667 201.125
7077000 65.6875 58.7438 79.6194 204.051
7078000 66.3645 57.0649 79.6601 203.089
7079000 67.04 57.332 79.9878 204.36
7080000 66.985 57.0564 80.2763 204.318
7081000 65.5271 56.2696 79.5675 201.364
7082000 64.6469 53.0892 76.0984 193.835
7083000 63.1117 53.0132 74.5344 190.659
7084000 62.1738 53.898 77.9312 194.003
7085000 61.3678 55.4392 78.8465 195.654
7086000 60.8329 55.9368 79.5886 196.358
7087000 59.794 55.3511 79.0692 194.214
7088000 58.2945 58.6438 78.7125 195.651
7089000 59.93 58.7525 77.4643 196.147
7090000 60.8714 58.9239 76.8166 196.612
7091000 60.6938 58.5959 77.4399 196.73
7092000 59.08 57.2674 77.2538 193.601
7093000 59.686 57.237 77.8957 194.819
7094000 60.5469 57.0398 79.4281 197.015
7095000 61.1627 57.1258 78.644 196.933
7096000 62.4567 57.1313 77.7263 197.314
7097000 63.6851 57.6122 76.826 198.123
7098000 62.6296 58.4916 77.5636 198.685
7099000 62.7628 58.6612 77.4645 198.888
7100000 62.2057 58.4575 77.2809 197.944
7101000 62.275 58.322 78.9067 199.504
7102000 61.0732 56.3766 83.0346 200.484
7103000 61.255 55.0531 83.0015 199.31
7104000 62.6099 54.2985 79.3174 196.226
7105000 64.2404 53.9044 79.8677 198.013
7106000 64.8307 52.785 81.2477 198.863
7107000 64.3105 53.7322 83.1184 201.161
7108000 63.5128 54.4579 87.649 205.62
7109000 64.3265 52.9097 88.1952 205.431
7110000 65.9608 53.1386 87.8212 206.921
7111000 66.8452 54.2898 90.5794 211.714
7112000 65.9505 56.1069 92.9844 215.042
7113000 64.3939 58.1308 92.9849 215.51
7114000 63.2668 57.7979 93.9423 215.007
7115000 64.7436 59.3173 91.0239 215.085
7116000 64.3031 58.5819 90.5265 213.411
7117000 64.0814 59.8794 89.6514 213.612
7118000 63.8962 59.471 89.4911 212.858
7119000 62.8259 60.2188 90.2486 213.293
7120000 63.0414 58.407 91.1145 212.563
7121000 63.8648 57.2853 91.5389 212.689
7122000 63.839 57.5218 89.8133 211.174
7123000 65.7112 55.889 88.9312 210.531
7124000 66.0797 54.4008 92.2809 212.761
7125000 65.4556 55.245 92.7833 213.484
7126000 64.6968 57.4416 91.2542 213.393
7127000 65.5269 58.5929 92.5749 216.695
7128000 66.1047 56.5144 92.2768 214.896
7129000 67.0484 55.4378 91.6322 214.118
7130000 69.877 54.956 90.1839 215.017
7131000 70.2439 54.5097 91.6121 216.366
7132000 71.9186 56.5138 91.5462 219.979
7133000 71.4749 57.1958 90.6597 219.33
7134000 70.7308 56.6158 92.3538 219.7
7135000 71.0027 56.2833 93.8447 221.131
7136000 70.2716 55.6335 96.5161 222.421
7137000 69.5131 56.2433 96.4225 222.179
7138000 69.8326 55.5181 95.8576 221.208
7139000 70.2264 55.479 97.0315 222.737
7140000 69.8135 54.2578 95.1347 219.206
7141000 68.8061 54.8755 93.2806 216.962
7142000 67.6167 56.069 91.8984 215.584
7143000 67.8866 56.086 91.8486 215.821
7144000 69.7595 54.7251 91.9042 216.389
7145000 69.7542 55.3714 95.4627 220.588
7146000 68.3606 55.8013 95.5291 219.691
7147000 68.4888 55.6894 96.2924 220.471
7148000 70.9997 55.6968 98.0586 224.755
7149000 72.8066 55.6089 100.366 228.781
7150000 72.5149 56.6263 103.084 232.225
7151000 72.9562 56.0863 102.19 231.232
7152000 73.126 56.6235 99.9323 229.682
7153000 71.7122 56.0959 99.6886 227.497
7154000 70.1372 56.2997 99.5084 225.945
7155000 69.6076 56.9755 99.1786 225.762
7156000 71.3455 55.844 98.5945 225.784
7157000 73.9566 54.4498 99.1882 227.595
7158000 75.797 54.3257 100.327 230.449
7159000 78.8413 55.1211 102.547 236.51
7160000 80.8258 56.4677 103.299 240.592
7161000 81.842 57.1434 104.662 243.647
7162000 82.3901 59.3042 101.999 243.694
7163000 83.0858 59.2852 101.942 244.313
7164000 82.0139 60.1724 101.408 243.594
7165000 82.1834 59.9456 98.2237 240.353
7166000 82.4664 58.5002 97.453 238.42
7167000 82.0299 59.5078 96.1274 237.665
7168000 80.439 60.516 96.845 237.8
7169000 81.0163 59.9616 96.5504 237.528
7170000 80.018 60.6625 92.7841 233.465
7171000 78.7155 61.0926 90.1004 229.909
7172000 79.5342 59.4532 91.4255 230.413
7173000 81.6475 59.6421 91.9358 233.225
7174000 81.7429 61.4455 93.4412 236.63
7175000 82.3126 60.9112 95.7026 238.926
7176000 82.5571 58.7291 96.2764 237.563
7177000 83.3882 57.7179 96.7565 237.863
7178000 84.5059 58.0639 96.0679 238.638
7179000 85.9306 57.7068 96.5806 240.218
7180000 85.5689 57.3248 96.5592 239.453
7181000 84.8668 58.0401 96.7207 239.628
7182000 85.868 61.0683 98.4719 245.408
7183000 87.3415 61.3818 99.2184 247.942
7184000 87.0625 60.6566 97.3488 245.068
7185000 84.9525 59.3509 96.6988 241.002
7186000 82.7583 58.4876 95.8659 237.112
7187000 80.8304 59.9771 97.2465 238.054
7188000 81.2079 59.1611 98.2931 238.662
7189000 80.7943 59.695 100.394 240.884
7190000 80.795 60.8619 99.4235 241.08
7191000 81.2736 61.9522 99.1298 242.356
7192000 83.5066 62.2972 99.0244 244.828
7193000 84.1144 63.1506 98.1866 245.452
7194000 84.9383 63.7813 99.1131 247.833
7195000 86.0339 62.8531 101.094 249.981
7196000 83.1693 61.686 99.5613 244.417
7197000 80.2054 62.8272 97.849 240.882
7198000 80.3331 63.2415 99.7328 243.307
7199000 79.8234 63.395 99.667 242.885
7200000 80.6941 62.7392 97.7567 241.19
7201000 80.4364 63.0248 96.3367 239.798
7202000 81.4449 61.737 97.5546 240.737
7203000 82.7785 59.7286 97.5705 240.078
7204000 83.4822 61.0479 98.5565 243.087
7205000 84.0382 61.9948 95.8626 241.896
7206000 84.5801 62.2953 95.0473 241.923
7207000 85.0229 60.9133 95.5279 241.464
7208000 86.4178 60.7162 96.5672 243.701
7209000 87.6432 60.4164 96.9983 245.058
7210000 86.7328 59.8513 97.1031 243.687
7211000 86.7454 59.4299 98.9012 245.077
7212000 87.1844 60.7081 101.504 249.397
7213000 87.6969 62.1788 104.019 253.894
7214000 87.7371 62.3447 105.095 255.176
7215000 86.5828 60.7862 107.205 254.574
7216000 86.9727 61.1655 107.747 255.885
7217000 87.3688 61.5528 109.485 258.407
7218000 90.6406 61.2965 109.634 261.572
7219000 93.3781 62.168 110.094 265.64
7220000 96.1066 62.1443 107.829 266.08
7221000 97.3537 61.3746 107.641 266.369
7222000 96.4702 59.9056 107.345 263.72
7223000 98.1178 59.3048 106.923 264.345
7224000 97.671 58.6666 107.623 263.96
7225000 96.5493 58.0704 108.866 263.486
7226000 96.2274 58.3044 108.732 263.263
7227000 94.6176 57.5033 107.364 259.485
7228000 96.7222 57.1997 110.001 263.923
7229000 95.0152 56.5352 112.6 264.15
7230000 93.2804 56.0528 112.998 262.332
7231000 90.5971 56.5704 113.37 260.537
7232000 89.9111 57.6277 109.312 256.85
7233000 89.3547 57.0959 108.456 254.906
7234000 88.7183 56.7858 108.928 254.432
7235000 89.3768 57.9278 110.12 257.424
7236000 89.3321 59.5497 109.662 258.543
7237000 88.8631 61.1471 109.925 259.935
7238000 88.6795 60.9675 107.346 256.993
7239000 88.7073 64.1008 106.481 259.29
7240000 88.421 63.785 108.904 261.11
7241000 87.9551 64.2861 111.308 263.549
7242000 88.4871 63.4313 109.361 261.279
7243000 87.6112 61.9184 107.241 256.771
7244000 87.8877 60.284 105.378 253.55
7245000 86.762 60.8367 104.815 252.414
7246000 87.6556 59.604 103.688 250.948
7247000 86.4356 57.8369 103.81 248.082
7248000 85.7255 57.3414 103.033 246.1
7249000 85.7991 56.1849 99.6036 241.588
7250000 87.0376 56.2526 99.3639 242.654
7251000 87.6567 55.7791 99.8855 243.321
7252000 86.5011 54.0938 100.226 240.821
7253000 84.5483 54.4573 98.1984 237.204
7254000 82.2852 53.8686 93.7322 229.886
7255000 81.0099 52.86 92.7183 226.588
7256000 79.244 54.6961 94.2575 228.198
7257000 78.1731 56.1689 95.8166 230.159
7258000 79.0412 55.1287 99.8394 234.009
7259000 78.6291 53.9434 101.39 233.963
7260000 78.1835 53.3317 97.8011 229.316
7261000 78.109 53.4779 97.0409 228.628
7262000 77.7498 53.0783 97.5998 228.428
7263000 79.3834 52.3961 100.923 232.702
7264000 80.2436 54.2324 99.4978 233.974
7265000 81.4412 55.2077 96.9018 233.551
7266000 80.8956 54.0965 93.564 228.556
7267000 80.7245 51.4124 94.5568 226.694
7268000 81.348 51.4667 93.0966 225.911
7269000 80.6384 51.5369 91.2645 223.44
7270000 82.7276 50.6666 93.2769 226.671
7271000 83.8052 50.394 94.4216 228.621
7272000 83.9419 49.2964 94.0056 227.244
7273000 82.5854 47.9486 94.3347 224.869
7274000 81.1379 48.0419 92.7414 221.921
7275000 81.8552 47.7412 93.433 223.029
7276000 82.891 48.6052 93.4735 224.97
7277000 84.6214 49.356 93.6922 227.67
7278000 84.936 50.1366 94.4023 229.475
7279000 85.2124 49.3217 93.9639 228.498
7280000 84.0106 50.389 92.8581 227.258
7281000 85.5063 53.0062 92.2801 230.793
7282000 87.0875 53.2072 91.9067 232.201
7283000 88.2282 51.5648 92.7476 232.541
7284000 88.0278 50.1322 94.4989 232.659
7285000 90.1861 50.4834 94.1813 234.851
7286000 91.1016 49.5673 92.2891 232.958
7287000 90.827 48.8602 90.6567 230.344
7288000 93.9876 46.8069 89.9794 230.774
7289000 92.809 46.4419 86.2902 225.541
7290000 91.836 48.1511 88.1471 228.134
7291000 92.9721 49.2927 93.2017 235.467
7292000 92.5458 49.3698 92.4994 234.415
7293000 90.9231 49.2268 91.891 232.041
7294000 91.025 48.3067 92.6141 231.946
7295000 90.8175 48.3768 95.0161 234.21
7296000 90.9077 47.6193 93.4067 231.934
7297000 89.686 47.2208 92.7518 229.659
7298000 89.964 47.1889 92.767 229.92
7299000 90.5282 46.7357 95.2281 232.492
7300000 90.5962 47.7572 94.957 233.31
7301000 89.3707 47.4377 93.1786 229.987
7302000 87.3419 47.7378 94.9894 230.069
7303000 85.0739 47.6711 93.236 225.981
7304000 84.3075 47.773 90.7031 222.784
7305000 84.2011 46.8895 86.8904 217.981
7306000 83.9058 45.4949 86.067 215.468
7307000 84.3786 44.1693 86.5482 215.096
7308000 83.8244 44.262 86.138 214.224
7309000 82.4079 43.6544 84.1197 210.182
7310000 80.9694 44.5356 87.15 212.655
7311000 83.1699 45.1568 88.4723 216.799
7312000 81.4984 45.2136 88.6174 215.329
7313000 80.9641 45.2048 90.708 216.877
7314000 80.7634 45.2089 90.6574 216.63
7315000 81.4748 45.0345 91.7825 218.292
7316000 81.7215 43.4517 90.4496 215.623
7317000 82.2304 44.6264 90.699 217.556
7318000 80.9342 44.5359 89.9143 215.384
7319000 81.7964 43.7639 90.0682 215.628
7320000 81.3094 42.2168 89.337 212.863
7321000 79.6294 40.7037 87.8548 208.188
7322000 79.3017 39.788 86.0184 205.108
7323000 76.5814 39.4204 85.6537 201.656
7324000 75.1156 38.2898 86.8645 200.27
7325000 75.8191 37.9152 88.511 202.245
7326000 75.4136 37.7407 89.2208 202.375
7327000 75.3291 37.644 89.0945 202.068
7328000 75.4624 38.3735 89.789 203.625
7329000 74.866 37.8409 89.8079 202.515
7330000 75.6209 37.4545 92.2127 205.288
7331000 77.9556 36.7135 94.3323 209.001
7332000 79.8772 36.1624 93.5749 209.615
7333000 81.1753 37.0889 92.0315 210.296
7334000 81.5843 36.8807 92.4889 210.954
7335000 83.0798 36.9736 93.0669 213.12
7336000 83.3849 36.3579 91.2412 210.984
7337000 82.9174 35.9979 89.302 208.217
7338000 82.037 36.3104 89.0223 207.37
7339000 82.8343 36.5809 88.2015 207.617
7340000 82.0266 36.0103 88.3354 206.372
7341000 81.833 35.6325 91.6405 209.106
7342000 82.3343 36.265 90.8165 209.416
7343000 81.0714 36.7846 89.9843 207.84
7344000 79.131 36.2417 90.5236 205.896
7345000 78.5562 35.5728 87.3449 201.474
7346000 78.4555 35.2098 82.4495 196.115
7347000 79.0175 34.149 79.4882 192.655
7348000 77.0478 33.6934 78.7573 189.499
7349000 76.0078 32.9528 78.7264 187.687
7350000 75.6876 32.6542 78.1708 186.513
7351000 76.987 33.6398 79.5916 190.218
7352000 77.3252 33.5976 81.3354 192.258
7353000 79.082 32.6367 82.4701 194.189
7354000 80.4191 32.942 82.4222 195.783
7355000 83.4889 32.1999 80.0733 195.762
7356000 83.8713 32.4587 78.7014 195.032
7357000 83.9244 32.769 75.9751 192.668
7358000 83.2238 30.3473 76.2166 189.788
7359000 81.9579 29.5366 77.4419 188.936
7360000 80.9423 30.4918 77.6766 189.111
7361000 81.1126 31.0348 77.6388 189.786
7362000 82.7629 30.201 80.1334 193.097
7363000 83.3425 29.9756 80.0937 193.412
7364000 81.4489 30.607 80.2048 192.261
7365000 80.476 31.0028 79.6484 191.127
7366000 79.5875 30.2237 78.8432 188.654
7367000 78.6068 30.1082 76.6869 185.402
7368000 78.0251 31.0728 75.5837 184.682
7369000 77.3332 31.589 76.3884 185.311
7370000 76.2363 31.7814 76.923 184.941
7371000 76.3285 31.4425 75.9702 183.741
7372000 77.6739 31.3383 75.7081 184.72
7373000 78.1127 31.1755 74.4558 183.744
7374000 77.496 32.0755 72.2547 181.826
7375000 79.876 31.9611 72.1709 184.008
7376000 82.6067 32.1475 71.8052 186.559
7377000 83.1878 32.7581 73.7078 189.654
7378000 83.5544 33.4985 74.6447 191.698
7379000 84.3171 33.4342 75.6117 193.363
7380000 84.3997 34.2109 75.304 193.915
7381000 82.8076 34.2742 72.4626 189.544
7382000 81.5508 33.3298 70.9053 185.786
7383000 79.9148 34.9952 71.3806 186.291
7384000 79.6265 35.7512 74.8844 190.262
7385000 81.124 35.0291 76.8853 193.038
7386000 79.3154 34.4162 77.1871 190.919
7387000 79.696 33.8677 76.8377 190.401
7388000 79.9171 33.8027 78.6409 192.361
7389000 81.9005 34.4421 78.2604 194.603
7390000 82.9161 34.3602 76.2021 193.478
7391000 80.6707 32.9042 75.4194 188.994
7392000 80.8801 32.9914 75.1594 189.031
7393000 79.1353 33.8316 73.4803 186.447
7394000 80.279 34.7479 72.7517 187.779
7395000 81.8466 34.6992 74.542 191.088
7396000 81.6978 34.469 72.9153 189.082
7397000 81.7634 34.8539 73.3948 190.012
7398000 80.4483 35.1754 74.9065 190.53
7399000 83.72 35.3472 75.7487 194.816
7400000 84.5499 34.4668 75.6112 194.628
7401000 82.915 33.2576 76.5072 192.68
7402000 83.4132 33.2623 78.3129 194.988
7403000 83.5108 32.6776 79.1629 195.351
7404000 83.159 32.6582 78.802 194.619
7405000 84.3628 33.8738 78.4411 196.678
7406000 85.3421 32.2797 81.3855 199.007
7407000 84.6661 32.4451 82.3737 199.485
7408000 83.5695 31.3582 82.1316 197.059
7409000 83.1496 30.6608 83.1097 196.92
7410000 83.2463 30.2023 84.9803 198.429
7411000 82.8988 30.4112 85.2835 198.593
7412000 81.8965 31.8268 84.2303 197.954
7413000 81.469 32.9584 84.1044 198.532
7414000 80.9777 33.0552 84.4541 198.487
7415000 82.8395 31.9264 83.1256 197.891
7416000 85.5107 32.4249 82.9853 200.921
7417000 87.6202 32.89 85.0833 205.593
7418000 87.8495 33.5627 86.6464 208.059
7419000 88.5538 33.6444 87.1728 209.371
7420000 88.208 34.385 86.5265 209.119
7421000 86.3316 33.6856 87.5728 207.59
7422000 85.8773 34.1312 87.538 207.546
7423000 84.7824 33.5913 87.2748 205.648
7424000 85.3083 34.4336 88.737 208.479
7425000 85.223 35.3398 88.7833 209.346
7426000 85.3414 35.0165 88.5381 208.896
7427000 86.0968 34.6032 89.0115 209.711
7428000 85.6532 34.3829 91.1836 211.22
7429000 85.2294 34.4164 92.7972 212.443
7430000 85.708 34.1516 92.0928 211.952
7431000 84.4894 33.6897 90.4451 208.624
7432000 83.4047 33.5061 91.4257 208.336
7433000 83.5564 32.4505 89.7923 205.799
7434000 81.0742 32.9138 90.7842 204.772
7435000 81.2659 33.5687 89.3743 204.209
7436000 81.8032 33.853 89.0176 204.674
7437000 81.7337 33.7341 90.0971 205.565
7438000 82.0258 33.8035 91.5298 207.359
7439000 84.5642 34.1039 93.0427 211.711
7440000 82.652 33.2946 91.879 207.826
7441000 85.081 32.5523 89.7416 207.375
7442000 83.7754 31.4111 86.5971 201.784
7443000 86.8351 31.1777 85.3178 203.331
7444000 88.7181 31.8753 85.2649 205.858
7445000 90.4083 31.8931 86.3543 208.656
7446000 91.5356 32.3259 85.9557 209.817
7447000 91.4346 32.3726 85.9814 209.789
7448000 90.8189 32.8256 85.4735 209.118
7449000 90.9928 32.9111 86.645 210.549
7450000 91.9744 33.006 88.9302 213.911
7451000 91.7821 34.3632 89.4316 215.577
7452000 90.8083 35.0032 88.3471 214.159
7453000 90.1463 35.2745 88.9264 214.347
7454000 89.5185 35.3335 88.7704 213.622
7455000 89.8068 34.5943 91.2659 215.667
7456000 89.6002 33.8894 92.1622 215.652
7457000 88.5254 33.9161 92.8741 215.316
7458000 90.5573 34.9219 92.6563 218.135
7459000 90.9075 35.338 95.2445 221.49
7460000 91.6923 35.0933 94.2204 221.006
7461000 92.0275 35.1082 94.8128 221.949
7462000 93.8914 34.8355 95.8755 224.602
7463000 95.6634 35.5576 96.1622 227.383
7464000 93.4066 33.8289 97.8336 225.069
7465000 92.5787 31.6211 98.4704 222.67
7466000 93.9955 31.1347 97.1932 222.323
7467000 93.893 30.9857 99.6335 224.512
7468000 93.5494 30.4787 100.338 224.366
7469000 94.0976 29.438 101.652 225.188
7470000 95.1469 29.2892 99.7299 224.166
7471000 93.7937 28.1542 98.5145 220.462
7472000 96.5887 27.3136 96.423 220.325
7473000 98.8358 27.6525 95.7643 222.253
7474000 96.6782 27.9356 95.3713 219.985
7475000 95.2099 27.5768 91.7806 214.567
7476000 95.1941 27.9401 92.3271 215.461
7477000 95.7672 27.8649 91.7637 215.396
7478000 95.5379 28.3879 91.4504 215.376
7479000 96.3773 29.1493 88.3009 213.827
7480000 95.6473 28.659 85.5758 209.882
7481000 95.7582 28.5887 87.1713 211.518
7482000 95.4679 27.6493 90.864 213.981
7483000 98.0367 26.7457 90.4088 215.191
7484000 98.7158 27.9331 88.9338 215.583
7485000 97.9011 27.5498 86.6836 212.134
7486000 97.374 26.46 85.0217 208.856
7487000 97.7249 26.5915 82.2941 206.61
7488000 97.4073 27.227 81.5493 206.184
7489000 95.3936 27.4158 81.4877 204.297
7490000 94.8443 27.8339 82.7839 205.462
7491000 93.4756 27.1296 84.77 205.375
7492000 93.1702 27.0003 86.0488 206.219
7493000 91.4379 27.6173 84.6256 203.681
7494000 92.6813 28.9195 87.3378 208.939
7495000 93.0847 29.0262 87.2055 209.316
7496000 91.8344 29.4833 87.0386 208.356
7497000 92.0976 29.4744 86.5671 208.139
7498000 94.7217 29.1143 89.0475 212.883
7499000 96.2623 29.0404 90.5073 215.81
7500000 97.1875 30.1686 89.9049 217.261
7501000 94.4277 30.8415 88.6239 213.893
7502000 93.9946 30.216 87.5484 211.759
7503000 93.3719 29.4503 87.5133 210.336
7504000 92.0665 29.6652 86.8729 208.605
7505000 93.475 30.6442 83.0056 207.125
7506000 91.2501 30.7416 82.7388 204.73
7507000 90.7391 30.3686 85.2727 206.38
7508000 90.6341 30.9974 85.7967 207.428
7509000 91.6041 30.2285 85.1324 206.965
7510000 91.7797 29.69 84.2346 205.704
7511000 91.8798 29.5359 84.3186 205.734
7512000 89.8403 31.0242 82.5553 203.42
7513000 89.1099 31.3688 78.8742 199.353
7514000 86.5249 29.4369 78.2805 194.242
7515000 87.8429 28.4831 78.4985 194.825
7516000 88.5812 28.805 79.0114 196.398
7517000 89.2478 29.8258 81.5408 200.614
7518000 90.4314 30.9596 85.4814 206.872
7519000 88.9309 31.73 86.8004 207.461
7520000 88.3594 32.3552 87.5066 208.221
7521000 90.4631 31.9973 87.2051 209.666
7522000 89.8557 32.5112 87.9968 210.364
7523000 87.0158 33.6765 89.9628 210.655
7524000 88.1502 34.4058 91.2809 213.837
7525000 89.714 33.5442 91.2107 214.469
7526000 91.356 32.4386 88.1203 211.915
7527000 92.032 32.1833 84.41 208.625
7528000 91.6954 32.3775 83.7678 207.841
7529000 93.0724 32.6989 85.6798 211.451
7530000 94.4373 32.3683 85.4264 212.232
7531000 97.2069 32.1003 83.633 212.94
7532000 99.4772 31.6793 81.9444 213.101
7533000 100.28 31.1507 80.5536 211.984
7534000 100.21 31.1561 78.7068 210.073
7535000 101.166 30.86 77.3591 209.385
7536000 101.525 30.5606 77.6152 209.7
7537000 98.9441 28.7827 77.9397 205.667
7538000 99.4534 28.3786 78.5185 206.351
7539000 100.622 28.9985 79.8582 209.479
7540000 100.074 27.9253 81.6946 209.694
7541000 100.927 28.418 81.0494 210.394
7542000 102.613 28.031 83.5431 214.187
7543000 102.282 27.8156 84.6045 214.702
7544000 102.587 27.6367 86.3429 216.567
7545000 101.836 27.4102 87.3718 216.617
7546000 104.106 26.8827 83.7868 214.776
7547000 104.123 26.8149 83.6527 214.591
7548000 103.421 26.6201 83.6713 213.712
7549000 101.417 26.2197 81.5434 209.18
7550000 99.4481 26.5423 81.6295 207.62
7551000 101.245 26.6732 78.029 205.947
7552000 100.704 26.8165 75.2028 202.723
7553000 99.3033 28.8338 75.2679 203.405
7554000 98.7288 30.49 74.5924 203.811
7555000 97.721 30.9734 73.8418 202.536
7556000 98.9082 30.9901 75.1347 205.033
7557000 99.6274 30.9803 76.2803 206.888
7558000 100.388 30.4487 74.907 205.744
7559000 99.3417 30.463 73.2371 203.042
7560000 98.7751 30.6975 75.1082 204.581
7561000 99.1722 30.555 74.2874 204.015
7562000 100.335 30.8358 73.6754 204.846
7563000 100.236 30.9151 73.3341 204.485
7564000 98.5698 30.9461 73.1817 202.698
7565000 97.0392 31.4226 70.9136 199.375
7566000 97.07 32.089 70.5052 199.664
7567000 98.5659 33.1864 72.9434 204.696
7568000 97.4854 33.6456 74.9067 206.038
7569000 99.5633 33.8468 75.4353 208.845
7570000 101.716 33.3102 76.0195 211.045
7571000 104.201 33.0896 76.1411 213.431
7572000 102.776 33.5301 74.4227 210.729
7573000 103.135 34.1285 73.9226 211.187
7574000 101.18 34.0218 75.7091 210.911
7575000 98.6026 33.9653 76.8682 209.436
7576000 97.3123 33.9817 76.332 207.626
7577000 96.0523 34.3961 78.2929 208.741
7578000 96.4453 35.255 78.7413 210.442
7579000 96.5005 35.9833 77.9723 210.456
7580000 99.0528 35.8513 78.5722 213.476
7581000 100.181 35.7138 80.4616 216.357
7582000 99.337 35.6041 81.9106 216.852
7583000 98.0748 35.6468 79.3289 213.05
7584000 95.8332 36 78.7087 210.542
7585000 96.4348 36.0062 77.0419 209.483
7586000 95.607 36.0562 76.8497 208.513
7587000 97.4845 34.9281 74.9152 207.328
7588000 99.1486 33.6865 73.8417 206.677
7589000 99.377 34.3295 74.7271 208.434
7590000 98.9508 34.9186 76.9579 210.827
7591000 97.1353 35.214 78.3524 210.702
7592000 98.9586 35.882 76.2013 211.042
7593000 101.261 35.7871 76.7518 213.8
7594000 101.614 36.8812 77.2138 215.709
7595000 101.272 37.1778 78.3511 216.801
7596000 98.7739 37.2343 78.2167 214.225
7597000 98.3919 36.6753 80.5996 215.667
7598000 97.8931 36.9645 80.0279 214.886
7599000 97.0037 37.522 78.4183 212.944
7600000 98.8895 36.3572 77.2917 212.538
7601000 101.014 35.9066 77.5745 214.495
7602000 102.265 35.2636 79.4689 216.997
7603000 101.905 34.1209 79.1218 215.148
7604000 102.709 34.1508 80.1624 217.022
7605000 103.255 35.5907 82.7111 221.557
7606000 103.947 35.7236 83.9771 223.648
7607000 103.029 36.6884 83.2587 222.976
7608000 103.259 36.8682 83.3556 223.483
7609000 103.757 36.8022 82.456 223.015
7610000 103.303 36.7733 83.6469 223.723
7611000 105.309 35.7203 82.3566 223.386
7612000 106.29 34.5443 81.1642 221.999
7613000 107.656 34.7512 81.6741 224.082
7614000 111.122 35.0623 81.1991 227.383
7615000 112.151 35.3672 80.2305 227.749
7616000 113.039 34.8768 80.4106 228.326
7617000 114.535 34.8179 78.4578 227.811
7618000 115.686 34.4534 77.6542 227.793
7619000 114.294 34.6398 77.6166 226.551
7620000 114.804 34.2714 76.205 225.28
7621000 113.017 32.9463 75.0051 220.968
7622000 114.263 32.6493 73.7865 220.698
7623000 116.099 31.8389 74.231 222.168
7624000 114.363 32.7648 75.366 222.494
7625000 115.301 32.3349 76.6895 224.325
7626000 114.696 31.0866 77.6354 223.418
7627000 114.451 29.9498 77.6803 222.081
7628000 113.904 29.0657 76.9347 219.904
7629000 111.491 28.8752 76.3923 216.758
7630000 113.87 29.279 75.7302 218.879
7631000 115.169 29.8028 75.3504 220.322
7632000 115.35 30.2493 76.9113 222.51
7633000 116.46 31.6504 78.0228 226.133
7634000 119.357 32.4884 75.5503 227.396
7635000 119.425 32.0708 76.0502 227.546
7636000 119.307 32.4077 78.7342 230.449
7637000 119.839 31.6267 77.9447 229.41
7638000 119.103 32.1307 75.7352 226.969
7639000 118.707 31.1134 75.9488 225.769
7640000 119.124 30.5939 74.4438 224.162
7641000 115.687 31.9739 73.4603 221.121
7642000 115.054 32.7701 73.0695 220.894
7643000 117.535 32.104 73.1368 222.776
7644000 117.87 32.5756 74.3946 224.84
7645000 118.223 34.0903 75.7621 228.075
7646000 117.278 35.2418 75.1911 227.711
7647000 115.833 34.7784 74.3111 224.923
7648000 117.226 34.1883 71.9397 223.354
7649000 118.035 32.792 70.4874 221.314
7650000 119.048 33.1211 68.2348 220.404
7651000 119.665 32.5117 69.5409 221.717
7652000 119.331 31.2659 70.3891 220.986
7653000 119.864 30.8108 70.6819 221.357
7654000 122.952 30.0669 71.1472 224.166
7655000 122.894 29.5197 72.9237 225.337
7656000 126.484 29.6633 74.1932 230.341
7657000 127.682 30.103 73.6463 231.431
7658000 129.17 29.907 74.9665 234.044
7659000 128.211 30.0782 74.8377 233.127
7660000 126.616 30.7073 74.4878 231.811
7661000 125.417 29.9885 74.3769 229.782
7662000 126.054 29.8109 71.7821 227.647
7663000 126.076 30.1379 71.436 227.649
7664000 125.659 29.2364 69.8442 224.74
7665000 125.188 29.3462 67.256 221.79
7666000 125.03 29.6554 67.9752 222.661
7667000 123.194 29.3871 70.4462 223.027
7668000 120.266 29.2024 70.7288 220.198
7669000 120.413 29.5805 69.7548 219.748
7670000 118.561 30.3149 71.6053 220.481
7671000 117.357 29.6179 72.3933 219.368
7672000 118.615 28.8772 70.6571 218.15
7673000 118.525 28.825 68.356 215.706
7674000 117.654 29.3159 66.9567 213.927
7675000 115.924 29.7521 66.5733 212.25
7676000 116.992 29.8845 67.0453 213.922
7677000 117.697 30.3475 67.7119 215.757
7678000 116.786 31.4592 68.7478 216.993
7679000 116.76 31.7348 68.8989 217.394
7680000 115.828 31.1055 68.5231 215.456
7681000 115.042 29.8959 71.1108 216.049
7682000 117.534 29.7249 72.1022 219.361
7683000 118.492 31.0495 72.834 222.375
7684000 118.306 32.024 72.1845 222.514
7685000 117.969 32.3608 71.4441 221.774
7686000 117.813 32.051 72.6397 222.504
7687000 114.018 30.9484 71.3521 216.319
7688000 113.963 30.7198 70.0687 214.752
7689000 112.84 31.4564 71.2049 215.501
7690000 113.892 31.4954 70.5146 215.902
7691000 113.169 32.219 70.4612 215.849
7692000 111.775 32.0706 71.0176 214.863
7693000 111.156 32.352 70.6194 214.127
7694000 109.445 33.0695 70.2715 212.786
7695000 107.443 32.3682 70.9183 210.729
7696000 106.693 32.4245 72.0046 211.122
7697000 106.479 32.1865 70.1286 208.795
7698000 105.846 32.7591 68.0815 206.687
7699000 105.005 33.4538 66.3589 204.817
7700000 104.549 32.6591 65.2124 202.421
7701000 105.231 32.7089 64.9009 202.841
7702000 106.175 32.7304 63.952 202.857
7703000 104.987 33.1305 65.9027 204.021
7704000 105.444 32.8963 66.8338 205.174
7705000 107.782 33.0155 66.9278 207.726
7706000 108.838 33.2136 68.426 210.478
7707000 111.508 33.4478 69.3997 214.355
7708000 112.274 33.4405 68.7445 214.459
7709000 112.713 32.6565 66.9821 212.352
7710000 111.182 32.9058 65.0342 209.122
7711000 110.431 32.4881 66.9922 209.911
7712000 112.254 32.1841 67.5817 212.02
7713000 114.565 32.4557 69.454 216.474
7714000 112.966 32.3803 68.1155 213.462
7715000 112.702 33.3521 69.068 215.122
7716000 113.57 33.9042 69.2452 216.72
7717000 114.159 32.8778 68.5683 215.605
7718000 112.197 33.8224 71.2373 217.256
7719000 112.453 35.1371 71.8362 219.427
7720000 110.253 36.0364 71.6839 217.974
7721000 109.351 36.302 70.9902 216.643
7722000 110.212 37.111 70.1807 217.504
7723000 110.16 37.7896 70.3843 218.334
7724000 110.768 38.9284 70.8314 220.528
7725000 112.25 39.8681 74.1123 226.23
7726000 113.505 39.0647 74.9065 227.476
7727000 112.763 39.0146 72.9066 224.685
7728000 112.698 39.7353 71.9768 224.41
7729000 113.776 40.8496 73.1807 227.806
7730000 112.326 41.3339 73.2355 226.896
7731000 111.835 40.6684 73.6617 226.165
7732000 113.482 40.6657 75.7945 229.942
7733000 115.787 41.3275 75.1656 232.28
7734000 114.709 40.5837 74.3901 229.683
7735000 112.612 39.2199 74.4552 226.287
7736000 112.414 38.0132 72.65 223.077
7737000 112.662 37.7112 72.8308 223.204
7738000 112.404 38.309 72.6 223.313
7739000 114.236 38.5808 73.3062 226.123
7740000 115.09 38.0135 70.65 223.754
7741000 114.691 38.0508 71.9932 224.735
7742000 116.341 38.7493 72.9117 228.002
7743000 117.888 36.7325 73.9186 228.539
7744000 115.779 37.2233 74.4899 227.492
7745000 116.211 37.5574 75.2873 229.056
7746000 118.997 37.9608 76.0464 233.004
7747000 120.1 38.0541 76.2727 234.427
7748000 122.377 38.0178 76.2806 236.675
7749000 125.058 38.8708 76.1671 240.096
7750000 125.922 38.6215 76.1759 240.719
7751000 122.59 38.3454 76.1789 237.115
7752000 121.434 38.2345 76.204 235.873
7753000 123.157 37.957 77.2621 238.376
7754000 122.535 36.8984 77.4803 236.914
7755000 125.919 36.4469 76.6335 239
7756000 127.936 36.6767 76.613 241.225
7757000 126.881 35.7698 74.6432 237.294
7758000 129.624 35.3034 72.8546 237.782
7759000 130.672 36.1219 72.5176 239.312
7760000 131.519 36.6052 74.8268 242.951
7761000 131.61 35.9732 75.0459 242.629
7762000 130.739 36.6239 75.0117 242.374
7763000 131.756 37.4787 77.7207 246.955
7764000 130.429 39.1224 79.7209 249.272
7765000 128.265 38.9172 79.8896 247.072
7766000 125.334 38.7415 80.283 244.358
7767000 125.04 38.1451 79.1706 242.356
7768000 128.116 35.7868 81.8577 245.761
7769000 130.081 35.59 85.1257 250.796
7770000 129.523 35.6861 85.7279 250.937
7771000 130.103 36.571 83.8452 250.519
7772000 130.408 36.3576 81.5416 248.308
7773000 127.91 36.529 81.7939 246.233
7774000 127.204 36.791 79.6827 243.677
7775000 127.249 37.5821 78.3235 243.155
7776000 127.058 36.9479 78.9251 242.931
7777000 126.262 36.3215 78.0062 240.589
7778000 124.534 36.3642 76.1898 237.088
7779000 123.487 36.9884 74.2345 234.71
7780000 125.327 37.5657 72.6713 235.564
7781000 128.888 38.5457 68.7878 236.222
7782000 126.737 38.6606 69.2249 234.622
7783000 126.547 39.7844 70.2197 236.551
7784000 125.368 39.5589 70.7441 235.671
7785000 121.68 40.0887 69.7679 231.537
7786000 119.282 40.4517 67.6139 227.347
7787000 115.422 41.0404 67.3681 223.83
7788000 113.926 41.0382 68.2591 223.223
7789000 114.712 42.0833 69.0808 225.876
7790000 114.527 41.7655 69.4997 225.792
7791000 115.948 42.0801 67.7099 225.738
7792000 112.681 42.0205 66.7672 221.468
7793000 111.358 42.1511 66.9236 220.433
7794000 109.491 41.6335 66.8229 217.948
7795000 107.478 41.5173 65.0876 214.083
7796000 106.123 42.4507 65.2034 213.777
7797000 106.991 41.7242 64.4572 213.173
7798000 105.949 40.8463 63.4026 210.198
7799000 105.727 40.8585 63.0073 209.592
7800000 105.671 41.1274 63.1112 209.909
7801000 106.177 40.7699 64.0983 211.045
7802000 105.064 40.2424 64.4621 209.768
7803000 103.789 39.3207 64.0413 207.151
7804000 104.628 39.7453 63.9703 208.344
7805000 108.041 39.1677 63.9419 211.151
7806000 107.646 38.8446 64.4484 210.939
7807000 105.97 38.7717 63.5619 208.304
7808000 106.234 39.5308 62.4227 208.187
7809000 106.264 39.0334 63.7391 209.037
7810000 106.244 38.8544 62.9046 208.003
7811000 106.843 39.3846 63.6407 209.868
7812000 105.015 39.1331 64.1144 208.263
7813000 104.327 38.8477 63.1037 206.279
7814000 104.936 37.6838 60.9956 203.616
7815000 106.807 37.7056 59.1249 203.637
7816000 106.825 38.7435 57.9679 203.536
7817000 107.704 39.4601 57.5709 204.735
7818000 107.852 37.6717 56.1785 201.702
7819000 110.927 37.0654 57.4658 205.458
7820000 114.406 36.6326 59.1019 210.14
7821000 113.061 36.9032 57.88 207.844
7822000 109.99 37.6944 57.9922 205.676
7823000 106.731 37.762 59.6305 204.124
7824000 106.994 38.279 61.8678 207.141
7825000 106.377 38.4793 61.9622 206.819
7826000 109.337 39.0129 59.5797 207.93
7827000 109.187 39.2472 59.1169 207.552
7828000 112.151 40.6136 58.0317 210.796
7829000 112.332 41.8353 58.4324 212.6
7830000 111.502 41.88 59.2743 212.656
7831000 110.064 42.0102 61.2096 213.284
7832000 110.913 41.4098 60.6025 212.925
7833000 110.565 41.4372 60.46 212.462
7834000 112.912 40.7653 61.3283 215.006
7835000 114.15 41.1532 62.6918 217.995
7836000 113.563 42.8748 62.0654 218.503
7837000 114.5 43.0281 62.9948 220.523
7838000 114.025 42.9106 64.7933 221.729
7839000 112.954 44.5034 63.9128 221.37
7840000 114.437 43.4563 62.6095 220.503
7841000 115.697 43.5069 63.5877 222.792
7842000 114.142 43.1905 64.2995 221.632
7843000 114.779 45.0813 64.2952 224.156
7844000 117.266 43.6287 65.5584 226.453
7845000 115.951 42.0354 66.5478 224.534
7846000 115.037 40.6792 66.1221 221.838
7847000 113.565 39.7694 66.8447 220.179
7848000 115.771 39.714 67.99 223.475
7849000 116.233 39.2427 70.6086 226.084
7850000 115.264 38.9297 72.0144 226.208
7851000 113.652 39.2842 72.2573 225.194
7852000 115.812 39.0468 71.7572 226.616
7853000 116.055 39.0285 71.2977 226.381
7854000 115.309 38.6846 67.4574 221.451
7855000 115.28 39.1793 67.2893 221.749
7856000 114.948 39.0312 65.3148 219.294
7857000 112.301 39.2789 65.5369 217.117
7858000 109.902 38.8514 66.0854 214.839
7859000 111.387 38.7151 67.5802 217.682
7860000 111.994 37.8653 65.918 215.778
7861000 114.375 37.082 66.5729 218.03
7862000 113.525 36.8529 66.9219 217.3
7863000 112.801 37.1478 68.3649 218.313
7864000 112.864 37.1339 70.1372 220.135
7865000 114.543 36.1067 71.3322 221.982
7866000 115.78 36.6664 71.8315 224.278
7867000 117.249 36.2332 72.0344 225.516
7868000 114.148 35.9298 70.1813 220.259
7869000 113.51 36.2132 69.0377 218.761
7870000 114.973 36.3177 69.6793 220.97
7871000 115.597 36.5886 70.6567 222.843
7872000 114.501 36.8434 73.668 225.012
7873000 114.917 36.3557 75.7681 227.041
7874000 115.693 35.8401 76.7024 228.235
7875000 113.096 35.2836 76.0692 224.449
7876000 114.43 35.796 78.7108 228.937
7877000 113.695 34.64 78.8928 227.228
7878000 113.466 33.8919 78.7444 226.102
7879000 110.977 34.2885 79.6263 224.891
7880000 109.999 34.7545 80.2929 225.047
7881000 109.45 34.5063 80.0275 223.984
7882000 110.568 34.744 79.517 224.829
7883000 109.385 34.1134 78.6484 222.147
7884000 110.481 34.4448 78.5007 223.427
7885000 110.58 35.2696 80.2813 226.131
7886000 115.189 34.8247 82.736 232.75
7887000 115.4 34.3022 83.4994 233.201
7888000 115.01 34.936 83.1051 233.051
7889000 116.442 35.4246 81.561 233.428
7890000 114.907 36.0994 79.2085 230.214
7891000 110.212 37.0196 79.1354 226.367
7892000 108.116 37.3051 80.153 225.574
7893000 107.16 37.5567 77.9599 222.677
7894000 107.992 38.5286 76.8177 223.339
7895000 106.765 38.6902 77.5402 222.995
7896000 106.794 39.0021 77.8034 223.6
7897000 104.589 38.3755 76.3903 219.355
7898000 103.205 37.7231 75.4973 216.426
7899000 103.992 36.8928 75.0433 215.928
7900000 104.755 36.2493 75.936 216.94
7901000 106.536 35.7515 76.9118 219.2
7902000 110.137 37.1392 76.646 223.923
7903000 109.003 39.2402 78.0208 226.264
7904000 108.059 39.849 76.6153 224.524
7905000 110.137 40.1423 77.0351 227.315
7906000 113.179 40.8242 76.7128 230.716
7907000 115.291 42.6131 75.8883 233.792
7908000 114.666 42.6339 77.7351 235.035
7909000 115.273 43.1911 78.8957 237.36
7910000 114.29 42.2911 78.7884 235.37
7911000 111.983 41.6737 78.2205 231.877
7912000 111.391 42.702 80.0258 234.119
7913000 113.989 42.3584 83.6909 240.038
7914000 115.758 42.935 83.616 242.309
7915000 117.274 42.9383 83.5375 243.75
7916000 119.016 41.9386 82.3139 243.268
7917000 119.329 41.3036 80.8469 241.48
7918000 119.368 42.2113 84.229 245.809
7919000 119.537 41.0083 85.3773 245.922
7920000 122.011 40.2647 87.4207 249.697
7921000 122.394 39.594 88.5184 250.506
7922000 123.068 39.6735 90.4471 253.189
7923000 124.047 40.0969 88.7977 252.941
7924000 124.472 39.9276 87.1271 251.527
7925000 125.466 39.827 85.5532 250.846
7926000 127.399 39.2432 85.6415 252.284
7927000 127.302 38.3587 83.0632 248.724
7928000 126.314 38.1307 80.9762 245.421
7929000 126.234 37.8378 82.6676 246.739
7930000 128.405 37.6083 81.2869 247.301
7931000 128.151 37.144 79.9484 245.243
7932000 126.652 37.398 79.8982 243.948
7933000 127.509 37.382 78.0443 242.935
7934000 130.88 37.8089 78.4334 247.122
7935000 130.279 38.4633 77.756 246.498
7936000 128.993 37.7602 77.4657 244.219
7937000 127.731 37.8465 76.8338 242.411
7938000 129.307 37.3304 76.4997 243.137
7939000 128.918 36.5766 77.8087 243.303
7940000 128.659 37.606 78.7892 245.054
7941000 129.015 38.0454 80.3651 247.425
7942000 129.776 38.1318 81.3759 249.284
7943000 129.017 37.4618 81.2197 247.699
7944000 127.42 36.266 78.4669 242.153
7945000 127.774 36.3289 76.7992 240.902
7946000 127.413 36.8286 77.9063 242.148
7947000 128.763 37.4547 78.2851 244.503
7948000 129.225 37.6997 80.0323 246.957
7949000 129.105 36.9654 80.2732 246.344
7950000 127.321 37.5963 79.7734 244.691
7951000 126.315 37.253 80.1008 243.669
7952000 124.529 38.3605 80.4275 243.317
7953000 123.036 38.1886 78.9018 240.126
7954000 122.277 36.6409 77.8813 236.799
7955000 121.783 36.4786 78.2372 236.499
7956000 122.403 36.7653 77.7965 236.965
7957000 122.308 37.3909 76.7254 236.424
7958000 123.33 37.7098 75.5227 236.562
7959000 125.556 38.7856 73.8803 238.222
7960000 124.618 39.2755 73.5165 237.41
7961000 124.644 38.7919 75.1209 238.557
7962000 121.855 38.7299 76.7226 237.307
7963000 121.582 38.8179 78.4273 238.827
7964000 121.601 38.5953 78.2575 238.454
7965000 119.922 40.252 76.6821 236.856
7966000 120.818 41.7757 73.8508 236.444
7967000 123.067 43.0768 74.2785 240.422
7968000 122.935 43.195 73.2786 239.409
7969000 122.986 42.6474 73.4373 239.07
7970000 124.237 40.9046 74.2558 239.397
7971000 123.337 40.544 74.9351 238.817
7972000 122.013 39.8905 75.5045 237.408
7973000 122.734 38.5977 75.1855 236.517
7974000 125.561 38.0918 74.0996 237.752
7975000 125.596 38.7856 75.6703 240.052
7976000 126.466 39.6512 77.3365 243.454
7977000 126.51 39.469 80.5209 246.5
7978000 125.61 38.9371 81.4191 245.966
7979000 127.509 39.69 80.8988 248.098
7980000 125.319 39.7251 82.0073 247.051
7981000 125.823 41.1453 82.2619 249.23
7982000 123.752 41.8191 83.5798 249.151
7983000 122.741 42.1879 84.8394 249.769
7984000 120.824 41.7117 85.9091 248.445
7985000 117.88 42.1767 86.927 246.984
7986000 116.759 41.6294 83.7461 242.135
7987000 115.553 40.8762 84.4986 240.928
7988000 114.906 40.7867 85.2615 240.954
7989000 113.656 41.7698 85.5953 241.021
7990000 113.25 43.0705 85.3481 241.668
7991000 115.108 44.9245 85.9911 246.024
7992000 114.03 45.7518 89.3376 249.119
7993000 112.98 45.7376 92.8144 251.532
7994000 112.091 44.5985 94.0508 250.74
7995000 111.933 44.8736 93.3738 250.18
7996000 108.984 42.9884 92.377 244.349
7997000 109.652 42.8932 93.7446 246.29
7998000 112.135 43.1258 92.7972 248.058
7999000 113.092 43.0981 91.1653 247.355
8000000 114.762 43.7832 90.6352 249.18
8001000 116.282 42.5661 90.8299 249.678
8002000 116.109 42.7704 90.8538 249.734
8003000 118.338 43.6806 92.0281 254.047
8004000 116.311 46.5524 92.5904 255.454
8005000 114.975 45.9835 94.5323 255.49
8006000 114.475 45.3811 94.8081 254.665
8007000 112.963 45.6583 95.4139 254.035
8008000 111.284 46.4685 94.2961 252.049
8009000 111.239 46.9756 94.6898 252.904
8010000 112.675 47.4231 96.0699 256.168
8011000 112.543 48.0192 98.7562 259.319
8012000 112.328 48.0728 101.382 261.783
8013000 111.485 46.935 99.2501 257.67
8014000 110.812 46.8248 99.6126 257.249
8015000 112.408 46.8444 98.5883 257.841
8016000 117.491 47.2644 100.008 264.763
8017000 118.395 47.6553 99.4678 265.518
8018000 119.911 49.1294 98.2735 267.314
8019000 117.376 49.2715 98.3069 264.954
8020000 116.046 49.2012 94.6712 259.918
8021000 115.271 49.242 96.1704 260.683
8022000 115.592 49.47 95.5102 260.572
8023000 113.658 49.285 95.5306 258.474
8024000 114.382 49.6209 97.0151 261.018
8025000 116.113 49.3948 95.6189 261.126
8026000 114.14 48.9381 93.2803 256.359
8027000 115.668 50.2591 92.4624 258.39
8028000 115.48 51.0421 92.097 258.619
8029000 116.537 50.0299 94.3787 260.946
8030000 116.728 48.0035 96.8631 261.595
8031000 114.742 46.1556 97.6736 258.572
8032000 112.035 45.376 96.3723 253.783
8033000 110.121 45.4708 95.319 250.911
8034000 111.068 45.2702 95.3853 251.724
8035000 110.209 44.0422 94.194 248.445
8036000 111.597 44.8165 91.08 247.493
8037000 110.353 44.8015 89.8201 244.974
8038000 110.623 44.5175 87.7124 242.853
8039000 110.335 45.0438 86.0863 241.465
8040000 108.134 45.4446 83.5456 237.125
8041000 107.614 45.223 81.2176 234.055
8042000 107.082 44.8081 79.9435 231.833
8043000 107.446 45.3099 80.5622 233.319
8044000 106.37 45.5158 82.4146 234.301
8045000 105.861 46.0739 82.459 234.394
8046000 105.768 45.9554 85.2847 237.008
8047000 105.848 45.1212 87.1556 238.125
8048000 104.851 45.1254 89.1653 239.141
8049000 104.026 45.3758 90.2694 239.671
8050000 105.32 45.8173 93.1492 244.286
8051000 105.105 47.1737 94.9159 247.195
8052000 105.966 48.1584 94.8433 248.968
8053000 108.369 46.8689 95.7578 250.996
8054000 107.361 46.6866 98.736 252.783
8055000 105.22 46.7948 101.884 253.899
8056000 105.199 47.3496 100.912 253.461
8057000 106.616 46.623 99.8057 253.045
8058000 108.767 44.656 99.8599 253.283
8059000 108.187 44.5018 102.931 255.62
8060000 105.549 44.7889 104.329 254.667
8061000 105.192 45.2547 104.742 255.189
8062000 107.611 46.6825 103.999 258.293
8063000 107.46 46.4404 100.391 254.291
8064000 106.756 46.5665 99.2511 252.573
8065000 106.459 46.3619 97.1344 249.955
8066000 108.862 46.0195 96.1163 250.998
8067000 111.046 45.1757 94.7566 250.978
8068000 110.682 45.4394 96.3356 252.457
8069000 111.328 46.8257 99.0832 257.237
8070000 113.46 46.8414 97.5741 257.875
8071000 112.873 47.5761 97.9031 258.352
8072000 115.261 48.5315 100.726 264.518
8073000 116.182 49.1394 100.937 266.258
8074000 116.918 48.6277 102.1 267.645
8075000 114.512 48.0646 103.389 265.966
8076000 114.908 48.6784 102.756 266.342
8077000 113.53 49.0159 100.225 262.771
8078000 112.184 49.4173 97.8651 259.467
8079000 111.715 49.3243 96.9806 258.02
8080000 110.447 49.7471 97.9599 258.154
8081000 110.23 50.2284 97.2352 257.694
8082000 112.817 49.3876 96.7066 258.912
8083000 111.356 47.8511 95.9904 255.198
8084000 111.417 49.4559 94.8705 255.743
8085000 110.184 49.2154 94.3375 253.737
8086000 108.615 49.2099 97.8026 255.627
8087000 107.105 47.5438 99.8941 254.543
8088000 106.388 46.9263 99.5217 252.836
8089000 106.147 46.19 99.9906 252.327
8090000 103.113 45.0005 98.8012 246.915
8091000 101.626 45.3529 97.3254 244.304
8092000 100.727 47.2274 94.1375 242.092
8093000 101.686 49.2307 95.2804 246.197
8094000 102.43 49.3383 96.3973 248.166
8095000 100.83 48.6792 98.2702 247.78
8096000 99.3465 49.0834 97.7727 246.203
8097000 100.773 48.7663 97.8313 247.37
8098000 101.246 48.4721 99.6065 249.324
8099000 99.5061 49.1168 99.52 248.143
8100000 96.4428 49.0566 99.5212 245.021
8101000 97.3669 48.3101 99.0246 244.702
8102000 98.3931 47.3531 97.9228 243.669
8103000 100.317 46.7707 97.1841 244.272
8104000 99.2577 45.1249 96.4739 240.857
8105000 98.8073 45.5001 95.6328 239.94
8106000 97.6022 45.3078 97.019 239.929
8107000 97.5389 45.934 96.6859 240.159
8108000 95.2472 47.0068 97.5481 239.802
8109000 96.7751 45.7187 99.3396 241.834
8110000 96.6851 46.34 99.5274 242.552
8111000 97.0664 44.6183 100.635 242.319
8112000 96.9961 45.2546 101.314 243.565
8113000 93.5742 45.4465 102.561 241.582
8114000 92.8972 44.0334 102.332 239.263
8115000 92.748 43.4021 101.965 238.116
8116000 92.8093 43.1181 102.093 238.02
8117000 92.7267 42.7996 104.187 239.713
8118000 91.4944 42.5205 106.918 240.933
8119000 93.5508 43.1238 109.608 246.283
8120000 94.6902 43.2096 110.214 248.113
8121000 95.8538 42.4096 110.482 248.746
8122000 97.0297 42.2553 109.295 248.58
8123000 94.9478 41.1715 109.233 245.352
8124000 93.8866 41.3925 106.341 241.62
8125000 96.6436 40.8939 106.998 244.536
8126000 97.6721 41.8651 106.591 246.129
8127000 98.3014 41.8998 106.719 246.92
8128000 96.3341 41.4703 107.568 245.373
8129000 94.0707 41.4001 107.311 242.781
8130000 94.9865 41.903 104.18 241.069
8131000 93.8646 41.9899 100.352 236.207
8132000 93.3703 41.895 102.112 237.377
8133000 95.48 42.755 102.696 240.931
8134000 96.9695 42.6914 102.214 241.875
8135000 96.5216 43.2197 103.107 242.849
8136000 95.103 42.191 103.934 241.228
8137000 93.3128 42.8119 103.95 240.074
8138000 93.8672 43.6679 103.726 241.261
8139000 93.0239 45.2023 105.065 243.291
8140000 93.9154 44.8014 104.258 242.975
8141000 95.6854 43.0874 102.308 241.081
8142000 99.5089 41.8581 98.6281 239.995
8143000 98.5114 41.3344 95.7456 235.591
8144000 98.9799 40.8776 93.1939 233.051
8145000 99.8562 41.5067 93.8992 235.262
8146000 99.4383 41.673 96.3864 237.498
8147000 98.6874 42.607 97.1044 238.399
8148000 97.9623 44.6728 97.271 239.906
8149000 97.4407 44.8191 98.4435 240.703
8150000 97.1858 44.3115 100.928 242.425
8151000 99.0936 44.2153 102.039 245.348
8152000 103.06 44.1945 103.179 250.433
8153000 103.105 45.7444 106.15 254.999
8154000 101.429 48.1038 106.521 256.054
8155000 98.7253 49.3442 108.391 256.46
8156000 98.123 49.0667 109.686 256.876
8157000 96.1949 49.7571 110.281 256.233
8158000 91.5271 50.1075 112.018 253.653
8159000 90.7705 50.0717 114.064 254.906
8160000 90.3252 50.1279 116.098 256.551
8161000 90.2349 48.6393 116.897 255.771
8162000 90.7727 48.5351 117.2 256.508
8163000 90.4445 49.4376 117.712 257.594
8164000 87.2955 48.7515 118.825 254.872
8165000 84.6032 48.378 119.204 252.185
8166000 84.1012 50.8444 117.522 252.467
8167000 81.9406 53.5729 116.47 251.984
8168000 81.322 53.483 117.518 252.323
8169000 82.3888 53.4074 118.056 253.852
8170000 82.6401 52.3093 119.851 254.801
8171000 82.2539 51.8579 119.353 253.465
8172000 82.355 51.0874 119.199 252.642
8173000 83.436 51.785 121.138 256.359
8174000 82.132 51.4764 123.069 256.677
8175000 81.722 50.3797 123.068 255.169
8176000 79.0982 49.7278 123.885 252.711
8177000 78.591 49.1854 123.207 250.983
8178000 77.3968 49.332 123.433 250.162
8179000 77.3591 48.7979 124.831 250.988
8180000 78.4675 48.4075 124.996 251.871
8181000 77.5517 48.0317 127.404 252.987
8182000 79.3194 48.8741 127.703 255.897
8183000 79.3804 48.3567 128.94 256.677
8184000 79.8575 47.532 130.581 257.971
8185000 81.7047 49.9715 130.984 262.66
8186000 82.3728 50.959 133.005 266.337
8187000 82.2405 51.7663 133.515 267.522
8188000 81.9001 51.3019 134.541 267.743
8189000 82.7041 51.033 133.437 267.174
8190000 85.7275 51.7132 133.236 270.676
8191000 85.4943 50.4962 130.765 266.755
8192000 83.4499 49.1511 131.656 264.257
8193000 84.0128 49.7576 132.381 266.152
8194000 83.1336 49.9818 130.792 263.908
8195000 81.829 50.8039 132.083 264.715
8196000 83.1581 50.3696 134.669 268.196
8197000 83.7704 50.4514 133.951 268.173
8198000 86.0597 52.5178 131.554 270.132
8199000 86.114 52.0406 132.699 270.854
8200000 87.9713 52.816 134.882 275.669
8201000 89.3786 54.3054 135.205 278.889
8202000 89.1262 52.7464 133.342 275.215
8203000 89.1022 52.8041 133.95 275.856
8204000 91.2498 52.0886 134.195 277.534
8205000 92.1027 52.2648 136.307 280.674
8206000 91.6134 53.4599 135.803 280.876
8207000 90.8979 55.3735 134.174 280.446
8208000 91.2441 56.0102 134.411 281.665
8209000 93.3916 56.3334 137.095 286.82
8210000 94.2596 56.131 139.935 290.326
8211000 94.4095 56.0177 139.902 290.329
8212000 96.4008 55.6029 139.616 291.62
8213000 94.5718 55.2444 141.468 291.284
8214000 95.02 53.3914 140.186 288.598
8215000 94.8267 52.7365 142.723 290.286
8216000 93.1761 54.4581 147.242 294.876
8217000 91.3472 54.9515 146.181 292.48
8218000 90.2556 55.1743 149.282 294.712
8219000 89.5338 55.8143 151.717 297.065
8220000 90.6393 56.6887 151.053 298.381
8221000 91.1764 57.9703 152.9 302.047
8222000 93.284 57.5875 153.01 303.882
8223000 94.0652 57.5428 151.827 303.435
8224000 95.3288 56.7917 151.338 303.458
8225000 95.2027 57.3222 149.896 302.421
8226000 96.5122 58.007 151.867 306.386
8227000 97.9727 59.678 150.014 307.665
8228000 97.5414 59.3737 148.368 305.283
8229000 99.0004 58.5961 148.259 305.856
8230000 98.8437 57.8558 147.356 304.055
8231000 99.5289 58.8296 147.979 306.337
8232000 99.8708 60.178 150.504 310.552
8233000 96.4655 59.9628 152.795 309.224
8234000 95.215 60.6973 153.082 308.994
8235000 95.7017 59.5015 150.408 305.611
8236000 94.0685 58.5084 149.025 301.602
8237000 93.0751 59.0234 147.656 299.754
8238000 92.5377 59.6515 148.326 300.515
8239000 90.4276 59.6803 148.737 298.845
8240000 88.115 61.2011 148.298 297.614
8241000 87.2676 61.6545 148.709 297.632
8242000 86.8732 62.0762 149.988 298.937
8243000 87.3139 62.3483 146.485 296.147
8244000 86.3923 63.0138 150.395 299.801
8245000 86.354 64.2171 152.885 303.456
8246000 88.1231 62.2995 152.989 303.412
8247000 90.545 61.5029 150.476 302.524
8248000 94.2156 60.7072 145.846 300.769
8249000 94.6991 60.7669 145.548 301.014
8250000 94.0635 60.9291 145.61 300.603
8251000 96.9421 61.2694 145.933 304.144
8252000 96.833 63.6786 150.605 311.117
8253000 94.4756 63.8662 148.209 306.55
8254000 93.3942 63.0019 146.493 302.889
8255000 93.5424 62.8469 145.869 302.259
8256000 92.9434 62.3894 145.454 300.787
8257000 92.5694 62.6956 146.603 301.868
8258000 93.5062 62.0265 146.911 302.444
8259000 93.626 62.0112 144.698 300.335
8260000 91.5475 60.6103 140.501 292.658
8261000 90.8596 58.7854 135.496 285.141
8262000 90.0331 58.4576 133.813 282.304
8263000 89.3319 56.4924 135.655 281.48
8264000 91.7357 55.7605 137.254 284.75
8265000 94.269 55.236 136.895 286.399
8266000 92.8766 56.1391 136.297 285.313
8267000 93.23 57.3949 137.024 287.649
8268000 93.1477 56.9364 133.879 283.963
8269000 94.9551 58.3029 134.237 287.495
8270000 96.7332 59.5624 132.889 289.184
8271000 96.4091 59.451 133.204 289.064
8272000 97.4189 57.5486 134.137 289.105
8273000 96.7482 57.2645 137.156 291.169
8274000 98.1686 57.085 138.453 293.706
8275000 98.9278 58.3216 141.712 298.961
8276000 98.9425 58.1862 142.235 299.364
8277000 98.1446 60.7436 142.462 301.35
8278000 97.0644 62.4357 141.522 301.023
8279000 96.9762 63.0168 140.196 300.188
8280000 96.8878 62.4191 141.697 301.004
8281000 94.2474 62.4895 141.061 297.797
8282000 94.5183 63.0322 139.832 297.382
8283000 96.4987 63.8159 140.841 301.155
8284000 98.5156 61.9976 142.297 302.81
8285000 101.244 63.8651 140.602 305.711
8286000 99.9218 64.635 138.415 302.972
8287000 99.7478 64.7568 139.55 304.055
8288000 101.37 64.7223 139.4 305.492
8289000 104.937 64.8755 141.776 311.588
8290000 106.478 65.5044 141.433 313.416
8291000 108.845 64.864 140.399 314.108
8292000 108.665 65.4627 139.248 313.376
8293000 110.22 65.5853 137.033 312.838
8294000 111.759 68.8064 135.157 315.722
8295000 110.124 71.0301 134.632 315.786
8296000 109.443 69.8784 134.983 314.304
8297000 107.893 69.1945 135.836 312.923
8298000 105.62 69.082 137.622 312.324
8299000 104.934 68.7126 138.336 311.982
8300000 108.173 67.5883 136.924 312.685
8301000 110.635 66.0112 133.811 310.457
8302000 115.373 66.2458 131.198 312.817
8303000 113.375 66.7138 130.249 310.339
8304000 112.8 67.0281 131.158 310.986
8305000 110.651 67.2803 132.692 310.624
8306000 109.533 68.0656 132.252 309.85
8307000 109.763 66.2512 132.565 308.579
8308000 109.271 66.4859 130.274 306.031
8309000 107.916 62.5879 132.323 302.827
8310000 107.872 59.874 134.684 302.431
8311000 110.182 58.4917 135.542 304.216
8312000 107.802 57.8657 135.473 301.141
8313000 106.635 55.2945 135.867 297.797
8314000 107.867 54.492 135.373 297.731
8315000 108.661 55.0726 137.74 301.474
8316000 106.805 52.0135 138.129 296.947
8317000 107.414 51.0597 139.544 298.018
8318000 106.177 49.8661 140.768 296.811
8319000 106.852 48.5661 141.179 296.597
8320000 111.815 47.8013 141.83 301.446
8321000 111.049 47.2345 142.39 300.673
8322000 110.554 47.7063 143.935 302.195
8323000 109.784 45.664 141.636 297.084
8324000 109.318 44.3553 140.322 293.995
8325000 108.232 44.3585 137.069 289.659
8326000 106.527 42.7372 137.35 286.614
8327000 107.376 42.8124 134.505 284.694
8328000 108.683 43.2491 134.023 285.956
8329000 108.803 43.8661 136.09 288.759
8330000 107.559 46.0706 136.822 290.452
8331000 107.826 47.3532 136.227 291.406
8332000 105.555 47.2674 135.839 288.661
8333000 105.212 46.9927 137.853 290.058
8334000 105.922 47.4555 142.517 295.894
8335000 108.387 47.954 145.26 301.601
8336000 109.178 47.2296 145.794 302.202
8337000 111.818 46.8648 148.008 306.692
8338000 111.912 46.78 148.065 306.757
8339000 112.066 46.7653 148.572 307.403
8340000 110.24 47.2456 147.989 305.474
8341000 108.273 46.6736 147.487 302.434
8342000 107.548 46.4553 148.898 302.902
8343000 106.209 47.0242 146.966 300.199
8344000 103.473 48.1533 145.015 296.641
8345000 101.303 48.6494 145.203 295.155
8346000 100.332 48.255 144.396 292.983
8347000 99.5927 47.1909 144.235 291.018
8348000 96.3306 46.0393 144.302 286.672
8349000 97.6117 47.1225 140.444 285.178
8350000 98.2722 47.5841 138.765 284.622
8351000 98.8376 47.8063 138.547 285.191
8352000 96.9789 48.1406 137.76 282.879
8353000 98.042 47.807 135.002 280.851
8354000 99.0909 48.0394 132.655 279.786
8355000 99.2685 47.2437 129.897 276.41
8356000 98.4683 45.9768 131.486 275.931
8357000 97.2882 45.9832 134.489 277.76
8358000 96.988 44.9994 134.478 276.466
8359000 95.7725 44.0646 136.609 276.446
8360000 94.4361 44.4015 135.873 274.71
8361000 94.9956 44.7925 133.964 273.752
8362000 99.1836 45.1189 135.106 279.409
8363000 99.9976 45.9274 135.074 280.999
8364000 101.588 46.3251 136.451 284.364
8365000 101.474 45.4603 132.593 279.527
8366000 101.09 45.3769 130.405 276.872
8367000 100.591 44.8916 133.094 278.577
8368000 103.146 44.4305 132.326 279.902
8369000 104.495 42.8056 132.64 279.941
8370000 106.586 42.1026 132.082 280.77
8371000 105.142 42.8179 131.326 279.285
8372000 108.611 43.3737 131.793 283.778
8373000 108.996 43.8425 131.53 284.368
8374000 108.532 43.4235 130.416 282.372
8375000 108.215 42.5694 127.84 278.624
8376000 108.921 41.7779 125.226 275.925
8377000 110.024 40.3736 121.985 272.383
8378000 109.969 39.9185 120.348 270.235
8379000 111.058 39.6067 120.104 270.768
8380000 111.203 40.6159 118.082 269.901
8381000 111.858 41.3826 118.037 271.278
8382000 112.681 42.0187 117.745 272.445
8383000 113.295 42.6799 118.226 274.201
8384000 112.069 42.8917 118.288 273.249
8385000 113.159 43.3086 116.606 273.073
8386000 114.337 43.641 118.403 276.382
8387000 115.367 43.9502 119.522 278.839
8388000 113.331 44.0464 121.477 278.855
8389000 114.027 44.2293 127.807 286.064
8390000 116.088 45.8683 132.217 294.174
8391000 117.121 47.1315 131.802 296.054
8392000 116.96 48.2869 131.759 297.006
8393000 114.699 48.1632 130.607 293.469
8394000 116.06 46.9509 128.782 291.793
8395000 117.025 46.1494 129.214 292.388
8396000 119.913 46.404 132.054 298.371
8397000 123.065 47.5658 133.293 303.924
8398000 125.285 48.5733 133.118 306.976
8399000 124.758 47.399 130.579 302.736
8400000 123.333 45.9125 131.218 300.464
8401000 121.1 46.3411 130.269 297.71
8402000 119.699 46.3775 133.198 299.274
8403000 114.394 46.3586 131.83 292.582
8404000 113.504 46.9367 131.93 292.37
8405000 114.64 48.3685 131.695 294.703
8406000 116.388 49.1571 127.158 292.703
8407000 118.785 51.4353 125.416 295.636
8408000 118.829 53.9027 123.437 296.169
8409000 118.465 55.3957 123.638 297.499
8410000 121.055 56.4218 120.07 297.547
8411000 119.599 57.1857 120.226 297.011
8412000 117.567 55.9488 120.121 293.636
8413000 117.243 54.9264 120.153 292.322
8414000 118.751 55.4719 121.293 295.516
8415000 117.96 55.132 118.29 291.382
8416000 118.428 57.0478 114.335 289.811
8417000 117.876 56.918 113.17 287.965
8418000 116.907 55.2237 114.369 286.5
8419000 118.172 55.9032 114.585 288.659
8420000 116.851 56.6331 114.848 288.332
8421000 119.175 57.5364 115.179 291.89
8422000 119.026 57.3679 114.328 290.722
8423000 114.046 55.7869 115.12 284.953
8424000 110.976 54.5781 118.003 283.557
8425000 109.91 53.4755 116.154 279.539
8426000 110.298 52.6117 115.088 277.998
8427000 112.544 52.8381 116.172 281.555
8428000 114.763 53.2858 115.1 283.148
8429000 114.751 53.4461 115.239 283.435
8430000 112.494 53.3786 114.879 280.751
8431000 112.056 53.3343 113.35 278.741
8432000 112.774 51.6673 111.408 275.85
8433000 114.939 50.5536 108.515 274.007
8434000 115.339 50.5923 109.252 275.184
8435000 116.468 51.0965 109.973 277.538
8436000 116.552 50.8511 111.776 279.179
8437000 116.019 50.5586 112.278 278.856
8438000 113.132 50.1314 112.47 275.733
8439000 114.721 50.5025 113.137 278.361
8440000 116.591 51.1135 111.521 279.226
8441000 118.002 51.8989 110.559 280.46
8442000 120.252 52.7302 111.348 284.33
8443000 118.63 51.7083 112.436 282.774
8444000 116.996 51.0428 113.435 281.474
8445000 118.827 49.8308 114.502 283.159
8446000 121.435 50.5564 115.423 287.415
8447000 120.509 49.9955 119.436 289.941
8448000 122.172 50.4969 120.212 292.881
8449000 122.479 50.2037 122.19 294.873
8450000 120.44 49.6034 124.401 294.444
8451000 120.749 48.4179 123.167 292.334
8452000 121.293 48.2133 122.492 291.998
8453000 123.94 47.7947 121.016 292.751
8454000 122.913 47.7725 119.688 290.374
8455000 121.503 48.0815 117.816 287.401
8456000 120.568 48.4855 115.023 284.077
8457000 120.692 47.0541 110.497 278.243
8458000 122.682 46.8939 110.868 280.444
8459000 122.751 49.4269 110.519 282.697
8460000 123.807 50.4404 112.076 286.323
8461000 125.235 49.8071 112.395 287.437
8462000 123.551 49.4394 114.251 287.241
8463000 122.668 48.2814 114.106 285.055
8464000 120.688 47.9056 113.667 282.26
8465000 119.885 46.4105 115.928 282.224
8466000 120.042 45.7355 114.367 280.144
8467000 119.091 43.4806 112.833 275.405
8468000 120.865 42.3336 113.562 276.761
8469000 121.818 42.3682 119.033 283.219
8470000 122.15 41.9459 121.148 285.243
8471000 120.884 42.138 122.672 285.693
8472000 121.528 43.0405 126.258 290.826
8473000 122.266 42.5682 126.598 291.432
8474000 120.922 42.9728 126.137 290.032
8475000 120.063 42.5171 122.303 284.884
8476000 120.174 42.3482 121.355 283.878
8477000 117.226 42.5568 122.272 282.055
8478000 114.974 41.9411 121.543 278.458
8479000 114.446 42.9465 119.158 276.55
8480000 117.464 42.5228 116.685 276.672
8481000 116.642 42.3618 114.921 273.925
8482000 116.616 42.5288 114.026 273.171
8483000 116.366 42.1832 116.008 274.558
8484000 117.062 42.1754 118.539 277.776
8485000 117.826 42.1386 118.062 278.026
8486000 117.86 41.0377 117.113 276.011
8487000 117.507 40.542 117.432 275.482
8488000 118.918 39.2451 116.334 274.497
8489000 118.889 39.3534 115.06 273.303
8490000 118.712 40.4675 116.984 276.163
8491000 117.048 40.9818 116.496 274.526
8492000 117.039 41.158 116.492 274.689
8493000 117.188 40.9153 120.985 279.088
8494000 114.71 41.3265 124.323 280.36
8495000 114.942 42.0391 125.687 282.668
8496000 114.22 41.6865 123.698 279.605
8497000 115.722 41.5805 125.342 282.645
8498000 118.947 41.0515 127.567 287.565
8499000 116.362 40.1699 128.633 285.165
8500000 114.499 39.9938 127.578 282.071
8501000 113.645 39.3057 124.832 277.782
8502000 111.465 39.6658 121.871 273.002
8503000 112.605 40.7843 119.793 273.183
8504000 111.238 42.3572 118.468 272.063
8505000 109.643 44.3503 119.031 273.024
8506000 109.28 44.2756 119.122 272.678
8507000 110.476 43.8668 119.174 273.517
8508000 110.559 44.5749 122.096 277.229
8509000 111.592 46.4757 120.989 279.056
8510000 110.817 46.1696 118.967 275.954
8511000 110.208 46.0097 118.713 274.931
8512000 110.672 46.7045 117.964 275.34
8513000 111.157 46.6347 121.379 279.17
8514000 112.542 47.4812 120.858 280.881
8515000 112.56 47.5157 120.581 280.657
8516000 113.78 48.1623 120.651 282.594
8517000 113.744 49.4901 122.265 285.499
8518000 114.194 48.5614 124.295 287.05
8519000 112.211 48.4985 125.136 285.845
8520000 113.225 48.5534 127.169 288.947
8521000 111.419 48.888 125.447 285.754
8522000 111.8 49.3945 124.685 285.879
8523000 114.347 49.9523 121.816 286.115
8524000 113.504 50.9535 119.929 284.387
8525000 111.829 52.0869 117.064 280.98
8526000 111.029 52.5204 114.779 278.329
8527000 110.516 51.8912 114.338 276.746
8528000 110.974 52.1335 114.084 277.191
8529000 110.342 51.2945 114.646 276.283
8530000 108.781 51.8883 113.702 274.371
8531000 110.274 51.7678 114.781 276.823
8532000 111.039 50.1919 116.936 278.166
8533000 111.199 50.1489 117.647 278.995
8534000 112.562 50.0773 118.534 281.174
8535000 113.187 50.0788 121.382 284.647
8536000 113.6 49.4276 121.404 284.432
8537000 112.675 48.8574 120.266 281.798
8538000 115.597 48.5321 121.771 285.9
8539000 117.002 50.702 122.483 290.186
8540000 117.842 53.3358 125.754 296.932
8541000 117.686 53.5622 129.33 300.578
8542000 118.916 52.6834 131.915 303.515
8543000 120.121 51.4492 132.995 304.565
8544000 122.18 50.1248 135.286 307.591
8545000 122.764 49.0606 134.953 306.778
8546000 120.668 50.0407 135.805 306.513
8547000 119.17 50.347 137.821 307.338
8548000 118.696 51.0216 137.227 306.945
8549000 117.008 51.7052 137.229 305.942
8550000 117.527 50.3397 135.556 303.422
8551000 120.401 49.4602 133.993 303.854
8552000 118.651 49.1176 135.36 303.128
8553000 115.927 49.3799 138.085 303.391
8554000 116.456 50.158 136.375 302.989
8555000 119.477 51.1858 132.755 303.418
8556000 119.193 51.9335 132.843 303.969
8557000 118.285 52.9184 130.963 302.166
8558000 116.872 52.8714 131.984 301.728
8559000 118.19 54.1218 131.1 303.411
8560000 119.898 53.8854 126.92 300.703
8561000 118.519 53.3965 123.945 295.861
8562000 117.813 53.4768 123.426 294.717
8563000 118.63 54.1593 123.401 296.191
8564000 117.972 53.0955 124.746 295.814
8565000 117.619 54.4444 125.712 297.776
8566000 117.109 53.7126 127.846 298.667
8567000 118.626 51.9445 128.425 298.996
8568000 119.905 51.5105 126.337 297.752
8569000 120.112 50.7167 125.501 296.33
8570000 119.577 51.9792 123.206 294.762
8571000 118.137 53.5869 122.555 294.279
8572000 118.589 52.0598 121.826 292.476
8573000 120.562 51.1707 121.106 292.839
8574000 120.965 51.8676 121.019 293.851
8575000 119.757 50.9448 119.927 290.629
8576000 120.41 50.3274 121.95 292.687
8577000 120.486 50.9234 125.264 296.673
8578000 120.703 51.362 127.222 299.288
8579000 120.622 50.6897 129.625 300.936
8580000 121.489 50.1969 131.566 303.253
8581000 123.518 49.3708 132.325 305.214
8582000 125.302 47.948 134.058 307.308
8583000 125.123 47.1531 134.584 306.86
8584000 125.993 46.8113 134.069 306.873
8585000 128.247 47.7989 133.052 309.098
8586000 129.375 46.9225 132.989 309.287
8587000 131.592 47.3568 135.383 314.332
8588000 133.25 47.8467 135.553 316.65
8589000 135.464 47.9736 135.179 318.616
8590000 132.689 47.535 134.348 314.572
8591000 130.903 46.5878 135.094 312.585
8592000 131.897 45.6355 134.252 311.784
8593000 131.398 45.8221 136.149 313.369
8594000 133.009 44.9456 136.817 314.772
8595000 132.345 45.0939 135.053 312.491
8596000 130.198 44.7382 133.264 308.201
8597000 128.142 44.5042 135.011 307.657
8598000 132.434 43.4344 138.478 314.347
8599000 132.525 43.0993 136.685 312.309
8600000 133.564 43.8623 135.608 313.035
8601000 135.959 44.227 134.378 314.564
8602000 134.543 44.7644 133.419 312.726
8603000 132.953 44.2125 132.294 309.46
8604000 130.508 43.8902 132.452 306.851
8605000 129.897 42.6696 131.802 304.369
8606000 129.708 43.0748 134.624 307.407
8607000 127.403 43.4181 134.511 305.332
8608000 129.344 43.229 134.572 307.145
8609000 131.139 42.1361 130.802 304.077
8610000 132.018 41.9565 130.572 304.547
8611000 131.689 43.5477 130.853 306.09
8612000 132.773 44.1206 128.892 305.785
8613000 132.37 45.1728 129.501 307.045
8614000 131.035 45.1615 130.021 306.217
8615000 128.861 43.7249 130.606 303.191
8616000 127.042 42.271 128.857 298.17
8617000 125.579 41.5863 128.146 295.312
8618000 125.039 42.1221 129.01 296.171
8619000 124.484 42.2053 128.06 294.749
8620000 125.554 41.7538 130.726 298.033
8621000 128.22 41.4528 131.974 301.646
8622000 129.38 40.7233 133.534 303.638
8623000 127.907 40.7245 135.229 303.86
8624000 127.84 40.7533 137.437 306.03
8625000 127.03 40.9101 138.662 306.602
8626000 125.642 41.2809 138.311 305.234
8627000 124.866 41.7011 140.022 306.59
8628000 123.492 41.3626 137.622 302.477
8629000 124.249 40.5222 136.333 301.104
8630000 122.526 39.9119 136.862 299.3
8631000 120.731 38.732 136.669 296.132
8632000 120.513 37.9322 136.808 295.253
8633000 122.67 37.2244 135.323 295.218
8634000 125.909 36.6768 131.788 294.374
8635000 126.274 36.5214 129.255 292.05
8636000 126.004 36.1283 129.766 291.898
8637000 128.561 35.9239 130.354 294.838
8638000 131.009 35.8785 129.915 296.803
8639000 131.807 36.5303 127.522 295.859
8640000 130.791 36.3983 126.073 293.263
8641000 131.389 36.5547 126.697 294.641
8642000 129.412 36.1672 126.989 292.569
8643000 127.566 36.2352 128.346 292.147
8644000 125.036 35.9919 125.124 286.152
8645000 121.771 36.6999 127.408 285.879
8646000 118.97 37.6833 128.797 285.45
8647000 118.292 39.2527 130.368 287.913
8648000 117.654 40.7521 132.905 291.311
8649000 116.446 41.2219 133.595 291.262
8650000 120.354 42.1262 135.686 298.166
8651000 120.891 43.3034 137.006 301.201
8652000 122.144 44.1344 138.892 305.17
8653000 122.839 44.6847 137.32 304.844
8654000 120.151 43.9129 133.279 297.342
8655000 118.636 43.7015 134.299 296.636
8656000 116.873 43.5749 134.519 294.966
8657000 114.48 44.4215 138.375 297.277
8658000 112.002 44.4153 140.45 296.868
8659000 111.691 43.9699 138.39 294.05
8660000 112.113 44.5946 135.642 292.35
8661000 112.674 44.3511 133.874 290.899
8662000 113.738 43.845 137.445 295.028
8663000 113.747 45.0202 139.954 298.722
8664000 112.14 45.7733 142.118 300.031
8665000 113.865 45.6086 142.536 302.01
8666000 115.765 44.9943 141.919 302.678
8667000 117.911 44.3496 141.633 303.893
8668000 117.142 43.7306 142.766 303.639
8669000 117.927 43.4402 143.834 305.201
8670000 118.725 44.2312 144.015 306.97
8671000 119.28 45.3488 138.829 303.458
8672000 118.636 45.7479 136.54 300.923
8673000 118.369 44.9941 135.687 299.05
8674000 117.454 45.8027 135.64 298.897
8675000 118.544 47.3327 139.716 305.593
8676000 118.32 48.324 140.221 306.865
8677000 117.632 48.4312 138.159 304.222
8678000 117.811 48.1023 135.737 301.651
8679000 115.226 48.0003 132.953 296.179
8680000 113.228 47.4231 132.632 293.283
8681000 112.911 47.0213 132.936 292.868
8682000 113.608 48.1608 134.543 296.312
8683000 113.094 49.0136 135.025 297.133
8684000 111.741 50.2358 132.702 294.679
8685000 112.318 50.5271 130.829 293.674
8686000 110.379 52.045 131.435 293.859
8687000 111.579 52.6424 130.686 294.907
8688000 110.302 52.6258 129.311 292.239
8689000 111.034 52.3255 131.859 295.218
8690000 111.397 54.3826 131.916 297.695
8691000 110.908 54.3158 134.318 299.542
8692000 112.936 54.5772 134.02 301.534
8693000 112.21 53.3989 133.472 299.082
8694000 110.842 53.9121 133.158 297.912
8695000 111.836 53.3429 136.361 301.54
8696000 112.902 53.5954 135.909 302.407
8697000 114.637 53.5806 135.852 304.07
8698000 113.459 53.7355 137.117 304.312
8699000 113.356 53.0561 134.807 301.219
8700000 113.884 52.1132 133.803 299.801
8701000 113.049 52.2109 134.938 300.198
8702000 111.911 52.3982 134.015 298.324
8703000 112.684 53.1752 135.86 301.719
8704000 112.49 52.6579 133.718 298.866
8705000 112.994 52.8434 131.607 297.444
8706000 113.43 50.9024 132.621 296.953
8707000 114.719 50.6031 134.257 299.58
8708000 113.45 49.7493 134.785 297.984
8709000 113.152 48.5762 135.236 296.964
8710000 112.269 49.6174 134.079 295.965
8711000 110.926 50.6488 133.005 294.58
8712000 110.122 50.7952 130.296 291.213
8713000 110.33 49.8978 130.581 290.808
8714000 111.418 49.9275 129.229 290.575
8715000 111.439 49.9736 130.346 291.759
8716000 113.136 48.7905 132.436 294.363
8717000 112.603 48.1928 130.768 291.563
8718000 111.603 47.5357 132.134 291.273
8719000 111.229 47.2756 128.793 287.298
8720000 112.175 47.2351 128.813 288.223
8721000 110.887 47.0333 128.317 286.237
8722000 112.203 48.458 126.299 286.96
8723000 112.891 49.2664 126.934 289.091
8724000 112.532 49.0369 129.764 291.333
8725000 113.104 48.8686 132.173 294.145
8726000 113.807 49.6925 132.529 296.029
8727000 115.09 49.5992 129.655 294.345
8728000 118.168 48.5027 128.946 295.617
8729000 117.981 48.7754 129.184 295.94
8730000 120.742 48.8482 129.477 299.067
8731000 119.999 49.2713 129.568 298.839
8732000 118.884 48.734 128.808 296.426
8733000 119.173 47.6648 127.191 294.028
8734000 117.254 47.38 127.124 291.758
8735000 116.26 48.0635 125.994 290.317
8736000 114.827 48.9077 124.613 288.347
8737000 115.663 47.9311 125.964 289.558
8738000 114.416 47.3382 126.315 288.068
8739000 112.04 48.1624 125.582 285.784
8740000 113.119 47.7591 124.37 285.248
8741000 114.981 47.7034 124.212 286.896
8742000 114.085 48.3253 124.749 287.158
8743000 112.634 48.3708 124.533 285.538
8744000 112.691 49.0973 125.269 287.057
8745000 113.608 48.2759 129.366 291.25
8746000 113.465 48.2639 129.545 291.274
8747000 112.648 48.5564 131.109 292.313
8748000 113.42 49.4346 131.724 294.578
8749000 113.746 49.5279 132.441 295.715
8750000 114.836 50.6421 136.006 301.484
8751000 114.747 51.0534 139.139 304.939
8752000 114.095 51.0709 140.094 305.26
8753000 115.506 51.6814 139.82 307.007
8754000 116.905 51.8718 142.377 311.153
8755000 118.452 51.1287 144.562 314.143
8756000 115.935 51.7244 144.554 312.213
8757000 114.017 52.0807 147.478 313.575
8758000 113.329 53.1458 149.667 316.142
8759000 114.327 53.376 151.155 318.858
8760000 115.163 54.0734 152.202 321.438
8761000 116.39 55.1207 150.905 322.415
8762000 115.69 54.7231 146.944 317.356
8763000 113.272 53.6875 147.804 314.764
8764000 112.708 53.281 145.642 311.63
8765000 108.779 53.3805 144.834 306.994
8766000 108.121 51.7245 144.536 304.381
8767000 109.209 52.1613 146.143 307.513
8768000 110.91 53.7394 149.048 313.697
8769000 108.638 53.5577 148.995 311.191
8770000 107.304 53.1477 150.279 310.731
8771000 107.523 53.4794 147.978 308.981
8772000 110.32 53.3593 146.219 309.899
8773000 111.972 54.7921 143.408 310.173
8774000 113.966 53.2532 139.957 307.177
8775000 115.854 54.0986 139.62 309.573
8776000 118.308 53.7353 140.965 313.008
8777000 118.623 54.2738 142.496 315.393
8778000 118.849 53.354 140.844 313.047
8779000 121.065 52.4199 140.515 314.001
8780000 121.633 50.5471 137.931 310.111
8781000 120.35 50.4196 135.494 306.264
8782000 121.57 51.1971 136.567 309.335
8783000 120.644 52.0377 139.895 312.577
8784000 122.993 52.4364 141.626 317.056
8785000 122.456 53.3185 139.988 315.763
8786000 122.335 53.6031 144.228 320.166
8787000 122.607 54.0581 148.554 325.219
8788000 123.052 53.9831 148.416 325.451
8789000 122.586 54.9596 147.416 324.962
8790000 123.65 56.0592 147.977 327.686
8791000 122.958 55.9308 147.933 326.822
8792000 123.835 55.2525 147.736 326.823
8793000 125.567 54.5001 146.192 326.26
8794000 124.889 53.7602 147.852 326.502
8795000 121.455 52.7143 148.807 322.976
8796000 120.407 53.1005 150.861 324.368
8797000 121.209 52.3953 152.086 325.691
8798000 122.103 50.6562 152.933 325.692
8799000 123.185 49.8036 154.551 327.54
8800000 123.314 50.3332 156.711 330.358
8801000 123.561 50.1036 156.081 329.745
8802000 123.822 50.4427 155.78 330.045
8803000 124.628 52.3279 157.827 334.782
8804000 124.517 52.0608 156.727 333.304
8805000 124.102 53.1743 151.664 328.94
8806000 124.856 53.8383 150.042 328.736
8807000 125.756 55.4804 149.267 330.503
8808000 124.651 56.7063 153.797 335.155
8809000 124.292 57.1741 153.093 334.559
8810000 124.445 59.2136 154.017 337.676
8811000 121.432 61.122 153.099 335.653
8812000 120.528 62.103 151.911 334.542
8813000 120.267 61.0358 151.769 333.072
8814000 121.217 61.6959 152.398 335.311
8815000 121.186 62.2281 153.407 336.822
8816000 122.353 62.7205 155.726 340.8
8817000 125.77 64.4052 157.79 347.965
8818000 126.815 64.877 159.265 350.957
8819000 123.551 64.4817 154.242 342.275
8820000 121.97 65.0945 148.765 335.829
8821000 120.069 64.6259 145.973 330.668
8822000 119.675 63.7472 142.882 326.304
8823000 123.058 61.1071 142.002 326.168
8824000 122.232 61.3125 142.072 325.616
8825000 120.888 61.8155 141.504 324.208
8826000 119.824 59.9723 142.438 322.235
8827000 119.751 58.5426 143.36 321.654
8828000 118.736 56.2369 141.811 316.783
8829000 119.377 54.7889 138.532 312.698
8830000 120.471 54.4993 134.674 309.644
8831000 118.013 53.6247 134.432 306.07
8832000 116.209 53.8842 132.876 302.969
8833000 114.605 54.5136 132.238 301.357
8834000 113.925 55.0627 132.74 301.727
8835000 115.757 55.1445 135.9 306.802
8836000 116.431 54.8022 139.277 310.51
8837000 114.608 55.0358 140.095 309.739
8838000 115.302 54.5088 144.535 314.346
8839000 114.823 53.6892 144.717 313.229
8840000 114.899 53.4997 147.445 315.844
8841000 116.624 53.4107 148.238 318.272
8842000 115.111 54.6115 147.695 317.418
8843000 114.253 53.5006 145.92 313.674
8844000 112.17 54.0596 144.583 310.812
8845000 112.42 53.7425 143.262 309.424
8846000 113.374 52.4953 142.759 308.628
8847000 113.974 51.5941 139.481 305.049
8848000 118.244 52.0582 140.287 310.589
8849000 121.287 52.3997 139.73 313.417
8850000 123.077 53.0608 140.532 316.67
8851000 121.887 52.4589 139.29 313.637
8852000 120.013 53.402 140.716 314.131
8853000 120.132 52.6716 145.377 318.181
8854000 122.18 52.4674 149.149 323.797
8855000 123.852 53.0326 148.105 324.989
8856000 123.749 53.0276 147.753 324.529
8857000 123.802 52.7334 150.521 327.056
8858000 124.449 53.5966 152.024 330.07
8859000 125.356 52.3823 152.2 329.938
8860000 124.236 52.8358 152.398 329.47
8861000 124.454 52.1081 151.542 328.104
8862000 125.864 53.2817 149.447 328.593
8863000 127.836 53.3919 149.374 330.602
8864000 125.795 52.8582 151.58 330.233
8865000 127.832 54.4016 151.563 333.796
8866000 128.553 53.9068 151.446 333.905
8867000 129.082 54.1607 153.657 336.9
8868000 129.215 54.8161 151.128 335.159
8869000 129.148 55.7516 152.564 337.464
8870000 131.797 55.9254 154.113 341.836
8871000 134.63 56.0533 151.595 342.278
8872000 132.715 56.456 152.341 341.512
8873000 132.79 56.7318 152.996 342.518
8874000 134.548 56.4389 155.909 346.895
8875000 135.328 56.9944 153.878 346.201
8876000 135.079 56.8071 153.731 345.617
8877000 136.551 56.02 154.97 347.541
8878000 138.989 56.3559 156.325 351.669
8879000 140.971 56.4353 154.047 351.454
8880000 138.917 57.0689 153.084 349.069
8881000 137.2 57.2344 154.246 348.68
8882000 136.771 57.7567 157.284 351.812
8883000 135.728 56.9961 161.457 354.181
8884000 136.056 57.3567 163.372 356.784
8885000 135.603 58.5204 163.444 357.567
8886000 135.151 58.8962 162.672 356.719
8887000 133.492 58.8239 161.24 353.556
8888000 133.117 58.8545 159.825 351.796
8889000 134.258 59.6749 157.741 351.673
8890000 136.129 60.1427 155.881 352.153
8891000 137.566 60.0902 154.525 352.182
8892000 139.752 60.5609 155.013 355.326
8893000 139.848 61.8146 155.123 356.787
8894000 139.363 62.9477 156.313 358.624
8895000 139.943 62.9809 156.174 359.098
8896000 140.302 62.7931 156.105 359.2
8897000 142.62 63.4956 155.415 361.531
8898000 141.298 64.8318 153.51 359.64
8899000 141.71 65.2715 154.341 361.322
8900000 139.891 64.4349 154.739 359.065
8901000 140.648 64.9483 157.16 362.756
8902000 140.24 64.7128 156.495 361.447
8903000 140.977 63.5563 156.453 360.986
8904000 142.104 61.8192 159.096 363.02
8905000 143.273 61.9495 160.937 366.16
8906000 141.979 63.3383 160.347 365.664
8907000 143.79 64.0702 161.288 369.149
8908000 147.193 62.4931 162.758 372.444
8909000 146.703 63.2108 159.828 369.741
8910000 146.087 63.3177 160.475 369.88
8911000 143.699 63.4417 159.104 366.244
8912000 143.039 64.2185 156.633 363.891
8913000 142.616 63.6708 153.814 360.101
8914000 143.406 63.4532 152.944 359.802
8915000 144.809 63.7591 151.287 359.855
8916000 143.263 63.8273 148.919 356.009
8917000 142.09 63.0746 150.983 356.147
8918000 140.901 61.6081 156.603 359.112
8919000 138.807 61.0361 156.544 356.387
8920000 137.155 61.4977 157.933 356.586
8921000 138.401 60.7458 158.589 357.736
8922000 137.687 60.616 159.518 357.821
8923000 140.113 60.4787 159.192 359.784
8924000 143.823 60.8228 157.217 361.862
8925000 144.813 61.8785 159.912 366.604
8926000 145.975 63.4026 159.327 368.704
8927000 145.952 62.3584 163.077 371.387
8928000 147.863 61.4771 166.628 375.968
8929000 147.761 60.9132 167.139 375.813
8930000 147.825 60.2391 168.283 376.347
8931000 146.731 59.5377 165.504 371.773
8932000 145.229 58.5289 167.351 371.108
8933000 142.826 58.3304 167.16 368.316
8934000 144.559 58.7264 165.614 368.9
8935000 145.765 60.0404 167.905 373.71
8936000 144.546 59.1324 167.91 371.588
8937000 143.249 58.2087 171.2 372.658
8938000 145.019 58.2544 174.006 377.28
8939000 144.039 58.7661 180.389 383.194
8940000 142.343 57.9543 179.766 380.063
8941000 140.983 57.5372 182.723 381.243
8942000 138.946 57.2457 186.093 382.285
8943000 138.365 57.7371 189.057 385.159
8944000 135.651 58.8271 188.73 383.208
8945000 134.043 58.6239 186.793 379.459
8946000 135.997 58.6562 186.238 380.891
8947000 139.033 58.1866 188.079 385.298
8948000 138.875 56.8837 188.174 383.933
8949000 138.748 56.6195 187.358 382.726
8950000 141.078 56.2531 185.647 382.978
8951000 141.95 54.6992 184.461 381.111
8952000 141.861 54.0272 184.294 380.182
8953000 140.534 55.349 186.271 382.155
8954000 139.539 55.2204 184.093 378.853
8955000 138.212 55.0771 182.435 375.724
8956000 135.978 56.0605 180.13 372.169
8957000 137.511 56.2038 182.499 376.214
8958000 137.509 57.7689 183.66 378.938
8959000 137.155 58.0436 185.751 380.95
8960000 136.312 58.1137 188.445 382.871
8961000 136.063 58.8452 189.565 384.473
8962000 137.655 60.649 187.55 385.854
8963000 134.347 59.7923 188.673 382.812
8964000 134.318 59.727 186.833 380.878
8965000 135.309 59.7236 182.879 377.911
8966000 134.355 60.0922 180.196 374.643
8967000 134.604 61.1166 184.299 380.019
8968000 138.285 60.9744 181.337 380.596
8969000 137.824 59.81 180.816 378.45
8970000 134.02 59.6124 184.908 378.541
8971000 133.983 60.4222 188.18 382.586
8972000 134.129 61.1583 189.548 384.835
8973000 133.684 61.7197 187.829 383.233
8974000 133.89 62.2728 191.27 387.433
8975000 134.305 61.1319 195.512 390.949
8976000 132.345 60.689 196.822 389.856
8977000 133.223 61.0066 197.504 391.734
8978000 133.769 62.9899 197.964 394.722
8979000 133.598 63.9938 201.388 398.98
8980000 132.939 63.9324 200.658 397.529
8981000 130.772 63.72 201.932 396.424
8982000 131.799 64.2619 203.002 399.063
8983000 133.662 64.128 202.354 400.144
8984000 134.949 64.2644 204.957 404.171
8985000 133.807 63.6179 206.843 404.268
8986000 133.475 63.159 207.946 404.58
8987000 132.425 63.1913 208.081 403.697
8988000 134.877 64.5888 210.579 410.045
8989000 136.271 65.4126 212.312 413.996
8990000 134.005 64.7769 211.138 409.92
8991000 133.277 65.5871 208.029 406.893
8992000 136.088 66.8383 207.567 410.493
8993000 137.721 66.9928 204.326 409.039
8994000 140.161 67.5422 202.266 409.969
8995000 141.138 67.0356 201.789 409.962
8996000 138.885 67.8996 201.319 408.104
8997000 138.16 68.3726 199.204 405.736
8998000 137.54 67.477 196.304 401.321
8999000 139.053 66.3581 195.067 400.478
9000000 137.617 67.3748 195.093 400.085
9001000 135.775 68.6105 196.474 400.859
9002000 134.909 68.4003 198.055 401.364
9003000 133.295 69.4632 198.481 401.238
9004000 134.584 68.5304 198.74 401.854
9005000 131.606 67.9677 199.014 398.588
9006000 129.508 66.7856 197.09 393.384
9007000 129.503 64.9659 197.969 392.438
9008000 130.417 63.9403 197.042 391.4
9009000 129.406 63.5129 197.905 390.824
9010000 130.744 64.7609 199.138 394.643
9011000 131.635 64.038 198.755 394.428
9012000 130.943 63.3506 197.536 391.829
9013000 129.888 62.9262 194.808 387.622
9014000 128.865 64.8999 197.882 391.647
9015000 127.388 67.7359 199.642 394.766
9016000 126.49 69.3407 198.649 394.48
9017000 124.968 68.3731 195.718 389.059
9018000 123.286 67.457 198.688 389.431
9019000 121.443 66.3173 199.607 387.367
9020000 119.411 66.2568 199.871 385.538
9021000 117.898 65.9211 198.003 381.822
9022000 118.367 67.3092 194.805 380.482
9023000 118.964 68.7709 195.722 383.457
9024000 117.077 69.7641 197.587 384.428
9025000 116.443 69.7284 196.121 382.292
9026000 116.683 68.6573 195.915 381.256
9027000 118.536 66.4354 195.783 380.755
9028000 120.088 66.5479 193.015 379.65
9029000 121.413 67.1613 196.183 384.757
9030000 120.323 67.2236 199.803 387.349
9031000 121.795 66.9523 200.644 389.392
9032000 126.801 66.6256 200.25 393.676
9033000 127.608 67.2767 198.275 393.16
9034000 129.819 67.3477 198.517 395.684
9035000 132.001 68.6732 203.831 404.506
9036000 132.303 71.5313 204.25 408.084
9037000 130.87 72.4025 207.238 410.51
9038000 129.533 74.2819 208.692 412.507
9039000 130.098 73.9011 207.951 411.951
9040000 131.17 73.2271 209.885 414.282
9041000 129.327 73.7585 210.001 413.086
9042000 127.333 74.742 211.386 413.462
9043000 127.19 75.3947 212.371 414.956
9044000 129.946 74.4775 208.491 412.915
9045000 131.862 71.9269 206.406 410.195
9046000 132.095 70.9506 207.6 410.645
9047000 131.608 71.7056 210.181 413.494
9048000 130.877 71.011 205.064 406.952
9049000 131.108 70.8203 204.355 406.283
9050000 131.449 70.5323 203.961 405.942
9051000 131.148 72.3891 202.935 406.472
9052000 129.749 74.0389 202.499 406.286
9053000 132.204 74.4356 201.268 407.908
9054000 133.162 74.7406 199.458 407.361
9055000 131.894 74.4378 198.543 404.875
9056000 131.12 73.5427 199.77 404.433
9057000 130.897 72.4983 200.359 403.754
9058000 128.28 71.7797 198.686 398.746
9059000 128.944 71.5065 196.796 397.247
9060000 130.538 71.3939 194.981 396.913
9061000 129.629 72.4838 193.817 395.93
9062000 127.193 74.9427 194.035 396.17
9063000 124.903 76.4676 192.018 393.388
9064000 121.517 78.532 191.967 392.016
9065000 119.446 77.5079 194.535 391.489
9066000 121.26 76.7303 193.117 391.107
9067000 123.375 76.7795 191.254 391.409
9068000 126.361 75.048 193.82 395.229
9069000 126.599 74.6309 196.638 397.868
9070000 126.773 74.6411 194.768 396.182
9071000 125.491 73.8873 193.214 392.592
9072000 121.12 72.1642 189.338 382.622
9073000 116.317 70.633 187.691 374.641
9074000 113.195 71.1899 187.137 371.521
9075000 116.609 71.8016 189.169 377.58
9076000 117.286 70.473 193.726 381.485
9077000 116.71 68.7846 194.572 380.067
9078000 116.565 67.1582 192.627 376.35
9079000 115.727 67.3576 190.813 373.897
9080000 115.686 68.752 186.55 370.988
9081000 116.383 68.4706 184.136 368.989
9082000 117.906 67.6634 185.35 370.92
9083000 119.355 68.3997 184.404 372.159
9084000 122.832 69.0814 184.005 375.919
9085000 122.219 67.832 184.19 374.241
9086000 120.566 67.8588 184.425 372.85
9087000 120.459 67.1242 181.594 369.177
9088000 119.966 67.5077 181.287 368.761
9089000 119.163 68.2485 180.359 367.771
9090000 120.435 70.1754 180.071 370.681
9091000 119.063 71.4726 181.627 372.163
9092000 118.017 72.6579 184.701 375.375
9093000 117.566 73.6436 185.862 377.072
9094000 116.846 72.8651 182.609 372.32
9095000 115.614 73.1277 181.757 370.498
9096000 114.401 72.3097 179.541 366.252
9097000 115.218 71.112 184.261 370.591
9098000 115.196 71.7357 187.732 374.664
9099000 115.403 71.1745 190.881 377.458
9100000 116.795 70.5256 193.582 380.903
9101000 118.321 69.6418 190.64 378.602
9102000 118.284 69.9366 190.928 379.149
9103000 118.433 70.3497 192.291 381.073
9104000 117.641 71.1932 193.693 382.527
9105000 117.097 69.4109 192.882 379.389
9106000 118.496 69.305 193.596 381.397
9107000 118.769 68.2514 192.075 379.095
9108000 121.056 66.8735 190.03 377.96
9109000 121.521 66.5146 191.276 379.311
9110000 121.806 67.6517 191.705 381.163
9111000 122.621 68.2006 192.329 383.151
9112000 119.785 67.4824 191.233 378.5
9113000 120.94 65.3255 186.161 372.427
9114000 122.191 65.4907 187.353 375.035
9115000 123.18 64.5642 186.392 374.136
9116000 124.77 63.1818 187.053 375.005
9117000 126.176 62.6363 186.553 375.365
9118000 128.951 62.261 186.603 377.814
9119000 126.382 62.553 179.152 368.087
9120000 127.529 62.1666 174.885 364.58
9121000 127.021 61.4334 173.255 361.709
9122000 126.293 61.5669 172.97 360.829
9123000 124.932 62.3269 172.289 359.549
9124000 125.807 62.1428 171.249 359.199
9125000 127.887 61.9348 168.814 358.636
9126000 128.808 60.7533 169.333 358.895
9127000 127.657 60.6467 169.363 357.667
9128000 124.772 61.4877 170.72 356.98
9129000 123.988 62.1656 168.343 354.497
9130000 125.693 62.3563 165.032 353.081
9131000 126.412 63.5524 164.606 354.57
9132000 123.354 65.958 164.911 354.222
9133000 122.079 66.0671 162.869 351.016
9134000 122.129 67.375 163.486 352.99
9135000 121.814 67.3897 166.335 355.538
9136000 123.101 67.3754 164.839 355.316
9137000 124.762 66.3862 166.037 357.185
9138000 128.179 66.2886 168.034 362.501
9139000 127.981 66.1302 168.94 363.052
9140000 127.391 65.0748 168.939 361.405
9141000 126.587 64.8417 170.317 361.746
9142000 126.092 64.1543 168.086 358.332
9143000 126.033 63.1343 170.159 359.326
9144000 125.534 62.2303 171.111 358.875
9145000 125.988 61.8351 170.281 358.104
9146000 123.999 61.9451 169.05 354.994
9147000 123.533 63.0033 166.488 353.024
9148000 124.738 62.9936 165.258 352.99
9149000 125.816 61.682 166.516 354.014
9150000 124.02 61.6022 168.135 353.758
9151000 124.837 62.0705 171.2 358.108
9152000 124.811 61.5181 174.74 361.069
9153000 126.575 60.3403 177.239 364.154
9154000 127.012 60.3152 182.601 369.928
9155000 126.679 60.8442 184.22 371.743
9156000 125.951 59.2 182.22 367.371
9157000 127.783 58.7244 179.65 366.157
9158000 127.59 59.2557 178.092 364.938
9159000 128.428 59.899 174.577 362.904
9160000 125.835 60.1304 172.063 358.029
9161000 121.619 60.4926 169.931 352.042
9162000 120.671 61.3988 168.665 350.735
9163000 118.863 62.5234 168.882 350.269
9164000 117.768 63.6919 169.574 351.034
9165000 117.534 63.2266 171.158 351.919
9166000 119.351 63.3125 172.742 355.405
9167000 122.631 64.0507 171.542 358.223
9168000 123.464 63.6583 173.926 361.048
9169000 124.057 62.9091 177.37 364.336
9170000 124.378 63.4381 172.763 360.579
9171000 126.727 63.2817 172.192 362.201
9172000 128.939 62.0148 173.995 364.949
9173000 129.401 61.7322 169.455 360.588
9174000 129.696 61.4509 166.989 358.136
9175000 128.581 62.1764 165.076 355.833
9176000 127.785 63.2128 166.175 357.173
9177000 127.607 62.5964 169.021 359.224
9178000 127.627 62.3227 168.455 358.405
9179000 127.696 63.4806 168.7 359.876
9180000 126.664 62.7366 168.009 357.41
9181000 124.327 62.3509 165.492 352.171
9182000 123.329 62.8391 164.664 350.832
9183000 121.822 62.4525 164.305 348.58
9184000 120.322 64.0018 164.648 348.972
9185000 118.622 65.5969 167.126 351.345
9186000 121.413 65.1464 165.894 352.453
9187000 122.055 64.2628 164.842 351.159
9188000 119.07 62.9065 164.712 346.688
9189000 116.943 62.337 165.006 344.286
9190000 117.692 62.0157 166.869 346.576
9191000 118.072 61.8595 166.874 346.806
9192000 116.461 62.3752 166.081 344.918
9193000 115.597 62.7386 165.814 344.15
9194000 115.153 63.074 164.557 342.784
9195000 114.885 63.1492 164.025 342.059
9196000 112.959 64.6261 164.926 342.51
9197000 109.508 64.7342 165.172 339.415
9198000 108.203 64.1759 165.924 338.303
9199000 109.309 63.8366 161.88 335.026
9200000 110.997 63.7279 161.247 335.972
9201000 111.083 65.7526 159.161 335.997
9202000 109.956 65.5046 160.601 336.061
9203000 110.987 63.3966 158.858 333.242
9204000 110.363 61.2793 158.011 329.654
9205000 107.59 60.5046 155.363 323.458
9206000 105.677 61.0964 156.751 323.524
9207000 104.292 60.5724 156.683 321.547
9208000 102.021 60.2213 155.649 317.892
9209000 103.082 59.9882 153.983 317.053
9210000 102.452 59.6706 153.987 316.109
9211000 102.545 61.1507 152.314 316.01
9212000 102.028 61.7195 151.139 314.887
9213000 101.328 62.6024 148.924 312.854
9214000 100.62 63.4698 149.883 313.973
9215000 101.344 64.2966 149.349 314.989
9216000 101.775 65.5386 148.56 315.874
9217000 102.221 67.0989 149.5 318.82
9218000 102.158 68.0447 147.938 318.142
9219000 101.604 66.9303 146.746 315.28
9220000 102.965 65.8188 146.448 315.232
9221000 101.251 65.8356 149.119 316.206
9222000 100.504 66.0767 149.816 316.397
9223000 101.651 65.8152 149.39 316.856
9224000 101.999 65.331 147.917 315.247
9225000 102.062 65.7734 148.398 316.233
9226000 102.214 66.5666 145.913 314.694
9227000 103.847 67.8626 143.119 314.828
9228000 105.922 67.1508 144.686 317.759
9229000 105.843 67.1021 141.425 314.37
9230000 106.001 66.3222 140.351 312.674
9231000 105.424 66.1249 139.072 310.621
9232000 106.271 66.2412 139.379 311.891
9233000 106.417 66.5336 139.678 312.629
9234000 106.7 67.2774 140.5 314.478
9235000 107.651 67.8777 140.472 316.001
9236000 106.538 67.341 140.603 314.482
9237000 105.174 66.4701 138.827 310.471
9238000 105.495 66.6782 136.69 308.863
9239000 107.559 66.8222 135.264 309.645
9240000 109.851 66.5842 137.856 314.292
9241000 112.056 66.1038 138.603 316.763
9242000 112.933 64.5362 134.843 312.313
9243000 111.835 65.5114 133.248 310.594
9244000 111.361 64.7761 131.042 307.179
9245000 112.045 63.3221 130.294 305.661
9246000 110.763 63.7053 132.533 307.002
9247000 110.544 65.2379 128.223 304.005
9248000 111.068 66.7113 124.704 302.484
9249000 110.091 65.3117 130.049 305.451
9250000 110.129 63.4202 132.566 306.115
9251000 110.474 64.1178 132.725 307.316
9252000 111.24 64.0271 132.18 307.447
9253000 111.747 64.2246 134.278 310.249
9254000 113.433 63.8256 135.717 312.975
9255000 113.483 62.2906 139.309 315.082
9256000 114.165 62.3134 141.586 318.064
9257000 112.093 61.9082 141.097 315.098
9258000 111.726 61.3379 143.102 316.166
9259000 111.511 60.5372 144.707 316.755
9260000 111.606 60.8519 145.53 317.988
9261000 112.922 61.9369 142.989 317.848
9262000 116.1 63.8424 141.124 321.066
9263000 118.488 64.9287 141.802 325.219
9264000 117.913 65.6966 140.332 323.942
9265000 114.02 67.9207 141.427 323.368
9266000 116.773 68.5375 145.396 330.706
9267000 119.775 68.6032 141.769 330.148
9268000 120.839 68.4599 142.586 331.885
9269000 122.626 68.7486 145.724 337.099
9270000 121.862 68.8237 145.817 336.503
9271000 120.263 71.0001 146.756 338.019
9272000 118.318 72.761 143.633 334.712
9273000 115.454 73.4049 142.919 331.778
9274000 114.561 73.5203 144.432 332.513
9275000 112.389 74.4986 146.587 333.475
9276000 112.035 75.2987 144.055 331.388
9277000 109.232 75.7831 145.561 330.576
9278000 108.062 76.2793 147.256 331.597
9279000 107.968 75.9 148.844 332.713
9280000 108.834 74.0607 147.137 330.032
9281000 109.799 73.787 146.362 329.948
9282000 108.197 72.9334 146.913 328.043
9283000 108.961 72.8264 145.916 327.704
9284000 108.639 72.6895 146.884 328.213
9285000 108.877 71.9625 144.67 325.51
9286000 108.146 71.4755 141.651 321.272
9287000 109.075 71.8727 139.933 320.88
9288000 109.582 70.734 140.825 321.141
9289000 112.005 70.2668 140.007 322.279
9290000 112.55 69.7868 140.719 323.056
9291000 112.87 68.7707 139.336 320.977
9292000 112.369 68.656 140.082 321.108
9293000 111.565 69.8103 139.018 320.394
9294000 113.62 70.3147 138.879 322.814
9295000 111.034 70.0963 137.875 319.006
9296000 111.847 69.9028 135.489 317.24
9297000 110.434 69.7419 135.704 315.88
9298000 109.982 67.8764 132.822 310.68
9299000 108.565 67.4569 131.522 307.544
9300000 105.447 67.6869 133.785 306.918
9301000 105.862 66.2086 132.962 305.033
9302000 106.632 67.3859 133.728 307.746
9303000 104.668 66.6994 134.823 306.191
9304000 103.093 66.9686 135.839 305.901
9305000 103.101 65.4685 134.604 303.173
9306000 103.685 63.3502 134.543 301.578
9307000 103.12 61.9481 135.324 300.392
9308000 101.299 61.1916 137.092 299.582
9309000 100.637 60.3353 138.492 299.464
9310000 98.982 59.1577 138.964 297.104
9311000 97.9153 60.1424 139.719 297.777
9312000 97.0825 60.0642 141.737 298.884
9313000 99.603 61.5897 140.727 301.92
9314000 99.8943 61.9835 142.366 304.243
9315000 99.1225 60.88 143.727 303.73
9316000 100.768 59.5337 140.25 300.552
9317000 99.3457 61.0723 137.375 297.793
9318000 96.516 59.8587 134.205 290.58
9319000 94.4219 58.2345 132.251 284.907
9320000 94.2493 57.0233 129.632 280.905
9321000 95.6063 58.6879 128.643 282.938
9322000 95.3477 57.7383 126.916 280.002
9323000 96.8114 58.0039 128.351 283.167
9324000 96.3822 59.4495 123.609 279.441
9325000 96.2697 60.2478 121.374 277.891
9326000 94.9037 59.2693 123.416 277.589
9327000 92.4732 57.816 124.504 274.793
9328000 89.8905 58.3327 124.777 273.001
9329000 89.7532 57.6223 124.752 272.127
9330000 89.6354 57.8735 125.324 272.833
9331000 90.3629 59.288 127.536 277.187
9332000 94.1429 59.8551 127.603 281.601
9333000 96.8697 60.1649 129.043 286.077
9334000 97.9348 60.1329 130.243 288.31
9335000 95.8354 61.2817 129.901 287.019
9336000 94.3138 61.9341 130.291 286.539
9337000 94.1034 61.437 131.476 287.017
9338000 95.4609 60.669 132.989 289.119
9339000 95.5246 59.9277 132.724 288.177
9340000 94.9515 60.1522 132.542 287.645
9341000 93.6335 59.0388 135.641 288.313
9342000 93.3351 59.6327 135.012 287.979
9343000 91.9083 61.2714 137.201 290.38
9344000 92.7969 60.9629 140.55 294.31
9345000 93.8018 61.0611 142.102 296.965
9346000 93.9445 61.2994 142.342 297.586
9347000 96.5112 60.3739 142.76 299.645
9348000 98.0391 61.0437 143.07 302.153
9349000 96.8738 62.335 145.135 304.344
9350000 98.4944 63.5726 147.288 309.355
9351000 100.007 62.6928 149.395 312.095
9352000 100.826 62.2839 143.673 306.784
9353000 101.587 63.8714 142.066 307.524
9354000 102.119 63.2804 143.179 308.578
9355000 103.987 62.5416 141.326 307.854
9356000 106.04 62.8021 139.357 308.199
9357000 107.016 63.4328 140.507 310.956
9358000 105.272 64.2536 143.009 312.535
9359000 104.24 65.9411 142.996 313.178
9360000 103.217 66.0503 141.707 310.975
9361000 103.325 66.4354 139.964 309.724
9362000 102.621 65.9049 141.046 309.572
9363000 102.129 65.5439 140.315 307.988
9364000 102.513 67.4869 138.71 308.71
9365000 103.603 68.2666 140.38 312.25
9366000 102.729 67.2714 142.404 312.405
9367000 102.958 66.9339 143.151 313.043
9368000 102.014 66.3698 142.774 311.158
9369000 101.784 65.5625 140.223 307.57
9370000 100.421 65.3952 138.222 304.038
9371000 99.0271 65.1338 141.82 305.981
9372000 98.9638 65.1516 144.345 308.461
9373000 99.3632 66.8145 144.497 310.674
9374000 98.9885 66.1401 144.175 309.303
9375000 100.635 65.7262 148.14 314.501
9376000 103.449 66.3298 146.027 315.806
9377000 103.687 67.3215 147.132 318.14
9378000 107.267 67.4142 145.563 320.244
9379000 110.103 67.1756 147.321 324.599
9380000 107.889 67.4972 148.016 323.402
9381000 108.375 68.3216 148.23 324.926
9382000 109.516 68.7248 144.893 323.133
9383000 110.813 68.6497 143.392 322.854
9384000 111.254 68.1994 142.412 321.865
9385000 109.881 66.3788 141.018 317.277
9386000 110.569 66.6108 141.726 318.906
9387000 112.229 68.3505 141.603 322.183
9388000 112.881 67.1327 138.038 318.052
9389000 113.348 66.6395 134.321 314.308
9390000 113.378 66.2765 134.342 313.996
9391000 113.996 65.2125 135.829 315.037
9392000 113.474 65.4634 137.102 316.04
9393000 111.608 63 137.848 312.456
9394000 112.488 61.2316 141.181 314.901
9395000 111.56 61.0648 140.187 312.812
9396000 109.738 60.832 138.309 308.878
9397000 107.601 60.3126 137.677 305.59
9398000 106.533 60.3799 139.149 306.061
9399000 106.667 60.0743 139.213 305.954
9400000 107.985 57.8926 138.415 304.293
9401000 108.849 56.4266 136.152 301.427
9402000 107.606 55.1762 135.309 298.092
9403000 108.735 55.2253 135.056 299.016
9404000 105.491 56.8419 136.321 298.654
9405000 104.335 56.9575 134.388 295.68
9406000 103.951 55.9946 135.328 295.274
9407000 102.133 55.5549 134.651 292.339
9408000 100.064 55.5354 133.555 289.154
9409000 98.7613 55.5021 136.729 290.993
9410000 101.612 54.6149 137.885 294.112
9411000 102.856 53.2588 138.266 294.381
9412000 103.062 54.2221 135.453 292.737
9413000 103.8 54.4324 132.494 290.727
9414000 103.461 53.7775 131.68 288.919
9415000 103.955 53.3855 133.95 291.29
9416000 102.139 51.5551 132.701 286.395
9417000 100.429 51.0373 132.485 283.951
9418000 102.473 51.5379 129.836 283.848
9419000 103.033 52.0264 129.53 284.589
9420000 103.555 51.9783 131.173 286.706
9421000 103.02 52.2926 130.641 285.954
9422000 100.994 51.7763 131.07 283.84
9423000 100.539 51.6255 132.624 284.789
9424000 101.071 50.9498 132.209 284.23
9425000 100.404 50.3224 134.245 284.972
9426000 98.1715 49.5461 136.64 284.357
9427000 96.7776 49.6455 139.156 285.579
9428000 96.2951 49.6669 138.392 284.354
9429000 94.0521 49.2554 136.467 279.774
9430000 94.5876 49.806 138.318 282.711
9431000 93.7203 50.3898 139.986 284.096
9432000 91.098 50.87 142.366 284.334
9433000 89.4163 50.9978 141.817 282.231
9434000 90.291 50.7618 141.614 282.667
9435000 89.6305 50.6657 140.947 281.243
9436000 89.9749 49.6391 141.629 281.243
9437000 90.8073 49.9638 142.524 283.295
9438000 91.0502 50.0567 143.955 285.062
9439000 91.9275 51.0786 146.54 289.546
9440000 94.0073 50.8865 148.132 293.026
9441000 94.9862 51.1121 147.504 293.602
9442000 93.8831 50.8181 150.821 295.522
9443000 95.0859 50.8725 152.483 298.441
9444000 95.5965 51.2955 150.666 297.558
9445000 97.4021 52.172 150.407 299.981
9446000 95.4323 51.5322 147.666 294.631
9447000 93.9093 51.4173 147.041 292.368
9448000 94.6238 51.7358 146.194 292.554
9449000 94.4592 51.8876 147.723 294.07
9450000 95.7364 53.3755 147.866 296.978
9451000 97.1816 53.2708 147.446 297.898
9452000 97.7623 52.8512 147.82 298.434
9453000 96.1269 52.1441 150.272 298.543
9454000 93.5134 52.7196 148.176 294.409
9455000 93.8768 53.8576 143.983 291.717
9456000 97.2425 54.4121 142.078 293.732
9457000 97.0873 54.7714 143.311 295.169
9458000 93.6049 56.175 139.023 288.803
9459000 96.5193 57.2759 138.845 292.64
9460000 96.4537 57.355 136.235 290.044
9461000 96.7975 56.754 135.383 288.934
9462000 96.1236 58.0808 135.473 289.677
9463000 94.5979 59.5542 134.638 288.79
9464000 94.5796 60.4601 134.457 289.497
9465000 92.0375 62.0147 132.717 286.77
9466000 91.3509 61.5949 132.953 285.899
9467000 88.0309 62.6999 133.268 283.998
9468000 88.3873 64.2736 134.137 286.798
9469000 90.6603 64.7866 135.846 291.293
9470000 93.946 65.3194 136.505 295.77
9471000 95.7497 64.3453 136.842 296.937
9472000 98.0368 63.7213 136.688 298.446
9473000 98.6583 63.2144 140.088 301.961
9474000 96.7499 62.3462 138.865 297.961
9475000 97.2045 62.7662 142.527 302.497
9476000 99.945 64.4192 143.561 307.925
9477000 100.329 62.737 144.398 307.464
9478000 100.548 61.3251 142.679 304.552
9479000 100.311 60.3266 145.621 306.258
9480000 100.799 60.0629 148.906 309.768
9481000 98.8619 59.5958 148.905 307.363
9482000 99.2366 58.9136 149.224 307.374
9483000 99.4608 58.5728 149.681 307.715
9484000 100.453 59.7784 149.574 309.806
9485000 100.636 60.9043 151.949 313.49
9486000 101.38 60.5837 150.186 312.149
9487000 102.246 59.0441 149.152 310.442
9488000 100.182 58.6391 147.17 305.991
9489000 98.5971 58.6093 147.837 305.044
9490000 98.2975 58.466 148.937 305.701
9491000 96.9974 58.0093 149.9 304.907
9492000 96.5873 57.4065 148.157 302.151
9493000 95.7172 57.6248 141.928 295.27
9494000 95.935 57.2407 143.04 296.216
9495000 97.8954 57.7082 144.605 300.209
9496000 99.3235 57.6232 146.789 303.735
9497000 97.6038 57.2215 150.303 305.128
9498000 96.4562 56.8037 151.641 304.901
9499000 93.8894 56.9854 153.271 304.146
9500000 94.83 57.1019 150.303 302.235
9501000 94.4634 56.0068 147.327 297.797
9502000 94.3654 56.4016 143.705 294.472
9503000 94.7572 56.8544 141.947 293.559
9504000 94.8447 56.6817 141.765 293.292
9505000 96.6693 57.1588 140.571 294.4
9506000 98.5963 57.351 141.252 297.199
9507000 98.9525 57.9602 140.691 297.603
9508000 98.5661 59.3533 140.039 297.958
9509000 97.7218 59.4605 142.506 299.688
9510000 97.5681 58.6666 144.623 300.858
9511000 97.1424 58.3576 143.499 298.999
9512000 94.9693 57.755 146.339 299.064
9513000 94.3113 55.1118 148.935 298.359
9514000 91.6374 54.5326 147.022 293.192
9515000 92.8756 55.6216 145.779 294.277
9516000 95.7675 56.0562 146.692 298.516
9517000 97.284 56.2623 148.265 301.811
9518000 96.942 55.9299 151.136 304.008
9519000 98.5908 56.6745 153.214 308.48
9520000 99.1045 58.4784 149.589 307.172
9521000 96.1481 58.8241 147.745 302.717
9522000 97.7681 60.3965 149.872 308.036
9523000 98.441 60.5533 149.372 308.367
9524000 97.914 60.5803 148.969 307.463
9525000 99.0705 60.9989 147.747 307.816
9526000 98.2507 60.52 151.316 310.086
9527000 96.8404 59.8445 152.857 309.541
9528000 95.4429 59.6464 150.613 305.703
9529000 94.5201 59.8658 146.792 301.178
9530000 94.3807 59.9882 149.489 303.858
9531000 96.3183 58.851 151.892 307.061
9532000 97.6234 58.1923 149.039 304.855
9533000 99.3734 58.3412 147.817 305.532
9534000 103.527 58.9578 147.64 310.124
9535000 104.944 59.1804 146.753 310.877
9536000 104.844 59.1103 145.949 309.903
9537000 103.738 59.6097 144.955 308.303
9538000 102.186 57.3473 143.953 303.486
9539000 100.592 56.1108 143.682 300.384
9540000 98.1508 55.6513 144.019 297.821
9541000 96.513 55.6655 146.279 298.457
9542000 95.0902 55.7134 146.835 297.638
9543000 94.1993 56.5443 145.404 296.148
9544000 96.9507 56.7252 144.437 298.113
9545000 98.2539 56.3006 144.206 298.761
9546000 98.6425 55.0046 144.362 298.01
9547000 98.6451 54.2001 143.992 296.837
9548000 96.497 52.4952 145.087 294.08
9549000 97.8306 52.1434 146.927 296.901
9550000 98.1649 52.3213 148.134 298.62
9551000 98.1308 53.5858 147.638 299.354
9552000 96.5791 53.7082 147.502 297.789
9553000 97.1222 52.8855 144.276 294.284
9554000 98.3406 53.2657 145.679 297.285
9555000 97.3261 52.2904 148.656 298.272
9556000 94.2608 52.7707 149.585 296.617
9557000 94.9701 52.8934 150.871 298.734
9558000 94.0794 53.5159 148.481 296.077
9559000 92.795 52.9055 146.446 292.147
9560000 92.5459 53.1374 145.325 291.008
9561000 93.7006 52.5866 146.347 292.634
9562000 95.2896 53.0033 145.302 293.594
9563000 96.2717 53.1618 143.691 293.124
9564000 94.9854 52.4486 141.015 288.449
9565000 93.5265 52.0888 142.571 288.186
9566000 94.0646 52.714 145.337 292.116
9567000 96.9874 52.8123 147.951 297.751
9568000 96.761 53.1842 149.319 299.264
9569000 95.9904 53.9911 144.87 294.851
9570000 95.2541 55.2884 143.328 293.87
9571000 93.4127 55.1277 143.996 292.536
9572000 93.7157 55.8557 143.532 293.103
9573000 95.7742 56.8432 143.319 295.936
9574000 98.1142 57.8437 140.089 296.047
9575000 98.141 56.9853 137.768 292.894
9576000 98.2336 58.9488 141.172 298.354
9577000 97.5355 59.7688 140.914 298.218
9578000 98.814 59.5094 137.9 296.223
9579000 99.4113 60.8452 138.271 298.528
9580000 98.6206 61.4734 136.477 296.571
9581000 97.1358 60.6341 136.84 294.61
9582000 96.625 60.8666 138.187 295.679
9583000 96.0414 60.2543 137.591 293.887
9584000 95.4151 60.0374 138.076 293.529
9585000 93.7573 60.0728 139.567 293.397
9586000 94.2029 61.0356 138.134 293.373
9587000 93.7375 60.5903 138.529 292.857
9588000 93.7703 61.1129 139.038 293.921
9589000 93.6226 60.3479 138.521 292.492
9590000 92.7421 59.0644 139.686 291.493
9591000 93.8605 58.9168 139.311 292.088
9592000 96.2106 59.2066 138.563 293.98
9593000 98.0689 59.0099 137.908 294.987
9594000 98.3473 58.3989 135.327 292.073
9595000 99.2383 58.1827 134.071 291.492
9596000 101.272 58.4138 134.979 294.665
9597000 101.288 58.5339 136.786 296.608
9598000 99.6232 57.2072 135.934 292.764
9599000 98.222 59.2544 134.666 292.142
9600000 96.4147 59.413 133.799 289.627
9601000 94.3977 59.1745 131.926 285.498
9602000 92.2932 59.4672 130.583 282.344
9603000 91.6454 59.3325 129.784 280.762
9604000 91.8824 60.3071 131.023 283.212
9605000 91.102 61.1204 130.519 282.741
9606000 91.1959 61.982 131.281 284.459
9607000 92.042 62.7803 132.047 286.869
9608000 93.2634 63.5939 132.387 289.244
9609000 94.4781 64.7101 130.429 289.617
9610000 93.9602 65.1177 129.58 288.658
9611000 94.9589 64.1117 128.89 287.96
9612000 97.1901 62.6853 128.349 288.225
9613000 98.4395 64.0014 128.863 291.304
9614000 98.6559 63.9821 129.08 291.718
9615000 98.5699 64.6252 127.6 290.795
9616000 98.682 66.0294 126.571 291.282
9617000 98.925 65.3222 127.178 291.425
9618000 97.5107 65.9109 127.355 290.777
9619000 97.7836 66.6627 128.373 292.819
9620000 98.6565 68.0349 128.259 294.951
9621000 99.3052 68.6941 127.948 295.947
9622000 98.9517 67.7336 126.923 293.608
9623000 96.763 67.6289 125.444 289.836
9624000 95.0694 67.4989 124.367 286.935
9625000 93.2169 67.8244 125.408 286.449
9626000 93.5864 67.5992 126.383 287.569
9627000 91.6708 67.0152 128.954 287.64
9628000 90.5568 68.1574 131.07 289.785
9629000 90.3953 69.5241 129.504 289.424
9630000 91.1778 69.8275 129.759 290.764
9631000 91.5868 70.5135 130.185 292.286
9632000 92.6527 71.24 130.649 294.542
9633000 93.7029 71.588 130.881 296.172
9634000 92.8358 72.5188 131.05 296.404
9635000 92.4274 73.3342 133.311 299.073
9636000 94.5437 72.4484 133.395 300.387
9637000 97.2635 71.8073 136.662 305.733
9638000 97.2366 72.8509 136.711 306.798
9639000 97.0519 73.9534 135.691 306.696
9640000 96.0259 73.8381 135.377 305.241
9641000 96.5234 75.506 136.872 308.902
9642000 96.1943 76.8766 137.131 310.202
9643000 93.9162 77.849 136.591 308.356
9644000 92.8238 79.1085 139.292 311.224
9645000 94.5778 81.5742 141.116 317.268
9646000 94.6444 82.4422 141.827 318.914
9647000 95.9022 82.3947 141.383 319.68
9648000 96.8399 84.4532 141.64 322.933
9649000 95.5087 85.2186 140.097 320.824
9650000 95.557 85.9237 138.735 320.216
9651000 93.2101 85.0853 137.843 316.138
9652000 94.1507 84.7973 139.903 318.851
9653000 94.7217 84.718 139.725 319.164
9654000 94.4561 84.15 142.346 320.952
9655000 93.949 85.6698 141.557 321.175
9656000 93.8286 87.2627 142.036 323.128
9657000 96.1425 86.8797 139.388 322.41
9658000 97.8323 87.2164 138.586 323.635
9659000 97.5726 88.6965 138.361 324.63
9660000 97.3875 90.5833 136.855 324.826
9661000 98.4733 90.362 135.299 324.134
9662000 101.842 92.6631 134.067 328.572
9663000 101.407 95.2153 132.944 329.566
9664000 102.122 95.7725 133.261 331.155
9665000 102.062 95.3025 134.928 332.292
9666000 100.723 96.9748 133.222 330.92
9667000 102.509 97.8499 133.725 334.085
9668000 103.003 98.5531 135.299 336.855
9669000 103.213 97.4586 137.574 338.246
9670000 101.637 95.7952 138.7 336.133
9671000 100.25 95.2296 136.54 332.02
9672000 100.831 93.8306 134.815 329.477
9673000 102.607 93.8795 135.84 332.326
9674000 102.246 93.6008 139.039 334.886
9675000 100.031 92.9199 140.001 332.952
9676000 100.341 92.1231 141.85 334.314
9677000 100.256 91.033 141.639 332.929
9678000 101.335 90.3936 142.849 334.577
9679000 99.9224 91.0648 144.359 335.346
9680000 97.0493 91.2235 146.578 334.851
9681000 95.8493 89.7995 147.067 332.716
9682000 96.3856 88.1689 147.474 332.028
9683000 96.6258 86.87 150.092 333.588
9684000 97.2441 86.5549 150.318 334.117
9685000 96.9607 83.679 148.373 329.012
9686000 95.8121 82.1449 150.004 327.961
9687000 93.8389 80.6056 149.495 323.94
9688000 93.4162 79.906 146.328 319.65
9689000 93.2861 81.1992 146.55 321.035
9690000 93.3951 78.4834 147.475 319.354
9691000 94.8289 77.8888 144.686 317.404
9692000 95.6567 78.2987 143.149 317.105
9693000 95.8405 77.7209 143.251 316.812
9694000 95.6072 76.6188 145.893 318.119
9695000 95.1018 75.6398 146.994 317.735
9696000 93.7391 76.8731 147.315 317.928
9697000 93.8091 78.1941 145.584 317.587
9698000 94.4407 78.0605 143.177 315.678
9699000 95.056 77.2439 141.568 313.868
9700000 95.5437 77.4171 141.364 314.324
9701000 94.1299 79.1654 141.965 315.26
9702000 93.159 78.5037 142.541 314.204
9703000 93.329 79.5267 143.389 316.245
9704000 93.5467 79.326 148.529 321.402
9705000 95.3486 79.9322 150.747 326.027
9706000 97.2209 81.6684 149.595 328.485
9707000 96.5002 80.8876 147.587 324.974
9708000 93.254 82.1578 145.144 320.555
9709000 92.8311 82.1821 145.487 320.5
9710000 93.8481 82.6181 145.283 321.749
9711000 92.4092 84.8096 142.116 319.335
9712000 92.4627 84.8201 139.541 316.824
9713000 93.0373 87.0348 141.734 321.806
9714000 93.3116 87.5501 143.454 324.316
9715000 94.5478 86.1312 144.573 325.252
9716000 94.1397 84.2926 146.906 325.338
9717000 93.657 81.2274 147.386 322.271
9718000 91.7401 80.877 150.627 323.244
9719000 91.1662 81.9618 146.403 319.531
9720000 92.3481 81.4087 146.43 320.187
9721000 94.1543 81.069 146.128 321.351
9722000 94.7322 82.4 146.927 324.059
9723000 95.7582 80.9193 148.553 325.23
9724000 98.0669 79.4595 151.173 328.699
9725000 96.1051 79.3326 153.163 328.6
9726000 96.8357 83.0549 154.031 333.921
9727000 95.667 82.7334 155.79 334.191
9728000 93.0224 82.0815 158.134 333.238
9729000 90.6459 83.4201 160.779 334.845
9730000 90.6963 84.5233 161.309 336.529
9731000 91.8161 82.6214 161.019 335.456
9732000 91.4528 82.6503 160.327 334.43
9733000 91.7231 83.5029 158.423 333.649
9734000 91.1342 81.4784 156.731 329.344
9735000 89.5933 79.8019 157.664 327.059
9736000 88.7269 77.6106 154.298 320.635
9737000 89.0009 78.0422 157.492 324.536
9738000 88.4167 78.3491 160.338 327.103
9739000 88.3346 78.0095 158.135 324.479
9740000 89.6457 76.1681 156.223 322.037
9741000 89.0093 75.697 155.172 319.878
9742000 89.0311 73.4826 153.443 315.956
9743000 87.4497 74.5343 151.071 313.055
9744000 85.1854 73.3449 150.76 309.29
9745000 84.6703 71.4894 149.957 306.117
9746000 84.1335 69.7655 150.766 304.665
9747000 83.4322 70.0798 151.89 305.402
9748000 81.9012 69.8095 152.892 304.603
9749000 80.9508 68.7659 153.502 303.219
9750000 81.3022 70.3493 151.43 303.081
9751000 80.1892 70.3772 150.527 301.093
9752000 79.0803 69.6674 151.134 299.881
9753000 77.8272 69.771 153.72 301.318
9754000 76.7226 67.3804 154.663 298.766
9755000 75.7713 67.7254 158.11 301.607
9756000 74.7268 66.8813 162.764 304.372
9757000 75.3678 67.4684 165.74 308.576
9758000 75.5537 67.4573 168.958 311.969
9759000 75.7037 67.3578 169.91 312.971
9760000 75.7684 68.2861 169.115 313.17
9761000 75.24 66.9626 169.983 312.186
9762000 76.3135 65.7479 168.662 310.724
9763000 76.4644 67.7329 167.52 311.717
9764000 74.7662 66.2336 167.598 308.597
9765000 74.148 64.2632 167.186 305.597
9766000 73.6541 64.3337 168.527 306.515
9767000 73.371 66.2636 163.406 303.041
9768000 71.8661 65.754 163.263 300.883
9769000 70.4262 65.415 161.111 296.952
9770000 72.7579 65.4662 159.517 297.741
9771000 74.212 65.1272 159.172 298.511
9772000 74.739 65.7434 159.182 299.665
9773000 76.1031 65.117 159.17 300.39
9774000 77.5993 64.535 157.408 299.542
9775000 77.2706 63.0427 157.878 298.191
9776000 77.0816 61.9599 156.38 295.422
9777000 79.2697 61.0153 153.878 294.163
9778000 80.9768 60.1891 156.658 297.824
9779000 81.451 62.5668 158.58 302.598
9780000 79.8835 63.2277 159.038 302.15
9781000 79.755 63.0509 156.249 299.054
9782000 80.4426 62.8637 153.178 296.485
9783000 80.1018 60.8664 153.103 294.071
9784000 81.2987 61.4282 152.168 294.895
9785000 81.1424 59.7548 151.9 292.797
9786000 81.4788 59.8091 150.137 291.424
9787000 80.3844 61.8036 150.978 293.166
9788000 81.9386 62.5872 151.747 296.272
9789000 84.2537 64.4685 150.929 299.652
9790000 86.1359 65.6017 150.541 302.279
9791000 88.4987 67.0213 150.774 306.294
9792000 88.5718 67.2733 149.375 305.22
9793000 90.2798 66.8929 153.34 310.512
9794000 92.4515 67.4946 155.019 314.965
9795000 93.8072 67.6267 152.437 313.871
9796000 92.921 69.6652 150.731 313.317
9797000 94.0382 71.3962 150.915 316.35
9798000 92.6067 72.1371 151.466 316.21
9799000 92.7428 71.391 152.18 316.314
9800000 92.9147 70.62 149.293 312.828
9801000 92.9311 69.7844 146.688 309.403
9802000 93.9414 68.6901 147.934 310.566
9803000 91.9668 67.9399 146.086 305.993
9804000 91.5504 66.4881 145.153 303.191
9805000 92.1658 66.6276 146.812 305.605
9806000 92.5155 66.2439 147.652 306.411
9807000 94.4527 66.4351 147.21 308.097
9808000 95.8428 67.2467 146.445 309.535
9809000 94.8533 67.8771 149.099 311.829
9810000 93.4743 66.9598 150.044 310.478
9811000 91.2091 66.1282 150.845 308.183
9812000 91.2245 66.8265 149.243 307.294
9813000 93.5984 67.2763 146.627 307.502
9814000 93.9032 67.9859 142.823 304.712
9815000 93.7241 67.2664 140.558 301.548
9816000 92.3281 65.803 140.003 298.135
9817000 92.9594 66.3094 138.294 297.563
9818000 92.2172 67.3708 135.747 295.335
9819000 90.6934 65.4847 135.866 292.044
9820000 90.8289 62.7575 137.932 291.518
9821000 90.8718 62.7615 136.86 290.493
9822000 91.235 61.7801 135.452 288.467
9823000 92.2279 61.4691 131.856 285.553
9824000 91.6112 62.3328 130.16 284.104
9825000 89.7359 62.968 127.802 280.506
9826000 88.9733 63.1088 129.585 281.667
9827000 88.5063 63.3972 126.864 278.768
9828000 86.9056 63.3909 126.7 276.997
9829000 85.7583 65.0904 128.696 279.545
9830000 85.5091 65.5016 128.768 279.778
9831000 83.9453 65.4451 125.843 275.233
9832000 85.0351 63.7839 125.048 273.867
9833000 85.0776 63.1138 125.029 273.221
9834000 85.273 63.3212 125.386 273.98
9835000 86.8551 65.0112 127.159 279.026
9836000 87.4423 65.0267 127.101 279.57
9837000 89.0724 64.7186 126.919 280.71
9838000 89.5881 65.1705 122.767 277.526
9839000 91.9468 66.8153 124.214 282.976
9840000 94.2799 67.6161 124.972 286.868
9841000 96.5267 65.802 122.052 284.381
9842000 97.2645 66.3623 121.811 285.438
9843000 97.7764 67.0554 119.517 284.348
9844000 98.8272 67.813 116.764 283.404
9845000 100.395 68.0308 116.796 285.222
9846000 99.7463 68.0795 115.897 283.723
9847000 101.175 67.5753 116.252 285.002
9848000 105.172 63.6917 118.22 287.084
9849000 105.64 64.2529 118.664 288.558
9850000 106.939 63.8533 123.35 294.143
9851000 106.548 62.5018 125.012 294.062
9852000 105.541 61.7177 124.152 291.411
9853000 104.75 61.9456 122.062 288.757
9854000 103.944 60.8794 119.141 283.965
9855000 103.841 61.2289 118.168 283.238
9856000 105.004 60.92 117.373 283.297
9857000 105.989 60.3708 120.938 287.298
9858000 105.091 59.2973 121.773 286.161
9859000 104.699 59.4731 118.026 282.198
9860000 106.574 59.8126 118.569 284.956
9861000 106.928 60.1791 117.286 284.393
9862000 108.265 61.101 116.233 285.599
9863000 107.93 62.8449 115.901 286.676
9864000 107.023 64.1628 116.778 287.964
9865000 106.216 64.0852 118.244 288.546
9866000 108.306 64.4355 119.25 291.991
9867000 109.925 63.6048 121.283 294.812
9868000 112.427 63.9316 123.583 299.941
9869000 111.75 64.322 122.813 298.885
9870000 109.101 62.6243 124.559 296.284
9871000 110.265 62.1821 123.037 295.484
9872000 111.474 62.3021 120.757 294.532
9873000 113.603 62.4126 117.719 293.734
9874000 115.261 63.013 116.277 294.551
9875000 118.058 63.0611 116.329 297.448
9876000 119.194 62.6572 118.629 300.48
9877000 118.737 64.1899 118.267 301.194
9878000 118.735 65.0379 119.972 303.744
9879000 116.576 65.3911 121.41 303.376
9880000 117.021 65.2298 122.015 304.266
9881000 115.984 65.2382 122.097 303.319
9882000 114.241 63.2322 121.197 298.67
9883000 115.137 61.8335 120.351 297.322
9884000 112.054 62.1734 122.047 296.274
9885000 110.452 62.7147 122.972 296.138
9886000 112.817 62.8679 121.645 297.331
9887000 113.629 62.1579 121.628 297.414
9888000 113.814 62.8691 120.512 297.194
9889000 115.464 63.2345 121.927 300.625
9890000 116.931 62.6249 123.623 303.179
9891000 115.466 62.5034 121.335 299.304
9892000 113.088 62.3792 118.804 294.272
9893000 109.882 61.9708 116.524 288.376
9894000 106.869 62.3877 114.927 284.184
9895000 107.576 64.4264 116.934 288.935
9896000 111.055 65.9759 118.426 295.457
9897000 108.463 67.4074 120.79 296.66
9898000 108.848 67.2946 119.532 295.674
9899000 108.015 67.4673 120.335 295.817
9900000 109.506 67.7914 122.755 300.053
9901000 114.974 67.3184 122.883 305.175
9902000 115.87 67.3847 120.975 304.229
9903000 115.965 67.5544 118.823 302.342
9904000 115.775 66.5343 119.583 301.892
9905000 116.14 66.0838 120.914 303.138
9906000 116.357 64.2758 120.625 301.257
9907000 115.396 64.5597 121.4 301.356
9908000 117.608 64.3578 121.593 303.559
9909000 118.119 63.3616 122.533 304.014
9910000 117.617 62.8119 122.393 302.822
9911000 116.815 63.742 125.024 305.581
9912000 113.172 62.2526 126.522 301.947
9913000 113.366 59.9326 127.499 300.797
9914000 115.186 58.5029 129.709 303.399
9915000 119.4 57.3428 131.688 308.431
9916000 121.792 57.7839 129.772 309.348
9917000 120.314 56.4386 129.357 306.11
9918000 119.788 56.5642 126.572 302.925
9919000 120.665 57.0739 125.622 303.361
9920000 119.415 56.9179 123.115 299.448
9921000 117.352 56.7176 123.731 297.8
9922000 116.502 58.0117 124.98 299.493
9923000 120.717 55.3036 125.288 301.309
9924000 119.48 55.8271 126.597 301.904
9925000 115.997 55.5604 125.77 297.327
9926000 113.741 56.6053 126.508 296.854
9927000 114.815 56.8309 127.08 298.727
9928000 118.655 58.8034 126.06 303.518
9929000 116.733 59.1386 122.854 298.725
9930000 117.818 58.6409 122.117 298.576
9931000 116.634 57.5063 122.484 296.625
9932000 118.732 55.9334 121.218 295.883
9933000 120.053 53.9886 120.905 294.947
9934000 122.57 53.2055 120.352 296.127
9935000 118.489 53.5309 119.938 291.957
9936000 117.458 54.3394 117.744 289.541
9937000 116.25 54.6458 117.675 288.571
9938000 118.681 54.6378 119.946 293.264
9939000 119.283 52.9702 120.997 293.25
9940000 119.069 53.2289 121.193 293.491
9941000 117.572 53.7484 117.966 289.286
9942000 116.443 52.8704 116.801 286.114
9943000 116.982 52.8695 115.635 285.486
9944000 117.374 53.5748 116.931 287.88
9945000 115.395 54.1156 116.663 286.174
9946000 114.605 53.5138 116.053 284.172
9947000 116.545 54.923 115.962 287.429
9948000 117.752 56.7185 115.029 289.499
9949000 117.713 54.5057 115.968 288.187
9950000 116.488 53.8638 114.041 284.392
9951000 117.157 53.555 113.94 284.652
9952000 116.718 51.9683 114.269 282.955
9953000 118.023 51.5911 115.711 285.325
9954000 118.724 51.0744 114.122 283.92
9955000 119.046 51.8537 115.005 285.905
9956000 119.279 51.3511 116.143 286.774
9957000 122.774 52.2322 117.648 292.654
9958000 122.603 51.8811 118.073 292.556
9959000 126.157 50.2736 122.239 298.67
9960000 128.684 49.3642 127.484 305.532
9961000 127.686 48.1269 125.778 301.591
9962000 125.924 47.5986 125.331 298.853
9963000 125.982 47.6392 124.561 298.182
9964000 123.896 47.1909 126.319 297.405
9965000 122.363 47.0468 126.095 295.505
9966000 120.067 47.479 123.217 290.763
9967000 117.762 47.1222 123.117 288.002
9968000 117.262 45.9555 122.739 285.957
9969000 117.526 46.2064 121.172 284.904
9970000 118.412 45.9211 121.101 285.434
9971000 119.868 45.7138 120.771 286.353
9972000 122.453 45.4065 121.024 288.883
9973000 124.158 46.5941 120.478 291.23
9974000 125.022 47.2733 123.009 295.304
9975000 124.995 48.7078 123.611 297.314
9976000 128.224 47.6477 125.478 301.349
9977000 129.299 46.8028 127.337 303.439
9978000 125.96 47.2539 126.543 299.757
9979000 126.826 47.4733 126.074 300.374
9980000 124.377 45.9342 126.229 296.54
9981000 122.757 45.7534 126.804 295.314
9982000 121.207 45.8863 127.639 294.733
9983000 122.853 46.0052 126.305 295.163
9984000 124.102 47.2382 128.989 300.328
9985000 122.606 48.8298 130.931 302.367
9986000 119.005 49.8888 130.889 299.783
9987000 118.32 49.7957 130.319 298.435
9988000 118.039 50.5586 133.579 302.177
9989000 117.212 50.0514 138.339 305.602
9990000 117.663 49.3671 140.848 307.878
9991000 119.179 49.6002 139.544 308.324
9992000 122.659 50.7545 136.738 310.151
9993000 123.743 51.7321 135.821 311.296
9994000 124.683 50.044 134.41 309.138
9995000 124.465 48.3506 132.743 305.558
9996000 122.761 46.9624 130.87 300.594
9997000 120.94 46.8178 132.608 300.366
9998000 118.828 46.2952 132.119 297.243
9999000 121.712 45.875 126.459 294.046
10000000 122.18 45.6588 127.531 295.37
10001000 120.085 45.3179 128.272 293.674
10002000 118.576 45.7289 127.957 292.262
10003000 116.066 46.2047 128.341 290.611
10004000 116.093 45.4383 129.53 291.062
10005000 118.418 45.2511 130.424 294.093
10006000 121.317 46.4482 134.685 302.45
10007000 120.96 46.8632 137.956 305.779
10008000 121.667 47.0592 139.146 307.872
10009000 121.949 46.9374 141.592 310.478
10010000 123.393 46.3218 143.18 312.894
10011000 120.874 47.1119 143.908 311.893
10012000 121.765 46.6942 141.366 309.825
10013000 123.598 47.736 139.533 310.867
10014000 124.273 48.0797 138.442 310.794
10015000 127.274 48.5757 135.311 311.16
10016000 129.823 48.2693 137.734 315.826
10017000 132.446 47.5842 137.654 317.684
10018000 133.542 46.7806 135.663 315.986
10019000 134.999 46.4775 134.955 316.431
10020000 136.61 45.9206 135.525 318.055
10021000 135.607 46.0028 134.486 316.096
10022000 134.04 46.6503 132.238 312.929
10023000 134.962 46.1897 130.152 311.304
10024000 133.214 45.5312 132.57 311.315
10025000 132.022 45.683 133.604 311.309
10026000 129.872 45.9992 132.096 307.967
10027000 128.184 47.261 130.239 305.684
10028000 123.845 47.5619 130.656 302.063
10029000 123.957 47.0656 133.553 304.576
10030000 123.93 47.3256 133.349 304.604
10031000 124.15 49.1976 133.543 306.891
10032000 125.338 48.819 130.515 304.673
10033000 126.269 50.145 131 307.414
10034000 127.44 50.6869 131.008 309.135
10035000 126.09 50.9321 128.523 305.545
10036000 125.151 50.4009 131.513 307.066
10037000 124.639 50.6506 134.689 309.978
10038000 125.327 50.7803 135.229 311.336
10039000 123.341 50.4637 134.619 308.424
10040000 125.206 48.347 132.592 306.144
10041000 126.646 47.8094 133.5 307.956
10042000 127.238 48.8005 136.939 312.977
10043000 128.931 48.2667 136.976 314.174
10044000 129.597 47.5656 137.595 314.757
10045000 130.439 47.6387 140.606 318.683
10046000 128.739 46.6959 143.953 319.387
10047000 127.01 46.8521 145.501 319.364
10048000 129.576 47.9436 143.13 320.65
10049000 131.101 47.8255 143.333 322.26
10050000 128.715 47.8323 143.741 320.288
10051000 128.421 47.7167 143.594 319.731
10052000 128.729 46.6154 146.416 321.76
10053000 128.444 46.4235 146.141 321.008
10054000 127.665 46.0727 145.77 319.507
10055000 126.75 46.2418 145.106 318.097
10056000 127.737 46.4505 147.86 322.047
10057000 126.508 46.8161 152.156 325.479
10058000 126.075 47.6556 153.998 327.729
10059000 124.671 49.3198 156.275 330.266
10060000 122.376 51.2072 157.221 330.804
10061000 122.981 52.7739 154.519 330.274
10062000 121.483 52.7903 152.23 326.503
10063000 120.17 52.6681 152.466 325.304
10064000 120.088 52.0971 154.761 326.946
10065000 119.054 53.0288 155.315 327.398
10066000 119.956 52.0491 150.268 322.273
10067000 119.493 51.9575 146.91 318.36
10068000 122.907 53.3274 144.793 321.027
10069000 125.52 54.4749 143.627 323.622
10070000 123.314 54.172 144.51 321.996
10071000 121.028 55.4656 146.212 322.706
10072000 122.622 55.0029 146.457 324.081
10073000 124.907 55.2732 144.372 324.552
10074000 125.573 55.8982 144.852 326.323
10075000 126.429 55.5133 144.51 326.452
10076000 125.017 54.9284 145.372 325.317
10077000 122.385 53.2802 144.686 320.351
10078000 123.203 52.5467 143.962 319.711
10079000 123.267 52.0896 143.889 319.246
10080000 123.137 52.9273 144.995 321.06
10081000 123.632 53.5357 144.997 322.164
10082000 123.945 52.9704 144.645 321.56
10083000 121.75 52.7081 148.212 322.67
10084000 119.851 52.6524 151.286 323.789
10085000 121.017 52.4465 154.452 327.915
10086000 121.855 53.8609 156.062 331.778
10087000 122.234 52.9596 160.054 335.247
10088000 122.353 52.4803 162.57 337.403
10089000 120.034 52.858 164.1 336.992
10090000 119.729 52.9516 166.016 338.697
10091000 122.39 54.0757 167.306 343.771
10092000 120.539 54.5032 168.363 343.405
10093000 119.627 54.6046 167.139 341.371
10094000 117.709 54.3139 170.549 342.573
10095000 117.897 53.8667 170.272 342.035
10096000 116.844 53.4295 169.876 340.149
10097000 118.34 54.397 167.952 340.689
10098000 121.703 54.2922 168.869 344.864
10099000 122.644 54.1294 170.134 346.907
10100000 124.937 53.6134 171.465 350.015
10101000 125.872 54.794 171.463 352.13
10102000 127.709 54.2748 171.068 353.052
10103000 127.147 53.2115 166.642 347.001
10104000 128.61 53.5445 166.705 348.86
10105000 130.837 53.259 166.23 350.327
10106000 130.109 54.2315 166.579 350.919
10107000 131.475 54.7374 169.21 355.423
10108000 134.739 54.3688 169.733 358.841
10109000 136.719 54.839 169.553 361.112
10110000 136.226 54.6029 170.734 361.562
10111000 133.31 54.9856 174.203 362.499
10112000 133.576 56.4672 174.206 364.249
10113000 132.244 57.3848 179.325 368.954
10114000 131.793 57.0095 181.224 370.027
10115000 127.914 57.1745 178.851 363.94
10116000 125.664 58.2916 178.753 362.709
10117000 124.699 59.3972 176.645 360.741
10118000 124.513 61.0996 176.942 362.555
10119000 123.482 61.1596 175.981 360.622
10120000 124.97 60.467 178.331 363.768
10121000 127.199 59.9264 179.075 366.199
10122000 125.702 59.7907 178.332 363.825
10123000 122.856 58.8825 178.976 360.714
10124000 123.742 59.2318 178.717 361.691
10125000 123.564 58.681 180.986 363.231
10126000 123.734 58.62 182.297 364.651
10127000 123.281 59.087 183.546 365.914
10128000 124.167 59.5474 183.818 367.532
10129000 124.652 59.4691 185.154 369.274
10130000 123.928 59.4803 183.494 366.902
10131000 121.718 60.0713 183.466 365.255
10132000 120.26 58.1854 183.772 362.218
10133000 119.172 58.5935 185.115 362.881
10134000 119.569 57.5903 182.575 359.733
10135000 117.707 59.3338 182.741 359.782
10136000 118.802 60.4279 181.828 361.058
10137000 115.811 60.7925 180.355 356.958
10138000 116.27 61.7635 180.413 358.447
10139000 115.178 60.7112 182.482 358.371
10140000 116.322 60.7546 178.858 355.935
10141000 115.677 60.1299 176.5 352.308
10142000 115.682 60.4742 173.149 349.306
10143000 116.504 61.3234 175.247 353.074
10144000 114.574 61.2013 177.375 353.151
10145000 112.914 59.325 179.999 352.238
10146000 111.254 59.314 176.118 346.686
10147000 111.128 60.5208 175.248 346.897
10148000 110.484 62.2657 172.148 344.898
10149000 111.229 62.1143 170.82 344.163
10150000 114.248 60.4694 174.522 349.239
10151000 115.619 60.0878 174.089 349.796
10152000 112.758 59.8904 175.482 348.131
10153000 111.076 59.5559 179.201 349.833
10154000 112.509 59.5852 182.619 354.713
10155000 114.334 60.5962 181.137 356.067
10156000 113.417 61.3073 179.005 353.729
10157000 114.131 61.5233 179.8 355.454
10158000 117.849 62.2874 180.9 361.036
10159000 121.545 63.3446 185.041 369.931
10160000 123.002 64.7869 188.886 376.674
10161000 124.767 65.3756 188.546 378.688
10162000 121.949 65.683 189.57 377.202
10163000 122.997 67.2873 190.669 380.953
10164000 120.9 68.7295 191.401 381.03
10165000 120.543 69.3874 190.867 380.798
10166000 117.566 67.7549 189.215 374.536
10167000 116.539 66.5907 191.321 374.451
10168000 116.149 64.6557 189.283 370.087
10169000 116.266 64.7346 189.885 370.886
10170000 114.624 64.1317 188.015 366.771
10171000 115.441 66.5966 183.671 365.709
10172000 115.692 66.6634 185.74 368.096
10173000 112.141 65.8267 187.283 365.251
10174000 113.326 65.366 190.058 368.75
10175000 113.806 66.7623 193.398 373.966
10176000 112.971 67.808 194.988 375.766
10177000 112.566 67.7171 193.714 373.997
10178000 108.913 68.062 193.299 370.274
10179000 108.079 69.3893 193.772 371.24
10180000 109.819 69.1363 200.586 379.542
10181000 113.082 68.9894 201.334 383.406
10182000 113.741 68.3765 198.525 380.642
10183000 116.296 69.1287 201.152 386.577
10184000 116.262 69.4576 200.326 386.045
10185000 116.936 70.1719 199.839 386.947
10186000 117.55 70.6405 198.853 387.044
10187000 117.425 70.7506 198.778 386.953
10188000 115.659 70.0277 199.493 385.18
10189000 114.753 70.1261 200.633 385.512
10190000 115.192 71.2633 202.896 389.352
10191000 115.653 69.0475 204.436 389.137
10192000 116.824 68.7673 205.557 391.148
10193000 116.465 69.1789 207.948 393.591
10194000 116.211 67.9709 210.392 394.574
10195000 114.404 67.1629 207.625 389.192
10196000 116.303 67.3588 204.702 388.363
10197000 117.807 67.8795 205.729 391.415
10198000 119.432 68.0469 205.985 393.464
10199000 118.874 67.6771 201.578 388.129
10200000 119.905 68.9731 201.377 390.255
10201000 122.298 68.4548 204.943 395.696
10202000 121.911 69.0788 204.86 395.85
10203000 123.138 69.9444 204.804 397.886
10204000 122.498 70.8222 203.917 397.237
10205000 120.112 71.418 209.381 400.911
10206000 121.492 71.3109 210.061 402.863
10207000 122.908 70.8085 206.594 400.31
10208000 121.683 70.3751 202.419 394.477
10209000 123.098 70.3414 194.831 388.27
10210000 125.064 71.4869 191.814 388.365
10211000 126.566 70.1819 190.362 387.11
10212000 127.212 68.0634 187.895 383.17
10213000 128.884 66.9349 187.855 383.674
10214000 129.524 66.2636 192.082 387.87
10215000 131.653 65.2925 193.38 390.325
10216000 130.586 65.5837 195.18 391.35
10217000 128.732 65.9146 197.942 392.589
10218000 128.078 66.2313 199.651 393.96
10219000 127.342 63.7665 197.526 388.634
10220000 124.702 61.7827 194.618 381.103
10221000 121.989 62.4026 187.07 371.461
10222000 122.249 62.7229 182.745 367.718
10223000 123.165 62.2912 182.997 368.453
10224000 119.654 62.4626 180.615 362.731
10225000 117.065 62.6875 180.891 360.643
10226000 117.867 63.5377 181.176 362.581
10227000 118.247 64.963 181.995 365.205
10228000 117.31 65.5593 182.949 365.818
10229000 113.554 65.7042 177.665 356.923
10230000 114.95 64.6869 174.946 354.583
10231000 116.006 64.1144 173.137 353.257
10232000 115.434 64.5843 172.759 352.777
10233000 116.575 63.7881 172.719 353.082
10234000 118.714 64.4956 172.156 355.366
10235000 118.133 64.3645 174.609 357.107
10236000 119.695 64.8989 178.213 362.807
10237000 118.562 64.7083 180.627 363.898
10238000 118.118 65.3988 180.475 363.992
10239000 119.707 65.913 181.512 367.131
10240000 122.16 64.9058 180.093 367.158
10241000 123.284 64.7498 182.214 370.248
10242000 124.306 64.5421 184.272 373.12
10243000 124.244 64.0251 184.836 373.105
10244000 126.561 63.7067 184.789 375.056
10245000 128.168 62.242 182.497 372.907
10246000 127.879 60.4175 182.356 370.652
10247000 128.734 59.533 185.165 373.431
10248000 125.708 59.9277 191.365 377
10249000 125.844 59.0746 194.308 379.227
10250000 125.589 58.8284 192.097 376.514
10251000 127.476 59.2548 190.681 377.412
10252000 129.543 59.4351 192.073 381.051
10253000 128.432 59.4044 194.561 382.398
10254000 132.411 58.2456 195.533 386.19
10255000 134.45 57.5938 194.238 386.283
10256000 135.191 57.1917 191.714 384.096
10257000 137.035 56.5219 193.269 386.826
10258000 135.891 56.7148 191.416 384.022
10259000 138.052 56.5017 189.802 384.356
10260000 140.426 55.1839 186.679 382.289
10261000 142.189 55.0942 185.816 383.099
10262000 143.665 54.9502 187.042 385.658
10263000 142.91 55.0062 185.305 383.221
10264000 139.545 54.6088 186.16 380.314
10265000 138.567 54.4099 185.182 378.159
10266000 140.302 54.6556 187.502 382.46
10267000 140.918 54.1389 189.666 384.723
10268000 142.933 53.3675 191.42 387.72
10269000 140.269 53.3321 192.765 386.366
10270000 135.282 53.7305 191.966 380.979
10271000 134.24 53.3437 189.202 376.785
10272000 134.734 52.91 189.109 376.753
10273000 135.844 53.0844 187.954 376.882
10274000 134.822 52.6014 188.039 375.462
10275000 132.74 51.7664 184.966 369.473
10276000 130.423 52.213 183.824 366.46
10277000 130.309 52.8531 184.241 367.404
10278000 129.066 52.6091 186.331 368.006
10279000 129.663 52.1853 186.55 368.399
10280000 129.908 51.6643 185.464 367.036
10281000 127.457 51.9224 184.594 363.973
10282000 124.7 52.2281 183.556 360.484
10283000 124.209 51.3511 185.411 360.972
10284000 123.918 51.6178 187.179 362.715
10285000 124.619 50.6533 184.514 359.786
10286000 125.086 49.8275 184.557 359.471
10287000 126.136 49.842 186.559 362.537
10288000 126.338 49.8544 185.038 361.231
10289000 126.166 48.9465 184.884 359.996
10290000 127.259 48.3052 183.167 358.731
10291000 128.605 48.0396 181.11 357.755
10292000 126.816 46.9456 183.726 357.487
10293000 125.532 47.6381 183.123 356.293
10294000 124.932 48.0533 175.562 348.548
10295000 124.396 47.7643 171.138 343.299
10296000 124.723 48.8548 169.682 343.26
10297000 125.699 49.738 169.813 345.249
10298000 128.211 49.8044 170.083 348.099
10299000 128.118 50.6366 170.284 349.039
10300000 127.375 51.8017 169.441 348.617
10301000 127.752 51.5968 175.45 354.799
10302000 127.553 50.5364 176.91 354.999
10303000 126.106 49.7818 178.423 354.31
10304000 129.849 50.6995 180.839 361.387
10305000 131.177 50.9441 176.767 358.888
10306000 132.105 50.8175 176.793 359.716
10307000 132.465 52.2528 174.722 359.44
10308000 131.409 52.3078 171.92 355.637
10309000 129.854 52.5281 171.64 354.022
10310000 130.384 52.9424 172.172 355.499
10311000 131.231 52.1824 169.093 352.505
10312000 131.605 52.3156 170.234 354.155
10313000 133.663 51.2247 169.455 354.343
10314000 133.704 51.5249 169.253 354.482
10315000 135.121 51.743 167.111 353.975
10316000 133.918 51.8335 163.548 349.3
10317000 132.98 52.6085 160.304 345.892
10318000 134.337 52.9874 160.155 347.479
10319000 137.178 53.1937 159.532 349.903
10320000 137.412 53.7142 160.789 351.915
10321000 136.227 52.5962 159.154 347.977
10322000 137.474 50.9469 156.317 344.738
10323000 137.082 50.2996 153.333 340.715
10324000 138.283 49.7975 150.018 338.099
10325000 140.705 49.4247 149.718 339.847
10326000 140.662 49.5017 153.348 343.511
10327000 136.09 51.1342 155.208 342.432
10328000 136.675 52.1047 158.576 347.356
10329000 135.521 51.208 157.661 344.39
10330000 132.499 51.5221 155.85 339.872
10331000 132.823 51.3707 150.746 334.94
10332000 134.909 50.785 147.888 333.581
10333000 134.159 50.9943 150.296 335.45
10334000 132.757 51.7535 150.888 335.398
10335000 131.891 51.2678 151.029 334.188
10336000 134.615 51.6121 149.245 335.472
10337000 133.158 52.1327 150.479 335.77
10338000 132.253 51.9967 151.836 336.086
10339000 129.948 52.1108 149.061 331.119
10340000 128.901 53.0651 149.123 331.089
10341000 127.669 53.8525 145.814 327.335
10342000 129.035 54.2528 141.573 324.861
10343000 131.748 54.1164 142.058 327.922
10344000 131.966 53.6421 145.646 331.254
10345000 135.015 54.1372 148.119 337.271
10346000 134.247 54.1249 151.606 339.978
10347000 131.607 54.5466 151.082 337.235
10348000 131.356 54.4951 152.441 338.292
10349000 132.242 54.1797 151.213 337.634
10350000 132.248 53.1845 147.395 332.827
10351000 134.628 53.0314 146.157 333.816
10352000 132.733 52.7735 146.117 331.624
10353000 133.125 52.3173 148.012 333.455
10354000 135.69 52.6355 148.085 336.41
10355000 137.01 52.3609 146.147 335.518
10356000 136.706 52.7393 145.353 334.798
10357000 138.289 53.5874 145.952 337.828
10358000 139.358 52.1439 148.961 340.463
10359000 136.994 51.8381 148.023 336.856
10360000 135.378 51.9354 150.428 337.741
10361000 136.507 52.0791 154.281 342.867
10362000 136.644 51.6505 154.1 342.394
10363000 133.84 51.2354 152.471 337.546
10364000 133.775 50.9621 149.816 334.552
10365000 136.377 51.9819 147.169 335.528
10366000 138.48 53.0634 144.522 336.065
10367000 135.566 53.4696 141.531 330.566
10368000 131.684 53.875 140.519 326.079
10369000 130.013 53.9689 141.752 325.734
10370000 131.598 54.3261 142.735 328.659
10371000 132.746 55.34 143.934 332.02
10372000 134.152 55.9024 145.572 335.626
10373000 131.414 55.8763 145.823 333.113
10374000 131.733 55.5211 148.436 335.69
10375000 127.545 55.0142 149.715 332.275
10376000 125.81 54.5571 152.813 333.18
10377000 123.907 54.6178 153.213 331.737
10378000 124.827 55.1648 154.617 334.609
10379000 124.647 54.7068 154.86 334.214
10380000 122.847 53.6766 153.657 330.181
10381000 119.438 53.2613 151.454 324.153
10382000 119.22 53.2826 150.419 322.922
10383000 117.74 52.7382 148.796 319.274
10384000 116.907 52.1691 148.443 317.52
10385000 115.474 51.5905 148.963 316.028
10386000 115.782 51.6678 148.631 316.081
10387000 116.775 53.3376 148.476 318.589
10388000 115.801 54.1593 146.016 315.977
10389000 118.787 54.4905 147.722 321
10390000 121.633 54.001 148.787 324.421
10391000 124.738 53.354 147.499 325.591
10392000 125.838 53.9898 146.113 325.94
10393000 127.686 52.553 147.182 327.42
10394000 129.105 52.0334 146.877 328.016
10395000 130.634 52.0823 149.67 332.386
10396000 130.891 52.2015 149.324 332.417
10397000 133.528 52.1108 149.192 334.831
10398000 133.52 52.2536 148.283 334.057
10399000 133.981 53.6186 149.461 337.061
10400000 135.868 54.1735 148.095 338.137
10401000 135.279 54.2825 145.376 334.938
10402000 134.659 55.5408 139.708 329.908
10403000 134.199 55.7678 137.844 327.811
10404000 136.905 55.1669 137.016 329.089
10405000 136.207 54.6963 133.703 324.607
10406000 137.269 53.8371 130.157 321.263
10407000 137.642 53.4979 129.574 320.714
10408000 134.606 54.3964 129.899 318.901
10409000 133.488 55.6772 130.038 319.203
10410000 132.588 55.8422 127.559 315.989
10411000 130.592 56.7704 130.551 317.913
10412000 130.359 57.5443 131.819 319.723
10413000 130.327 56.2798 133.646 320.252
10414000 132.746 55.9196 131.589 320.255
10415000 134.584 56.3191 128.748 319.651
10416000 132.8 56.525 130.86 320.184
10417000 133.266 57.0593 136.452 326.777
10418000 132.343 57.9221 139.04 329.306
10419000 135.583 57.9599 140.771 334.314
10420000 132.917 57.9063 141.055 331.879
10421000 130.632 58.9206 140.34 329.893
10422000 128.25 58.4733 142.182 328.905
10423000 127.959 58.3663 146.701 333.027
10424000 126.919 57.649 146.509 331.076
10425000 127.708 57.0846 146.888 331.68
10426000 125.699 58.6383 147.521 331.858
10427000 126.765 60.9252 147.08 334.77
10428000 127.307 60.5738 147.212 335.093
10429000 127.603 60.076 148.322 336.001
10430000 129.856 60.3081 149.665 339.829
10431000 133.389 62.1758 150.769 346.334
10432000 134.09 63.6109 151.729 349.43
10433000 137.882 63.5703 151.88 353.333
10434000 139.635 64.6197 152.705 356.959
10435000 138.514 65.2289 154.645 358.388
10436000 137.074 64.1151 156.304 357.493
10437000 137.142 64.3395 155.285 356.766
10438000 138.383 64.2942 157.435 360.112
10439000 137.199 63.0508 155.902 356.152
10440000 137.079 62.2467 155.291 354.618
10441000 135.682 61.683 156.307 353.672
10442000 137.837 62.0851 159.553 359.475
10443000 140.093 60.8452 160.692 361.63
10444000 139.333 60.2583 158.376 357.967
10445000 138.195 62.3284 158.255 358.779
10446000 138.156 63.0165 159.266 360.439
10447000 138.501 64.6799 155.273 358.454
10448000 140.368 63.7756 158.432 362.576
10449000 141.621 63.4686 159.068 364.158
10450000 140.828 63.82 159.412 364.06
10451000 142.876 65.6706 154.991 363.538
10452000 141.686 66.8289 157.546 366.061
10453000 138.064 67.4697 156.819 362.353
10454000 137.183 67.6956 159.7 364.578
10455000 135.332 69.6067 164.064 369.003
10456000 134.445 69.8251 165.238 369.509
10457000 135.703 68.889 167.156 371.749
10458000 137.427 67.6192 165.201 370.248
10459000 138.047 65.9509 167.461 371.458
10460000 139.17 66.6373 166.98 372.787
10461000 144.026 66.5333 165.987 376.546
10462000 144.02 66.3685 164.722 375.11
10463000 143.671 66.5808 162.411 372.663
10464000 143.623 66.9234 159.8 370.346
10465000 142.266 66.1275 161.763 370.157
10466000 141.238 66.316 159.057 366.612
10467000 141.526 64.1 160.214 365.841
10468000 141.304 63.0604 162.948 367.312
10469000 141.679 62.8908 164.105 368.675
10470000 143.483 61.3633 163.985 368.832
10471000 147.279 61.1573 164.169 372.606
10472000 147.389 60.9636 162.176 370.528
10473000 149.266 61.3731 161.48 372.119
10474000 150.981 60.388 161.347 372.716
10475000 149.454 60.5202 161.908 371.883
10476000 148.646 60.8357 165.467 374.949
10477000 148.285 59.8026 161.404 369.492
10478000 143.068 58.7162 163.975 365.76
10479000 142.526 59.1441 163.426 365.096
10480000 140.89 60.2335 163.609 364.733
10481000 138.667 60.6081 163.315 362.59
10482000 139.46 59.7968 163.57 362.827
10483000 139.252 58.6497 162.802 360.704
10484000 137.993 58.844 162.215 359.052
10485000 135.476 57.8975 157.652 351.025
10486000 136.199 57.7713 153.831 347.802
10487000 139.036 58.654 154.352 352.042
10488000 136.884 57.9821 156.5 351.366
10489000 135.245 57.1108 156.304 348.659
10490000 136.089 57.8616 156.841 350.792
10491000 139.011 58.6352 157.329 354.975
10492000 139.791 58.5305 155.73 354.051
10493000 137.904 59.7518 160.492 358.148
10494000 137.429 58.917 160.404 356.75
10495000 137.29 58.785 158.111 354.186
10496000 136.631 59.266 154.2 350.097
10497000 134.151 59.6097 151.937 345.698
10498000 132.205 60.0569 152.568 344.831
10499000 131.382 59.4437 152.551 343.376
10500000 131.056 60.1564 152.26 343.473
10501000 129.033 59.764 152.758 341.555
10502000 126.939 60.0808 152.33 339.35
10503000 127.107 59.5798 153.865 340.551
10504000 126.653 59.9605 154.026 340.64
10505000 126.629 59.6457 152.464 338.739
10506000 130.934 59.5783 150.24 340.752
10507000 132.749 61.415 151.022 345.186
10508000 132.959 60.123 152.173 345.255
10509000 133.058 60.0547 157.074 350.187
10510000 134.401 59.6018 157.803 351.806
10511000 135.731 60.4483 159.898 356.077
10512000 135.77 61.5799 160.621 357.971
10513000 135.394 61.3879 163.51 360.291
10514000 135.321 62.378 165.763 363.462
10515000 135.014 63.9604 167.663 366.637
10516000 134.168 65.6956 162.49 362.353
10517000 133.896 66.3522 159.762 360.01
10518000 136.013 67.3194 162.151 365.483
10519000 138.508 68.0006 162.866 369.374
10520000 141.143 69.0505 162.127 372.321
10521000 143.435 67.6114 161.898 372.944
10522000 143.245 68.3155 161.04 372.6
10523000 141.449 68.6374 159.877 369.964
10524000 144.148 68.8959 158.82 371.864
10525000 144.208 67.5327 157.183 368.924
10526000 142.669 66.8407 155.78 365.29
10527000 141.218 65.3855 154.181 360.784
10528000 139.829 64.2109 156.079 360.119
10529000 137.881 65.4603 158.148 361.488
10530000 139.288 64.9524 160.27 364.511
10531000 140.308 64.8715 163.598 368.778
10532000 138.632 64.1718 164.363 367.167
10533000 136.839 62.1312 163.512 362.482
10534000 138.074 63.7648 164.19 366.029
10535000 137.811 64.6583 160.893 363.362
10536000 139.587 64.5887 161.679 365.854
10537000 141.715 66.0418 164.029 371.785
10538000 144.608 67.9745 161.645 374.228
10539000 143.171 67.9666 159.144 370.282
10540000 141.667 67.694 159.98 369.341
10541000 142.507 66.5726 159.821 368.9
10542000 144.978 67.7117 159.951 372.64
10543000 146.25 68.693 157.671 372.614
10544000 147.36 70.0128 158.006 375.38
10545000 146.742 70.5645 154.842 372.149
10546000 148.286 70.7093 156.893 375.889
10547000 146.378 70.2016 158.625 375.205
10548000 146.451 69.9912 160.717 377.16
10549000 145.414 70.6603 162.871 378.946
10550000 144.156 69.0617 165.718 378.935
10551000 145.636 67.8879 167.128 380.652
10552000 148.045 65.675 165.207 378.927
10553000 146.763 65.8084 165.368 377.939
10554000 146.082 65.1024 165.192 376.377
10555000 144.282 65.8823 166.375 376.539
10556000 143.53 65.9037 164.055 373.489
10557000 141.151 64.3985 159.564 365.114
10558000 138.996 64.8834 157.419 361.298
10559000 139.386 64.4402 156.493 360.319
10560000 142.2 64.1106 158.685 364.996
10561000 140.721 63.2252 159.361 363.307
10562000 139.192 61.7188 157.655 358.565
10563000 139.73 61.8257 155.181 356.736
10564000 141.131 62.5104 155.173 358.815
10565000 140.498 62.8183 156.946 360.262
10566000 140.62 63.8137 160.94 365.374
10567000 141.795 64.26 160.883 366.939
10568000 141.64 63.7547 160.266 365.661
10569000 140.608 65.3655 159.066 365.039
10570000 141.069 65.407 160.825 367.301
10571000 140.538 65.1821 164.726 370.446
10572000 140.485 65.0466 164.714 370.245
10573000 139.111 64.7292 159.769 363.609
10574000 139.526 64.3838 160.927 364.836
10575000 137.315 65.3928 161.614 364.322
10576000 135.835 64.6623 159.048 359.545
10577000 135.311 63.6582 157.749 356.718
10578000 135.43 62.852 157.565 355.847
10579000 134.203 61.245 160.832 356.28
10580000 132.687 58.8206 158.84 350.348
10581000 129.388 57.7479 155.324 342.46
10582000 126.574 56.8001 157.392 340.766
10583000 127.987 57.1831 155.256 340.426
10584000 125.17 57.5172 157.482 340.168
10585000 123.077 58.1942 162.001 343.272
10586000 121.764 57.8064 160.481 340.051
10587000 122.829 58.029 157.79 338.649
10588000 122.133 57.557 154.189 333.879
10589000 123.335 57.7259 155.1 336.161
10590000 126.709 58.4861 155.637 340.831
10591000 127.683 59.2793 153.741 340.703
10592000 130.159 59.9565 153.541 343.657
10593000 131.025 60.4048 154.742 346.171
10594000 133.254 60.6635 153.635 347.553
10595000 133.375 61.3709 157.834 352.579
10596000 133.951 61.1876 159.293 354.432
10597000 136.264 60.8195 157.839 354.922
10598000 137.976 61.6244 155.669 355.269
10599000 139.842 62.575 151.253 353.671
10600000 143.717 62.6604 149.471 355.849
10601000 145.145 60.9986 150.674 356.817
10602000 148.528 60.3614 149.333 358.223
10603000 151.558 60.4467 150.107 362.112
10604000 152.674 60.9314 150.992 364.598
10605000 154.659 61.3536 153.1 369.113
10606000 154.863 59.7677 155.526 370.157
10607000 152.761 59.6334 153.774 366.168
10608000 153.325 59.9135 152.428 365.666
10609000 152.957 59.3172 152.845 365.12
10610000 152.919 57.2861 151.661 361.866
10611000 152.427 56.5757 152.995 361.998
10612000 152.092 57.1805 156.703 365.975
10613000 153.618 57.9349 155.277 366.829
10614000 155.686 58.8704 152.914 367.47
10615000 152.487 58.4738 152.369 363.33
10616000 150.602 57.7212 153.969 362.292
10617000 151.18 56.3702 154.938 362.488
10618000 151.773 56.5591 156.638 364.971
10619000 150.987 56.3581 157.736 365.082
10620000 150.168 54.9481 158.03 363.146
10621000 154.394 55.4934 155.681 365.568
10622000 154.542 53.7157 157.213 365.47
10623000 152.479 52.5011 156.16 361.14
10624000 153.048 51.324 155.452 359.824
10625000 151.482 50.9523 153.653 356.087
10626000 150.141 50.8723 150.108 351.121
10627000 150.499 50.4392 149.179 350.117
10628000 152.63 49.6179 150.516 352.764
10629000 151.46 50.1223 147.219 348.801
10630000 150.916 50.7422 145.249 346.908
10631000 151.399 52.0567 146.106 349.561
10632000 153.614 52.2336 147.381 353.229
10633000 153.952 53.1656 147.207 354.325
10634000 155.554 53.5574 149.368 358.479
10635000 157.397 52.865 150.38 360.642
10636000 158.646 53.4526 148.571 360.669
10637000 157.663 53.0832 150.008 360.754
10638000 156.639 52.7043 151.969 361.312
10639000 158.328 54.236 154.123 366.686
10640000 159.738 53.3404 154.51 367.588
10641000 158.733 52.8827 156.042 367.658
10642000 159.546 53.0156 158.308 370.869
10643000 158.063 52.7547 156.047 366.865
10644000 158.943 52.4924 156.953 368.389
10645000 159.887 51.9768 159.001 370.865
10646000 160.752 50.7674 159.394 370.913
10647000 162.044 51.211 161.376 374.631
10648000 161.433 51.9336 162.07 375.437
10649000 162.001 51.4423 160.688 374.131
10650000 161.474 52.7004 159.75 373.925
10651000 156.731 52.8694 153.738 363.339
10652000 156.716 52.5562 152.856 362.128
10653000 155.879 52.7356 152.927 361.542
10654000 158.214 52.4005 150.424 361.038
10655000 158.482 52.6876 149.603 360.773
10656000 158.718 54.0269 151.161 363.906
10657000 156.889 55.2419 151.083 363.215
10658000 155.024 54.9317 150.447 360.402
10659000 156.646 53.6931 149.983 360.323
10660000 158.912 52.5092 150.15 361.572
10661000 159.049 52.5318 151.687 363.269
10662000 156.185 53.2338 152.575 361.994
10663000 152.45 53.5605 152.226 358.236
10664000 150.727 53.6394 153.32 357.687
10665000 148.904 54.3916 153.632 356.927
10666000 144.915 54.2021 155.777 354.894
10667000 144.958 54.0931 153.253 352.304
10668000 142.87 53.4105 152.732 349.013
10669000 140.47 53.2951 152.242 346.006
10670000 136.889 54.5262 155.158 346.573
10671000 135.15 54.7066 155.723 345.579
10672000 131.581 54.3176 158.122 344.02
10673000 132.447 53.6278 156.166 342.24
10674000 135.189 53.4554 155.74 344.385
10675000 136.305 53.5296 154.745 344.579
10676000 137.596 52.987 155.136 345.719
10677000 140.77 53.4252 155.189 349.384
10678000 140.203 53.2436 154.942 348.388
10679000 138.545 54.4053 149.757 342.707
10680000 136.003 54.8492 150.752 341.604
10681000 136.344 54.5987 151.117 342.06
10682000 137.19 54.0323 150.684 341.905
10683000 138.162 53.6944 148.986 340.842
10684000 137.663 54.4182 147.16 339.241
10685000 134.891 54.1411 145.574 334.606
10686000 138.836 53.6214 145.962 338.419
10687000 138.287 53.1811 145.833 337.301
10688000 139.173 53.0345 144.989 337.196
10689000 139.885 52.5449 142.997 335.427
10690000 137.152 51.5798 143.933 332.664
10691000 137.604 50.609 145.629 333.843
10692000 138.866 49.8873 145.329 334.082
10693000 140.313 50.7161 143.921 334.95
10694000 139.794 50.525 142.056 332.375
10695000 138.843 49.168 142.02 330.031
10696000 136.083 48.7131 138.069 322.865
10697000 133.807 48.5999 136.474 318.881
10698000 134.332 49.3734 135.471 319.176
10699000 134.621 50.689 137.53 322.839
10700000 133.757 51.946 136.803 322.506
10701000 132.559 52.7178 137.298 322.575
10702000 132.156 53.7514 138.073 323.98
10703000 133.126 54.1596 135.536 322.821
10704000 134.516 55.3654 136.209 326.09
10705000 133.859 55.2058 136.578 325.643
10706000 131.797 55.3433 135.489 322.628
10707000 132.634 56.1875 136.515 325.337
10708000 132.686 57.1631 134.853 324.703
10709000 132.429 56.5816 134.182 323.192
10710000 134.543 56.6502 132.677 323.871
10711000 136.472 55.7799 133.31 325.562
10712000 138.513 55.5006 132.47 326.484
10713000 139.498 55.655 133.406 328.558
10714000 140.12 55.8837 132.598 328.603
10715000 137.709 56.4881 132.158 326.355
10716000 137.444 57.4134 136.282 331.139
10717000 134.894 56.6239 136.555 328.073
10718000 134.736 57.1067 135.98 327.824
10719000 136.313 56.8388 135.452 328.604
10720000 133.11 55.9043 134.581 323.595
10721000 132.143 56.2669 136.643 325.053
10722000 131.983 57.0891 138.336 327.408
10723000 131.149 56.6307 137.594 325.373
10724000 130.024 56.2915 135.436 321.751
10725000 129.763 57.0351 133.507 320.304
10726000 129.642 57.2702 131.972 318.885
10727000 127.348 57.3206 133.426 318.094
10728000 126.72 57.8886 132.975 317.583
10729000 126.205 57.996 132.097 316.297
10730000 126.697 57.9924 131.569 316.258
10731000 125.208 56.9536 129.674 311.835
10732000 122.502 56.7199 129.508 308.73
10733000 123.609 56.453 126.759 306.821
10734000 125.101 55.8013 123.661 304.564
10735000 125.627 56.262 126.328 308.218
10736000 125.773 55.818 127.471 309.061
10737000 127.77 55.7785 127.321 310.869
10738000 129.369 56.3487 128.956 314.673
10739000 131.681 56.3213 130.434 318.436
10740000 132.693 56.3892 130.558 319.64
10741000 133.457 56.2691 129.945 319.672
10742000 130.678 55.3116 131.522 317.512
10743000 131.777 54.8409 132.203 318.821
10744000 132.201 54.2447 135.2 321.645
10745000 132.595 53.9455 136.842 323.382
10746000 128.71 54.2425 135.614 318.566
10747000 124.767 54.0804 138.803 317.651
10748000 122.509 53.0385 141.633 317.181
10749000 119.496 52.6839 140.57 312.75
10750000 118.668 51.1622 139.995 309.824
10751000 118.386 51.3577 140.088 309.832
10752000 118.314 51.7367 137.881 307.932
10753000 116.435 51.5934 136.839 304.867
10754000 114.341 51.1261 135.816 301.283
10755000 113.084 50.9398 134.495 298.519
10756000 110.642 51.3481 132.63 294.62
10757000 109.881 51.0479 134.645 295.574
10758000 110.096 50.6548 134.038 294.789
10759000 111.684 50.7633 131.444 293.891
10760000 113.158 51.3829 132.255 296.795
10761000 114.637 51.8382 131.459 297.934
10762000 115.081 52.1023 130.822 298.005
10763000 113.544 52.3859 132.147 298.077
10764000 112.209 52.1699 133.085 297.465
10765000 114.804 52.6631 133.966 301.433
10766000 117.602 52.7538 133.712 304.067
10767000 116.403 53.2921 133.978 303.674
10768000 116.616 52.8446 132.556 302.017
10769000 115.87 53.4812 132.257 301.609
10770000 114.215 53.9719 132.027 300.214
10771000 112.845 54.9129 130.74 298.498
10772000 109.707 53.7168 130.68 294.104
10773000 108.447 52.6987 129.252 290.397
10774000 104.832 51.2046 126.361 282.398
10775000 105.698 50.2532 125.064 281.015
10776000 105.645 49.9386 122.835 278.418
10777000 104.676 49.2672 126.438 280.381
10778000 106.428 48.3387 127.695 282.462
10779000 105.929 48.9305 127.553 282.413
10780000 105.2 49.0805 128.063 282.343
10781000 104.617 48.6172 127.235 280.469
10782000 104.98 48.6037 126.873 280.457
10783000 107.766 48.1094 125.406 281.282
10784000 109.21 48.857 124.597 282.664
10785000 109.711 48.903 124.468 283.082
10786000 109.881 48.2225 122.934 281.037
10787000 107.607 47.0788 124.867 279.553
10788000 108.417 47.0609 126.473 281.951
10789000 112.953 46.9716 128.331 288.255
10790000 115.194 47.4896 129.221 291.904
10791000 113.116 47.8677 130.684 291.667
10792000 112.062 48.1797 133.889 294.131
10793000 110.768 48.4685 133.35 292.586
10794000 113.336 48.0433 130.626 292.005
10795000 115.7 48.0456 131.724 295.47
10796000 117.222 47.8504 131.18 296.253
10797000 116.158 47.6675 130.504 294.329
10798000 118.405 46.8873 129.788 295.08
10799000 119.691 46.9364 132.579 299.207
10800000 118.717 47.9587 134.592 301.268
10801000 118.15 48.0361 132.655 298.841
10802000 117.916 47.7963 130.803 296.515
10803000 120.225 47.5562 133.617 301.398
10804000 117.12 46.8319 135.849 299.802
10805000 117.941 47.7713 135.371 301.083
10806000 121.387 47.7806 132.627 301.795
10807000 121.196 48.0241 131.913 301.133
10808000 122.167 48.2437 133.553 303.963
10809000 122.151 48.3952 136.512 307.059
10810000 124.638 48.5694 138.06 311.267
10811000 121.034 48.9598 137.085 307.079
10812000 119.571 48.8555 136.738 305.164
10813000 117.577 49.0563 134.11 300.743
10814000 117.22 50.1876 133.058 300.466
10815000 116.938 49.7599 131.979 298.677
10816000 116.411 49.8172 132.434 298.662
10817000 115.622 50.011 128.754 294.387
10818000 116.533 50.6636 125.763 292.96
10819000 114.24 51.2342 124.669 290.144
10820000 117.263 50.7114 121.179 289.153
10821000 118.225 50.2426 121.975 290.442
10822000 117.56 50.0976 119.067 286.725
10823000 116.005 50.3421 118.07 284.418
10824000 117.339 50.0866 118.654 286.08
10825000 117.888 50.0919 120.141 288.122
10826000 120.052 50.0982 121.698 291.848
10827000 121.445 50.2192 117.812 289.476
10828000 120.706 50.3128 118.464 289.483
10829000 121.829 49.6027 117.521 288.953
10830000 121.794 50.154 112.192 284.14
10831000 121.562 50.2821 112.182 284.027
10832000 120.926 50.2725 112.433 283.631
10833000 121.179 51.4457 111.523 284.148
10834000 122.422 53.4591 110.157 286.038
10835000 122.648 53.9774 107.162 283.787
10836000 122.613 54.5724 104.586 281.771
10837000 124.421 55.3957 106.112 285.93
10838000 126.138 54.7331 106.952 287.823
10839000 127.268 54.5011 106.618 288.387
10840000 126.938 53.4663 106.052 286.456
10841000 127.152 53.4445 105.242 285.839
10842000 125.661 52.8817 102.455 280.998
10843000 125.187 52.6395 101.856 279.683
10844000 124.619 53.0993 102.582 280.3
10845000 125.779 52.7918 98.4913 277.062
10846000 123.067 52.1367 98.6917 273.895
10847000 121.459 51.8588 101.545 274.863
10848000 120.577 52.3456 101.282 274.204
10849000 122.278 52.4199 103.462 278.16
10850000 123.036 52.7805 104.674 280.49
10851000 121.965 53.2211 104.822 280.008
10852000 122.047 52.4256 102.699 277.171
10853000 123.803 51.7013 102.724 278.228
10854000 124.397 51.4735 103.459 279.329
10855000 123.588 50.4441 105.191 279.223
10856000 125.181 50.4161 105.585 281.183
10857000 124.61 51.0319 102.829 278.471
10858000 122.658 50.9069 101.04 274.605
10859000 124.159 51.6086 101.714 277.481
10860000 124.557 52.933 101.803 279.293
10861000 124.791 53.3709 102.087 280.249
10862000 126.978 53.9626 100.426 281.367
10863000 126.458 52.8107 101.126 280.395
10864000 129.564 51.8442 101.638 283.047
10865000 130.645 51.726 104.375 286.745
10866000 129.176 51.2785 104.256 284.71
10867000 128.883 51.2716 104.449 284.604
10868000 127.385 51.0428 106.315 284.743
10869000 125.731 51.47 107.006 284.208
10870000 124.637 51.3221 106.817 282.776
10871000 121.426 51.9111 107.843 281.18
10872000 121.864 51.5668 107.642 281.073
10873000 123.867 51.3643 106.908 282.139
10874000 123.412 52.7033 106.588 282.703
10875000 123.626 52.8566 107.142 283.625
10876000 122.192 52.1333 107.67 281.996
10877000 121.907 50.8603 108.272 281.039
10878000 121.423 50.6071 109.518 281.548
10879000 122.084 51.1571 110.423 283.664
10880000 121.728 51.5779 110.5 283.807
10881000 120.503 51.6213 109.525 281.649
10882000 122.243 52.7333 109.772 284.748
10883000 121.149 52.5443 109.93 283.624
10884000 122.823 51.4946 111.652 285.97
10885000 123.794 51.3078 110.652 285.753
10886000 125.544 51.3381 110.884 287.765
10887000 126.866 51.6511 109.134 287.651
10888000 127.265 52.9651 108.753 288.983
10889000 128.937 53.3197 109.404 291.66
10890000 129.127 52.4979 109.922 291.548
10891000 131.183 52.09 112.306 295.579
10892000 132.363 52.5991 112.077 297.039
10893000 133.309 53.3797 113.697 300.385
10894000 134.376 53.0506 115.983 303.409
10895000 134.65 53.527 114.658 302.835
10896000 134.618 54.5731 113.283 302.474
10897000 134.523 55.4407 112.517 302.481
10898000 135.301 55.4056 110.342 301.048
10899000 135.018 55.4424 108.152 298.613
10900000 134.99 56.1309 106.398 297.52
10901000 134.967 57.4781 109.416 301.861
10902000 135.78 57.2166 111.109 304.105
10903000 133.593 57.8644 111.262 302.719
10904000 136.056 57.3064 111.304 304.666
10905000 135.155 58.1817 112.548 305.885
10906000 134.513 57.9249 113.01 305.449
10907000 133.159 57.6734 114.01 304.842
10908000 133.573 57.2779 115.195 306.046
10909000 130.826 57.6898 117.062 305.578
10910000 131.658 57.1978 118.031 306.886
10911000 132.112 56.1072 115.768 303.987
10912000 132.695 55.3259 114.83 302.852
10913000 130.065 55.5048 115.383 300.952
10914000 129.255 56.6778 118.749 304.682
10915000 130.797 57.5731 119.347 307.718
10916000 132.741 56.932 116.384 306.057
10917000 134.612 57.5314 114.475 306.618
10918000 135.075 57.4171 113.513 306.005
10919000 135.027 57.341 110.349 302.717
10920000 135.095 57.6521 108.036 300.783
10921000 135.687 58.0544 107.85 301.591
10922000 137.183 58.9623 108.311 304.456
10923000 139.243 58.3809 107.702 305.326
10924000 140.072 58.4523 107.494 306.018
10925000 139.159 58.015 105.345 302.519
10926000 142.363 57.6566 105.132 305.152
10927000 141.954 58.9319 107.687 308.573
10928000 142.302 59.2042 109.17 310.676
10929000 141.135 59.4804 109.193 309.809
10930000 139.931 59.4988 108.579 308.01
10931000 140.533 61.7097 108.212 310.455
10932000 139.676 62.2857 108.409 310.371
10933000 141.076 62.7617 107.497 311.335
10934000 143.635 63.3398 109.16 316.136
10935000 144.305 63.3482 109.749 317.402
10936000 142.366 63.2506 111.249 316.866
10937000 140.07 64.0088 112.582 316.661
10938000 137.94 63.8127 114.17 315.923
10939000 136.71 64.0853 113.539 314.334
10940000 132.048 63.419 113.752 309.219
10941000 132.467 62.8482 113.884 309.199
10942000 133.496 62.3909 110.994 306.881
10943000 132.679 63.3264 111.353 307.358
10944000 133.303 63.4797 115.772 312.555
10945000 132.515 63.6539 117.145 313.314
10946000 129.659 64.8011 117.434 311.894
10947000 130.682 63.2024 118.202 312.086
10948000 132.53 62.9317 115.979 311.441
10949000 131.427 64.2064 116.748 312.382
10950000 131.522 65.1625 117.876 314.561
10951000 133.612 66.1799 117.979 317.771
10952000 135.9 67.6562 117.839 321.395
10953000 136.748 67.6803 118.201 322.629
10954000 138.213 68.1241 115.722 322.059
10955000 139.01 68.2477 115.983 323.241
10956000 137.471 67.2583 117.091 321.82
10957000 136.813 68.4764 115.16 320.45
10958000 136.254 67.1523 115.309 318.715
10959000 135.712 68.6724 116.641 321.025
10960000 133.865 69.3336 116.093 319.292
10961000 131.29 68.3468 114.996 314.632
10962000 128.568 67.4138 116.124 312.106
10963000 128.53 66.9622 115.673 311.165
10964000 129.824 67.2724 115.032 312.129
10965000 131.557 66.556 114.004 312.118
10966000 130.784 65.3247 113.473 309.582
10967000 128.704 65.8672 111.949 306.52
10968000 128.89 64.4976 111.369 304.756
10969000 127.433 63.6798 111.149 302.262
10970000 128.64 62.6767 111.816 303.133
10971000 128.732 62.8105 110.039 301.582
10972000 126.441 62.6474 109.081 298.17
10973000 125.706 60.7873 109.807 296.3
10974000 124.626 60.8632 109.193 294.682
10975000 124.522 61.3226 111.289 297.134
10976000 123.744 62.0137 114.093 299.851
10977000 124.809 62.125 116.189 303.123
10978000 127.392 61.9703 116.91 306.273
10979000 129.149 62.8413 116.923 308.914
10980000 127.556 64.4407 117.858 309.854
10981000 126.069 64.5557 119.896 310.52
10982000 126.433 64.3657 118.177 308.976
10983000 125.603 64.3908 117.288 307.281
10984000 126.858 64.2466 118.49 309.595
10985000 125.853 64.2659 116.16 306.279
10986000 124.345 62.3525 113.807 300.505
10987000 123.891 61.8638 114.373 300.127
10988000 122.376 62.3375 115.842 300.555
10989000 120.561 63.1326 116.662 300.355
10990000 119.222 63.8044 115.06 298.086
10991000 122.762 63.8401 115.163 301.766
10992000 119.961 64.9007 114.896 299.758
10993000 116.519 65.2525 114.634 296.406
10994000 114.94 64.495 113.448 292.883
10995000 114.628 66.4119 113.509 294.549
10996000 115.458 65.633 112.405 293.496
10997000 115.161 64.8417 113.026 293.029
10998000 114.697 66.3758 110.714 291.787
10999000 113.477 67.2 106.838 287.515
11000000 110.124 66.4362 106.92 283.48
11001000 105.84 66.8391 106.846 279.525
11002000 106.765 67.7685 108.572 283.106
11003000 107.541 67.2331 107.88 282.654
11004000 108.79 68.4677 108.41 285.668
11005000 110.824 68.0123 109.26 288.097
11006000 107.951 67.1024 109.08 284.133
11007000 107.302 66.5022 109.281 283.086
11008000 106.389 67.6639 107.821 281.874
11009000 105.404 68.4888 105.611 279.504
11010000 107.217 68.4943 104.614 280.325
11011000 106.439 68.0368 103.368 277.843
11012000 105.014 66.7131 103.643 275.37
11013000 102.762 66.4756 103.204 272.442
11014000 101.733 66.161 106.175 274.069
11015000 101.862 67.3974 106.981 276.241
11016000 104.283 69.4866 108.216 281.986
11017000 105.058 70.045 105.871 280.974
11018000 105.666 69.4099 104.246 279.322
11019000 106.625 68.062 104.297 278.984
11020000 109.93 68.2699 103.918 282.119
11021000 109.818 67.3051 103.013 280.137
11022000 108.693 67.4715 102.864 279.029
11023000 109.94 68.6997 104.202 282.842
11024000 111.976 69.4407 104.321 285.737
11025000 114.529 69.9212 101.89 286.34
11026000 115.03 70.8224 103.42 289.272
11027000 111.85 71.3012 104.997 288.148
11028000 112.631 71.8174 103.904 288.352
11029000 112.07 72.0359 105.997 290.103
11030000 110.131 72.3827 104.864 287.378
11031000 110.82 72.9069 104.474 288.201
11032000 111.553 73.5382 105.009 290.1
11033000 109.164 73.0469 105.553 287.764
11034000 106.024 70.694 107.005 283.723
11035000 106.346 69.929 106.376 282.651
11036000 106.011 68.4685 107.386 281.865
11037000 106.547 68.2228 109.059 283.829
11038000 106.328 68.9221 110.61 285.86
11039000 107.59 69.0345 111.177 287.802
11040000 110.855 70.0701 112.484 293.409
11041000 112.435 70.5635 114.521 297.519
11042000 113.213 70.9207 115.253 299.387
11043000 115.634 70.58 116.774 302.988
11044000 118.062 71.0827 117.397 306.542
11045000 118.653 71.9982 116.313 306.964
11046000 121.051 72.6621 117.066 310.779
11047000 123.702 73.1254 117.745 314.572
11048000 123.978 72.434 116.189 312.602
11049000 127.047 72.2982 114.891 314.237
11050000 130.518 72.4634 115.038 318.019
11051000 133.098 74.3199 113.396 320.814
11052000 133.717 74.8531 114.656 323.226
11053000 134.371 74.1898 117.24 325.8
11054000 132.767 74.0898 118.533 325.39
11055000 132.701 73.4861 120.256 326.443
11056000 132.821 73.3102 119.85 325.982
11057000 133.546 72.6642 121.566 327.776
11058000 133.712 72.3911 121.474 327.576
11059000 131.793 72.4392 122.218 326.45
11060000 127.419 72.4329 123.061 322.913
11061000 125.286 73.5314 125.46 324.278
11062000 124.119 72.1719 124.738 321.028
11063000 123.039 72.5511 122.263 317.853
11064000 121.923 71.0878 122.822 315.832
11065000 122.918 71.2227 123.805 317.945
11066000 125.611 72.6441 121.812 320.067
11067000 125.486 73.8877 118.597 317.971
11068000 127.845 73.0662 117.774 318.686
11069000 130.312 72.302 116.478 319.091
11070000 128.098 74.8139 120.21 323.122
11071000 128.054 74.1111 121.088 323.254
11072000 127.138 75.3795 121.455 323.972
11073000 126.957 74.415 119.037 320.409
11074000 124.812 74.7951 118.458 318.065
11075000 125.249 75.7791 119.891 320.919
11076000 124.207 74.2076 119.237 317.652
11077000 121.65 72.7957 120.015 314.46
11078000 120.55 73.5121 118.016 312.079
11079000 115.229 74.153 117.522 306.905
11080000 112.21 75.6447 117.441 305.296
11081000 110.25 76.6921 117.278 304.22
11082000 109.416 75.264 118.404 303.084
11083000 109.744 74.3989 118.877 303.02
11084000 110.808 72.3306 117.497 300.635
11085000 111.185 72.2417 118.65 302.077
11086000 112.047 74.3184 118.829 305.195
11087000 111.086 75.1579 118.076 304.32
11088000 114.115 74.581 118.956 307.652
11089000 118.606 75.2667 119.63 313.503
11090000 119.352 74.5764 119.667 313.595
11091000 115.888 75.14 120.197 311.225
11092000 113.044 77.7366 119.032 309.812
11093000 111.002 78.7739 117.95 307.726
11094000 108.575 79.8364 117.344 305.755
11095000 106.274 80.2785 118.646 305.199
11096000 105.73 80.3607 119.476 305.566
11097000 104.09 81.2756 118.499 303.865
11098000 103.585 81.0061 118.616 303.208
11099000 101.645 81.0375 118.685 301.368
11100000 100.994 78.2998 119.973 299.267
11101000 103.376 77.1403 120.482 300.999
11102000 105.499 77.2179 118.861 301.577
11103000 106.879 75.7849 120.003 302.667
11104000 108.082 75.654 119.606 303.342
11105000 107.69 77.889 119.696 305.276
11106000 107.764 77.2226 120.196 305.183
11107000 109.403 75.0307 120.792 305.225
11108000 108.715 75.61 120.204 304.53
11109000 106.721 75.2792 122.133 304.132
11110000 104.358 75.6612 121.251 301.27
11111000 103.054 77.2546 122.942 303.251
11112000 103.919 77.7797 123.554 305.253
11113000 102.205 77.5434 122.458 302.206
11114000 102.786 76.8263 123.187 302.799
11115000 101.443 75.5047 123.081 300.028
11116000 100.947 75.9157 126.035 302.898
11117000 100.332 77.3316 126.552 304.216
11118000 99.7023 78.3421 127.699 305.743
11119000 99.5594 77.8721 129.703 307.134
11120000 100.432 78.3453 131.061 309.838
11121000 102.193 79.1519 133.166 314.51
11122000 104.383 79.6187 135.859 319.861
11123000 102.684 79.1141 136.516 318.314
11124000 99.4523 78.1908 137.927 315.57
11125000 96.7057 78.2149 140.188 315.109
11126000 95.1392 77.7322 141.452 314.323
11127000 95.1486 77.8215 141.707 314.677
11128000 93.3568 77.2615 138.835 309.453
11129000 92.5253 77.6925 139.424 309.642
11130000 92.7026 76.5011 143.068 312.272
11131000 92.129 76.0924 143.955 312.176
11132000 90.9849 76.5274 141.812 309.325
11133000 90.0928 75.7264 140.723 306.542
11134000 90.45 75.6736 138.918 305.042
11135000 91.4845 75.2549 136.09 302.829
11136000 90.4904 74.2129 136.611 301.314
11137000 90.0076 74.2256 139.233 303.466
11138000 88.8922 74.353 140.128 303.373
11139000 87.6607 73.0123 141.12 301.793
11140000 87.1538 73.19 140.581 300.925
11141000 87.5467 72.0383 141.709 301.294
11142000 86.8805 70.9838 144.086 301.95
11143000 87.7081 71.4315 145.923 305.063
11144000 91.1255 71.5996 147.392 310.117
11145000 92.3916 72.8378 147.534 312.763
11146000 92.905 73.2939 148.317 314.516
11147000 94.647 73.2585 148.452 316.358
11148000 93.5712 74.9252 148.526 317.022
11149000 94.0304 75.8227 147.963 317.816
11150000 92.8937 76.2413 149.858 318.993
11151000 92.4724 76.4433 150.795 319.711
11152000 92.8298 75.5515 148.313 316.694
11153000 92.2961 74.091 147.012 313.4
11154000 93.5564 72.7183 143.768 310.043
11155000 91.2274 74.0059 143.013 308.247
11156000 89.0311 75.5776 142.647 307.256
11157000 89.3417 75.0768 145.065 309.483
11158000 89.5023 74.9618 143.049 307.513
11159000 90.0012 74.807 141.359 306.168
11160000 89.6317 72.8636 143.26 305.755
11161000 90.44 74.1364 139.666 304.242
11162000 89.392 73.8819 139.95 303.224
11163000 88.3637 74.4456 140.723 303.532
11164000 88.0751 73.9071 139.46 301.442
11165000 87.3299 74.5751 136.983 298.888
11166000 86.8141 75.1528 137.375 299.342
11167000 84.0378 74.9313 139.759 298.728
11168000 84.0777 73.8611 139.089 297.028
11169000 85.4296 74.1201 138.694 298.244
11170000 87.6581 75.0286 138.372 301.059
11171000 88.9136 75.1878 136.667 300.768
11172000 86.766 74.6733 136.396 297.835
11173000 85.4725 73.6412 138.71 297.824
11174000 86.3947 72.6406 141.097 300.133
11175000 87.5807 72.4209 146.163 306.165
11176000 86.858 72.4405 144.921 304.219
11177000 87.931 73.5245 143.913 305.368
11178000 88.864 72.948 143.009 304.82
11179000 91.875 72.4948 142.382 306.752
11180000 92.6266 74.4868 142.455 309.569
11181000 91.9843 74.806 144.594 311.384
11182000 91.5336 73.6973 145.813 311.044
11183000 92.7797 73.4314 147.065 313.276
11184000 92.5309 73.6746 147.771 313.976
11185000 93.1726 74.748 147.675 315.595
11186000 91.7163 74.3537 147.257 313.327
11187000 92.2538 73.8581 144.066 310.178
11188000 92.2687 72.697 143.818 308.784
11189000 93.5816 73.1492 143.578 310.309
11190000 93.5948 72.4561 142.98 309.03
11191000 93.6543 70.8031 141.989 306.446
11192000 95.8056 70.7294 139.95 306.485
11193000 96.8479 71.1099 138.16 306.117
11194000 96.3376 69.8986 138.929 305.166
11195000 96.2126 69.9138 140.023 306.15
11196000 97.4268 69.2304 138.974 305.631
11197000 96.1499 69.9177 137.564 303.632
11198000 95.8085 69.633 138.363 303.804
11199000 93.3811 69.8242 141.315 304.52
11200000 92.8193 68.8421 139.891 301.552
11201000 94.1771 67.2266 137.404 298.808
11202000 94.984 67.2257 137.224 299.433
11203000 95.6813 66.124 139.945 301.75
11204000 96.0914 66.9547 139.105 302.151
11205000 95.5437 67.7956 139.846 303.185
11206000 95.691 66.744 140.328 302.763
11207000 96.8827 66.2261 141.759 304.868
11208000 94.7185 65.5041 141.568 301.791
11209000 94.9883 65.3408 143.084 303.413
11210000 96.1855 64.9748 145.201 306.361
11211000 96.0346 64.5751 146.436 307.046
11212000 96.716 64.7799 147.029 308.525
11213000 97.6519 64.9429 148.289 310.884
11214000 97.9317 65.9767 146.63 310.539
11215000 99.812 66.6934 144.791 311.296
11216000 101.393 64.7978 142.668 308.859
11217000 101.859 65.0473 142.865 309.771
11218000 101.225 65.3837 142.884 309.492
11219000 101.538 64.9019 141.345 307.785
11220000 103.686 64.0997 140.719 308.505
11221000 101.945 62.7666 139.204 303.916
11222000 100.198 62.5054 137.177 299.881
11223000 98.7708 63.6647 138.688 301.123
11224000 100.309 63.1689 137.586 301.064
11225000 102.279 61.9129 138.776 302.968
11226000 105.307 61.4216 137.909 304.637
11227000 104.708 61.3674 139.291 305.366
11228000 105.713 62.5132 139.162 307.388
11229000 104.074 62.3736 139.691 306.139
11230000 101.707 63.6221 143.541 308.87
11231000 102.619 63.8243 143.395 309.839
11232000 102.157 63.594 142.894 308.645
11233000 101.607 63.5971 142.452 307.656
11234000 102.131 63.7617 142.037 307.93
11235000 101.659 63.7987 140.452 305.91
11236000 100.176 65.1942 139.689 305.059
11237000 99.1427 66.0968 141.375 306.615
11238000 98.4936 65.2356 142.742 306.471
11239000 99.8297 66.5976 146.164 312.591
11240000 101.927 66.6073 146.325 314.86
11241000 99.685 66.3273 146.632 312.644
11242000 98.3801 66.2592 147.845 312.485
11243000 99.7598 66.46 148.761 314.981
11244000 98.5298 66.422 149.939 314.891
11245000 98.4315 66.9633 148.554 313.949
11246000 98.3238 66.7143 145.435 310.473
11247000 96.7549 67.6626 144.658 309.075
11248000 99.5423 68.1439 144.046 311.732
11249000 101.056 67.5525 143.91 312.519
11250000 102.302 67.7807 144.673 314.756
11251000 104.141 68.3898 145.001 317.532
11252000 103.837 69.4236 145.108 318.369
11253000 103.723 71.2781 146.838 321.839
11254000 102.331 72.2148 143.835 318.381
11255000 102.203 74.253 140.704 317.161
11256000 102.192 75.6497 139.966 317.807
11257000 102.252 75.1301 139.802 317.184
11258000 101.278 74.7615 140.457 316.496
11259000 102.547 75.7322 137.907 316.186
11260000 102.056 76.4591 136.651 315.165
11261000 102.412 77.1172 134.796 314.325
11262000 103.781 78.7839 134.025 316.589
11263000 102.327 77.6705 135.37 315.368
11264000 101.411 76.8949 136.775 315.081
11265000 101.945 75.9996 135.136 313.081
11266000 102.958 76.1483 132.637 311.743
11267000 104.663 74.1432 130.763 309.569
11268000 103.899 74.4558 130.716 309.071
11269000 104.965 72.2669 128.845 306.077
11270000 105.078 72.5286 128.553 306.16
11271000 105.334 71.7879 127.376 304.498
11272000 105.892 71.9647 127.96 305.816
11273000 105.351 72.8924 126.12 304.364
11274000 105.769 73.1635 122.209 301.142
11275000 105.652 72.6038 122.561 300.816
11276000 105.651 71.7414 125.247 302.64
11277000 105.547 70.9369 123.419 299.903
11278000 106.043 70.9099 122.365 299.318
11279000 109.749 71.1561 121.573 302.479
11280000 111.958 71.4025 122.549 305.91
11281000 111.243 70.7825 124.223 306.249
11282000 111.53 71.0843 125.741 308.356
11283000 109.835 72.5753 126.622 309.032
11284000 110.259 72.5549 128.096 310.909
11285000 111.054 73.4459 126.163 310.663
11286000 110.871 73.9579 127.743 312.572
11287000 113.775 73.3886 126.632 313.796
11288000 114.079 73.9847 124.564 312.627
11289000 115.71 73.5251 124.431 313.667
11290000 117.982 73.0859 123.158 314.225
11291000 117.862 73.8471 125.413 317.121
11292000 115.961 75.1568 126.774 317.891
11293000 115.933 74.7362 127.311 317.98
11294000 118.391 76.3241 126.935 321.65
11295000 116.083 76.6797 126.634 319.397
11296000 115.369 75.3127 125.391 316.072
11297000 114.432 74.517 123.934 312.883
11298000 113.738 74.3955 122.188 310.322
11299000 114.227 74.838 121.693 310.758
11300000 112.838 74.5593 121.976 309.374
11301000 110.38 74.7627 121.064 306.206
11302000 110.643 74.259 121.823 306.725
11303000 113.062 75.4693 123.065 311.597
11304000 114.611 74.8308 123.49 312.933
11305000 114.018 74.7938 122.95 311.761
11306000 112.873 73.9058 123.238 310.017
11307000 111.662 71.9803 125.16 308.802
11308000 110.398 71.2118 125.908 307.517
11309000 108.141 70.5527 122.758 301.452
11310000 105.153 70.5219 120.629 296.304
11311000 104.556 71.9682 121.848 298.372
11312000 104.182 72.5902 124.004 300.776
11313000 103.742 72.2464 122.79 298.778
11314000 102.821 71.6977 123.732 298.25
11315000 101.478 72.3971 123.404 297.279
11316000 100.908 71.8674 123.561 296.337
11317000 100.678 72.657 123.408 296.742
11318000 100.291 72.7589 123.045 296.095
11319000 100.357 73.7196 121.569 295.645
11320000 99.1069 74.606 123.565 297.278
11321000 97.9436 74.4932 125.349 297.786
11322000 96.6532 73.9892 124.978 295.62
11323000 97.5563 73.8215 124.169 295.547
11324000 98.4723 73.7803 125.856 298.108
11325000 99.29 75.2187 127.454 301.962
11326000 101.528 75.4989 128.786 305.812
11327000 103.118 75.0836 127.612 305.813
11328000 105.552 75.757 127.45 308.759
11329000 107.068 73.7786 128.382 309.229
11330000 108.42 73.5179 128.939 310.878
11331000 109.262 74.5857 129.3 313.148
11332000 108.215 75.6006 131.574 315.39
11333000 111.622 74.6997 134.055 320.377
11334000 113.423 73.3874 134.581 321.391
11335000 112.384 75.1103 132.759 320.253
11336000 110.786 76.4228 131.344 318.553
11337000 109.197 78.5377 132.716 320.45
11338000 108.618 80.2212 132.267 321.106
11339000 109.31 79.4768 133.992 322.778
11340000 109.192 80.7499 133.118 323.06
11341000 108.112 81.0623 134.329 323.503
11342000 107.327 79.7532 134.545 321.626
11343000 104.38 78.4504 132.818 315.648
11344000 104.743 79.0267 134.683 318.453
11345000 106.872 77.8182 135.333 320.023
11346000 105.961 78.8366 133.959 318.757
11347000 106.009 78.5129 132.522 317.043
11348000 107.106 78.4072 133.227 318.741
11349000 107.598 77.8375 134.609 320.044
11350000 108.329 77.2878 134.918 320.535
11351000 106.666 76.5713 136.169 319.407
11352000 105.544 76.875 134.952 317.371
11353000 104.907 75.2912 134.627 314.825
11354000 104.853 74.7827 132 311.636
11355000 103.904 76.0606 131.593 311.559
11356000 103.45 75.0694 132.19 310.709
11357000 103.297 74.7351 135.324 313.357
11358000 104.34 77.4536 135.797 317.591
11359000 106.014 79.3686 135.352 320.735
11360000 104.938 79.2133 133.084 317.235
11361000 105.882 79.8616 133.124 318.868
11362000 105.377 79.773 134.17 319.32
11363000 104.921 79.3688 135.168 319.458
11364000 104.391 78.5883 135.587 318.566
11365000 105.319 77.9786 135.988 319.286
11366000 105.156 78.5066 134.129 317.791
11367000 105.304 78.1767 133.02 316.501
11368000 105.13 78.1212 133.41 316.661
11369000 104.037 78.4953 132.733 315.266
11370000 104.271 79.2746 131.724 315.27
11371000 104.025 80.0418 131.208 315.275
11372000 104.684 79.988 132.811 317.483
11373000 105.241 80.8902 134.404 320.535
11374000 104.665 79.9487 134.049 318.663
11375000 103.668 78.76 133.8 316.228
11376000 102.849 77.4787 131.461 311.789
11377000 101.205 76.1913 129.723 307.119
11378000 100.251 76.8785 130.906 308.035
11379000 100.055 78.3474 131.983 310.386
11380000 99.3335 78.8507 131.824 310.009
11381000 99.7697 79.7815 130.305 309.856
11382000 101.578 79.5668 132.181 313.326
11383000 99.0917 78.3313 134.41 311.833
11384000 97.4867 79.8518 136.625 313.964
11385000 96.5028 79.3729 134.501 310.376
11386000 95.3752 78.3799 133.998 307.753
11387000 94.4045 78.5807 133.42 306.405
11388000 95.2563 76.8747 133.847 305.978
11389000 93.9338 74.9623 132.353 301.249
11390000 93.9174 73.5454 131.676 299.139
11391000 94.6486 73.4472 131.836 299.932
11392000 93.1312 73.864 129.721 296.716
11393000 93.6359 73.526 126.383 293.545
11394000 94.72 72.3472 123.737 290.804
11395000 94.1481 73.781 124.765 292.694
11396000 93.9312 74.3225 124.266 292.52
11397000 94.9699 72.9004 121.156 289.026
11398000 96.8882 70.8161 120.867 288.571
11399000 98.8995 70.2377 122.847 291.984
11400000 98.521 70.9173 123.369 292.808
11401000 99.0643 71.9421 121.993 293
11402000 100.274 72.5326 122.237 295.043
11403000 98.7586 72.9556 122.56 294.275
11404000 100.145 72.7067 123.209 296.061
11405000 99.4656 72.5078 123.064 295.038
11406000 97.1488 72.0413 123.113 292.303
11407000 96.0915 71.3204 123.807 291.219
11408000 96.0239 72.3096 124.592 292.925
11409000 94.3916 71.548 123.944 289.884
11410000 92.4105 71.4789 125.27 289.16
11411000 94.0547 72.486 124.643 291.183
11412000 93.4376 72.5748 122.23 288.242
11413000 92.6567 71.5715 123.569 287.797
11414000 91.8344 72.3009 126.736 290.872
11415000 93.964 73.4243 128.179 295.567
11416000 93.419 73.4063 129.174 295.999
11417000 92.4713 73.749 127.535 293.755
11418000 92.3254 73.3985 125.89 291.614
11419000 90.93 72.4556 126.008 289.394
11420000 91.8778 71.8066 124.787 288.471
11421000 91.3668 72.1753 123.809 287.351
11422000 93.3353 73.4904 122.453 289.279
11423000 92.1293 73.5255 119.736 285.39
11424000 91.5999 73.5549 119.603 284.757
11425000 91.3025 74.5991 121.026 286.927
11426000 90.1061 75.3229 121.314 286.743
11427000 89.0696 75.478 121.146 285.693
11428000 88.4694 73.8931 120.838 283.2
11429000 87.7078 72.2365 122.241 282.185
11430000 86.1217 71.4635 123.477 281.062
11431000 87.3886 72.5446 122.04 281.973
11432000 87.1697 74.1755 124.28 285.625
11433000 87.6372 74.7981 126.133 288.568
11434000 87.5169 72.4513 127.713 287.681
11435000 87.7294 72.0586 129.077 288.865
11436000 87.5307 72.5752 129.121 289.227
11437000 87.2124 72.4992 126.688 286.399
11438000 88.1066 74.1099 127.892 290.109
11439000 88.7191 74.4936 130.821 294.033
11440000 87.8551 73.2531 131.747 292.855
11441000 87.3892 71.4318 130.579 289.4
11442000 87.6795 70.6988 129.333 287.711
11443000 85.8468 70.1916 130.695 286.733
11444000 84.1827 71.3273 128.784 284.294
11445000 84.1902 72.3571 124.894 281.441
11446000 83.7006 72.2126 122.289 278.202
11447000 81.7902 72.7178 123.425 277.933
11448000 81.5891 72.0402 124.334 277.963
11449000 82.5323 73.8485 126.078 282.458
11450000 83.4084 74.2471 127.144 284.799
11451000 83.2055 75.1211 126.502 284.829
11452000 84.2819 73.8288 126.724 284.835
11453000 84.7782 74.2623 123.11 282.15
11454000 86.5655 75.5813 122.448 284.595
11455000 84.6566 75.7773 123.191 283.625
11456000 83.252 75.5881 125.149 283.99
11457000 81.3829 76.0723 125.736 283.191
11458000 80.0601 74.7147 122.725 277.499
11459000 80.8707 74.227 123.268 278.366
11460000 82.9486 73.4462 122.728 279.123
11461000 83.1411 73.3212 121.618 278.081
11462000 83.0777 73.3385 121.389 277.805
11463000 83.4968 73.412 123.31 280.219
11464000 82.5831 74.609 122.307 279.499
11465000 82.5713 76.3534 123.685 282.609
11466000 82.2246 75.4098 123.25 280.884
11467000 84.1087 75.3623 121.001 280.471
11468000 85.606 75.9246 121.083 282.613
11469000 85.6771 77.2095 121.748 284.635
11470000 85.7056 77.2047 121.64 284.551
11471000 84.4994 76.5728 122.397 283.469
11472000 83.0275 76.8422 124.505 284.375
11473000 84.2703 77.2844 128.046 289.6
11474000 83.4319 76.198 126.412 286.042
11475000 82.6691 77.3972 124.386 284.452
11476000 83.5234 76.615 126.821 286.959
11477000 83.5927 78.3866 125.031 287.01
11478000 83.3751 80.4103 122.573 286.359
11479000 83.3058 80.7462 123.575 287.627
11480000 82.2166 79.9154 123.415 285.547
11481000 80.186 79.8737 121.944 282.004
11482000 80.4449 80.1876 123.083 283.716
11483000 79.3715 80.0942 124.601 284.067
11484000 80.1985 79.878 123.857 283.933
11485000 78.982 79.4004 125.062 283.444
11486000 79.5872 78.4245 124.585 282.597
11487000 80.0547 77.092 122.891 280.038
11488000 78.2294 75.8638 123.058 277.152
11489000 78.2647 74.562 122.774 275.601
11490000 78.2928 74.3733 122.032 274.698
11491000 80.0516 73.8198 121.841 275.713
11492000 80.4255 73.6304 121.993 276.049
11493000 82.4453 73.8965 122.541 278.883
11494000 86.0167 73.7629 122.744 282.524
11495000 87.1137 73.9658 124.158 285.238
11496000 87.3611 73.9624 125.151 286.475
11497000 86.6754 74.483 124.049 285.208
11498000 87.4409 73.0437 125.319 285.803
11499000 89.1928 71.746 126.753 287.692
11500000 89.5773 71.3868 125.125 286.089
11501000 91.0712 72.427 125.571 289.07
11502000 91.9903 73.0219 126.939 291.951
11503000 90.1542 74.2536 126.285 290.692
11504000 88.4184 75.9384 128.067 292.424
11505000 87.075 76.8906 131.476 295.442
11506000 85.118 78.92 133.084 297.122
11507000 82.1685 80.8042 136.569 299.541
11508000 82.6145 80.9274 139.665 303.207
11509000 81.867 82.5318 141.096 305.495
11510000 80.5663 81.5909 139.878 302.036
11511000 80.5959 81.8715 140.926 303.394
11512000 81.8268 81.8932 143.227 306.947
11513000 83.1829 80.0172 144.874 308.074
11514000 85.6288 79.5574 145.528 310.714
11515000 86.3942 81.4991 144.15 312.044
11516000 88.9111 79.8916 144.848 313.65
11517000 92.0668 79.0522 146.998 318.118
11518000 93.1677 76.7736 146.757 316.698
11519000 92.2384 76.3594 144.823 313.421
11520000 91.9993 75.8302 144.911 312.741
11521000 92.8862 77.3008 144.639 314.826
11522000 92.4363 76.5228 147.18 316.139
11523000 93.1788 75.122 145.414 313.714
11524000 93.6749 75.7449 146.88 316.3
11525000 92.3367 75.0421 148.158 315.537
11526000 91.4792 75.7801 147.55 314.809
11527000 91.5685 75.2364 148.273 315.078
11528000 89.3912 75.4701 148.365 313.226
11529000 86.9338 76.9966 147.483 311.413
11530000 84.7799 77.8264 148.967 311.573
11531000 85.5017 79.3732 150.613 315.488
11532000 85.6811 80.2965 152.678 318.655
11533000 86.2477 80.1098 152.494 318.851
11534000 86.013 81.9274 155.62 323.56
11535000 86.0813 81.5408 159.467 327.089
11536000 85.7147 82.1416 159.033 326.89
11537000 85.2215 83.742 161.138 330.102
11538000 85.962 85.486 162.559 334.007
11539000 85.0793 86.0289 160.955 332.063
11540000 85.5981 86.776 160.945 333.319
11541000 87.0011 88.5687 163.411 338.981
11542000 88.1788 88.3492 166.45 342.978
11543000 89.4139 88.2609 163.539 341.214
11544000 89.9602 90.3586 163.246 343.564
11545000 90.2528 90.5474 164.45 345.25
11546000 93.3394 91.1228 163.811 348.273
11547000 93.9161 92.1666 161.453 347.536
11548000 93.6101 91.6808 163.915 349.206
11549000 94.2545 91.8096 166.192 352.257
11550000 95.599 92.9386 169.186 357.724
11551000 96.1965 92.5972 170.556 359.35
11552000 97.6623 90.9516 168.184 356.798
11553000 98.0795 88.3146 169.039 355.433
11554000 97.2517 88.9498 169.117 355.318
11555000 97.1235 89.1078 167.005 353.236
11556000 96.8822 89.6332 164.489 351.005
11557000 97.8789 88.4959 164.608 350.983
11558000 99.6807 89.8563 165.654 355.191
11559000 100.553 90.8257 165.258 356.637
11560000 101.374 89.9132 164.77 356.057
11561000 100.644 90.295 164.605 355.545
11562000 101.01 89.393 165.337 355.741
11563000 100.833 90.0143 166.178 357.025
11564000 101.694 90.5013 165.004 357.2
11565000 101.942 91.8156 162.833 356.591
11566000 102.644 93.3563 160.305 356.305
11567000 100.658 94.4083 162.34 357.406
11568000 100.365 94.0865 163.4 357.851
11569000 98.0921 92.1674 162.424 352.684
11570000 99.0671 94.3038 161.826 355.197
11571000 98.3512 93.0986 161.102 352.552
11572000 97.3737 91.4769 161.372 350.223
11573000 99.4742 89.7424 160.906 350.122
11574000 101.704 87.8425 157.61 347.156
11575000 103.356 89.5585 157.223 350.138
11576000 104.572 88.4558 154.885 347.912
11577000 105.805 84.9327 153.973 344.711
11578000 104.032 81.8675 154.435 340.334
11579000 104.755 82.115 154.247 341.117
11580000 105.499 80.7344 153.47 339.703
11581000 105.928 82.4998 150.923 339.351
11582000 105.198 83.4373 151.871 340.507
11583000 104.517 83.0724 151.794 339.384
11584000 103.085 82.7377 151.516 337.339
11585000 103.431 82.7544 147.915 334.101
11586000 107.366 83.5819 146.118 337.065
11587000 110.259 85.0656 146.073 341.397
11588000 109.42 85.689 145.95 341.059
11589000 109.571 85.556 145.396 340.523
11590000 110.077 84.8185 145.931 340.826
11591000 111.519 84.7097 146.931 343.16
11592000 109.9 84.1553 145.952 340.007
11593000 108.753 83.5728 144.332 336.658
11594000 109.772 84.4437 144.644 338.86
11595000 111.049 86.4072 143.769 341.225
11596000 111.529 87.1927 144.808 343.529
11597000 110.835 85.5151 148.361 344.711
11598000 109.092 84.686 151.036 344.815
11599000 109.258 84.2379 148.923 342.418
11600000 108.786 84.6849 147.309 340.78
11601000 108.273 85.941 146.588 340.802
11602000 106.222 84.4655 144.149 334.837
11603000 105.626 84.192 143.035 332.852
11604000 105.951 84.1362 144.585 334.672
11605000 106.204 86.1104 145.081 337.395
11606000 106.828 86.0802 144.103 337.011
11607000 106.903 85.6249 144.318 336.845
11608000 106.07 85.9297 143.739 335.739
11609000 105.298 85.2077 144.369 334.874
11610000 103.93 84.4612 144.936 333.327
11611000 102.584 84.4648 143.228 330.276
11612000 101.034 83.4493 146.731 331.215
11613000 100.668 83.1131 148.248 332.03
11614000 100.793 83.2323 145.416 329.441
11615000 101.11 83.4172 144.78 329.307
11616000 100.918 83.5637 147.03 331.512
11617000 100.966 83.2506 146.311 330.527
11618000 102.153 83.0083 143.996 329.158
11619000 102.737 82.4475 138.956 324.141
11620000 101.651 81.1665 138.91 321.727
11621000 100.668 81.1336 137.937 319.739
11622000 100.636 78.9082 136.806 316.35
11623000 100.915 77.5991 138.701 317.216
11624000 99.6344 77.6655 141.284 318.584
11625000 99.414 78.6624 142.686 320.762
11626000 99.6862 78.4587 143.082 321.227
11627000 98.6767 78.4164 142.61 319.703
11628000 97.9774 77.5813 141.851 317.41
11629000 97.5174 76.3586 143.237 317.113
11630000 97.3606 74.6547 143.428 315.443
11631000 96.3377 74.8687 144.05 315.256
11632000 96.1956 75.865 143.501 315.562
11633000 95.8302 76.4256 144.388 316.643
11634000 97.0892 74.8349 145.153 317.077
11635000 97.2238 73.8285 148.853 319.905
11636000 94.8474 74.051 147.416 316.315
11637000 92.3585 71.4267 148.765 312.551
11638000 89.1831 71.0369 147.687 307.907
11639000 87.1287 71.4325 147.972 306.533
11640000 87.3323 71.717 146.822 305.871
11641000 87.6538 71.8191 147.156 306.629
11642000 86.673 72.4247 146.243 305.34
11643000 83.2575 73.141 144.797 301.196
11644000 82.6646 73.9015 143.134 299.701
11645000 83.3905 74.6651 140.268 298.323
11646000 83.1909 73.603 140.939 297.733
11647000 82.8378 74.1595 139.595 296.592
11648000 85.022 74.1193 136.242 295.384
11649000 85.9082 74.2014 135.492 295.601
11650000 86.1211 73.7043 134.753 294.579
11651000 84.1746 73.5216 134.85 292.546
11652000 84.629 74.7428 131.716 291.087
11653000 85.1281 76.216 133.698 295.042
11654000 86.5965 76.4957 135.183 298.275
11655000 88.1587 77.0959 136.116 301.371
11656000 88.5864 78.0483 136.16 302.794
11657000 89.5509 77.6274 136.64 303.818
11658000 90.1487 77.3818 138.237 305.767
11659000 89.8542 76.2492 139.322 305.425
11660000 88.2263 77.0594 141.732 307.017
11661000 86.5489 77.0504 141.532 305.131
11662000 86.5508 77.0044 139.672 303.228
11663000 86.6982 76.6769 139.003 302.378
11664000 88.0398 75.7381 139.576 303.354
11665000 88.1428 75.682 138.945 302.77
11666000 88.8838 75.5539 138.125 302.562
11667000 89.3484 77.263 136.924 303.535
11668000 91.4944 77.6612 135.568 304.723
11669000 90.6933 76.1121 136.096 302.902
11670000 89.8945 76.9331 134.667 301.494
11671000 89.5747 75.4404 131.211 296.226
11672000 91.0922 75.18 130.82 297.092
11673000 90.9124 74.3432 132.329 297.585
11674000 90.3993 74.8786 134.623 299.901
11675000 91.0226 75.4804 134.905 301.408
11676000 90.5016 75.3535 135.898 301.753
11677000 87.899 76.5137 136.957 301.37
11678000 87.499 75.6354 134.936 298.07
11679000 87.4923 75.9165 136.367 299.776
11680000 86.8449 74.8977 136.677 298.42
11681000 85.5404 74.8388 138.132 298.511
11682000 84.6816 75.4997 138.428 298.609
11683000 84.0314 75.4086 138.67 298.11
11684000 85.0825 74.114 138.973 298.17
11685000 85.8833 74.8537 142.161 302.898
11686000 83.9867 74.4207 142.059 300.467
11687000 83.7557 74.432 141.184 299.372
11688000 83.0683 73.3832 143.426 299.878
11689000 82.6336 72.5369 144.894 300.064
11690000 80.4464 72.5122 142.115 295.074
11691000 79.6334 73.0671 140.25 292.95
11692000 80.2286 72.5073 141.071 293.807
11693000 80.1343 74.1433 143.27 297.548
11694000 79.8104 76.7462 145.431 301.988
11695000 80.2671 77.2701 145.933 303.47
11696000 80.3983 77.3157 146.188 303.902
11697000 80.6892 77.6677 145.325 303.682
11698000 80.4997 78.1074 145.257 303.864
11699000 81.9468 78.4974 146.164 306.609
11700000 81.7327 78.4646 146.337 306.535
11701000 80.2157 77.2739 146.65 304.14
11702000 81.0044 76.3693 144.42 301.794
11703000 80.8719 73.8036 142.338 297.014
11704000 80.6385 73.3314 143.901 297.871
11705000 80.3477 73.8459 143.415 297.609
11706000 80.7169 72.7995 146.47 299.986
11707000 80.0426 73.3408 145.782 299.165
11708000 81.0018 72.4965 144.358 297.856
11709000 82.5591 71.781 142.863 297.203
11710000 83.5049 72.7739 142.716 298.995
11711000 83.6991 73.4869 141.978 299.164
11712000 82.1476 74.2066 140.649 297.003
11713000 81.5276 73.0558 138.037 292.62
11714000 80.8379 72.4318 140.443 293.713
11715000 81.9486 73.5435 142.481 297.973
11716000 81.7532 74.1178 143.502 299.373
11717000 81.4104 73.7594 143.36 298.53
11718000 80.803 72.3795 146.093 299.276
11719000 82.64 73.4061 146.801 302.847
11720000 82.3082 73.1021 146.274 301.684
11721000 81.4939 73.9669 143.747 299.207
11722000 81.4068 74.5807 142.456 298.444
11723000 80.2854 73.5206 143.68 297.486
11724000 79.4407 73.4543 142.4 295.295
11725000 79.01 73.8482 141.519 294.377
11726000 79.0959 74.2682 144.4 297.764
11727000 79.9883 72.8799 142.464 295.332
11728000 80.6287 71.8773 140.117 292.623
11729000 79.6409 72.5077 136.918 289.066
11730000 79.158 73.2171 134.457 286.832
11731000 79.7742 73.8383 133.359 286.971
11732000 79.5562 74.361 134.607 288.524
11733000 78.3972 74.8154 134.544 287.757
11734000 79.0018 75.7537 136.761 291.516
11735000 78.4036 76.5168 138.045 292.965
11736000 77.8115 76.4204 135.631 289.862
11737000 78.2876 74.8716 133.431 286.591
11738000 79.5645 73.3007 132.527 285.392
11739000 79.3035 73.8168 130.658 283.778
11740000 78.9289 73.378 130.714 283.021
11741000 78.1947 74.5126 129.807 282.514
11742000 77.1362 75.0287 128.691 280.856
11743000 78.034 74.1323 129.412 281.578
11744000 79.5166 72.9242 131.881 284.321
11745000 79.9465 73.7358 132.253 285.936
11746000 78.3143 73.5164 132.245 284.076
11747000 77.4476 73.2031 134.576 285.226
11748000 77.1367 73.7215 132.407 283.266
11749000 76.5329 72.0082 131.86 280.401
11750000 76.3553 71.6904 132.49 280.535
11751000 77.1396 70.7192 132.526 280.384
11752000 77.3554 69.7619 134.134 281.251
11753000 77.0269 67.316 134.402 278.745
11754000 75.7667 67.5667 134.172 277.505
11755000 73.9 67.7151 131.14 272.755
11756000 75.5972 67.9016 130.057 273.555
11757000 74.3118 68.2911 128.93 271.533
11758000 72.9528 67.5176 127.721 268.191
11759000 72.4833 68.053 128.282 268.818
11760000 71.9562 68.0634 126.288 266.307
11761000 72.4524 68.8144 126.124 267.391
11762000 71.0913 70.0872 125.594 266.773
11763000 71.4864 70.264 125.643 267.393
11764000 72.6553 71.4074 126.701 270.763
11765000 73.0997 72.0586 126.858 272.016
11766000 73.6208 72.1131 127.812 273.546
11767000 73.7453 72.3555 128.089 274.19
11768000 73.5199 74.6477 126.725 274.893
11769000 73.1091 75.9486 127.168 276.226
11770000 71.1699 77.5919 127.84 276.602
11771000 71.6339 77.7799 126.318 275.732
11772000 71.7595 75.9125 126.879 274.551
11773000 72.9198 72.2491 129.174 274.343
11774000 73.0551 70.6493 131.503 275.207
11775000 73.0516 71.1495 133.241 277.442
11776000 73.755 71.2254 134.353 279.334
11777000 74.3842 70.6741 134.348 279.406
11778000 74.2928 68.6008 133.501 276.395
11779000 75.8253 68.1103 133.269 277.204
11780000 76.6018 67.8961 133.425 277.923
11781000 74.8253 66.8606 135.445 277.131
11782000 74.0035 67.1196 136.268 277.392
11783000 74.5081 68.1458 135.593 278.247
11784000 74.0302 67.4878 134.409 275.927
11785000 75.6213 67.4984 132.058 275.177
11786000 75.4287 67.4521 130.882 273.763
11787000 77.1209 67.5779 130.655 275.354
11788000 77.3434 68.118 133.636 279.097
11789000 76.824 67.4358 133.82 278.08
11790000 77.3579 67.4288 136.418 281.204
11791000 79.9504 67.1971 137.817 284.965
11792000 79.2355 67.5249 139.807 286.568
11793000 77.6513 67.0404 141.347 286.038
11794000 75.7274 67.3707 140.212 283.31
11795000 74.6229 66.3348 139.741 280.699
11796000 74.3789 67.2129 141.076 282.668
11797000 73.6789 65.9101 139.931 279.52
11798000 73.1898 65.609 138.471 277.27
11799000 72.4749 65.9869 140.007 278.469
11800000 71.3774 65.7194 141.151 278.247
11801000 71.4077 65.713 142.405 279.526
11802000 72.4655 65.5617 141.755 279.782
11803000 73.441 66.2623 140.627 280.331
11804000 73.7819 66.2736 138.26 278.315
11805000 74.1794 67.3405 136.82 278.34
11806000 74.1944 69.2782 135.764 279.237
11807000 72.7822 68.8529 139.301 280.936
11808000 71.7495 68.9878 140.4 281.137
11809000 69.917 68.5455 138.66 277.122
11810000 69.8537 68.2483 139.69 277.793
11811000 70.0767 67.793 140.741 278.611
11812000 69.6356 67.9084 140.864 278.408
11813000 68.9781 67.379 141.356 277.713
11814000 68.1792 67.2564 140.015 275.451
11815000 68.8731 66.3596 140.705 275.938
11816000 71.1626 65.5231 144.486 281.172
11817000 71.0336 65.218 146.942 283.194
11818000 70.0857 65.8508 146.807 282.743
11819000 68.4766 66.124 148.055 282.656
11820000 68.2913 65.7676 149.356 283.415
11821000 69.6289 64.8124 149.52 283.962
11822000 69.1878 64.7443 149.597 283.529
11823000 68.8411 64.9752 150.158 283.974
11824000 67.8388 64.3931 150.315 282.547
11825000 67.7489 64.4333 150.982 283.164
11826000 69.1445 64.8541 152.056 286.054
11827000 69.5867 66.4974 154.801 290.885
11828000 69.9121 68.154 154.209 292.276
11829000 70.7675 68.705 153.287 292.759
11830000 71.1965 68.8557 154.275 294.327
11831000 70.8437 69.6289 153.982 294.455
11832000 71.2456 69.4211 154.321 294.988
11833000 71.8011 69.4634 154.729 295.994
11834000 72.6211 70.9427 156.433 299.997
11835000 73.3302 70.3128 158.907 302.55
11836000 72.9725 69.1059 159.794 301.873
11837000 72.3919 68.9664 159.634 300.993
11838000 71.7243 68.6941 159.605 300.023
11839000 70.9257 69.1066 158.761 298.793
11840000 70.3875 69.8128 155.21 295.41
11841000 70.7587 68.8958 154.88 294.534
11842000 70.2569 69.7008 154.058 294.016
11843000 70.98 68.8304 155.995 295.805
11844000 73.6228 68.2523 156.23 298.105
11845000 73.6263 68.1858 160.889 302.701
11846000 72.6006 68.2441 163.989 304.833
11847000 73.4525 68.6886 163.579 305.72
11848000 74.0793 69.1728 163.161 306.413
11849000 74.1347 69.4452 165.261 308.841
11850000 73.2023 69.238 163.384 305.825
11851000 71.7772 68.1929 163.927 303.897
11852000 71.1888 67.9463 164.784 303.92
11853000 71.3999 68.1205 166.552 306.072
11854000 72.2048 68.6525 165.743 306.601
11855000 73.3897 66.9036 163.136 303.43
11856000 74.0743 67.0472 162.636 303.757
11857000 75.1073 65.6625 161.182 301.951
11858000 75.0755 65.8785 162.009 302.963
11859000 75.4103 66.2371 161.816 303.463
11860000 75.5205 65.2103 161.149 301.88
11861000 76.4833 65.5491 158.971 301.004
11862000 74.8416 64.894 162.427 302.163
11863000 74.2738 65.1127 166.113 305.5
11864000 74.1852 63.9893 166.942 305.117
11865000 74.8463 64.5041 164.356 303.706
11866000 74.4259 63.9837 161.773 300.182
11867000 74.5896 62.9131 161.966 299.469
11868000 74.8882 63.3668 161.485 299.74
11869000 74.4581 62.9727 161.331 298.762
11870000 74.2465 62.6835 160.317 297.247
11871000 75.6325 62.1895 160.765 298.587
11872000 75.4704 62.0938 162.318 299.882
11873000 75.33 62.8812 159.454 297.665
11874000 74.6155 63.6626 159.556 297.834
11875000 72.488 62.8037 158.343 293.635
11876000 74.7046 62.9054 156.91 294.52
11877000 75.8673 63.652 157.952 297.471
11878000 74.563 62.9762 156.525 294.064
11879000 75.8909 63.5891 155.061 294.541
11880000 76.0228 62.3618 151.963 290.348
11881000 75.7732 62.15 154.493 292.417
11882000 75.128 62.4996 155.402 293.029
11883000 73.9274 62.9654 154.839 291.731
11884000 74.6039 64.3761 154.843 293.823
11885000 74.6082 65.5887 155.716 295.912
11886000 74.6817 67.45 156.507 298.638
11887000 75.1683 67.9615 159.946 303.076
11888000 73.4216 67.3559 159.162 299.94
11889000 73.3397 66.0498 158.705 298.094
11890000 73.739 66.006 160.571 300.316
11891000 75.4807 65.0601 161.516 302.057
11892000 75.5093 64.5788 159.608 299.697
11893000 75.9334 64.9488 160.389 301.271
11894000 75.2098 66.0797 163.023 304.313
11895000 74.0356 65.7411 162.84 302.617
11896000 74.0516 64.876 166.209 305.137
11897000 74.4714 64.4215 166.678 305.571
11898000 75.4657 64.6768 167.813 307.955
11899000 75.0013 63.977 168.154 307.132
11900000 73.1692 62.9592 165.948 302.076
11901000 72.7076 62.3818 167.156 302.245
11902000 72.7819 61.7984 166.116 300.696
11903000 74.7718 62.6276 163.816 301.215
11904000 76.0071 62.8656 162.681 301.554
11905000 76.1928 62.5327 162.882 301.607
11906000 75.7053 62.5469 166.67 304.922
11907000 76.0868 64.2873 168.793 309.167
11908000 76.0935 64.7778 168.567 309.439
11909000 78.9312 65.1756 168.832 312.939
11910000 78.9836 65.8899 169.546 314.42
11911000 77.8103 66.5302 171.162 315.503
11912000 77.589 65.7542 172.006 315.349
11913000 76.5951 66.2415 173.244 316.08
11914000 76.8212 66.2546 172.847 315.923
11915000 75.2361 65.8189 176.948 318.003
11916000 74.3431 65.7185 179.471 319.533
11917000 73.5661 65.4978 176.843 315.907
11918000 72.1128 66.7422 177.404 316.259
11919000 72.7277 66.7937 178.225 317.747
11920000 74.1703 67.2235 176.31 317.704
11921000 73.6664 69.0239 177.453 320.143
11922000 74.1617 70.896 178.444 323.502
11923000 73.7866 71.3529 180.287 325.427
11924000 73.0953 71.3264 176.948 321.37
11925000 73.3206 71.8981 174.843 320.062
11926000 74.1185 73.2456 174.627 321.991
11927000 73.7303 73.3216 171.534 318.586
11928000 74.2739 73.6773 173.035 320.987
11929000 72.8648 73.9919 172.623 319.48
11930000 72.6141 73.036 169.818 315.468
11931000 70.406 73.8677 172.76 317.033
11932000 71.1352 73.0848 172.12 316.34
11933000 70.9021 73.9593 171.816 316.678
11934000 71.1612 72.1721 172.663 315.996
11935000 71.5091 72.1507 172.5 316.16
11936000 72.9714 73.2784 171.805 318.054
11937000 73.6374 72.7649 173.081 319.483
11938000 73.9274 72.0857 170.797 316.81
11939000 73.5657 72.2061 170.113 315.885
11940000 75.0013 69.9915 171.359 316.351
11941000 77.049 69.2101 169.97 316.229
11942000 77.3953 69.2626 170.767 317.425
11943000 78.8565 70.2682 171.015 320.14
11944000 79.3981 69.2119 171.22 319.83
11945000 79.0254 68.7426 173.179 320.947
11946000 79.637 68.5691 175.473 323.679
11947000 80.2315 68.9444 172.879 322.055
11948000 80.9979 69.8868 170.516 321.4
11949000 81.5265 70.1665 169.603 321.296
11950000 84.1143 69.8952 166.975 320.985
11951000 84.06 71.2214 167.246 322.527
11952000 82.9663 70.2894 168.842 322.097
11953000 81.8673 70.1274 168.449 320.444
11954000 81.1912 69.4558 167.104 317.751
11955000 82.1497 69.3449 168.044 319.538
11956000 83.5132 68.912 167.511 319.936
11957000 84.8758 68.2493 166.448 319.573
11958000 84.8176 67.3897 163.299 315.506
11959000 86.3002 67.6175 162.622 316.539
11960000 87.9457 68.395 163.354 319.694
11961000 88.9247 67.9361 161.158 318.019
11962000 88.2548 68.1513 158.776 315.182
11963000 86.9195 68.4976 159.13 314.547
11964000 87.3321 69.8939 159.785 317.011
11965000 86.7638 69.6376 157.298 313.699
11966000 86.9368 69.3962 160.62 316.953
11967000 86.6547 69.4736 159.476 315.604
11968000 86.0412 71.0892 158.709 315.839
11969000 84.9142 71.9047 159.219 316.038
11970000 84.0641 72.8591 162.594 319.517
11971000 85.8563 72.8623 166.429 325.148
11972000 86.8402 73.5247 166.82 327.185
11973000 86.3672 73.3549 167.169 326.891
11974000 87.3917 75.4037 165.617 328.413
11975000 85.9134 74.4581 166.13 326.502
11976000 83.4352 75.2314 168.473 327.139
11977000 81.1111 74.9766 167.579 323.667
11978000 80.5983 75.186 166.705 322.49
11979000 81.506 76.3198 161.747 319.573
11980000 82.0001 77.4827 159.114 318.596
11981000 82.2772 78.9345 156.843 318.055
11982000 81.6345 78.3746 157.263 317.272
11983000 82.2124 79.675 157.133 319.02
11984000 83.1514 81.1332 155.563 319.848
11985000 82.8106 79.4565 154.313 316.58
11986000 82.4918 77.7064 156.633 316.831
11987000 83.6927 78.039 158.207 319.939
11988000 83.3428 80.7606 159.62 323.723
11989000 83.1062 82.7135 162.393 328.212
11990000 83.3395 84.5282 165.208 333.075
11991000 84.3284 86.071 167.343 337.742
11992000 85.6393 83.6306 165.606 334.876
11993000 85.2854 81.9152 162.026 329.226
11994000 84.3435 82.2627 162.526 329.133
11995000 83.0127 83.2472 164.964 331.224
11996000 82.4738 83.9903 169.507 335.972
11997000 83.4512 83.6181 170.74 337.809
11998000 85.3198 83.9711 170.204 339.495
11999000 85.8117 83.8581 166.422 336.092
12000000 85.0687 83.8114 165.395 334.275
12001000 83.1831 81.7607 164.953 329.896
12002000 81.357 81.488 163.353 326.199
12003000 81.2777 83.7242 164.241 329.243
12004000 82.369 84.781 163.126 330.276
12005000 83.999 86.3123 161.952 332.264
12006000 85.1973 86.8725 164.52 336.59
12007000 84.2475 87.7493 166.238 338.235
12008000 84.2426 88.8027 167.293 340.339
12009000 84.3333 90.9228 169.982 345.238
12010000 86.1093 91.0927 169.946 347.148
12011000 86.7354 90.9315 169.591 347.258
12012000 89.7114 90.256 168.859 348.826
12013000 89.3575 91.6699 168.652 349.679
12014000 88.337 92.934 168.001 349.272
12015000 88.1272 93.2185 167.808 349.153
12016000 88.4384 94.5048 165.427 348.37
12017000 89.6799 93.0304 168.784 351.494
12018000 88.7493 92.624 173.206 354.579
12019000 88.1464 92.29 172.896 353.333
12020000 86.519 91.4336 176.529 354.481
12021000 87.2371 88.7757 176.345 352.358
12022000 87.8057 87.9707 178.264 354.041
12023000 88.0865 88.641 178.137 354.865
12024000 87.5329 88.5697 178.452 354.554
12025000 85.8287 87.1566 178.059 351.045
12026000 85.4531 86.5049 177.773 349.731
12027000 85.635 87.093 175.246 347.974
12028000 85.2596 86.3572 171.902 343.518
12029000 85.6466 87.2261 171.167 344.039
12030000 86.3385 86.9818 170.363 343.684
12031000 87.4657 87.6715 167.911 343.049
12032000 86.9694 88.4722 168.252 343.693
12033000 85.4159 88.3284 169.728 343.472
12034000 86.089 88.1193 171.179 345.387
12035000 86.2347 88.8341 171.477 346.546
12036000 86.6044 89.2922 169.336 345.233
12037000 88.743 90.1005 168.853 347.697
12038000 89.9094 90.9518 167.663 348.524
12039000 90.6437 91.8755 167.422 349.941
12040000 91.6334 93.1627 170.429 355.225
12041000 92.8965 93.2841 171.968 358.149
12042000 93.0603 93.6733 173.233 359.966
12043000 93.2824 93.0834 170.709 357.074
12044000 94.034 92.0202 166.316 352.37
12045000 97.3865 88.8065 166.645 352.838
12046000 96.4221 87.4467 169.121 352.99
12047000 97.3876 87.9494 169.479 354.816
12048000 98.3204 88.3496 172.405 359.075
12049000 97.936 87.3578 172.507 357.801
12050000 98.1835 86.7058 168.065 352.955
12051000 98.8449 85.5596 164.341 348.746
12052000 98.9048 83.8997 161.776 344.581
12053000 99.9269 82.8725 157.182 339.981
12054000 100.497 82.926 156.563 339.986
12055000 99.8191 83.4408 156.225 339.485
12056000 100.429 85.2978 156.476 342.203
12057000 99.7325 85.4405 159.693 344.866
12058000 97.6321 85.8606 161.873 345.365
12059000 95.6135 87.1074 162.231 344.952
12060000 95.8147 86.6041 163.2 345.619
12061000 95.629 87.4864 166.409 349.524
12062000 96.0069 88.0329 164.959 348.998
12063000 96.5224 87.4717 166.037 350.031
12064000 97.292 88.4978 167.412 353.202
12065000 98.091 88.4398 167.014 353.544
12066000 98.5363 88.6059 168.122 355.264
12067000 98.7652 91.0631 167.807 357.636
12068000 98.469 93.7009 167.74 359.91
12069000 100.812 93.0644 168.377 362.253
12070000 101.894 92.3509 168.59 362.835
12071000 102.821 92.4689 168.297 363.587
12072000 102.582 93.2484 165.421 361.251
12073000 104.537 96.951 162.416 363.904
12074000 106.913 100.118 160.568 367.599
12075000 105.838 100.649 159.614 366.1
12076000 104.78 102.653 159.746 367.179
12077000 103.692 103.066 160.628 367.386
12078000 104.089 99.7332 159.878 363.7
12079000 103.191 98.0281 159.135 360.355
12080000 104.081 97.5646 157.687 359.333
12081000 102.43 95.3603 156.032 353.823
12082000 100.46 94.0823 156.173 350.715
12083000 98.9842 92.361 158.62 349.965
12084000 98.0199 91.2124 159.278 348.511
12085000 98.194 90.0899 159.224 347.507
12086000 98.2005 90.1209 157.802 346.123
12087000 98.2841 89.266 157.31 344.86
12088000 99.4654 90.5265 156.64 346.632
12089000 99.7644 90.7668 157.003 347.534
12090000 99.8804 90.8163 158.821 349.518
12091000 101.07 90.9467 158.262 350.278
12092000 100.323 90.7712 157.906 349
12093000 100.272 91.3608 157.497 349.129
12094000 98.6586 91.7062 162.661 353.026
12095000 97.9855 89.0238 163.131 350.141
12096000 98.7672 87.7196 164.037 350.524
12097000 98.6855 85.9112 165.425 350.022
12098000 99.1914 85.7357 168.38 353.307
12099000 100.729 85.9367 170.837 357.503
12100000 97.3458 87.3931 173.557 358.296
12101000 96.292 87.9792 170.963 355.234
12102000 96.7885 87.9025 167.022 351.713
12103000 96.4668 88.1886 166.194 350.849
12104000 97.1202 90.3879 165.004 352.512
12105000 99.4634 90.4351 166.797 356.696
12106000 100.626 90.6208 167.367 358.614
12107000 100.737 89.3602 167.417 357.514
12108000 101.766 88.608 167.417 357.792
12109000 102.187 87.6331 168.552 358.373
12110000 100.783 87.7335 167.831 356.347
12111000 100.489 89.4146 165.471 355.375
12112000 99.7319 87.9446 163.996 351.672
12113000 97.9762 88.8938 164.429 351.299
12114000 97.1503 90.3067 164.299 351.756
12115000 97.3746 88.5772 161.396 347.347
12116000 95.7744 89.3079 161.945 347.027
12117000 94.1617 90.7338 165.766 350.662
12118000 92.0894 91.8966 169.321 353.307
12119000 92.301 92.0607 167.829 352.191
12120000 93.2917 91.0514 167.984 352.327
12121000 92.7922 89.6885 165.486 347.966
12122000 92.1152 88.0631 165.032 345.21
12123000 92.5124 89.0351 165.908 347.455
12124000 93.3138 89.0044 164.451 346.769
12125000 92.4222 88.6768 163.263 344.362
12126000 92.091 87.8413 161.388 341.32
12127000 92.4595 87.7121 157.815 337.986
12128000 93.3509 87.5732 153.638 334.563
12129000 93.227 87.4902 153.156 333.873
12130000 93.6708 88.1948 153.732 335.598
12131000 95.5544 88.5057 155.357 339.417
12132000 97.3026 90.3713 156.352 344.026
12133000 98.0199 91.4295 154.99 344.439
12134000 97.2073 93.4236 155.165 345.796
12135000 96.3628 94.7111 156.591 347.665
12136000 97.8677 94.5821 156.02 348.47
12137000 96.6283 93.571 159.286 349.485
12138000 97.4477 94.4352 159.809 351.692
12139000 97.2015 94.2236 159.347 350.772
12140000 95.5565 94.2971 159.282 349.135
12141000 94.8276 95.9978 159.837 350.663
12142000 94.7583 98.444 158.178 351.38
12143000 93.0313 97.9932 158.826 349.85
12144000 93.7334 98.6226 158.468 350.825
12145000 94.8496 97.9434 157.623 350.416
12146000 96.7538 98.928 156.248 351.93
12147000 97.9345 96.57 151.316 345.821
12148000 96.1435 96.1277 151.863 344.134
12149000 95.801 97.4168 156.093 349.311
12150000 94.1678 97.893 155.8 347.861
12151000 92.4138 98.1399 155.182 345.736
12152000 92.7589 99.2331 157.409 349.401
12153000 92.9352 101.278 154.077 348.29
12154000 92.5927 105.245 152.906 350.743
12155000 91.4403 105.181 156.829 353.45
12156000 91.397 106.188 156.302 353.887
12157000 90.1363 108.886 157.196 356.218
12158000 90.1834 108.885 157.256 356.324
12159000 92.5767 109.568 157.251 359.396
12160000 90.7603 109.1 157.4 357.26
12161000 88.8814 108.636 157.442 354.959
12162000 88.9036 109.222 154.447 352.573
12163000 89.1 109.715 154.348 353.163
12164000 89.1489 110.023 153.888 353.06
12165000 90.6102 111.614 153.705 355.929
12166000 92.257 111.756 152.476 356.489
12167000 93.1016 111.784 151.829 356.715
12168000 91.1326 112.53 151.074 354.736
12169000 91.0064 112.728 150.247 353.982
12170000 91.8787 113.325 150.115 355.319
12171000 91.9639 112.499 149.2 353.663
12172000 90.5667 109.975 147.897 348.439
12173000 90.1256 108.767 146.558 345.45
12174000 91.2669 109.735 146.61 347.613
12175000 92.1794 109.118 147.183 348.48
12176000 93.6082 109.566 151.184 354.358
12177000 92.8094 107.417 150.513 350.739
12178000 91.3881 107.694 147.663 346.745
12179000 91.3653 107.325 147.406 346.097
12180000 90.8428 107.275 148.097 346.214
12181000 90.131 109.018 148.435 347.585
12182000 90.5386 109.675 147.815 348.029
12183000 92.1218 107.411 144.049 343.581
12184000 92.5059 106.974 146.164 345.643
12185000 93.0927 110.752 147.444 351.288
12186000 92.3422 114.236 150.248 356.826
12187000 92.0217 115.74 151.047 358.809
12188000 90.7662 113.285 153.004 357.055
12189000 92.2011 114.104 153.836 360.141
12190000 92.3789 114.861 154.045 361.285
12191000 91.5361 113.653 153.272 358.461
12192000 91.1054 114.565 154.634 360.305
12193000 91.1439 114.497 156.45 362.091
12194000 92.2669 115.463 153.685 361.415
12195000 92.0912 114.851 153.799 360.741
12196000 90.6918 113.935 156.033 360.66
12197000 91.7736 112.983 158.903 363.659
12198000 93.043 113.94 155.682 362.666
12199000 92.6415 112.381 157.225 362.248
12200000 90.3338 111.57 158.496 360.4
12201000 89.0777 110.841 159.142 359.061
12202000 89.2741 110.968 161.032 361.274
12203000 89.6393 111.31 162.56 363.509
12204000 90.4774 111.497 165.381 367.355
12205000 90.5612 113.429 167.943 371.933
12206000 89.7185 114.311 172.259 376.288
12207000 89.9863 114.749 173.169 377.904
12208000 91.0886 113.656 174.91 379.654
12209000 91.4283 111.277 173.467 376.172
12210000 89.9843 109.07 168.768 367.822
12211000 91.1394 110.263 168.447 369.849
12212000 89.9457 111.005 164.22 365.17
12213000 88.215 112.436 160.966 361.617
12214000 86.8166 113.823 158.968 359.608
12215000 87.7863 114.344 158.379 360.509
12216000 89.9987 112.968 157.494 360.461
12217000 89.666 113.326 157.929 360.922
12218000 90.9346 114.432 161.906 367.272
12219000 91.578 115.099 162.912 369.589
12220000 90.6406 114.883 161.557 367.081
12221000 91.8651 116.51 162.757 371.132
12222000 93.2414 118.876 163.479 375.597
12223000 93.3287 119.285 161.142 373.756
12224000 93.1345 120.584 164.411 378.13
12225000 90.7887 123.924 166.193 380.906
12226000 91.2274 127.558 163.719 382.505
12227000 91.5205 129.046 164.599 385.166
12228000 91.3369 128.364 165.863 385.563
12229000 92.3762 128.948 168.89 390.215
12230000 91.8812 128.485 165.745 386.111
12231000 92.7756 126.286 164.486 383.548
12232000 93.0119 124.82 163.743 381.574
12233000 92.5322 126.875 163.834 383.241
12234000 92.8445 129.227 162.732 384.804
12235000 90.7531 127.449 163.565 381.767
12236000 90.4674 126.976 160.48 377.923
12237000 89.964 125.132 161.334 376.43
12238000 89.6004 122.244 163.16 375.004
12239000 88.8943 123.961 161.39 374.245
12240000 89.2083 122.923 158.939 371.07
12241000 88.9495 125.814 161.741 376.504
12242000 89.2594 125.068 162.729 377.056
12243000 89.6416 124.506 161.039 375.187
12244000 88.5271 126.439 162.209 377.175
12245000 89.9805 126.062 162.612 378.654
12246000 89.0728 127.714 163.898 380.684
12247000 89.7394 127.879 162.54 380.158
12248000 88.9358 130.524 160.561 380.021
12249000 89.4356 129.762 158.95 378.147
12250000 90.3339 129.037 162.801 382.172
12251000 89.1685 130.38 166.43 385.979
12252000 88.5682 131.097 167.597 387.263
12253000 88.1678 134.051 167.895 390.113
12254000 89.4185 134.171 167.163 390.752
12255000 90.1347 134.809 169.935 394.878
12256000 91.2555 134.345 172.517 398.118
12257000 90.9123 134.055 171.39 396.357
12258000 90.987 134.919 171.152 397.058
12259000 91.1226 136.234 174.109 401.466
12260000 91.0477 136.286 173.936 401.269
12261000 91.2039 135.875 172.281 399.359
12262000 89.8826 134.86 172.542 397.285
12263000 90.1206 134.684 174.626 399.431
12264000 90.8239 135.445 173.443 399.713
12265000 91.9112 137.978 173.419 403.308
12266000 91.891 139.573 175.449 406.913
12267000 93.9442 138.584 173.706 406.234
12268000 93.6127 137.987 171.179 402.778
12269000 94.3846 137.764 166.8 398.949
12270000 95.0863 139.172 161.336 395.595
12271000 95.6471 143.079 160.158 398.884
12272000 95.4596 143.058 156.776 395.293
12273000 96.2568 141.861 153.78 391.897
12274000 96.8261 141.922 151.615 390.363
12275000 96.55 140.813 149.327 386.69
12276000 95.238 140.342 149.685 385.265
12277000 94.7375 141.072 153.282 389.091
12278000 96.5457 142.654 154.702 393.901
12279000 95.6719 143.614 155.053 394.339
12280000 96.7147 144.432 159.428 400.574
12281000 97.0686 146.129 160.247 403.445
12282000 97.5176 147.234 158.692 403.444
12283000 97.2996 148.314 158.511 404.124
12284000 96.3744 149.889 158.566 404.83
12285000 97.5717 149.881 159.649 407.101
12286000 96.0159 148.099 158.678 402.793
12287000 95.8693 147.255 155.576 398.7
12288000 98.0883 144.771 154.287 397.146
12289000 98.1757 147.156 153.73 399.062
12290000 95.6705 149.127 151.343 396.141
12291000 97.5868 148.803 149.737 396.127
12292000 98.3386 147.355 149.437 395.131
12293000 99.4199 145.355 152 396.775
12294000 98.1327 146.641 152.962 397.735
12295000 97.7058 148.938 153.013 399.657
12296000 96.6602 149.628 151.086 397.374
12297000 97.5061 147.27 150.631 395.407
12298000 97.413 147.354 148.781 393.548
12299000 99.6455 150.092 149.635 399.372
12300000 99.7949 151.527 151.286 402.608
12301000 98.7388 151.035 153.575 403.349
12302000 98.3524 152.98 154.757 406.089
12303000 99.6077 156.849 157.537 413.994
12304000 100.413 157.439 159.071 416.923
12305000 98.9476 155.637 160.6 415.185
12306000 98.6808 153.819 159.767 412.267
12307000 100.144 155.212 158.54 413.896
12308000 98.5071 152.843 156.574 407.924
12309000 99.0233 152.21 155.636 406.869
12310000 99.7794 153.667 157.902 411.348
12311000 99.6092 155.901 158.431 413.941
12312000 98.8761 156.456 159.512 414.844
12313000 100.119 160.223 158.738 419.081
12314000 101.783 164.59 158.304 424.677
12315000 103.059 164.145 158.969 426.174
12316000 102.005 161.984 159.985 423.973
12317000 100.065 163.136 162.705 425.906
12318000 99.2652 162.649 166.442 428.356
12319000 99.0131 161.888 168.169 429.071
12320000 99.4431 163.283 170.841 433.567
12321000 99.3104 164.113 168.446 431.869
12322000 99.3575 163.035 168.67 431.062
12323000 98.5394 161.302 168.224 428.065
12324000 97.156 158.179 168.8 424.135
12325000 96.2285 155.054 172.69 423.972
12326000 97.9401 156.032 174.971 428.943
12327000 99.3352 156.898 171.986 428.219
12328000 99.2649 157.995 171.852 429.111
12329000 102.023 154.486 174.084 430.593
12330000 102.18 153.851 169.88 425.912
12331000 100.972 151.043 163.647 415.662
12332000 101.596 149.596 163.027 414.22
12333000 103.854 148.664 164.981 417.5
12334000 102.699 148.796 163.78 415.275
12335000 102.602 145.657 162.638 410.897
12336000 101.263 143.328 160.029 404.619
12337000 99.7275 143.437 158.115 401.279
12338000 98.7099 143.214 160.658 402.582
12339000 98.5551 143.91 165.722 408.188
12340000 98.4041 144.374 167.609 410.387
12341000 99.8406 147.318 164.648 411.807
12342000 100.539 150.209 164.495 415.243
12343000 100.523 153.559 161.456 415.538
12344000 99.1789 152.474 157.746 409.399
12345000 98.7241 153.558 155.966 408.248
12346000 98.8683 154.832 154.004 407.704
12347000 98.4319 154.2 152.499 405.131
12348000 98.044 155.941 153.571 407.556
12349000 96.9463 160.063 154.875 411.884
12350000 97.1922 158.776 156.942 412.91
12351000 96.8933 156.866 157.169 410.928
12352000 94.5436 153.653 159.963 408.16
12353000 95.375 151.483 161.921 408.779
12354000 97.3202 150.98 159.844 408.144
12355000 97.8648 152.028 158.523 408.415
12356000 98.6265 151.846 157.581 408.053
12357000 98.863 149.414 158.675 406.953
12358000 98.5476 152.454 159.692 410.694
12359000 99.759 152.417 160.594 412.77
12360000 98.5736 151.464 159.978 410.016
12361000 97.477 149.049 162.002 408.528
12362000 97.4392 154.097 164.694 416.231
12363000 96.2263 158.222 162.004 416.452
12364000 96.8412 158.857 159.47 415.168
12365000 97.0765 159.628 155.204 411.908
12366000 96.8213 159.884 154.029 410.735
12367000 95.7052 159.46 156.922 412.088
12368000 93.527 158.068 154.897 406.493
12369000 92.5954 158.427 155.202 406.225
12370000 93.4196 162.13 155.523 411.072
12371000 93.0024 164.31 154.53 411.842
12372000 94.2578 163.451 153.32 411.029
12373000 93.8851 162.071 154.23 410.186
12374000 94.2959 161.626 153.258 409.18
12375000 95.1271 162.541 153.149 410.817
12376000 96.1605 162.802 152.078 411.041
12377000 94.5184 163.33 150.623 408.471
12378000 95.0713 164.118 151.631 410.82
12379000 95.4793 164.112 151.792 411.383
12380000 95.7578 162.867 152.337 410.961
12381000 95.777 163.939 151.574 411.29
12382000 95.0084 165.727 153.159 413.894
12383000 94.8072 165.077 150.706 410.59
12384000 94.2044 166.073 151.345 411.622
12385000 93.0598 168.352 151.978 413.39
12386000 91.5322 170.058 151.419 413.009
12387000 88.4878 168.247 150.461 407.196
12388000 87.7538 170.612 151.629 409.994
12389000 86.7534 170.501 153.115 410.37
12390000 86.2011 169.879 155.72 411.8
12391000 86.4857 168.2 158.629 413.315
12392000 86.0843 167.043 157.395 410.522
12393000 84.6547 165.592 156.235 406.482
12394000 83.6822 164.894 156.81 405.387
12395000 83.7989 163.903 160.163 407.865
12396000 85.4181 163.101 159.945 408.464
12397000 85.1215 163.738 162.576 411.436
12398000 84.6342 162.724 163.794 411.153
12399000 84.8089 161.876 162.222 408.906
12400000 85.2814 160.925 163.573 409.779
12401000 86.2459 160.044 165.37 411.659
12402000 86.8606 157.618 163.819 408.298
12403000 87.6395 157.157 164.493 409.29
12404000 88.4793 157.43 164.886 410.795
12405000 86.9099 160.203 166.591 413.704
12406000 87.0572 161.179 169.596 417.833
12407000 85.6049 162.044 173.425 421.074
12408000 86.1253 164.669 171.711 422.504
12409000 86.2925 167.061 172.728 426.082
12410000 87.1021 167.66 175.984 430.745
12411000 86.7986 167.455 176.244 430.497
12412000 86.6248 166.723 178.475 431.823
12413000 88.3792 164.792 183.43 436.601
12414000 89.6617 163.431 182.467 435.559
12415000 88.1924 162.216 180.982 431.391
12416000 86.0647 163.803 179.554 429.422
12417000 85.5089 164.998 178.267 428.775
12418000 85.1111 167.152 177.659 429.922
12419000 85.0332 167.488 179.179 431.701
12420000 84.6218 165.313 179.787 429.722
12421000 83.8264 163.875 179.176 426.878
12422000 83.2772 164.659 180.429 428.365
12423000 84.0248 166.502 179.489 430.016
12424000 83.9748 168.625 175.936 428.536
12425000 83.2031 167.996 175.358 426.556
12426000 82.9529 167.72 175.92 426.593
12427000 83.6405 169.097 177.136 429.874
12428000 85.8962 173.122 180.639 439.657
12429000 87.4983 172.227 180.513 440.238
12430000 88.1858 170.224 181.96 440.37
12431000 87.0976 170.877 182.27 440.245
12432000 87.4533 172.584 180.442 440.479
12433000 86.8741 175.553 178.017 440.445
12434000 86.8246 174.456 175.454 436.735
12435000 86.7854 174.848 175.217 436.85
12436000 86.4273 176.678 177.307 440.412
12437000 87.5387 177.782 177.639 442.959
12438000 89.4757 179.747 175.534 444.757
12439000 89.2831 181.146 173.162 443.592
12440000 88.8893 179.046 173.01 440.945
12441000 89.1702 177.965 175.324 442.459
12442000 88.0392 178.28 177.659 443.978
12443000 88.7789 180.627 177.524 446.929
12444000 91.1139 180.899 174.767 446.781
12445000 90.8063 179.996 171.989 442.792
12446000 91.234 179.058 174.531 444.823
12447000 91.9823 178.604 173.975 444.561
12448000 93.4917 179.233 172.92 445.645
12449000 95.0898 179.947 175.767 450.804
12450000 95.0771 177.163 174.207 446.447
12451000 94.6328 176.261 172.163 443.057
12452000 95.2553 176.961 171.892 444.108
12453000 96.3492 178.952 172 447.301
12454000 97.1872 181.442 169.431 448.06
12455000 98.164 181.098 166.015 445.278
12456000 97.8401 179.399 163.278 440.518
12457000 97.6968 179.822 161.771 439.289
12458000 98.0886 178.988 161.784 438.861
12459000 98.8861 177.41 162.891 439.187
12460000 100.145 174.836 164.703 439.685
12461000 99.4718 174.235 165.741 439.448
12462000 100.578 171.959 163.567 436.104
12463000 101.214 173.353 159.786 434.352
12464000 101.447 173.512 158.897 433.856
12465000 100.067 175.26 158.98 434.308
12466000 100.683 174.646 162.275 437.603
12467000 99.7469 173.684 166.108 439.539
12468000 100.452 174.722 168.727 443.902
12469000 99.8787 175.981 169.672 445.532
12470000 98.2774 175.03 170.385 443.692
12471000 97.2198 175.084 174.868 447.172
12472000 97.7299 172.898 180.407 451.035
12473000 96.1049 170.958 181.918 448.98
12474000 94.7764 171.248 179.452 445.477
12475000 94.9723 171.527 178.892 445.391
12476000 94.084 170.416 180.374 444.875
12477000 92.9191 170.995 179.973 443.887
12478000 92.4976 169.892 177.159 439.549
12479000 92.1851 168.835 177.804 438.824
12480000 92.9822 172.021 177.808 442.812
12481000 93.3299 172.892 178.934 445.156
12482000 93.481 172.257 179.842 445.58
12483000 92.482 169.433 181.275 443.19
12484000 92.6658 166.722 179.316 438.704
12485000 92.5094 171.823 179.918 444.25
12486000 90.7844 175.594 183.062 449.441
12487000 89.7152 178.927 185.596 454.238
12488000 89.0669 182.438 184.112 455.616
12489000 87.9021 183.198 183.162 454.262
12490000 88.8661 182.983 181.169 453.018
12491000 90.2849 180.379 179.9 450.563
12492000 92.133 178.632 178.885 449.65
12493000 91.7245 178.147 178.181 448.053
12494000 91.5152 179.446 175.647 446.608
12495000 92.1193 182.4 174.263 448.783
12496000 92.3165 182.545 178.245 453.107
12497000 90.8366 182.934 178.498 452.269
12498000 90.0565 183.604 176.166 449.826
12499000 90.6082 185.434 174.363 450.405
12500000 90.6617 183.143 173.077 446.882
12501000 90.8378 180.907 171.603 443.348
12502000 90.9192 181.502 172.674 445.095
12503000 91.4327 181.291 171.369 444.093
12504000 92.1688 182.242 170.525 444.936
12505000 91.8432 181.82 166.872 440.536
12506000 92.0989 181.757 165.492 439.347
12507000 93.3897 180.429 165.053 438.871
12508000 94.0864 181.628 165.946 441.66
12509000 94.6182 183.195 168.599 446.412
12510000 93.5396 183.519 170.594 447.652
12511000 91.9746 184.315 170.192 446.481
12512000 92.0444 184.971 171.918 448.934
12513000 92.1992 183.268 175.193 450.66
12514000 92.2999 184.386 176.62 453.306
12515000 93.2083 184.24 179.445 456.893
12516000 91.3987 183.906 180.695 456
12517000 91.7739 184.09 179.142 455.006
12518000 94.6977 181.275 179.126 455.099
12519000 95.7572 176.96 183.025 455.743
12520000 96.2557 177.116 182.911 456.282
12521000 97.7503 177.225 180.703 455.679
12522000 98.1598 176.211 176.369 450.741
12523000 98.2169 177.591 174.488 450.295
12524000 98.3809 175.541 175.253 449.175
12525000 96.9308 174.134 170.535 441.599
12526000 96.5731 172.719 167.523 436.815
12527000 97.267 172.966 165.527 435.76
12528000 97.5966 169.535 167.883 435.015
12529000 95.8593 172.18 167.07 435.109
12530000 95.9922 173.594 168.087 437.674
12531000 97.1313 173.81 170.242 441.184
12532000 96.2928 177.392 171.98 445.665
12533000 94.624 181.576 166.833 443.033
12534000 93.7437 182.452 167.81 444.006
12535000 93.8681 182.664 167.318 443.851
12536000 92.3668 183.452 167.001 442.82
12537000 94.7048 183.369 167.366 445.44
12538000 94.5831 180.987 164.695 440.266
12539000 94.4824 180.547 164.232 439.261
12540000 93.3171 183.034 163.957 440.308
12541000 93.4415 182.335 165.187 440.964
12542000 91.4667 184.758 165.779 442.003
12543000 91.5062 185.858 166.515 443.879
12544000 91.7897 187.598 168.367 447.754
12545000 92.7398 188.54 170.441 451.72
12546000 93.0704 192.082 174.205 459.358
12547000 95.1765 198.996 176.038 470.21
12548000 95.0364 198.191 176.87 470.097
12549000 95.97 196.585 176.55 469.105
12550000 93.9349 195.953 175.03 464.918
12551000 92.1542 196.981 173.195 462.33
12552000 90.8258 198.028 171.409 460.263
12553000 90.2411 198.59 172.05 460.881
12554000 89.1272 199.079 170.82 459.026
12555000 88.6059 198.468 171.489 458.563
12556000 88.5982 198.675 172.579 459.851
12557000 88.1468 200.402 172.449 460.998
12558000 88.4826 199.611 169.15 457.244
12559000 89.5163 196.964 167.723 454.203
12560000 89.0804 189.317 169.046 447.443
12561000 88.0116 184.35 168.002 440.364
12562000 90.547 176.795 169.16 436.501
12563000 91.0444 172.952 167.103 431.1
12564000 92.9276 169.809 167.475 430.212
12565000 91.0991 170.307 168.231 429.637
12566000 91.599 168.927 170.605 431.131
12567000 91.0509 170.348 169.011 430.41
12568000 91.5609 168.629 164.987 425.177
12569000 91.2727 167.377 165.843 424.492
12570000 92.2906 167.691 165.928 425.91
12571000 92.8585 165.776 166.481 425.115
12572000 91.675 167.026 166.597 425.298
12573000 92.017 166.235 166.973 425.226
12574000 91.7111 165.895 163.975 421.582
12575000 91.5468 165.263 164.221 421.031
12576000 91.5932 164.8 166.169 422.563
12577000 91.049 167.934 167.203 426.186
12578000 90.137 167.102 167.983 425.222
12579000 90.3447 168.171 169.588 428.104
12580000 90.4676 166.942 169.349 426.758
12581000 89.3838 166.227 167.761 423.372
12582000 87.8815 165.601 163.671 417.154
12583000 88.2045 165.494 164.232 417.931
12584000 89.1827 164.352 167.67 421.204
12585000 89.0649 164.113 167.482 420.66
12586000 89.7075 162.089 166.621 418.418
12587000 89.8692 160.954 167.883 418.706
12588000 89.6681 165.083 168.721 423.472
12589000 89.7816 165.908 169.654 425.343
12590000 88.7332 166.213 170.001 424.947
12591000 88.0273 163.942 167.74 419.709
12592000 89.1634 165.029 166.607 420.799
12593000 89.7282 162.828 165.836 418.393
12594000 89.7605 160.623 165.992 416.376
12595000 89.3394 159.823 164.689 413.851
12596000 88.8118 160.58 162.402 411.793
12597000 89.6167 163.613 162.708 415.939
12598000 90.7409 164.362 163.119 418.222
12599000 89.6114 164.229 163.228 417.068
12600000 89.9614 165.249 161.804 417.015
12601000 89.8793 164.478 163.486 417.844
12602000 89.3502 166.039 165.216 420.604
12603000 89.8844 169.621 167.666 427.172
12604000 91.4696 168.842 170.492 430.804
12605000 93.0781 167.661 171.118 431.858
12606000 91.3787 164.482 170.094 425.954
12607000 89.2737 165.514 170.381 425.169
12608000 89.2009 166.188 170.992 426.381
12609000 88.4975 164.266 172.247 425.01
12610000 89.5547 165.219 173.445 428.219
12611000 89.4108 166.177 171.218 426.806
12612000 89.2609 166.385 171.408 427.054
12613000 89.1988 168.64 172.575 430.413
12614000 88.1954 168.57 174.224 430.989
12615000 88.7165 168.639 173.692 431.048
12616000 89.4869 169.721 175.28 434.488
12617000 89.3477 166.363 176.222 431.933
12618000 89.0683 165.588 178.604 433.261
12619000 89.2657 163.149 177.871 430.286
12620000 88.2472 161.689 178.706 428.642
12621000 86.049 161.911 181.944 429.904
12622000 85.5221 159.939 186.974 432.435
12623000 86.1094 163.187 189.375 438.671
12624000 86.7291 163.385 190.749 440.864
12625000 86.7275 162.633 189.767 439.127
12626000 88.4674 163.258 185.323 437.048
12627000 88.8692 161.275 181.301 431.446
12628000 89.7946 161.409 180.585 431.789
12629000 89.8513 160.677 184.416 434.944
12630000 91.3514 160.882 186.371 438.604
12631000 91.1052 160.556 188.186 439.847
12632000 90.4881 161.917 189.753 442.157
12633000 89.8452 163.213 190.316 443.374
12634000 89.1202 160.569 186.072 435.761
12635000 87.573 159.453 186.32 433.346
12636000 87.8237 158.245 187.502 433.57
12637000 87.3307 158.936 186.735 433.002
12638000 88.1927 158.026 187.626 433.844
12639000 87.6234 156.72 185.696 430.039
12640000 88.6023 159.525 182.483 430.61
12641000 89.039 161.414 183.565 434.018
12642000 89.0322 164.207 181.629 434.868
12643000 88.4431 163.945 180.628 433.016
12644000 86.379 163.844 178.081 428.304
12645000 85.7897 165.713 178.692 430.194
12646000 84.6233 165.404 178.289 428.316
12647000 85.3857 163.627 176.057 425.07
12648000 87.7802 163.706 177.308 428.794
12649000 87.4803 162.709 176.655 426.844
12650000 87.247 162.976 180.002 430.225
12651000 87.1143 168.41 181.414 436.939
12652000 86.8835 171.711 181.307 439.902
12653000 87.799 170.237 181.462 439.498
12654000 88.8121 170.877 183.11 442.799
12655000 88.8845 172.847 183.338 445.07
12656000 86.8505 173.454 183.508 443.812
12657000 84.9665 175.088 182.666 442.721
12658000 83.4223 171.766 181.377 436.565
12659000 84.669 171.354 182.751 438.774
12660000 85.6686 169.446 186.298 441.413
12661000 86.2637 166.935 187.37 440.568
12662000 85.3697 164.702 186.693 436.764
12663000 83.8486 163.87 185.239 432.958
12664000 83.3258 164.71 185.089 433.125
12665000 83.1273 168.355 181.557 433.039
12666000 81.7209 170.588 181.056 433.365
12667000 80.9966 172.599 183.156 436.751
12668000 82.144 175.602 183.307 441.054
12669000 82.1389 174.1 186.063 442.302
12670000 83.0386 172.97 186.943 442.952
12671000 83.3241 170.779 188.074 442.177
12672000 85.1146 170.632 189.603 445.35
12673000 85.0249 168.599 190.49 444.114
12674000 84.7952 167.738 190.205 442.738
12675000 84.9638 166.791 191.486 443.241
12676000 83.4329 167.478 193.999 444.909
12677000 82.6556 166.142 194.995 443.792
12678000 83.1069 166.701 197.089 446.897
12679000 82.7188 168.781 195.732 447.232
12680000 81.5489 166.207 192.918 440.674
12681000 81.4483 168.91 194.044 444.402
12682000 80.8602 172.02 193.427 446.307
12683000 81.4163 170.468 193.831 445.715
12684000 82.4612 168.373 196.875 447.709
12685000 82.5909 167.936 196.246 446.774
12686000 82.8463 165.644 193.708 442.198
12687000 83.3414 165.82 191.832 440.994
12688000 84.5974 167.669 191.27 443.537
12689000 84.064 167.311 192.912 444.288
12690000 82.0543 164.094 189.992 436.141
12691000 82.2895 163.248 187.187 432.725
12692000 83.7317 164.544 189.331 437.607
12693000 84.8292 168.178 190.949 443.956
12694000 84.7315 168.079 191.132 443.943
12695000 83.745 169.706 190.801 444.252
12696000 83.8574 170.112 192.13 446.099
12697000 83.9314 171.317 192.263 447.511
12698000 84.1618 169.645 190.817 444.624
12699000 85.4123 167.099 187.311 439.822
12700000 83.8584 162.724 188.036 434.619
12701000 84.9078 163.587 186.857 435.352
12702000 84.3031 163.431 183.111 430.845
12703000 83.648 163.05 180.59 427.288
12704000 84.3156 163.626 180.874 428.816
12705000 84.613 161.805 180.017 426.435
12706000 84.6979 159.073 176.503 420.273
12707000 85.4898 159.892 177.228 422.61
12708000 86.0756 160.512 177.388 423.975
12709000 85.2722 162.902 178.458 426.633
12710000 84.5016 167.001 179.247 430.75
12711000 84.063 166.88 175.275 426.217
12712000 85.1435 166.043 174.412 425.598
12713000 85.7903 166.849 174.181 426.821
12714000 85.8571 169.637 174.641 430.135
12715000 87.1729 171.143 173.891 432.207
12716000 87.565 168.932 174.633 431.13
12717000 87.2011 167.701 172.611 427.514
12718000 88.2651 167.469 171.711 427.445
12719000 88.0048 167.738 171.74 427.484
12720000 87.5919 170.761 168.179 426.532
12721000 87.8466 172.541 167.372 427.76
12722000 87.1409 171.921 169.275 428.337
12723000 86.2275 173.713 166.996 426.937
12724000 85.6976 170.91 169.919 426.526
12725000 85.4703 168.178 169.22 422.869
12726000 84.3266 170.031 170.622 424.98
12727000 83.7341 169.405 173.218 426.356
12728000 82.4004 165.445 172.363 420.209
12729000 82.5698 164.854 171.65 419.074
12730000 84.0514 167.043 169.965 421.06
12731000 85.1792 169.408 167.258 421.846
12732000 85.5488 171.391 166.01 422.95
12733000 85.8056 173.28 164.586 423.671
12734000 85.6384 175.629 166.528 427.795
12735000 86.0834 177.55 167.649 431.283
12736000 86.5907 178.283 168.616 433.489
12737000 87.1015 178.978 169.662 435.741
12738000 87.0526 180.995 172.087 440.135
12739000 87.259 182.281 171.695 441.235
12740000 86.836 182.438 170.541 439.814
12741000 86.543 180.078 170.621 437.242
12742000 85.6584 171.774 171.48 428.913
12743000 85.5691 164.385 169.296 419.25
12744000 84.891 157.095 169.705 411.69
12745000 84.298 152.964 173.65 410.913
12746000 84.7037 153.776 174.788 413.268
12747000 84.5468 156.355 173.174 414.075
12748000 84.8866 155.422 171.778 412.087
12749000 85.5281 152.505 169.37 407.403
12750000 85.5426 150.448 169.567 405.558
12751000 84.9489 147.571 169.26 401.78
12752000 85.4384 145.172 168.124 398.735
12753000 86.2924 143.977 170.886 401.155
12754000 85.319 145.983 175.739 407.041
12755000 84.5989 147.798 177.326 409.723
12756000 85.6344 149.286 178.266 413.186
12757000 85.4884 150.22 175.983 411.692
12758000 85.7879 149.505 177.62 412.912
12759000 85.9886 149.332 179.413 414.734
12760000 86.1303 150.227 180.913 417.27
12761000 86.8141 151.084 183.2 421.098
12762000 86.3336 151.476 181.878 419.687
12763000 85.7909 151.574 180.603 417.967
12764000 86.0297 150.075 179.54 415.645
12765000 85.0137 149.886 182.36 417.259
12766000 83.8529 154.967 183.152 421.972
12767000 84.2327 155.514 183.751 423.498
12768000 84.9762 153.542 182.463 420.981
12769000 85.4194 154.953 181.668 422.041
12770000 84.9644 158.335 184.562 427.862
12771000 84.9627 159.199 185.489 429.65
12772000 84.4516 158.269 187.261 429.982
12773000 83.5089 157.915 188.038 429.462
12774000 82.9589 158.66 190.248 431.867
12775000 82.4297 161.862 188.21 432.501
12776000 82.2342 167.936 185.712 435.882
12777000 82.0082 168.753 183.291 434.053
12778000 80.5748 168.098 178.316 426.989
12779000 80.8814 166.677 178.525 426.083
12780000 81.6286 165.473 178.952 426.054
12781000 82.2667 166.061 182.182 430.51
12782000 82.478 166.383 183.361 432.222
12783000 82.6143 164.996 182.955 430.565
12784000 82.1701 164.809 180.745 427.725
12785000 82.243 164.773 179.218 426.234
12786000 82.2436 164.878 180.191 427.313
12787000 82.0546 167.179 178.997 428.23
12788000 81.663 169.034 177.138 427.836
12789000 80.3191 168.354 176.407 425.08
12790000 80.5993 168.555 176.795 425.949
12791000 80.832 168.045 177.643 426.52
12792000 81.5184 169.114 174.628 425.26
12793000 81.468 166.636 173.118 421.222
12794000 80.9652 163.91 174.467 419.342
12795000 81.973 163.387 170.684 416.044
12796000 81.9546 164.304 171.586 417.844
12797000 81.524 166.127 175.055 422.706
12798000 82.093 169.086 176.166 427.345
12799000 82.4573 168.053 176.17 426.68
12800000 82.1344 165.729 171.623 419.486
12801000 81.5594 164.688 173.026 419.274
12802000 81.0186 166.949 172.901 420.869
12803000 81.3385 167.719 172.179 421.236
12804000 80.0319 168.289 173.584 421.905
12805000 79.4078 169.459 174.051 422.917
12806000 80.5418 169.582 177.108 427.232
12807000 80.0562 172.013 178.24 430.309
12808000 79.5307 175.303 178.495 433.328
12809000 80.5372 175.078 180.391 436.006
12810000 81.7099 173.669 177.547 432.926
12811000 81.5456 169.228 177.484 428.258
12812000 81.2197 167.942 178.29 427.452
12813000 81.1772 168.81 176.082 426.069
12814000 80.6273 169.885 174.905 425.418
12815000 80.6864 172.477 177.234 430.398
12816000 80.6317 174.013 176.985 431.63
12817000 81.451 174.007 179.146 434.604
12818000 80.639 174.685 179.184 434.508
12819000 81.1182 171.961 180.155 433.234
12820000 80.9257 170.772 185.873 437.57
12821000 81.1949 170.79 188.312 440.297
12822000 80.0038 171.035 191.629 442.668
12823000 80.2381 170.46 190.774 441.472
12824000 79.7585 171.633 193.345 444.737
12825000 79.2299 173.657 196.25 449.136
12826000 80.0077 176.066 196.58 452.653
12827000 79.2237 179.363 192.492 451.079
12828000 78.3362 179.748 192.541 450.626
12829000 77.3059 179.451 188.339 445.095
12830000 77.4459 179.601 186.216 443.263
12831000 77.5128 181.582 184.721 443.816
12832000 78.064 181.018 185.769 444.851
12833000 78.7714 182.592 184.47 445.833
12834000 78.7306 183.661 182.711 445.102
12835000 77.6501 184.514 180.441 442.605
12836000 77.6956 186.596 181.002 445.293
12837000 76.5116 186.878 184.156 447.546
12838000 76.2175 184.312 185.966 446.495
12839000 75.2896 183.07 184.898 443.257
12840000 76.4243 183.845 185.246 445.516
12841000 76.6092 182.264 182.333 441.206
12842000 76.2002 180.536 181.445 438.18
12843000 77.292 181.607 185.625 444.525
12844000 77.7374 184.224 183.549 445.511
12845000 78.4662 183.1 182.891 444.457
12846000 78.8489 183.814 184.614 447.276
12847000 80.2257 182.736 185.764 448.726
12848000 81.2653 181.392 184.202 446.86
12849000 81.5259 180.377 185.781 447.684
12850000 81.4568 175.93 188.301 445.688
12851000 81.4675 172.122 190.637 444.227
12852000 81.1417 172.566 188.24 441.948
12853000 80.8503 174.237 190.157 445.245
12854000 81.3131 175.377 191.694 448.383
12855000 82.3855 171.84 195.415 449.641
12856000 81.9468 168.75 197.807 448.504
12857000 81.7161 167.106 202.902 451.724
12858000 83.1165 165.957 205.342 454.415
12859000 82.6055 161.614 206.969 451.188
12860000 81.5053 160.332 203.735 445.571
12861000 82.4624 159.161 203.208 444.831
12862000 83.2516 158.511 204.256 446.018
12863000 83.3233 159.441 206.64 449.404
12864000 82.5876 158.716 209.462 450.765
12865000 82.5002 156.97 210.022 449.493
12866000 81.6819 156.655 209.993 448.33
12867000 81.9923 158.595 210.845 451.432
12868000 82.3051 157.145 215.256 454.706
12869000 82.2629 158.321 212.992 453.576
12870000 81.779 159.396 211.897 453.072
12871000 82.1158 159.007 216.53 457.653
12872000 82.3896 159.097 223.877 465.363
12873000 83.1885 159.865 223.457 466.511
12874000 81.9108 163.363 221.679 466.953
12875000 81.6661 166.713 219.505 467.884
12876000 81.4651 167.422 220.257 469.144
12877000 81.4331 169.809 218.029 469.272
12878000 81.2117 170.76 217.438 469.409
12879000 81.4641 168.711 212.866 463.041
12880000 80.7593 170.595 209.122 460.476
12881000 80.9025 173.855 205.212 459.97
12882000 80.9248 173.872 206.517 461.314
12883000 80.7276 172.536 205.876 459.14
12884000 80.7333 176.61 205.407 462.75
12885000 81.277 175.754 205.563 462.594
12886000 81.8197 173.672 201.532 457.024
12887000 81.5868 169.921 198.068 449.575
12888000 81.0694 169.412 194.614 445.096
12889000 81.9726 167.897 191.635 441.505
12890000 81.5717 167.139 191.375 440.085
12891000 81.289 163.575 188.098 432.962
12892000 81.0171 166.042 186.946 434.005
12893000 82.0402 164.787 190.637 437.464
12894000 82.4959 161.852 193.237 437.585
12895000 83.7975 159.14 193.24 436.177
12896000 84.3249 158.124 194.539 436.987
12897000 84.0954 157.794 193.235 435.124
12898000 83.066 159.295 193.725 436.086
12899000 84.4035 164.431 192.787 441.621
12900000 84.2636 167.571 190.878 442.713
12901000 84.6593 170.021 190.27 444.95
12902000 84.861 172.975 186.41 444.246
12903000 86.1296 174.161 185.659 445.95
12904000 86.1978 173.302 185.607 445.107
12905000 85.4063 171.037 185.588 442.032
12906000 84.9165 170.873 188.492 444.281
12907000 84.1152 170.084 190.314 444.513
12908000 85.2818 168.545 190.796 444.623
12909000 85.7469 169.248 192.698 447.693
12910000 85.3163 172.044 193.577 450.937
12911000 85.6687 174.604 192.714 452.987
12912000 86.0437 174.939 193.013 453.996
12913000 86.0756 172.975 193.27 452.32
12914000 86.8713 170.155 191.774 448.801
12915000 85.947 169.574 189.531 445.053
12916000 83.4545 166.804 191.539 441.798
12917000 83.4525 165.416 192.578 441.446
12918000 83.7491 163.78 190.775 438.304
12919000 83.3411 164.898 187.839 436.078
12920000 83.3969 164.291 187.453 435.141
12921000 84.1226 163.086 189.172 436.381
12922000 84.1592 163.377 186.922 434.458
12923000 83.6466 166.695 187.091 437.432
12924000 83.8566 169.451 187.636 440.943
12925000 83.4846 170.045 185.603 439.132
12926000 83.386 170.384 184.558 438.328
12927000 84.6958 169.479 187.777 441.952
12928000 84.9816 166.377 188.429 439.787
12929000 84.4798 166.852 189.139 440.471
12930000 84.1235 167.018 188.489 439.63
12931000 83.4931 164.054 187.802 435.349
12932000 83.0527 163.468 185.919 432.44
12933000 82.8159 164.59 185.929 433.335
12934000 83.038 163.227 188.002 434.267
12935000 83.2466 160.644 187.939 431.83
12936000 81.6631 161.676 190.143 433.482
12937000 80.2013 162.499 193.246 435.947
12938000 80.2451 162.917 194.63 437.792
12939000 79.9894 164.022 192.394 436.405
12940000 79.8827 165.733 190.267 435.883
12941000 79.385 167.779 189.423 436.587
12942000 79.7391 169.53 184.198 433.468
12943000 79.9188 169.379 181.74 431.038
12944000 81.1607 169.392 180.867 431.419
12945000 83.086 167.954 181.03 432.07
12946000 84.16 169.583 181.434 435.177
12947000 83.1425 169.755 180.213 433.111
12948000 82.3138 167.185 180.804 430.303
12949000 82.1536 164.835 182.885 429.873
12950000 83.285 161.698 182.88 427.863
12951000 84.0115 161.251 180.725 425.987
12952000 83.556 165.039 179.183 427.778
12953000 82.7771 165.228 179.249 427.254
12954000 82.1075 165.364 179.853 427.324
12955000 81.99 167.388 182.146 431.524
12956000 81.8057 171.989 181.158 434.953
12957000 80.4813 170.513 180.233 431.227
12958000 80.8765 172.706 176.883 430.466
12959000 81.4229 174.689 174.779 430.891
12960000 80.92 174.062 177.028 432.01
12961000 81.6304 177.713 174.666 434.009
12962000 81.9382 175.799 170.895 428.632
12963000 80.7867 173.559 169.559 423.905
12964000 79.7354 170.772 172.245 422.753
12965000 79.1505 168.991 171.67 419.812
12966000 79.0469 168.773 172.985 420.805
12967000 80.1887 166.925 171.475 418.588
12968000 80.4943 168.772 169.474 418.74
12969000 81.7947 170.834 168.37 420.999
12970000 82.6377 172.594 165.348 420.58
12971000 84.4387 171.637 163.629 419.704
12972000 85.9675 171.093 162.879 419.939
12973000 86.8212 172.559 164.032 423.412
12974000 85.4574 171.996 163.202 420.655
12975000 86.5827 173.05 166.02 425.653
12976000 86.7149 173.19 165.932 425.837
12977000 87.0096 171.662 166.984 425.656
12978000 87.425 172.118 168.459 428.002
12979000 89.6827 172.685 168.121 430.488
12980000 90.7633 171.602 168.905 431.27
12981000 91.2438 167.867 166.246 425.357
12982000 89.6942 165.976 164.845 420.515
12983000 90.2541 166.414 164.028 420.696
12984000 89.8194 167.817 165.149 422.785
12985000 88.8159 167.897 166.274 422.987
12986000 86.1801 169.768 167.622 423.571
12987000 85.6794 169.788 168.767 424.235
12988000 86.2968 171.103 168.491 425.891
12989000 85.8264 173.567 167.951 427.344
12990000 87.2603 175.72 166.649 429.63
12991000 88.4795 176.374 166.346 431.199
12992000 89.1558 178.031 164.329 431.516
12993000 90.534 179.446 162.269 432.249
12994000 92.1617 185.166 161.669 438.997
12995000 93.4858 187.305 159.089 439.88
12996000 93.2977 186.212 160.438 439.947
12997000 93.5997 183.544 161.601 438.746
12998000 94.3659 184.371 161.697 440.434
12999000 94.3601 188.702 161.402 444.464
13000000 95.1532 189.95 159.863 444.967
13001000 95.7082 185.234 158.828 439.77
13002000 95.1141 186.236 158.653 440.004
13003000 93.8504 188.472 158.979 441.301
13004000 93.8704 190.241 158.173 442.284
13005000 94.1555 188.352 156.033 438.541
13006000 94.8237 190.081 158.841 443.746
13007000 94.7984 187.616 158.128 440.542
13008000 95.3772 186.157 159.599 441.133
13009000 95.9355 185.826 161.58 443.341
13010000 94.3918 183.315 163.439 441.146
13011000 93.463 181.379 165.839 440.681
13012000 93.2619 183.421 166.959 443.642
13013000 93.4313 181.364 168.689 443.484
13014000 93.7929 179.925 167.774 441.492
13015000 93.7431 179.976 168.018 441.738
13016000 92.5743 181.282 168.339 442.195
13017000 93.6066 183.161 167.646 444.414
13018000 93.0546 183.503 167.74 444.298
13019000 92.9087 187.206 168.827 448.942
13020000 93.9117 189.109 168.917 451.938
13021000 95.1766 189.888 169.077 454.141
13022000 95.1689 189.919 169.733 454.821
13023000 93.4404 188.012 170.317 451.769
13024000 92.7772 188.165 169.127 450.069
13025000 92.9102 189.293 171.46 453.663
13026000 92.9367 187.205 174.336 454.477
13027000 94.4358 186.357 169.638 450.43
13028000 95.3106 190.304 164.957 450.572
13029000 94.5661 190.431 163.568 448.565
13030000 94.6647 191.832 164.699 451.196
13031000 93.8627 192.542 168.24 454.645
13032000 94.2943 192.287 168.489 455.071
13033000 96.4027 190.241 168.71 455.353
13034000 97.7208 188.1 173.038 458.859
13035000 98.9114 187.282 175.424 461.617
13036000 98.8173 186.655 176.082 461.554
13037000 98.1812 187.331 174.001 459.513
13038000 97.1006 186.945 170.061 454.107
13039000 96.647 188.742 166.929 452.317
13040000 97.6177 187.644 165.983 451.244
13041000 97.1671 185.738 166.534 449.439
13042000 97.2171 185.13 169.015 451.363
13043000 96.6144 182.208 170.711 449.533
13044000 97.188 178.09 171.805 447.083
13045000 96.389 174.754 169.906 441.049
13046000 96.7514 174.875 172.362 443.988
13047000 98.0342 174.904 174.228 447.167
13048000 98.7207 173.349 173.235 445.304
13049000 99.0405 173.609 171.893 444.542
13050000 98.2234 176.421 170.421 445.065
13051000 98.1624 175.488 168.83 442.48
13052000 100.662 174.713 172.032 447.407
13053000 101.619 179.809 171.928 453.357
13054000 101.674 182.042 172.711 456.427
13055000 100.837 181.364 171.747 453.948
13056000 102.011 180.178 172.468 454.656
13057000 102.553 181.182 173.067 456.802
13058000 101.468 182.683 169.728 453.879
13059000 101.943 185.447 169.622 457.012
13060000 102.995 186.836 170.664 460.495
13061000 103.551 188.18 171.404 463.135
13062000 102.753 187.051 172.317 462.122
13063000 103.571 184.935 170.963 459.469
13064000 104.536 185.16 168.571 458.267
13065000 104.241 184.297 166.966 455.505
13066000 103.116 185.305 164.835 453.256
13067000 101.928 184.62 161.555 448.104
13068000 102.768 183.594 160.166 446.527
13069000 101.474 182.089 162.766 446.33
13070000 99.747 180.73 162.422 442.899
13071000 100.231 181.921 163.265 445.417
13072000 101.016 184.392 164.036 449.444
13073000 101.309 182.09 163.384 446.783
13074000 100.734 183.772 164.475 448.982
13075000 100.85 184.673 162.936 448.459
13076000 102.008 183.99 162.404 448.402
13077000 103.026 180.316 158.388 441.729
13078000 104.05 182.043 156.938 443.031
13079000 102.999 184.176 154.202 441.377
13080000 101.927 183.104 151.246 436.277
13081000 101.093 182.91 153.142 437.145
13082000 100.314 184.244 152.725 437.283
13083000 100.072 183.821 149.053 432.945
13084000 100.068 185.774 148.275 434.117
13085000 100.36 183.827 148.787 432.974
13086000 99.7402 182.335 148.5 430.575
13087000 99.5872 181.876 150.137 431.6
13088000 100.035 184.297 152.704 437.036
13089000 101.975 183.671 152.511 438.157
13090000 101.378 183.533 151.097 436.009
13091000 101.656 183.201 150.403 435.261
13092000 102.415 183.176 154.293 439.884
13093000 102.947 180.816 154.912 438.675
13094000 104.378 179.687 153.129 437.194
13095000 107.704 181.858 151.389 440.951
13096000 106.594 181.137 154.524 442.255
13097000 105.759 179.109 154.658 439.526
13098000 105.103 179.978 157.443 442.524
13099000 105.58 184.519 157.981 448.08
13100000 103.813 185.226 159.971 449.009
13101000 103.753 182.79 162.162 448.704
13102000 104.393 183.17 161.494 449.057
13103000 105.511 181.725 160.883 448.119
13104000 105.527 180.05 162.579 448.157
13105000 105.186 180.146 165.13 450.462
13106000 104.458 183.058 166.012 453.528
13107000 103.902 184.162 165.353 453.417
13108000 102.058 186.63 164.95 453.638
13109000 103.79 187.283 167.365 458.438
13110000 103.12 185.16 169.604 457.884
13111000 103.595 184.447 169.3 457.342
13112000 103.277 186.899 168.83 459.007
13113000 102.753 190.142 168.838 461.733
13114000 103.646 193.759 172.094 469.499
13115000 103.788 196.022 173.913 473.722
13116000 102.935 193.989 175.261 472.185
13117000 101.921 194.18 176.173 472.274
13118000 100.522 190.58 177.768 468.869
13119000 100.703 187.898 180.522 469.122
13120000 101.605 189.223 179.927 470.755
13121000 101.319 191.813 177.98 471.112
13122000 102.745 193.868 176.544 473.157
13123000 103.776 192.738 172.581 469.095
13124000 101.531 193.834 173.129 468.494
13125000 100.202 192.349 176.539 469.09
13126000 100.958 192.208 178.854 472.02
13127000 101.649 187.673 176.427 465.749
13128000 102.468 187.072 172.112 461.651
13129000 102.745 188.975 167.041 458.762
13130000 103.024 189.404 163.779 456.207
13131000 101.91 188.729 164.934 455.573
13132000 102.379 186.371 167.087 455.838
13133000 101.005 185.381 167.066 453.453
13134000 101.869 182.748 166.945 451.561
13135000 103.372 179.449 169.653 452.473
13136000 103.881 178.363 173.392 455.636
13137000 104.547 178.49 171.5 454.537
13138000 103.849 175.823 169.27 448.943
13139000 103.776 173.544 168.275 445.595
13140000 103.765 171.819 167.567 443.15
13141000 104.145 171.148 166.097 441.391
13142000 105.709 168.479 164.867 439.055
13143000 105.742 171.443 165.649 442.834
13144000 104.669 171.643 167.256 443.567
13145000 104.254 168.854 169.398 442.507
13146000 103.85 167.142 167.309 438.301
13147000 104.388 166.741 167.262 438.391
13148000 105.815 166.403 170.64 442.858
13149000 105.833 164.225 173.194 443.252
13150000 106.334 162.222 176.321 444.877
13151000 107.481 163.834 176.067 447.382
13152000 106.818 162.377 177.335 446.53
13153000 106.489 161.022 177.832 445.342
13154000 106.689 160.44 178.042 445.172
13155000 107.886 158.8 177.237 443.923
13156000 107.696 159.308 176.711 443.714
13157000 108.58 156.444 177.328 442.351
13158000 109.346 153.188 179.051 441.586
13159000 108.153 150.791 182.466 441.41
13160000 107.66 150.051 183.039 440.75
13161000 106.872 148.139 182.078 437.088
13162000 106.669 144.47 182.082 433.22
13163000 107.799 142.929 184.341 435.068
13164000 107.302 140.409 185.128 432.839
13165000 107.132 138.083 184.615 429.831
13166000 105.197 136.426 185.322 426.945
13167000 103.721 133.326 184.189 421.236
13168000 104.741 132.301 185.02 422.061
13169000 106.121 131.664 184.174 421.959
13170000 106.229 132.021 182.25 420.5
13171000 106.774 131.118 183.494 421.386
13172000 106.613 132.193 180.791 419.597
13173000 106.605 134.044 178.75 419.399
13174000 106.444 134.693 178.199 419.336
13175000 105.508 136.061 178.917 420.486
13176000 105.542 136.967 179.21 421.72
13177000 105.84 138.031 178.764 422.634
13178000 106.122 140.419 176.931 423.472
13179000 103.522 136.841 175.925 416.288
13180000 103.849 132.958 173.984 410.791
13181000 105.381 135.4 175.34 416.122
13182000 105.45 136.133 173.131 414.714
13183000 105.635 133.687 176.356 415.679
13184000 106.604 131.443 171.169 409.217
13185000 108.154 130.443 170.241 408.838
13186000 109.345 131.438 168.818 409.601
13187000 110.156 132.36 168.15 410.666
13188000 111.085 130.953 170.206 412.244
13189000 111.312 132.85 171.732 415.893
13190000 110.713 134.275 172.689 417.677
13191000 112.125 134.184 175.387 421.696
13192000 113.923 133.514 174.23 421.667
13193000 114.104 134.659 170.789 419.552
13194000 114.443 133.479 165.402 413.324
13195000 113.214 131.967 163.801 408.982
13196000 112.987 131.771 165.734 410.492
13197000 114.282 131.996 166.769 413.047
13198000 112.133 130.931 165.196 408.26
13199000 113.22 131.557 163.796 408.573
13200000 113.622 130.8 162.157 406.579
13201000 114.449 130.631 164.349 409.429
13202000 115.692 131.857 165.909 413.458
13203000 117.284 133.781 164.097 415.162
13204000 117.264 135.559 164.589 417.413
13205000 117.662 136.516 164.815 418.993
13206000 116.73 138.557 164.203 419.49
13207000 115.081 137.952 165.172 418.206
13208000 113.905 137.975 163 414.88
13209000 114.465 138.332 163.114 415.91
13210000 115.438 137.913 165.526 418.877
13211000 115.469 138.084 164.945 418.497
13212000 113.694 139.566 161.494 414.753
13213000 110.359 142.915 160.708 413.982
13214000 108.451 145.804 164.632 418.887
13215000 106.921 145.835 165.986 418.743
13216000 107.928 145.473 164.369 417.771
13217000 109.495 144.402 162.335 416.232
13218000 110.027 145.691 160.478 416.196
13219000 107.759 142.787 159.7 410.245
13220000 108.731 140.739 163.061 412.531
13221000 108.922 139.783 163.167 411.871
13222000 109.422 138.791 161.232 409.445
13223000 108.144 138.488 158.486 405.118
13224000 108.36 139.3 156.217 403.876
13225000 108.987 139.958 157.174 406.119
13226000 109.115 140.583 160.139 409.837
13227000 106.778 142.794 160.591 410.163
13228000 107.415 143.095 157.377 407.887
13229000 108.152 143.749 155.777 407.677
13230000 108.423 143.521 153.397 405.341
13231000 108.696 143.025 152.606 404.326
13232000 108.504 140.026 153.163 401.693
13233000 107.412 139.508 151.166 398.086
13234000 106.274 139.729 151.761 397.763
13235000 105.751 139.043 153.741 398.536
13236000 105.648 137.33 154.592 397.57
13237000 105.616 133.975 157.934 397.525
13238000 106.473 133.833 161.017 401.323
13239000 107.453 131.868 158.689 398.01
13240000 109.756 131.52 158.51 399.785
13241000 110.703 132.665 158.852 402.22
13242000 110.667 130.341 160.287 401.295
13243000 110.109 128.306 161.116 399.531
13244000 109.939 129.724 155.87 395.533
13245000 110.552 130.908 154.228 395.688
13246000 109.96 130.918 152.04 392.918
13247000 108.921 130.425 150.193 389.539
13248000 111.314 130.284 149.916 391.514
13249000 112.245 132.029 149.987 394.261
13250000 112.26 133.379 151.805 397.445
13251000 111.217 133.355 153.129 397.701
13252000 112.062 132.424 154.208 398.694
13253000 111.856 131.089 153.982 396.927
13254000 112.177 131.49 155.651 399.319
13255000 111.655 131.809 152.999 396.464
13256000 111.15 132.368 151.978 395.496
13257000 110.726 133.112 152.833 396.672
13258000 108.802 133.204 155.608 397.614
13259000 106.966 133.762 154.475 395.203
13260000 106.961 135.112 152.792 394.865
13261000 107.199 134.086 153.275 394.56
13262000 107.428 132.359 155.44 395.228
13263000 108.549 134.996 157.062 400.607
13264000 107.072 137.383 153 397.455
13265000 106.426 138.856 151.348 396.629
13266000 105.754 137.877 153.556 397.187
13267000 105.032 139.425 153.125 397.582
13268000 104.843 138.176 153.014 396.033
13269000 105.085 138.049 154.703 397.836
13270000 106.488 137.419 155.064 398.971
13271000 106.607 137.132 154.666 398.405
13272000 108.34 138.405 156.327 403.072
13273000 109.504 138.129 155.062 402.695
13274000 109.758 138.181 154.334 402.273
13275000 108.058 138.989 157.48 404.527
13276000 107.412 136.767 157.965 402.144
13277000 107.454 134.506 157.266 399.225
13278000 108.294 135.952 156.815 401.061
13279000 108.42 136.966 157.901 403.287
13280000 107.587 137.504 158.395 403.485
13281000 106.855 138.699 163.344 408.898
13282000 106.745 140.124 165.581 412.45
13283000 107.138 141.101 167.9 416.139
13284000 106.807 140.957 169.52 417.284
13285000 106.113 141.282 167.431 414.826
13286000 104.916 140.547 171.784 417.247
13287000 102.673 142.659 174.949 420.28
13288000 101.354 142.158 174.175 417.688
13289000 101.424 142.533 171.423 415.38
13290000 102.149 142.148 173.014 417.312
13291000 102.164 144.295 173.076 419.534
13292000 102.425 146.926 172.419 421.77
13293000 100.827 146.669 170.81 418.306
13294000 99.8639 144.989 173.355 418.208
13295000 99.483 144.718 175.922 420.124
13296000 98.3129 144.792 173.746 416.85
13297000 95.5168 144.25 172.028 411.795
13298000 95.1445 144.583 172.828 412.556
13299000 94.023 146.015 174.502 414.54
13300000 93.3004 147.585 174.892 415.777
13301000 92.3529 150.338 174.172 416.863
13302000 91.4865 150.961 173.392 415.84
13303000 93.003 149.387 173.531 415.922
13304000 94.5576 148.082 174.322 416.962
13305000 95.8801 148.436 175.155 419.471
13306000 96.0841 149.788 173.096 418.968
13307000 95.0051 147.771 170.502 413.278
13308000 95.573 148.046 169.319 412.938
13309000 94.7823 147.616 167.545 409.944
13310000 94.2792 145.608 169.171 409.058
13311000 93.2918 148.548 168.679 410.518
13312000 92.616 150.884 166.25 409.749
13313000 91.5695 151.878 167.833 411.281
13314000 92.0618 152.254 166.175 410.491
13315000 91.5254 152.264 162.656 406.446
13316000 91.3707 150.869 158.11 400.35
13317000 90.5553 148.945 157.729 397.23
13318000 89.8074 151.201 157.572 398.58
13319000 89.0738 150.388 155.943 395.405
13320000 89.1818 151.059 158.603 398.844
13321000 88.892 148.317 160.822 398.03
13322000 87.9821 146.774 162.581 397.336
13323000 86.6331 146.451 161.876 394.961
13324000 86.843 145.754 160.714 393.31
13325000 86.7676 145.395 162.191 394.354
13326000 87.1774 146.296 163.287 396.76
13327000 89.1497 147.059 160.637 396.846
13328000 89.5244 144.909 158.065 392.499
13329000 89.5472 141.955 157.408 388.91
13330000 89.5114 141.447 157.77 388.729
13331000 89.7887 140.885 155.19 385.863
13332000 91.1489 141.676 156.619 389.443
13333000 91.267 138.996 159.167 389.43
13334000 89.8689 136.68 159.816 386.365
13335000 89.7633 139.477 159.251 388.491
13336000 88.5951 139.724 159.808 388.126
13337000 87.6504 138.047 158.999 384.696
13338000 87.9208 138.105 155.676 381.702
13339000 86.9895 137.727 151.545 376.262
13340000 87.4814 136.973 151.193 375.648
13341000 87.2414 135.65 152.248 375.139
13342000 87.246 136.362 157.144 380.752
13343000 87.179 136.465 156.816 380.46
13344000 88.1016 134.132 156.625 378.858
13345000 88.418 137.41 155.478 381.306
13346000 88.7325 140.521 156.911 386.165
13347000 90.0218 144.018 155.459 389.499
13348000 92.1716 144.606 152.306 389.084
13349000 93.0429 141.032 151.128 385.203
13350000 91.2589 139.126 154.855 385.241
13351000 90.6149 138.594 159.511 388.721
13352000 90.3652 138.525 160.098 388.988
13353000 88.4631 139.092 158.74 386.294
13354000 87.5298 138.69 157.248 383.468
13355000 88.3091 138.379 156.004 382.691
13356000 88.9706 137.863 154.953 381.787
13357000 90.4919 136.075 156.592 383.159
13358000 92.547 133.465 153.388 379.4
13359000 91.7516 132.577 152.99 377.318
13360000 91.5974 132.121 155.573 379.291
13361000 93.0338 133.31 156.982 383.325
13362000 94.0365 133.209 157.132 384.377
13363000 94.6203 133.135 157.196 384.951
13364000 93.8035 131.276 156.958 382.038
13365000 93.652 131.471 155.917 381.04
13366000 94.3891 132.288 155.793 382.47
13367000 93.1504 130.224 154.872 378.246
13368000 93.0016 126.86 152.457 372.319
13369000 92.1302 127.254 153.986 373.37
13370000 91.233 126.058 152.084 369.375
13371000 92.1249 127.406 151.504 371.035
13372000 91.2008 127.686 152.774 371.661
13373000 90.2362 128.116 154.661 373.014
13374000 90.7475 127.95 154.019 372.717
13375000 91.0014 127.363 153.686 372.051
13376000 90.7696 126.765 153.743 371.278
13377000 90.5397 130.068 155.35 375.957
13378000 89.7649 132.137 156.78 378.682
13379000 89.5104 132.414 160.146 382.071
13380000 90.0425 130.159 163.738 383.94
13381000 89.4435 131.33 164.557 385.331
13382000 88.9172 130.808 161.47 381.196
13383000 88.2198 131.229 162.869 382.318
13384000 87.9323 130.811 163.706 382.449
13385000 88.2888 129.874 166.035 384.198
13386000 88.6989 127.121 163.654 379.474
13387000 87.9046 127.552 160.066 375.523
13388000 87.0869 128.349 158.848 374.284
13389000 86.1652 131.577 161.42 379.162
13390000 85.5487 132.826 165.61 383.985
13391000 85.3149 130.965 166.876 383.156
13392000 85.5586 128.895 165.816 380.269
13393000 85.5018 130.47 163.707 379.679
13394000 84.6953 130.225 159.915 374.835
13395000 85.9039 129.004 159.805 374.713
13396000 87.3196 128.332 160.231 375.883
13397000 87.7773 128.291 160.309 376.378
13398000 86.1384 128.784 160.119 375.042
13399000 85.904 132.552 161.154 379.61
13400000 87.0345 134.184 161.782 383.001
13401000 87.7491 135.463 160.18 383.392
13402000 88.9155 134.361 158.644 381.92
13403000 89.5441 132.719 157.927 380.19
13404000 90.6641 130.146 157.111 377.921
13405000 91.1219 131.864 157.217 380.203
13406000 91.3484 134.065 156.809 382.223
13407000 91.8153 134.392 156.859 383.067
13408000 92.6972 131.934 156.14 380.772
13409000 92.0384 130.42 156.527 378.986
13410000 92.8494 130.006 153.48 376.335
13411000 94.4635 129.718 152.772 376.953
13412000 97.2751 128.509 153.295 379.079
13413000 98.9713 128.063 151.539 378.574
13414000 98.4201 128.549 151.687 378.656
13415000 97.2524 127.697 153.034 377.983
13416000 98.2297 127.549 153.387 379.165
13417000 98.0941 127.388 156.349 381.832
13418000 98.861 126.189 158.352 383.402
13419000 98.7365 126.172 156.834 381.742
13420000 97.6279 125.447 159.049 382.123
13421000 98.2241 125.107 158.363 381.694
13422000 97.5808 123.873 158.23 379.683
13423000 99.0748 122.774 159.095 380.943
13424000 98.9755 122.367 157.46 378.803
13425000 98.9348 121.856 155.992 376.783
13426000 97.8929 122.068 154.986 374.947
13427000 96.7916 121.443 151.611 369.846
13428000 95.4983 120.668 150.576 366.743
13429000 94.1584 118.329 149.057 361.544
13430000 92.8924 117.068 146.857 356.817
13431000 91.5532 116.695 147.627 355.875
13432000 91.3584 114.508 146.23 352.097
13433000 91.3182 113.727 147.758 352.803
13434000 91.5385 114.701 148.519 354.758
13435000 91.0281 113.671 145.287 349.986
13436000 90.5473 116.792 143.351 350.69
13437000 91.6169 117.015 142.555 351.187
13438000 91.8969 116.066 145.375 353.338
13439000 92.4595 116.053 145.798 354.311
13440000 91.6174 118.461 144.634 354.713
13441000 91.4455 119.942 149.585 360.972
13442000 89.4458 118.845 148.105 356.396
13443000 88.762 118.409 147.169 354.34
13444000 88.911 118.293 147.504 354.708
13445000 88.4973 116.42 148.844 353.762
13446000 89.4619 117.157 149.288 355.907
13447000 88.706 121.227 150.552 360.485
13448000 88.5593 121.598 150.1 360.257
13449000 88.6478 121.181 151.557 361.386
13450000 89.1021 121.016 152.643 362.761
13451000 88.1613 120.565 149.019 357.745
13452000 87.095 119.187 146.921 353.202
13453000 86.8834 119.583 148.563 355.029
13454000 87.4974 122.351 147.33 357.178
13455000 88.0317 124.617 146.93 359.579
13456000 87.2175 125.376 145.459 358.052
13457000 85.6169 124.908 146.431 356.956
13458000 84.9769 123.961 145.136 354.074
13459000 84.5699 125.491 145.246 355.308
13460000 83.7356 124.882 144.486 353.103
13461000 82.5546 122.668 144.737 349.96
13462000 82.6904 124.611 144.306 351.607
13463000 83.3169 127.764 143.338 354.419
13464000 83.3424 130.023 141.561 354.927
13465000 83.0129 128.819 141.051 352.882
13466000 82.1252 126.56 142.233 350.919
13467000 82.3017 127.107 144.428 353.837
13468000 84.1441 126.965 145.29 356.398
13469000 85.0175 125.338 143.79 354.145
13470000 84.5558 124.741 144.053 353.35
13471000 84.419 124.737 144.152 353.309
13472000 83.3885 124.776 143.153 351.317
13473000 82.4384 125.22 145.165 352.823
13474000 81.3248 126.517 145.467 353.309
13475000 81.2655 127.726 148.245 357.236
13476000 82.5111 127.953 149.898 360.363
13477000 83.6847 126.74 150.826 361.251
13478000 83.9615 127.584 153.3 364.846
13479000 83.855 126.435 155.459 365.749
13480000 84.1014 129.145 158.343 371.589
13481000 86.4883 129.792 159.636 375.916
13482000 85.7338 127.615 159.075 372.424
13483000 86.2768 127.413 161.008 374.697
13484000 86.2971 129.531 160.225 376.054
13485000 86.1005 130.311 159.703 376.114
13486000 86.3007 130.22 162.485 379.006
13487000 86.8703 129.337 165.982 382.189
13488000 87.9005 129.167 168.976 386.044
13489000 87.273 128.279 168.811 384.364
13490000 88.0099 127.296 169.741 385.047
13491000 87.9184 128.027 170.646 386.591
13492000 88.9061 127.901 169.397 386.203
13493000 89.4475 127.68 167.537 384.665
13494000 89.4228 125.811 167.081 382.314
13495000 89.8219 124.707 167.787 382.316
13496000 89.4906 123.882 169.88 383.253
13497000 88.2792 121.603 170.197 380.08
13498000 87.4062 118.303 169.706 375.415
13499000 86.0705 116.182 169.171 371.423
13500000 85.9685 114.805 171.689 372.463
13501000 87.1119 113.844 172.429 373.385
13502000 87.406 112.726 168.756 368.887
13503000 86.9857 114.723 164.046 365.755
13504000 85.3753 114.547 165.922 365.845
13505000 84.7088 113.85 166.486 365.045
13506000 85.5321 114.433 169.678 369.643
13507000 85.2077 112.681 168.674 366.563
13508000 84.4025 113.198 169.594 367.194
13509000 85.3696 111.679 173.074 370.122
13510000 86.1436 113.988 172.951 373.083
13511000 85.4545 114.038 171.99 371.483
13512000 85.8302 112.743 168.993 367.566
13513000 85.1781 111.483 167.427 364.088
13514000 85.2551 109.269 167.29 361.814
13515000 84.2696 108.522 170.155 362.947
13516000 84.8063 108.096 168.71 361.612
13517000 85.2845 109.095 167.093 361.472
13518000 85.2001 110.766 167.066 363.032
13519000 84.9249 109.003 167.098 361.026
13520000 85.0119 108.228 166.984 360.223
13521000 85.7556 108.048 168.278 362.081
13522000 86.6868 108.422 169.032 364.141
13523000 86.7909 110.868 169.386 367.045
13524000 86.947 115.163 168.88 370.99
13525000 88.0177 116.828 170.1 374.946
13526000 87.633 117.423 174.474 379.53
13527000 87.158 118.699 176.364 382.221
13528000 86.4696 122.073 174.609 383.152
13529000 87.8886 121.606 174.955 384.45
13530000 89.4833 124.265 173.617 387.365
13531000 89.601 123.318 174.4 387.32
13532000 88.4446 125.089 171.208 384.742
13533000 87.3448 124.583 167.495 379.423
13534000 86.502 124.449 162.83 373.781
13535000 85.2855 123.726 162.902 371.913
13536000 85.0889 121.624 165.877 372.589
13537000 83.7126 124.318 165.71 373.741
13538000 82.9057 122.496 167.03 372.431
13539000 83.3124 123.902 166.214 373.428
13540000 82.8497 125.491 164.354 372.694
13541000 82.1544 125.432 167.068 374.655
13542000 81.9205 125.332 169.142 376.395
13543000 80.4044 125.162 170.24 375.807
13544000 79.7346 126.278 167.025 373.037
13545000 79.2396 124.374 162.844 366.458
13546000 79.7618 124.609 164.889 369.259
13547000 78.7395 127.098 163.999 369.836
13548000 78.3111 127.36 163.98 369.652
13549000 78.3295 130.042 164.193 372.565
13550000 78.7324 131.593 164.937 375.262
13551000 77.8104 132 167.978 377.788
13552000 77.4258 131.356 168.448 377.23
13553000 75.716 132.231 167.856 375.804
13554000 74.9154 134.46 165.288 374.664
13555000 74.602 136.31 160.536 371.448
13556000 75.0086 136.601 159.843 371.452
13557000 74.7465 135.096 159.538 369.38
13558000 73.5881 133.785 163.298 370.671
13559000 72.4469 134.321 163.009 369.777
13560000 72.6805 133.969 162.28 368.93
13561000 72.8857 135.74 162.008 370.634
13562000 74.3472 134.915 161.269 370.531
13563000 74.4285 134.84 161.602 370.87
13564000 75.1767 136.552 160.183 371.912
13565000 76.0873 135.064 159.218 370.369
13566000 75.7272 137.093 159.706 372.526
13567000 75.1763 136.277 161.914 373.367
13568000 75.0658 134.937 159.492 369.495
13569000 75.0786 133.206 158.27 366.554
13570000 75.0327 133.195 157.725 365.952
13571000 74.9009 133.253 157.245 365.399
13572000 73.8591 133.433 156.884 364.177
13573000 73.0205 135.445 156.673 365.138
13574000 73.4778 135.902 158.339 367.719
13575000 74.1555 138.38 161.391 373.926
13576000 75.9598 139.507 160.913 376.38
13577000 76.0262 139.903 160.769 376.699
13578000 75.4885 140.946 163.483 379.918
13579000 75.043 142.094 165.597 382.733
13580000 74.8697 143.853 164.235 382.957
13581000 75.2488 143.323 163.833 382.405
13582000 74.7006 143.716 161.87 380.286
13583000 75.2437 145.975 161.921 383.14
13584000 76.004 146.283 160.547 382.834
13585000 76.1501 147.094 160.298 383.543
13586000 76.7933 145.794 161.671 384.258
13587000 76.6802 142.436 163.887 383.002
13588000 76.1048 141.337 163.968 381.41
13589000 76.771 140.693 163.381 380.845
13590000 76.8578 140.571 164.749 382.178
13591000 77.1136 140.565 163.266 380.945
13592000 77.2258 138.101 161.984 377.312
13593000 78.5911 137.967 160.572 377.13
13594000 78.1245 140.238 156.785 375.147
13595000 77.6499 142.706 155.791 376.147
13596000 75.6356 144.811 153.356 373.803
13597000 75.0696 145.212 153.675 373.957
13598000 74.8355 147.361 150.73 372.926
13599000 73.8887 150.717 150.116 374.721
13600000 73.3084 152.58 152.119 378.007
13601000 73.3536 153.485 152.971 379.81
13602000 72.0689 152.559 152.95 377.579
13603000 70.9693 151.377 154.519 376.865
13604000 71.5041 153.503 156.387 381.393
13605000 71.5649 156.305 155.211 383.081
13606000 72.619 155.153 154.338 382.11
13607000 73.2969 154.27 155.625 383.192
13608000 73.4287 155.397 156.614 385.44
13609000 73.6703 157.411 159.337 390.418
13610000 73.456 156.489 159.169 389.114
13611000 73.46 156.934 155.882 386.276
13612000 74.9206 158.39 153.046 386.357
13613000 75.3981 162.127 151.586 389.112
13614000 76.0705 159.35 153.218 388.639
13615000 77.1481 157.547 152.113 386.808
13616000 77.6533 157.546 151.153 386.352
13617000 76.4545 158.087 155.553 390.094
13618000 77.554 152.089 156.979 386.622
13619000 78.0557 150.641 156.605 385.302
13620000 77.4971 150.536 156.498 384.531
13621000 76.4445 151.827 157.802 386.074
13622000 76.7437 149.506 157.303 383.553
13623000 76.6908 148.931 161.007 386.628
13624000 77.8416 151.597 164.027 393.466
13625000 77.6385 150.533 162.736 390.908
13626000 76.9849 152.279 159.162 388.425
13627000 76.6673 153.738 155.525 385.931
13628000 77.1872 154.504 154.161 385.852
13629000 76.9775 153.378 156.352 386.707
13630000 76.6325 155.571 155.724 387.928
13631000 76.8998 156.179 151.745 384.824
13632000 77.7572 156.907 152.846 387.51
13633000 78.9463 157.251 155.609 391.807
13634000 79.3433 156.109 158.544 393.997
13635000 80.235 152.747 158.419 391.401
13636000 79.5541 149.568 158.41 387.532
13637000 78.9599 145.287 156.959 381.206
13638000 78.5813 144.413 154.228 377.223
13639000 79.3686 145.359 155.655 380.383
13640000 78.8165 146.898 157.959 383.673
13641000 77.7809 145.66 156.182 379.623
13642000 80.2271 147.11 154.092 381.428
13643000 79.3788 147.781 154.82 381.98
13644000 79.6676 147.744 156.315 383.727
13645000 79.8478 147.794 159.457 387.099
13646000 79.7064 146.83 161.279 387.816
13647000 79.9113 147.58 161.325 388.816
13648000 78.7122 148.105 161.143 387.96
13649000 78.7836 149.259 163.557 391.6
13650000 78.9683 150.721 165.188 394.877
13651000 78.9196 149.553 163.568 392.041
13652000 79.4743 148.153 162.344 389.972
13653000 81.2164 145.948 163.11 390.275
13654000 82.936 145.82 164.498 393.254
13655000 83.1615 145.464 165.369 393.994
13656000 82.8128 145.852 164.594 393.259
13657000 81.562 145.219 166.469 393.25
13658000 81.8588 143.324 164.873 390.055
13659000 82.1051 145.798 163.143 391.046
13660000 84.1318 146.198 166.966 397.295
13661000 84.5524 147.079 168.386 400.018
13662000 86.4044 147.382 172.495 406.281
13663000 85.5505 144.677 175.292 405.519
13664000 84.0418 143.738 175.697 403.477
13665000 82.8804 144.209 172.565 399.654
13666000 82.4675 144.1 171.53 398.098
13667000 83.8513 144.3 172.164 400.315
13668000 84.2656 143.836 172.63 400.732
13669000 83.4139 143.508 174.597 401.518
13670000 84.9715 143.684 176.614 405.269
13671000 85.3017 142.681 176.848 404.831
13672000 86.3129 142.267 174.929 403.509
13673000 87.3843 142.057 175.048 404.49
13674000 88.4352 141.479 176.485 406.399
13675000 90.044 143.86 177.075 410.98
13676000 89.0865 145.13 177.34 411.556
13677000 87.9694 146.807 178.782 413.558
13678000 87.4283 147.299 179.582 414.309
13679000 86.8845 149.114 177.475 413.473
13680000 87.5033 150.274 174.934 412.71
13681000 88.7039 154.571 175.362 418.636
13682000 90.476 155.411 179.551 425.438
13683000 91.9965 155.954 182.614 430.564
13684000 92.9651 158.302 184.537 435.803
13685000 93.6385 159.982 184.462 438.083
13686000 93.4407 156.58 183.573 433.593
13687000 93.0477 156.5 182.082 431.629
13688000 94.7273 159.908 179.904 434.539
13689000 95.3996 160.064 178.472 433.936
13690000 95.2254 161.567 181.218 438.01
13691000 96.8241 165.966 178.647 441.437
13692000 98.2699 166.707 177.784 442.761
13693000 99.088 166.499 174.851 440.438
13694000 100.145 164.724 175.327 440.196
13695000 100.325 166.798 175.049 442.172
13696000 101.91 168.799 173.257 443.966
13697000 101.551 169.199 172.621 443.372
13698000 101.94 167.075 171.413 440.428
13699000 100.654 163.624 172.107 436.385
13700000 99.465 160.619 174.078 434.162
13701000 99.1462 162.303 169.994 431.443
13702000 100.212 162.503 169.535 432.251
13703000 99.5739 162.625 168.239 430.438
13704000 99.6951 164.018 165.535 429.248
13705000 100.808 165.286 164.982 431.076
13706000 100.889 162.847 167.662 431.398
13707000 101.148 160.272 167.209 428.628
13708000 101.101 156.861 168.268 426.23
13709000 101.993 155.283 169.515 426.791
13710000 102.758 156.536 172.449 431.743
13711000 101.617 155.429 174.618 431.664
13712000 101.948 153.517 175.439 430.904
13713000 101.316 151.051 176.031 428.398
13714000 100.243 151.244 175.669 427.155
13715000 100.684 149.277 178.019 427.981
13716000 99.5678 150.317 177.559 427.444
13717000 99.6608 149.839 173.599 423.099
13718000 99.7797 150.718 170.169 420.667
13719000 100.054 152.977 169.403 422.433
13720000 100.762 153.339 170.602 424.703
13721000 101.465 153.093 172.029 426.587
13722000 100.988 154.657 168.667 424.312
13723000 102.034 154.88 167.116 424.03
13724000 102.409 153.495 166.647 422.552
13725000 102.503 149.601 165.014 417.119
13726000 103.1 147.562 164.253 414.914
13727000 101.288 145.959 166.33 413.577
13728000 102.153 146.36 166.087 414.6
13729000 100.987 147.333 163.087 411.406
13730000 100.095 147.383 162.659 410.137
13731000 101.712 147.954 163.832 413.499
13732000 101.303 148.304 159.621 409.229
13733000 101.931 147.82 158.895 408.646
13734000 102.923 149.892 160.808 413.623
13735000 101.351 150.66 163.371 415.382
13736000 100.934 150.156 162.107 413.197
13737000 100.957 149.607 161.017 411.581
13738000 102.093 148.902 160.704 411.699
13739000 102.019 147.7 159.454 409.174
13740000 103.319 145.856 160.977 410.152
13741000 103.322 145.766 157.823 406.912
13742000 101.863 144.228 156.601 402.693
13743000 101.845 144.223 159.953 406.021
13744000 102.679 148.166 157.744 408.589
13745000 101.129 147.581 154.371 403.082
13746000 99.663 149.376 153.276 402.315
13747000 98.7904 149.493 151.672 399.955
13748000 97.65 149.684 152.703 400.037
13749000 96.3504 151.247 153.358 400.955
13750000 95.6946 152.697 153.449 401.84
13751000 94.3489 152.099 153.158 399.607
13752000 94.1842 155.164 153.941 403.289
13753000 96.5871 156.476 153.261 406.324
13754000 97.2009 155.656 153.479 406.336
13755000 95.4107 159.479 151.485 406.374
13756000 95.2308 160.144 151.365 406.74
13757000 94.8033 159.375 148.589 402.767
13758000 93.8655 156.511 149.931 400.308
13759000 92.2177 157.48 150.304 400.003
13760000 90.5394 156.706 148.769 396.014
13761000 89.0197 156.694 151.457 397.171
13762000 88.7737 156.708 155.363 400.845
13763000 88.9604 156.171 160.059 405.19
13764000 89.7008 154.216 162.321 406.238
13765000 90.3546 152.905 162.084 405.343
13766000 91.1344 151.888 161.311 404.333
13767000 92.5956 150.92 160.738 404.253
13768000 93.1712 151.525 160.889 405.585
13769000 93.3989 150.059 162.389 405.847
13770000 93.0796 150.248 164.453 407.781
13771000 95.1568 149.638 166.347 411.142
13772000 95.3831 150.839 163.144 409.366
13773000 96.1822 149.766 164.724 410.672
13774000 97.1366 145.958 166.242 409.337
13775000 96.5032 148.627 168.154 413.284
13776000 96.5922 150.727 170.242 417.561
13777000 96.3586 148.391 166.279 411.028
13778000 95.7768 147.785 164.64 408.202
13779000 96.9079 148.619 165.82 411.347
13780000 98.2732 151.615 165.957 415.846
13781000 100.91 152.729 169.814 423.453
13782000 100.634 152.305 165.832 418.771
13783000 99.8153 148.848 162.964 411.627
13784000 99.5751 148.836 163.713 412.124
13785000 99.7347 150.789 165.219 415.743
13786000 99.4445 152.509 162.354 414.308
13787000 99.7113 154.516 161.577 415.805
13788000 100.131 153.32 162.304 415.756
13789000 98.8985 156.475 161.103 416.477
13790000 97.6724 157.427 159.382 414.481
13791000 100.131 161.627 158.67 420.428
13792000 100.502 166.314 160.025 426.841
13793000 99.7174 167.994 161.776 429.487
13794000 98.8608 169.347 161.475 429.683
13795000 97.2058 168.944 159.247 425.396
13796000 97.4743 167.772 157.987 423.233
13797000 98.5784 165.253 157.122 420.953
13798000 98.0178 164.417 156.314 418.749
13799000 99.9161 162.943 154.95 417.809
13800000 100.004 161.181 151.645 412.83
13801000 100.901 160.899 149.303 411.103
13802000 101.047 164.24 146.405 411.692
13803000 99.3702 167.448 144.642 411.46
13804000 97.536 166.471 146.227 410.234
13805000 97.8436 167.759 144.078 409.681
13806000 95.1986 170.253 141.821 407.273
13807000 93.8718 170.332 138.295 402.499
13808000 91.9122 170.763 137.487 400.162
13809000 90.4737 169.46 139.888 399.821
13810000 90.8111 169.726 142.098 402.635
13811000 93.1944 168.791 142.734 404.719
13812000 94.0491 167.341 143.46 404.85
13813000 96.9968 169.143 145.134 411.274
13814000 98.398 168.59 147.951 414.939
13815000 98.9738 169.507 150.846 419.327
13816000 99.6324 170.785 150.167 420.585
13817000 100.173 174.275 150.138 424.586
13818000 100.637 174.39 149.277 424.304
13819000 103.14 176.064 148.577 427.781
13820000 104.979 180.73 149.495 435.204
13821000 104.425 184.691 150.146 439.262
13822000 104.078 183.619 150.494 438.191
13823000 105.384 182.277 149.141 436.802
13824000 105.86 182.826 148.438 437.124
13825000 106.507 185.101 149.434 441.042
13826000 105.879 184.628 149.253 439.76
13827000 104.949 179.583 149.237 433.769
13828000 103.814 180.394 151.48 435.688
13829000 103.909 181.063 149.479 434.451
13830000 103.289 181.357 147.841 432.487
13831000 103.331 181.909 148.309 433.549
13832000 103.755 182.995 146.294 433.044
13833000 104.618 186.849 145.637 437.103
13834000 104.546 187.963 145.326 437.835
13835000 105.608 188.453 144.533 438.595
13836000 106.708 186.703 144.609 438.02
13837000 105.743 185.329 144.416 435.488
13838000 105.131 182.39 144.512 432.034
13839000 107.387 184.075 146.396 437.858
13840000 107.085 185.1 147.074 439.259
13841000 107.954 187.66 147.9 443.514
13842000 107.399 186.68 148.227 442.307
13843000 108.797 182.27 147.677 438.745
13844000 111.017 179.671 148.176 438.864
13845000 109.998 177.403 146.755 434.156
13846000 110.644 175.573 144.516 430.733
13847000 112.683 175.811 145.16 433.654
13848000 113.063 180.144 147.926 441.133
13849000 112.55 181.4 147.086 441.037
13850000 114.016 181.456 148.903 444.375
13851000 113.177 180.72 148.61 442.506
13852000 112.329 182.24 148.789 443.358
13853000 113.187 181.93 150.224 445.341
13854000 112.556 182.22 151.547 446.323
13855000 113.368 186.38 150.232 449.98
13856000 114.621 186.501 149.61 450.733
13857000 114.503 184.773 148.068 447.344
13858000 115.895 188.225 148.731 452.851
13859000 118.45 192.807 147.205 458.461
13860000 118.083 191.866 146.032 455.981
13861000 115.104 193.026 142.506 450.636
13862000 117.019 192.957 140.541 450.517
13863000 117.368 197.506 138.989 453.863
13864000 117.8 199.652 135.853 453.305
13865000 118.236 198.482 136.715 453.434
13866000 120.398 196.444 137.066 453.908
13867000 121.897 192.466 138.528 452.891
13868000 123.109 191.041 140.392 454.542
13869000 122.946 187.87 141.988 452.804
13870000 122.079 189.491 140.869 452.44
13871000 120.199 192.135 142.534 454.867
13872000 120.876 188.966 142.951 452.793
13873000 120.826 190.425 141.564 452.814
13874000 121.775 190.609 142.456 454.84
13875000 121.147 190.163 142.369 453.679
13876000 117.944 191.615 140.895 450.453
13877000 116.5 190.395 142.228 449.122
13878000 117.111 187.494 142.122 446.727
13879000 117.574 188.858 142.383 448.814
13880000 117.448 191.417 139.672 448.536
13881000 118.508 192.233 137.946 448.687
13882000 117.508 192.066 139.654 449.227
13883000 115.836 193.697 137.651 447.184
13884000 118.734 193.541 139.614 451.889
13885000 117.19 192.538 140.884 450.612
13886000 116.987 192.628 140.025 449.64
13887000 117.131 193.469 140.472 451.071
13888000 116.444 194.024 137.984 448.452
13889000 119.003 197.979 137.016 453.999
13890000 121.277 201.621 137.435 460.334
13891000 122.925 203.712 138.012 464.649
13892000 124.393 201.593 138.148 464.134
13893000 125.447 200.748 137.582 463.778
13894000 123.601 203.917 138.829 466.347
13895000 122.635 207.738 136.687 467.061
13896000 120.509 205.615 136.42 462.544
13897000 117.055 206.588 135.768 459.411
13898000 116.182 207.697 134.928 458.806
13899000 118.482 208.387 136.003 462.872
13900000 118.012 211.901 136.781 466.694
13901000 117.403 211.311 137.509 466.223
13902000 118.94 209.994 138.215 467.149
13903000 120.924 208.681 137.317 466.921
13904000 122.063 211.194 134.644 467.9
13905000 123.983 216.303 133.036 473.321
13906000 124.059 215.961 134.843 474.863
13907000 123.598 218.638 136.41 478.646
13908000 121.631 220.231 137.922 479.783
13909000 122.201 221.287 137.133 480.622
13910000 122.772 218.026 134.849 475.647
13911000 122.766 213.607 137.288 473.662
13912000 121.82 209.486 138.946 470.251
13913000 120.609 205.567 138.494 464.671
13914000 120.047 203.009 139.014 462.07
13915000 117.003 204.092 140.504 461.599
13916000 114.809 205.676 141.171 461.655
13917000 114.294 207.044 141.856 463.194
13918000 113.646 203.614 140.652 457.912
13919000 112.832 204.554 142.534 459.92
13920000 110.244 205.371 144.467 460.082
13921000 108.587 204.104 144.869 457.56
13922000 108.834 206.566 146.272 461.672
13923000 109.296 208.647 148.474 466.418
13924000 109.542 208.334 148.294 466.17
13925000 108.299 210.847 147.423 466.569
13926000 110.721 213.01 145.873 469.603
13927000 112.461 215.056 144.944 472.462
13928000 112.208 217.155 144.266 473.628
13929000 111.541 215.332 142.976 469.85
13930000 110.185 212.753 143.478 466.415
13931000 109.358 211.741 146.736 467.835
13932000 109.09 210.098 148.018 467.206
13933000 109.361 210.172 147.613 467.146
13934000 108.103 205.165 147.47 460.738
13935000 107.024 199.761 146.371 453.155
13936000 107.409 196.581 149.169 453.159
13937000 105.721 194.71 149.683 450.115
13938000 105.459 191.942 151.145 448.546
13939000 106.554 191.209 151.284 449.047
13940000 105.533 190.805 151.595 447.932
13941000 104.391 193.35 152.561 450.303
13942000 102.864 194.547 155.175 452.586
13943000 103.902 193.559 155.141 452.602
13944000 104.357 193.234 154.574 452.164
13945000 104.836 191.373 153.644 449.853
13946000 104.444 187.551 153.245 445.241
13947000 105.772 187.083 152.971 445.826
13948000 106.862 190.547 152.303 449.713
13949000 107.483 190.653 151.281 449.417
13950000 108.142 191.362 152.269 451.773
13951000 107.381 192.561 153.053 452.994
13952000 106.94 191.713 151.132 449.785
13953000 106.936 191.312 150.249 448.497
13954000 106.99 190.998 150.893 448.882
13955000 108.166 189.657 150.191 448.015
13956000 108.573 188.983 149.615 447.171
13957000 109.296 189.334 148.109 446.739
13958000 108.38 188.512 148.139 445.031
13959000 107.702 190.272 146.34 444.314
13960000 104.941 187.43 145.536 437.907
13961000 105.011 186.395 145.167 436.573
13962000 105.424 187.074 143.001 435.499
13963000 105.891 187.452 144.091 437.435
13964000 106.655 185.295 143.568 435.518
13965000 106.265 181.084 144.893 432.243
13966000 106.706 181.394 146.859 434.959
13967000 106.848 179.102 151.053 437.004
13968000 107.983 174.454 150.259 432.696
13969000 108.889 175.91 151.53 436.329
13970000 109.909 174.942 150.062 434.913
13971000 111.853 173.964 152.168 437.985
13972000 113.165 173.838 151.498 438.501
13973000 114.108 175.005 152.273 441.385
13974000 114.535 173.981 156.747 445.264
13975000 115.268 173.48 155.591 444.339
13976000 115.88 172.369 155.351 443.601
13977000 116.031 174.749 158.932 449.712
13978000 116.277 177.047 160.687 454.01
13979000 117.518 180.852 158.861 457.231
13980000 117.674 182.06 160.019 459.752
13981000 116.847 182.161 161.479 460.487
13982000 115.158 185.186 162.017 462.361
13983000 114.532 186.679 162.295 463.506
13984000 115.834 187.49 160.938 464.262
13985000 115.488 190.817 160.319 466.624
13986000 112.612 189.068 162.318 463.998
13987000 111.501 189.362 164.194 465.058
13988000 111.484 187.347 167.512 466.342
13989000 112.638 187.478 173.006 473.121
13990000 112.715 190.198 176.771 479.684
13991000 111.954 193.967 175.568 481.489
13992000 112.291 194.861 178.942 486.095
13993000 112.262 198.078 180.293 490.633
13994000 112.145 200.158 179.863 492.165
13995000 112.339 197.623 177.896 487.858
13996000 112.693 197.831 179.774 490.298
13997000 111.839 193.858 179.482 485.179
13998000 110.747 192.508 178.439 481.695
13999000 111.784 192.904 176.997 481.685
14000000 112.242 192.66 176.438 481.341
14001000 111.764 194.312 175.376 481.452
14002000 112.079 195.536 172.449 480.064
14003000 112.868 195.614 171.806 480.288
14004000 113.663 198.063 170.356 482.082
14005000 113.502 199.562 171.68 484.744
14006000 113.578 199.632 170.89 484.1
14007000 113.622 199.462 169.267 482.352
14008000 113.516 199.526 168.012 481.055
14009000 113.237 206.55 166.524 486.311
14010000 112.997 207.668 165.985 486.65
14011000 113.073 206.643 167.91 487.626
14012000 111.932 208.597 171.221 491.75
14013000 111.304 209.358 173.36 494.022
14014000 110.691 208.344 174.259 493.294
14015000 112.304 205.439 174.131 491.873
14016000 112.435 204.045 173.283 489.764
14017000 113.483 202.846 172.244 488.573
14018000 113.576 201.41 173.332 488.318
14019000 112.429 200.703 172.83 485.961
14020000 115.383 198.316 170.25 483.948
14021000 115.05 197.933 175.09 488.073
14022000 114.378 199.823 175.597 489.797
14023000 115.402 202.004 177.356 494.763
14024000 116.345 205.966 176.34 498.652
14025000 116.833 208.505 174.908 500.247
14026000 115.925 211.561 174.515 502.001
14027000 117.698 209.128 174.132 500.958
14028000 118.152 209.284 173.306 500.742
14029000 119.133 209.192 172.684 501.009
14030000 117.413 204.957 173.742 496.111
14031000 118.304 202.349 174.326 494.979
14032000 116.72 202.343 174.444 493.507
14033000 115.675 202.675 178.075 496.425
14034000 115.398 201.076 177.847 494.322
14035000 113.325 201.166 177.461 491.953
14036000 114.466 204.837 179.027 498.33
14037000 115.252 206.375 177.858 499.486
14038000 115.004 207.297 174.212 496.513
14039000 115.925 206.421 173.573 495.92
14040000 116.164 207.353 176.141 499.657
14041000 115.622 202.879 179.772 498.273
14042000 115.513 199.583 184.431 499.526
14043000 116.238 202.15 187 505.388
14044000 114.742 201.391 186.019 502.151
14045000 111.909 202.715 184.918 499.542
14046000 111.182 206.019 183.688 500.888
14047000 112.786 200.404 187.166 500.355
14048000 112.734 197.215 188.931 498.879
14049000 112.983 198.961 189.847 501.792
14050000 112.86 200.293 190.969 504.122
14051000 115.336 204.571 188.897 508.804
14052000 117.245 207.189 185.554 509.988
14053000 116.378 212.146 186.09 514.614
14054000 115.388 215.801 188.571 519.759
14055000 115.514 217.774 189.604 522.892
14056000 114.926 221.684 188.317 524.927
14057000 115.123 219.139 190.447 524.709
14058000 115.132 216.037 191.174 522.344
14059000 115.446 218.617 194.118 528.181
14060000 115.043 222.166 194.593 531.802
14061000 114.522 222.951 193.739 531.212
14062000 115.437 220.282 196.569 532.287
14063000 117.728 215.419 194.907 528.053
14064000 117.258 213.291 193.603 524.152
14065000 116.005 213.947 196.141 526.093
14066000 115.502 210.56 200.387 526.449
14067000 115.107 207.489 202.178 524.774
14068000 116.79 208.866 203.606 529.261
14069000 116.333 202.889 202.284 521.506
14070000 116.263 202.784 202.86 521.908
14071000 114.758 197.188 199.586 511.532
14072000 117.024 193.548 201.534 512.106
14073000 118.361 191.603 204.243 514.208
14074000 119.847 190.741 204.387 514.975
14075000 119.082 191.262 205.4 515.744
14076000 118.649 189.024 206.721 514.395
14077000 117.247 185.3 208.226 510.773
14078000 117.005 185.62 205.654 508.279
14079000 117.249 185.922 203.411 506.582
14080000 115.028 185.18 202.081 502.29
14081000 116.622 185.752 200.452 502.826
14082000 118.928 186.468 200.542 505.938
14083000 119.937 183.427 198.544 501.908
14084000 119.427 180.671 196.06 496.159
14085000 118.448 178.15 194.539 491.136
14086000 115.996 176.242 196.031 488.269
14087000 114.452 176.571 192.975 483.998
14088000 114.206 174.01 191.736 479.952
14089000 114.123 170.255 191.93 476.308
14090000 113.483 170.866 191.866 476.216
14091000 115.505 171.407 190.79 477.702
14092000 116.839 169.549 191.211 477.598
14093000 117.85 168.256 193.323 479.429
14094000 117.64 167.455 196.055 481.15
14095000 117.471 167.57 195.577 480.618
14096000 117.619 166.352 200.87 484.841
14097000 117.713 165.464 200.548 483.726
14098000 119.642 162.472 201.269 483.383
14099000 118.54 161.463 202.939 482.942
14100000 118.765 163.789 203.851 486.405
14101000 118.398 165.735 203.149 487.281
14102000 117.286 164.125 206.797 488.208
14103000 116.393 164.203 209.72 490.316
14104000 115.641 164.536 211.166 491.343
14105000 116.262 162.547 210.851 489.661
14106000 116.245 161.467 207.007 484.719
14107000 116.093 162.197 201.066 479.356
14108000 115.629 160.316 199.399 475.344
14109000 116.193 157.93 199.406 473.529
14110000 116.665 159.06 202.345 478.07
14111000 118.487 162.152 202.78 483.418
14112000 117.174 167.358 203.296 487.828
14113000 117.378 167.42 203.522 488.319
14114000 116.14 171.998 203.859 491.996
14115000 117.478 176.489 204.487 498.453
14116000 116.698 176.492 205.781 498.971
14117000 118.238 175.788 207.226 501.252
14118000 118.482 177.468 208.389 504.34
14119000 117.094 173.483 206.541 497.118
14120000 117.294 174.618 205.177 497.089
14121000 117.663 174.883 207.381 499.927
14122000 118.923 174.475 205.45 498.847
14123000 119.072 174.413 205.614 499.099
14124000 120.492 171.139 208.014 499.644
14125000 118.346 168.981 206.955 494.281
14126000 118.212 170.625 205.309 494.147
14127000 117.782 173.057 201.532 492.371
14128000 115.283 173.668 201.408 490.359
14129000 114.502 172.92 200.615 488.036
14130000 114.104 171.612 201.498 487.214
14131000 113.303 170.091 203.496 486.889
14132000 113.958 172.555 201.138 487.651
14133000 114.496 172.914 199.801 487.21
14134000 114.804 171.919 195.665 482.389
14135000 113.43 171.737 192.08 477.246
14136000 113.685 171.054 192.305 477.044
14137000 114.18 170.206 191.861 476.247
14138000 114.279 171.638 192.979 478.896
14139000 115.021 173.371 195.915 484.308
14140000 114.839 172.285 200.031 487.155
14141000 116.817 172.612 198.814 488.243
14142000 115.05 171.926 194.326 481.302
14143000 113.88 171.372 194.604 479.856
14144000 112.61 173.945 191.01 477.565
14145000 113.008 174.308 189.973 477.289
14146000 114.235 176.19 187.729 478.154
14147000 114.023 178.022 185.373 477.418
14148000 113.509 180.191 183.952 477.652
14149000 112.105 182.63 185.513 480.248
14150000 111.565 184.794 188.132 484.491
14151000 109.111 186.5 188.072 483.684
14152000 108.73 190.542 187.01 486.281
14153000 108.537 188.737 188.642 485.916
14154000 108.717 186.482 189.95 485.149
14155000 109.27 185.584 189.072 483.925
14156000 110.839 185.081 189.852 485.772
14157000 111.218 182.989 189.415 483.623
14158000 110.985 182.058 188.014 481.057
14159000 110.728 183.438 186.249 480.416
14160000 111.536 185.06 187.206 483.802
14161000 111.57 186.449 188.718 486.737
14162000 111.878 187.936 188.652 488.466
14163000 112.232 188.067 190.699 490.999
14164000 111.757 188.588 196.389 496.734
14165000 111.003 187.591 200.839 499.434
14166000 109.545 185.271 198.961 493.776
14167000 107.56 180.74 198.737 487.036
14168000 105.655 176.142 197.75 479.547
14169000 104.804 177.752 198.927 481.483
14170000 104.001 175.296 199.624 478.921
14171000 104.57 175.03 198.284 477.884
14172000 104.521 175.525 198.071 478.117
14173000 104.743 173.199 200.323 478.265
14174000 105.348 173.945 203.459 482.752
14175000 105.294 174.514 205.463 485.271
14176000 104.204 177.362 207.747 489.312
14177000 102.819 182.492 206.78 492.091
14178000 102.261 182.673 204.545 489.479
14179000 102.055 180.002 202.063 484.121
14180000 102.148 181.462 204.052 487.662
14181000 101.428 180.472 209.04 490.94
14182000 102.388 182.189 211.302 495.879
14183000 101.806 182.959 210.805 495.569
14184000 100.557 184.512 209.478 494.547
14185000 100.434 184.751 207.661 492.846
14186000 98.6707 183.871 205.995 488.536
14187000 97.1248 183.197 205.16 485.482
14188000 97.1829 184.839 207.567 489.589
14189000 96.0784 182.84 205.896 484.815
14190000 96.7477 182.321 200.701 479.77
14191000 97.9253 182.2 199.19 479.315
14192000 99.5282 180.482 197.679 477.689
14193000 99.6178 177.993 196.855 474.466
14194000 100.296 177.486 192.421 470.203
14195000 100.593 178.713 188.576 467.882
14196000 100.626 178.82 187.78 467.226
14197000 102.29 178.445 186.877 467.611
14198000 102.454 180.68 187.305 470.439
14199000 102.32 177.49 189.76 469.57
14200000 102.969 175.128 188.354 466.451
14201000 103.293 175.652 185.452 464.397
14202000 104.22 178.188 181.557 463.966
14203000 104.105 177.556 181.965 463.626
14204000 103.926 179.791 179.769 463.486
14205000 103.559 183.707 183.097 470.363
14206000 104.751 185.52 184.43 474.701
14207000 104.038 185.526 185.348 474.911
14208000 102.872 184.438 187.282 474.593
14209000 104.152 182.982 185.034 472.167
14210000 104.983 182.656 182.968 470.607
14211000 104.751 184.384 182.633 471.768
14212000 103.552 182.674 183.356 469.583
14213000 104.848 183.313 183.112 471.272
14214000 104.745 184.884 185.414 475.043
14215000 103.845 185.035 182.942 471.822
14216000 102.688 186.245 181.21 470.144
14217000 102.604 184.947 182.646 470.198
14218000 102.19 185.516 183.684 471.39
14219000 101.108 182.562 186.434 470.104
14220000 101.712 181.627 191.486 474.825
14221000 102.82 178.723 195.736 477.279
14222000 100.823 174.394 197.773 472.99
14223000 100.48 175.163 197.518 473.16
14224000 100.392 178.549 194.547 473.488
14225000 98.9028 179.879 197.011 475.793
14226000 99.8203 181.315 198.219 479.355
14227000 101.426 180.565 198.721 480.712
14228000 101.625 181.319 196.804 479.747
14229000 103.311 180.049 195.715 479.076
14230000 103.373 179.272 194.765 477.411
14231000 102.37 180.549 193.551 476.47
14232000 102.153 180.218 197.689 480.061
14233000 101.802 178.906 202.178 482.886
14234000 101.317 177.999 205.286 484.602
14235000 101.885 176.547 205.466 483.898
14236000 102.878 177.366 203.003 483.247
14237000 101.964 176.374 205.389 483.727
14238000 101.104 177.506 203.844 482.454
14239000 100.646 177.085 204.248 481.979
14240000 100.266 178.097 204.416 482.779
14241000 100.565 178.128 201.572 480.264
14242000 100.481 175.037 198.849 474.367
14243000 99.3929 171.953 197.678 469.024
14244000 98.8644 173.609 200.815 473.289
14245000 97.0889 175.788 201.222 474.098
14246000 97.1268 176.629 203.632 477.387
14247000 98.0618 176.294 206.333 480.689
14248000 99.2076 173.877 209.654 482.738
14249000 101.639 176.898 208.587 487.124
14250000 102.425 177.823 207.276 487.525
14251000 102.607 181.105 208.412 492.124
14252000 101.481 178.376 210.616 490.473
14253000 100.272 176.565 209.242 486.078
14254000 100.372 178.808 208.667 487.847
14255000 100.018 178.481 205.968 484.468
14256000 99.2125 177.416 201.299 477.927
14257000 100.234 177.173 199.442 476.849
14258000 99.4862 181.436 198.534 479.456
14259000 99.2919 183.013 198.356 480.661
14260000 100.327 180.614 198.956 479.897
14261000 102.896 181.651 200.96 485.507
14262000 104.058 186.402 197.731 488.191
14263000 102.858 187.837 197.325 488.021
14264000 102.254 186.95 197.615 486.819
14265000 102.362 183.378 195.633 481.373
14266000 102.259 185.184 190.515 477.959
14267000 101.86 185.196 191.592 478.647
14268000 102.559 182.724 191.215 476.499
14269000 103.164 181.369 194.288 478.82
14270000 102.39 182.417 197.1 481.907
14271000 102.232 183.056 199.099 484.387
14272000 102.439 183.056 198.185 483.681
14273000 100.809 182.46 196.786 480.056
14274000 100.532 181.101 195.803 477.437
14275000 100.704 183.761 193.128 477.593
14276000 101.213 184.075 192.838 478.125
14277000 100.097 180.534 187.808 468.439
14278000 101.048 177.931 186.566 465.544
14279000 101.293 174.954 187.895 464.143
14280000 100.44 174.052 193.108 467.6
14281000 101.049 174.465 194.224 469.738
14282000 100.97 173.795 193.535 468.3
14283000 100.235 172.444 193.038 465.717
14284000 97.197 170.954 193.556 461.707
14285000 96.8984 169.533 193.019 459.451
14286000 97.9861 169.948 193.581 461.515
14287000 99.1956 167.459 194.328 460.983
14288000 100.467 167.478 191.6 459.545
14289000 99.3852 168.587 191.406 459.378
14290000 98.211 172.914 189.555 460.68
14291000 97.1265 172.28 191.211 460.617
14292000 96.8178 174.901 192.428 464.147
14293000 97.4731 177.211 193.071 467.755
14294000 98.3281 178.529 193.512 470.369
14295000 98.3565 177.27 194.333 469.96
14296000 98.8952 176.765 190.693 466.353
14297000 97.942 175.95 189.473 463.365
14298000 98.6048 176.098 187.852 462.554
14299000 95.8581 175.701 185.551 457.109
14300000 96.1957 171.41 184.597 452.203
14301000 97.4853 168.83 185.844 452.159
14302000 98.6072 169.017 189.061 456.685
14303000 97.6406 173.881 193.075 464.597
14304000 97.8804 173.119 197.432 468.432
14305000 98.8062 172.77 197.13 468.707
14306000 98.63 180.241 197.333 476.204
14307000 99.3139 179.659 197.175 476.148
14308000 99.9335 179.06 203.041 482.034
14309000 98.0971 179.956 204.011 482.064
14310000 97.4427 180.566 204.516 482.524
14311000 97.3224 181.921 204.273 483.516
14312000 96.1291 184.223 201.884 482.236
14313000 96.6085 187.39 202.612 486.61
14314000 96.2816 189.707 203.949 489.938
14315000 95.6216 189.543 205.123 490.288
14316000 96.0763 189.201 202.867 488.145
14317000 96.3835 192.239 199.922 488.545
14318000 95.4033 196.929 200.289 492.621
14319000 95.1697 199.402 200.896 495.468
14320000 96.8886 201.01 196.874 494.773
14321000 98.919 200.418 193.869 493.206
14322000 100.289 200.467 197.193 497.949
14323000 100.719 198.445 197.382 496.546
14324000 102.669 201.504 198.524 502.696
14325000 100.883 205.351 197.679 503.912
14326000 100.273 205.513 195.43 501.215
14327000 100.796 202.657 195.025 498.478
14328000 99.9693 200.397 195.135 495.501
14329000 99.0295 203.27 194.207 496.506
14330000 98.381 201.614 195.427 495.421
14331000 99.539 203.702 195.224 498.465
14332000 98.2536 203.473 197.288 499.015
14333000 98.3436 202.29 199.168 499.802
14334000 99.1046 199.816 198.385 497.306
14335000 100.707 198.077 195.605 494.389
14336000 101.027 195.721 194.701 491.449
14337000 101.372 192.91 195.459 489.741
14338000 101.201 196.783 195.594 493.578
14339000 100.967 198.208 197.889 497.064
14340000 101.43 196.994 198.147 496.572
14341000 102.696 196.905 199.322 498.923
14342000 103.853 194.794 201.399 500.047
14343000 104.877 194.69 201.689 501.256
14344000 106.161 197.448 206.497 510.106
14345000 105.288 197.927 206.84 510.055
14346000 107.073 201.606 211.506 520.185
14347000 105.522 199.511 216.877 521.909
14348000 104.028 200.443 218.137 522.608
14349000 103.484 201.854 218.999 524.338
14350000 104.291 201.23 216.396 521.918
14351000 104.27 201.617 211.641 517.528
14352000 104.884 201.217 209.872 515.973
14353000 105.49 201.184 212.31 518.984
14354000 105.348 203.208 212.245 520.801
14355000 104.48 200.206 213.547 518.233
14356000 105.127 197.825 214.356 517.308
14357000 104.872 196.479 213.085 514.435
14358000 105.607 197.266 211.168 514.041
14359000 105.884 195.825 211.733 513.442
14360000 104.878 191.152 213.251 509.282
14361000 103.118 189.507 217.77 510.394
14362000 100.27 188.154 218.231 506.654
14363000 98.5106 186.914 219.5 504.925
14364000 98.5696 188.303 216.608 503.481
14365000 99.5993 188.642 215.19 503.432
14366000 99.0769 190.954 214.814 504.845
14367000 99.416 188.214 216.661 504.291
14368000 97.7873 186.606 216.872 501.266
14369000 99.4938 186.515 214.973 500.982
14370000 99.7618 185.694 215.204 500.66
14371000 98.2393 185.87 217.293 501.402
14372000 98.619 186.729 219.045 504.393
14373000 99.0241 188.61 222.394 510.029
14374000 100.28 188.917 222.804 512.001
14375000 99.7031 191.24 222.791 513.734
14376000 99.8771 192.099 222.182 514.158
14377000 100.499 192.432 224.939 517.87
14378000 100.066 191.238 227.645 518.948
14379000 98.4164 192.923 226.647 517.987
14380000 99.4208 195.538 228.801 523.76
14381000 100.461 194.25 228.955 523.665
14382000 101.157 191.911 226.796 519.864
14383000 100.524 193.637 225.757 519.917
14384000 100.102 194.117 224.671 518.889
14385000 100.56 193.369 224.956 518.885
14386000 99.0391 190.19 221.745 510.974
14387000 98.2346 189.755 221.148 509.137
14388000 98.7437 189.898 226.644 515.286
14389000 99.7393 185.571 232.108 517.419
14390000 99.3681 184.736 234.591 518.696
14391000 98.2222 183.771 232.712 514.705
14392000 97.2227 182.605 228.608 508.436
14393000 97.6647 179.417 226.53 503.612
14394000 96.0687 180.868 231.4 508.337
14395000 95.6829 180.223 233.291 509.197
14396000 95.3362 182.083 238.291 515.71
14397000 95.5584 180.629 242.412 518.6
14398000 94.4982 179.945 242.665 517.108
14399000 93.2038 182.985 243.91 520.098
14400000 92.7435 183.987 241.307 518.038
14401000 92.2344 183.541 239.37 515.146
14402000 94.0331 182.777 238.216 515.027
14403000 96.5199 181.261 233.691 511.471
14404000 98.4172 179.572 234.503 512.492
14405000 99.0503 182.085 233.756 514.892
14406000 98.3946 183.053 231.957 513.405
14407000 96.2023 181.915 229.926 508.043
14408000 94.948 181.679 228.91 505.538
14409000 95.8175 182.026 229.985 507.828
14410000 97.9319 182.114 231.194 511.24
14411000 97.5034 182.699 228.471 508.673
14412000 97.3832 181.129 230.253 508.766
14413000 98.219 180.368 232.418 511.006
14414000 98.0072 183.524 232.81 514.341
14415000 98.5289 180.593 232.154 511.276
14416000 99.0524 180.155 233.316 512.523
14417000 99.2821 178.739 231.147 509.167
14418000 98.0205 179.565 227.8 505.386
14419000 98.3206 183.104 226.667 508.092
14420000 99.0988 184.85 225.692 509.641
14421000 98.2019 184.757 223.328 506.287
14422000 97.8895 185.764 223.227 506.88
14423000 96.6329 187.166 221.723 505.521
14424000 96.5623 186.68 222.541 505.783
14425000 95.0454 185.982 222.094 503.122
14426000 93.1864 191.045 225.469 509.7
14427000 92.4079 193.772 224.293 510.473
14428000 92.4738 194.809 223.769 511.051
14429000 92.5305 194.272 223.617 510.42
14430000 93.7943 197.555 224.135 515.485
14431000 93.299 197.739 222.963 514.001
14432000 92.4492 196.363 225.97 514.781
14433000 93.9049 196.077 226.266 516.249
14434000 94.4362 195.379 224.648 514.464
14435000 96.8263 200.182 224.064 521.072
14436000 97.1145 200.993 220.568 518.675
14437000 96.9134 204.658 217.769 519.34
14438000 98.6549 208.028 214.235 520.917
14439000 100.233 211.279 213.934 525.446
14440000 100.164 213.952 212.144 526.261
14441000 98.9291 215.217 211.294 525.441
14442000 97.316 218.056 207.657 523.029
14443000 94.5081 218.268 208.594 521.37
14444000 95.0688 220.31 209.75 525.129
14445000 96.2562 224.709 211.613 532.578
14446000 95.5988 225.369 214.246 535.213
14447000 94.8798 222.75 216.283 533.912
14448000 94.9028 220.447 217.111 532.461
14449000 94.5781 219.409 217.061 531.047
14450000 94.922 219.446 211.238 525.606
14451000 95.3812 218.903 205.622 519.906
14452000 94.7456 217.637 202.495 514.877
14453000 93.5276 220.144 201.539 515.211
14454000 93.7385 220.041 203.332 517.111
14455000 93.6458 218.751 205.791 518.187
14456000 93.7387 219.599 205.336 518.673
14457000 90.3431 224.567 206.654 521.564
14458000 90.101 223.316 207.865 521.282
14459000 90.6355 223.65 208.458 522.743
14460000 89.1189 221.55 209.108 519.777
14461000 89.6027 220.153 210.657 520.412
14462000 90.6927 215.792 211.057 517.542
14463000 89.9207 209.172 212.657 511.75
14464000 89.2138 206.268 213.9 509.382
14465000 88.2974 202.929 212.837 504.064
14466000 87.3128 200.52 210.578 498.41
14467000 86.9387 199.919 207.991 494.849
14468000 86.092 200.832 210.985 497.909
14469000 85.9985 201.152 211.988 499.138
14470000 85.8242 202.47 211.876 500.17
14471000 84.4753 199.122 215.05 498.647
14472000 85.3282 197.314 222.461 505.103
14473000 86.2985 196.551 224.741 507.59
14474000 86.5041 195.41 221.771 503.685
14475000 85.8712 197.401 214.94 498.212
14476000 86.5787 202.655 216.81 506.044
14477000 86.2702 206.867 218.523 511.66
14478000 86.3932 210.764 218.588 515.745
14479000 85.7249 213.927 215.737 515.389
14480000 85.7279 212.166 212.704 510.598
14481000 87.6644 211.299 213.518 512.481
14482000 88.2234 214.223 215.651 518.097
14483000 88.7631 216.603 211.976 517.342
14484000 89.5622 216.619 208.485 514.666
14485000 90.1198 216.162 208.775 515.057
14486000 89.7404 217.679 206.818 514.238
14487000 90.5323 216.446 209.405 516.384
14488000 88.3217 215.812 210.719 514.853
14489000 86.2549 210.866 210.411 507.532
14490000 85.2217 209.769 210.604 505.595
14491000 85.1858 211.603 208.988 505.776
14492000 86.1831 211.564 207.416 505.163
14493000 85.9005 211.31 206.865 504.076
14494000 86.1488 212.184 208.184 506.517
14495000 87.2625 212.164 204.411 503.837
14496000 86.2354 212.296 205.1 503.631
14497000 86.2987 216.411 204.747 507.457
14498000 85.12 219.341 207.697 512.158
14499000 84.5489 215.228 206.099 505.876
14500000 85.4961 214.273 204.373 504.143
14501000 86.8525 213.891 203.34 504.084
14502000 87.0426 215.386 204.638 507.067
14503000 86.8965 214.469 209.139 510.505
14504000 87.7252 215.218 208.067 511.01
14505000 90.0579 215.061 207.729 512.848
14506000 89.9025 217.07 204.914 511.886
14507000 88.4286 219.155 202.688 510.272
14508000 88.5328 218.427 205.069 512.029
14509000 88.0838 218.039 210.975 517.098
14510000 85.9737 216.962 211.59 514.525
14511000 86.3856 216.528 213.807 516.72
14512000 85.6645 214.046 212.812 512.522
14513000 85.1891 217.402 215.291 517.883
14514000 84.969 220.077 213.978 519.023
14515000 84.781 217.558 214.541 516.88
14516000 84.2293 221.35 213.192 518.772
14517000 83.0601 223.348 209.003 515.411
14518000 81.8193 223.877 208.795 514.491
14519000 80.9524 221.104 209.027 511.083
14520000 80.553 221.902 208.432 510.887
14521000 81.6734 222.587 205.438 509.699
14522000 82.2042 224.801 205.431 512.437
14523000 84.4528 228.465 206.758 519.676
14524000 84.5452 230.992 208.487 524.025
14525000 83.9989 232.202 206.438 522.639
14526000 84.841 231.767 205.591 522.2
14527000 86.2937 230.501 202.002 518.797
14528000 84.4031 229.29 197.659 511.352
14529000 83.6077 227.566 196.064 507.238
14530000 84.3073 228.599 195.872 508.778
14531000 84.5957 228.905 196.844 510.344
14532000 84.8088 226.977 196.058 507.844
14533000 85.0622 228.332 192.372 505.766
14534000 84.5611 225.478 190.954 500.993
14535000 85.0578 225.341 189.701 500.101
14536000 83.6605 225.595 194.076 503.331
14537000 82.9014 225.003 193.891 501.796
14538000 83.6161 226.068 193.847 503.531
14539000 85.1117 225.578 194.118 504.808
14540000 86.0387 227.577 197.341 510.956
14541000 88.0033 226.532 196.411 510.946
14542000 87.2453 227.344 197.367 511.956
14543000 87.5527 225.609 197.253 510.415
14544000 88.2498 221.052 196.668 505.969
14545000 89.6625 218.912 197.038 505.612
14546000 90.4994 222.042 198.007 510.549
14547000 88.3207 223.409 197.381 509.11
14548000 86.5769 222.364 195.295 504.237
14549000 86.0546 221.71 194.761 502.526
14550000 85.6986 221.002 193.91 500.611
14551000 84.9114 221.452 193.812 500.175
14552000 84.2442 220.072 196.709 501.025
14553000 83.4512 217.568 200.879 501.899
14554000 83.2781 215.917 198.64 497.835
14555000 83.4878 213.291 195.394 492.172
14556000 83.4831 211.848 195.299 490.63
14557000 82.6716 213.399 194.438 490.508
14558000 82.1194 213.633 189.126 484.879
14559000 81.6379 212.965 188.303 482.905
14560000 82.7225 211.647 187.375 481.745
14561000 83.3773 213.201 185.135 481.713
14562000 83.5286 218.019 187.588 489.135
14563000 84.1205 221.279 189.323 494.723
14564000 84.3149 223.089 189.743 497.147
14565000 84.8773 224.404 190.802 500.084
14566000 84.4854 221.697 191.5 497.683
14567000 85.2923 219.19 193.941 498.423
14568000 85.4276 218.822 193.67 497.919
14569000 85.9056 218.238 195.297 499.441
14570000 85.6415 219.579 195.302 500.522
14571000 86.5269 221.492 197.711 505.73
14572000 85.878 225.6 198.79 510.268
14573000 84.2463 226.224 197.209 507.679
14574000 83.3556 228.101 198.593 510.05
14575000 84.2138 227.064 198.622 509.9
14576000 84.7869 225.352 194.576 504.715
14577000 85.9516 227.975 195.366 509.292
14578000 87.1294 228.634 190.963 506.726
14579000 87.9623 230.537 189.446 507.945
14580000 86.9668 231.495 189.462 507.923
14581000 87.0542 233.762 190.328 511.144
14582000 86.4521 233.559 187.728 507.739
14583000 86.0247 229.446 186.288 501.759
14584000 86.3509 230.725 189.151 506.227
14585000 86.3115 232.273 189.793 508.377
14586000 86.7536 228.987 190.211 505.952
14587000 85.5131 225.134 189.542 500.189
14588000 85.7687 227.355 191.197 504.32
14589000 86.985 229.512 192.18 508.678
14590000 86.114 232.585 196.24 514.939
14591000 85.4831 232.825 197.655 515.964
14592000 85.8673 231.402 199.256 516.526
14593000 86.0229 226.923 201.734 514.68
14594000 86.4134 223.625 207.831 517.869
14595000 86.5312 220.565 208.683 515.779
14596000 86.1573 220.301 206.075 512.533
14597000 87.0021 216.241 204.706 507.948
14598000 87.5112 213.993 197.944 499.447
14599000 88.0759 213.275 196.145 497.496
14600000 87.0803 215.463 193.322 495.865
14601000 87.3472 218.595 192.477 498.419
14602000 87.8051 217.209 193.467 498.481
14603000 86.1035 219.079 194.244 499.427
14604000 85.085 220.191 194.144 499.419
14605000 85.9044 220.832 192.72 499.456
14606000 87.6409 225.764 192.499 505.904
14607000 87.3163 221.397 193.751 502.464
14608000 88.2615 216.367 194.631 499.259
14609000 89.2391 217.129 193.351 499.719
14610000 89.9733 218.28 194.976 503.229
14611000 90.7659 216.849 197.715 505.329
14612000 90.5893 215.937 202.458 508.984
14613000 90.7553 213.764 204.526 509.046
14614000 90.4333 213.335 205.921 509.69
14615000 90.1196 211.845 204.021 505.986
14616000 90.8306 210.15 208.187 509.168
14617000 91.9481 210.369 211.026 513.343
14618000 92.2419 208.685 213.484 514.41
14619000 93.5593 210.862 214.452 518.874
14620000 93.1118 215.335 217.25 525.697
14621000 92.9766 217.712 216.23 526.919
14622000 92.8975 219.484 218.61 530.991
14623000 92.5307 220.054 219.623 532.207
14624000 91.9437 221.864 217.876 531.684
14625000 91.2629 225.27 216.884 533.417
14626000 90.0798 225.678 215.331 531.089
14627000 89.1768 222.782 215.779 527.738
14628000 89.7035 221.163 212.745 523.611
14629000 90.5586 218.332 212.032 520.922
14630000 90.2046 218.794 212.294 521.294
14631000 88.5819 216.504 210.893 515.979
14632000 89.8153 209.896 213.21 512.921
14633000 90.2093 210.683 213.995 514.887
14634000 89.5603 210.025 215.274 514.859
14635000 89.6375 210.9 215.486 516.023
14636000 88.5388 213.885 218.87 521.294
14637000 90.5416 217.496 215.756 523.794
14638000 92.6992 216.386 214.811 523.897
14639000 92.1647 218.904 215.079 526.148
14640000 90.4974 220.518 214.348 525.363
14641000 90.0623 220.576 218.513 529.151
14642000 88.5937 217.865 219.151 525.61
14643000 89.2548 217.798 221.54 528.593
14644000 88.7825 221.239 224.212 534.234
14645000 88.874 222.22 224.491 535.585
14646000 87.5231 221.384 221.778 530.685
14647000 88.2273 222.801 221.722 532.751
14648000 87.18 225.013 221.305 533.498
14649000 86.9914 227.183 218.46 532.635
14650000 87.3003 226.608 214.604 528.512
14651000 87.649 224.889 213.516 526.053
14652000 88.5358 224.99 214.649 528.175
14653000 87.4345 225.08 214.685 527.2
14654000 87.4478 225.169 215.191 527.808
14655000 87.1137 223.331 215.016 525.46
14656000 86.6862 222.711 213.114 522.511
14657000 85.4761 222.523 216.267 524.267
14658000 84.7293 222.668 216.371 523.769
14659000 83.8698 222.498 219.329 525.697
14660000 83.1413 220.867 220.179 524.187
14661000 84.0272 219.78 216.672 520.479
14662000 83.9007 221.008 212.644 517.552
14663000 83.2529 222.995 214.524 520.772
14664000 82.8912 218.977 214.994 516.862
14665000 81.929 215.996 214.578 512.502
14666000 82.9286 212.557 216.247 511.733
14667000 83.8515 210.967 218.249 513.068
14668000 84.5382 208.596 218.86 511.995
14669000 84.6786 209.659 219.762 514.1
14670000 84.6921 211.495 218.321 514.508
14671000 84.5629 210.811 218.526 513.9
14672000 85.7702 210.125 217.135 513.03
14673000 85.7478 211.141 219.864 516.752
14674000 86.2148 206.573 219.647 512.435
14675000 87.3075 204.241 217.9 509.448
14676000 87.4125 204.388 218.828 510.629
14677000 87.9709 209.063 220.38 517.414
14678000 88.6818 214.416 220.584 523.682
14679000 89.3848 216.521 219.549 525.455
14680000 89.7474 218.324 222.261 530.332
14681000 88.9798 216.051 223.536 528.568
14682000 88.3724 216.046 220.198 524.616
14683000 85.8923 214.649 220.024 520.565
14684000 84.4459 216.267 218.743 519.455
14685000 85.2927 215.652 219.019 519.964
14686000 87.473 214.577 222.188 524.238
14687000 87.9659 218.693 220.368 527.028
14688000 87.618 218.272 218.556 524.446
14689000 86.5105 217.232 218.271 522.014
14690000 86.33 219.556 218.013 523.899
14691000 87.3302 225.204 220.136 532.671
14692000 88.7499 224.3 222.934 535.983
14693000 88.4161 220.111 225.644 534.171
14694000 89.3696 219.936 224.33 533.635
14695000 90.5316 219.886 223.859 534.277
14696000 90.4746 220.765 225.451 536.69
14697000 91.2752 223.593 223.18 538.048
14698000 91.2558 227.854 223.64 542.749
14699000 92.8558 231.193 225.394 549.443
14700000 93.8516 234.6 227.234 555.685
14701000 93.6136 236.332 229.151 559.096
14702000 93.5714 232.632 230.977 557.18
14703000 93.4636 227.559 229.692 550.714
14704000 94.0301 222.193 229.431 545.654
14705000 94.7249 219.728 226.146 540.599
14706000 94.1019 218.97 222.327 535.399
14707000 93.1839 220.077 220.217 533.478
14708000 94.8391 221.459 218.247 534.545
14709000 94.868 221.384 219.756 536.008
14710000 93.4835 222.153 221.817 537.453
14711000 92.0889 218.131 217.218 527.437
14712000 91.7827 218.621 213.697 524.101
14713000 92.5996 219.267 210.411 522.278
14714000 92.7289 219.625 208.701 521.055
14715000 92.0268 222.716 207 521.744
14716000 91.4319 219.178 207.424 518.034
14717000 89.8543 216.44 204.632 510.927
14718000 88.9238 216.022 206.854 511.801
14719000 89.3968 215.926 206.608 511.931
14720000 89.9003 210.5 209.749 510.148
14721000 89.3406 212.376 210.313 512.03
14722000 89.516 212.298 210.783 512.597
14723000 88.1835 209.498 210.402 508.083
14724000 88.7106 208.482 210.396 507.589
14725000 88.8218 207.862 210.023 506.707
14726000 88.6907 201.882 210.435 501.008
14727000 89.2448 199.933 211.688 500.866
14728000 88.7454 200.779 212.516 502.04
14729000 89.2106 202.806 211.616 503.633
14730000 89.5662 201.343 207.992 498.902
14731000 90.6785 201.341 204.213 496.232
14732000 89.7658 203.236 204.324 497.326
14733000 90.787 202.363 202.99 496.14
14734000 93.672 200.269 201.997 495.939
14735000 93.7163 199.356 202.825 495.898
14736000 92.9217 198.164 205.734 496.82
14737000 94.4381 197.085 206.183 497.706
14738000 96.504 198.349 207.762 502.614
14739000 97.3018 201.241 208.772 507.314
14740000 98.4894 200.803 207.94 507.233
14741000 98.5811 203.271 205.494 507.346
14742000 96.9521 204.102 204.631 505.685
14743000 95.4247 203.9 201.789 501.114
14744000 95.835 206.009 201.155 502.999
14745000 96.4932 208.508 198.443 503.445
14746000 95.2468 206.235 194.919 496.401
14747000 95.2391 203.404 194.174 492.816
14748000 94.6494 201.541 195.309 491.499
14749000 94.1257 199.333 195.973 489.431
14750000 96.5212 200.99 193.145 490.656
14751000 95.8317 200.517 196.677 493.026
14752000 93.3869 198.459 194.482 486.328
14753000 92.2694 199.348 193.36 484.978
14754000 93.4797 202.205 189.594 485.279
14755000 93.5806 203.311 190.714 487.605
14756000 93.6883 205.1 190.844 489.632
14757000 93.8051 204.399 192.748 490.952
14758000 94.344 203.747 193.987 492.078
14759000 93.6398 203.924 195.687 493.251
14760000 92.8178 205.002 196.808 494.628
14761000 92.9559 204.109 195.514 492.579
14762000 91.8147 204.473 197.682 493.97
14763000 91.6536 201.461 198.848 491.962
14764000 94.2445 200.849 199.414 494.507
14765000 95.3683 204.651 196.716 496.735
14766000 96.7846 209.857 199.602 506.243
14767000 98.2685 212.181 199.718 510.168
14768000 98.4074 214.836 197.478 510.722
14769000 98.9264 216.482 196.11 511.518
14770000 100.32 219.742 194.527 514.59
14771000 100.924 219.068 191.792 511.784
14772000 101.51 220.189 193.669 515.368
14773000 99.3627 221.618 193.162 514.143
14774000 100.238 218.826 193.564 512.627
14775000 101.795 218.37 194.816 514.981
14776000 103.298 217.101 197.066 517.465
14777000 103.423 215.976 195.508 514.907
14778000 103.099 215.462 193.269 511.83
14779000 101.482 213.828 193.631 508.94
14780000 102.937 213.131 195.617 511.685
14781000 102.971 213.793 196.685 513.449
14782000 103.779 219.686 199.765 523.23
14783000 103.179 219.79 198.932 521.901
14784000 105.129 216.737 199.207 521.073
14785000 106.786 214.572 198.818 520.177
14786000 106.827 214.55 199.816 521.194
14787000 107.08 216.772 199.137 522.989
14788000 106.22 219.333 197.385 522.938
14789000 105.402 219.359 196.138 520.899
14790000 107.169 217.119 192.764 517.052
14791000 108.387 219.065 191.96 519.412
14792000 107.57 222.393 196.273 526.236
14793000 106.77 221.237 196.718 524.725
14794000 108.123 224.484 196.01 528.616
14795000 107.612 226.946 198.155 532.713
14796000 106.558 228.869 197.243 532.671
14797000 108.138 229.486 197.116 534.74
14798000 107.049 226.347 199.276 532.672
14799000 104.917 230.111 199.728 534.756
14800000 104.516 231.449 198.51 534.475
14801000 104.824 230.228 198.722 533.773
14802000 107.053 230.862 198.262 536.176
14803000 107.338 230.494 198.358 536.19
14804000 105.336 231.5 195.783 532.618
14805000 105.215 233.508 196.479 535.202
14806000 106.245 233.686 199.18 539.111
14807000 106.083 229.552 198.626 534.262
14808000 105.041 228.648 199.54 533.229
14809000 106.407 228.164 201.93 536.501
14810000 106.71 227.758 205.692 540.161
14811000 105.896 227.636 204.425 537.957
14812000 106.961 226.831 204.786 538.578
14813000 107.417 227.574 204.396 539.388
14814000 107.573 229.678 200.635 537.886
14815000 107.173 228.304 200.378 535.855
14816000 107.362 223.908 196.139 527.408
14817000 107.514 222.308 195.683 525.505
14818000 107.754 218.43 197.284 523.469
14819000 108.43 214.37 198.007 520.808
14820000 108.264 214.094 196.613 518.971
14821000 108.871 213.533 197.453 519.857
14822000 107.585 212.37 197.069 517.024
14823000 107.399 211.09 195.714 514.203
14824000 108.346 216.82 193.208 518.374
14825000 110.209 217.749 195.641 523.599
14826000 110.254 215.567 198.788 524.609
14827000 110.154 214.388 199.786 524.328
14828000 111.457 214.72 199.376 525.553
14829000 110.121 216.833 200.987 527.941
14830000 108.635 217.669 201.058 527.362
14831000 106.556 217.166 198.3 522.023
14832000 106.042 220.925 199.542 526.509
14833000 104.96 224.945 202.564 532.469
14834000 102.231 222.541 200.589 525.36
14835000 98.4074 215.103 197.517 511.027
14836000 96.9121 211.105 197.72 505.737
14837000 96.1627 212.476 199.066 507.704
14838000 96.0226 215.142 195.649 506.814
14839000 97.9456 218.304 198.022 514.272
14840000 97.8967 223.091 197.457 518.445
14841000 96.6223 220.871 197.475 514.967
14842000 96.4815 218.239 197.966 512.686
14843000 97.6436 215.844 196.373 509.861
14844000 98.175 218.912 194.559 511.646
14845000 98.4604 217.611 195.575 511.646
14846000 97.5544 216.318 197.154 511.027
14847000 99.5548 214.095 198.525 512.175
14848000 99.3374 212.008 199.537 510.882
14849000 99.093 209.663 196.952 505.708
14850000 100.498 208.253 196.092 504.843
14851000 99.7221 207.292 197.954 504.968
14852000 100.169 208.494 199.788 508.451
14853000 102.287 207.87 200.978 511.135
14854000 100.406 209.103 199.363 508.872
14855000 100.092 208.104 197.043 505.239
14856000 101.047 206.149 198.027 505.222
14857000 102.411 205.916 197.212 505.539
14858000 104.266 208.922 198.921 512.109
14859000 103.415 207.957 197.336 508.708
14860000 102.044 207.578 202.709 512.33
14861000 100.852 205.499 202.92 509.271
14862000 100.896 204.094 201.652 506.642
14863000 100.747 204.809 200.358 505.914
14864000 98.5336 202.655 198.341 499.53
14865000 98.4305 199.418 196.925 494.773
14866000 99.7444 201.284 196.379 497.408
14867000 100.589 203.736 197.454 501.779
14868000 100.522 203.096 199.073 502.691
14869000 101.106 201.708 197.131 499.946
14870000 101.802 200.7 198.32 500.822
14871000 102.357 200.994 196.978 500.329
14872000 102.427 200.856 197.748 501.031
14873000 103.336 201.646 197.239 502.222
14874000 105.33 201.893 196.942 504.164
14875000 103.818 205.076 198.291 507.185
14876000 103.151 203.443 200.617 507.211
14877000 102.403 200.629 205.378 508.409
14878000 102.26 199.408 209.298 510.966
14879000 103.224 198.557 209.103 510.884
14880000 103.606 197.023 208.488 509.116
14881000 103.607 195.599 209.689 508.894
14882000 104.198 195.8 209.743 509.741
14883000 104.912 196.42 211.205 512.537
14884000 105.215 197.954 210.82 513.989
14885000 107.052 198.523 210.776 516.351
14886000 108.604 203.328 209.991 521.924
14887000 109.523 204.164 212.576 526.262
14888000 109.631 203.224 211.807 524.662
14889000 111.487 202.737 209.007 523.231
14890000 111.277 202.488 209.809 523.574
14891000 110.641 206.458 209.748 526.848
14892000 112.329 203.535 206.653 522.518
14893000 114.432 199.928 206.071 520.432
14894000 116.388 198.565 204.666 519.619
14895000 116.069 193.176 202.802 512.046
14896000 116.431 193.773 203.46 513.664
14897000 117.335 191.916 202.414 511.665
14898000 116.842 192.797 201.853 511.492
14899000 119.121 196.25 201.855 517.226
14900000 118.244 198.043 201.465 517.752
14901000 117.691 197.254 199.103 514.047
14902000 117.189 195.147 197.055 509.391
14903000 113.668 197.768 195.449 506.884
14904000 114.521 200.894 192.919 508.334
14905000 111.445 202.571 188.825 502.841
14906000 110.824 204.504 186.75 502.078
14907000 110.398 203.206 189.512 503.116
14908000 109.532 201.595 189.045 500.172
14909000 111.26 203.543 187.157 501.96
14910000 112.761 205.462 185.566 503.789
14911000 113.791 204.784 183.919 502.494
14912000 116.746 203.301 183.765 503.813
14913000 119.764 203.707 183.384 506.854
14914000 118.794 204.714 182.93 506.438
14915000 118.051 208.046 185.308 511.405
14916000 118.631 208.334 183.267 510.232
14917000 117.822 208.406 182.814 509.042
14918000 117.477 209.144 182.32 508.941
14919000 117.87 209.61 184.891 512.371
14920000 117.417 209.361 186.634 513.412
14921000 117.279 214.614 184.486 516.38
14922000 116.321 217.961 186.315 520.597
14923000 116.119 218.521 190.611 525.252
14924000 116.132 217.81 187.31 521.252
14925000 115.445 222.394 187.155 524.993
14926000 114.971 223.083 187.713 525.767
14927000 115.433 224.503 186.441 526.377
14928000 116.339 228.001 186.899 531.239
14929000 117.453 225.144 187.728 530.325
14930000 118.862 223.619 188.374 530.856
14931000 122.455 222.55 190.038 535.042
14932000 122.285 225.145 191.134 538.565
14933000 119.849 228.624 188.12 536.592
14934000 115.647 224.527 187.02 527.195
14935000 114.757 225.103 187.516 527.375
14936000 114.65 227.162 185.311 527.123
14937000 113.418 228.126 185.284 526.829
14938000 113.086 228.059 183.486 524.631
14939000 111.272 226.23 183.142 520.643
14940000 111.24 226.151 183.15 520.541
14941000 111.95 224.578 182.466 518.993
14942000 111.219 222.407 179.808 513.435
14943000 111.718 223.443 182.181 517.341
14944000 112.334 218.815 184.041 515.189
14945000 112.668 214.798 182.635 510.1
14946000 112.992 216.462 183.298 512.752
14947000 111.395 216.075 185.018 512.488
14948000 108.597 214.581 184.823 508.002
14949000 108.315 214.045 183.427 505.787
14950000 107.24 212.725 182.474 502.439
14951000 108.657 217.99 180.282 506.929
14952000 108.932 218.065 178.041 505.038
14953000 108.044 219.102 177.258 504.403
14954000 107.766 220.888 181.124 509.778
14955000 106.58 217.483 181.99 506.053
14956000 103.437 217.58 184.738 505.755
14957000 104.389 219.377 185.206 508.972
14958000 106.407 222.39 183.359 512.155
14959000 109.366 221.713 179.791 510.87
14960000 110.764 220.364 175.571 506.699
14961000 112.113 220.409 173.838 506.36
14962000 110.507 222.819 174.197 507.522
14963000 110.156 221.4 175.569 507.126
14964000 108.255 225.24 175.974 509.47
14965000 106.819 228.173 174.89 509.882
14966000 106.9 231.287 172.087 510.275
14967000 105.132 230.989 172.241 508.362
14968000 102.874 230.155 172.238 505.266
14969000 101.893 229.187 172.301 503.381
14970000 101.736 228.374 172.567 502.678
14971000 100.834 227.77 169.499 498.103
14972000 99.4644 223.271 168.03 490.765
14973000 100.095 219.964 172.162 492.22
14974000 101.206 221.503 172.402 495.111
14975000 100.951 226.651 172.111 499.712
14976000 101.732 224.563 174.138 500.432
14977000 103.79 220.957 173.318 498.066
14978000 103.819 223.367 176.604 503.79
14979000 102.25 226.026 175.503 503.779
14980000 101.926 229.024 174.688 505.638
14981000 101.636 227.556 172.956 502.149
14982000 100.372 225.783 172.422 498.577
14983000 99.9276 225.942 171.341 497.21
14984000 99.7284 223.249 171.697 494.674
14985000 99.0725 224.095 170.052 493.219
14986000 98.6894 224.683 169.625 492.997
14987000 99.1927 224.009 168.101 491.303
14988000 98.0323 225.701 168.396 492.13
14989000 96.2292 226.83 167.725 490.785
14990000 95.3015 224.418 168.691 488.411
14991000 96.4865 224.162 167.637 488.285
14992000 96.4056 226.028 166.339 488.773
14993000 95.8931 223.24 165.15 484.283
14994000 96.5658 222.619 162.41 481.594
14995000 97.0133 222.746 163.266 483.025
14996000 96.9701 223.226 162.6 482.796
14997000 97.48 224.173 163.002 484.655
14998000 98.7023 222.096 163.735 484.534
14999000 99.6043 224.087 164.761 488.452
15000000 99.729 225.571 166.524 491.824
15001000 100.325 225.905 168.661 494.891
15002000 101.341 227.912 168.828 498.082
15003000 101.318 230.947 169.959 502.225
15004000 101.176 232.236 168.482 501.894
